# WaveFront *.obj file (generated by Autodesk ATF)

mtllib cut_rod.mtl

g Corpo20

v 33.815995 -6.964313 81.031054
v 33.815995 -6.926163 80.303096
v 33.815995 -6.812129 79.583114
v 33.815995 -6.623461 78.878995
v 33.815995 -6.362226 78.198455
v 33.815995 -6.031286 77.548949
v 33.815995 -5.634268 76.937594
v 33.815995 -5.175520 76.371088
v 33.815995 -4.660070 75.855638
v 33.815995 -4.093563 75.396890
v 33.815995 -3.482208 74.999872
v 33.815995 -2.832703 74.668932
v 33.815995 -2.152163 74.407697
v 33.815995 -1.448044 74.219029
v 33.815995 -0.728062 74.104995
v 33.815995 -0.000103 74.066844
v 33.815995 0.727855 74.104995
v 33.815995 1.447837 74.219029
v 33.815995 2.151956 74.407697
v 33.815995 2.832496 74.668932
v 33.815995 3.482002 74.999872
v 33.815995 4.093357 75.396890
v 33.815995 4.659863 75.855638
v 33.815995 5.175313 76.371088
v 33.815995 5.634061 76.937594
v 33.815995 6.031079 77.548949
v 33.815995 6.362019 78.198455
v 33.815995 6.623254 78.878995
v 33.815995 6.811922 79.583114
v 33.815995 6.925956 80.303096
v 33.815995 6.964107 81.031054
v 33.815995 6.925956 81.759013
v 33.815995 6.811922 82.478995
v 33.815995 6.623254 83.183114
v 33.815995 6.362019 83.863654
v 33.815995 6.031079 84.513159
v 33.815995 5.634061 85.124514
v 33.815995 5.175313 85.691020
v 33.815995 4.659863 86.206471
v 33.815995 4.093357 86.665219
v 33.815995 3.482002 87.062237
v 33.815995 2.832496 87.393177
v 33.815995 2.151956 87.654412
v 33.815995 1.447837 87.843080
v 33.815995 0.727855 87.957114
v 33.815995 -0.000103 87.995264
v 33.815995 -0.728062 87.957114
v 33.815995 -1.448044 87.843080
v 33.815995 -2.152163 87.654412
v 33.815995 -2.832703 87.393177
v 33.815995 -3.482208 87.062237
v 33.815995 -4.093563 86.665219
v 33.815995 -4.660070 86.206471
v 33.815995 -5.175520 85.691020
v 33.815995 -5.634268 85.124514
v 33.815995 -6.031286 84.513159
v 33.815995 -6.362226 83.863654
v 33.815995 -6.623461 83.183114
v 33.815995 -6.812129 82.478995
v 33.815995 -6.926163 81.759013
v -161.268005 -5.557605 82.531054
v -161.268005 -5.518598 83.188358
v -161.268005 -5.402123 83.836434
v -161.268005 -5.209815 84.466186
v -161.268005 -4.944374 85.068773
v -161.268005 -4.609527 85.635736
v -161.268005 -4.209973 86.159116
v -161.268005 -3.751322 86.631565
v -161.268005 -3.240012 87.046453
v -161.268005 -2.683221 87.397954
v -161.268005 -2.088765 87.681135
v -161.268005 -1.464988 87.892020
v -161.268005 -0.820648 88.027649
v -161.268005 -0.164789 88.086117
v -161.268005 0.493382 88.066605
v -161.268005 1.144625 87.969385
v -161.268005 1.779799 87.795824
v -161.268005 2.389987 87.548356
v -161.268005 2.966623 87.230457
v -161.268005 3.501614 86.846588
v -161.268005 3.987447 86.402139
v -161.268005 4.417304 85.903348
v -161.268005 4.785151 85.357218
v -161.268005 5.085823 84.771414
v -161.268005 5.315100 84.154161
v -161.268005 5.469763 83.514123
v -161.268005 5.547641 82.860284
v -161.268005 5.547641 82.201824
v -161.268005 5.469763 81.547986
v -161.268005 5.315100 80.907948
v -161.268005 5.085823 80.290694
v -161.268005 4.785151 79.704891
v -161.268005 4.417304 79.158760
v -161.268005 3.987447 78.659970
v -161.268005 3.501614 78.215520
v -161.268005 2.966623 77.831652
v -161.268005 2.389987 77.513752
v -161.268005 1.779799 77.266285
v -161.268005 1.144625 77.092723
v -161.268005 0.493382 76.995504
v -161.268005 -0.164789 76.975992
v -161.268005 -0.820648 77.034460
v -161.268005 -1.464988 77.170089
v -161.268005 -2.088765 77.380974
v -161.268005 -2.683221 77.664154
v -161.268005 -3.240012 78.015656
v -161.268005 -3.751322 78.430543
v -161.268005 -4.209973 78.902993
v -161.268005 -4.609527 79.426373
v -161.268005 -4.944374 79.993336
v -161.268005 -5.209815 80.595923
v -161.268005 -5.402123 81.225674
v -161.268005 -5.518598 81.873751
v -146.292292 -5.634525 83.008403
v -146.296845 -5.665559 82.416261
v -131.282979 -5.773821 82.300826
v -116.269114 -5.882082 82.185390
v -101.255249 -5.990344 82.069955
v -86.241383 -6.098606 81.954520
v -71.227518 -6.206868 81.839084
v -56.213652 -6.315129 81.723649
v -41.199787 -6.423391 81.608213
v -26.185921 -6.531653 81.492778
v -11.172056 -6.639914 81.377342
v 3.841809 -6.748176 81.261907
v 18.855675 -6.856438 81.146472
v -146.264476 -3.791041 86.626254
v -146.255420 1.750633 87.804103
v -146.275067 4.906341 85.248793
v -146.318623 4.906315 79.583671
v -146.338270 1.750608 77.028400
v -146.329214 -3.791025 78.206242
v -146.301398 -5.634521 81.824070
v -131.287620 -5.742187 81.697294
v -116.273841 -5.849853 81.570517
v -101.260063 -5.957519 81.443738
v -86.246285 -6.065185 81.316959
v -71.232507 -6.172850 81.190179
v -56.218729 -6.280516 81.063398
v -41.204950 -6.388181 80.936616
v -26.191172 -6.495846 80.809833
v -11.177394 -6.603512 80.683049
v 3.836384 -6.711177 80.556264
v 18.850162 -6.818842 80.429478
v -146.305901 -5.541752 81.238393
v -131.292209 -5.647642 81.100425
v -116.278517 -5.753533 80.962457
v -101.264824 -5.859423 80.824488
v -86.251132 -5.965313 80.686517
v -71.237440 -6.071203 80.548546
v -56.223748 -6.177093 80.410574
v -41.210056 -6.282983 80.272602
v -26.196364 -6.388872 80.134628
v -11.182672 -6.494761 79.996653
v 3.831021 -6.600650 79.858678
v 18.844713 -6.706539 79.720701
v -146.310305 -5.388267 80.665620
v -131.296697 -5.491222 80.516708
v -116.283089 -5.594177 80.367796
v -101.269481 -5.697132 80.218883
v -86.255873 -5.800087 80.069970
v -71.242265 -5.903041 79.921055
v -56.228657 -6.005995 79.772139
v -41.215049 -6.108949 79.623223
v -26.201441 -6.211903 79.474306
v -11.187833 -6.314856 79.325388
v 3.825775 -6.417809 79.176469
v 18.839383 -6.520762 79.027549
v -146.314561 -5.175748 80.112027
v -131.301034 -5.274640 79.952539
v -116.287508 -5.373533 79.793050
v -101.273981 -5.472424 79.633561
v -86.260454 -5.571316 79.474070
v -71.246928 -5.670207 79.314579
v -56.233401 -5.769098 79.155087
v -41.219874 -5.867988 78.995594
v -26.206348 -5.966878 78.836100
v -11.192821 -6.065768 78.676606
v 3.820706 -6.164657 78.517110
v 18.834232 -6.263546 78.357614
v -146.318623 -4.906524 79.583681
v -131.305174 -5.000270 79.414099
v -116.291725 -5.094016 79.244516
v -101.278276 -5.187762 79.074932
v -86.264827 -5.281507 78.905348
v -71.251378 -5.375252 78.735762
v -56.237929 -5.468996 78.566177
v -41.224480 -5.562740 78.396590
v -26.211031 -5.656484 78.227003
v -11.197582 -5.750227 78.057415
v 3.815868 -5.843969 77.887826
v 18.829317 -5.937712 77.718237
v -146.322447 -4.583545 79.086369
v -131.309071 -4.671118 78.907286
v -116.295695 -4.758691 78.728202
v -101.282319 -4.846264 78.549118
v -86.268943 -4.933836 78.370033
v -71.255567 -5.021408 78.190947
v -56.242191 -5.108979 78.011861
v -41.228815 -5.196550 77.832774
v -26.215439 -5.284120 77.653687
v -11.202063 -5.371690 77.474599
v 3.811313 -5.459259 77.295510
v 18.824689 -5.546828 77.116421
v -146.325990 -4.210349 78.625539
v -131.312682 -4.290790 78.437653
v -116.299373 -4.371231 78.249766
v -101.286065 -4.451672 78.061878
v -86.272757 -4.532112 77.873990
v -71.259448 -4.612551 77.686102
v -56.246140 -4.692990 77.498212
v -41.232832 -4.773429 77.310323
v -26.219523 -4.853867 77.122433
v -11.206215 -4.934305 76.934542
v 3.807093 -5.014742 76.746651
v 18.820402 -5.095179 76.558759
v -131.315967 -3.863453 78.010346
v -116.302720 -3.935881 77.814449
v -101.289474 -4.008309 77.618552
v -86.276227 -4.080736 77.422654
v -71.262980 -4.153163 77.226756
v -56.249733 -4.225589 77.030858
v -41.236486 -4.298015 76.834959
v -26.223240 -4.370440 76.639060
v -11.209993 -4.442865 76.443160
v 3.803254 -4.515289 76.247260
v 18.816501 -4.587713 76.051359
v 18.813029 -4.029989 75.599780
v 3.799837 -3.966371 75.802808
v -11.213355 -3.902753 76.005836
v -26.226547 -3.839134 76.208863
v -41.239739 -3.775515 76.411890
v -56.252931 -3.711895 76.614917
v -71.266123 -3.648275 76.817943
v -86.279315 -3.584654 77.020969
v -101.292507 -3.521033 77.223995
v -116.305699 -3.457412 77.427020
v -131.318891 -3.393790 77.630045
v -146.332083 -3.330167 77.833070
v -146.334566 -2.832825 77.510112
v -131.321422 -2.886945 77.300919
v -116.308277 -2.941064 77.091725
v -101.295133 -2.995183 76.882530
v -86.281988 -3.049301 76.673336
v -71.268843 -3.103419 76.464141
v -56.255699 -3.157537 76.254946
v -41.242554 -3.211654 76.045751
v -26.229410 -3.265771 75.836556
v -11.216265 -3.319888 75.627360
v 3.796879 -3.374004 75.418164
v 18.810024 -3.428119 75.208968
v -146.336636 -2.304447 77.240907
v -131.323531 -2.348472 77.026571
v -116.310426 -2.392496 76.812235
v -101.297321 -2.436519 76.597899
v -86.284216 -2.480543 76.383562
v -71.271111 -2.524566 76.169226
v -56.258006 -2.568588 75.954889
v -41.244901 -2.612611 75.740552
v -26.231796 -2.656632 75.526215
v -11.218691 -2.700654 75.311878
v 3.794414 -2.744675 75.097541
v 18.807519 -2.788696 74.883203
v -146.338270 -1.750823 77.028403
v -131.325196 -1.784270 76.810008
v -116.312122 -1.817717 76.591613
v -101.299048 -1.851163 76.373218
v -86.285975 -1.884609 76.154823
v -71.272901 -1.918055 75.936428
v -56.259827 -1.951501 75.718033
v -41.246753 -1.984946 75.499637
v -26.233679 -2.018391 75.281242
v -11.220606 -2.051836 75.062846
v 3.792468 -2.085280 74.844451
v 18.805542 -2.118725 74.626055
v -146.339450 -1.178017 76.874930
v -131.326399 -1.200521 76.653603
v -116.313347 -1.223024 76.432277
v -101.300296 -1.245527 76.210951
v -86.287245 -1.268030 75.989624
v -71.274193 -1.290533 75.768298
v -56.261142 -1.313035 75.546972
v -41.248091 -1.335538 75.325645
v -26.235040 -1.358040 75.104318
v -11.221988 -1.380542 74.882992
v 3.791063 -1.403043 74.661665
v 18.804114 -1.425545 74.440338
v -146.340163 -0.592307 76.782167
v -131.327125 -0.603620 76.559069
v -116.314088 -0.614934 76.335971
v -101.301050 -0.626247 76.112873
v -86.288012 -0.637560 75.889775
v -71.274975 -0.648873 75.666677
v -56.261937 -0.660186 75.443579
v -41.248899 -0.671499 75.220481
v -26.235862 -0.682812 74.997383
v -11.222824 -0.694125 74.774285
v 3.790213 -0.705437 74.551187
v 18.803251 -0.716750 74.328089
v -146.340402 -0.000108 76.751133
v -131.327369 -0.000107 76.527442
v -116.314335 -0.000107 76.303752
v -101.301302 -0.000107 76.080061
v -86.288269 -0.000106 75.856370
v -71.275236 -0.000106 75.632679
v -56.262203 -0.000106 75.408989
v -41.249170 -0.000105 75.185298
v -26.236137 -0.000105 74.961607
v -11.223104 -0.000105 74.737916
v 3.789929 -0.000104 74.514226
v 18.802962 -0.000104 74.290535
v -146.340163 0.592091 76.782166
v -131.327125 0.603406 76.559068
v -116.314088 0.614720 76.335970
v -101.301050 0.626033 76.112873
v -86.288012 0.637347 75.889775
v -71.274975 0.648661 75.666677
v -56.261937 0.659975 75.443579
v -41.248899 0.671288 75.220481
v -26.235862 0.682602 74.997383
v -11.222824 0.693915 74.774285
v 3.790213 0.705228 74.551187
v 18.803251 0.716542 74.328089
v -146.339450 1.177802 76.874927
v -131.326399 1.200306 76.653601
v -116.313347 1.222810 76.432275
v -101.300296 1.245314 76.210949
v -86.287245 1.267817 75.989623
v -71.274193 1.290321 75.768296
v -56.261142 1.312824 75.546970
v -41.248091 1.335327 75.325644
v -26.235040 1.357830 75.104318
v -11.221988 1.380332 74.882991
v 3.791063 1.402835 74.661665
v 18.804114 1.425337 74.440338
v -146.336636 2.304233 77.240902
v -131.323531 2.348258 77.026567
v -116.310426 2.392282 76.812231
v -101.297321 2.436307 76.597895
v -86.284216 2.480330 76.383559
v -71.271111 2.524354 76.169223
v -56.258006 2.568377 75.954887
v -41.244901 2.612400 75.740550
v -26.231796 2.656423 75.526214
v -11.218691 2.700445 75.311877
v 3.794414 2.744467 75.097540
v 18.807519 2.788488 74.883203
v 18.805542 2.118517 74.626054
v 3.792468 2.085072 74.844450
v -11.220606 2.051627 75.062845
v -26.233679 2.018181 75.281241
v -41.246753 1.984735 75.499636
v -56.259827 1.951289 75.718031
v -71.272901 1.917843 75.936426
v -86.285975 1.884397 76.154821
v -101.299048 1.850950 76.373216
v -116.312122 1.817503 76.591610
v -131.325196 1.784056 76.810005
v -146.334566 2.832611 77.510107
v -131.321422 2.886731 77.300913
v -116.308277 2.940851 77.091720
v -101.295133 2.994971 76.882526
v -86.281988 3.049090 76.673332
v -71.268843 3.103208 76.464138
v -56.255699 3.157326 76.254943
v -41.242554 3.211444 76.045748
v -26.229410 3.265562 75.836553
v -11.216265 3.319679 75.627358
v 3.796879 3.373795 75.418163
v 18.810024 3.427912 75.208967
v -146.332083 3.329954 77.833063
v -131.318891 3.393577 77.630039
v -116.305699 3.457199 77.427015
v -101.292507 3.520821 77.223990
v -86.279315 3.584443 77.020965
v -71.266123 3.648064 76.817939
v -56.252931 3.711685 76.614913
v -41.239739 3.775305 76.411887
v -26.226547 3.838925 76.208861
v -11.213355 3.902544 76.005834
v 3.799837 3.966163 75.802807
v 18.813029 4.029782 75.599779
v -146.329214 3.790813 78.206234
v -131.315967 3.863241 78.010339
v -116.302720 3.935670 77.814442
v -101.289474 4.008098 77.618546
v -86.276227 4.080525 77.422649
v -71.262980 4.152952 77.226751
v -56.249733 4.225379 77.030854
v -41.236486 4.297805 76.834955
v -26.223240 4.370231 76.639057
v -11.209993 4.442656 76.443158
v 3.803254 4.515081 76.247258
v 18.816501 4.587505 76.051358
v -146.325990 4.210137 78.625531
v -131.312682 4.290579 78.437645
v -116.299373 4.371020 78.249759
v -101.286065 4.451461 78.061872
v -86.272757 4.531901 77.873984
v -71.259448 4.612341 77.686096
v -56.246140 4.692781 77.498208
v -41.232832 4.773220 77.310319
v -26.219523 4.853658 77.122429
v -11.206215 4.934096 76.934539
v 3.807094 5.014534 76.746649
v 18.820402 5.094971 76.558758
v -146.322447 4.583334 79.086360
v -131.309071 4.670908 78.907277
v -116.295695 4.758481 78.728194
v -101.282319 4.846054 78.549110
v -86.268943 4.933626 78.370026
v -71.255567 5.021198 78.190941
v -56.242191 5.108770 78.011856
v -41.228815 5.196341 77.832770
v -26.215439 5.283911 77.653683
v -11.202063 5.371482 77.474596
v 3.811314 5.459051 77.295508
v 18.824690 5.546621 77.116420
v -131.305174 5.000061 79.414090
v -116.291725 5.093807 79.244507
v -101.278276 5.187553 79.074924
v -86.264827 5.281298 78.905341
v -71.251378 5.375043 78.735756
v -56.237929 5.468788 78.566171
v -41.224480 5.562532 78.396586
v -26.211031 5.656275 78.226999
v -11.197581 5.750019 78.057412
v 3.815868 5.843762 77.887824
v 18.829317 5.937504 77.718236
v -146.310305 5.388059 80.665609
v -131.296697 5.491015 80.516699
v -116.283089 5.593970 80.367787
v -101.269481 5.696925 80.218875
v -86.255873 5.799880 80.069962
v -71.242265 5.902834 79.921048
v -56.228657 6.005788 79.772133
v -41.215049 6.108742 79.623218
v -26.201441 6.211696 79.474302
v -11.187833 6.314649 79.325384
v 3.825775 6.417602 79.176466
v 18.839383 6.520555 79.027548
v 18.834233 6.263339 78.357613
v 3.820706 6.164450 78.517108
v -11.192821 6.065561 78.676603
v -26.206347 5.966671 78.836096
v -41.219874 5.867780 78.995589
v -56.233401 5.768890 79.155081
v -71.246928 5.669999 79.314572
v -86.260454 5.571108 79.474063
v -101.273981 5.472216 79.633552
v -116.287508 5.373324 79.793041
v -131.301034 5.274432 79.952530
v -146.314561 5.175539 80.112017
v -146.305901 5.541545 81.238382
v -131.292209 5.647436 81.100415
v -116.278517 5.753326 80.962447
v -101.264824 5.859217 80.824479
v -86.251132 5.965107 80.686510
v -71.237440 6.070997 80.548539
v -56.223748 6.176886 80.410568
v -41.210056 6.282776 80.272596
v -26.196364 6.388665 80.134624
v -11.182671 6.494555 79.996650
v 3.831021 6.600444 79.858676
v 18.844713 6.706332 79.720700
v -146.301398 5.634316 81.824059
v -131.287620 5.741982 81.697284
v -116.273841 5.849648 81.570507
v -101.260063 5.957313 81.443729
v -86.246285 6.064979 81.316951
v -71.232507 6.172644 81.190172
v -56.218729 6.280310 81.063391
v -41.204950 6.387975 80.936610
v -26.191172 6.495640 80.809828
v -11.177394 6.603305 80.683045
v 3.836384 6.710970 80.556262
v 18.850162 6.818635 80.429477
v -146.296845 5.665355 82.416226
v -131.282980 5.773617 82.300765
v -116.269115 5.881878 82.185304
v -101.255249 5.990140 82.069842
v -86.241384 6.098401 81.954379
v -71.227519 6.206662 81.838915
v -56.213654 6.314924 81.723450
v -41.199788 6.423185 81.607985
v -26.185923 6.531447 81.492518
v -11.172058 6.639708 81.377051
v 3.841807 6.747970 81.261582
v 18.855672 6.856231 81.146113
v -146.292292 5.634322 83.008392
v -131.278340 5.741993 82.904248
v -116.264388 5.849664 82.800103
v -101.250435 5.957335 82.695957
v -86.236483 6.065007 82.591810
v -71.222531 6.172678 82.487662
v -56.208579 6.280349 82.383513
v -41.194627 6.388021 82.279364
v -26.180674 6.495693 82.175213
v -11.166722 6.603364 82.071062
v 3.847230 6.711036 81.966910
v 18.861182 6.818708 81.862756
v -146.287789 5.541557 83.594072
v -131.273751 5.647458 83.501120
v -116.259712 5.753359 83.408168
v -101.245674 5.859260 83.315214
v -86.231636 5.965161 83.222260
v -71.217598 6.071063 83.129305
v -56.203559 6.176964 83.036349
v -41.189521 6.282866 82.943392
v -26.175483 6.388768 82.850434
v -11.161445 6.494670 82.757476
v 3.852594 6.600573 82.664516
v 18.866632 6.706475 82.571556
v -146.283385 5.388077 84.166847
v -131.269263 5.491047 84.084842
v -116.255140 5.594017 84.002836
v -101.241018 5.696988 83.920829
v -86.226895 5.799958 83.838821
v -71.212773 5.902930 83.756813
v -56.198651 6.005901 83.674804
v -41.184528 6.108872 83.592794
v -26.170406 6.211844 83.510783
v -11.156283 6.314817 83.428771
v 3.857839 6.417789 83.346758
v 18.871962 6.520762 83.264745
v -146.279129 5.175562 84.720443
v -131.264925 5.274473 84.649018
v -116.250721 5.373384 84.577592
v -101.236517 5.472296 84.506166
v -86.222314 5.571208 84.434739
v -71.208110 5.670120 84.363311
v -56.193906 5.769033 84.291883
v -41.179702 5.867945 84.220453
v -26.165499 5.966859 84.149023
v -11.151295 6.065772 84.077592
v 3.862909 6.164686 84.006161
v 18.877113 6.263601 83.934728
v -146.271243 4.583364 85.746110
v -131.256888 4.670961 85.694289
v -116.242534 4.758558 85.642468
v -101.228179 4.846156 85.590646
v -86.213825 4.933755 85.538823
v -71.199470 5.021353 85.487000
v -56.185116 5.108953 85.435176
v -41.170761 5.196552 85.383352
v -26.156407 5.284152 85.331527
v -11.142052 5.371753 85.279701
v 3.872302 5.459354 85.227875
v 18.886657 5.546955 85.176048
v 18.882029 5.937809 84.574165
v 3.867748 5.844037 84.635498
v -11.146534 5.750266 84.696831
v -26.160815 5.656495 84.758163
v -41.175096 5.562724 84.819494
v -56.189378 5.468954 84.880825
v -71.203659 5.375184 84.942154
v -86.217941 5.281415 85.003484
v -101.232222 5.187646 85.064812
v -116.246504 5.093877 85.126140
v -131.260785 5.000109 85.187467
v -146.267700 4.210169 86.206944
v -131.253277 4.290635 86.163932
v -116.238855 4.371102 86.120919
v -101.224433 4.451569 86.077906
v -86.210011 4.532036 86.034892
v -71.195588 4.612504 85.991878
v -56.181166 4.692973 85.948863
v -41.166744 4.773441 85.905848
v -26.152322 4.853911 85.862832
v -11.137900 4.934380 85.819816
v 3.876523 5.014851 85.776799
v 18.890945 5.095321 85.733782
v -146.264476 3.790845 86.626247
v -131.249992 3.863298 86.591250
v -116.235508 3.935752 86.556252
v -101.221024 4.008206 86.521254
v -86.206540 4.080661 86.486256
v -71.192056 4.153116 86.451257
v -56.177573 4.225571 86.416257
v -41.163089 4.298027 86.381258
v -26.148605 4.370483 86.346258
v -11.134121 4.442940 86.311257
v 3.880363 4.515397 86.276256
v 18.894847 4.587855 86.241255
v -146.261607 3.329986 86.999424
v -131.247068 3.393632 86.971560
v -116.232529 3.457279 86.943696
v -101.217990 3.520926 86.915832
v -86.203452 3.584573 86.887967
v -71.188913 3.648221 86.860102
v -56.174374 3.711869 86.832237
v -41.159836 3.775518 86.804371
v -26.145297 3.839167 86.776505
v -11.130758 3.902816 86.748639
v 3.883781 3.966466 86.720773
v 18.898319 4.030116 86.692906
v -146.259124 2.832642 87.322386
v -131.244537 2.886783 87.300696
v -116.229951 2.940925 87.279006
v -101.215365 2.995067 87.257316
v -86.200779 3.049209 87.235625
v -71.186193 3.103352 87.213934
v -56.171606 3.157495 87.192243
v -41.157020 3.211638 87.170552
v -26.142434 3.265782 87.148861
v -11.127848 3.319927 87.127169
v 3.886738 3.374071 87.105477
v 18.901325 3.428216 87.083785
v -146.257054 2.304261 87.591596
v -131.242428 2.348304 87.575052
v -116.227802 2.392347 87.558508
v -101.213176 2.436391 87.541965
v -86.198551 2.480434 87.525421
v -71.183925 2.524479 87.508877
v -56.169299 2.568523 87.492332
v -41.154673 2.612568 87.475788
v -26.140048 2.656613 87.459243
v -11.125422 2.700658 87.442699
v 3.889204 2.744704 87.426154
v 18.903830 2.788750 87.409609
v -131.240763 1.784095 87.791622
v -116.226106 1.817556 87.779140
v -101.211449 1.851018 87.766659
v -86.196792 1.884481 87.754178
v -71.182135 1.917943 87.741697
v -56.167478 1.951406 87.729215
v -41.152821 1.984869 87.716734
v -26.138164 2.018333 87.704252
v -11.123507 2.051796 87.691770
v 3.891150 2.085260 87.679289
v 18.905807 2.118724 87.666807
v -146.253527 0.592108 88.050342
v -131.238833 0.603426 88.042569
v -116.224140 0.614745 88.034795
v -101.209447 0.626063 88.027022
v -86.194754 0.637382 88.019248
v -71.180061 0.648701 88.011474
v -56.165367 0.660020 88.003701
v -41.150674 0.671339 87.995927
v -26.135981 0.682658 87.988153
v -11.121288 0.693977 87.980380
v 3.893405 0.705297 87.972606
v 18.908099 0.716616 87.964832
v 18.907235 1.425481 87.852560
v 3.892556 1.402966 87.862107
v -11.122124 1.380451 87.871654
v -26.136803 1.357936 87.881202
v -41.151483 1.335421 87.890749
v -56.166162 1.312907 87.900296
v -71.180842 1.290392 87.909843
v -86.195522 1.267878 87.919390
v -101.210201 1.245364 87.928938
v -116.224881 1.222850 87.938485
v -131.239560 1.200337 87.948032
v -146.254240 1.177823 87.957579
v -146.253288 -0.000096 88.081377
v -131.238590 -0.000097 88.074197
v -116.223892 -0.000097 88.067017
v -101.209195 -0.000098 88.059836
v -86.194497 -0.000098 88.052656
v -71.179799 -0.000099 88.045476
v -56.165101 -0.000100 88.038295
v -41.150404 -0.000100 88.031115
v -26.135706 -0.000101 88.023935
v -11.121008 -0.000101 88.016754
v 3.893690 -0.000102 88.009574
v 18.908387 -0.000103 88.002394
v -146.253527 -0.592300 88.050344
v -131.238833 -0.603620 88.042570
v -116.224140 -0.614940 88.034796
v -101.209447 -0.626259 88.027022
v -86.194754 -0.637579 88.019249
v -71.180061 -0.648899 88.011475
v -56.165367 -0.660219 88.003701
v -41.150674 -0.671539 87.995927
v -26.135981 -0.682860 87.988154
v -11.121288 -0.694180 87.980380
v 3.893405 -0.705501 87.972606
v 18.908099 -0.716821 87.964832
v -146.254240 -1.178016 87.957581
v -131.239560 -1.200531 87.948034
v -116.224881 -1.223045 87.938487
v -101.210201 -1.245560 87.928939
v -86.195522 -1.268075 87.919392
v -71.180842 -1.290590 87.909845
v -56.166162 -1.313106 87.900297
v -41.151483 -1.335622 87.890750
v -26.136803 -1.358137 87.881203
v -11.122124 -1.380653 87.871655
v 3.892556 -1.403170 87.862108
v 18.907235 -1.425686 87.852560
v -146.255420 -1.750826 87.804106
v -131.240763 -1.784289 87.791625
v -116.226106 -1.817752 87.779143
v -101.211449 -1.851215 87.766662
v -86.196792 -1.884678 87.754180
v -71.182135 -1.918142 87.741699
v -56.167478 -1.951606 87.729217
v -41.152821 -1.985070 87.716735
v -26.138164 -2.018535 87.704253
v -11.123507 -2.051999 87.691771
v 3.891150 -2.085464 87.679289
v 18.905807 -2.118930 87.666807
v -146.257054 -2.304455 87.591600
v -131.242428 -2.348499 87.575056
v -116.227802 -2.392543 87.558512
v -101.213176 -2.436587 87.541968
v -86.198551 -2.480632 87.525424
v -71.183925 -2.524677 87.508880
v -56.169299 -2.568723 87.492335
v -41.154673 -2.612769 87.475790
v -26.140048 -2.656815 87.459245
v -11.125422 -2.700861 87.442700
v 3.889204 -2.744908 87.426155
v 18.903830 -2.788956 87.409609
v -146.259124 -2.832836 87.322392
v -131.244537 -2.886978 87.300701
v -116.229951 -2.941121 87.279011
v -101.215365 -2.995264 87.257320
v -86.200779 -3.049407 87.235629
v -71.186193 -3.103551 87.213938
v -56.171606 -3.157695 87.192247
v -41.157020 -3.211840 87.170555
v -26.142434 -3.265985 87.148863
v -11.127848 -3.320130 87.127171
v 3.886738 -3.374276 87.105478
v 18.901325 -3.428422 87.083786
v -146.261607 -3.330181 86.999430
v -131.247068 -3.393828 86.971566
v -116.232529 -3.457475 86.943702
v -101.217990 -3.521123 86.915837
v -86.203452 -3.584771 86.887972
v -71.188913 -3.648420 86.860106
v -56.174374 -3.712069 86.832241
v -41.159836 -3.775719 86.804374
v -26.145297 -3.839369 86.776508
v -11.130758 -3.903020 86.748641
v 3.883780 -3.966671 86.720774
v 18.898319 -4.030322 86.692907
v 18.894847 -4.588061 86.241256
v 3.880363 -4.515602 86.276258
v -11.134121 -4.443144 86.311259
v -26.148605 -4.370686 86.346261
v -41.163089 -4.298229 86.381261
v -56.177573 -4.225772 86.416262
v -71.192056 -4.153315 86.451261
v -86.206540 -4.080859 86.486261
v -101.221024 -4.008404 86.521260
v -116.235508 -3.935949 86.556259
v -131.249992 -3.863495 86.591257
v -146.267700 -4.210365 86.206953
v -131.253277 -4.290832 86.163940
v -116.238855 -4.371300 86.120927
v -101.224433 -4.451767 86.077913
v -86.210011 -4.532236 86.034898
v -71.195588 -4.612704 85.991883
v -56.181166 -4.693174 85.948868
v -41.166744 -4.773643 85.905852
v -26.152322 -4.854114 85.862836
v -11.137900 -4.934584 85.819819
v 3.876523 -5.015055 85.776801
v 18.890945 -5.095527 85.733783
v -146.271243 -4.583561 85.746119
v -131.256888 -4.671159 85.694298
v -116.242534 -4.758757 85.642476
v -101.228179 -4.846356 85.590653
v -86.213825 -4.933955 85.538830
v -71.199470 -5.021554 85.487006
v -56.185116 -5.109154 85.435181
v -41.170761 -5.196755 85.383356
v -26.156407 -5.284356 85.331530
v -11.142052 -5.371957 85.279704
v 3.872302 -5.459559 85.227877
v 18.886657 -5.547161 85.176049
v -146.275067 -4.906539 85.248803
v -131.260785 -5.000308 85.187476
v -116.246504 -5.094077 85.126148
v -101.232222 -5.187846 85.064820
v -86.217941 -5.281616 85.003490
v -71.203659 -5.375386 84.942161
v -56.189378 -5.469156 84.880830
v -41.175097 -5.562927 84.819499
v -26.160815 -5.656698 84.758167
v -11.146534 -5.750470 84.696834
v 3.867748 -5.844242 84.635500
v 18.882029 -5.938015 84.574166
v -146.279129 -5.175761 84.720453
v -131.264925 -5.274673 84.649028
v -116.250721 -5.373585 84.577601
v -101.236517 -5.472497 84.506174
v -86.222314 -5.571409 84.434746
v -71.208110 -5.670322 84.363318
v -56.193906 -5.769235 84.291888
v -41.179702 -5.868149 84.220458
v -26.165499 -5.967063 84.149027
v -11.151295 -6.065977 84.077595
v 3.862909 -6.164892 84.006163
v 18.877113 -6.263807 83.934730
v -146.283385 -5.388277 84.166858
v -131.269263 -5.491248 84.084852
v -116.255140 -5.594218 84.002845
v -101.241018 -5.697190 83.920838
v -86.226895 -5.800161 83.838829
v -71.212773 -5.903132 83.756820
v -56.198651 -6.006104 83.674810
v -41.184528 -6.109077 83.592799
v -26.170406 -6.212049 83.510787
v -11.156283 -6.315022 83.428774
v 3.857839 -6.417995 83.346760
v 18.871961 -6.520968 83.264746
v -146.287789 -5.541759 83.594083
v -131.273751 -5.647660 83.501130
v -116.259712 -5.753561 83.408177
v -101.245674 -5.859463 83.315223
v -86.231636 -5.965365 83.222268
v -71.217598 -6.071266 83.129312
v -56.203559 -6.177169 83.036355
v -41.189521 -6.283071 82.943397
v -26.175483 -6.388973 82.850438
v -11.161445 -6.494876 82.757479
v 3.852594 -6.600779 82.664518
v 18.866632 -6.706682 82.571557
v -131.278340 -5.742196 82.904259
v -116.264388 -5.849868 82.800113
v -101.250435 -5.957539 82.695966
v -86.236483 -6.065211 82.591818
v -71.222531 -6.172882 82.487669
v -56.208579 -6.280554 82.383520
v -41.194627 -6.388226 82.279369
v -26.180674 -6.495898 82.175218
v -11.166722 -6.603570 82.071065
v 3.847230 -6.711242 81.966912
v 18.861182 -6.818915 81.862757
vt 0.000000 0.696421 0.000000
vt -0.072796 0.692606 0.000000
vt 0.072796 0.692606 0.000000
vt 0.144794 0.681203 0.000000
vt -0.144794 0.681203 0.000000
vt 0.215206 0.662336 0.000000
vt -0.215206 0.662336 0.000000
vt 0.283260 0.636212 0.000000
vt -0.283260 0.636212 0.000000
vt 0.348211 0.603118 0.000000
vt -0.348211 0.603118 0.000000
vt 0.409346 0.563416 0.000000
vt -0.409346 0.563416 0.000000
vt 0.465997 0.517542 0.000000
vt -0.465997 0.517542 0.000000
vt 0.517542 0.465997 0.000000
vt -0.517542 0.465997 0.000000
vt 0.563416 0.409346 0.000000
vt -0.563416 0.409346 0.000000
vt 0.603118 0.348211 0.000000
vt -0.603118 0.348211 0.000000
vt 0.636212 0.283260 0.000000
vt -0.636212 0.283260 0.000000
vt 0.662336 0.215206 0.000000
vt -0.662336 0.215206 0.000000
vt 0.681203 0.144794 0.000000
vt -0.681203 0.144794 0.000000
vt 0.692606 0.072796 0.000000
vt -0.692606 0.072796 0.000000
vt 0.696421 0.000000 0.000000
vt -0.696421 -0.000000 0.000000
vt 0.692606 -0.072796 0.000000
vt -0.692606 -0.072796 0.000000
vt 0.681203 -0.144794 0.000000
vt -0.681203 -0.144794 0.000000
vt 0.662336 -0.215206 0.000000
vt -0.662336 -0.215206 0.000000
vt 0.636212 -0.283260 0.000000
vt -0.636212 -0.283260 0.000000
vt 0.603118 -0.348211 0.000000
vt -0.603118 -0.348211 0.000000
vt 0.563416 -0.409346 0.000000
vt -0.563416 -0.409346 0.000000
vt 0.517542 -0.465997 0.000000
vt -0.517542 -0.465997 0.000000
vt 0.465997 -0.517542 0.000000
vt -0.465997 -0.517542 0.000000
vt 0.409346 -0.563416 0.000000
vt -0.409346 -0.563416 0.000000
vt 0.348211 -0.603118 0.000000
vt -0.348211 -0.603118 0.000000
vt 0.283260 -0.636212 0.000000
vt -0.283260 -0.636212 0.000000
vt 0.215206 -0.662336 0.000000
vt -0.215206 -0.662336 0.000000
vt 0.144794 -0.681203 0.000000
vt -0.144794 -0.681203 0.000000
vt 0.072796 -0.692606 0.000000
vt -0.072796 -0.692606 0.000000
vt -0.000000 -0.696421 0.000000
vt -0.000000 0.555750 0.000000
vt -0.065730 0.551850 0.000000
vt 0.065730 0.551850 0.000000
vt 0.130538 0.540202 0.000000
vt -0.130538 0.540202 0.000000
vt 0.193513 0.520971 0.000000
vt -0.193513 0.520971 0.000000
vt 0.253772 0.494427 0.000000
vt -0.253772 0.494427 0.000000
vt 0.310468 0.460942 0.000000
vt -0.310468 0.460942 0.000000
vt 0.362806 0.420987 0.000000
vt -0.362806 0.420987 0.000000
vt 0.410051 0.375122 0.000000
vt -0.410051 0.375122 0.000000
vt 0.451540 0.323991 0.000000
vt -0.451540 0.323991 0.000000
vt 0.486690 0.268312 0.000000
vt -0.486690 0.268312 0.000000
vt 0.515008 0.208866 0.000000
vt -0.515008 0.208866 0.000000
vt 0.536097 0.146489 0.000000
vt -0.536097 0.146489 0.000000
vt 0.549659 0.082055 0.000000
vt -0.549659 0.082055 0.000000
vt 0.555506 0.016469 0.000000
vt -0.555506 0.016469 0.000000
vt 0.553555 -0.049348 0.000000
vt -0.553555 -0.049348 0.000000
vt 0.543833 -0.114473 0.000000
vt -0.543833 -0.114473 0.000000
vt 0.526477 -0.177990 0.000000
vt -0.526477 -0.177990 0.000000
vt 0.501730 -0.239009 0.000000
vt -0.501730 -0.239009 0.000000
vt 0.469940 -0.296673 0.000000
vt -0.469940 -0.296673 0.000000
vt 0.431553 -0.350172 0.000000
vt -0.431553 -0.350172 0.000000
vt 0.387108 -0.398755 0.000000
vt -0.387108 -0.398755 0.000000
vt 0.337229 -0.441741 0.000000
vt -0.337229 -0.441741 0.000000
vt 0.282616 -0.478525 0.000000
vt -0.282616 -0.478525 0.000000
vt 0.224036 -0.508592 0.000000
vt -0.224036 -0.508592 0.000000
vt 0.162311 -0.531520 0.000000
vt -0.162311 -0.531520 0.000000
vt 0.098307 -0.546986 0.000000
vt -0.098307 -0.546986 0.000000
vt 0.032923 -0.554774 0.000000
vt -0.032923 -0.554774 0.000000
vt -19.508978 1.892604 0.000000
vt -18.012285 1.901296 0.000000
vt -19.509484 1.966825 0.000000
vt -18.012285 1.966860 0.000000
vt -18.012285 2.032420 0.000000
vt -18.012285 -1.901301 0.000000
vt -18.012285 -1.966860 0.000000
vt -16.510815 -1.901304 0.000000
vt -16.510815 -1.835742 0.000000
vt -15.009345 -1.835744 0.000000
vt -15.009345 -1.770182 0.000000
vt -13.507875 -1.770185 0.000000
vt -13.507875 -1.704622 0.000000
vt -12.006405 -1.704625 0.000000
vt -12.006405 -1.639062 0.000000
vt -10.504935 -1.639065 0.000000
vt -10.504935 -1.573502 0.000000
vt -9.003465 -1.573504 0.000000
vt -9.003465 -1.507941 0.000000
vt -7.501995 -1.507943 0.000000
vt -7.501995 -1.442379 0.000000
vt -6.000525 -1.442381 0.000000
vt -6.000525 -1.376817 0.000000
vt -4.499055 -1.376819 0.000000
vt -4.499055 -1.311254 0.000000
vt -2.997585 -1.311256 0.000000
vt -2.997585 -1.245691 0.000000
vt -1.496115 -1.245692 0.000000
vt -1.496115 -1.180127 0.000000
vt -0.005092 -1.180128 0.000000
vt -0.005237 -1.114562 0.000000
vt -18.012285 1.835734 0.000000
vt -19.508480 1.818384 0.000000
vt -18.012285 1.770172 0.000000
vt -19.507996 1.744164 0.000000
vt -18.012285 1.704610 0.000000
vt -19.507533 1.669944 0.000000
vt -18.012285 1.639048 0.000000
vt -19.507097 1.595725 0.000000
vt -18.012285 1.573486 0.000000
vt -19.506694 1.521507 0.000000
vt -18.012285 1.507924 0.000000
vt -19.506331 1.447288 0.000000
vt -18.012285 1.442363 0.000000
vt -19.506012 1.373070 0.000000
vt -18.012285 1.376801 0.000000
vt -18.012285 1.311239 0.000000
vt -16.510815 1.376799 0.000000
vt -16.510815 1.311238 0.000000
vt -15.009345 1.376797 0.000000
vt -15.009345 1.311236 0.000000
vt -13.507875 1.376796 0.000000
vt -13.507875 1.311235 0.000000
vt -12.006405 1.376794 0.000000
vt -12.006405 1.311233 0.000000
vt -10.504935 1.376793 0.000000
vt -10.504935 1.311232 0.000000
vt -9.003465 1.376791 0.000000
vt -9.003465 1.311231 0.000000
vt -7.501995 1.376789 0.000000
vt -7.501995 1.311229 0.000000
vt -6.000525 1.376788 0.000000
vt -6.000525 1.311228 0.000000
vt -4.499055 1.376786 0.000000
vt -4.499055 1.311226 0.000000
vt -2.997585 1.376785 0.000000
vt -2.997585 1.311225 0.000000
vt -1.496115 1.376783 0.000000
vt -1.496115 1.311224 0.000000
vt 0.004332 1.376781 0.000000
vt 0.004637 1.311222 0.000000
vt -1.496115 1.245665 0.000000
vt 0.004892 1.245664 0.000000
vt -1.496115 1.180106 0.000000
vt 0.005092 1.180105 0.000000
vt -1.496115 1.114547 0.000000
vt 0.005237 1.114546 0.000000
vt -1.496115 1.048988 0.000000
vt 0.005325 1.048988 0.000000
vt -1.496115 0.983430 0.000000
vt 0.005354 0.983430 0.000000
vt 0.005325 0.917871 0.000000
vt -1.496115 0.917871 0.000000
vt 0.005237 0.852313 0.000000
vt -1.496115 0.852312 0.000000
vt 0.005092 0.786754 0.000000
vt -1.496115 0.786753 0.000000
vt 0.004892 0.721196 0.000000
vt -1.496115 0.721195 0.000000
vt 0.004637 0.655637 0.000000
vt -1.496115 0.655636 0.000000
vt 0.004332 0.590078 0.000000
vt -1.496115 0.590076 0.000000
vt 0.003979 0.524519 0.000000
vt -1.496115 0.524517 0.000000
vt 0.003583 0.458959 0.000000
vt -1.496115 0.458957 0.000000
vt 0.003147 0.393400 0.000000
vt -1.496115 0.393397 0.000000
vt 0.002677 0.327839 0.000000
vt -1.496115 0.327837 0.000000
vt 0.002178 0.262279 0.000000
vt -1.496115 0.262277 0.000000
vt 0.001655 0.196718 0.000000
vt -1.496115 0.196716 0.000000
vt 0.001113 0.131157 0.000000
vt -1.496115 0.131155 0.000000
vt 0.000560 0.065596 0.000000
vt -1.496115 0.065593 0.000000
vt -0.000000 0.000034 0.000000
vt -1.496115 0.000031 0.000000
vt -0.000560 -0.065528 0.000000
vt -1.496115 -0.065531 0.000000
vt -0.001113 -0.131091 0.000000
vt -1.496115 -0.131093 0.000000
vt -0.001655 -0.196654 0.000000
vt -1.496115 -0.196656 0.000000
vt -0.002178 -0.262217 0.000000
vt -1.496115 -0.262219 0.000000
vt -0.002677 -0.327781 0.000000
vt -1.496115 -0.327783 0.000000
vt -0.003147 -0.393345 0.000000
vt -1.496115 -0.393347 0.000000
vt -0.003583 -0.458909 0.000000
vt -1.496115 -0.458911 0.000000
vt -0.003979 -0.524474 0.000000
vt -1.496115 -0.524475 0.000000
vt -0.004332 -0.590038 0.000000
vt -1.496115 -0.590040 0.000000
vt -0.004637 -0.655603 0.000000
vt -1.496115 -0.655605 0.000000
vt -0.004892 -0.721169 0.000000
vt -1.496115 -0.721170 0.000000
vt -0.005092 -0.786734 0.000000
vt -1.496115 -0.786735 0.000000
vt -0.005237 -0.852300 0.000000
vt -1.496115 -0.852300 0.000000
vt -0.005325 -0.917865 0.000000
vt -1.496115 -0.917866 0.000000
vt -0.005354 -0.983431 0.000000
vt -1.496115 -0.983431 0.000000
vt -1.496115 -1.048996 0.000000
vt -2.997585 -1.048996 0.000000
vt -2.997585 -1.114561 0.000000
vt -4.499055 -1.114560 0.000000
vt -4.499055 -1.180125 0.000000
vt -6.000525 -1.180124 0.000000
vt -6.000525 -1.245689 0.000000
vt -7.501995 -1.245687 0.000000
vt -7.501995 -1.311251 0.000000
vt -9.003465 -1.311250 0.000000
vt -9.003465 -1.376814 0.000000
vt -10.504935 -1.376812 0.000000
vt -10.504935 -1.442375 0.000000
vt -12.006405 -1.442374 0.000000
vt -12.006405 -1.507937 0.000000
vt -13.507875 -1.507935 0.000000
vt -13.507875 -1.573497 0.000000
vt -15.009345 -1.573495 0.000000
vt -15.009345 -1.639058 0.000000
vt -16.510815 -1.639055 0.000000
vt -16.510815 -1.704617 0.000000
vt -18.012285 -1.704615 0.000000
vt -18.012285 -1.770177 0.000000
vt -19.510972 -1.744230 0.000000
vt -19.510487 -1.818453 0.000000
vt -19.505742 1.298853 0.000000
vt -18.012285 1.245677 0.000000
vt -16.510815 1.245676 0.000000
vt -15.009345 1.245675 0.000000
vt -13.507875 1.245674 0.000000
vt -12.006405 1.245673 0.000000
vt -10.504935 1.245671 0.000000
vt -9.003465 1.245670 0.000000
vt -7.501995 1.245669 0.000000
vt -6.000525 1.245668 0.000000
vt -4.499055 1.245667 0.000000
vt -2.997585 1.245666 0.000000
vt -19.505524 1.224635 0.000000
vt -18.012285 1.180115 0.000000
vt -16.510815 1.180115 0.000000
vt -15.009345 1.180114 0.000000
vt -13.507875 1.180113 0.000000
vt -12.006405 1.180112 0.000000
vt -10.504935 1.180111 0.000000
vt -9.003465 1.180110 0.000000
vt -7.501995 1.180109 0.000000
vt -6.000525 1.180108 0.000000
vt -4.499055 1.180108 0.000000
vt -2.997585 1.180107 0.000000
vt -19.505362 1.150418 0.000000
vt -18.012285 1.114554 0.000000
vt -16.510815 1.114553 0.000000
vt -15.009345 1.114552 0.000000
vt -13.507875 1.114552 0.000000
vt -12.006405 1.114551 0.000000
vt -10.504935 1.114551 0.000000
vt -9.003465 1.114550 0.000000
vt -7.501995 1.114549 0.000000
vt -6.000525 1.114549 0.000000
vt -4.499055 1.114548 0.000000
vt -2.997585 1.114548 0.000000
vt -19.505258 1.076201 0.000000
vt -18.012285 1.048992 0.000000
vt -16.510815 1.048992 0.000000
vt -15.009345 1.048991 0.000000
vt -13.507875 1.048991 0.000000
vt -12.006405 1.048991 0.000000
vt -10.504935 1.048990 0.000000
vt -9.003465 1.048990 0.000000
vt -7.501995 1.048990 0.000000
vt -6.000525 1.048989 0.000000
vt -4.499055 1.048989 0.000000
vt -2.997585 1.048989 0.000000
vt -19.505213 1.001984 0.000000
vt -18.012285 0.983430 0.000000
vt -16.510815 0.983430 0.000000
vt -15.009345 0.983430 0.000000
vt -13.507875 0.983430 0.000000
vt -12.006405 0.983430 0.000000
vt -10.504935 0.983430 0.000000
vt -9.003465 0.983430 0.000000
vt -7.501995 0.983430 0.000000
vt -6.000525 0.983430 0.000000
vt -4.499055 0.983430 0.000000
vt -2.997585 0.983430 0.000000
vt -19.505228 0.927767 0.000000
vt -18.012285 0.917868 0.000000
vt -16.510815 0.917869 0.000000
vt -16.510815 0.852307 0.000000
vt -15.009345 0.852308 0.000000
vt -15.009345 0.786747 0.000000
vt -13.507875 0.786747 0.000000
vt -13.507875 0.721186 0.000000
vt -12.006405 0.721187 0.000000
vt -12.006405 0.655627 0.000000
vt -10.504935 0.655628 0.000000
vt -10.504935 0.590067 0.000000
vt -9.003465 0.590069 0.000000
vt -9.003465 0.524508 0.000000
vt -7.501995 0.524510 0.000000
vt -7.501995 0.458950 0.000000
vt -6.000525 0.458952 0.000000
vt -6.000525 0.393391 0.000000
vt -4.499055 0.393393 0.000000
vt -4.499055 0.327833 0.000000
vt -2.997585 0.327835 0.000000
vt -2.997585 0.262274 0.000000
vt -19.505303 0.853550 0.000000
vt -18.012285 0.852307 0.000000
vt -16.510815 0.786746 0.000000
vt -15.009345 0.721185 0.000000
vt -13.507875 0.655625 0.000000
vt -12.006405 0.590066 0.000000
vt -10.504935 0.524507 0.000000
vt -9.003465 0.458948 0.000000
vt -7.501995 0.393389 0.000000
vt -6.000525 0.327830 0.000000
vt -4.499055 0.262272 0.000000
vt -2.997585 0.196713 0.000000
vt -18.012285 0.786745 0.000000
vt -19.505436 0.779333 0.000000
vt -18.012285 0.721183 0.000000
vt -19.505626 0.705115 0.000000
vt -18.012285 0.655621 0.000000
vt -19.505871 0.630898 0.000000
vt -18.012285 0.590060 0.000000
vt -19.506166 0.556680 0.000000
vt -18.012285 0.524498 0.000000
vt -19.506508 0.482462 0.000000
vt -18.012285 0.458936 0.000000
vt -19.506891 0.408243 0.000000
vt -18.012285 0.393374 0.000000
vt -19.507311 0.334024 0.000000
vt -18.012285 0.327812 0.000000
vt -19.507761 0.259805 0.000000
vt -18.012285 0.262250 0.000000
vt -18.012285 0.196689 0.000000
vt -16.510815 0.196691 0.000000
vt -16.510815 0.131129 0.000000
vt -15.009345 0.131132 0.000000
vt -15.009345 0.065570 0.000000
vt -13.507875 0.065572 0.000000
vt -13.507875 0.000010 0.000000
vt -12.006405 0.000013 0.000000
vt -12.006405 -0.065549 0.000000
vt -10.504935 -0.065546 0.000000
vt -10.504935 -0.131109 0.000000
vt -9.003465 -0.131106 0.000000
vt -9.003465 -0.196669 0.000000
vt -7.501995 -0.196666 0.000000
vt -7.501995 -0.262229 0.000000
vt -6.000525 -0.262227 0.000000
vt -6.000525 -0.327790 0.000000
vt -4.499055 -0.327787 0.000000
vt -4.499055 -0.393351 0.000000
vt -2.997585 -0.393349 0.000000
vt -2.997585 -0.458913 0.000000
vt -19.508236 0.185585 0.000000
vt -18.012285 0.131127 0.000000
vt -16.510815 0.065567 0.000000
vt -15.009345 0.000008 0.000000
vt -13.507875 -0.065552 0.000000
vt -12.006405 -0.131111 0.000000
vt -10.504935 -0.196671 0.000000
vt -9.003465 -0.262231 0.000000
vt -7.501995 -0.327792 0.000000
vt -6.000525 -0.393353 0.000000
vt -4.499055 -0.458915 0.000000
vt -2.997585 -0.524477 0.000000
vt -19.508728 0.111365 0.000000
vt -18.012285 0.065565 0.000000
vt -16.510815 0.000005 0.000000
vt -15.009345 -0.065554 0.000000
vt -13.507875 -0.131114 0.000000
vt -12.006405 -0.196674 0.000000
vt -10.504935 -0.262234 0.000000
vt -9.003465 -0.327794 0.000000
vt -7.501995 -0.393355 0.000000
vt -6.000525 -0.458917 0.000000
vt -4.499055 -0.524479 0.000000
vt -2.997585 -0.590041 0.000000
vt -19.509231 0.037145 0.000000
vt -18.012285 0.000003 0.000000
vt -16.510815 -0.065557 0.000000
vt -15.009345 -0.131116 0.000000
vt -13.507875 -0.196676 0.000000
vt -12.006405 -0.262236 0.000000
vt -10.504935 -0.327797 0.000000
vt -9.003465 -0.393357 0.000000
vt -7.501995 -0.458919 0.000000
vt -6.000525 -0.524481 0.000000
vt -4.499055 -0.590043 0.000000
vt -2.997585 -0.655606 0.000000
vt -19.509737 -0.037077 0.000000
vt -18.012285 -0.065559 0.000000
vt -16.510815 -0.131119 0.000000
vt -15.009345 -0.196679 0.000000
vt -13.507875 -0.262239 0.000000
vt -12.006405 -0.327799 0.000000
vt -10.504935 -0.393359 0.000000
vt -9.003465 -0.458921 0.000000
vt -7.501995 -0.524482 0.000000
vt -6.000525 -0.590044 0.000000
vt -4.499055 -0.655607 0.000000
vt -2.997585 -0.721171 0.000000
vt -19.510240 -0.111298 0.000000
vt -18.012285 -0.131121 0.000000
vt -16.510815 -0.196681 0.000000
vt -15.009345 -0.262241 0.000000
vt -13.507875 -0.327801 0.000000
vt -12.006405 -0.393362 0.000000
vt -10.504935 -0.458923 0.000000
vt -9.003465 -0.524484 0.000000
vt -7.501995 -0.590046 0.000000
vt -6.000525 -0.655609 0.000000
vt -4.499055 -0.721172 0.000000
vt -2.997585 -0.786736 0.000000
vt -19.510732 -0.185520 0.000000
vt -18.012285 -0.196684 0.000000
vt -16.510815 -0.262243 0.000000
vt -15.009345 -0.327803 0.000000
vt -13.507875 -0.393364 0.000000
vt -12.006405 -0.458924 0.000000
vt -10.504935 -0.524486 0.000000
vt -9.003465 -0.590048 0.000000
vt -7.501995 -0.655610 0.000000
vt -6.000525 -0.721173 0.000000
vt -4.499055 -0.786736 0.000000
vt -2.997585 -0.852301 0.000000
vt -19.511206 -0.259743 0.000000
vt -18.012285 -0.262246 0.000000
vt -16.510815 -0.327806 0.000000
vt -15.009345 -0.393366 0.000000
vt -13.507875 -0.458926 0.000000
vt -12.006405 -0.524487 0.000000
vt -10.504935 -0.590049 0.000000
vt -9.003465 -0.655611 0.000000
vt -7.501995 -0.721174 0.000000
vt -6.000525 -0.786737 0.000000
vt -4.499055 -0.852301 0.000000
vt -2.997585 -0.917866 0.000000
vt -18.012285 -0.327808 0.000000
vt -19.511657 -0.333966 0.000000
vt -18.012285 -0.393370 0.000000
vt -19.512077 -0.408189 0.000000
vt -18.012285 -0.458932 0.000000
vt -19.512460 -0.482413 0.000000
vt -18.012285 -0.524494 0.000000
vt -19.512802 -0.556637 0.000000
vt -18.012285 -0.590057 0.000000
vt -19.513097 -0.630862 0.000000
vt -18.012285 -0.655619 0.000000
vt -19.513341 -0.705087 0.000000
vt -18.012285 -0.721181 0.000000
vt -19.513532 -0.779312 0.000000
vt -18.012285 -0.786743 0.000000
vt -19.513665 -0.853537 0.000000
vt -18.012285 -0.852306 0.000000
vt -18.012285 -0.917868 0.000000
vt -16.510815 -0.917868 0.000000
vt -16.510815 -0.983430 0.000000
vt -15.009345 -0.983430 0.000000
vt -16.510815 -1.048993 0.000000
vt -15.009345 -1.048993 0.000000
vt -16.510815 -1.114555 0.000000
vt -15.009345 -1.114556 0.000000
vt -16.510815 -1.180118 0.000000
vt -15.009345 -1.180119 0.000000
vt -16.510815 -1.245681 0.000000
vt -15.009345 -1.245682 0.000000
vt -16.510815 -1.311243 0.000000
vt -15.009345 -1.311244 0.000000
vt -16.510815 -1.376806 0.000000
vt -15.009345 -1.376807 0.000000
vt -16.510815 -1.442368 0.000000
vt -15.009345 -1.442370 0.000000
vt -16.510815 -1.507930 0.000000
vt -15.009345 -1.507932 0.000000
vt -16.510815 -1.573493 0.000000
vt -19.513740 -0.927762 0.000000
vt -18.012285 -0.983430 0.000000
vt -18.012285 -1.048993 0.000000
vt -18.012285 -1.114555 0.000000
vt -18.012285 -1.180117 0.000000
vt -18.012285 -1.245679 0.000000
vt -18.012285 -1.311242 0.000000
vt -18.012285 -1.376804 0.000000
vt -18.012285 -1.442366 0.000000
vt -18.012285 -1.507928 0.000000
vt -18.012285 -1.573491 0.000000
vt -18.012285 -1.639053 0.000000
vt -19.513755 -1.001987 0.000000
vt -19.513710 -1.076212 0.000000
vt -19.513606 -1.150438 0.000000
vt -19.513443 -1.224663 0.000000
vt -19.513226 -1.298888 0.000000
vt -19.512956 -1.373112 0.000000
vt -19.512637 -1.447337 0.000000
vt -19.512273 -1.521561 0.000000
vt -19.511871 -1.595784 0.000000
vt -19.511435 -1.670007 0.000000
vt -18.012285 -1.835739 0.000000
vt -19.509989 -1.892674 0.000000
vt -19.509989 2.041047 0.000000
vt -0.000560 -1.901334 0.000000
vt -1.496115 -1.966860 0.000000
vt 0.000000 -1.966896 0.000000
vt 0.000000 1.966825 0.000000
vt -1.496115 1.966860 0.000000
vt -1.496115 1.901266 0.000000
vt 0.000560 1.901263 0.000000
vt -1.496115 1.835704 0.000000
vt 0.001113 1.835702 0.000000
vt -1.496115 1.770143 0.000000
vt 0.001655 1.770141 0.000000
vt -1.496115 1.704583 0.000000
vt 0.002178 1.704580 0.000000
vt -1.496115 1.639022 0.000000
vt 0.002677 1.639020 0.000000
vt -1.496115 1.573462 0.000000
vt 0.003147 1.573460 0.000000
vt -1.496115 1.507902 0.000000
vt 0.003583 1.507900 0.000000
vt -1.496115 1.442342 0.000000
vt 0.003979 1.442340 0.000000
vt -1.496115 -1.901331 0.000000
vt -0.001113 -1.835771 0.000000
vt -1.496115 -1.835768 0.000000
vt -0.001655 -1.770208 0.000000
vt -1.496115 -1.770206 0.000000
vt -0.002178 -1.704645 0.000000
vt -1.496115 -1.704642 0.000000
vt -0.002677 -1.639081 0.000000
vt -1.496115 -1.639079 0.000000
vt -0.003147 -1.573517 0.000000
vt -1.496115 -1.573515 0.000000
vt -0.003583 -1.507953 0.000000
vt -1.496115 -1.507951 0.000000
vt -0.003979 -1.442388 0.000000
vt -1.496115 -1.442386 0.000000
vt -0.004332 -1.376823 0.000000
vt -1.496115 -1.376822 0.000000
vt -0.004637 -1.311258 0.000000
vt -1.496115 -1.311257 0.000000
vt -0.004892 -1.245693 0.000000
vt -1.496115 -1.114562 0.000000
vt -0.005325 -1.048997 0.000000
vt -16.510815 -1.966860 0.000000
vt -15.009345 -1.901307 0.000000
vt -13.507875 -1.835747 0.000000
vt -12.006405 -1.770187 0.000000
vt -10.504935 -1.704627 0.000000
vt -9.003465 -1.639067 0.000000
vt -7.501995 -1.573506 0.000000
vt -6.000525 -1.507945 0.000000
vt -4.499055 -1.442383 0.000000
vt -2.997585 -1.376820 0.000000
vt -15.009345 -1.966860 0.000000
vt -13.507875 -1.901309 0.000000
vt -12.006405 -1.835750 0.000000
vt -10.504935 -1.770190 0.000000
vt -9.003465 -1.704630 0.000000
vt -7.501995 -1.639069 0.000000
vt -6.000525 -1.573508 0.000000
vt -4.499055 -1.507947 0.000000
vt -2.997585 -1.442385 0.000000
vt -16.510815 1.966860 0.000000
vt -16.510815 1.901293 0.000000
vt -15.009345 1.966860 0.000000
vt -15.009345 1.901290 0.000000
vt -13.507875 1.966860 0.000000
vt -13.507875 1.901288 0.000000
vt -12.006405 1.966860 0.000000
vt -12.006405 1.901285 0.000000
vt -10.504935 1.966860 0.000000
vt -10.504935 1.901282 0.000000
vt -9.003465 1.966860 0.000000
vt -9.003465 1.901280 0.000000
vt -7.501995 1.966860 0.000000
vt -7.501995 1.901277 0.000000
vt -6.000525 1.966860 0.000000
vt -6.000525 1.901274 0.000000
vt -4.499055 1.966860 0.000000
vt -4.499055 1.901271 0.000000
vt -2.997585 1.966860 0.000000
vt -2.997585 1.901269 0.000000
vt -13.507875 -1.966860 0.000000
vt -12.006405 -1.901312 0.000000
vt -10.504935 -1.835752 0.000000
vt -9.003465 -1.770193 0.000000
vt -7.501995 -1.704632 0.000000
vt -6.000525 -1.639072 0.000000
vt -4.499055 -1.573511 0.000000
vt -2.997585 -1.507949 0.000000
vt -12.006405 -1.966860 0.000000
vt -10.504935 -1.901315 0.000000
vt -9.003465 -1.835755 0.000000
vt -7.501995 -1.770195 0.000000
vt -6.000525 -1.704635 0.000000
vt -4.499055 -1.639074 0.000000
vt -2.997585 -1.573513 0.000000
vt -10.504935 -1.966860 0.000000
vt -9.003465 -1.901317 0.000000
vt -7.501995 -1.835758 0.000000
vt -6.000525 -1.770198 0.000000
vt -4.499055 -1.704637 0.000000
vt -2.997585 -1.639076 0.000000
vt -9.003465 -1.966860 0.000000
vt -7.501995 -1.901320 0.000000
vt -6.000525 -1.835760 0.000000
vt -4.499055 -1.770200 0.000000
vt -2.997585 -1.704640 0.000000
vt -7.501995 -1.966860 0.000000
vt -6.000525 -1.901323 0.000000
vt -4.499055 -1.835763 0.000000
vt -2.997585 -1.770203 0.000000
vt -6.000525 -1.966860 0.000000
vt -4.499055 -1.901326 0.000000
vt -2.997585 -1.835766 0.000000
vt -4.499055 -1.966860 0.000000
vt -2.997585 -1.901328 0.000000
vt -2.997585 -1.966860 0.000000
vt -16.510815 1.835731 0.000000
vt -15.009345 1.835728 0.000000
vt -13.507875 1.835726 0.000000
vt -12.006405 1.835723 0.000000
vt -10.504935 1.835720 0.000000
vt -9.003465 1.835718 0.000000
vt -7.501995 1.835715 0.000000
vt -6.000525 1.835712 0.000000
vt -4.499055 1.835710 0.000000
vt -2.997585 1.835707 0.000000
vt -16.510815 1.770169 0.000000
vt -15.009345 1.770167 0.000000
vt -13.507875 1.770164 0.000000
vt -12.006405 1.770161 0.000000
vt -10.504935 1.770159 0.000000
vt -9.003465 1.770156 0.000000
vt -7.501995 1.770154 0.000000
vt -6.000525 1.770151 0.000000
vt -4.499055 1.770149 0.000000
vt -2.997585 1.770146 0.000000
vt -16.510815 1.704607 0.000000
vt -15.009345 1.704605 0.000000
vt -13.507875 1.704602 0.000000
vt -12.006405 1.704600 0.000000
vt -10.504935 1.704597 0.000000
vt -9.003465 1.704595 0.000000
vt -7.501995 1.704593 0.000000
vt -6.000525 1.704590 0.000000
vt -4.499055 1.704588 0.000000
vt -2.997585 1.704585 0.000000
vt -16.510815 1.639046 0.000000
vt -15.009345 1.639043 0.000000
vt -13.507875 1.639041 0.000000
vt -12.006405 1.639039 0.000000
vt -10.504935 1.639036 0.000000
vt -9.003465 1.639034 0.000000
vt -7.501995 1.639032 0.000000
vt -6.000525 1.639029 0.000000
vt -4.499055 1.639027 0.000000
vt -2.997585 1.639024 0.000000
vt -16.510815 1.573484 0.000000
vt -15.009345 1.573482 0.000000
vt -13.507875 1.573480 0.000000
vt -12.006405 1.573477 0.000000
vt -10.504935 1.573475 0.000000
vt -9.003465 1.573473 0.000000
vt -7.501995 1.573471 0.000000
vt -6.000525 1.573468 0.000000
vt -4.499055 1.573466 0.000000
vt -2.997585 1.573464 0.000000
vt -16.510815 1.507922 0.000000
vt -15.009345 1.507920 0.000000
vt -13.507875 1.507918 0.000000
vt -12.006405 1.507916 0.000000
vt -10.504935 1.507914 0.000000
vt -9.003465 1.507912 0.000000
vt -7.501995 1.507910 0.000000
vt -6.000525 1.507908 0.000000
vt -4.499055 1.507906 0.000000
vt -2.997585 1.507904 0.000000
vt -16.510815 1.442361 0.000000
vt -15.009345 1.442359 0.000000
vt -13.507875 1.442357 0.000000
vt -12.006405 1.442355 0.000000
vt -10.504935 1.442353 0.000000
vt -9.003465 1.442352 0.000000
vt -7.501995 1.442350 0.000000
vt -6.000525 1.442348 0.000000
vt -4.499055 1.442346 0.000000
vt -2.997585 1.442344 0.000000
vt -15.009345 0.917869 0.000000
vt -13.507875 0.917869 0.000000
vt -12.006405 0.917869 0.000000
vt -10.504935 0.917870 0.000000
vt -9.003465 0.917870 0.000000
vt -7.501995 0.917870 0.000000
vt -6.000525 0.917870 0.000000
vt -4.499055 0.917871 0.000000
vt -2.997585 0.917871 0.000000
vt -13.507875 0.852308 0.000000
vt -12.006405 0.852309 0.000000
vt -10.504935 0.852309 0.000000
vt -9.003465 0.852310 0.000000
vt -7.501995 0.852310 0.000000
vt -6.000525 0.852311 0.000000
vt -4.499055 0.852311 0.000000
vt -2.997585 0.852312 0.000000
vt -12.006405 0.786748 0.000000
vt -10.504935 0.786749 0.000000
vt -9.003465 0.786750 0.000000
vt -7.501995 0.786750 0.000000
vt -6.000525 0.786751 0.000000
vt -4.499055 0.786752 0.000000
vt -2.997585 0.786753 0.000000
vt -16.510815 0.721184 0.000000
vt -15.009345 0.655624 0.000000
vt -13.507875 0.590064 0.000000
vt -12.006405 0.524505 0.000000
vt -10.504935 0.458946 0.000000
vt -9.003465 0.393387 0.000000
vt -7.501995 0.327828 0.000000
vt -6.000525 0.262270 0.000000
vt -4.499055 0.196711 0.000000
vt -2.997585 0.131152 0.000000
vt -16.510815 0.655623 0.000000
vt -16.510815 0.590061 0.000000
vt -16.510815 0.524500 0.000000
vt -16.510815 0.458938 0.000000
vt -16.510815 0.393376 0.000000
vt -16.510815 0.327815 0.000000
vt -16.510815 0.262253 0.000000
vt -10.504935 0.721188 0.000000
vt -9.003465 0.721189 0.000000
vt -9.003465 0.655629 0.000000
vt -7.501995 0.721190 0.000000
vt -7.501995 0.655630 0.000000
vt -7.501995 0.590070 0.000000
vt -6.000525 0.721191 0.000000
vt -6.000525 0.655632 0.000000
vt -6.000525 0.590072 0.000000
vt -6.000525 0.524512 0.000000
vt -4.499055 0.721193 0.000000
vt -4.499055 0.655633 0.000000
vt -4.499055 0.590073 0.000000
vt -4.499055 0.524513 0.000000
vt -4.499055 0.458953 0.000000
vt -2.997585 0.721194 0.000000
vt -2.997585 0.655634 0.000000
vt -2.997585 0.590075 0.000000
vt -2.997585 0.524515 0.000000
vt -2.997585 0.458955 0.000000
vt -2.997585 0.393395 0.000000
vt -15.009345 0.590063 0.000000
vt -13.507875 0.524503 0.000000
vt -12.006405 0.458944 0.000000
vt -10.504935 0.393385 0.000000
vt -9.003465 0.327826 0.000000
vt -7.501995 0.262267 0.000000
vt -6.000525 0.196708 0.000000
vt -4.499055 0.131150 0.000000
vt -2.997585 0.065591 0.000000
vt -15.009345 0.524501 0.000000
vt -15.009345 0.458940 0.000000
vt -15.009345 0.393378 0.000000
vt -15.009345 0.327817 0.000000
vt -15.009345 0.262255 0.000000
vt -15.009345 0.196694 0.000000
vt -13.507875 0.458942 0.000000
vt -12.006405 0.393383 0.000000
vt -10.504935 0.327824 0.000000
vt -9.003465 0.262265 0.000000
vt -7.501995 0.196706 0.000000
vt -6.000525 0.131147 0.000000
vt -4.499055 0.065588 0.000000
vt -2.997585 0.000029 0.000000
vt -13.507875 0.393381 0.000000
vt -13.507875 0.327819 0.000000
vt -13.507875 0.262258 0.000000
vt -13.507875 0.196696 0.000000
vt -13.507875 0.131134 0.000000
vt -12.006405 0.327821 0.000000
vt -10.504935 0.262262 0.000000
vt -9.003465 0.196703 0.000000
vt -7.501995 0.131145 0.000000
vt -6.000525 0.065585 0.000000
vt -4.499055 0.000026 0.000000
vt -2.997585 -0.065533 0.000000
vt -12.006405 0.262260 0.000000
vt -12.006405 0.196698 0.000000
vt -12.006405 0.131137 0.000000
vt -12.006405 0.065575 0.000000
vt -10.504935 0.196701 0.000000
vt -9.003465 0.131142 0.000000
vt -7.501995 0.065583 0.000000
vt -6.000525 0.000024 0.000000
vt -4.499055 -0.065536 0.000000
vt -2.997585 -0.131096 0.000000
vt -10.504935 0.131139 0.000000
vt -10.504935 0.065578 0.000000
vt -10.504935 0.000016 0.000000
vt -9.003465 0.065580 0.000000
vt -7.501995 0.000021 0.000000
vt -6.000525 -0.065539 0.000000
vt -4.499055 -0.131098 0.000000
vt -2.997585 -0.196659 0.000000
vt -9.003465 0.000018 0.000000
vt -9.003465 -0.065544 0.000000
vt -7.501995 -0.065541 0.000000
vt -6.000525 -0.131101 0.000000
vt -4.499055 -0.196661 0.000000
vt -2.997585 -0.262222 0.000000
vt -7.501995 -0.131104 0.000000
vt -6.000525 -0.196664 0.000000
vt -4.499055 -0.262224 0.000000
vt -2.997585 -0.327785 0.000000
vt -16.510815 -0.393368 0.000000
vt -15.009345 -0.458928 0.000000
vt -13.507875 -0.524489 0.000000
vt -12.006405 -0.590051 0.000000
vt -10.504935 -0.655612 0.000000
vt -9.003465 -0.721175 0.000000
vt -7.501995 -0.786738 0.000000
vt -6.000525 -0.852302 0.000000
vt -4.499055 -0.917866 0.000000
vt -2.997585 -0.983431 0.000000
vt -16.510815 -0.458930 0.000000
vt -16.510815 -0.524493 0.000000
vt -16.510815 -0.590055 0.000000
vt -16.510815 -0.655618 0.000000
vt -16.510815 -0.721180 0.000000
vt -16.510815 -0.786743 0.000000
vt -16.510815 -0.852305 0.000000
vt -15.009345 -0.524491 0.000000
vt -13.507875 -0.590052 0.000000
vt -12.006405 -0.655614 0.000000
vt -10.504935 -0.721176 0.000000
vt -9.003465 -0.786739 0.000000
vt -7.501995 -0.852302 0.000000
vt -6.000525 -0.917866 0.000000
vt -4.499055 -0.983431 0.000000
vt -4.499055 -1.048996 0.000000
vt -15.009345 -0.590054 0.000000
vt -15.009345 -0.655616 0.000000
vt -15.009345 -0.721179 0.000000
vt -15.009345 -0.786742 0.000000
vt -15.009345 -0.852305 0.000000
vt -15.009345 -0.917868 0.000000
vt -13.507875 -0.655615 0.000000
vt -12.006405 -0.721177 0.000000
vt -10.504935 -0.786740 0.000000
vt -9.003465 -0.852303 0.000000
vt -7.501995 -0.917866 0.000000
vt -6.000525 -0.983431 0.000000
vt -6.000525 -1.048995 0.000000
vt -6.000525 -1.114560 0.000000
vt -13.507875 -0.721178 0.000000
vt -13.507875 -0.786741 0.000000
vt -13.507875 -0.852304 0.000000
vt -13.507875 -0.917867 0.000000
vt -13.507875 -0.983430 0.000000
vt -12.006405 -0.786740 0.000000
vt -10.504935 -0.852303 0.000000
vt -9.003465 -0.917867 0.000000
vt -7.501995 -0.983431 0.000000
vt -7.501995 -1.048995 0.000000
vt -7.501995 -1.114559 0.000000
vt -7.501995 -1.180123 0.000000
vt -12.006405 -0.852304 0.000000
vt -12.006405 -0.917867 0.000000
vt -12.006405 -0.983431 0.000000
vt -13.507875 -1.048994 0.000000
vt -10.504935 -0.917867 0.000000
vt -9.003465 -0.983431 0.000000
vt -9.003465 -1.048995 0.000000
vt -9.003465 -1.114559 0.000000
vt -9.003465 -1.180122 0.000000
vt -9.003465 -1.245686 0.000000
vt -10.504935 -0.983431 0.000000
vt -12.006405 -1.048994 0.000000
vt -13.507875 -1.114557 0.000000
vt -10.504935 -1.048994 0.000000
vt -10.504935 -1.114558 0.000000
vt -10.504935 -1.180122 0.000000
vt -10.504935 -1.245685 0.000000
vt -10.504935 -1.311249 0.000000
vt -12.006405 -1.114557 0.000000
vt -13.507875 -1.180120 0.000000
vt -12.006405 -1.180121 0.000000
vt -12.006405 -1.245684 0.000000
vt -12.006405 -1.311247 0.000000
vt -12.006405 -1.376810 0.000000
vt -2.997585 -1.180126 0.000000
vt -4.499055 -1.245690 0.000000
vt -6.000525 -1.311253 0.000000
vt -7.501995 -1.376815 0.000000
vt -9.003465 -1.442377 0.000000
vt -10.504935 -1.507939 0.000000
vt -12.006405 -1.573499 0.000000
vt -13.507875 -1.639060 0.000000
vt -15.009345 -1.704620 0.000000
vt -16.510815 -1.770180 0.000000
vt -13.507875 -1.245683 0.000000
vt -13.507875 -1.311246 0.000000
vt -13.507875 -1.376809 0.000000
vt -13.507875 -1.442372 0.000000
vn 0.100000 -0.000000 0.000000
vn 0.100000 -0.000000 0.000000
vn 0.100000 -0.000000 0.000000
vn 0.100000 -0.000000 0.000000
vn 0.100000 -0.000000 0.000000
vn 0.100000 -0.000000 0.000000
vn 0.100000 -0.000000 0.000000
vn 0.100000 -0.000000 0.000000
vn 0.100000 -0.000000 0.000000
vn 0.100000 -0.000000 0.000000
vn 0.100000 -0.000000 0.000000
vn 0.100000 -0.000000 0.000000
vn 0.100000 -0.000000 0.000000
vn 0.100000 -0.000000 0.000000
vn 0.100000 -0.000000 0.000000
vn 0.100000 -0.000000 0.000000
vn 0.100000 -0.000000 0.000000
vn 0.100000 -0.000000 0.000000
vn 0.100000 -0.000000 0.000000
vn 0.100000 -0.000000 0.000000
vn 0.100000 -0.000000 0.000000
vn 0.100000 -0.000000 0.000000
vn 0.100000 -0.000000 0.000000
vn 0.100000 -0.000000 0.000000
vn 0.100000 -0.000000 0.000000
vn 0.100000 -0.000000 0.000000
vn 0.100000 -0.000000 0.000000
vn 0.100000 -0.000000 0.000000
vn 0.100000 -0.000000 0.000000
vn 0.100000 -0.000000 0.000000
vn 0.100000 -0.000000 0.000000
vn 0.100000 -0.000000 0.000000
vn 0.100000 -0.000000 0.000000
vn 0.100000 -0.000000 0.000000
vn 0.100000 -0.000000 0.000000
vn 0.100000 -0.000000 0.000000
vn 0.100000 -0.000000 0.000000
vn 0.100000 -0.000000 0.000000
vn 0.100000 -0.000000 0.000000
vn 0.100000 -0.000000 0.000000
vn 0.100000 -0.000000 0.000000
vn 0.100000 -0.000000 0.000000
vn 0.100000 -0.000000 0.000000
vn 0.100000 -0.000000 0.000000
vn 0.100000 -0.000000 0.000000
vn 0.100000 -0.000000 0.000000
vn 0.100000 -0.000000 0.000000
vn 0.100000 -0.000000 0.000000
vn 0.100000 -0.000000 0.000000
vn 0.100000 -0.000000 0.000000
vn 0.100000 -0.000000 0.000000
vn 0.100000 -0.000000 0.000000
vn 0.100000 -0.000000 0.000000
vn 0.100000 -0.000000 0.000000
vn 0.100000 -0.000000 0.000000
vn 0.100000 -0.000000 0.000000
vn 0.100000 -0.000000 0.000000
vn 0.100000 -0.000000 0.000000
vn 0.100000 -0.000000 0.000000
vn 0.100000 -0.000000 0.000000
vn -0.100000 0.000000 -0.000000
vn -0.100000 0.000000 -0.000000
vn -0.100000 0.000000 -0.000000
vn -0.100000 0.000000 -0.000000
vn -0.100000 0.000000 -0.000000
vn -0.100000 0.000000 -0.000000
vn -0.100000 0.000000 -0.000000
vn -0.100000 0.000000 -0.000000
vn -0.100000 0.000000 -0.000000
vn -0.100000 0.000000 -0.000000
vn -0.100000 0.000000 -0.000000
vn -0.100000 0.000000 -0.000000
vn -0.100000 0.000000 -0.000000
vn -0.100000 0.000000 -0.000000
vn -0.100000 0.000000 -0.000000
vn -0.100000 0.000000 -0.000000
vn -0.100000 0.000000 -0.000000
vn -0.100000 0.000000 -0.000000
vn -0.100000 0.000000 -0.000000
vn -0.100000 0.000000 -0.000000
vn -0.100000 0.000000 -0.000000
vn -0.100000 0.000000 -0.000000
vn -0.100000 0.000000 -0.000000
vn -0.100000 0.000000 -0.000000
vn -0.100000 0.000000 -0.000000
vn -0.100000 0.000000 -0.000000
vn -0.100000 0.000000 -0.000000
vn -0.100000 0.000000 -0.000000
vn -0.100000 0.000000 -0.000000
vn -0.100000 0.000000 -0.000000
vn -0.100000 0.000000 -0.000000
vn -0.100000 0.000000 -0.000000
vn -0.100000 0.000000 -0.000000
vn -0.100000 0.000000 -0.000000
vn -0.100000 0.000000 -0.000000
vn -0.100000 0.000000 -0.000000
vn -0.100000 0.000000 -0.000000
vn -0.100000 0.000000 -0.000000
vn -0.100000 0.000000 -0.000000
vn -0.100000 0.000000 -0.000000
vn -0.100000 0.000000 -0.000000
vn -0.100000 0.000000 -0.000000
vn -0.100000 0.000000 -0.000000
vn -0.100000 0.000000 -0.000000
vn -0.100000 0.000000 -0.000000
vn -0.100000 0.000000 -0.000000
vn -0.100000 0.000000 -0.000000
vn -0.100000 0.000000 -0.000000
vn -0.100000 0.000000 -0.000000
vn -0.100000 0.000000 -0.000000
vn -0.100000 0.000000 -0.000000
vn -0.100000 0.000000 -0.000000
vn -0.100000 0.000000 -0.000000
vn -0.000812 -0.099295 -0.011827
vn -0.000801 -0.099450 -0.010447
vn -0.000721 -0.099997 0.000000
vn -0.000721 -0.099997 0.000006
vn -0.000641 -0.099450 0.010458
vn -0.000641 -0.099450 0.010457
vn -0.000561 -0.097812 0.020795
vn -0.000561 -0.097812 0.020795
vn -0.000483 -0.095103 0.030905
vn -0.000483 -0.095103 0.030905
vn -0.000408 -0.091352 0.040677
vn -0.000408 -0.091352 0.040676
vn -0.000337 -0.086601 0.050002
vn -0.000337 -0.086601 0.050002
vn -0.000269 -0.080900 0.058780
vn -0.000269 -0.080900 0.058780
vn -0.000207 -0.074313 0.066914
vn -0.000207 -0.074313 0.066914
vn -0.000150 -0.066912 0.074315
vn -0.000150 -0.066912 0.074315
vn -0.000099 -0.058778 0.080902
vn -0.000099 -0.058778 0.080902
vn -0.000055 -0.049999 0.086603
vn -0.000055 -0.050000 0.086603
vn -0.000019 -0.040673 0.091355
vn -0.000019 -0.040673 0.091355
vn 0.000010 -0.030902 0.095106
vn 0.000010 -0.030902 0.095106
vn 0.000031 -0.020791 0.097815
vn -0.000881 -0.097812 -0.020785
vn -0.000902 -0.097198 -0.023488
vn -0.000959 -0.095103 -0.030896
vn -0.000989 -0.093737 -0.034818
vn -0.001034 -0.091352 -0.040667
vn -0.001072 -0.088961 -0.045660
vn -0.001105 -0.086600 -0.049993
vn -0.001151 -0.082935 -0.055861
vn -0.001173 -0.080899 -0.058771
vn -0.001223 -0.075745 -0.065277
vn -0.001235 -0.074311 -0.066905
vn -0.001288 -0.067493 -0.073777
vn -0.001292 -0.066910 -0.074306
vn -0.001346 -0.058293 -0.081241
vn -0.001343 -0.058776 -0.080893
vn -0.001387 -0.049997 -0.086593
vn -0.001343 -0.058776 -0.080893
vn -0.001387 -0.049997 -0.086593
vn -0.001343 -0.058775 -0.080893
vn -0.001387 -0.049997 -0.086593
vn -0.001343 -0.058775 -0.080893
vn -0.001387 -0.049997 -0.086593
vn -0.001343 -0.058775 -0.080893
vn -0.001387 -0.049997 -0.086593
vn -0.001343 -0.058775 -0.080893
vn -0.001387 -0.049997 -0.086593
vn -0.001343 -0.058774 -0.080893
vn -0.001387 -0.049996 -0.086594
vn -0.001343 -0.058774 -0.080894
vn -0.001387 -0.049996 -0.086594
vn -0.001343 -0.058774 -0.080894
vn -0.001387 -0.049996 -0.086594
vn -0.001343 -0.058774 -0.080894
vn -0.001387 -0.049996 -0.086594
vn -0.001343 -0.058774 -0.080894
vn -0.001387 -0.049996 -0.086594
vn -0.001343 -0.058773 -0.080894
vn -0.001387 -0.049995 -0.086594
vn -0.001343 -0.058773 -0.080894
vn -0.001387 -0.049995 -0.086594
vn -0.001423 -0.040670 -0.091345
vn -0.001423 -0.040670 -0.091345
vn -0.001452 -0.030899 -0.095096
vn -0.001452 -0.030898 -0.095096
vn -0.001473 -0.020789 -0.097804
vn -0.001473 -0.020789 -0.097804
vn -0.001486 -0.010452 -0.099441
vn -0.001486 -0.010452 -0.099441
vn -0.001490 -0.000000 -0.099989
vn -0.001490 0.000000 -0.099989
vn -0.001486 0.010452 -0.099441
vn -0.001486 0.010452 -0.099441
vn -0.001473 0.020789 -0.097804
vn -0.001473 0.020789 -0.097804
vn -0.001452 0.030898 -0.095096
vn -0.001452 0.030899 -0.095096
vn -0.001423 0.040670 -0.091345
vn -0.001423 0.040670 -0.091345
vn -0.001387 0.049995 -0.086594
vn -0.001387 0.049995 -0.086594
vn -0.001343 0.058773 -0.080894
vn -0.001343 0.058773 -0.080894
vn -0.001292 0.066907 -0.074308
vn -0.001292 0.066908 -0.074308
vn -0.001235 0.074309 -0.066908
vn -0.001235 0.074309 -0.066908
vn -0.001173 0.080896 -0.058774
vn -0.001173 0.080896 -0.058774
vn -0.001105 0.086597 -0.049997
vn -0.001105 0.086597 -0.049997
vn -0.001034 0.091350 -0.040671
vn -0.001034 0.091350 -0.040671
vn -0.000959 0.095101 -0.030900
vn -0.000959 0.095101 -0.030900
vn -0.000881 0.097811 -0.020790
vn -0.000881 0.097811 -0.020790
vn -0.000801 0.099449 -0.010453
vn -0.000801 0.099449 -0.010452
vn -0.000721 0.099997 -0.000000
vn -0.000721 0.099997 0.000000
vn -0.000641 0.099450 0.010453
vn -0.000641 0.099450 0.010453
vn -0.000561 0.097813 0.020791
vn -0.000561 0.097813 0.020791
vn -0.000483 0.095105 0.030901
vn -0.000483 0.095104 0.030902
vn -0.000408 0.091354 0.040673
vn -0.000408 0.091354 0.040674
vn -0.000337 0.086602 0.050000
vn -0.000337 0.086602 0.050000
vn -0.000269 0.080901 0.058778
vn -0.000269 0.080901 0.058779
vn -0.000207 0.074314 0.066913
vn -0.000207 0.074314 0.066913
vn -0.000150 0.066913 0.074314
vn -0.000150 0.066913 0.074315
vn -0.000099 0.058778 0.080902
vn -0.000099 0.058778 0.080902
vn -0.000055 0.050000 0.086603
vn -0.000055 0.050000 0.086603
vn -0.000019 0.040674 0.091355
vn -0.000019 0.040674 0.091355
vn 0.000010 0.030902 0.095106
vn 0.000010 0.030902 0.095106
vn 0.000031 0.020791 0.097815
vn 0.000031 0.020791 0.097815
vn 0.000044 0.010453 0.099452
vn 0.000044 0.010453 0.099452
vn 0.000048 -0.000000 0.100000
vn 0.000048 0.000000 0.100000
vn 0.000044 -0.010453 0.099452
vn 0.000044 -0.010453 0.099452
vn 0.000031 -0.020791 0.097815
vn 0.000031 -0.020791 0.097815
vn 0.000010 -0.030901 0.095106
vn 0.000010 -0.030901 0.095106
vn -0.000019 -0.040673 0.091355
vn -0.000019 -0.040673 0.091355
vn -0.000055 -0.049999 0.086603
vn -0.000055 -0.049999 0.086603
vn -0.000099 -0.058777 0.080903
vn -0.000099 -0.058777 0.080903
vn -0.000150 -0.066911 0.074316
vn -0.000150 -0.066911 0.074316
vn -0.000207 -0.074313 0.066915
vn -0.000207 -0.074312 0.066915
vn -0.000269 -0.080900 0.058781
vn -0.000269 -0.080899 0.058781
vn -0.000337 -0.086600 0.050003
vn -0.000337 -0.086600 0.050003
vn -0.000408 -0.091352 0.040677
vn -0.000408 -0.091352 0.040678
vn -0.000483 -0.095103 0.030906
vn -0.000453 -0.093741 0.034820
vn -0.000540 -0.097201 0.023488
vn -0.001394 -0.048275 -0.087565
vn -0.001423 -0.040672 -0.091344
vn -0.001423 -0.040671 -0.091344
vn -0.001423 -0.040671 -0.091345
vn -0.001423 -0.040671 -0.091345
vn -0.001423 -0.040671 -0.091345
vn -0.001423 -0.040671 -0.091345
vn -0.001423 -0.040671 -0.091345
vn -0.001423 -0.040670 -0.091345
vn -0.001423 -0.040670 -0.091345
vn -0.001423 -0.040670 -0.091345
vn -0.001423 -0.040670 -0.091345
vn -0.001433 -0.037579 -0.092659
vn -0.001452 -0.030900 -0.095095
vn -0.001452 -0.030900 -0.095095
vn -0.001452 -0.030900 -0.095095
vn -0.001452 -0.030900 -0.095095
vn -0.001452 -0.030900 -0.095095
vn -0.001452 -0.030899 -0.095095
vn -0.001452 -0.030899 -0.095095
vn -0.001452 -0.030899 -0.095095
vn -0.001452 -0.030899 -0.095095
vn -0.001452 -0.030899 -0.095095
vn -0.001452 -0.030899 -0.095096
vn -0.001463 -0.026356 -0.096453
vn -0.001473 -0.020790 -0.097804
vn -0.001473 -0.020790 -0.097804
vn -0.001473 -0.020790 -0.097804
vn -0.001473 -0.020790 -0.097804
vn -0.001473 -0.020790 -0.097804
vn -0.001473 -0.020790 -0.097804
vn -0.001473 -0.020789 -0.097804
vn -0.001473 -0.020789 -0.097804
vn -0.001473 -0.020789 -0.097804
vn -0.001473 -0.020789 -0.097804
vn -0.001473 -0.020789 -0.097804
vn -0.001481 -0.014763 -0.098893
vn -0.001486 -0.010452 -0.099441
vn -0.001486 -0.010452 -0.099441
vn -0.001486 -0.010452 -0.099441
vn -0.001486 -0.010452 -0.099441
vn -0.001486 -0.010452 -0.099441
vn -0.001486 -0.010452 -0.099441
vn -0.001486 -0.010452 -0.099441
vn -0.001486 -0.010452 -0.099441
vn -0.001486 -0.010452 -0.099441
vn -0.001486 -0.010452 -0.099441
vn -0.001486 -0.010452 -0.099441
vn -0.001489 -0.002963 -0.099945
vn -0.001490 -0.000000 -0.099989
vn -0.001490 -0.000000 -0.099989
vn -0.001490 -0.000000 -0.099989
vn -0.001490 -0.000000 -0.099989
vn -0.001490 -0.000000 -0.099989
vn -0.001490 -0.000000 -0.099989
vn -0.001490 -0.000000 -0.099989
vn -0.001490 -0.000000 -0.099989
vn -0.001490 -0.000000 -0.099989
vn -0.001490 -0.000000 -0.099989
vn -0.001490 -0.000000 -0.099989
vn -0.001487 0.008879 -0.099594
vn -0.001486 0.010452 -0.099441
vn -0.001486 0.010452 -0.099441
vn -0.001473 0.020790 -0.097804
vn -0.001473 0.020790 -0.097804
vn -0.001452 0.030900 -0.095095
vn -0.001452 0.030899 -0.095095
vn -0.001423 0.040671 -0.091345
vn -0.001423 0.040671 -0.091345
vn -0.001387 0.049997 -0.086593
vn -0.001387 0.049996 -0.086593
vn -0.001343 0.058775 -0.080893
vn -0.001343 0.058774 -0.080894
vn -0.001292 0.066909 -0.074307
vn -0.001292 0.066909 -0.074307
vn -0.001235 0.074310 -0.066907
vn -0.001235 0.074310 -0.066907
vn -0.001173 0.080897 -0.058773
vn -0.001173 0.080897 -0.058774
vn -0.001105 0.086598 -0.049996
vn -0.001105 0.086598 -0.049996
vn -0.001034 0.091350 -0.040671
vn -0.001473 0.020596 -0.097845
vn -0.001473 0.020790 -0.097804
vn -0.001452 0.030900 -0.095095
vn -0.001423 0.040671 -0.091345
vn -0.001387 0.049997 -0.086593
vn -0.001343 0.058775 -0.080893
vn -0.001292 0.066909 -0.074307
vn -0.001235 0.074310 -0.066907
vn -0.001173 0.080897 -0.058773
vn -0.001105 0.086598 -0.049996
vn -0.001034 0.091350 -0.040670
vn -0.000959 0.095102 -0.030900
vn -0.001452 0.030900 -0.095095
vn -0.001449 0.032024 -0.094723
vn -0.001423 0.040671 -0.091344
vn -0.001415 0.043002 -0.090271
vn -0.001387 0.049997 -0.086593
vn -0.001371 0.053377 -0.084552
vn -0.001343 0.058776 -0.080893
vn -0.001318 0.063003 -0.077646
vn -0.001292 0.066910 -0.074306
vn -0.001257 0.071745 -0.069650
vn -0.001235 0.074311 -0.066905
vn -0.001188 0.079480 -0.060676
vn -0.001173 0.080899 -0.058771
vn -0.001112 0.086099 -0.050850
vn -0.001105 0.086599 -0.049993
vn -0.001031 0.091510 -0.040310
vn -0.001034 0.091352 -0.040667
vn -0.000959 0.095103 -0.030896
vn -0.000959 0.095103 -0.030896
vn -0.000881 0.097812 -0.020786
vn -0.000881 0.097812 -0.020786
vn -0.000801 0.099449 -0.010448
vn -0.000801 0.099449 -0.010449
vn -0.000721 0.099997 0.000004
vn -0.000721 0.099997 0.000003
vn -0.000641 0.099450 0.010456
vn -0.000641 0.099450 0.010456
vn -0.000561 0.097813 0.020794
vn -0.000561 0.097813 0.020793
vn -0.000483 0.095104 0.030904
vn -0.000483 0.095104 0.030903
vn -0.000408 0.091353 0.040675
vn -0.000408 0.091353 0.040675
vn -0.000337 0.086601 0.050001
vn -0.000337 0.086602 0.050001
vn -0.000269 0.080901 0.058779
vn -0.000269 0.080901 0.058779
vn -0.000207 0.074314 0.066913
vn -0.000946 0.095636 -0.029204
vn -0.000881 0.097812 -0.020786
vn -0.000801 0.099449 -0.010448
vn -0.000721 0.099997 0.000004
vn -0.000641 0.099450 0.010456
vn -0.000561 0.097813 0.020794
vn -0.000483 0.095104 0.030904
vn -0.000408 0.091353 0.040675
vn -0.000337 0.086601 0.050001
vn -0.000269 0.080901 0.058779
vn -0.000207 0.074314 0.066914
vn -0.000150 0.066913 0.074315
vn -0.000857 0.098419 -0.017688
vn -0.000801 0.099450 -0.010448
vn -0.000721 0.099997 0.000005
vn -0.000641 0.099450 0.010457
vn -0.000561 0.097812 0.020794
vn -0.000483 0.095104 0.030904
vn -0.000408 0.091353 0.040676
vn -0.000337 0.086601 0.050002
vn -0.000269 0.080900 0.058780
vn -0.000207 0.074313 0.066914
vn -0.000150 0.066912 0.074315
vn -0.000099 0.058778 0.080902
vn -0.000767 0.099821 -0.005924
vn -0.000721 0.099997 0.000005
vn -0.000641 0.099450 0.010457
vn -0.000561 0.097812 0.020795
vn -0.000483 0.095103 0.030905
vn -0.000408 0.091353 0.040676
vn -0.000337 0.086601 0.050002
vn -0.000269 0.080900 0.058780
vn -0.000207 0.074313 0.066914
vn -0.000150 0.066912 0.074315
vn -0.000099 0.058778 0.080902
vn -0.000055 0.050000 0.086603
vn -0.000676 0.099822 0.005924
vn -0.000641 0.099450 0.010458
vn -0.000561 0.097812 0.020795
vn -0.000483 0.095103 0.030905
vn -0.000408 0.091352 0.040676
vn -0.000337 0.086601 0.050002
vn -0.000269 0.080900 0.058780
vn -0.000207 0.074313 0.066914
vn -0.000150 0.066912 0.074315
vn -0.000099 0.058778 0.080902
vn -0.000055 0.049999 0.086603
vn -0.000019 0.040673 0.091355
vn -0.000585 0.098421 0.017689
vn -0.000561 0.097812 0.020796
vn -0.000483 0.095103 0.030905
vn -0.000408 0.091352 0.040677
vn -0.000337 0.086600 0.050003
vn -0.000269 0.080900 0.058780
vn -0.000207 0.074313 0.066915
vn -0.000150 0.066912 0.074316
vn -0.000099 0.058778 0.080902
vn -0.000055 0.049999 0.086603
vn -0.000019 0.040673 0.091355
vn 0.000010 0.030901 0.095106
vn -0.000497 0.095639 0.029205
vn -0.000483 0.095103 0.030906
vn -0.000408 0.091352 0.040677
vn -0.000337 0.086600 0.050003
vn -0.000269 0.080900 0.058781
vn -0.000207 0.074313 0.066915
vn -0.000150 0.066912 0.074316
vn -0.000099 0.058777 0.080903
vn -0.000055 0.049999 0.086603
vn -0.000019 0.040673 0.091355
vn 0.000010 0.030901 0.095106
vn 0.000031 0.020791 0.097815
vn -0.000411 0.091514 0.040312
vn -0.000408 0.091352 0.040678
vn -0.000337 0.086600 0.050003
vn -0.000269 0.080899 0.058781
vn -0.000207 0.074312 0.066915
vn -0.000150 0.066911 0.074316
vn -0.000099 0.058777 0.080903
vn -0.000055 0.049999 0.086603
vn -0.000019 0.040673 0.091355
vn 0.000010 0.030901 0.095106
vn 0.000031 0.020791 0.097815
vn 0.000044 0.010453 0.099452
vn -0.000337 0.086600 0.050003
vn -0.000330 0.086104 0.050853
vn -0.000269 0.080899 0.058782
vn -0.000255 0.079485 0.060680
vn -0.000207 0.074312 0.066916
vn -0.000185 0.071751 0.069655
vn -0.000150 0.066911 0.074317
vn -0.000124 0.063009 0.077652
vn -0.000099 0.058776 0.080903
vn -0.000071 0.053382 0.084560
vn -0.000055 0.049998 0.086604
vn -0.000027 0.043007 0.090280
vn -0.000019 0.040672 0.091355
vn 0.000007 0.032027 0.094733
vn 0.000010 0.030900 0.095106
vn 0.000031 0.020598 0.097856
vn 0.000031 0.020790 0.097815
vn 0.000044 0.010452 0.099452
vn 0.000044 0.010452 0.099452
vn 0.000048 0.000000 0.100000
vn 0.000048 0.000000 0.100000
vn 0.000044 -0.010452 0.099452
vn 0.000044 -0.010452 0.099452
vn 0.000031 -0.020790 0.097815
vn 0.000031 -0.020790 0.097815
vn 0.000010 -0.030900 0.095106
vn 0.000010 -0.030900 0.095106
vn -0.000019 -0.040672 0.091355
vn -0.000019 -0.040672 0.091355
vn -0.000055 -0.049998 0.086604
vn -0.000055 -0.049998 0.086604
vn -0.000099 -0.058776 0.080903
vn -0.000099 -0.058776 0.080903
vn -0.000150 -0.066911 0.074317
vn -0.000150 -0.066911 0.074316
vn -0.000207 -0.074312 0.066916
vn -0.000207 -0.074312 0.066915
vn -0.000269 -0.080899 0.058781
vn 0.000045 0.008880 0.099605
vn 0.000048 0.000000 0.100000
vn 0.000044 -0.010452 0.099452
vn 0.000031 -0.020790 0.097815
vn 0.000010 -0.030900 0.095106
vn -0.000019 -0.040672 0.091355
vn -0.000055 -0.049998 0.086604
vn -0.000099 -0.058776 0.080903
vn -0.000150 -0.066910 0.074317
vn -0.000207 -0.074312 0.066916
vn -0.000269 -0.080899 0.058782
vn -0.000337 -0.086600 0.050004
vn 0.000047 -0.002963 0.099956
vn 0.000039 -0.014765 0.098904
vn 0.000021 -0.026359 0.096464
vn -0.000009 -0.037583 0.092669
vn -0.000048 -0.048279 0.087573
vn -0.000096 -0.058298 0.081249
vn -0.000154 -0.067498 0.073783
vn -0.000219 -0.075751 0.065282
vn -0.000292 -0.082940 0.055864
vn -0.000370 -0.088965 0.045663
vn -0.000561 -0.097812 0.020796
vn -0.000630 -0.099296 0.011827
vn -0.000641 -0.099450 0.010453
vn -0.000721 -0.099997 0.000006
vn -0.000721 -0.099997 0.000000
vn -0.000801 -0.099449 -0.010452
vn -0.000801 -0.099449 -0.010453
vn -0.000881 -0.097811 -0.020790
vn -0.000881 -0.097811 -0.020790
vn -0.000959 -0.095101 -0.030900
vn -0.000959 -0.095101 -0.030900
vn -0.001034 -0.091350 -0.040671
vn -0.001034 -0.091350 -0.040671
vn -0.001105 -0.086597 -0.049997
vn -0.001105 -0.086597 -0.049997
vn -0.001173 -0.080896 -0.058774
vn -0.001173 -0.080896 -0.058774
vn -0.001235 -0.074309 -0.066908
vn -0.001235 -0.074309 -0.066908
vn -0.001292 -0.066908 -0.074308
vn -0.001292 -0.066907 -0.074308
vn -0.000641 -0.099450 0.010453
vn -0.000561 -0.097813 0.020791
vn -0.000561 -0.097813 0.020791
vn -0.000483 -0.095105 0.030901
vn -0.000483 -0.095104 0.030902
vn -0.000408 -0.091354 0.040673
vn -0.000408 -0.091354 0.040674
vn -0.000337 -0.086602 0.050000
vn -0.000337 -0.086602 0.050000
vn -0.000269 -0.080901 0.058778
vn -0.000269 -0.080901 0.058779
vn -0.000207 -0.074314 0.066913
vn -0.000207 -0.074314 0.066913
vn -0.000150 -0.066913 0.074314
vn -0.000150 -0.066913 0.074315
vn -0.000099 -0.058778 0.080902
vn -0.000099 -0.058778 0.080902
vn -0.000055 -0.050000 0.086603
vn -0.000055 -0.050000 0.086603
vn -0.000019 -0.040674 0.091355
vn 0.000031 -0.020791 0.097815
vn 0.000044 -0.010453 0.099452
vn -0.000721 -0.099997 0.000006
vn -0.000641 -0.099450 0.010457
vn -0.000561 -0.097812 0.020795
vn -0.000483 -0.095104 0.030904
vn -0.000408 -0.091353 0.040676
vn -0.000337 -0.086601 0.050002
vn -0.000269 -0.080900 0.058780
vn -0.000207 -0.074313 0.066914
vn -0.000150 -0.066912 0.074315
vn -0.000099 -0.058778 0.080902
vn -0.000721 -0.099997 0.000006
vn -0.000641 -0.099450 0.010457
vn -0.000561 -0.097813 0.020794
vn -0.000483 -0.095104 0.030904
vn -0.000408 -0.091353 0.040676
vn -0.000337 -0.086601 0.050001
vn -0.000269 -0.080901 0.058779
vn -0.000207 -0.074314 0.066914
vn -0.000150 -0.066913 0.074315
vn -0.000801 -0.099449 -0.010448
vn -0.000801 -0.099449 -0.010448
vn -0.000721 -0.099997 0.000006
vn -0.000801 -0.099449 -0.010449
vn -0.000721 -0.099997 0.000006
vn -0.000801 -0.099449 -0.010449
vn -0.000721 -0.099997 0.000006
vn -0.000801 -0.099449 -0.010450
vn -0.000721 -0.099997 0.000006
vn -0.000801 -0.099449 -0.010450
vn -0.000721 -0.099997 0.000006
vn -0.000801 -0.099449 -0.010450
vn -0.000721 -0.099997 0.000006
vn -0.000801 -0.099449 -0.010451
vn -0.000721 -0.099997 0.000006
vn -0.000801 -0.099449 -0.010451
vn -0.000721 -0.099997 0.000006
vn -0.000801 -0.099449 -0.010452
vn -0.000641 -0.099450 0.010456
vn -0.000561 -0.097813 0.020794
vn -0.000483 -0.095104 0.030904
vn -0.000408 -0.091353 0.040675
vn -0.000337 -0.086601 0.050001
vn -0.000269 -0.080901 0.058779
vn -0.000207 -0.074314 0.066913
vn -0.000641 -0.099450 0.010456
vn -0.000561 -0.097813 0.020793
vn -0.000483 -0.095104 0.030903
vn -0.000408 -0.091353 0.040675
vn -0.000337 -0.086601 0.050001
vn -0.000269 -0.080901 0.058779
vn -0.000641 -0.099450 0.010455
vn -0.000561 -0.097813 0.020793
vn -0.000483 -0.095104 0.030903
vn -0.000408 -0.091353 0.040674
vn -0.000337 -0.086602 0.050000
vn -0.000641 -0.099450 0.010455
vn -0.000561 -0.097813 0.020793
vn -0.000483 -0.095104 0.030903
vn -0.000408 -0.091353 0.040674
vn -0.000641 -0.099450 0.010454
vn -0.000561 -0.097813 0.020792
vn -0.000483 -0.095104 0.030902
vn -0.000641 -0.099450 0.010454
vn -0.000561 -0.097813 0.020792
vn -0.000641 -0.099450 0.010453
vn -0.000881 -0.097812 -0.020786
vn -0.000881 -0.097812 -0.020786
vn -0.000881 -0.097812 -0.020787
vn -0.000881 -0.097812 -0.020787
vn -0.000881 -0.097812 -0.020787
vn -0.000881 -0.097811 -0.020788
vn -0.000881 -0.097811 -0.020788
vn -0.000881 -0.097811 -0.020789
vn -0.000881 -0.097811 -0.020789
vn -0.000881 -0.097811 -0.020790
vn -0.000959 -0.095103 -0.030896
vn -0.000959 -0.095103 -0.030896
vn -0.000959 -0.095102 -0.030897
vn -0.000959 -0.095102 -0.030897
vn -0.000959 -0.095102 -0.030898
vn -0.000959 -0.095102 -0.030898
vn -0.000959 -0.095102 -0.030898
vn -0.000959 -0.095102 -0.030899
vn -0.000959 -0.095102 -0.030899
vn -0.000959 -0.095102 -0.030899
vn -0.001034 -0.091351 -0.040667
vn -0.001034 -0.091351 -0.040668
vn -0.001034 -0.091351 -0.040668
vn -0.001034 -0.091351 -0.040669
vn -0.001034 -0.091351 -0.040669
vn -0.001034 -0.091351 -0.040669
vn -0.001034 -0.091350 -0.040670
vn -0.001034 -0.091350 -0.040670
vn -0.001034 -0.091350 -0.040670
vn -0.001034 -0.091350 -0.040671
vn -0.001105 -0.086599 -0.049993
vn -0.001105 -0.086599 -0.049994
vn -0.001105 -0.086599 -0.049994
vn -0.001105 -0.086599 -0.049994
vn -0.001105 -0.086599 -0.049995
vn -0.001105 -0.086598 -0.049995
vn -0.001105 -0.086598 -0.049995
vn -0.001105 -0.086598 -0.049996
vn -0.001105 -0.086598 -0.049996
vn -0.001105 -0.086598 -0.049996
vn -0.001173 -0.080898 -0.058771
vn -0.001173 -0.080898 -0.058772
vn -0.001173 -0.080898 -0.058772
vn -0.001173 -0.080898 -0.058772
vn -0.001173 -0.080898 -0.058772
vn -0.001173 -0.080897 -0.058773
vn -0.001173 -0.080897 -0.058773
vn -0.001173 -0.080897 -0.058773
vn -0.001173 -0.080897 -0.058774
vn -0.001173 -0.080897 -0.058774
vn -0.001235 -0.074311 -0.066905
vn -0.001235 -0.074311 -0.066906
vn -0.001235 -0.074311 -0.066906
vn -0.001235 -0.074311 -0.066906
vn -0.001235 -0.074310 -0.066906
vn -0.001235 -0.074310 -0.066907
vn -0.001235 -0.074310 -0.066907
vn -0.001235 -0.074310 -0.066907
vn -0.001235 -0.074309 -0.066907
vn -0.001235 -0.074309 -0.066907
vn -0.001292 -0.066910 -0.074306
vn -0.001292 -0.066910 -0.074306
vn -0.001292 -0.066909 -0.074307
vn -0.001292 -0.066909 -0.074307
vn -0.001292 -0.066909 -0.074307
vn -0.001292 -0.066909 -0.074307
vn -0.001292 -0.066909 -0.074307
vn -0.001292 -0.066908 -0.074307
vn -0.001292 -0.066908 -0.074308
vn -0.001292 -0.066908 -0.074308
vn -0.001486 0.010452 -0.099441
vn -0.001486 0.010452 -0.099441
vn -0.001486 0.010452 -0.099441
vn -0.001486 0.010452 -0.099441
vn -0.001486 0.010452 -0.099441
vn -0.001486 0.010452 -0.099441
vn -0.001486 0.010452 -0.099441
vn -0.001486 0.010452 -0.099441
vn -0.001486 0.010452 -0.099441
vn -0.001473 0.020790 -0.097804
vn -0.001473 0.020790 -0.097804
vn -0.001473 0.020789 -0.097804
vn -0.001473 0.020789 -0.097804
vn -0.001473 0.020789 -0.097804
vn -0.001473 0.020789 -0.097804
vn -0.001473 0.020789 -0.097804
vn -0.001473 0.020789 -0.097804
vn -0.001452 0.030899 -0.095095
vn -0.001452 0.030899 -0.095095
vn -0.001452 0.030899 -0.095095
vn -0.001452 0.030899 -0.095095
vn -0.001452 0.030899 -0.095095
vn -0.001452 0.030899 -0.095096
vn -0.001452 0.030899 -0.095096
vn -0.001423 0.040671 -0.091345
vn -0.001387 0.049997 -0.086593
vn -0.001343 0.058775 -0.080893
vn -0.001292 0.066909 -0.074307
vn -0.001235 0.074310 -0.066906
vn -0.001173 0.080897 -0.058773
vn -0.001105 0.086598 -0.049995
vn -0.001034 0.091350 -0.040670
vn -0.000959 0.095102 -0.030899
vn -0.000881 0.097811 -0.020790
vn -0.001387 0.049997 -0.086593
vn -0.001343 0.058775 -0.080893
vn -0.001292 0.066910 -0.074306
vn -0.001235 0.074311 -0.066905
vn -0.001173 0.080898 -0.058771
vn -0.001105 0.086599 -0.049994
vn -0.001034 0.091351 -0.040668
vn -0.001423 0.040671 -0.091345
vn -0.001423 0.040670 -0.091345
vn -0.001387 0.049996 -0.086594
vn -0.001423 0.040670 -0.091345
vn -0.001387 0.049996 -0.086594
vn -0.001343 0.058774 -0.080894
vn -0.001423 0.040670 -0.091345
vn -0.001387 0.049996 -0.086594
vn -0.001343 0.058774 -0.080894
vn -0.001292 0.066908 -0.074308
vn -0.001423 0.040670 -0.091345
vn -0.001387 0.049996 -0.086594
vn -0.001343 0.058774 -0.080894
vn -0.001292 0.066908 -0.074308
vn -0.001235 0.074309 -0.066907
vn -0.001423 0.040670 -0.091345
vn -0.001387 0.049996 -0.086594
vn -0.001343 0.058774 -0.080894
vn -0.001292 0.066908 -0.074308
vn -0.001235 0.074309 -0.066907
vn -0.001173 0.080897 -0.058774
vn -0.001343 0.058775 -0.080893
vn -0.001292 0.066909 -0.074307
vn -0.001235 0.074310 -0.066906
vn -0.001173 0.080898 -0.058773
vn -0.001105 0.086598 -0.049995
vn -0.001034 0.091350 -0.040670
vn -0.000959 0.095102 -0.030899
vn -0.000881 0.097811 -0.020789
vn -0.000801 0.099449 -0.010452
vn -0.001292 0.066910 -0.074306
vn -0.001235 0.074311 -0.066906
vn -0.001173 0.080898 -0.058772
vn -0.001105 0.086599 -0.049994
vn -0.001034 0.091351 -0.040668
vn -0.000959 0.095103 -0.030897
vn -0.001235 0.074311 -0.066906
vn -0.001173 0.080898 -0.058772
vn -0.001105 0.086599 -0.049995
vn -0.001034 0.091351 -0.040669
vn -0.000959 0.095102 -0.030898
vn -0.000881 0.097811 -0.020789
vn -0.000801 0.099449 -0.010451
vn -0.000721 0.099997 0.000001
vn -0.001173 0.080898 -0.058772
vn -0.001105 0.086599 -0.049994
vn -0.001034 0.091351 -0.040668
vn -0.000959 0.095102 -0.030897
vn -0.000881 0.097812 -0.020787
vn -0.001105 0.086599 -0.049994
vn -0.001034 0.091351 -0.040669
vn -0.000959 0.095102 -0.030898
vn -0.000881 0.097811 -0.020788
vn -0.000801 0.099449 -0.010451
vn -0.000721 0.099997 0.000001
vn -0.000641 0.099450 0.010453
vn -0.001034 0.091351 -0.040669
vn -0.000959 0.095102 -0.030897
vn -0.000881 0.097812 -0.020787
vn -0.000801 0.099449 -0.010449
vn -0.000959 0.095102 -0.030898
vn -0.000881 0.097811 -0.020788
vn -0.000801 0.099449 -0.010450
vn -0.000721 0.099997 0.000002
vn -0.000641 0.099450 0.010454
vn -0.000561 0.097813 0.020792
vn -0.000881 0.097812 -0.020788
vn -0.000801 0.099449 -0.010450
vn -0.000721 0.099997 0.000003
vn -0.000801 0.099449 -0.010450
vn -0.000721 0.099997 0.000002
vn -0.000641 0.099450 0.010454
vn -0.000561 0.097813 0.020792
vn -0.000483 0.095104 0.030902
vn -0.000721 0.099997 0.000003
vn -0.000641 0.099450 0.010455
vn -0.000641 0.099450 0.010455
vn -0.000561 0.097813 0.020792
vn -0.000483 0.095104 0.030902
vn -0.000408 0.091353 0.040674
vn -0.000561 0.097813 0.020793
vn -0.000483 0.095104 0.030903
vn -0.000408 0.091353 0.040674
vn -0.000337 0.086602 0.050000
vn -0.000269 0.080899 0.058781
vn -0.000207 0.074312 0.066915
vn -0.000150 0.066911 0.074316
vn -0.000099 0.058777 0.080903
vn -0.000055 0.049999 0.086603
vn -0.000019 0.040673 0.091355
vn 0.000010 0.030901 0.095106
vn 0.000031 0.020791 0.097815
vn 0.000044 0.010453 0.099452
vn 0.000048 0.000000 0.100000
vn -0.000207 0.074312 0.066915
vn -0.000150 0.066911 0.074316
vn -0.000099 0.058776 0.080903
vn -0.000055 0.049998 0.086604
vn -0.000019 0.040672 0.091355
vn 0.000010 0.030900 0.095106
vn 0.000031 0.020790 0.097815
vn -0.000150 0.066911 0.074316
vn -0.000099 0.058777 0.080903
vn -0.000055 0.049999 0.086603
vn -0.000019 0.040673 0.091355
vn 0.000010 0.030901 0.095106
vn 0.000031 0.020791 0.097815
vn 0.000044 0.010453 0.099452
vn 0.000048 0.000000 0.100000
vn 0.000044 -0.010453 0.099452
vn -0.000099 0.058777 0.080903
vn -0.000055 0.049998 0.086604
vn -0.000019 0.040672 0.091355
vn 0.000010 0.030901 0.095106
vn 0.000031 0.020790 0.097815
vn 0.000044 0.010452 0.099452
vn -0.000055 0.049998 0.086603
vn -0.000019 0.040672 0.091355
vn 0.000010 0.030901 0.095106
vn 0.000031 0.020791 0.097815
vn 0.000044 0.010453 0.099452
vn 0.000048 0.000000 0.100000
vn 0.000044 -0.010453 0.099452
vn 0.000031 -0.020791 0.097815
vn -0.000019 0.040672 0.091355
vn 0.000010 0.030901 0.095106
vn 0.000031 0.020790 0.097815
vn 0.000044 0.010453 0.099452
vn 0.000048 0.000000 0.100000
vn 0.000010 0.030901 0.095106
vn 0.000031 0.020791 0.097815
vn 0.000044 0.010453 0.099452
vn 0.000048 0.000000 0.100000
vn 0.000044 -0.010453 0.099452
vn 0.000031 -0.020791 0.097815
vn 0.000010 -0.030901 0.095106
vn 0.000031 0.020791 0.097815
vn 0.000044 0.010453 0.099452
vn 0.000048 0.000000 0.100000
vn 0.000044 -0.010452 0.099452
vn 0.000044 0.010453 0.099452
vn 0.000048 0.000000 0.100000
vn 0.000044 -0.010453 0.099452
vn 0.000031 -0.020791 0.097815
vn 0.000010 -0.030901 0.095106
vn -0.000019 -0.040673 0.091355
vn 0.000048 0.000000 0.100000
vn 0.000044 -0.010452 0.099452
vn 0.000031 -0.020790 0.097815
vn 0.000044 -0.010452 0.099452
vn 0.000031 -0.020791 0.097815
vn 0.000010 -0.030901 0.095106
vn -0.000019 -0.040673 0.091355
vn -0.000055 -0.049999 0.086603
vn 0.000031 -0.020790 0.097815
vn 0.000010 -0.030901 0.095106
vn 0.000010 -0.030901 0.095106
vn -0.000019 -0.040672 0.091355
vn -0.000055 -0.049998 0.086603
vn -0.000099 -0.058777 0.080903
vn 0.000010 -0.030901 0.095106
vn -0.000019 -0.040673 0.091355
vn -0.000055 -0.049999 0.086603
vn -0.000099 -0.058777 0.080902
vn -0.000150 -0.066912 0.074316
vn -0.000207 -0.074313 0.066915
vn -0.000269 -0.080900 0.058781
vn -0.000337 -0.086600 0.050003
vn -0.000408 -0.091352 0.040677
vn -0.000483 -0.095103 0.030906
vn -0.000019 -0.040672 0.091355
vn -0.000055 -0.049998 0.086604
vn -0.000099 -0.058777 0.080903
vn -0.000150 -0.066911 0.074316
usemtl Acciaio_-_Satinato
f 1/1/1 2/2/2 60/3/3
f 60/3/3 2/2/2 59/4/4
f 59/4/4 2/2/2 3/5/5
f 59/4/4 3/5/5 58/6/6
f 58/6/6 3/5/5 4/7/7
f 58/6/6 4/7/7 57/8/8
f 57/8/8 4/7/7 5/9/9
f 57/8/8 5/9/9 56/10/10
f 56/10/10 5/9/9 6/11/11
f 56/10/10 6/11/11 55/12/12
f 55/12/12 6/11/11 7/13/13
f 55/12/12 7/13/13 54/14/14
f 54/14/14 7/13/13 8/15/15
f 54/14/14 8/15/15 53/16/16
f 53/16/16 8/15/15 9/17/17
f 53/16/16 9/17/17 52/18/18
f 52/18/18 9/17/17 10/19/19
f 52/18/18 10/19/19 51/20/20
f 51/20/20 10/19/19 11/21/21
f 51/20/20 11/21/21 50/22/22
f 50/22/22 11/21/21 12/23/23
f 50/22/22 12/23/23 49/24/24
f 49/24/24 12/23/23 13/25/25
f 49/24/24 13/25/25 48/26/26
f 48/26/26 13/25/25 14/27/27
f 48/26/26 14/27/27 47/28/28
f 47/28/28 14/27/27 15/29/29
f 47/28/28 15/29/29 46/30/30
f 46/30/30 15/29/29 16/31/31
f 46/30/30 16/31/31 45/32/32
f 45/32/32 16/31/31 17/33/33
f 45/32/32 17/33/33 44/34/34
f 44/34/34 17/33/33 18/35/35
f 44/34/34 18/35/35 43/36/36
f 43/36/36 18/35/35 19/37/37
f 43/36/36 19/37/37 42/38/38
f 42/38/38 19/37/37 20/39/39
f 42/38/38 20/39/39 41/40/40
f 41/40/40 20/39/39 21/41/41
f 41/40/40 21/41/41 40/42/42
f 40/42/42 21/41/41 22/43/43
f 40/42/42 22/43/43 39/44/44
f 39/44/44 22/43/43 23/45/45
f 39/44/44 23/45/45 38/46/46
f 38/46/46 23/45/45 24/47/47
f 38/46/46 24/47/47 37/48/48
f 37/48/48 24/47/47 25/49/49
f 37/48/48 25/49/49 36/50/50
f 36/50/50 25/49/49 26/51/51
f 36/50/50 26/51/51 35/52/52
f 35/52/52 26/51/51 27/53/53
f 35/52/52 27/53/53 34/54/54
f 34/54/54 27/53/53 28/55/55
f 34/54/54 28/55/55 33/56/56
f 33/56/56 28/55/55 29/57/57
f 33/56/56 29/57/57 32/58/58
f 32/58/58 29/57/57 30/59/59
f 32/58/58 30/59/59 31/60/60
f 61/61/61 62/62/62 113/63/63
f 113/63/63 62/62/62 112/64/64
f 112/64/64 62/62/62 63/65/65
f 112/64/64 63/65/65 111/66/66
f 111/66/66 63/65/65 64/67/67
f 111/66/66 64/67/67 110/68/68
f 110/68/68 64/67/67 65/69/69
f 110/68/68 65/69/69 109/70/70
f 109/70/70 65/69/69 66/71/71
f 109/70/70 66/71/71 108/72/72
f 108/72/72 66/71/71 67/73/73
f 108/72/72 67/73/73 107/74/74
f 107/74/74 67/73/73 68/75/75
f 107/74/74 68/75/75 106/76/76
f 106/76/76 68/75/75 69/77/77
f 106/76/76 69/77/77 105/78/78
f 105/78/78 69/77/77 70/79/79
f 105/78/78 70/79/79 104/80/80
f 104/80/80 70/79/79 71/81/81
f 104/80/80 71/81/81 103/82/82
f 103/82/82 71/81/81 72/83/83
f 103/82/82 72/83/83 102/84/84
f 102/84/84 72/83/83 73/85/85
f 102/84/84 73/85/85 101/86/86
f 101/86/86 73/85/85 74/87/87
f 101/86/86 74/87/87 100/88/88
f 100/88/88 74/87/87 75/89/89
f 100/88/88 75/89/89 99/90/90
f 99/90/90 75/89/89 76/91/91
f 99/90/90 76/91/91 98/92/92
f 98/92/92 76/91/91 77/93/93
f 98/92/92 77/93/93 97/94/94
f 97/94/94 77/93/93 78/95/95
f 97/94/94 78/95/95 96/96/96
f 96/96/96 78/95/95 79/97/97
f 96/96/96 79/97/97 95/98/98
f 95/98/98 79/97/97 80/99/99
f 95/98/98 80/99/99 94/100/100
f 94/100/100 80/99/99 81/101/101
f 94/100/100 81/101/101 93/102/102
f 93/102/102 81/101/101 82/103/103
f 93/102/102 82/103/103 92/104/104
f 92/104/104 82/103/103 83/105/105
f 92/104/104 83/105/105 91/106/106
f 91/106/106 83/105/105 84/107/107
f 91/106/106 84/107/107 90/108/108
f 90/108/108 84/107/107 85/109/109
f 90/108/108 85/109/109 89/110/110
f 89/110/110 85/109/109 86/111/111
f 89/110/110 86/111/111 88/112/112
f 88/112/112 86/111/111 87/113/113
f 113/114/114 133/115/115 61/116/116
f 61/116/116 133/115/115 115/117/117
f 61/116/116 115/117/117 114/118/118
f 114/119/118 115/120/117 823/121/119
f 114/119/118 823/121/119 812/122/120
f 812/122/120 823/121/119 813/123/121
f 812/122/120 813/123/121 801/124/122
f 801/124/122 813/123/121 802/125/123
f 801/124/122 802/125/123 790/126/124
f 790/126/124 802/125/123 791/127/125
f 790/126/124 791/127/125 779/128/126
f 779/128/126 791/127/125 780/129/127
f 779/128/126 780/129/127 768/130/128
f 768/130/128 780/129/127 769/131/129
f 768/130/128 769/131/129 757/132/130
f 757/132/130 769/131/129 758/133/131
f 757/132/130 758/133/131 744/134/132
f 744/134/132 758/133/131 743/135/133
f 744/134/132 743/135/133 736/136/134
f 736/136/134 743/135/133 737/137/135
f 736/136/134 737/137/135 725/138/136
f 725/138/136 737/137/135 726/139/137
f 725/138/136 726/139/137 714/140/138
f 714/140/138 726/139/137 715/141/139
f 714/140/138 715/141/139 703/142/140
f 703/142/140 715/141/139 49/143/141
f 703/142/140 49/143/141 48/144/142
f 133/115/115 113/114/114 145/145/143
f 145/145/143 113/114/114 112/146/144
f 145/145/143 112/146/144 157/147/145
f 157/147/145 112/146/144 111/148/146
f 157/147/145 111/148/146 169/149/147
f 169/149/147 111/148/146 110/150/148
f 169/149/147 110/150/148 181/151/149
f 181/151/149 110/150/148 109/152/150
f 181/151/149 109/152/150 193/153/151
f 193/153/151 109/152/150 108/154/152
f 193/153/151 108/154/152 205/155/153
f 205/155/153 108/154/152 107/156/154
f 205/155/153 107/156/154 132/157/155
f 132/157/155 107/156/154 106/158/156
f 132/157/155 106/158/156 239/159/157
f 239/159/157 106/158/156 240/160/158
f 239/159/157 240/160/158 238/161/159
f 238/161/159 240/160/158 241/162/160
f 238/161/159 241/162/160 237/163/161
f 237/163/161 241/162/160 242/164/162
f 237/163/161 242/164/162 236/165/163
f 236/165/163 242/164/162 243/166/164
f 236/165/163 243/166/164 235/167/165
f 235/167/165 243/166/164 244/168/166
f 235/167/165 244/168/166 234/169/167
f 234/169/167 244/168/166 245/170/168
f 234/169/167 245/170/168 233/171/169
f 233/171/169 245/170/168 246/172/170
f 233/171/169 246/172/170 232/173/171
f 232/173/171 246/172/170 247/174/172
f 232/173/171 247/174/172 231/175/173
f 231/175/173 247/174/172 248/176/174
f 231/175/173 248/176/174 230/177/175
f 230/177/175 248/176/174 249/178/176
f 230/177/175 249/178/176 229/179/177
f 229/179/177 249/178/176 250/180/178
f 229/179/177 250/180/178 228/181/179
f 228/181/179 250/180/178 251/182/180
f 228/181/179 251/182/180 10/183/181
f 10/183/181 251/182/180 11/184/182
f 11/184/182 251/182/180 263/185/183
f 11/184/182 263/185/183 12/186/184
f 12/186/184 263/185/183 275/187/185
f 12/186/184 275/187/185 13/188/186
f 13/188/186 275/187/185 287/189/187
f 13/188/186 287/189/187 14/190/188
f 14/190/188 287/189/187 299/191/189
f 14/190/188 299/191/189 15/192/190
f 15/192/190 299/191/189 311/193/191
f 15/192/190 311/193/191 16/194/192
f 16/194/192 311/193/191 17/195/193
f 17/195/193 311/193/191 323/196/194
f 17/195/193 323/196/194 18/197/195
f 18/197/195 323/196/194 335/198/196
f 18/197/195 335/198/196 19/199/197
f 19/199/197 335/198/196 348/200/198
f 19/199/197 348/200/198 20/201/199
f 20/201/199 348/200/198 347/202/200
f 20/201/199 347/202/200 21/203/201
f 21/203/201 347/202/200 370/204/202
f 21/203/201 370/204/202 22/205/203
f 22/205/203 370/204/202 382/206/204
f 22/205/203 382/206/204 23/207/205
f 23/207/205 382/206/204 394/208/206
f 23/207/205 394/208/206 24/209/207
f 24/209/207 394/208/206 406/210/208
f 24/209/207 406/210/208 25/211/209
f 25/211/209 406/210/208 418/212/210
f 25/211/209 418/212/210 26/213/211
f 26/213/211 418/212/210 429/214/212
f 26/213/211 429/214/212 27/215/213
f 27/215/213 429/214/212 442/216/214
f 27/215/213 442/216/214 28/217/215
f 28/217/215 442/216/214 441/218/216
f 28/217/215 441/218/216 29/219/217
f 29/219/217 441/218/216 465/220/218
f 29/219/217 465/220/218 30/221/219
f 30/221/219 465/220/218 477/222/220
f 30/221/219 477/222/220 31/223/221
f 31/223/221 477/222/220 489/224/222
f 31/223/221 489/224/222 32/225/223
f 32/225/223 489/224/222 501/226/224
f 32/225/223 501/226/224 33/227/225
f 33/227/225 501/226/224 513/228/226
f 33/227/225 513/228/226 34/229/227
f 34/229/227 513/228/226 525/230/228
f 34/229/227 525/230/228 35/231/229
f 35/231/229 525/230/228 537/232/230
f 35/231/229 537/232/230 36/233/231
f 36/233/231 537/232/230 550/234/232
f 36/233/231 550/234/232 37/235/233
f 37/235/233 550/234/232 549/236/234
f 37/235/233 549/236/234 38/237/235
f 38/237/235 549/236/234 572/238/236
f 38/237/235 572/238/236 39/239/237
f 39/239/237 572/238/236 584/240/238
f 39/239/237 584/240/238 40/241/239
f 40/241/239 584/240/238 596/242/240
f 40/241/239 596/242/240 41/243/241
f 41/243/241 596/242/240 608/244/242
f 41/243/241 608/244/242 42/245/243
f 42/245/243 608/244/242 620/246/244
f 42/245/243 620/246/244 43/247/245
f 43/247/245 620/246/244 631/248/246
f 43/247/245 631/248/246 44/249/247
f 44/249/247 631/248/246 644/250/248
f 44/249/247 644/250/248 45/251/249
f 45/251/249 644/250/248 643/252/250
f 45/251/249 643/252/250 46/253/251
f 46/253/251 643/252/250 667/254/252
f 46/253/251 667/254/252 679/255/253
f 679/255/253 667/254/252 678/256/254
f 679/255/253 678/256/254 690/257/255
f 690/257/255 678/256/254 689/258/256
f 690/257/255 689/258/256 701/259/257
f 701/259/257 689/258/256 700/260/258
f 701/259/257 700/260/258 712/261/259
f 712/261/259 700/260/258 711/262/260
f 712/261/259 711/262/260 723/263/261
f 723/263/261 711/262/260 722/264/262
f 723/263/261 722/264/262 734/265/263
f 734/265/263 722/264/262 733/266/264
f 734/265/263 733/266/264 746/267/265
f 746/267/265 733/266/264 747/268/266
f 746/267/265 747/268/266 755/269/267
f 755/269/267 747/268/266 754/270/268
f 755/269/267 754/270/268 766/271/269
f 766/271/269 754/270/268 765/272/270
f 766/271/269 765/272/270 777/273/271
f 777/273/271 765/272/270 776/274/272
f 777/273/271 776/274/272 788/275/273
f 788/275/273 776/274/272 787/276/274
f 788/275/273 787/276/274 799/277/275
f 799/277/275 787/276/274 64/278/276
f 799/277/275 64/278/276 63/279/277
f 106/158/156 105/280/278 240/160/158
f 240/160/158 105/280/278 252/281/279
f 240/160/158 252/281/279 241/162/160
f 241/162/160 252/281/279 253/282/280
f 241/162/160 253/282/280 242/164/162
f 242/164/162 253/282/280 254/283/281
f 242/164/162 254/283/281 243/166/164
f 243/166/164 254/283/281 255/284/282
f 243/166/164 255/284/282 244/168/166
f 244/168/166 255/284/282 256/285/283
f 244/168/166 256/285/283 245/170/168
f 245/170/168 256/285/283 257/286/284
f 245/170/168 257/286/284 246/172/170
f 246/172/170 257/286/284 258/287/285
f 246/172/170 258/287/285 247/174/172
f 247/174/172 258/287/285 259/288/286
f 247/174/172 259/288/286 248/176/174
f 248/176/174 259/288/286 260/289/287
f 248/176/174 260/289/287 249/178/176
f 249/178/176 260/289/287 261/290/288
f 249/178/176 261/290/288 250/180/178
f 250/180/178 261/290/288 262/291/289
f 250/180/178 262/291/289 251/182/180
f 251/182/180 262/291/289 263/185/183
f 105/280/278 104/292/290 252/281/279
f 252/281/279 104/292/290 264/293/291
f 252/281/279 264/293/291 253/282/280
f 253/282/280 264/293/291 265/294/292
f 253/282/280 265/294/292 254/283/281
f 254/283/281 265/294/292 266/295/293
f 254/283/281 266/295/293 255/284/282
f 255/284/282 266/295/293 267/296/294
f 255/284/282 267/296/294 256/285/283
f 256/285/283 267/296/294 268/297/295
f 256/285/283 268/297/295 257/286/284
f 257/286/284 268/297/295 269/298/296
f 257/286/284 269/298/296 258/287/285
f 258/287/285 269/298/296 270/299/297
f 258/287/285 270/299/297 259/288/286
f 259/288/286 270/299/297 271/300/298
f 259/288/286 271/300/298 260/289/287
f 260/289/287 271/300/298 272/301/299
f 260/289/287 272/301/299 261/290/288
f 261/290/288 272/301/299 273/302/300
f 261/290/288 273/302/300 262/291/289
f 262/291/289 273/302/300 274/303/301
f 262/291/289 274/303/301 263/185/183
f 263/185/183 274/303/301 275/187/185
f 104/292/290 103/304/302 264/293/291
f 264/293/291 103/304/302 276/305/303
f 264/293/291 276/305/303 265/294/292
f 265/294/292 276/305/303 277/306/304
f 265/294/292 277/306/304 266/295/293
f 266/295/293 277/306/304 278/307/305
f 266/295/293 278/307/305 267/296/294
f 267/296/294 278/307/305 279/308/306
f 267/296/294 279/308/306 268/297/295
f 268/297/295 279/308/306 280/309/307
f 268/297/295 280/309/307 269/298/296
f 269/298/296 280/309/307 281/310/308
f 269/298/296 281/310/308 270/299/297
f 270/299/297 281/310/308 282/311/309
f 270/299/297 282/311/309 271/300/298
f 271/300/298 282/311/309 283/312/310
f 271/300/298 283/312/310 272/301/299
f 272/301/299 283/312/310 284/313/311
f 272/301/299 284/313/311 273/302/300
f 273/302/300 284/313/311 285/314/312
f 273/302/300 285/314/312 274/303/301
f 274/303/301 285/314/312 286/315/313
f 274/303/301 286/315/313 275/187/185
f 275/187/185 286/315/313 287/189/187
f 103/304/302 102/316/314 276/305/303
f 276/305/303 102/316/314 288/317/315
f 276/305/303 288/317/315 277/306/304
f 277/306/304 288/317/315 289/318/316
f 277/306/304 289/318/316 278/307/305
f 278/307/305 289/318/316 290/319/317
f 278/307/305 290/319/317 279/308/306
f 279/308/306 290/319/317 291/320/318
f 279/308/306 291/320/318 280/309/307
f 280/309/307 291/320/318 292/321/319
f 280/309/307 292/321/319 281/310/308
f 281/310/308 292/321/319 293/322/320
f 281/310/308 293/322/320 282/311/309
f 282/311/309 293/322/320 294/323/321
f 282/311/309 294/323/321 283/312/310
f 283/312/310 294/323/321 295/324/322
f 283/312/310 295/324/322 284/313/311
f 284/313/311 295/324/322 296/325/323
f 284/313/311 296/325/323 285/314/312
f 285/314/312 296/325/323 297/326/324
f 285/314/312 297/326/324 286/315/313
f 286/315/313 297/326/324 298/327/325
f 286/315/313 298/327/325 287/189/187
f 287/189/187 298/327/325 299/191/189
f 102/316/314 101/328/326 288/317/315
f 288/317/315 101/328/326 300/329/327
f 288/317/315 300/329/327 289/318/316
f 289/318/316 300/329/327 301/330/328
f 289/318/316 301/330/328 290/319/317
f 290/319/317 301/330/328 302/331/329
f 290/319/317 302/331/329 291/320/318
f 291/320/318 302/331/329 303/332/330
f 291/320/318 303/332/330 292/321/319
f 292/321/319 303/332/330 304/333/331
f 292/321/319 304/333/331 293/322/320
f 293/322/320 304/333/331 305/334/332
f 293/322/320 305/334/332 294/323/321
f 294/323/321 305/334/332 306/335/333
f 294/323/321 306/335/333 295/324/322
f 295/324/322 306/335/333 307/336/334
f 295/324/322 307/336/334 296/325/323
f 296/325/323 307/336/334 308/337/335
f 296/325/323 308/337/335 297/326/324
f 297/326/324 308/337/335 309/338/336
f 297/326/324 309/338/336 298/327/325
f 298/327/325 309/338/336 310/339/337
f 298/327/325 310/339/337 299/191/189
f 299/191/189 310/339/337 311/193/191
f 101/328/326 100/340/338 300/329/327
f 300/329/327 100/340/338 312/341/339
f 300/329/327 312/341/339 313/342/340
f 313/342/340 312/341/339 325/343/341
f 313/342/340 325/343/341 326/344/342
f 326/344/342 325/343/341 357/345/343
f 326/344/342 357/345/343 356/346/344
f 356/346/344 357/345/343 339/347/345
f 356/346/344 339/347/345 340/348/346
f 340/348/346 339/347/345 363/349/347
f 340/348/346 363/349/347 364/350/348
f 364/350/348 363/349/347 376/351/349
f 364/350/348 376/351/349 377/352/350
f 377/352/350 376/351/349 389/353/351
f 377/352/350 389/353/351 390/354/352
f 390/354/352 389/353/351 402/355/353
f 390/354/352 402/355/353 403/356/354
f 403/356/354 402/355/353 415/357/355
f 403/356/354 415/357/355 416/358/356
f 416/358/356 415/357/355 427/359/357
f 416/358/356 427/359/357 428/360/358
f 428/360/358 427/359/357 443/361/359
f 428/360/358 443/361/359 442/216/214
f 442/216/214 443/361/359 441/218/216
f 100/340/338 99/362/360 312/341/339
f 312/341/339 99/362/360 324/363/361
f 312/341/339 324/363/361 325/343/341
f 325/343/341 324/363/361 358/364/362
f 325/343/341 358/364/362 357/345/343
f 357/345/343 358/364/362 338/365/363
f 357/345/343 338/365/363 339/347/345
f 339/347/345 338/365/363 362/366/364
f 339/347/345 362/366/364 363/349/347
f 363/349/347 362/366/364 375/367/365
f 363/349/347 375/367/365 376/351/349
f 376/351/349 375/367/365 388/368/366
f 376/351/349 388/368/366 389/353/351
f 389/353/351 388/368/366 401/369/367
f 389/353/351 401/369/367 402/355/353
f 402/355/353 401/369/367 414/370/368
f 402/355/353 414/370/368 415/357/355
f 415/357/355 414/370/368 426/371/369
f 415/357/355 426/371/369 427/359/357
f 427/359/357 426/371/369 444/372/370
f 427/359/357 444/372/370 443/361/359
f 443/361/359 444/372/370 440/373/371
f 443/361/359 440/373/371 441/218/216
f 441/218/216 440/373/371 465/220/218
f 324/363/361 99/362/360 131/374/372
f 131/374/372 99/362/360 98/375/373
f 131/374/372 98/375/373 336/376/374
f 336/376/374 98/375/373 97/377/375
f 336/376/374 97/377/375 359/378/376
f 359/378/376 97/377/375 96/379/377
f 359/378/376 96/379/377 371/380/378
f 371/380/378 96/379/377 95/381/379
f 371/380/378 95/381/379 383/382/380
f 383/382/380 95/381/379 94/383/381
f 383/382/380 94/383/381 395/384/382
f 395/384/382 94/383/381 93/385/383
f 395/384/382 93/385/383 407/386/384
f 407/386/384 93/385/383 92/387/385
f 407/386/384 92/387/385 130/388/386
f 130/388/386 92/387/385 91/389/387
f 130/388/386 91/389/387 453/390/388
f 453/390/388 91/389/387 430/391/389
f 453/390/388 430/391/389 431/392/390
f 431/392/390 430/391/389 455/393/391
f 431/392/390 455/393/391 456/394/392
f 456/394/392 455/393/391 468/395/393
f 456/394/392 468/395/393 469/396/394
f 469/396/394 468/395/393 481/397/395
f 469/396/394 481/397/395 482/398/396
f 482/398/396 481/397/395 494/399/397
f 482/398/396 494/399/397 495/400/398
f 495/400/398 494/399/397 507/401/399
f 495/400/398 507/401/399 508/402/400
f 508/402/400 507/401/399 520/403/401
f 508/402/400 520/403/401 521/404/402
f 521/404/402 520/403/401 533/405/403
f 521/404/402 533/405/403 534/406/404
f 534/406/404 533/405/403 553/407/405
f 534/406/404 553/407/405 552/408/406
f 552/408/406 553/407/405 547/409/407
f 552/408/406 547/409/407 548/410/408
f 548/410/408 547/409/407 571/411/409
f 548/410/408 571/411/409 572/238/236
f 572/238/236 571/411/409 584/240/238
f 91/389/387 90/412/410 430/391/389
f 430/391/389 90/412/410 454/413/411
f 430/391/389 454/413/411 455/393/391
f 455/393/391 454/413/411 467/414/412
f 455/393/391 467/414/412 468/395/393
f 468/395/393 467/414/412 480/415/413
f 468/395/393 480/415/413 481/397/395
f 481/397/395 480/415/413 493/416/414
f 481/397/395 493/416/414 494/399/397
f 494/399/397 493/416/414 506/417/415
f 494/399/397 506/417/415 507/401/399
f 507/401/399 506/417/415 519/418/416
f 507/401/399 519/418/416 520/403/401
f 520/403/401 519/418/416 532/419/417
f 520/403/401 532/419/417 533/405/403
f 533/405/403 532/419/417 554/420/418
f 533/405/403 554/420/418 553/407/405
f 553/407/405 554/420/418 546/421/419
f 553/407/405 546/421/419 547/409/407
f 547/409/407 546/421/419 570/422/420
f 547/409/407 570/422/420 571/411/409
f 571/411/409 570/422/420 583/423/421
f 571/411/409 583/423/421 584/240/238
f 584/240/238 583/423/421 596/242/240
f 90/412/410 89/424/422 454/413/411
f 454/413/411 89/424/422 466/425/423
f 454/413/411 466/425/423 467/414/412
f 467/414/412 466/425/423 479/426/424
f 467/414/412 479/426/424 480/415/413
f 480/415/413 479/426/424 492/427/425
f 480/415/413 492/427/425 493/416/414
f 493/416/414 492/427/425 505/428/426
f 493/416/414 505/428/426 506/417/415
f 506/417/415 505/428/426 518/429/427
f 506/417/415 518/429/427 519/418/416
f 519/418/416 518/429/427 531/430/428
f 519/418/416 531/430/428 532/419/417
f 532/419/417 531/430/428 555/431/429
f 532/419/417 555/431/429 554/420/418
f 554/420/418 555/431/429 545/432/430
f 554/420/418 545/432/430 546/421/419
f 546/421/419 545/432/430 569/433/431
f 546/421/419 569/433/431 570/422/420
f 570/422/420 569/433/431 582/434/432
f 570/422/420 582/434/432 583/423/421
f 583/423/421 582/434/432 595/435/433
f 583/423/421 595/435/433 596/242/240
f 596/242/240 595/435/433 608/244/242
f 89/424/422 88/436/434 466/425/423
f 466/425/423 88/436/434 478/437/435
f 466/425/423 478/437/435 479/426/424
f 479/426/424 478/437/435 491/438/436
f 479/426/424 491/438/436 492/427/425
f 492/427/425 491/438/436 504/439/437
f 492/427/425 504/439/437 505/428/426
f 505/428/426 504/439/437 517/440/438
f 505/428/426 517/440/438 518/429/427
f 518/429/427 517/440/438 530/441/439
f 518/429/427 530/441/439 531/430/428
f 531/430/428 530/441/439 556/442/440
f 531/430/428 556/442/440 555/431/429
f 555/431/429 556/442/440 544/443/441
f 555/431/429 544/443/441 545/432/430
f 545/432/430 544/443/441 568/444/442
f 545/432/430 568/444/442 569/433/431
f 569/433/431 568/444/442 581/445/443
f 569/433/431 581/445/443 582/434/432
f 582/434/432 581/445/443 594/446/444
f 582/434/432 594/446/444 595/435/433
f 595/435/433 594/446/444 607/447/445
f 595/435/433 607/447/445 608/244/242
f 608/244/242 607/447/445 620/246/244
f 88/436/434 87/448/446 478/437/435
f 478/437/435 87/448/446 490/449/447
f 478/437/435 490/449/447 491/438/436
f 491/438/436 490/449/447 503/450/448
f 491/438/436 503/450/448 504/439/437
f 504/439/437 503/450/448 516/451/449
f 504/439/437 516/451/449 517/440/438
f 517/440/438 516/451/449 529/452/450
f 517/440/438 529/452/450 530/441/439
f 530/441/439 529/452/450 557/453/451
f 530/441/439 557/453/451 556/442/440
f 556/442/440 557/453/451 543/454/452
f 556/442/440 543/454/452 544/443/441
f 544/443/441 543/454/452 567/455/453
f 544/443/441 567/455/453 568/444/442
f 568/444/442 567/455/453 580/456/454
f 568/444/442 580/456/454 581/445/443
f 581/445/443 580/456/454 593/457/455
f 581/445/443 593/457/455 594/446/444
f 594/446/444 593/457/455 606/458/456
f 594/446/444 606/458/456 607/447/445
f 607/447/445 606/458/456 619/459/457
f 607/447/445 619/459/457 620/246/244
f 620/246/244 619/459/457 631/248/246
f 87/448/446 86/460/458 490/449/447
f 490/449/447 86/460/458 502/461/459
f 490/449/447 502/461/459 503/450/448
f 503/450/448 502/461/459 515/462/460
f 503/450/448 515/462/460 516/451/449
f 516/451/449 515/462/460 528/463/461
f 516/451/449 528/463/461 529/452/450
f 529/452/450 528/463/461 558/464/462
f 529/452/450 558/464/462 557/453/451
f 557/453/451 558/464/462 542/465/463
f 557/453/451 542/465/463 543/454/452
f 543/454/452 542/465/463 566/466/464
f 543/454/452 566/466/464 567/455/453
f 567/455/453 566/466/464 579/467/465
f 567/455/453 579/467/465 580/456/454
f 580/456/454 579/467/465 592/468/466
f 580/456/454 592/468/466 593/457/455
f 593/457/455 592/468/466 605/469/467
f 593/457/455 605/469/467 606/458/456
f 606/458/456 605/469/467 618/470/468
f 606/458/456 618/470/468 619/459/457
f 619/459/457 618/470/468 630/471/469
f 619/459/457 630/471/469 631/248/246
f 631/248/246 630/471/469 644/250/248
f 86/460/458 85/472/470 502/461/459
f 502/461/459 85/472/470 514/473/471
f 502/461/459 514/473/471 515/462/460
f 515/462/460 514/473/471 527/474/472
f 515/462/460 527/474/472 528/463/461
f 528/463/461 527/474/472 559/475/473
f 528/463/461 559/475/473 558/464/462
f 558/464/462 559/475/473 541/476/474
f 558/464/462 541/476/474 542/465/463
f 542/465/463 541/476/474 565/477/475
f 542/465/463 565/477/475 566/466/464
f 566/466/464 565/477/475 578/478/476
f 566/466/464 578/478/476 579/467/465
f 579/467/465 578/478/476 591/479/477
f 579/467/465 591/479/477 592/468/466
f 592/468/466 591/479/477 604/480/478
f 592/468/466 604/480/478 605/469/467
f 605/469/467 604/480/478 617/481/479
f 605/469/467 617/481/479 618/470/468
f 618/470/468 617/481/479 629/482/480
f 618/470/468 629/482/480 630/471/469
f 630/471/469 629/482/480 645/483/481
f 630/471/469 645/483/481 644/250/248
f 644/250/248 645/483/481 643/252/250
f 85/472/470 84/484/482 514/473/471
f 514/473/471 84/484/482 526/485/483
f 514/473/471 526/485/483 527/474/472
f 527/474/472 526/485/483 560/486/484
f 527/474/472 560/486/484 559/475/473
f 559/475/473 560/486/484 540/487/485
f 559/475/473 540/487/485 541/476/474
f 541/476/474 540/487/485 564/488/486
f 541/476/474 564/488/486 565/477/475
f 565/477/475 564/488/486 577/489/487
f 565/477/475 577/489/487 578/478/476
f 578/478/476 577/489/487 590/490/488
f 578/478/476 590/490/488 591/479/477
f 591/479/477 590/490/488 603/491/489
f 591/479/477 603/491/489 604/480/478
f 604/480/478 603/491/489 616/492/490
f 604/480/478 616/492/490 617/481/479
f 617/481/479 616/492/490 628/493/491
f 617/481/479 628/493/491 629/482/480
f 629/482/480 628/493/491 646/494/492
f 629/482/480 646/494/492 645/483/481
f 645/483/481 646/494/492 642/495/493
f 645/483/481 642/495/493 643/252/250
f 643/252/250 642/495/493 667/254/252
f 526/485/483 84/484/482 129/496/494
f 129/496/494 84/484/482 83/497/495
f 129/496/494 83/497/495 538/498/496
f 538/498/496 83/497/495 82/499/497
f 538/498/496 82/499/497 561/500/498
f 561/500/498 82/499/497 81/501/499
f 561/500/498 81/501/499 573/502/500
f 573/502/500 81/501/499 80/503/501
f 573/502/500 80/503/501 585/504/502
f 585/504/502 80/503/501 79/505/503
f 585/504/502 79/505/503 597/506/504
f 597/506/504 79/505/503 78/507/505
f 597/506/504 78/507/505 609/508/506
f 609/508/506 78/507/505 77/509/507
f 609/508/506 77/509/507 128/510/508
f 128/510/508 77/509/507 76/511/509
f 128/510/508 76/511/509 655/512/510
f 655/512/510 76/511/509 632/513/511
f 655/512/510 632/513/511 633/514/512
f 633/514/512 632/513/511 657/515/513
f 633/514/512 657/515/513 658/516/514
f 658/516/514 657/515/513 669/517/515
f 658/516/514 669/517/515 670/518/516
f 670/518/516 669/517/515 681/519/517
f 670/518/516 681/519/517 682/520/518
f 682/520/518 681/519/517 693/521/519
f 682/520/518 693/521/519 694/522/520
f 694/522/520 693/521/519 705/523/521
f 694/522/520 705/523/521 706/524/522
f 706/524/522 705/523/521 717/525/523
f 706/524/522 717/525/523 718/526/524
f 718/526/524 717/525/523 729/527/525
f 718/526/524 729/527/525 730/528/526
f 730/528/526 729/527/525 750/529/527
f 730/528/526 750/529/527 749/530/528
f 749/530/528 750/529/527 752/531/529
f 749/530/528 752/531/529 753/532/530
f 753/532/530 752/531/529 764/533/531
f 753/532/530 764/533/531 765/272/270
f 765/272/270 764/533/531 776/274/272
f 76/511/509 75/534/532 632/513/511
f 632/513/511 75/534/532 656/535/533
f 632/513/511 656/535/533 657/515/513
f 657/515/513 656/535/533 668/536/534
f 657/515/513 668/536/534 669/517/515
f 669/517/515 668/536/534 680/537/535
f 669/517/515 680/537/535 681/519/517
f 681/519/517 680/537/535 692/538/536
f 681/519/517 692/538/536 693/521/519
f 693/521/519 692/538/536 704/539/537
f 693/521/519 704/539/537 705/523/521
f 705/523/521 704/539/537 716/540/538
f 705/523/521 716/540/538 717/525/523
f 717/525/523 716/540/538 728/541/539
f 717/525/523 728/541/539 729/527/525
f 729/527/525 728/541/539 127/542/540
f 729/527/525 127/542/540 750/529/527
f 750/529/527 127/542/540 751/543/541
f 750/529/527 751/543/541 752/531/529
f 752/531/529 751/543/541 763/544/542
f 752/531/529 763/544/542 764/533/531
f 764/533/531 763/544/542 775/545/543
f 764/533/531 775/545/543 776/274/272
f 776/274/272 775/545/543 787/276/274
f 75/534/532 74/546/544 656/535/533
f 656/535/533 74/546/544 668/536/534
f 74/546/544 73/547/545 668/536/534
f 668/536/534 73/547/545 680/537/535
f 73/547/545 72/548/546 680/537/535
f 680/537/535 72/548/546 692/538/536
f 72/548/546 71/549/547 692/538/536
f 692/538/536 71/549/547 704/539/537
f 71/549/547 70/550/548 704/539/537
f 704/539/537 70/550/548 716/540/538
f 70/550/548 69/551/549 716/540/538
f 716/540/538 69/551/549 728/541/539
f 728/541/539 69/551/549 127/542/540
f 127/542/540 69/551/549 68/552/550
f 127/542/540 68/552/550 751/543/541
f 751/543/541 68/552/550 67/553/551
f 751/543/541 67/553/551 763/544/542
f 763/544/542 67/553/551 66/554/552
f 763/544/542 66/554/552 775/545/543
f 775/545/543 66/554/552 65/555/553
f 775/545/543 65/555/553 787/276/274
f 787/276/274 65/555/553 64/278/276
f 799/277/275 63/279/277 811/556/554
f 811/556/554 63/279/277 62/557/555
f 811/556/554 62/557/555 114/119/118
f 114/118/118 62/558/555 61/116/116
f 60/559/556 126/560/557 1/561/558
f 1/562/558 126/563/557 144/564/559
f 1/562/558 144/564/559 2/565/560
f 2/565/560 144/564/559 156/566/561
f 2/565/560 156/566/561 3/567/562
f 3/567/562 156/566/561 168/568/563
f 3/567/562 168/568/563 4/569/564
f 4/569/564 168/568/563 180/570/565
f 4/569/564 180/570/565 5/571/566
f 5/571/566 180/570/565 192/572/567
f 5/571/566 192/572/567 6/573/568
f 6/573/568 192/572/567 204/574/569
f 6/573/568 204/574/569 7/575/570
f 7/575/570 204/574/569 216/576/571
f 7/575/570 216/576/571 8/577/572
f 8/577/572 216/576/571 227/578/573
f 8/577/572 227/578/573 9/579/574
f 9/579/574 227/578/573 228/181/179
f 9/579/574 228/181/179 10/183/181
f 126/560/557 60/559/556 833/580/575
f 833/580/575 60/559/556 59/581/576
f 833/580/575 59/581/576 822/582/577
f 822/582/577 59/581/576 58/583/578
f 822/582/577 58/583/578 810/584/579
f 810/584/579 58/583/578 57/585/580
f 810/584/579 57/585/580 798/586/581
f 798/586/581 57/585/580 56/587/582
f 798/586/581 56/587/582 786/588/583
f 786/588/583 56/587/582 55/589/584
f 786/588/583 55/589/584 774/590/585
f 774/590/585 55/589/584 54/591/586
f 774/590/585 54/591/586 762/592/587
f 762/592/587 54/591/586 53/593/588
f 762/592/587 53/593/588 740/594/589
f 740/594/589 53/593/588 52/595/590
f 740/594/589 52/595/590 739/596/591
f 739/596/591 52/595/590 51/597/592
f 739/596/591 51/597/592 727/598/593
f 727/598/593 51/597/592 50/599/594
f 727/598/593 50/599/594 715/141/139
f 715/141/139 50/599/594 49/143/141
f 703/142/140 48/144/142 691/600/595
f 691/600/595 48/144/142 47/601/596
f 691/600/595 47/601/596 679/255/253
f 679/255/253 47/601/596 46/253/251
f 115/120/117 116/602/597 823/121/119
f 823/121/119 116/602/597 824/603/598
f 823/121/119 824/603/598 813/123/121
f 813/123/121 824/603/598 814/604/599
f 813/123/121 814/604/599 802/125/123
f 802/125/123 814/604/599 803/605/600
f 802/125/123 803/605/600 791/127/125
f 791/127/125 803/605/600 792/606/601
f 791/127/125 792/606/601 780/129/127
f 780/129/127 792/606/601 781/607/602
f 780/129/127 781/607/602 769/131/129
f 769/131/129 781/607/602 770/608/603
f 769/131/129 770/608/603 758/133/131
f 758/133/131 770/608/603 759/609/604
f 758/133/131 759/609/604 743/135/133
f 743/135/133 759/609/604 742/610/605
f 743/135/133 742/610/605 737/137/135
f 737/137/135 742/610/605 738/611/606
f 737/137/135 738/611/606 726/139/137
f 726/139/137 738/611/606 727/598/593
f 726/139/137 727/598/593 715/141/139
f 116/602/597 117/612/607 824/603/598
f 824/603/598 117/612/607 825/613/608
f 824/603/598 825/613/608 814/604/599
f 814/604/599 825/613/608 815/614/609
f 814/604/599 815/614/609 803/605/600
f 803/605/600 815/614/609 804/615/610
f 803/605/600 804/615/610 792/606/601
f 792/606/601 804/615/610 793/616/611
f 792/606/601 793/616/611 781/607/602
f 781/607/602 793/616/611 782/617/612
f 781/607/602 782/617/612 770/608/603
f 770/608/603 782/617/612 771/618/613
f 770/608/603 771/618/613 759/609/604
f 759/609/604 771/618/613 760/619/614
f 759/609/604 760/619/614 742/610/605
f 742/610/605 760/619/614 741/620/615
f 742/610/605 741/620/615 738/611/606
f 738/611/606 741/620/615 739/596/591
f 738/611/606 739/596/591 727/598/593
f 115/117/117 133/115/115 116/621/597
f 116/621/597 133/115/115 134/622/616
f 116/621/597 134/622/616 117/623/607
f 117/623/607 134/622/616 135/624/617
f 117/623/607 135/624/617 118/625/618
f 118/625/618 135/624/617 136/626/619
f 118/625/618 136/626/619 119/627/620
f 119/627/620 136/626/619 137/628/621
f 119/627/620 137/628/621 120/629/622
f 120/629/622 137/628/621 138/630/623
f 120/629/622 138/630/623 121/631/624
f 121/631/624 138/630/623 139/632/625
f 121/631/624 139/632/625 122/633/626
f 122/633/626 139/632/625 140/634/627
f 122/633/626 140/634/627 123/635/628
f 123/635/628 140/634/627 141/636/629
f 123/635/628 141/636/629 124/637/630
f 124/637/630 141/636/629 142/638/631
f 124/637/630 142/638/631 125/639/632
f 125/639/632 142/638/631 143/640/633
f 125/639/632 143/640/633 126/563/557
f 126/563/557 143/640/633 144/564/559
f 117/612/607 118/641/618 825/613/608
f 825/613/608 118/641/618 826/642/634
f 825/613/608 826/642/634 815/614/609
f 815/614/609 826/642/634 816/643/635
f 815/614/609 816/643/635 804/615/610
f 804/615/610 816/643/635 805/644/636
f 804/615/610 805/644/636 793/616/611
f 793/616/611 805/644/636 794/645/637
f 793/616/611 794/645/637 782/617/612
f 782/617/612 794/645/637 783/646/638
f 782/617/612 783/646/638 771/618/613
f 771/618/613 783/646/638 772/647/639
f 771/618/613 772/647/639 760/619/614
f 760/619/614 772/647/639 761/648/640
f 760/619/614 761/648/640 741/620/615
f 741/620/615 761/648/640 740/594/589
f 741/620/615 740/594/589 739/596/591
f 118/641/618 119/649/620 826/642/634
f 826/642/634 119/649/620 827/650/641
f 826/642/634 827/650/641 816/643/635
f 816/643/635 827/650/641 817/651/642
f 816/643/635 817/651/642 805/644/636
f 805/644/636 817/651/642 806/652/643
f 805/644/636 806/652/643 794/645/637
f 794/645/637 806/652/643 795/653/644
f 794/645/637 795/653/644 783/646/638
f 783/646/638 795/653/644 784/654/645
f 783/646/638 784/654/645 772/647/639
f 772/647/639 784/654/645 773/655/646
f 772/647/639 773/655/646 761/648/640
f 761/648/640 773/655/646 762/592/587
f 761/648/640 762/592/587 740/594/589
f 119/649/620 120/656/622 827/650/641
f 827/650/641 120/656/622 828/657/647
f 827/650/641 828/657/647 817/651/642
f 817/651/642 828/657/647 818/658/648
f 817/651/642 818/658/648 806/652/643
f 806/652/643 818/658/648 807/659/649
f 806/652/643 807/659/649 795/653/644
f 795/653/644 807/659/649 796/660/650
f 795/653/644 796/660/650 784/654/645
f 784/654/645 796/660/650 785/661/651
f 784/654/645 785/661/651 773/655/646
f 773/655/646 785/661/651 774/590/585
f 773/655/646 774/590/585 762/592/587
f 120/656/622 121/662/624 828/657/647
f 828/657/647 121/662/624 829/663/652
f 828/657/647 829/663/652 818/658/648
f 818/658/648 829/663/652 819/664/653
f 818/658/648 819/664/653 807/659/649
f 807/659/649 819/664/653 808/665/654
f 807/659/649 808/665/654 796/660/650
f 796/660/650 808/665/654 797/666/655
f 796/660/650 797/666/655 785/661/651
f 785/661/651 797/666/655 786/588/583
f 785/661/651 786/588/583 774/590/585
f 121/662/624 122/667/626 829/663/652
f 829/663/652 122/667/626 830/668/656
f 829/663/652 830/668/656 819/664/653
f 819/664/653 830/668/656 820/669/657
f 819/664/653 820/669/657 808/665/654
f 808/665/654 820/669/657 809/670/658
f 808/665/654 809/670/658 797/666/655
f 797/666/655 809/670/658 798/586/581
f 797/666/655 798/586/581 786/588/583
f 122/667/626 123/671/628 830/668/656
f 830/668/656 123/671/628 831/672/659
f 830/668/656 831/672/659 820/669/657
f 820/669/657 831/672/659 821/673/660
f 820/669/657 821/673/660 809/670/658
f 809/670/658 821/673/660 810/584/579
f 809/670/658 810/584/579 798/586/581
f 123/671/628 124/674/630 831/672/659
f 831/672/659 124/674/630 832/675/661
f 831/672/659 832/675/661 821/673/660
f 821/673/660 832/675/661 822/582/577
f 821/673/660 822/582/577 810/584/579
f 124/674/630 125/676/632 832/675/661
f 832/675/661 125/676/632 833/580/575
f 832/675/661 833/580/575 822/582/577
f 125/676/632 126/560/557 833/580/575
f 229/179/177 228/181/179 227/578/573
f 133/115/115 145/145/143 134/622/616
f 134/622/616 145/145/143 146/677/662
f 134/622/616 146/677/662 135/624/617
f 135/624/617 146/677/662 147/678/663
f 135/624/617 147/678/663 136/626/619
f 136/626/619 147/678/663 148/679/664
f 136/626/619 148/679/664 137/628/621
f 137/628/621 148/679/664 149/680/665
f 137/628/621 149/680/665 138/630/623
f 138/630/623 149/680/665 150/681/666
f 138/630/623 150/681/666 139/632/625
f 139/632/625 150/681/666 151/682/667
f 139/632/625 151/682/667 140/634/627
f 140/634/627 151/682/667 152/683/668
f 140/634/627 152/683/668 141/636/629
f 141/636/629 152/683/668 153/684/669
f 141/636/629 153/684/669 142/638/631
f 142/638/631 153/684/669 154/685/670
f 142/638/631 154/685/670 143/640/633
f 143/640/633 154/685/670 155/686/671
f 143/640/633 155/686/671 144/564/559
f 144/564/559 155/686/671 156/566/561
f 145/145/143 157/147/145 146/677/662
f 146/677/662 157/147/145 158/687/672
f 146/677/662 158/687/672 147/678/663
f 147/678/663 158/687/672 159/688/673
f 147/678/663 159/688/673 148/679/664
f 148/679/664 159/688/673 160/689/674
f 148/679/664 160/689/674 149/680/665
f 149/680/665 160/689/674 161/690/675
f 149/680/665 161/690/675 150/681/666
f 150/681/666 161/690/675 162/691/676
f 150/681/666 162/691/676 151/682/667
f 151/682/667 162/691/676 163/692/677
f 151/682/667 163/692/677 152/683/668
f 152/683/668 163/692/677 164/693/678
f 152/683/668 164/693/678 153/684/669
f 153/684/669 164/693/678 165/694/679
f 153/684/669 165/694/679 154/685/670
f 154/685/670 165/694/679 166/695/680
f 154/685/670 166/695/680 155/686/671
f 155/686/671 166/695/680 167/696/681
f 155/686/671 167/696/681 156/566/561
f 156/566/561 167/696/681 168/568/563
f 157/147/145 169/149/147 158/687/672
f 158/687/672 169/149/147 170/697/682
f 158/687/672 170/697/682 159/688/673
f 159/688/673 170/697/682 171/698/683
f 159/688/673 171/698/683 160/689/674
f 160/689/674 171/698/683 172/699/684
f 160/689/674 172/699/684 161/690/675
f 161/690/675 172/699/684 173/700/685
f 161/690/675 173/700/685 162/691/676
f 162/691/676 173/700/685 174/701/686
f 162/691/676 174/701/686 163/692/677
f 163/692/677 174/701/686 175/702/687
f 163/692/677 175/702/687 164/693/678
f 164/693/678 175/702/687 176/703/688
f 164/693/678 176/703/688 165/694/679
f 165/694/679 176/703/688 177/704/689
f 165/694/679 177/704/689 166/695/680
f 166/695/680 177/704/689 178/705/690
f 166/695/680 178/705/690 167/696/681
f 167/696/681 178/705/690 179/706/691
f 167/696/681 179/706/691 168/568/563
f 168/568/563 179/706/691 180/570/565
f 169/149/147 181/151/149 170/697/682
f 170/697/682 181/151/149 182/707/692
f 170/697/682 182/707/692 171/698/683
f 171/698/683 182/707/692 183/708/693
f 171/698/683 183/708/693 172/699/684
f 172/699/684 183/708/693 184/709/694
f 172/699/684 184/709/694 173/700/685
f 173/700/685 184/709/694 185/710/695
f 173/700/685 185/710/695 174/701/686
f 174/701/686 185/710/695 186/711/696
f 174/701/686 186/711/696 175/702/687
f 175/702/687 186/711/696 187/712/697
f 175/702/687 187/712/697 176/703/688
f 176/703/688 187/712/697 188/713/698
f 176/703/688 188/713/698 177/704/689
f 177/704/689 188/713/698 189/714/699
f 177/704/689 189/714/699 178/705/690
f 178/705/690 189/714/699 190/715/700
f 178/705/690 190/715/700 179/706/691
f 179/706/691 190/715/700 191/716/701
f 179/706/691 191/716/701 180/570/565
f 180/570/565 191/716/701 192/572/567
f 181/151/149 193/153/151 182/707/692
f 182/707/692 193/153/151 194/717/702
f 182/707/692 194/717/702 183/708/693
f 183/708/693 194/717/702 195/718/703
f 183/708/693 195/718/703 184/709/694
f 184/709/694 195/718/703 196/719/704
f 184/709/694 196/719/704 185/710/695
f 185/710/695 196/719/704 197/720/705
f 185/710/695 197/720/705 186/711/696
f 186/711/696 197/720/705 198/721/706
f 186/711/696 198/721/706 187/712/697
f 187/712/697 198/721/706 199/722/707
f 187/712/697 199/722/707 188/713/698
f 188/713/698 199/722/707 200/723/708
f 188/713/698 200/723/708 189/714/699
f 189/714/699 200/723/708 201/724/709
f 189/714/699 201/724/709 190/715/700
f 190/715/700 201/724/709 202/725/710
f 190/715/700 202/725/710 191/716/701
f 191/716/701 202/725/710 203/726/711
f 191/716/701 203/726/711 192/572/567
f 192/572/567 203/726/711 204/574/569
f 193/153/151 205/155/153 194/717/702
f 194/717/702 205/155/153 206/727/712
f 194/717/702 206/727/712 195/718/703
f 195/718/703 206/727/712 207/728/713
f 195/718/703 207/728/713 196/719/704
f 196/719/704 207/728/713 208/729/714
f 196/719/704 208/729/714 197/720/705
f 197/720/705 208/729/714 209/730/715
f 197/720/705 209/730/715 198/721/706
f 198/721/706 209/730/715 210/731/716
f 198/721/706 210/731/716 199/722/707
f 199/722/707 210/731/716 211/732/717
f 199/722/707 211/732/717 200/723/708
f 200/723/708 211/732/717 212/733/718
f 200/723/708 212/733/718 201/724/709
f 201/724/709 212/733/718 213/734/719
f 201/724/709 213/734/719 202/725/710
f 202/725/710 213/734/719 214/735/720
f 202/725/710 214/735/720 203/726/711
f 203/726/711 214/735/720 215/736/721
f 203/726/711 215/736/721 204/574/569
f 204/574/569 215/736/721 216/576/571
f 205/155/153 132/157/155 206/727/712
f 206/727/712 132/157/155 217/737/722
f 206/727/712 217/737/722 207/728/713
f 207/728/713 217/737/722 218/738/723
f 207/728/713 218/738/723 208/729/714
f 208/729/714 218/738/723 219/739/724
f 208/729/714 219/739/724 209/730/715
f 209/730/715 219/739/724 220/740/725
f 209/730/715 220/740/725 210/731/716
f 210/731/716 220/740/725 221/741/726
f 210/731/716 221/741/726 211/732/717
f 211/732/717 221/741/726 222/742/727
f 211/732/717 222/742/727 212/733/718
f 212/733/718 222/742/727 223/743/728
f 212/733/718 223/743/728 213/734/719
f 213/734/719 223/743/728 224/744/729
f 213/734/719 224/744/729 214/735/720
f 214/735/720 224/744/729 225/745/730
f 214/735/720 225/745/730 215/736/721
f 215/736/721 225/745/730 226/746/731
f 215/736/721 226/746/731 216/576/571
f 216/576/571 226/746/731 227/578/573
f 132/157/155 239/159/157 217/737/722
f 217/737/722 239/159/157 238/161/159
f 217/737/722 238/161/159 218/738/723
f 218/738/723 238/161/159 237/163/161
f 218/738/723 237/163/161 219/739/724
f 219/739/724 237/163/161 236/165/163
f 219/739/724 236/165/163 220/740/725
f 220/740/725 236/165/163 235/167/165
f 220/740/725 235/167/165 221/741/726
f 221/741/726 235/167/165 234/169/167
f 221/741/726 234/169/167 222/742/727
f 222/742/727 234/169/167 233/171/169
f 222/742/727 233/171/169 223/743/728
f 223/743/728 233/171/169 232/173/171
f 223/743/728 232/173/171 224/744/729
f 224/744/729 232/173/171 231/175/173
f 224/744/729 231/175/173 225/745/730
f 225/745/730 231/175/173 230/177/175
f 225/745/730 230/177/175 226/746/731
f 226/746/731 230/177/175 229/179/177
f 226/746/731 229/179/177 227/578/573
f 300/329/327 313/342/340 301/330/328
f 301/330/328 313/342/340 314/747/732
f 301/330/328 314/747/732 302/331/329
f 302/331/329 314/747/732 315/748/733
f 302/331/329 315/748/733 303/332/330
f 303/332/330 315/748/733 316/749/734
f 303/332/330 316/749/734 304/333/331
f 304/333/331 316/749/734 317/750/735
f 304/333/331 317/750/735 305/334/332
f 305/334/332 317/750/735 318/751/736
f 305/334/332 318/751/736 306/335/333
f 306/335/333 318/751/736 319/752/737
f 306/335/333 319/752/737 307/336/334
f 307/336/334 319/752/737 320/753/738
f 307/336/334 320/753/738 308/337/335
f 308/337/335 320/753/738 321/754/739
f 308/337/335 321/754/739 309/338/336
f 309/338/336 321/754/739 322/755/740
f 309/338/336 322/755/740 310/339/337
f 310/339/337 322/755/740 323/196/194
f 310/339/337 323/196/194 311/193/191
f 313/342/340 326/344/342 314/747/732
f 314/747/732 326/344/342 327/756/741
f 314/747/732 327/756/741 315/748/733
f 315/748/733 327/756/741 328/757/742
f 315/748/733 328/757/742 316/749/734
f 316/749/734 328/757/742 329/758/743
f 316/749/734 329/758/743 317/750/735
f 317/750/735 329/758/743 330/759/744
f 317/750/735 330/759/744 318/751/736
f 318/751/736 330/759/744 331/760/745
f 318/751/736 331/760/745 319/752/737
f 319/752/737 331/760/745 332/761/746
f 319/752/737 332/761/746 320/753/738
f 320/753/738 332/761/746 333/762/747
f 320/753/738 333/762/747 321/754/739
f 321/754/739 333/762/747 334/763/748
f 321/754/739 334/763/748 322/755/740
f 322/755/740 334/763/748 335/198/196
f 322/755/740 335/198/196 323/196/194
f 326/344/342 356/346/344 327/756/741
f 327/756/741 356/346/344 355/764/749
f 327/756/741 355/764/749 328/757/742
f 328/757/742 355/764/749 354/765/750
f 328/757/742 354/765/750 329/758/743
f 329/758/743 354/765/750 353/766/751
f 329/758/743 353/766/751 330/759/744
f 330/759/744 353/766/751 352/767/752
f 330/759/744 352/767/752 331/760/745
f 331/760/745 352/767/752 351/768/753
f 331/760/745 351/768/753 332/761/746
f 332/761/746 351/768/753 350/769/754
f 332/761/746 350/769/754 333/762/747
f 333/762/747 350/769/754 349/770/755
f 333/762/747 349/770/755 334/763/748
f 334/763/748 349/770/755 348/200/198
f 334/763/748 348/200/198 335/198/196
f 336/376/374 337/771/756 131/374/372
f 131/374/372 337/771/756 358/364/362
f 131/374/372 358/364/362 324/363/361
f 358/364/362 337/771/756 338/365/363
f 338/365/363 337/771/756 361/772/757
f 338/365/363 361/772/757 362/366/364
f 362/366/364 361/772/757 374/773/758
f 362/366/364 374/773/758 375/367/365
f 375/367/365 374/773/758 387/774/759
f 375/367/365 387/774/759 388/368/366
f 388/368/366 387/774/759 400/775/760
f 388/368/366 400/775/760 401/369/367
f 401/369/367 400/775/760 413/776/761
f 401/369/367 413/776/761 414/370/368
f 414/370/368 413/776/761 425/777/762
f 414/370/368 425/777/762 426/371/369
f 426/371/369 425/777/762 445/778/763
f 426/371/369 445/778/763 444/372/370
f 444/372/370 445/778/763 439/779/764
f 444/372/370 439/779/764 440/373/371
f 440/373/371 439/779/764 464/780/765
f 440/373/371 464/780/765 465/220/218
f 465/220/218 464/780/765 477/222/220
f 337/771/756 336/376/374 360/781/766
f 360/781/766 336/376/374 359/378/376
f 360/781/766 359/378/376 372/782/767
f 372/782/767 359/378/376 371/380/378
f 372/782/767 371/380/378 384/783/768
f 384/783/768 371/380/378 383/382/380
f 384/783/768 383/382/380 396/784/769
f 396/784/769 383/382/380 395/384/382
f 396/784/769 395/384/382 408/785/770
f 408/785/770 395/384/382 407/386/384
f 408/785/770 407/386/384 419/786/771
f 419/786/771 407/386/384 130/388/386
f 419/786/771 130/388/386 452/787/772
f 452/787/772 130/388/386 453/390/388
f 452/787/772 453/390/388 431/392/390
f 355/764/749 356/346/344 340/348/346
f 354/765/750 355/764/749 341/788/773
f 341/788/773 355/764/749 340/348/346
f 341/788/773 340/348/346 364/350/348
f 353/766/751 354/765/750 342/789/774
f 342/789/774 354/765/750 341/788/773
f 342/789/774 341/788/773 365/790/775
f 365/790/775 341/788/773 364/350/348
f 365/790/775 364/350/348 377/352/350
f 352/767/752 353/766/751 343/791/776
f 343/791/776 353/766/751 342/789/774
f 343/791/776 342/789/774 366/792/777
f 366/792/777 342/789/774 365/790/775
f 366/792/777 365/790/775 378/793/778
f 378/793/778 365/790/775 377/352/350
f 378/793/778 377/352/350 390/354/352
f 351/768/753 352/767/752 344/794/779
f 344/794/779 352/767/752 343/791/776
f 344/794/779 343/791/776 367/795/780
f 367/795/780 343/791/776 366/792/777
f 367/795/780 366/792/777 379/796/781
f 379/796/781 366/792/777 378/793/778
f 379/796/781 378/793/778 391/797/782
f 391/797/782 378/793/778 390/354/352
f 391/797/782 390/354/352 403/356/354
f 350/769/754 351/768/753 345/798/783
f 345/798/783 351/768/753 344/794/779
f 345/798/783 344/794/779 368/799/784
f 368/799/784 344/794/779 367/795/780
f 368/799/784 367/795/780 380/800/785
f 380/800/785 367/795/780 379/796/781
f 380/800/785 379/796/781 392/801/786
f 392/801/786 379/796/781 391/797/782
f 392/801/786 391/797/782 404/802/787
f 404/802/787 391/797/782 403/356/354
f 404/802/787 403/356/354 416/358/356
f 349/770/755 350/769/754 346/803/788
f 346/803/788 350/769/754 345/798/783
f 346/803/788 345/798/783 369/804/789
f 369/804/789 345/798/783 368/799/784
f 369/804/789 368/799/784 381/805/790
f 381/805/790 368/799/784 380/800/785
f 381/805/790 380/800/785 393/806/791
f 393/806/791 380/800/785 392/801/786
f 393/806/791 392/801/786 405/807/792
f 405/807/792 392/801/786 404/802/787
f 405/807/792 404/802/787 417/808/793
f 417/808/793 404/802/787 416/358/356
f 417/808/793 416/358/356 428/360/358
f 348/200/198 349/770/755 347/202/200
f 347/202/200 349/770/755 346/803/788
f 347/202/200 346/803/788 370/204/202
f 370/204/202 346/803/788 369/804/789
f 370/204/202 369/804/789 382/206/204
f 382/206/204 369/804/789 381/805/790
f 382/206/204 381/805/790 394/208/206
f 394/208/206 381/805/790 393/806/791
f 394/208/206 393/806/791 406/210/208
f 406/210/208 393/806/791 405/807/792
f 406/210/208 405/807/792 418/212/210
f 418/212/210 405/807/792 417/808/793
f 418/212/210 417/808/793 429/214/212
f 429/214/212 417/808/793 428/360/358
f 429/214/212 428/360/358 442/216/214
f 337/771/756 360/781/766 361/772/757
f 361/772/757 360/781/766 373/809/794
f 361/772/757 373/809/794 374/773/758
f 374/773/758 373/809/794 386/810/795
f 374/773/758 386/810/795 387/774/759
f 387/774/759 386/810/795 399/811/796
f 387/774/759 399/811/796 400/775/760
f 400/775/760 399/811/796 412/812/797
f 400/775/760 412/812/797 413/776/761
f 413/776/761 412/812/797 424/813/798
f 413/776/761 424/813/798 425/777/762
f 425/777/762 424/813/798 446/814/799
f 425/777/762 446/814/799 445/778/763
f 445/778/763 446/814/799 438/815/800
f 445/778/763 438/815/800 439/779/764
f 439/779/764 438/815/800 463/816/801
f 439/779/764 463/816/801 464/780/765
f 464/780/765 463/816/801 476/817/802
f 464/780/765 476/817/802 477/222/220
f 477/222/220 476/817/802 489/224/222
f 373/809/794 360/781/766 372/782/767
f 373/809/794 372/782/767 385/818/803
f 385/818/803 372/782/767 384/783/768
f 385/818/803 384/783/768 397/819/804
f 397/819/804 384/783/768 396/784/769
f 397/819/804 396/784/769 409/820/805
f 409/820/805 396/784/769 408/785/770
f 409/820/805 408/785/770 420/821/806
f 420/821/806 408/785/770 419/786/771
f 420/821/806 419/786/771 451/822/807
f 451/822/807 419/786/771 452/787/772
f 451/822/807 452/787/772 432/823/808
f 432/823/808 452/787/772 431/392/390
f 432/823/808 431/392/390 456/394/392
f 373/809/794 385/818/803 386/810/795
f 386/810/795 385/818/803 398/824/809
f 386/810/795 398/824/809 399/811/796
f 399/811/796 398/824/809 411/825/810
f 399/811/796 411/825/810 412/812/797
f 412/812/797 411/825/810 423/826/811
f 412/812/797 423/826/811 424/813/798
f 424/813/798 423/826/811 447/827/812
f 424/813/798 447/827/812 446/814/799
f 446/814/799 447/827/812 437/828/813
f 446/814/799 437/828/813 438/815/800
f 438/815/800 437/828/813 462/829/814
f 438/815/800 462/829/814 463/816/801
f 463/816/801 462/829/814 475/830/815
f 463/816/801 475/830/815 476/817/802
f 476/817/802 475/830/815 488/831/816
f 476/817/802 488/831/816 489/224/222
f 489/224/222 488/831/816 501/226/224
f 398/824/809 385/818/803 397/819/804
f 398/824/809 397/819/804 410/832/817
f 410/832/817 397/819/804 409/820/805
f 410/832/817 409/820/805 421/833/818
f 421/833/818 409/820/805 420/821/806
f 421/833/818 420/821/806 450/834/819
f 450/834/819 420/821/806 451/822/807
f 450/834/819 451/822/807 433/835/820
f 433/835/820 451/822/807 432/823/808
f 433/835/820 432/823/808 457/836/821
f 457/836/821 432/823/808 456/394/392
f 457/836/821 456/394/392 469/396/394
f 398/824/809 410/832/817 411/825/810
f 411/825/810 410/832/817 422/837/822
f 411/825/810 422/837/822 423/826/811
f 423/826/811 422/837/822 448/838/823
f 423/826/811 448/838/823 447/827/812
f 447/827/812 448/838/823 436/839/824
f 447/827/812 436/839/824 437/828/813
f 437/828/813 436/839/824 461/840/825
f 437/828/813 461/840/825 462/829/814
f 462/829/814 461/840/825 474/841/826
f 462/829/814 474/841/826 475/830/815
f 475/830/815 474/841/826 487/842/827
f 475/830/815 487/842/827 488/831/816
f 488/831/816 487/842/827 500/843/828
f 488/831/816 500/843/828 501/226/224
f 501/226/224 500/843/828 513/228/226
f 422/837/822 410/832/817 421/833/818
f 422/837/822 421/833/818 449/844/829
f 449/844/829 421/833/818 450/834/819
f 449/844/829 450/834/819 434/845/830
f 434/845/830 450/834/819 433/835/820
f 434/845/830 433/835/820 458/846/831
f 458/846/831 433/835/820 457/836/821
f 458/846/831 457/836/821 470/847/832
f 470/847/832 457/836/821 469/396/394
f 470/847/832 469/396/394 482/398/396
f 434/845/830 435/848/833 449/844/829
f 449/844/829 435/848/833 448/838/823
f 449/844/829 448/838/823 422/837/822
f 448/838/823 435/848/833 436/839/824
f 436/839/824 435/848/833 460/849/834
f 436/839/824 460/849/834 461/840/825
f 461/840/825 460/849/834 473/850/835
f 461/840/825 473/850/835 474/841/826
f 474/841/826 473/850/835 486/851/836
f 474/841/826 486/851/836 487/842/827
f 487/842/827 486/851/836 499/852/837
f 487/842/827 499/852/837 500/843/828
f 500/843/828 499/852/837 512/853/838
f 500/843/828 512/853/838 513/228/226
f 513/228/226 512/853/838 525/230/228
f 435/848/833 434/845/830 459/854/839
f 459/854/839 434/845/830 458/846/831
f 459/854/839 458/846/831 471/855/840
f 471/855/840 458/846/831 470/847/832
f 471/855/840 470/847/832 483/856/841
f 483/856/841 470/847/832 482/398/396
f 483/856/841 482/398/396 495/400/398
f 435/848/833 459/854/839 460/849/834
f 460/849/834 459/854/839 472/857/842
f 460/849/834 472/857/842 473/850/835
f 473/850/835 472/857/842 485/858/843
f 473/850/835 485/858/843 486/851/836
f 486/851/836 485/858/843 498/859/844
f 486/851/836 498/859/844 499/852/837
f 499/852/837 498/859/844 511/860/845
f 499/852/837 511/860/845 512/853/838
f 512/853/838 511/860/845 524/861/846
f 512/853/838 524/861/846 525/230/228
f 525/230/228 524/861/846 537/232/230
f 472/857/842 459/854/839 471/855/840
f 472/857/842 471/855/840 484/862/847
f 484/862/847 471/855/840 483/856/841
f 484/862/847 483/856/841 496/863/848
f 496/863/848 483/856/841 495/400/398
f 496/863/848 495/400/398 508/402/400
f 472/857/842 484/862/847 485/858/843
f 485/858/843 484/862/847 497/864/849
f 485/858/843 497/864/849 498/859/844
f 498/859/844 497/864/849 510/865/850
f 498/859/844 510/865/850 511/860/845
f 511/860/845 510/865/850 523/866/851
f 511/860/845 523/866/851 524/861/846
f 524/861/846 523/866/851 536/867/852
f 524/861/846 536/867/852 537/232/230
f 537/232/230 536/867/852 550/234/232
f 497/864/849 484/862/847 496/863/848
f 497/864/849 496/863/848 509/868/853
f 509/868/853 496/863/848 508/402/400
f 509/868/853 508/402/400 521/404/402
f 497/864/849 509/868/853 510/865/850
f 510/865/850 509/868/853 522/869/854
f 510/865/850 522/869/854 523/866/851
f 523/866/851 522/869/854 535/870/855
f 523/866/851 535/870/855 536/867/852
f 536/867/852 535/870/855 551/871/856
f 536/867/852 551/871/856 550/234/232
f 550/234/232 551/871/856 549/236/234
f 522/869/854 509/868/853 521/404/402
f 535/870/855 522/869/854 534/406/404
f 534/406/404 522/869/854 521/404/402
f 551/871/856 535/870/855 552/408/406
f 552/408/406 535/870/855 534/406/404
f 538/498/496 539/872/857 129/496/494
f 129/496/494 539/872/857 560/486/484
f 129/496/494 560/486/484 526/485/483
f 560/486/484 539/872/857 540/487/485
f 540/487/485 539/872/857 563/873/858
f 540/487/485 563/873/858 564/488/486
f 564/488/486 563/873/858 576/874/859
f 564/488/486 576/874/859 577/489/487
f 577/489/487 576/874/859 589/875/860
f 577/489/487 589/875/860 590/490/488
f 590/490/488 589/875/860 602/876/861
f 590/490/488 602/876/861 603/491/489
f 603/491/489 602/876/861 615/877/862
f 603/491/489 615/877/862 616/492/490
f 616/492/490 615/877/862 627/878/863
f 616/492/490 627/878/863 628/493/491
f 628/493/491 627/878/863 647/879/864
f 628/493/491 647/879/864 646/494/492
f 646/494/492 647/879/864 641/880/865
f 646/494/492 641/880/865 642/495/493
f 642/495/493 641/880/865 666/881/866
f 642/495/493 666/881/866 667/254/252
f 667/254/252 666/881/866 678/256/254
f 539/872/857 538/498/496 562/882/867
f 562/882/867 538/498/496 561/500/498
f 562/882/867 561/500/498 574/883/868
f 574/883/868 561/500/498 573/502/500
f 574/883/868 573/502/500 586/884/869
f 586/884/869 573/502/500 585/504/502
f 586/884/869 585/504/502 598/885/870
f 598/885/870 585/504/502 597/506/504
f 598/885/870 597/506/504 610/886/871
f 610/886/871 597/506/504 609/508/506
f 610/886/871 609/508/506 621/887/872
f 621/887/872 609/508/506 128/510/508
f 621/887/872 128/510/508 654/888/873
f 654/888/873 128/510/508 655/512/510
f 654/888/873 655/512/510 633/514/512
f 551/871/856 552/408/406 548/410/408
f 572/238/236 549/236/234 548/410/408
f 548/410/408 549/236/234 551/871/856
f 539/872/857 562/882/867 563/873/858
f 563/873/858 562/882/867 575/889/874
f 563/873/858 575/889/874 576/874/859
f 576/874/859 575/889/874 588/890/875
f 576/874/859 588/890/875 589/875/860
f 589/875/860 588/890/875 601/891/876
f 589/875/860 601/891/876 602/876/861
f 602/876/861 601/891/876 614/892/877
f 602/876/861 614/892/877 615/877/862
f 615/877/862 614/892/877 626/893/878
f 615/877/862 626/893/878 627/878/863
f 627/878/863 626/893/878 648/894/879
f 627/878/863 648/894/879 647/879/864
f 647/879/864 648/894/879 640/895/880
f 647/879/864 640/895/880 641/880/865
f 641/880/865 640/895/880 665/896/881
f 641/880/865 665/896/881 666/881/866
f 666/881/866 665/896/881 677/897/882
f 666/881/866 677/897/882 678/256/254
f 678/256/254 677/897/882 689/258/256
f 575/889/874 562/882/867 574/883/868
f 575/889/874 574/883/868 587/898/883
f 587/898/883 574/883/868 586/884/869
f 587/898/883 586/884/869 599/899/884
f 599/899/884 586/884/869 598/885/870
f 599/899/884 598/885/870 611/900/885
f 611/900/885 598/885/870 610/886/871
f 611/900/885 610/886/871 622/901/886
f 622/901/886 610/886/871 621/887/872
f 622/901/886 621/887/872 653/902/887
f 653/902/887 621/887/872 654/888/873
f 653/902/887 654/888/873 634/903/888
f 634/903/888 654/888/873 633/514/512
f 634/903/888 633/514/512 658/516/514
f 575/889/874 587/898/883 588/890/875
f 588/890/875 587/898/883 600/904/889
f 588/890/875 600/904/889 601/891/876
f 601/891/876 600/904/889 613/905/890
f 601/891/876 613/905/890 614/892/877
f 614/892/877 613/905/890 625/906/891
f 614/892/877 625/906/891 626/893/878
f 626/893/878 625/906/891 649/907/892
f 626/893/878 649/907/892 648/894/879
f 648/894/879 649/907/892 639/908/893
f 648/894/879 639/908/893 640/895/880
f 640/895/880 639/908/893 664/909/894
f 640/895/880 664/909/894 665/896/881
f 665/896/881 664/909/894 676/910/895
f 665/896/881 676/910/895 677/897/882
f 677/897/882 676/910/895 688/911/896
f 677/897/882 688/911/896 689/258/256
f 689/258/256 688/911/896 700/260/258
f 600/904/889 587/898/883 599/899/884
f 600/904/889 599/899/884 612/912/897
f 612/912/897 599/899/884 611/900/885
f 612/912/897 611/900/885 623/913/898
f 623/913/898 611/900/885 622/901/886
f 623/913/898 622/901/886 652/914/899
f 652/914/899 622/901/886 653/902/887
f 652/914/899 653/902/887 635/915/900
f 635/915/900 653/902/887 634/903/888
f 635/915/900 634/903/888 659/916/901
f 659/916/901 634/903/888 658/516/514
f 659/916/901 658/516/514 670/518/516
f 600/904/889 612/912/897 613/905/890
f 613/905/890 612/912/897 624/917/902
f 613/905/890 624/917/902 625/906/891
f 625/906/891 624/917/902 650/918/903
f 625/906/891 650/918/903 649/907/892
f 649/907/892 650/918/903 638/919/904
f 649/907/892 638/919/904 639/908/893
f 639/908/893 638/919/904 663/920/905
f 639/908/893 663/920/905 664/909/894
f 664/909/894 663/920/905 675/921/906
f 664/909/894 675/921/906 676/910/895
f 676/910/895 675/921/906 687/922/907
f 676/910/895 687/922/907 688/911/896
f 688/911/896 687/922/907 699/923/908
f 688/911/896 699/923/908 700/260/258
f 700/260/258 699/923/908 711/262/260
f 624/917/902 612/912/897 623/913/898
f 624/917/902 623/913/898 651/924/909
f 651/924/909 623/913/898 652/914/899
f 651/924/909 652/914/899 636/925/910
f 636/925/910 652/914/899 635/915/900
f 636/925/910 635/915/900 660/926/911
f 660/926/911 635/915/900 659/916/901
f 660/926/911 659/916/901 671/927/912
f 671/927/912 659/916/901 670/518/516
f 671/927/912 670/518/516 682/520/518
f 636/925/910 637/928/913 651/924/909
f 651/924/909 637/928/913 650/918/903
f 651/924/909 650/918/903 624/917/902
f 650/918/903 637/928/913 638/919/904
f 638/919/904 637/928/913 662/929/914
f 638/919/904 662/929/914 663/920/905
f 663/920/905 662/929/914 674/930/915
f 663/920/905 674/930/915 675/921/906
f 675/921/906 674/930/915 686/931/916
f 675/921/906 686/931/916 687/922/907
f 687/922/907 686/931/916 698/932/917
f 687/922/907 698/932/917 699/923/908
f 699/923/908 698/932/917 710/933/918
f 699/923/908 710/933/918 711/262/260
f 711/262/260 710/933/918 722/264/262
f 637/928/913 636/925/910 661/934/919
f 661/934/919 636/925/910 660/926/911
f 661/934/919 660/926/911 672/935/920
f 672/935/920 660/926/911 671/927/912
f 672/935/920 671/927/912 683/936/921
f 683/936/921 671/927/912 682/520/518
f 683/936/921 682/520/518 694/522/520
f 637/928/913 661/934/919 662/929/914
f 662/929/914 661/934/919 673/937/922
f 662/929/914 673/937/922 674/930/915
f 674/930/915 673/937/922 685/938/923
f 674/930/915 685/938/923 686/931/916
f 686/931/916 685/938/923 697/939/924
f 686/931/916 697/939/924 698/932/917
f 698/932/917 697/939/924 709/940/925
f 698/932/917 709/940/925 710/933/918
f 710/933/918 709/940/925 721/941/926
f 710/933/918 721/941/926 722/264/262
f 722/264/262 721/941/926 733/266/264
f 673/937/922 661/934/919 672/935/920
f 673/937/922 672/935/920 684/942/927
f 684/942/927 672/935/920 683/936/921
f 684/942/927 683/936/921 695/943/928
f 695/943/928 683/936/921 694/522/520
f 695/943/928 694/522/520 706/524/522
f 691/600/595 679/255/253 690/257/255
f 673/937/922 684/942/927 685/938/923
f 685/938/923 684/942/927 696/944/929
f 685/938/923 696/944/929 697/939/924
f 697/939/924 696/944/929 708/945/930
f 697/939/924 708/945/930 709/940/925
f 709/940/925 708/945/930 720/946/931
f 709/940/925 720/946/931 721/941/926
f 721/941/926 720/946/931 732/947/932
f 721/941/926 732/947/932 733/266/264
f 733/266/264 732/947/932 747/268/266
f 696/944/929 684/942/927 695/943/928
f 691/600/595 690/257/255 702/948/933
f 702/948/933 690/257/255 701/259/257
f 702/948/933 701/259/257 713/949/934
f 713/949/934 701/259/257 712/261/259
f 713/949/934 712/261/259 724/950/935
f 724/950/935 712/261/259 723/263/261
f 724/950/935 723/263/261 735/951/936
f 735/951/936 723/263/261 734/265/263
f 735/951/936 734/265/263 745/952/937
f 745/952/937 734/265/263 746/267/265
f 745/952/937 746/267/265 756/953/938
f 756/953/938 746/267/265 755/269/267
f 756/953/938 755/269/267 767/954/939
f 767/954/939 755/269/267 766/271/269
f 767/954/939 766/271/269 778/955/940
f 778/955/940 766/271/269 777/273/271
f 778/955/940 777/273/271 789/956/941
f 789/956/941 777/273/271 788/275/273
f 789/956/941 788/275/273 800/957/942
f 800/957/942 788/275/273 799/277/275
f 800/957/942 799/277/275 811/556/554
f 696/944/929 695/943/928 707/958/943
f 707/958/943 695/943/928 706/524/522
f 707/958/943 706/524/522 718/526/524
f 714/140/138 703/142/140 702/948/933
f 702/948/933 703/142/140 691/600/595
f 714/140/138 702/948/933 713/949/934
f 696/944/929 707/958/943 708/945/930
f 708/945/930 707/958/943 719/959/944
f 708/945/930 719/959/944 720/946/931
f 720/946/931 719/959/944 731/960/945
f 720/946/931 731/960/945 732/947/932
f 732/947/932 731/960/945 748/961/946
f 732/947/932 748/961/946 747/268/266
f 747/268/266 748/961/946 754/270/268
f 719/959/944 707/958/943 718/526/524
f 725/138/136 714/140/138 713/949/934
f 725/138/136 713/949/934 724/950/935
f 731/960/945 719/959/944 730/528/526
f 730/528/526 719/959/944 718/526/524
f 736/136/134 725/138/136 724/950/935
f 736/136/134 724/950/935 735/951/936
f 748/961/946 731/960/945 749/530/528
f 749/530/528 731/960/945 730/528/526
f 744/134/132 736/136/134 735/951/936
f 744/134/132 735/951/936 745/952/937
f 744/134/132 745/952/937 757/132/130
f 757/132/130 745/952/937 756/953/938
f 757/132/130 756/953/938 768/130/128
f 768/130/128 756/953/938 767/954/939
f 768/130/128 767/954/939 779/128/126
f 779/128/126 767/954/939 778/955/940
f 779/128/126 778/955/940 790/126/124
f 790/126/124 778/955/940 789/956/941
f 790/126/124 789/956/941 801/124/122
f 801/124/122 789/956/941 800/957/942
f 801/124/122 800/957/942 812/122/120
f 812/122/120 800/957/942 811/556/554
f 812/122/120 811/556/554 114/119/118
f 754/270/268 748/961/946 753/532/530
f 753/532/530 748/961/946 749/530/528
f 765/272/270 754/270/268 753/532/530
# 833 vertices
# 961 texture params
# 946 normals
# 1662 facets

# 1 groups
