# WaveFront *.obj file (generated by Autodesk ATF)

mtllib asta_tagliata.mtl

g Corpo4

v -0.010539 -2.499978 62.059368
v -0.251548 -2.486926 62.056453
v -0.495060 -2.449803 62.043466
v -0.736582 -2.388638 62.021055
v -0.971623 -2.303464 61.989867
v -1.196047 -2.194920 61.951200
v -1.406808 -2.065850 61.907458
v -1.601066 -1.919601 61.860986
v -1.775982 -1.759512 61.814123
v -1.934713 -1.582718 61.767481
v -2.079367 -1.386741 61.721738
v -2.206582 -1.174448 61.679050
v -2.312997 -0.948703 61.641570
v -2.395855 -0.712639 61.611368
v -2.454637 -0.470482 61.589364
v -2.489339 -0.226745 61.576037
v -2.499958 0.014090 61.571867
v -2.486493 0.255481 61.577144
v -2.448945 0.499267 61.591522
v -2.387319 0.740939 61.614520
v -2.301616 0.975986 61.645657
v -2.192567 1.200290 61.683864
v -2.063117 1.410805 61.727026
v -1.916625 1.604665 61.772987
v -1.756409 1.779046 61.819606
v -1.579064 1.937669 61.866543
v -1.382708 2.082062 61.912815
v -1.170184 2.208881 61.956079
v -0.944333 2.314779 61.993989
v -0.708292 2.397117 62.024173
v -0.466301 2.455443 62.045504
v -0.222851 2.489724 62.057335
v 0.017662 2.499929 62.059016
v 0.259133 2.486093 62.050150
v 0.502545 2.448283 62.031280
v 0.743509 2.386541 62.003156
v 0.977640 2.300911 61.966533
v 1.200989 2.192182 61.922918
v 1.410634 2.063247 61.874744
v 1.603792 1.917364 61.824365
v 1.777718 1.757754 61.774121
v 1.936069 1.581022 61.724370
v 2.080357 1.385250 61.675888
v 2.207235 1.173248 61.630863
v 2.313354 0.947828 61.591481
v 2.396006 0.712082 61.559824
v 2.454681 0.470210 61.536783
v 2.489344 0.226673 61.522843
v 2.499958 -0.014090 61.518485
v 2.486501 -0.255392 61.524000
v 2.448998 -0.498964 61.539041
v 2.387488 -0.740345 61.563125
v 2.302005 -0.975072 61.595769
v 2.193258 -1.199054 61.635932
v 2.064149 -1.409284 61.681480
v 1.918025 -1.602952 61.730225
v 1.758226 -1.777256 61.779984
v 1.581917 -1.935379 61.830356
v 1.386666 -2.079429 61.880598
v 1.175256 -2.206147 61.928355
v 0.950472 -2.312272 61.971276
v 0.715306 -2.395082 62.006937
v 0.473824 -2.453998 62.034006
v 0.230413 -2.488978 62.051733
v -0.010539 -2.499978 73.702318
v 0.230413 -2.488978 73.709955
v 0.473824 -2.453998 73.727686
v 0.715305 -2.395082 73.754759
v 0.950471 -2.312272 73.790423
v 1.175255 -2.206147 73.833347
v 1.386664 -2.079430 73.881107
v 1.581915 -1.935381 73.931351
v 1.758224 -1.777258 73.981726
v 1.918023 -1.602955 74.031487
v 2.064147 -1.409287 74.080235
v 2.193256 -1.199057 74.125784
v 2.302003 -0.975077 74.165949
v 2.387486 -0.740349 74.198594
v 2.448997 -0.498969 74.222679
v 2.486500 -0.255397 74.237720
v 2.499958 -0.014095 74.243236
v 2.489345 0.226669 74.238878
v 2.454682 0.470205 74.224937
v 2.396007 0.712077 74.201897
v 2.313356 0.947823 74.170238
v 2.207237 1.173243 74.130855
v 2.080360 1.385245 74.085828
v 1.936073 1.581017 74.037344
v 1.777722 1.757749 73.987591
v 1.603797 1.917360 73.937345
v 1.410640 2.063243 73.886963
v 1.200996 2.192178 73.838786
v 0.977648 2.300908 73.795168
v 0.743518 2.386538 73.758542
v 0.502554 2.448281 73.730414
v 0.259143 2.486092 73.711540
v 0.017671 2.499929 73.702670
v -0.222842 2.489724 73.704347
v -0.466292 2.455444 73.716174
v -0.708283 2.397120 73.737501
v -0.944325 2.314782 73.767682
v -1.170176 2.208885 73.805589
v -1.382701 2.082067 73.848850
v -1.579058 1.937673 73.895119
v -1.756404 1.779051 73.942054
v -1.916621 1.604670 73.988670
v -2.063113 1.410810 74.034629
v -2.192565 1.200295 74.077789
v -2.301614 0.975991 74.115996
v -2.387317 0.740944 74.147132
v -2.448944 0.499272 74.170129
v -2.486492 0.255486 74.184506
v -2.499958 0.014095 74.189783
v -2.489339 -0.226740 74.185613
v -2.454638 -0.470478 74.172287
v -2.395857 -0.712634 74.150284
v -2.312999 -0.948699 74.120083
v -2.206584 -1.174444 74.082605
v -2.079369 -1.386738 74.039919
v -1.934715 -1.582716 73.994178
v -1.775984 -1.759511 73.947538
v -1.601068 -1.919600 73.900678
v -1.406810 -2.065849 73.854208
v -1.196048 -2.194919 73.810469
v -0.971624 -2.303464 73.771805
v -0.736582 -2.388638 73.740620
v -0.495060 -2.449802 73.718212
v -0.251548 -2.486926 73.705229
v -0.391086 -2.469221 67.880861
v 0.000000 -2.500000 67.880861
v -0.772542 -2.377641 67.880861
v -1.134976 -2.227516 67.880861
v -1.469463 -2.022542 67.880861
v -1.767767 -1.767767 67.880861
v -2.022542 -1.469463 67.880861
v -2.227516 -1.134976 67.880861
v -2.377641 -0.772542 67.880861
v -2.469221 -0.391086 67.880861
v -2.500000 -0.000000 67.880861
v -2.469221 0.391086 67.880861
v -2.377641 0.772542 67.880861
v -2.227516 1.134976 67.880861
v -2.022542 1.469463 67.880861
v -1.767767 1.767767 67.880861
v -1.469463 2.022542 67.880861
v -1.134976 2.227516 67.880861
v -0.772542 2.377641 67.880861
v -0.391086 2.469221 67.880861
v 0.000000 2.500000 67.880861
v 0.391086 2.469221 67.880861
v 0.772542 2.377641 67.880861
v 1.134976 2.227516 67.880861
v 1.469463 2.022542 67.880861
v 1.767767 1.767767 67.880861
v 2.022542 1.469463 67.880861
v 2.227516 1.134976 67.880861
v 2.377641 0.772542 67.880861
v 2.469221 0.391086 67.880861
v 2.500000 0.000000 67.880861
v 2.469221 -0.391086 67.880861
v 2.377641 -0.772542 67.880861
v 2.227516 -1.134976 67.880861
v 2.022542 -1.469463 67.880861
v 1.767767 -1.767767 67.880861
v 1.469463 -2.022542 67.880861
v 1.134976 -2.227516 67.880861
v 0.772542 -2.377641 67.880861
v 0.391086 -2.469221 67.880861
v -118.000000 0.128133 67.880040
v -118.000000 0.127516 67.867481
v -118.000000 0.125671 67.855043
v -118.000000 0.122609 67.842849
v -118.000000 0.118345 67.831028
v -118.000000 0.112941 67.819679
v -118.000000 0.106466 67.808902
v -118.000000 0.098986 67.798797
v -118.000000 0.090568 67.789463
v -118.000000 0.081279 67.780998
v -118.000000 0.071187 67.773503
v -118.000000 0.060393 67.767065
v -118.000000 0.049017 67.761724
v -118.000000 0.037173 67.757509
v -118.000000 0.024978 67.754451
v -118.000000 0.012547 67.752580
v -118.000000 -0.000004 67.751927
v -118.000000 -0.012558 67.752523
v -118.000000 -0.024990 67.754383
v -118.000000 -0.037174 67.757468
v -118.000000 -0.049002 67.761726
v -118.000000 -0.060367 67.767104
v -118.000000 -0.071161 67.773549
v -118.000000 -0.081275 67.781011
v -118.000000 -0.090603 67.789435
v -118.000000 -0.099035 67.798758
v -118.000000 -0.106496 67.808872
v -118.000000 -0.112935 67.819668
v -118.000000 -0.118306 67.831036
v -118.000000 -0.122558 67.842867
v -118.000000 -0.125643 67.855052
v -118.000000 -0.127514 67.867480
v -118.000000 -0.128126 67.880037
v -118.000000 -0.127483 67.892590
v -118.000000 -0.125617 67.905022
v -118.000000 -0.122559 67.917218
v -118.000000 -0.118339 67.929061
v -118.000000 -0.112989 67.940436
v -118.000000 -0.106540 67.951226
v -118.000000 -0.099038 67.961313
v -118.000000 -0.090576 67.970607
v -118.000000 -0.081248 67.979036
v -118.000000 -0.071151 67.986527
v -118.000000 -0.060379 67.993009
v -118.000000 -0.049029 67.998409
v -118.000000 -0.037196 68.002655
v -118.000000 -0.024998 68.005696
v -118.000000 -0.012559 68.007525
v -118.000000 -0.000000 68.008139
v -118.000000 0.012558 68.007533
v -118.000000 0.024997 68.005706
v -118.000000 0.037193 68.002654
v -118.000000 0.049026 67.998406
v -118.000000 0.060388 67.993021
v -118.000000 0.071174 67.986558
v -118.000000 0.081281 67.979080
v -118.000000 0.090603 67.970644
v -118.000000 0.099042 67.961323
v -118.000000 0.106525 67.951219
v -118.000000 0.112989 67.940434
v -118.000000 0.118374 67.929071
v -118.000000 0.122616 67.917235
v -118.000000 0.125669 67.905038
v -118.000000 0.127514 67.892599
v -113.053416 5.127848 67.880075
v -113.609083 5.090897 67.880075
v -114.157195 4.992380 67.880074
v -114.690952 4.833522 67.880073
v -115.203732 4.616292 67.880071
v -115.689173 4.343385 67.880070
v -116.141255 4.018187 67.880067
v -116.554369 3.644731 67.880065
v -116.923390 3.227651 67.880062
v -117.243740 2.772121 67.880059
v -117.511445 2.283792 67.880055
v -117.723185 1.768720 67.880052
v -117.876332 1.233297 67.880048
v -117.968987 0.684164 67.880044
v -113.053412 5.103122 67.377462
v -113.053409 5.029313 66.879682
v -113.053405 4.906765 66.391709
v -113.053402 4.736104 65.918608
v -113.053399 4.519871 65.464434
v -113.053396 4.260743 65.033159
v -113.053393 3.961397 64.628753
v -113.053391 3.624512 64.255189
v -113.053388 3.252763 63.916438
v -113.053386 2.848882 63.616492
v -113.053384 2.416918 63.358859
v -113.053383 1.961629 63.145090
v -113.053382 1.487648 62.976406
v -113.053381 0.999604 62.854025
v -113.053380 0.502130 62.779165
v -113.053380 -0.000143 62.753044
v -113.053380 -0.502582 62.776883
v -113.053381 -1.000100 62.851325
v -113.053382 -1.487695 62.974788
v -113.053383 -1.961053 63.145178
v -113.053384 -2.415864 63.360399
v -113.053386 -2.847817 63.618356
v -113.053388 -3.252599 63.916954
v -113.053391 -3.625900 64.254098
v -113.053393 -3.963359 64.627194
v -113.053396 -4.261921 65.031960
v -113.053399 -4.519628 65.464009
v -113.053402 -4.734539 65.918960
v -113.053405 -4.904709 66.392433
v -113.053409 -5.028196 66.880048
v -113.053412 -5.103055 67.377423
v -113.053416 -5.127542 67.879939
v -113.053419 -5.101831 68.382311
v -113.053423 -5.027155 68.879847
v -113.053426 -4.904758 69.367909
v -113.053429 -4.735883 69.841862
v -113.053433 -4.521772 70.297067
v -113.053435 -4.263669 70.728890
v -113.053438 -3.963476 71.132572
v -113.053441 -3.624817 71.504520
v -113.053443 -3.251522 71.841842
v -113.053445 -2.847419 72.141647
v -113.053447 -2.416337 72.401045
v -113.053449 -1.962106 72.617142
v -113.053450 -1.488568 72.787054
v -113.053451 -1.000393 72.908769
v -113.053451 -0.502601 72.981970
v -113.053451 -0.000006 73.006524
v -113.053451 0.502584 72.982299
v -113.053451 1.000355 72.909163
v -113.053450 1.488467 72.787028
v -113.053449 1.962013 72.617020
v -113.053447 2.416701 72.401504
v -113.053445 2.848362 72.142888
v -113.053443 3.252822 71.843583
v -113.053441 3.625910 71.505999
v -113.053438 3.963626 71.132991
v -113.053435 4.263077 70.728610
v -113.053432 4.521782 70.296994
v -113.053429 4.737261 69.842281
v -113.053426 4.907034 69.368609
v -113.053423 5.029224 68.880454
v -113.053419 5.103070 68.382680
v -117.968509 0.684459 67.933912
v -117.874929 1.234321 67.977190
v -117.786160 1.569289 68.003555
v -117.674298 1.897276 68.029370
v -117.539695 2.216645 68.054507
v -117.383031 2.525889 68.078847
v -117.205234 2.823598 68.102279
v -117.007235 3.108365 68.124693
v -116.789970 3.378784 68.145977
v -116.554370 3.633447 68.166021
v -116.256900 3.909571 68.187754
v -115.937864 4.160700 68.207520
v -115.617182 4.374539 68.224350
v -115.281014 4.563210 68.239200
v -114.931276 4.725419 68.251967
v -114.569951 4.860035 68.262563
v -114.199248 4.966469 68.270940
v -113.821421 5.044251 68.277062
v -113.438726 5.092910 68.280892
v -117.968509 0.678117 67.987447
v -117.874929 1.222883 68.073734
v -117.786160 1.554746 68.126298
v -117.674298 1.879694 68.177767
v -117.539696 2.196104 68.227884
v -117.383032 2.502482 68.276412
v -117.205234 2.797432 68.323129
v -117.007236 3.079561 68.367816
v -116.789970 3.347474 68.410251
v -116.554371 3.599777 68.450214
v -116.256901 3.873342 68.493545
v -115.937865 4.122144 68.532953
v -115.617184 4.334001 68.566509
v -115.281015 4.520924 68.596116
v -114.931278 4.681630 68.621571
v -114.569953 4.814999 68.642695
v -114.199250 4.920447 68.659397
v -113.821423 4.997508 68.671603
v -113.438728 5.045716 68.679239
v -117.968509 0.667607 68.040323
v -117.874929 1.203930 68.169087
v -117.786160 1.530649 68.247528
v -117.674299 1.850561 68.324335
v -117.539696 2.162066 68.399123
v -117.383032 2.463696 68.471540
v -117.205235 2.754075 68.541256
v -117.007237 3.031831 68.607942
v -116.789971 3.295591 68.671267
v -116.554372 3.543984 68.730903
v -116.256902 3.813309 68.795565
v -115.937867 4.058255 68.854373
v -115.617185 4.266829 68.904449
v -115.281017 4.450854 68.948631
v -114.931280 4.609070 68.986616
v -114.569955 4.740371 69.018140
v -114.199252 4.844185 69.043064
v -113.821426 4.920052 69.061279
v -113.438731 4.967513 69.072674
v -117.968509 0.652978 68.092210
v -117.874929 1.177549 68.262657
v -117.786160 1.497109 68.366491
v -117.674299 1.810011 68.468161
v -117.539696 2.114691 68.567160
v -117.383033 2.409711 68.663020
v -117.205235 2.693727 68.755304
v -117.007237 2.965397 68.843577
v -116.789972 3.223378 68.927402
v -116.554373 3.466328 69.006343
v -116.256903 3.729752 69.091937
v -115.937868 3.969331 69.169782
v -115.617187 4.173334 69.236068
v -115.281019 4.353327 69.294553
v -114.931281 4.508076 69.344835
v -114.569957 4.636501 69.386564
v -114.199254 4.738040 69.419557
v -113.821428 4.812245 69.443668
v -113.438734 4.858666 69.458751
v -117.968509 0.611680 68.191706
v -117.874930 1.103074 68.442084
v -117.786160 1.402423 68.594611
v -117.674299 1.695535 68.743959
v -117.539697 1.980945 68.889383
v -117.383033 2.257307 69.030196
v -117.205236 2.523360 69.165757
v -117.007238 2.777848 69.295425
v -116.789974 3.019513 69.418560
v -116.554375 3.247097 69.534520
v -116.256905 3.493861 69.660253
v -115.937871 3.718287 69.774604
v -115.617190 3.909388 69.871975
v -115.281022 4.077998 69.957886
v -114.931285 4.222960 70.031748
v -114.569961 4.343262 70.093045
v -114.199259 4.438380 70.141510
v -113.821433 4.507892 70.176928
v -113.438738 4.551377 70.199085
v -113.438736 4.719606 69.834933
v -113.821430 4.674513 69.816255
v -114.199257 4.602432 69.786399
v -114.569959 4.503798 69.745544
v -114.931283 4.379050 69.693872
v -115.281020 4.228729 69.631609
v -115.617188 4.053888 69.559188
v -115.937869 3.855723 69.477107
v -116.256904 3.623002 69.380712
v -116.554374 3.367117 69.274723
v -116.789973 3.131121 69.176971
v -117.007238 2.880523 69.073172
v -117.205236 2.616629 68.963865
v -117.383033 2.340742 68.849591
v -117.539696 2.054166 68.730889
v -117.674299 1.758206 68.608301
v -117.786160 1.454260 68.482404
v -117.874930 1.143846 68.353828
v -117.968509 0.634289 68.142766
v -117.968509 0.585326 68.238734
v -117.874930 1.055548 68.526892
v -117.786161 1.342000 68.702433
v -117.674299 1.622483 68.874316
v -117.539697 1.895597 69.041683
v -117.383034 2.160051 69.203744
v -117.205237 2.414642 69.359760
v -117.007239 2.658165 69.508994
v -116.789974 2.889418 69.650709
v -116.554376 3.107197 69.784166
v -116.256906 3.343329 69.928871
v -115.937872 3.558086 70.060476
v -115.617191 3.740954 70.172540
v -115.281024 3.902299 70.271414
v -114.931287 4.041015 70.356421
v -114.569963 4.156134 70.426968
v -114.199261 4.247154 70.482746
v -113.821435 4.313671 70.523508
v -113.438741 4.355284 70.549009
v -117.968509 0.555395 68.283570
v -117.874930 1.001573 68.607746
v -117.786161 1.273377 68.805230
v -117.674300 1.539518 68.998598
v -117.539697 1.798665 69.186885
v -117.383034 2.049597 69.369203
v -117.205237 2.291169 69.544721
v -117.007240 2.522240 69.712608
v -116.789975 2.741667 69.872037
v -116.554376 2.948310 70.022176
v -116.256907 3.172368 70.184968
v -115.937873 3.376143 70.333024
v -115.617192 3.549660 70.459095
v -115.281025 3.702755 70.570329
v -114.931288 3.834378 70.665961
v -114.569965 3.943611 70.745326
v -114.199263 4.029976 70.808076
v -113.821437 4.093093 70.853934
v -113.438743 4.132577 70.882622
v -117.968509 0.522058 68.325930
v -117.874930 0.941454 68.684136
v -117.786161 1.196943 68.902350
v -117.674300 1.447109 69.116017
v -117.539698 1.690702 69.324070
v -117.383034 1.926571 69.525526
v -117.205238 2.153643 69.719468
v -117.007240 2.370844 69.904980
v -116.789976 2.577101 70.081144
v -116.554377 2.771340 70.247044
v -116.256908 2.981949 70.426925
v -115.937874 3.173493 70.590523
v -115.617193 3.336595 70.729829
v -115.281026 3.480500 70.852738
v -114.931290 3.604223 70.958410
v -114.569967 3.706899 71.046106
v -114.199264 3.788081 71.115443
v -113.821439 3.847408 71.166115
v -113.438745 3.884523 71.197815
v -117.968509 0.445875 68.402090
v -117.874930 0.804069 68.821480
v -117.786161 1.022276 69.076966
v -117.674300 1.235935 69.327129
v -117.539698 1.443981 69.570718
v -117.383035 1.645430 69.806584
v -117.205238 1.839366 70.033653
v -117.007241 2.024871 70.250851
v -116.789977 2.201029 70.457104
v -116.554379 2.366924 70.651341
v -116.256910 2.546798 70.861947
v -115.937876 2.710391 71.053489
v -115.617196 2.849692 71.216588
v -115.281029 2.972597 71.360492
v -114.931293 3.078266 71.484213
v -114.569970 3.165959 71.586888
v -114.199268 3.235294 71.668068
v -113.821442 3.285964 71.727396
v -113.438749 3.317662 71.764510
v -113.438747 3.612387 71.492475
v -113.821441 3.577872 71.457960
v -114.199266 3.522701 71.402788
v -114.569968 3.447207 71.327293
v -114.931291 3.351723 71.231808
v -115.281028 3.236668 71.116751
v -115.617195 3.102844 70.982926
v -115.937875 2.951169 70.831248
v -116.256909 2.773043 70.653121
v -116.554378 2.577190 70.457264
v -116.789976 2.396558 70.276630
v -117.007241 2.204751 70.084820
v -117.205238 2.002766 69.882833
v -117.383035 1.791602 69.671666
v -117.539698 1.572257 69.452318
v -117.674300 1.345730 69.225787
v -117.786161 1.113090 68.993144
v -117.874930 0.875499 68.755550
v -117.968509 0.485484 68.365530
v -117.968509 0.403506 68.435411
v -117.874930 0.727663 68.881569
v -117.786161 0.925134 69.153362
v -117.674300 1.118491 69.419492
v -117.539698 1.306767 69.678628
v -117.383035 1.489074 69.929549
v -117.205239 1.664581 70.171111
v -117.007242 1.832458 70.402172
v -116.789977 1.991877 70.621590
v -116.554379 2.142008 70.828225
v -116.256911 2.304790 71.052273
v -115.937877 2.452837 71.256040
v -115.617197 2.578901 71.429549
v -115.281030 2.690127 71.582638
v -114.931294 2.785755 71.714256
v -114.569971 2.865115 71.823485
v -114.199269 2.927861 71.909847
v -113.821444 2.973717 71.972961
v -113.438750 3.002403 72.012444
v -117.968509 0.358663 68.465328
v -117.874930 0.646795 68.935520
v -117.786161 0.822321 69.221953
v -117.674300 0.994189 69.502419
v -117.539698 1.161542 69.775514
v -117.383036 1.323588 70.039952
v -117.205239 1.479591 70.294526
v -117.007242 1.628811 70.538034
v -116.789978 1.770514 70.769272
v -116.554380 1.903960 70.987037
v -116.256911 2.048651 71.223154
v -115.937878 2.180246 71.437898
v -115.617197 2.292299 71.620754
v -115.281031 2.391165 71.782089
v -114.931295 2.476165 71.920798
v -114.569972 2.546706 72.035910
v -114.199270 2.602479 72.126924
v -113.821445 2.643239 72.193438
v -113.438752 2.668737 72.235048
v -117.968509 0.311632 68.491675
v -117.874930 0.561983 68.983033
v -117.786161 0.714492 69.282361
v -117.674301 0.863823 69.575452
v -117.539699 1.009231 69.860841
v -117.383036 1.150029 70.137183
v -117.205239 1.285575 70.403217
v -117.007242 1.415229 70.657686
v -116.789978 1.538350 70.899334
v -116.554380 1.654298 71.126902
v -116.256912 1.780016 71.373648
v -115.937878 1.894355 71.598059
v -115.617198 1.991715 71.789147
v -115.281032 2.077617 71.957745
v -114.931296 2.151471 72.102697
v -114.569973 2.212762 72.222991
v -114.199272 2.261222 72.318103
v -113.821446 2.296637 72.387611
v -113.438753 2.318792 72.431094
v -113.438754 1.954635 72.599377
v -113.821447 1.935959 72.554286
v -114.199272 1.906106 72.482208
v -114.569974 1.865257 72.383579
v -114.931297 1.813592 72.258837
v -115.281033 1.751336 72.108525
v -115.617199 1.678925 71.933693
v -115.937879 1.596854 71.735539
v -116.256912 1.500472 71.502830
v -116.554381 1.394497 71.246960
v -116.789979 1.296758 71.010977
v -117.007243 1.192973 70.760394
v -117.205239 1.083681 70.496516
v -117.383036 0.969422 70.220644
v -117.539699 0.850736 69.934085
v -117.674301 0.728164 69.638142
v -117.786161 0.602284 69.334214
v -117.874930 0.473725 69.023818
v -117.968509 0.262692 68.514291
v -117.968509 0.212151 68.533001
v -117.874930 0.382583 69.057559
v -117.786161 0.486408 69.377111
v -117.674301 0.588069 69.690005
v -117.539699 0.687059 69.994677
v -117.383036 0.782911 70.289690
v -117.205240 0.875187 70.573699
v -117.007243 0.963452 70.845362
v -116.789979 1.047270 71.103337
v -116.554381 1.126204 71.346281
v -116.256913 1.211790 71.609699
v -115.937879 1.289629 71.849273
v -115.617199 1.355910 72.053272
v -115.281033 1.414389 72.233261
v -114.931297 1.464667 72.388007
v -114.569975 1.506393 72.516430
v -114.199273 1.539383 72.617968
v -113.821448 1.563492 72.692172
v -113.438755 1.578575 72.738594
v -117.968509 0.160275 68.547649
v -117.874930 0.289032 69.083974
v -117.786161 0.367469 69.410695
v -117.674301 0.444271 69.730608
v -117.539699 0.519055 70.042115
v -117.383036 0.591469 70.343746
v -117.205240 0.661181 70.634126
v -117.007243 0.727863 70.911884
v -116.789979 0.791185 71.175646
v -116.554381 0.850818 71.424040
v -116.256913 0.915476 71.693367
v -115.937880 0.974281 71.938315
v -115.617200 1.024354 72.146890
v -115.281034 1.068534 72.330918
v -114.931298 1.106518 72.489135
v -114.569975 1.138040 72.620439
v -114.199274 1.162964 72.724255
v -113.821449 1.181178 72.800124
v -113.438756 1.192572 72.847587
v -117.968509 0.107400 68.558108
v -117.874930 0.193680 69.102835
v -117.786161 0.246240 69.434674
v -117.674301 0.297705 69.759598
v -117.539699 0.347818 70.075985
v -117.383036 0.396342 70.382342
v -117.205240 0.443056 70.677271
v -117.007243 0.487740 70.959379
v -116.789979 0.530172 71.227273
v -116.554381 0.570132 71.479559
v -116.256913 0.613459 71.753105
v -115.937880 0.652864 72.001890
v -115.617200 0.686418 72.213733
v -115.281034 0.716023 72.400644
v -114.931298 0.741476 72.561340
v -114.569976 0.762599 72.694700
v -114.199274 0.779300 72.800143
v -113.821449 0.791505 72.877200
v -113.438756 0.799141 72.925407
v -117.968509 0.053865 68.564368
v -117.874930 0.097137 69.114124
v -117.786161 0.123498 69.449027
v -117.674301 0.149309 69.776952
v -117.539699 0.174443 70.096260
v -117.383036 0.198779 70.405445
v -117.205240 0.222208 70.703097
v -117.007243 0.244618 70.987810
v -116.789979 0.265900 71.258178
v -116.554382 0.285941 71.512793
v -116.256913 0.307671 71.788865
v -115.937880 0.327434 72.039947
v -115.617200 0.344263 72.253745
v -115.281034 0.359110 72.442381
v -114.931298 0.371876 72.604561
v -114.569976 0.382470 72.739153
v -114.199275 0.390846 72.845569
v -113.821450 0.396967 72.923338
v -113.438757 0.400797 72.971990
v -117.968509 -0.053867 68.564331
v -117.874930 -0.097141 69.114058
v -117.786161 -0.123503 69.448942
v -117.674301 -0.149315 69.776849
v -117.539699 -0.174449 70.096140
v -117.383036 -0.198787 70.405308
v -117.205240 -0.222217 70.702944
v -117.007243 -0.244628 70.987642
v -116.789979 -0.265910 71.257995
v -116.554382 -0.285952 71.512596
v -116.256913 -0.307683 71.788653
v -115.937880 -0.327446 72.039722
v -115.617200 -0.344276 72.253509
v -115.281034 -0.359124 72.442135
v -114.931298 -0.371890 72.604306
v -114.569976 -0.382484 72.738890
v -114.199275 -0.390861 72.845300
v -113.821450 -0.396982 72.923066
v -113.438757 -0.400812 72.971714
v -113.438757 0.000024 72.987403
v -113.821450 0.000024 72.938604
v -114.199275 0.000024 72.860600
v -114.569976 0.000023 72.753862
v -114.931299 0.000023 72.618863
v -115.281034 0.000022 72.456192
v -115.617200 0.000021 72.266985
v -115.937880 0.000020 72.052539
v -116.256913 0.000019 71.800697
v -116.554382 0.000017 71.523789
v -116.789979 0.000016 71.268403
v -117.007243 0.000015 70.997218
v -117.205240 0.000014 70.711642
v -117.383036 0.000012 70.413089
v -117.539699 0.000011 70.102968
v -117.674301 0.000009 69.782694
v -117.786161 0.000008 69.453777
v -117.874930 0.000006 69.117860
v -117.968509 0.000003 68.566439
v -117.968509 -0.107404 68.558052
v -117.874930 -0.193687 69.102734
v -117.786161 -0.246249 69.434546
v -117.674301 -0.297716 69.759443
v -117.539699 -0.347830 70.075804
v -117.383036 -0.396356 70.382135
v -117.205240 -0.443072 70.677040
v -117.007243 -0.487757 70.959126
v -116.789979 -0.530190 71.226998
v -116.554381 -0.570151 71.479263
v -116.256913 -0.613480 71.752786
v -115.937880 -0.652887 72.001551
v -115.617200 -0.686442 72.213376
v -115.281034 -0.716048 72.400271
v -114.931298 -0.741502 72.560954
v -114.569976 -0.762626 72.694304
v -114.199274 -0.779327 72.799737
v -113.821449 -0.791533 72.876789
v -113.438756 -0.799169 72.924991
v -117.968509 -0.160281 68.547611
v -117.874930 -0.289044 69.083905
v -117.786161 -0.367484 69.410607
v -117.674301 -0.444289 69.730502
v -117.539699 -0.519077 70.041991
v -117.383036 -0.591493 70.343604
v -117.205240 -0.661208 70.633968
v -117.007243 -0.727893 70.911709
v -116.789979 -0.791217 71.175456
v -116.554381 -0.850853 71.423836
v -116.256913 -0.915513 71.693148
v -115.937880 -0.974321 71.938082
v -115.617200 -1.024396 72.146645
v -115.281034 -1.068578 72.330662
v -114.931298 -1.106563 72.488870
v -114.569975 -1.138087 72.620166
v -114.199274 -1.163011 72.723976
v -113.821449 -1.181226 72.799841
v -113.438756 -1.192621 72.847301
v -117.968509 -0.212170 68.533017
v -117.874930 -0.382617 69.057587
v -117.786161 -0.486451 69.377147
v -117.674301 -0.588121 69.690049
v -117.539699 -0.687120 69.994728
v -117.383036 -0.782980 70.289748
v -117.205240 -0.875265 70.573764
v -117.007243 -0.963538 70.845434
v -116.789979 -1.047363 71.103415
v -116.554381 -1.126304 71.346365
v -116.256913 -1.211898 71.609790
v -115.937879 -1.289744 71.849369
v -115.617199 -1.356030 72.053373
v -115.281033 -1.414515 72.233367
v -114.931297 -1.464797 72.388117
v -114.569975 -1.506526 72.516542
v -114.199273 -1.539520 72.618083
v -113.821448 -1.563631 72.692289
v -113.438755 -1.578715 72.738712
v -117.968509 -0.311598 68.491633
v -117.874930 -0.561922 68.982958
v -117.786161 -0.714415 69.282266
v -117.674301 -0.863730 69.575336
v -117.539699 -1.009122 69.860706
v -117.383036 -1.149904 70.137029
v -117.205239 -1.285436 70.403045
v -117.007242 -1.415076 70.657497
v -116.789978 -1.538183 70.899128
v -116.554380 -1.654118 71.126681
v -116.256912 -1.779823 71.373410
v -115.937878 -1.894150 71.597805
v -115.617198 -1.991499 71.788880
v -115.281032 -2.077392 71.957467
v -114.931296 -2.151238 72.102409
v -114.569973 -2.212522 72.222695
v -114.199272 -2.260977 72.317800
v -113.821446 -2.296388 72.387304
v -113.438753 -2.318540 72.430784
v -113.438754 -1.954698 72.599511
v -113.821447 -1.936022 72.554418
v -114.199272 -1.906168 72.482338
v -114.569974 -1.865317 72.383707
v -114.931297 -1.813650 72.258961
v -115.281033 -1.751393 72.108644
v -115.617199 -1.678979 71.933807
v -115.937879 -1.596906 71.735648
v -116.256912 -1.500521 71.502933
v -116.554381 -1.394542 71.247056
v -116.789979 -1.296800 71.011066
v -117.007243 -1.193012 70.760476
v -117.205239 -1.083716 70.496590
v -117.383036 -0.969453 70.220711
v -117.539699 -0.850763 69.934143
v -117.674301 -0.728187 69.638192
v -117.786161 -0.602303 69.334255
v -117.874930 -0.473741 69.023851
v -117.968509 -0.262700 68.514309
v -117.968509 -0.358567 68.465202
v -117.874930 -0.646622 68.935294
v -117.786161 -0.822100 69.221666
v -117.674300 -0.993923 69.502072
v -117.539698 -1.161230 69.775109
v -117.383036 -1.323233 70.039490
v -117.205239 -1.479194 70.294010
v -117.007242 -1.628374 70.537465
v -116.789978 -1.770038 70.768654
v -116.554380 -1.903449 70.986373
v -116.256911 -2.048102 71.222439
v -115.937878 -2.179661 71.437137
v -115.617197 -2.291684 71.619954
v -115.281031 -2.390524 71.781255
v -114.931295 -2.475501 71.919934
v -114.569972 -2.546022 72.035021
v -114.199270 -2.601781 72.126016
v -113.821445 -2.642529 72.192516
v -113.438752 -2.668021 72.234117
v -117.968509 -0.403354 68.435210
v -117.874930 -0.727390 68.881207
v -117.786161 -0.924787 69.152901
v -117.674300 -1.118071 69.418934
v -117.539698 -1.306276 69.677977
v -117.383035 -1.488515 69.928807
v -117.205239 -1.663956 70.170282
v -117.007242 -1.831770 70.401259
v -116.789977 -1.991129 70.620598
v -116.554379 -2.141203 70.827157
v -116.256911 -2.303925 71.051124
v -115.937877 -2.451916 71.254818
v -115.617197 -2.577933 71.428264
v -115.281030 -2.689117 71.581298
v -114.931294 -2.784709 71.712868
v -114.569971 -2.864039 71.822057
v -114.199269 -2.926762 71.908388
v -113.821444 -2.972600 71.971479
v -113.438750 -3.001276 72.010948
v -117.968509 -0.445699 68.401854
v -117.874930 -0.803752 68.821054
v -117.786161 -1.021872 69.076424
v -117.674300 -1.235447 69.326473
v -117.539698 -1.443411 69.569952
v -117.383035 -1.644781 69.805712
v -117.205238 -1.838640 70.032678
v -117.007241 -2.024072 70.249777
v -116.789977 -2.200160 70.455938
v -116.554379 -2.365989 70.650087
v -116.256910 -2.545793 70.860597
v -115.937876 -2.709321 71.052052
v -115.617196 -2.848566 71.215077
v -115.281029 -2.971424 71.358916
v -114.931293 -3.077050 71.482581
v -114.569970 -3.164709 71.585209
v -114.199268 -3.234016 71.666353
v -113.821442 -3.284667 71.725654
v -113.438749 -3.316353 71.762751
v -113.438747 -3.611441 71.490859
v -113.821441 -3.576935 71.456360
v -114.199266 -3.521778 71.401212
v -114.569968 -3.446304 71.325750
v -114.931291 -3.350846 71.230309
v -115.281028 -3.235820 71.115303
v -115.617195 -3.102031 70.981537
v -115.937875 -2.950396 70.829928
v -116.256909 -2.772317 70.651880
v -116.554378 -2.576515 70.456111
v -116.789976 -2.395930 70.275557
v -117.007241 -2.204173 70.083834
v -117.205238 -2.002242 69.881937
v -117.383035 -1.791133 69.670864
v -117.539698 -1.571845 69.451614
v -117.674300 -1.345377 69.225185
v -117.786161 -1.112798 68.992646
v -117.874930 -0.875270 68.755158
v -117.968509 -0.485357 68.365313
v -117.968509 -0.522009 68.325844
v -117.874930 -0.941366 68.683981
v -117.786161 -1.196831 68.902153
v -117.674300 -1.446973 69.115779
v -117.539698 -1.690543 69.323791
v -117.383034 -1.926391 69.525209
v -117.205238 -2.153441 69.719114
v -117.007240 -2.370621 69.904589
v -116.789976 -2.576859 70.080719
v -116.554377 -2.771080 70.246588
v -116.256908 -2.981669 70.426434
v -115.937874 -3.173195 70.590000
v -115.617193 -3.336281 70.729279
v -115.281026 -3.480173 70.852165
v -114.931290 -3.603885 70.957816
v -114.569967 -3.706551 71.045495
v -114.199264 -3.787725 71.114819
v -113.821439 -3.847047 71.165481
v -113.438745 -3.884158 71.197175
v -117.968509 -0.555449 68.283586
v -117.874930 -1.001671 68.607776
v -117.786161 -1.273501 68.805267
v -117.674300 -1.539668 68.998644
v -117.539697 -1.798841 69.186939
v -117.383034 -2.049797 69.369264
v -117.205237 -2.291393 69.544789
v -117.007240 -2.522486 69.712683
v -116.789975 -2.741935 69.872118
v -116.554376 -2.948599 70.022264
v -116.256907 -3.172678 70.185062
v -115.937873 -3.376473 70.333125
v -115.617192 -3.550007 70.459201
v -115.281025 -3.703117 70.570439
v -114.931288 -3.834753 70.666075
v -114.569965 -3.943996 70.745443
v -114.199263 -4.030370 70.808196
v -113.821437 -4.093493 70.854056
v -113.438743 -4.132981 70.882745
v -117.968509 -0.585396 68.238769
v -117.874930 -1.055674 68.526955
v -117.786161 -1.342161 68.702514
v -117.674299 -1.622677 68.874414
v -117.539697 -1.895823 69.041798
v -117.383034 -2.160309 69.203875
v -117.205237 -2.414930 69.359906
v -117.007239 -2.658483 69.509154
v -116.789974 -2.889763 69.650883
v -116.554376 -3.107568 69.784354
v -116.256906 -3.343728 69.929072
v -115.937872 -3.558511 70.060691
v -115.617191 -3.741401 70.172765
v -115.281024 -3.902765 70.271649
v -114.931287 -4.041498 70.356665
v -114.569963 -4.156631 70.427218
v -114.199261 -4.247662 70.483002
v -113.821435 -4.314187 70.523768
v -113.438741 -4.355804 70.549271
v -117.968509 -0.611645 68.191704
v -117.874930 -1.103011 68.442080
v -117.786160 -1.402343 68.594605
v -117.674299 -1.695438 68.743952
v -117.539697 -1.980832 68.889375
v -117.383033 -2.257177 69.030187
v -117.205236 -2.523215 69.165747
v -117.007238 -2.777688 69.295414
v -116.789974 -3.019339 69.418548
v -116.554375 -3.246911 69.534507
v -116.256905 -3.493660 69.660239
v -115.937871 -3.718074 69.774589
v -115.617190 -3.909164 69.871959
v -115.281022 -4.077764 69.957870
v -114.931285 -4.222718 70.031731
v -114.569961 -4.343013 70.093028
v -114.199259 -4.438125 70.141492
v -113.821433 -4.507633 70.176910
v -113.438738 -4.551117 70.199067
v -117.968509 -0.652684 68.092118
v -117.874929 -1.177020 68.262492
v -117.786160 -1.496436 68.366281
v -117.674299 -1.809197 68.467907
v -117.539696 -2.113740 68.566863
v -117.383033 -2.408628 68.662682
v -117.205235 -2.692516 68.754926
v -117.007237 -2.964064 68.843161
v -116.789972 -3.221929 68.926950
v -116.554373 -3.464770 69.005857
v -116.256903 -3.728075 69.091413
v -115.937868 -3.967546 69.169225
v -115.617187 -4.171458 69.235483
v -115.281019 -4.351370 69.293942
v -114.931281 -4.506050 69.344203
v -114.569957 -4.634416 69.385913
v -114.199254 -4.735910 69.418892
v -113.821428 -4.810081 69.442993
v -113.438734 -4.856482 69.458070
v -113.438736 -4.718152 69.834710
v -113.821430 -4.673074 69.816034
v -114.199257 -4.601015 69.786181
v -114.569959 -4.502412 69.745331
v -114.931283 -4.377701 69.693665
v -115.281020 -4.227427 69.631409
v -115.617188 -4.052640 69.558996
v -115.937869 -3.854536 69.476925
v -116.256904 -3.621886 69.380541
v -116.554374 -3.366080 69.274564
v -116.789973 -3.130156 69.176823
v -117.007238 -2.879636 69.073036
v -117.205236 -2.615823 68.963742
v -117.383033 -2.340021 68.849480
v -117.539696 -2.053533 68.730792
v -117.674299 -1.757665 68.608218
v -117.786160 -1.453812 68.482335
v -117.874930 -1.143494 68.353774
v -117.968509 -0.634094 68.142736
v -117.968509 -0.667305 68.040233
v -117.874929 -1.203385 68.168925
v -117.786160 -1.529957 68.247322
v -117.674299 -1.849724 68.324086
v -117.539696 -2.161088 68.398832
v -117.383032 -2.462581 68.471209
v -117.205235 -2.752829 68.540886
v -117.007237 -3.030459 68.607535
v -116.789971 -3.294100 68.670824
v -116.554372 -3.542381 68.730427
v -116.256902 -3.811584 68.795052
v -115.937867 -4.056419 68.853828
v -115.617185 -4.264899 68.903875
v -115.281017 -4.448841 68.948033
v -114.931280 -4.606985 68.985997
v -114.569955 -4.738227 69.017503
v -114.199252 -4.841994 69.042413
v -113.821426 -4.917827 69.060618
v -113.438731 -4.965266 69.072006
v -117.968509 -0.677878 67.987378
v -117.874929 -1.222453 68.073608
v -117.786160 -1.554199 68.126138
v -117.674298 -1.879033 68.177574
v -117.539696 -2.195331 68.227658
v -117.383032 -2.501601 68.276154
v -117.205234 -2.796448 68.322842
v -117.007236 -3.078477 68.367500
v -116.789970 -3.346296 68.409907
v -116.554371 -3.598510 68.449844
v -116.256901 -3.871979 68.493146
v -115.937865 -4.120694 68.532529
v -115.617184 -4.332476 68.566063
v -115.281015 -4.519333 68.595651
v -114.931278 -4.679983 68.621089
v -114.569953 -4.813304 68.642200
v -114.199250 -4.918715 68.658891
v -113.821423 -4.995749 68.671089
v -113.438728 -5.043940 68.678720
v -117.968509 -0.684320 67.933869
v -117.874929 -1.234069 67.977114
v -117.786160 -1.568968 68.003458
v -117.674298 -1.896888 68.029252
v -117.539695 -2.216192 68.054369
v -117.383031 -2.525373 68.078690
v -117.205234 -2.823021 68.102104
v -117.007235 -3.107731 68.124500
v -116.789970 -3.378094 68.145767
v -116.554370 -3.632705 68.165795
v -116.256900 -3.908773 68.187511
v -115.937864 -4.159851 68.207261
v -115.617182 -4.373646 68.224079
v -115.281014 -4.562278 68.238917
v -114.931276 -4.724454 68.251674
v -114.569951 -4.859042 68.262261
v -114.199248 -4.965455 68.270632
v -113.821421 -5.043221 68.276749
v -113.438726 -5.091870 68.280576
v -117.968509 -0.684466 67.826167
v -117.874929 -1.234334 67.782888
v -117.786159 -1.569304 67.756523
v -117.674298 -1.897295 67.730708
v -117.539695 -2.216667 67.705571
v -117.383030 -2.525914 67.681230
v -117.205232 -2.823626 67.657798
v -117.007234 -3.108396 67.635385
v -116.789968 -3.378817 67.614100
v -116.554368 -3.633483 67.594056
v -116.256897 -3.909609 67.572323
v -115.937861 -4.160741 67.552557
v -115.617179 -4.374581 67.535726
v -115.281010 -4.563253 67.520876
v -114.931272 -4.725464 67.508109
v -114.569947 -4.860081 67.497513
v -114.199243 -4.966516 67.489136
v -113.821416 -5.044298 67.483014
v -113.438721 -5.092957 67.479184
v -113.438723 -5.108420 67.879874
v -113.821418 -5.059614 67.879876
v -114.199245 -4.981595 67.879879
v -114.569949 -4.874836 67.879882
v -114.931274 -4.739811 67.879886
v -115.281012 -4.577107 67.879892
v -115.617181 -4.387862 67.879898
v -115.937863 -4.173373 67.879905
v -116.256899 -3.921479 67.879913
v -116.554369 -3.644514 67.879922
v -116.789969 -3.389075 67.879930
v -117.007235 -3.117833 67.879939
v -117.205233 -2.832198 67.879948
v -117.383031 -2.533582 67.879958
v -117.539695 -2.223396 67.879968
v -117.674298 -1.903054 67.879978
v -117.786160 -1.574068 67.879989
v -117.874929 -1.238081 67.879999
v -117.968509 -0.686544 67.880017
v -117.968509 -0.678048 67.772661
v -117.874929 -1.222759 67.686399
v -117.786159 -1.554589 67.633849
v -117.674297 -1.879503 67.582394
v -117.539694 -2.195881 67.532291
v -117.383030 -2.502228 67.483777
v -117.205232 -2.797148 67.437072
v -117.007233 -3.079248 67.392398
v -116.789967 -3.347134 67.349975
v -116.554367 -3.599411 67.310023
v -116.256896 -3.872948 67.266705
v -115.937860 -4.121725 67.227307
v -115.617177 -4.333560 67.193760
v -115.281009 -4.520463 67.164162
v -114.931270 -4.681153 67.138714
v -114.569945 -4.814507 67.117596
v -114.199241 -4.919944 67.100898
v -113.821413 -4.996997 67.088696
v -113.438718 -5.045199 67.081063
v -117.968509 -0.667396 67.719842
v -117.874929 -1.203550 67.591147
v -117.786159 -1.530167 67.512748
v -117.674297 -1.849977 67.435983
v -117.539694 -2.161385 67.361234
v -117.383030 -2.462919 67.288856
v -117.205231 -2.753206 67.219177
v -117.007232 -3.030874 67.152528
v -116.789966 -3.294552 67.089236
v -116.554366 -3.542866 67.029633
v -116.256895 -3.812106 66.965006
v -115.937859 -4.056974 66.906229
v -115.617176 -4.265481 66.856181
v -115.281007 -4.449448 66.812022
v -114.931268 -4.607613 66.774058
v -114.569943 -4.738872 66.742551
v -114.199239 -4.842652 66.717640
v -113.821411 -4.918495 66.699435
v -113.438715 -4.965940 66.688047
v -117.968509 -0.652644 67.668009
v -117.874929 -1.176947 67.497674
v -117.786159 -1.496344 67.393909
v -117.674297 -1.809085 67.292306
v -117.539694 -2.113609 67.193373
v -117.383029 -2.408479 67.097576
v -117.205231 -2.692349 67.005352
v -117.007232 -2.963880 66.917138
v -116.789966 -3.221728 66.833368
v -116.554365 -3.464554 66.754479
v -116.256894 -3.727842 66.668942
v -115.937857 -3.967298 66.591148
v -115.617174 -4.171196 66.524906
v -115.281005 -4.351096 66.466461
v -114.931266 -4.505765 66.416212
v -114.569941 -4.634123 66.374511
v -114.199236 -4.735609 66.341540
v -113.821408 -4.809775 66.317446
v -113.438713 -4.856171 66.302373
v -117.968509 -0.611371 67.568505
v -117.874929 -1.102518 67.318233
v -117.786159 -1.401716 67.165771
v -117.674297 -1.694680 67.016486
v -117.539693 -1.979947 66.871124
v -117.383028 -2.256169 66.730370
v -117.205230 -2.522088 66.594867
v -117.007231 -2.776447 66.465254
v -116.789964 -3.017989 66.342171
v -116.554363 -3.245459 66.226261
v -116.256892 -3.492097 66.100582
v -115.937855 -3.716409 65.986280
v -115.617172 -3.907413 65.888950
v -115.281002 -4.075936 65.803077
v -114.931263 -4.220824 65.729247
v -114.569937 -4.341064 65.667976
v -114.199232 -4.436132 65.619533
v -113.821404 -4.505607 65.584130
v -113.438708 -4.549069 65.561984
v -113.438710 -4.716908 65.926332
v -113.821406 -4.671843 65.944998
v -114.199234 -4.599804 65.974836
v -114.569939 -4.501228 66.015665
v -114.931264 -4.376552 66.067305
v -115.281003 -4.226318 66.129531
v -115.617173 -4.051577 66.201907
v -115.937856 -3.853526 66.283938
v -116.256893 -3.620938 66.380275
v -116.554364 -3.365200 66.486199
v -116.789965 -3.129338 66.583892
v -117.007231 -2.878884 66.687628
v -117.205230 -2.615140 66.796869
v -117.383029 -2.339410 66.911074
v -117.539693 -2.052997 67.029704
v -117.674297 -1.757206 67.152218
v -117.786159 -1.453433 67.278039
v -117.874929 -1.143195 67.406537
v -117.968509 -0.633928 67.617471
v -117.968509 -0.585117 67.521434
v -117.874929 -1.055173 67.233347
v -117.786159 -1.341523 67.057849
v -117.674296 -1.621906 66.886008
v -117.539693 -1.894923 66.718682
v -117.383028 -2.159283 66.556661
v -117.205229 -2.413783 66.400684
v -117.007230 -2.657219 66.251487
v -116.789963 -2.888389 66.109808
v -116.554363 -3.106090 65.976383
v -116.256891 -3.342137 65.831715
v -115.937854 -3.556817 65.700143
v -115.617170 -3.739618 65.588108
v -115.281000 -3.900905 65.489259
v -114.931261 -4.039570 65.404273
v -114.569935 -4.154647 65.333745
v -114.199230 -4.245632 65.277982
v -113.821402 -4.312124 65.237231
v -113.438706 -4.353719 65.211738
v -117.968509 -0.555296 67.476550
v -117.874928 -1.001394 67.152406
v -117.786158 -1.273150 66.954942
v -117.674296 -1.539244 66.761594
v -117.539692 -1.798345 66.573325
v -117.383028 -2.049232 66.391026
v -117.205229 -2.290761 66.215526
v -117.007229 -2.521790 66.047656
v -116.789963 -2.741178 65.888244
v -116.554362 -2.947784 65.738120
v -116.256890 -3.171800 65.575345
v -115.937853 -3.375538 65.427304
v -115.617169 -3.549023 65.301247
v -115.280999 -3.702089 65.190026
v -114.931259 -3.833687 65.094404
v -114.569933 -3.942899 65.015049
v -114.199228 -4.029247 64.952307
v -113.821400 -4.092350 64.906455
v -113.438703 -4.131825 64.877772
v -117.968509 -0.522040 67.434155
v -117.874928 -0.941423 67.075952
v -117.786158 -1.196904 66.857741
v -117.674296 -1.447061 66.644076
v -117.539692 -1.690646 66.436026
v -117.383027 -1.926507 66.234572
v -117.205228 -2.153571 66.040632
v -117.007229 -2.370765 65.855123
v -116.789962 -2.577014 65.678962
v -116.554361 -2.771247 65.513064
v -116.256889 -2.981847 65.333186
v -115.937851 -3.173384 65.169591
v -115.617168 -3.336479 65.030288
v -115.280998 -3.480378 64.907381
v -114.931258 -3.604095 64.801712
v -114.569932 -3.706766 64.714019
v -114.199226 -3.787943 64.644684
v -113.821398 -3.847266 64.594015
v -113.438701 -3.884377 64.562318
v -117.968509 -0.445855 67.358031
v -117.874928 -0.804034 66.938675
v -117.786158 -1.022230 66.683210
v -117.674296 -1.235881 66.433068
v -117.539692 -1.443917 66.189498
v -117.383027 -1.645357 65.953651
v -117.205228 -1.839284 65.726601
v -117.007228 -2.024781 65.509421
v -116.789961 -2.200931 65.303185
v -116.554360 -2.366817 65.108964
v -116.256887 -2.546683 64.898377
v -115.937850 -2.710267 64.706852
v -115.617166 -2.849560 64.543768
v -115.280995 -2.972459 64.399877
v -114.931255 -3.078121 64.276168
v -114.569929 -3.165808 64.173504
v -114.199223 -3.235138 64.092332
v -113.821394 -3.285804 64.033013
v -113.438698 -3.317499 63.995904
v -113.438699 -3.612383 64.267624
v -113.821396 -3.577871 64.302136
v -114.199225 -3.522702 64.357306
v -114.569930 -3.447209 64.432799
v -114.931256 -3.351728 64.528282
v -115.280996 -3.236674 64.643337
v -115.617167 -3.102851 64.777161
v -115.937850 -2.951176 64.928837
v -116.256888 -2.773051 65.106963
v -116.554360 -2.577197 65.302819
v -116.789961 -2.396566 65.483452
v -117.007228 -2.204758 65.675261
v -117.205228 -2.002773 65.877248
v -117.383027 -1.791609 66.088414
v -117.539692 -1.572263 66.307762
v -117.674296 -1.345735 66.534292
v -117.786158 -1.113094 66.766935
v -117.874928 -0.875502 67.004529
v -117.968509 -0.485486 67.394549
v -117.968509 -0.403453 67.324781
v -117.874928 -0.727568 66.878713
v -117.786158 -0.925014 66.606976
v -117.674296 -1.118345 66.340901
v -117.539692 -1.306597 66.081817
v -117.383026 -1.488880 65.830947
v -117.205227 -1.664364 65.589435
v -117.007227 -1.832219 65.358422
v -116.789960 -1.991616 65.139049
v -116.554359 -2.141727 64.932457
v -116.256886 -2.304487 64.708456
v -115.937849 -2.452514 64.504732
v -115.617165 -2.578560 64.331259
v -115.280994 -2.689770 64.178204
v -114.931254 -2.785384 64.046615
v -114.569927 -2.864731 63.937411
v -114.199222 -2.927468 63.851069
v -113.821393 -2.973315 63.787971
v -113.438696 -3.001995 63.748500
v -117.968509 -0.358575 67.294942
v -117.874928 -0.646637 66.824903
v -117.786158 -0.822120 66.538562
v -117.674295 -0.993946 66.258188
v -117.539691 -1.161258 65.985181
v -117.383026 -1.323264 65.720830
v -117.205227 -1.479228 65.466339
v -117.007227 -1.628412 65.222911
v -116.789960 -1.770079 64.991749
v -116.554358 -1.903492 64.774056
v -116.256886 -2.048148 64.538017
v -115.937848 -2.179709 64.323345
v -115.617164 -2.291734 64.140550
v -115.280993 -2.390574 63.979270
v -114.931253 -2.475552 63.840609
v -114.569926 -2.546073 63.725537
v -114.199220 -2.601831 63.634555
v -113.821391 -2.642579 63.568067
v -113.438694 -2.668069 63.526474
v -117.968509 -0.311516 67.268657
v -117.874928 -0.561774 66.777502
v -117.786158 -0.714227 66.478298
v -117.674295 -0.863503 66.185328
v -117.539691 -1.008857 65.900057
v -117.383026 -1.149602 65.623830
v -117.205227 -1.285098 65.357907
v -117.007227 -1.414703 65.103543
v -116.789959 -1.537778 64.861996
v -116.554358 -1.653682 64.634523
v -116.256885 -1.779354 64.387881
v -115.937847 -1.893649 64.163565
v -115.617163 -1.990972 63.972558
v -115.280992 -2.076841 63.804032
v -114.931252 -2.150666 63.659143
v -114.569925 -2.211933 63.538901
v -114.199219 -2.260373 63.443832
v -113.821390 -2.295773 63.374357
v -113.438693 -2.317917 63.330895
v -113.438692 -1.953612 63.162780
v -113.821389 -1.934947 63.207847
v -114.199218 -1.905111 63.279890
v -114.569924 -1.864284 63.378472
v -114.931251 -1.812647 63.503157
v -115.280991 -1.750425 63.653401
v -115.617162 -1.678052 63.828155
v -115.937847 -1.596025 64.026220
v -116.256885 -1.499694 64.258826
v -116.554358 -1.393774 64.514583
v -116.789959 -1.296087 64.750463
v -117.007226 -1.192355 65.000936
v -117.205226 -1.083120 65.264700
v -117.383026 -0.968920 65.540451
v -117.539691 -0.850295 65.826886
v -117.674295 -0.727787 66.122699
v -117.786158 -0.601972 66.426496
v -117.874928 -0.473480 66.736757
v -117.968509 -0.262556 67.246063
v -117.968509 -0.212040 67.227325
v -117.874928 -0.382383 66.702966
v -117.786158 -0.486153 66.383535
v -117.674295 -0.587761 66.070759
v -117.539691 -0.686699 65.766202
v -117.383026 -0.782501 65.471302
v -117.205226 -0.874729 65.187400
v -117.007226 -0.962947 64.915841
v -116.789959 -1.046721 64.657965
v -116.554357 -1.125613 64.415114
v -116.256884 -1.211154 64.151797
v -115.937846 -1.288951 63.912317
v -115.617162 -1.355196 63.708397
v -115.280991 -1.413645 63.528479
v -114.931250 -1.463895 63.373794
v -114.569923 -1.505597 63.245424
v -114.199217 -1.538569 63.143928
v -113.821388 -1.562665 63.069756
v -113.438691 -1.577738 63.023356
v -117.968509 -0.160213 67.212566
v -117.874928 -0.288921 66.676349
v -117.786158 -0.367328 66.349694
v -117.674295 -0.444101 66.029846
v -117.539691 -0.518857 65.718403
v -117.383025 -0.591242 65.416833
v -117.205226 -0.660928 65.126512
v -117.007226 -0.727584 64.848812
v -116.789959 -0.790882 64.585104
v -116.554357 -0.850492 64.336762
v -116.256884 -0.915124 64.067491
v -115.937846 -0.973907 63.822595
v -115.617161 -1.023960 63.614065
v -115.280990 -1.068123 63.430077
v -114.931250 -1.106091 63.271895
v -114.569923 -1.137600 63.140622
v -114.199217 -1.162513 63.036831
v -113.821388 -1.180719 62.960982
v -113.438690 -1.192108 62.913533
v -117.968509 -0.107388 67.201935
v -117.874928 -0.193659 66.657178
v -117.786158 -0.246214 66.325321
v -117.674295 -0.297674 66.000378
v -117.539691 -0.347781 65.683974
v -117.383025 -0.396300 65.377602
v -117.205226 -0.443009 65.082657
v -117.007226 -0.487688 64.800534
v -116.789958 -0.530115 64.532626
v -116.554357 -0.570071 64.280328
v -116.256884 -0.613393 64.006769
v -115.937846 -0.652794 63.757973
v -115.617161 -0.686344 63.546121
v -115.280990 -0.715945 63.359203
v -114.931249 -0.741395 63.198502
v -114.569922 -0.762515 63.065138
v -114.199216 -0.779214 62.959694
v -113.821387 -0.791417 62.882636
v -113.438690 -0.799051 62.834432
v -117.968509 -0.053866 67.195577
v -117.874928 -0.097139 66.645711
v -117.786158 -0.123501 66.310742
v -117.674295 -0.149313 65.982753
v -117.539691 -0.174447 65.663382
v -117.383025 -0.198784 65.354137
v -117.205226 -0.222213 65.056427
v -117.007226 -0.244624 64.771658
v -116.789958 -0.265905 64.501239
v -116.554357 -0.285947 64.246575
v -116.256884 -0.307677 63.970450
v -115.937845 -0.327441 63.719321
v -115.617161 -0.344269 63.505483
v -115.280990 -0.359117 63.316813
v -114.931249 -0.371883 63.154604
v -114.569922 -0.382477 63.019990
v -114.199216 -0.390853 62.913558
v -113.821387 -0.396974 62.835778
v -113.438690 -0.400803 62.787121
v -117.968509 0.053813 67.195837
v -117.874928 0.097045 66.646180
v -117.786158 0.123380 66.311339
v -117.674295 0.149167 65.983474
v -117.539691 0.174277 65.664225
v -117.383025 0.198590 65.355097
v -117.205226 0.221996 65.057500
v -117.007226 0.244385 64.772839
v -116.789958 0.265646 64.502522
v -116.554357 0.285668 64.247955
v -116.256884 0.307377 63.971936
v -115.937845 0.327122 63.720902
v -115.617161 0.343934 63.507145
v -115.280990 0.358767 63.318547
v -114.931249 0.371520 63.156400
v -114.569922 0.382104 63.021837
v -114.199216 0.390472 62.915445
v -113.821387 0.396587 62.837694
v -113.438690 0.400413 62.789056
v -113.438690 -0.000319 62.772161
v -113.821387 -0.000316 62.820960
v -114.199216 -0.000311 62.898969
v -114.569922 -0.000305 63.005714
v -114.931249 -0.000296 63.140724
v -115.280990 -0.000286 63.303409
v -115.617161 -0.000274 63.492633
v -115.937845 -0.000261 63.707099
v -116.256884 -0.000245 63.958966
v -116.554357 -0.000228 64.235902
v -116.789958 -0.000212 64.491314
v -117.007226 -0.000195 64.762528
v -117.205226 -0.000177 65.048133
v -117.383025 -0.000158 65.346717
v -117.539691 -0.000139 65.656871
v -117.674295 -0.000119 65.977180
v -117.786158 -0.000098 66.306133
v -117.874928 -0.000077 66.642086
v -117.968509 -0.000043 67.193566
v -117.968509 0.107314 67.202305
v -117.874928 0.193525 66.657845
v -117.786158 0.246044 66.326168
v -117.674295 0.297468 66.001404
v -117.539691 0.347541 65.685172
v -117.383025 0.396026 65.378967
v -117.205226 0.442703 65.084183
v -117.007226 0.487350 64.802213
v -116.789958 0.529748 64.534452
v -116.554357 0.569676 64.282291
v -116.256884 0.612969 64.008881
v -115.937846 0.652342 63.760221
v -115.617161 0.685869 63.548484
v -115.280990 0.715450 63.361669
v -114.931250 0.740882 63.201055
v -114.569922 0.761987 63.067764
v -114.199216 0.778675 62.962377
v -113.821387 0.790869 62.885362
v -113.438690 0.798498 62.837184
v -117.968509 0.160166 67.212887
v -117.874928 0.288835 66.676928
v -117.786158 0.367218 66.350431
v -117.674295 0.443968 66.030736
v -117.539691 0.518702 65.719443
v -117.383025 0.591066 65.418018
v -117.205226 0.660730 65.127837
v -117.007226 0.727367 64.850270
v -116.789959 0.790645 64.586690
v -116.554357 0.850237 64.338466
v -116.256884 0.914851 64.069325
v -115.937846 0.973615 63.824547
v -115.617161 1.023654 63.616117
v -115.280990 1.067803 63.432218
v -114.931250 1.105760 63.274112
v -114.569923 1.137260 63.142902
v -114.199217 1.162166 63.039161
v -113.821388 1.180366 62.963348
v -113.438690 1.191752 62.915923
v -117.968509 0.212050 67.227499
v -117.874928 0.382401 66.703280
v -117.786158 0.486176 66.383933
v -117.674295 0.587789 66.071241
v -117.539691 0.686731 65.766766
v -117.383026 0.782537 65.471943
v -117.205226 0.874769 65.188118
v -117.007226 0.962992 64.916631
v -116.789959 1.046769 64.658823
v -116.554357 1.125665 64.416037
v -116.256884 1.211210 64.152791
v -115.937846 1.289011 63.913374
v -115.617162 1.355259 63.709509
v -115.280991 1.413710 63.529638
v -114.931250 1.463963 63.374995
v -114.569923 1.505668 63.246659
v -114.199217 1.538641 63.145190
v -113.821388 1.562738 63.071038
v -113.438691 1.577812 63.024650
v -113.438692 1.954580 63.162855
v -113.821389 1.935906 63.207922
v -114.199218 1.906055 63.279964
v -114.569924 1.865208 63.378544
v -114.931251 1.813545 63.503227
v -115.280991 1.751292 63.653469
v -115.617162 1.678884 63.828220
v -115.937847 1.596816 64.026282
v -116.256885 1.500437 64.258884
v -116.554358 1.394465 64.514637
v -116.789959 1.296729 64.750513
v -117.007226 1.192946 65.000982
v -117.205226 1.083657 65.264742
v -117.383026 0.969400 65.540488
v -117.539691 0.850717 65.826919
v -117.674295 0.728147 66.122728
v -117.786158 0.602271 66.426519
v -117.874928 0.473715 66.736775
v -117.968509 0.262686 67.246073
v -117.968509 0.311648 67.268482
v -117.874928 0.562012 66.777185
v -117.786158 0.714529 66.477895
v -117.674295 0.863869 66.184841
v -117.539691 1.009284 65.899488
v -117.383026 1.150089 65.623182
v -117.205227 1.285642 65.357182
v -117.007227 1.415302 65.102745
v -116.789959 1.538429 64.861129
v -116.554358 1.654382 64.633590
v -116.256885 1.780107 64.386877
v -115.937847 1.894451 64.162497
v -115.617163 1.991815 63.971435
v -115.280992 2.077720 63.802861
v -114.931252 2.151577 63.657930
v -114.569925 2.212869 63.537654
v -114.199219 2.261330 63.442557
v -113.821390 2.296745 63.373062
v -113.438693 2.318899 63.329588
v -117.968509 0.358727 67.294684
v -117.874928 0.646912 66.824437
v -117.786158 0.822469 66.537971
v -117.674295 0.994368 66.257473
v -117.539691 1.161751 65.984346
v -117.383026 1.323826 65.719878
v -117.205227 1.479856 65.465275
v -117.007227 1.629104 65.221740
v -116.789960 1.770831 64.990476
v -116.554358 1.904300 64.772686
v -116.256886 2.049017 64.536544
v -115.937848 2.180634 64.321777
v -115.617164 2.292707 64.138902
v -115.280993 2.391589 63.977550
v -114.931253 2.476603 63.838828
v -114.569926 2.547154 63.723706
v -114.199220 2.602936 63.632684
v -113.821391 2.643700 63.566166
v -113.438694 2.669201 63.524554
v -117.968509 0.403569 67.324582
v -117.874928 0.727776 66.878355
v -117.786158 0.925279 66.606520
v -117.674296 1.118665 66.340349
v -117.539692 1.306971 66.081173
v -117.383026 1.489306 65.830213
v -117.205227 1.664840 65.588614
v -117.007227 1.832743 65.357518
v -116.789960 1.992187 65.138067
v -116.554359 2.142340 64.931401
v -116.256886 2.305147 64.707320
v -115.937849 2.453216 64.503523
v -115.617165 2.579298 64.329988
v -115.280994 2.690540 64.176878
v -114.931254 2.786181 64.045241
v -114.569927 2.865552 63.935999
v -114.199222 2.928306 63.849626
v -113.821393 2.974166 63.786505
v -113.438696 3.002855 63.747019
v -117.968509 0.445836 67.358011
v -117.874928 0.803999 66.938638
v -117.786158 1.022187 66.683162
v -117.674296 1.235828 66.433010
v -117.539692 1.443855 66.189431
v -117.383027 1.645287 65.953575
v -117.205228 1.839206 65.726516
v -117.007228 2.024694 65.509328
v -116.789961 2.200837 65.303083
v -116.554360 2.366716 65.108855
v -116.256887 2.546574 64.898259
v -115.937850 2.710152 64.706727
v -115.617166 2.849439 64.543636
v -115.280995 2.972332 64.399740
v -114.931255 3.077990 64.276026
v -114.569929 3.165673 64.173357
v -114.199223 3.235000 64.092183
v -113.821394 3.285664 64.032861
v -113.438698 3.317357 63.995751
v -117.968509 0.521776 67.434362
v -117.874928 0.940945 67.076325
v -117.786158 1.196297 66.858215
v -117.674296 1.446327 66.644650
v -117.539692 1.689788 66.436696
v -117.383027 1.925530 66.235336
v -117.205228 2.152479 66.041486
v -117.007229 2.369562 65.856063
v -116.789962 2.575707 65.679983
v -116.554361 2.769841 65.514163
v -116.256889 2.980334 65.334368
v -115.937851 3.171774 65.170849
v -115.617168 3.334786 65.031611
v -115.280998 3.478612 64.908761
v -114.931258 3.602266 64.803141
v -114.569932 3.704885 64.715489
v -114.199226 3.786021 64.646186
v -113.821398 3.845314 64.595540
v -113.438701 3.882406 64.563858
v -113.438699 3.610803 64.268511
v -113.821396 3.576306 64.303015
v -114.199225 3.521161 64.358172
v -114.569930 3.445701 64.433646
v -114.931256 3.350261 64.529105
v -115.280996 3.235258 64.644132
v -115.617167 3.101493 64.777923
v -115.937850 2.949885 64.929562
v -116.256888 2.771838 65.107645
v -116.554360 2.576070 65.303452
v -116.789961 2.395517 65.484041
v -117.007228 2.203794 65.675803
v -117.205228 2.001897 65.877740
v -117.383027 1.790825 66.088855
v -117.539692 1.571575 66.308149
v -117.674296 1.345146 66.534623
v -117.786158 1.112607 66.767209
v -117.874928 0.875119 67.004744
v -117.968509 0.485274 67.394668
v -117.968509 0.555081 67.476740
v -117.874928 1.001006 67.152748
v -117.786158 1.272656 66.955377
v -117.674296 1.538647 66.762119
v -117.539692 1.797647 66.573939
v -117.383028 2.048437 66.391725
v -117.205229 2.289872 66.216308
v -117.007229 2.520811 66.048516
v -116.789963 2.740115 65.889179
v -116.554362 2.946640 65.739126
v -116.256890 3.170570 65.576427
v -115.937853 3.374229 65.428456
v -115.617169 3.547646 65.302458
v -115.280999 3.700653 65.191290
v -114.931259 3.832200 65.095712
v -114.569933 3.941369 65.016394
v -114.199228 4.027684 64.953682
v -113.821400 4.090762 64.907851
v -113.438703 4.130222 64.879182
v -117.968509 0.585031 67.521556
v -117.874929 1.055017 67.233568
v -117.786159 1.341325 67.058130
v -117.674296 1.621667 66.886348
v -117.539693 1.894643 66.719079
v -117.383028 2.158964 66.557114
v -117.205229 2.413426 66.401190
v -117.007230 2.656827 66.252044
v -116.789963 2.887963 66.110413
v -116.554363 3.105632 65.977034
v -116.256891 3.341644 65.832416
v -115.937854 3.556292 65.700888
v -115.617170 3.739067 65.588891
v -115.281000 3.900329 65.490076
v -114.931261 4.038974 65.405120
v -114.569935 4.154034 65.334616
v -114.199230 4.245006 65.278872
v -113.821402 4.311488 65.238135
v -113.438706 4.353077 65.212651
v -117.968509 0.611443 67.568539
v -117.874929 1.102648 67.318295
v -117.786159 1.401882 67.165850
v -117.674297 1.694880 67.016581
v -117.539693 1.980180 66.871235
v -117.383028 2.256435 66.730497
v -117.205230 2.522385 66.595009
v -117.007231 2.776774 66.465410
v -116.789964 3.018345 66.342341
v -116.554363 3.245842 66.226443
v -116.256892 3.492509 66.100778
v -115.937855 3.716848 65.986489
v -115.617172 3.907874 65.889170
v -115.281002 4.076417 65.803306
v -114.931263 4.221322 65.729484
v -114.569937 4.341576 65.668220
v -114.199232 4.436656 65.619782
v -113.821404 4.506139 65.584384
v -113.438708 4.549606 65.562240
v -113.438710 4.718545 65.926168
v -113.821406 4.673464 65.944835
v -114.199234 4.601401 65.974675
v -114.569939 4.502791 66.015508
v -114.931264 4.378071 66.067153
v -115.281003 4.227786 66.129383
v -115.617173 4.052984 66.201766
v -115.937856 3.854864 66.283804
v -116.256893 3.622195 66.380148
v -116.554364 3.366368 66.486082
v -116.789965 3.130424 66.583782
v -117.007231 2.879883 66.687527
v -117.205230 2.616048 66.796777
v -117.383029 2.340222 66.910992
v -117.539693 2.053709 67.029632
v -117.674297 1.757816 67.152157
v -117.786159 1.453937 67.277988
v -117.874929 1.143592 67.406497
v -117.968509 0.634148 67.617449
v -117.968509 0.652920 67.667915
v -117.874929 1.177444 67.497505
v -117.786159 1.496976 67.393694
v -117.674297 1.809850 67.292045
v -117.539694 2.114502 67.193068
v -117.383029 2.409496 67.097229
v -117.205231 2.693487 67.004964
v -117.007232 2.965132 66.916711
v -116.789966 3.223090 66.832904
v -116.554365 3.466018 66.753980
v -116.256894 3.729418 66.668406
v -115.937857 3.968974 66.590577
v -115.617174 4.172959 66.524305
v -115.281005 4.352935 66.465834
v -114.931266 4.507669 66.415563
v -114.569941 4.636081 66.373844
v -114.199236 4.737610 66.340858
v -113.821408 4.811807 66.316753
v -113.438713 4.858223 66.301673
v -117.968509 0.667616 67.719764
v -117.874929 1.203947 67.591006
v -117.786159 1.530672 67.512569
v -117.674297 1.850588 67.435766
v -117.539694 2.162098 67.360981
v -117.383030 2.463732 67.288568
v -117.205231 2.754115 67.218855
v -117.007232 3.031875 67.152173
v -116.789966 3.295639 67.088851
v -116.554366 3.544036 67.029218
v -116.256895 3.813364 66.964560
v -115.937859 4.058313 66.905754
v -115.617176 4.266889 66.855681
v -115.281007 4.450917 66.811501
v -114.931268 4.609134 66.773518
v -114.569943 4.740437 66.741996
v -114.199238 4.844251 66.717073
v -113.821411 4.920119 66.698860
v -113.438715 4.967579 66.687466
v -117.968509 0.678129 67.772639
v -117.874929 1.222906 67.686359
v -117.786159 1.554775 67.633798
v -117.674297 1.879729 67.582333
v -117.539694 2.196144 67.532220
v -117.383030 2.502528 67.483695
v -117.205232 2.797484 67.436981
v -117.007233 3.079617 67.392297
v -116.789967 3.347535 67.349865
v -116.554367 3.599843 67.309905
v -116.256896 3.873413 67.266578
v -115.937860 4.122219 67.227173
v -115.617177 4.334079 67.193619
v -115.281009 4.521005 67.164014
v -114.931270 4.681714 67.138561
v -114.569945 4.815084 67.117438
v -114.199241 4.920533 67.100737
v -113.821413 4.997595 67.088533
v -113.438718 5.045803 67.080898
v -117.968509 0.684465 67.826176
v -117.874929 1.234331 67.782904
v -117.786159 1.569301 67.756544
v -117.674298 1.897291 67.730733
v -117.539695 2.216663 67.705600
v -117.383030 2.525909 67.681264
v -117.205232 2.823621 67.657836
v -117.007234 3.108390 67.635426
v -116.789968 3.378811 67.614145
v -116.554368 3.633476 67.594105
v -116.256897 3.909602 67.572375
v -115.937861 4.160733 67.552612
v -115.617179 4.374573 67.535784
v -115.281010 4.563245 67.520937
v -114.931272 4.725456 67.508172
v -114.569947 4.860072 67.497578
v -114.199243 4.966507 67.489202
v -113.821416 5.044289 67.483081
v -113.438721 5.092948 67.479252
v 40.000000 -6.763034 67.881127
v 40.000000 -6.731462 68.533854
v 40.000000 -6.637040 69.180487
v 40.000000 -6.480649 69.814987
v 40.000000 -6.263751 70.431432
v 40.000000 -5.988369 71.024066
v 40.000000 -5.657076 71.587354
v 40.000000 -5.272964 72.116039
v 40.000000 -4.839620 72.605183
v 40.000000 -4.361090 73.050220
v 40.000000 -3.841841 73.446995
v 40.000000 -3.286722 73.791803
v 40.000000 -2.700916 74.081424
v 40.000000 -2.089892 74.313155
v 40.000000 -1.459356 74.484831
v 40.000000 -0.815194 74.594851
v 40.000000 -0.163420 74.642187
v 40.000000 0.489879 74.626396
v 40.000000 1.138604 74.547626
v 40.000000 1.776699 74.406613
v 40.000000 2.398205 74.204674
v 40.000000 2.997320 73.943693
v 40.000000 3.568449 73.626108
v 40.000000 4.106261 73.254883
v 40.000000 4.605734 72.833485
v 40.000000 5.062204 72.365848
v 40.000000 5.471410 71.856339
v 40.000000 5.829530 71.309714
v 40.000000 6.133222 70.731077
v 40.000000 6.379650 70.125831
v 40.000000 6.566513 69.499627
v 40.000000 6.692066 68.858311
v 40.000000 6.755136 68.207872
v 40.000000 6.755136 67.554382
v 40.000000 6.692066 66.903943
v 40.000000 6.566513 66.262627
v 40.000000 6.379650 65.636423
v 40.000000 6.133222 65.031177
v 40.000000 5.829530 64.452540
v 40.000000 5.471410 63.905915
v 40.000000 5.062204 63.396406
v 40.000000 4.605734 62.928769
v 40.000000 4.106261 62.507371
v 40.000000 3.568449 62.136146
v 40.000000 2.997320 61.818561
v 40.000000 2.398205 61.557580
v 40.000000 1.776699 61.355641
v 40.000000 1.138604 61.214628
v 40.000000 0.489879 61.135858
v 40.000000 -0.163420 61.120068
v 40.000000 -0.815194 61.167403
v 40.000000 -1.459356 61.277423
v 40.000000 -2.089892 61.449099
v 40.000000 -2.700916 61.680830
v 40.000000 -3.286722 61.970451
v 40.000000 -3.841841 62.315259
v 40.000000 -4.361090 62.712034
v 40.000000 -4.839620 63.157071
v 40.000000 -5.272964 63.646215
v 40.000000 -5.657076 64.174900
v 40.000000 -5.988369 64.738188
v 40.000000 -6.263751 65.330822
v 40.000000 -6.480649 65.947267
v 40.000000 -6.637040 66.581768
v 40.000000 -6.731462 67.228400
v -99.139500 -5.276501 67.880137
v -85.225545 -5.425154 67.880236
v -71.311590 -5.573808 67.880335
v -57.397635 -5.722461 67.880434
v -43.483680 -5.871115 67.880533
v -29.569726 -6.019768 67.880632
v -15.655771 -6.168421 67.880731
v -1.741816 -6.317075 67.880829
v 12.172139 -6.465728 67.880928
v 26.086093 -6.614381 67.881027
v 26.086136 -2.641550 61.817015
v 12.172181 -2.582183 61.953200
v -1.741775 -2.522816 62.089385
v -15.655731 -2.463449 62.225571
v -29.569687 -2.404082 62.361756
v -43.483642 -2.344715 62.497941
v -57.397598 -2.285348 62.634127
v -71.311554 -2.225981 62.770312
v -85.225509 -2.166614 62.906497
v -99.139465 -2.107247 63.042683
v -99.139464 -1.630528 62.861887
v -85.225508 -1.676465 62.720608
v -71.311552 -1.722401 62.579329
v -57.397597 -1.768337 62.438050
v -43.483641 -1.814274 62.296771
v -29.569685 -1.860210 62.155493
v -15.655729 -1.906147 62.014214
v -1.741774 -1.952083 61.872935
v 12.172182 -1.998020 61.731656
v 26.086138 -2.043956 61.590377
v 12.172183 -1.395202 61.567526
v 26.086139 -1.427279 61.422474
v 12.172184 -0.779357 61.462343
v 26.086140 -0.797275 61.314873
v 12.172184 -0.156236 61.417089
v 26.086140 -0.159828 61.268578
v 12.172184 0.468344 61.432185
v 26.086140 0.479112 61.284021
v 12.172184 1.088551 61.507492
v 26.086140 1.113578 61.361060
v 12.172183 1.698595 61.642306
v 26.086139 1.737647 61.498973
v 12.172181 2.292779 61.835368
v 26.086137 2.345492 61.696474
v 12.172180 2.647555 61.982108
v 26.086136 2.820422 61.898113
v -99.139466 2.338501 63.150140
v -85.225510 2.404383 63.016982
v -71.311554 2.470265 62.883824
v -57.397599 2.536147 62.750666
v -43.483643 2.602029 62.617508
v -29.569687 2.667911 62.484350
v -15.655732 2.733792 62.351192
v -1.741776 2.799674 62.218034
v 12.172180 2.865556 62.084876
v 26.086135 2.931438 61.951718
v -1.741774 2.240066 61.974263
v -15.655730 2.187353 62.113157
v -29.569686 2.134640 62.252052
v -43.483641 2.081926 62.390946
v -57.397597 2.029213 62.529841
v -71.311553 1.976500 62.668735
v -85.225509 1.923787 62.807629
v -99.139464 1.871073 62.946524
v -15.655729 1.620490 61.928972
v -29.569684 1.581438 62.072305
v -43.483640 1.542386 62.215639
v -57.397596 1.503333 62.358972
v -71.311552 1.464281 62.502305
v -85.225508 1.425228 62.645638
v -99.139463 1.386176 62.788971
v -15.655728 1.038498 61.800357
v -29.569684 1.013471 61.946790
v -43.483639 0.988444 62.093223
v -57.397595 0.963417 62.239655
v -71.311551 0.938390 62.386088
v -85.225507 0.913363 62.532521
v -99.139463 0.888337 62.678953
v -15.655727 0.446809 61.728513
v -29.569683 0.436041 61.876677
v -43.483639 0.425273 62.024841
v -57.397595 0.414506 62.173005
v -71.311550 0.403738 62.321169
v -85.225506 0.392970 62.469333
v -99.139462 0.382203 62.617497
v -15.655727 -0.149052 61.714111
v -29.569683 -0.145460 61.862622
v -43.483639 -0.141868 62.011133
v -57.397595 -0.138276 62.159644
v -71.311550 -0.134684 62.308155
v -85.225506 -0.131092 62.456666
v -99.139462 -0.127500 62.605177
v -15.655727 -0.743521 61.757285
v -29.569683 -0.725602 61.904755
v -43.483639 -0.707684 62.052226
v -57.397595 -0.689766 62.199696
v -71.311551 -0.671848 62.347167
v -85.225506 -0.653930 62.494638
v -99.139462 -0.636012 62.642108
v -15.655728 -1.331047 61.857631
v -29.569684 -1.298970 62.002683
v -43.483640 -1.266893 62.147736
v -57.397596 -1.234816 62.292788
v -71.311551 -1.202739 62.437841
v -85.225507 -1.170662 62.582893
v -99.139463 -1.138585 62.727945
v -99.139534 -2.107248 72.717593
v -85.225580 -2.166615 72.853976
v -71.311626 -2.225982 72.990359
v -57.397673 -2.285349 73.126742
v -43.483719 -2.344715 73.263125
v -29.569765 -2.404082 73.399508
v -15.655811 -2.463449 73.535892
v -1.741857 -2.522816 73.672275
v 12.172096 -2.582183 73.808658
v 26.086050 -2.641550 73.945041
v 26.086050 -2.630584 73.949806
v 12.172096 -2.560736 73.817954
v -1.741859 -1.952084 73.888725
v -15.655813 -1.906147 73.747248
v -29.569766 -1.860211 73.605772
v -43.483720 -1.814275 73.464295
v -57.397674 -1.768338 73.322818
v -71.311628 -1.722402 73.181342
v -85.225581 -1.676465 73.039865
v -99.139535 -1.630529 72.898389
v -15.655814 -1.331048 73.903831
v -29.569767 -1.298971 73.758581
v -43.483721 -1.266894 73.613331
v -57.397675 -1.234817 73.468081
v -71.311629 -1.202740 73.322830
v -85.225582 -1.170663 73.177580
v -99.139536 -1.138586 73.032330
v -15.655814 -0.743521 74.004178
v -29.569768 -0.725603 73.856509
v -43.483722 -0.707685 73.708841
v -57.397676 -0.689767 73.561172
v -71.311629 -0.671849 73.413504
v -85.225583 -0.653931 73.265836
v -99.139537 -0.636012 73.118167
v -15.655815 -0.149053 74.047351
v -29.569768 -0.145461 73.898642
v -43.483722 -0.141869 73.749934
v -57.397676 -0.138277 73.601225
v -71.311630 -0.134684 73.452516
v -85.225583 -0.131092 73.303807
v -99.139537 -0.127500 73.155098
v -15.655815 0.446808 74.032949
v -29.569768 0.436040 73.884587
v -43.483722 0.425273 73.736225
v -57.397676 0.414505 73.587864
v -71.311629 0.403737 73.439502
v -85.225583 0.392970 73.291140
v -99.139537 0.382202 73.142778
v -15.655814 1.038497 73.961105
v -29.569768 1.013470 73.814475
v -43.483722 0.988443 73.667844
v -57.397675 0.963416 73.521214
v -71.311629 0.938389 73.374583
v -85.225583 0.913363 73.227953
v -99.139536 0.888336 73.081323
v -15.655813 1.620489 73.832490
v -29.569767 1.581437 73.688959
v -43.483721 1.542385 73.545428
v -57.397674 1.503332 73.401897
v -71.311628 1.464280 73.258367
v -85.225582 1.425228 73.114836
v -99.139536 1.386175 72.971305
v -1.741858 2.240065 73.787397
v -15.655812 2.187352 73.648305
v -29.569766 2.134639 73.509213
v -43.483719 2.081925 73.370121
v -57.397673 2.029212 73.231029
v -71.311627 1.976499 73.091937
v -85.225581 1.923786 72.952844
v -99.139535 1.871073 72.813752
v 26.086051 2.931438 73.810337
v 12.172097 2.865556 73.676982
v -1.741856 2.799674 73.543626
v -15.655810 2.733792 73.410270
v -29.569764 2.667910 73.276914
v -43.483718 2.602028 73.143559
v -57.397672 2.536146 73.010203
v -71.311625 2.470264 72.876847
v -85.225579 2.404382 72.743492
v -99.139533 2.338500 72.610136
v 12.172096 2.292778 73.926490
v 26.086049 2.345492 74.065582
v 12.172094 1.698594 74.119552
v 26.086048 1.737647 74.263083
v 12.172093 1.088550 74.254366
v 26.086047 1.113577 74.400996
v 12.172093 0.468343 74.329672
v 26.086046 0.479111 74.478034
v 12.172093 -0.156237 74.344769
v 26.086046 -0.159828 74.493478
v 12.172093 -0.779358 74.299514
v 26.086047 -0.797276 74.447183
v 12.172094 -1.395202 74.194331
v 26.086047 -1.427279 74.339581
v 12.172095 -1.998020 74.030201
v 26.086049 -2.043956 74.171678
v -99.139501 5.270339 68.135064
v -85.225547 5.418819 68.142345
v -71.311592 5.567299 68.149626
v -57.397637 5.715779 68.156906
v -43.483683 5.864258 68.164187
v -29.569728 6.012738 68.171468
v -15.655773 6.161218 68.178749
v -1.741818 6.309698 68.186030
v 12.172136 6.458177 68.193310
v 26.086091 6.606657 68.200591
v 26.086096 6.606657 67.561465
v 12.172141 6.458177 67.568548
v -1.741814 6.309698 67.575631
v -15.655769 6.161218 67.582714
v -29.569724 6.012738 67.589797
v -43.483678 5.864258 67.596880
v -57.397633 5.715779 67.603963
v -71.311588 5.567299 67.611047
v -85.225543 5.418819 67.618130
v -99.139498 5.270339 67.625213
v -99.139505 5.221132 68.642535
v -85.225550 5.368225 68.664113
v -71.311596 5.515318 68.685690
v -57.397641 5.662412 68.707268
v -43.483687 5.809505 68.728846
v -29.569732 5.956599 68.750423
v -15.655777 6.103692 68.772001
v -1.741823 6.250786 68.793579
v 12.172132 6.397879 68.815156
v 26.086086 6.544973 68.836734
v -99.139508 5.123175 69.142888
v -85.225554 5.267509 69.178562
v -71.311599 5.411843 69.214236
v -57.397645 5.556177 69.249910
v -43.483690 5.700511 69.285583
v -29.569736 5.844844 69.321257
v -15.655781 5.989178 69.356931
v -1.741827 6.133512 69.392605
v 12.172128 6.277846 69.428279
v 26.086082 6.422179 69.463953
v -99.139512 4.977386 69.631450
v -85.225558 5.117612 69.680889
v -71.311603 5.257839 69.730327
v -57.397649 5.398065 69.779765
v -43.483694 5.538292 69.829203
v -29.569740 5.678518 69.878641
v -15.655786 5.818744 69.928079
v -1.741831 5.958971 69.977517
v 12.172123 6.099197 70.026955
v 26.086078 6.239424 70.076393
v -99.139515 4.785123 70.103662
v -85.225561 4.919933 70.166403
v -71.311607 5.054743 70.229145
v -57.397652 5.189553 70.291886
v -43.483698 5.324363 70.354628
v -29.569744 5.459173 70.417369
v -15.655789 5.593983 70.480111
v -1.741835 5.728793 70.542853
v 12.172119 5.863603 70.605594
v 26.086073 5.998413 70.668336
v -99.139519 4.548184 70.555112
v -85.225564 4.676318 70.630573
v -71.311610 4.804453 70.706033
v -57.397656 4.932588 70.781493
v -43.483702 5.060722 70.856953
v -29.569747 5.188857 70.932413
v -15.655793 5.316992 71.007873
v -1.741839 5.445126 71.083334
v 12.172115 5.573261 71.158794
v 26.086069 5.701396 71.234254
v -99.139522 4.268779 70.981588
v -85.225567 4.389042 71.069063
v -71.311613 4.509305 71.156538
v -57.397659 4.629568 71.244013
v -43.483705 4.749831 71.331488
v -29.569751 4.870094 71.418963
v -15.655797 4.990357 71.506438
v -1.741843 5.110620 71.593914
v 12.172112 5.230884 71.681389
v 26.086066 5.351147 71.768864
v -99.139524 3.949518 71.379106
v -85.225570 4.060786 71.477780
v -71.311616 4.172055 71.576454
v -57.397662 4.283323 71.675128
v -43.483708 4.394592 71.773803
v -29.569754 4.505861 71.872477
v -15.655800 4.617129 71.971151
v -1.741846 4.728398 72.069826
v 12.172108 4.839667 72.168500
v 26.086062 4.950935 72.267174
v -99.139527 3.593381 71.743955
v -85.225573 3.694616 71.852908
v -71.311619 3.795851 71.961861
v -57.397665 3.897087 72.070814
v -43.483711 3.998322 72.179767
v -29.569757 4.099557 72.288720
v -15.655803 4.200792 72.397673
v -1.741849 4.302028 72.506626
v 12.172105 4.403263 72.615579
v 26.086059 4.504498 72.724532
v -99.139529 3.203693 72.072728
v -85.225575 3.293950 72.190944
v -71.311621 3.384207 72.309159
v -57.397668 3.474464 72.427375
v -43.483714 3.564720 72.545590
v -29.569760 3.654977 72.663806
v -15.655806 3.745234 72.782021
v -1.741852 3.835491 72.900237
v 12.172102 3.925747 73.018452
v 26.086056 4.016004 73.136668
v -99.139531 2.784094 72.362357
v -85.225577 2.862529 72.488732
v -71.311624 2.940965 72.615107
v -57.397670 3.019400 72.741482
v -43.483716 3.097836 72.867857
v -29.569762 3.176272 72.994232
v -15.655808 3.254707 73.120607
v -1.741854 3.333143 73.246982
v 12.172100 3.411578 73.373358
v 26.086053 3.490014 73.499733
v -99.139532 -2.564292 72.491631
v -85.225578 -2.636535 72.621648
v -71.311625 -2.708778 72.751665
v -57.397671 -2.781021 72.881683
v -43.483717 -2.853264 73.011700
v -29.569763 -2.925507 73.141717
v -15.655809 -2.997750 73.271734
v -1.741855 -3.069993 73.401751
v 12.172098 -3.142236 73.531768
v 26.086052 -3.214479 73.661786
v -99.139530 -2.997395 72.222613
v -85.225576 -3.081839 72.345051
v -71.311623 -3.166284 72.467489
v -57.397669 -3.250729 72.589928
v -43.483715 -3.335173 72.712366
v -29.569761 -3.419618 72.834804
v -15.655807 -3.504063 72.957242
v -1.741853 -3.588507 73.079680
v 12.172101 -3.672952 73.202119
v 26.086055 -3.757397 73.324557
v -99.139528 -3.402511 71.913050
v -85.225574 -3.498369 72.026767
v -71.311620 -3.594227 72.140484
v -57.397666 -3.690085 72.254201
v -43.483712 -3.785943 72.367918
v -29.569758 -3.881800 72.481635
v -15.655804 -3.977658 72.595352
v -1.741851 -4.073516 72.709069
v 12.172103 -4.169374 72.822786
v 26.086057 -4.265232 72.936503
v -99.139526 -3.775859 71.565834
v -85.225572 -3.882235 71.669769
v -71.311618 -3.988611 71.773704
v -57.397664 -4.094987 71.877639
v -43.483710 -4.201364 71.981574
v -29.569756 -4.307740 72.085508
v -15.655802 -4.414116 72.189443
v -1.741848 -4.520492 72.293378
v 12.172106 -4.626868 72.397313
v 26.086060 -4.733244 72.501248
v -99.139523 -4.113953 71.184205
v -85.225569 -4.229854 71.277388
v -71.311615 -4.345755 71.370571
v -57.397661 -4.461656 71.463755
v -43.483707 -4.577557 71.556938
v -29.569753 -4.693459 71.650122
v -15.655798 -4.809360 71.743305
v -1.741844 -4.925261 71.836489
v 12.172110 -5.041162 71.929672
v 26.086064 -5.157063 72.022856
v -99.139520 -4.413636 70.771726
v -85.225566 -4.537980 70.853289
v -71.311612 -4.662324 70.934852
v -57.397658 -4.786668 71.016415
v -43.483703 -4.911012 71.097977
v -29.569749 -5.035356 71.179540
v -15.655795 -5.159700 71.261103
v -1.741841 -5.284044 71.342666
v 12.172113 -5.408388 71.424229
v 26.086068 -5.532732 71.505792
v -99.139517 -4.672110 70.332250
v -85.225563 -4.803736 70.401432
v -71.311608 -4.935362 70.470613
v -57.397654 -5.066988 70.539795
v -43.483700 -5.198614 70.608976
v -29.569746 -5.330240 70.678158
v -15.655791 -5.461866 70.747339
v -1.741837 -5.593492 70.816521
v 12.172117 -5.725118 70.885703
v 26.086071 -5.856744 70.954884
v -99.139514 -4.886962 69.869879
v -85.225559 -5.024641 69.926034
v -71.311605 -5.162320 69.982190
v -57.397651 -5.299999 70.038345
v -43.483696 -5.437677 70.094500
v -29.569742 -5.575356 70.150656
v -15.655788 -5.713035 70.206811
v -1.741833 -5.850714 70.262966
v 12.172121 -5.988393 70.319122
v 26.086076 -6.126072 70.375277
v -99.139510 -5.056185 69.388930
v -85.225556 -5.198632 69.431536
v -71.311601 -5.341078 69.474142
v -57.397647 -5.483525 69.516747
v -43.483692 -5.625971 69.559353
v -29.569738 -5.768417 69.601959
v -15.655784 -5.910864 69.644565
v -1.741829 -6.053310 69.687170
v 12.172125 -6.195757 69.729776
v 26.086080 -6.338203 69.772382
v -99.139507 -5.178201 68.893894
v -85.225552 -5.324085 68.922554
v -71.311598 -5.469969 68.951213
v -57.397643 -5.615852 68.979872
v -43.483689 -5.761736 69.008531
v -29.569734 -5.907620 69.037191
v -15.655779 -6.053504 69.065850
v -1.741825 -6.199388 69.094509
v 12.172130 -6.345272 69.123168
v 26.086084 -6.491156 69.151827
v -99.139503 -5.251868 68.389393
v -85.225548 -5.399828 68.403839
v -71.311594 -5.547787 68.418285
v -57.397639 -5.695747 68.432732
v -43.483685 -5.843706 68.447178
v -29.569730 -5.991665 68.461624
v -15.655775 -6.139625 68.476070
v -1.741821 -6.287584 68.490516
v 12.172134 -6.435544 68.504962
v 26.086089 -6.583503 68.519408
v -99.139496 -5.251868 67.370882
v -85.225541 -5.399828 67.356634
v -71.311586 -5.547787 67.342385
v -57.397631 -5.695747 67.328137
v -43.483676 -5.843706 67.313889
v -29.569722 -5.991665 67.299641
v -15.655767 -6.139625 67.285393
v -1.741812 -6.287584 67.271145
v 12.172143 -6.435544 67.256896
v 26.086098 -6.583503 67.242648
v -99.139492 -5.178200 66.866381
v -85.225537 -5.324084 66.837919
v -71.311582 -5.469968 66.809458
v -57.397627 -5.615852 66.780997
v -43.483672 -5.761736 66.752535
v -29.569718 -5.907620 66.724074
v -15.655763 -6.053504 66.695613
v -1.741808 -6.199388 66.667151
v 12.172147 -6.345272 66.638690
v 26.086102 -6.491156 66.610229
v -99.139489 -5.056185 66.371345
v -85.225534 -5.198632 66.328937
v -71.311579 -5.341078 66.286529
v -57.397624 -5.483525 66.244121
v -43.483669 -5.625971 66.201713
v -29.569714 -5.768417 66.159306
v -15.655758 -5.910864 66.116898
v -1.741803 -6.053310 66.074490
v 12.172152 -6.195757 66.032082
v 26.086107 -6.338203 65.989674
v -99.139485 -4.886961 65.890396
v -85.225530 -5.024640 65.834439
v -71.311575 -5.162319 65.778481
v -57.397620 -5.299998 65.722524
v -43.483665 -5.437677 65.666566
v -29.569710 -5.575356 65.610609
v -15.655754 -5.713035 65.554651
v -1.741799 -5.850714 65.498694
v 12.172156 -5.988393 65.442736
v 26.086111 -6.126072 65.386779
v -99.139482 -4.672110 65.428025
v -85.225527 -4.803736 65.359042
v -71.311572 -4.935362 65.290058
v -57.397616 -5.066988 65.221074
v -43.483661 -5.198614 65.152090
v -29.569706 -5.330240 65.083107
v -15.655751 -5.461866 65.014123
v -1.741795 -5.593492 64.945139
v 12.172160 -5.725118 64.876155
v 26.086115 -5.856744 64.807172
v -99.139479 -4.413635 64.988549
v -85.225524 -4.537980 64.907184
v -71.311568 -4.662324 64.825819
v -57.397613 -4.786668 64.744454
v -43.483658 -4.911012 64.663089
v -29.569702 -5.035356 64.581724
v -15.655747 -5.159700 64.500359
v -1.741792 -5.284044 64.418994
v 12.172164 -5.408389 64.337629
v 26.086119 -5.532733 64.256264
v -99.139476 -4.113952 64.576071
v -85.225521 -4.229854 64.483085
v -71.311565 -4.345755 64.390100
v -57.397610 -4.461656 64.297114
v -43.483654 -4.577557 64.204128
v -29.569699 -4.693459 64.111143
v -15.655744 -4.809360 64.018157
v -1.741788 -4.925261 63.925171
v 12.172167 -5.041162 63.832186
v 26.086123 -5.157064 63.739200
v -99.139473 -3.775858 64.194442
v -85.225518 -3.882235 64.090705
v -71.311562 -3.988611 63.986967
v -57.397607 -4.094987 63.883230
v -43.483651 -4.201363 63.779493
v -29.569696 -4.307740 63.675756
v -15.655740 -4.414116 63.572019
v -1.741785 -4.520492 63.468282
v 12.172171 -4.626868 63.364544
v 26.086126 -4.733245 63.260807
v -99.139471 -3.402510 63.847225
v -85.225515 -3.498368 63.733706
v -71.311560 -3.594226 63.620187
v -57.397604 -3.690084 63.506667
v -43.483649 -3.785942 63.393148
v -29.569693 -3.881800 63.279629
v -15.655737 -3.977658 63.166110
v -1.741782 -4.073516 63.052591
v 12.172174 -4.169374 62.939071
v 26.086129 -4.265232 62.825552
v -99.139469 -2.997394 63.537662
v -85.225513 -3.081839 63.415422
v -71.311557 -3.166284 63.293182
v -57.397602 -3.250728 63.170941
v -43.483646 -3.335173 63.048701
v -29.569691 -3.419618 62.926460
v -15.655735 -3.504063 62.804220
v -1.741779 -3.588507 62.681980
v 12.172176 -3.672952 62.559739
v 26.086132 -3.757397 62.437499
v -99.139467 -2.564292 63.268644
v -85.225511 -2.636535 63.138825
v -71.311555 -2.708778 63.009006
v -57.397600 -2.781021 62.879186
v -43.483644 -2.853264 62.749367
v -29.569688 -2.925507 62.619547
v -15.655733 -2.997750 62.489728
v -1.741777 -3.069994 62.359909
v 12.172179 -3.142237 62.230089
v 26.086134 -3.214480 62.100270
v -99.139468 2.784095 63.397920
v -85.225512 2.862530 63.271742
v -71.311556 2.940966 63.145565
v -57.397601 3.019401 63.019387
v -43.483645 3.097837 62.893210
v -29.569689 3.176272 62.767033
v -15.655734 3.254708 62.640855
v -1.741778 3.333143 62.514678
v 12.172178 3.411579 62.388500
v 26.086133 3.490014 62.262323
v -99.139470 3.203694 63.687548
v -85.225514 3.293951 63.569530
v -71.311559 3.384207 63.451513
v -57.397603 3.474464 63.333495
v -43.483647 3.564721 63.215477
v -29.569692 3.654978 63.097459
v -15.655736 3.745234 62.979441
v -1.741781 3.835491 62.861424
v 12.172175 3.925748 62.743406
v 26.086131 4.016005 62.625388
v -99.139472 3.593381 64.016322
v -85.225517 3.694616 63.907566
v -71.311561 3.795852 63.798811
v -57.397605 3.897087 63.690056
v -43.483650 3.998322 63.581300
v -29.569694 4.099558 63.472545
v -15.655739 4.200793 63.363790
v -1.741783 4.302028 63.255034
v 12.172172 4.403264 63.146279
v 26.086128 4.504499 63.037524
v -99.139475 3.949518 64.381171
v -85.225519 4.060787 64.282694
v -71.311564 4.172055 64.184218
v -57.397608 4.283324 64.085741
v -43.483653 4.394593 63.987265
v -29.569697 4.505861 63.888788
v -15.655742 4.617130 63.790311
v -1.741786 4.728399 63.691835
v 12.172169 4.839667 63.593358
v 26.086124 4.950936 63.494882
v -99.139477 4.268779 64.778689
v -85.225522 4.389042 64.691411
v -71.311567 4.509305 64.604134
v -57.397611 4.629569 64.516857
v -43.483656 4.749832 64.429579
v -29.569701 4.870095 64.342302
v -15.655745 4.990358 64.255024
v -1.741790 5.110621 64.167747
v 12.172166 5.230884 64.080470
v 26.086121 5.351147 63.993192
v -99.139480 4.548184 65.205164
v -85.225525 4.676319 65.129902
v -71.311570 4.804453 65.054639
v -57.397615 4.932588 64.979377
v -43.483659 5.060723 64.904114
v -29.569704 5.188858 64.828852
v -15.655749 5.316992 64.753590
v -1.741793 5.445127 64.678327
v 12.172162 5.573262 64.603065
v 26.086117 5.701396 64.527802
v -99.139484 4.785124 65.656615
v -85.225529 4.919934 65.594071
v -71.311573 5.054744 65.531527
v -57.397618 5.189553 65.468983
v -43.483663 5.324363 65.406440
v -29.569708 5.459173 65.343896
v -15.655753 5.593983 65.281352
v -1.741797 5.728793 65.218808
v 12.172158 5.863603 65.156264
v 26.086113 5.998413 65.093720
v -99.139487 4.977386 66.128826
v -85.225532 5.117612 66.079586
v -71.311577 5.257839 66.030345
v -57.397622 5.398065 65.981105
v -43.483667 5.538292 65.931865
v -29.569712 5.678518 65.882624
v -15.655756 5.818745 65.833384
v -1.741801 5.958971 65.784144
v 12.172154 6.099198 65.734903
v 26.086109 6.239424 65.685663
v -99.139491 5.123176 66.617389
v -85.225536 5.267509 66.581913
v -71.311581 5.411843 66.546437
v -57.397626 5.556177 66.510960
v -43.483671 5.700511 66.475484
v -29.569715 5.844844 66.440008
v -15.655760 5.989178 66.404532
v -1.741805 6.133512 66.369056
v 12.172150 6.277846 66.333579
v 26.086105 6.422180 66.298103
v -99.139494 5.221132 67.117742
v -85.225539 5.368225 67.096362
v -71.311584 5.515319 67.074982
v -57.397629 5.662412 67.053602
v -43.483674 5.809505 67.032222
v -29.569720 5.956599 67.010842
v -15.655765 6.103692 66.989462
v -1.741810 6.250786 66.968082
v 12.172145 6.397879 66.946702
v 26.086100 6.544973 66.925323
vt 1.294827 0.369622 0.000000
vt 1.294063 0.393753 0.000000
vt 0.711914 0.392699 0.000000
vt 1.294355 0.417900 0.000000
vt 0.711914 0.431969 0.000000
vt 1.295653 0.442548 0.000000
vt 0.711914 0.471239 0.000000
vt 1.297894 0.467478 0.000000
vt 1.301013 0.492490 0.000000
vt 0.711914 0.510509 0.000000
vt 1.304880 0.517432 0.000000
vt 1.309254 0.542161 0.000000
vt 0.711914 0.549779 0.000000
vt 1.313901 0.566491 0.000000
vt 0.711914 0.589049 0.000000
vt 1.318588 0.590213 0.000000
vt 1.323252 0.613984 0.000000
vt 0.711914 0.628319 0.000000
vt 1.327826 0.638356 0.000000
vt 0.711914 0.667588 0.000000
vt 1.332095 0.663120 0.000000
vt 1.335843 0.688089 0.000000
vt 0.711914 0.706858 0.000000
vt 1.338863 0.713120 0.000000
vt 1.341064 0.738055 0.000000
vt 0.711914 0.746128 0.000000
vt 1.342396 0.762689 0.000000
vt 0.711914 0.785398 0.000000
vt 0.711914 -0.785398 0.000000
vt 1.342396 -0.808107 0.000000
vt 1.342813 -0.783989 0.000000
vt 1.342286 -0.759801 0.000000
vt 0.711914 -0.746128 0.000000
vt 1.340848 -0.735120 0.000000
vt 0.711914 -0.706858 0.000000
vt 1.338548 -0.710164 0.000000
vt 1.335434 -0.685133 0.000000
vt 0.711914 -0.667588 0.000000
vt 1.331614 -0.660180 0.000000
vt 1.327297 -0.635452 0.000000
vt 0.711914 -0.628319 0.000000
vt 1.322701 -0.611139 0.000000
vt 0.711914 -0.589049 0.000000
vt 1.318039 -0.587448 0.000000
vt 1.313346 -0.563644 0.000000
vt 0.711914 -0.549779 0.000000
vt 1.308719 -0.539256 0.000000
vt 0.711914 -0.510509 0.000000
vt 1.304392 -0.514493 0.000000
vt 1.300601 -0.489536 0.000000
vt 0.711914 -0.471239 0.000000
vt 1.297583 -0.464525 0.000000
vt 1.295450 -0.439617 0.000000
vt 0.711914 -0.431969 0.000000
vt 1.294267 -0.415017 0.000000
vt 0.711914 -0.392699 0.000000
vt 1.294098 -0.390933 0.000000
vt 1.294985 -0.366735 0.000000
vt 0.711914 -0.353429 0.000000
vt 1.296872 -0.342086 0.000000
vt 0.711914 -0.314159 0.000000
vt 1.299684 -0.317196 0.000000
vt 1.303347 -0.292254 0.000000
vt 0.711914 -0.274889 0.000000
vt 1.307708 -0.267401 0.000000
vt 0.711914 -0.235619 0.000000
vt 1.312526 -0.242774 0.000000
vt 1.317563 -0.218554 0.000000
vt 0.711914 -0.196350 0.000000
vt 1.322588 -0.194938 0.000000
vt 1.327563 -0.171197 0.000000
vt 0.711914 -0.157080 0.000000
vt 1.332411 -0.146863 0.000000
vt 0.711914 -0.117810 0.000000
vt 1.336914 -0.122141 0.000000
vt 1.340852 -0.097214 0.000000
vt 0.711914 -0.078540 0.000000
vt 1.344018 -0.072220 0.000000
vt 1.346322 -0.047316 0.000000
vt 0.711914 -0.039270 0.000000
vt 1.347716 -0.022702 0.000000
vt 0.711914 0.000000 0.000000
vt 1.348152 0.001409 0.000000
vt 1.347600 0.025588 0.000000
vt 0.711914 0.039270 0.000000
vt 1.346096 0.050248 0.000000
vt 0.711914 0.078540 0.000000
vt 1.343688 0.075173 0.000000
vt 1.340423 0.100166 0.000000
vt 0.711914 0.117810 0.000000
vt 1.336407 0.125076 0.000000
vt 1.331852 0.149763 0.000000
vt 0.711914 0.157080 0.000000
vt 1.326977 0.174038 0.000000
vt 0.711914 0.196350 0.000000
vt 1.322002 0.197695 0.000000
vt 1.316964 0.221389 0.000000
vt 0.711914 0.235619 0.000000
vt 1.311940 0.245667 0.000000
vt 0.711914 0.274889 0.000000
vt 1.307164 0.270329 0.000000
vt 1.302872 0.295199 0.000000
vt 0.711914 0.314159 0.000000
vt 1.299306 0.320143 0.000000
vt 1.296599 0.345015 0.000000
vt 0.711914 0.353429 0.000000
vt 0.129477 0.417900 0.000000
vt 0.129768 0.393753 0.000000
vt 0.129004 0.369622 0.000000
vt 0.127231 0.345015 0.000000
vt 0.124524 0.320143 0.000000
vt 0.120958 0.295199 0.000000
vt 0.116665 0.270330 0.000000
vt 0.111889 0.245667 0.000000
vt 0.106865 0.221389 0.000000
vt 0.101827 0.197695 0.000000
vt 0.096851 0.174038 0.000000
vt 0.091977 0.149763 0.000000
vt 0.087422 0.125077 0.000000
vt 0.083405 0.100166 0.000000
vt 0.080141 0.075173 0.000000
vt 0.077732 0.050248 0.000000
vt 0.076228 0.025589 0.000000
vt 0.075676 0.001409 0.000000
vt 0.076112 -0.022701 0.000000
vt 0.077506 -0.047315 0.000000
vt 0.079810 -0.072220 0.000000
vt 0.082976 -0.097214 0.000000
vt 0.086914 -0.122141 0.000000
vt 0.091417 -0.146862 0.000000
vt 0.096266 -0.171197 0.000000
vt 0.101241 -0.194937 0.000000
vt 0.106266 -0.218554 0.000000
vt 0.111304 -0.242773 0.000000
vt 0.116121 -0.267400 0.000000
vt 0.120483 -0.292253 0.000000
vt 0.124146 -0.317195 0.000000
vt 0.126959 -0.342085 0.000000
vt 0.128846 -0.366734 0.000000
vt 0.129733 -0.390932 0.000000
vt 0.129565 -0.415016 0.000000
vt 0.128383 -0.439616 0.000000
vt 0.126250 -0.464524 0.000000
vt 0.123232 -0.489535 0.000000
vt 0.119441 -0.514492 0.000000
vt 0.115115 -0.539255 0.000000
vt 0.110488 -0.563643 0.000000
vt 0.105795 -0.587447 0.000000
vt 0.101133 -0.611138 0.000000
vt 0.096537 -0.635451 0.000000
vt 0.092221 -0.660179 0.000000
vt 0.088400 -0.685132 0.000000
vt 0.085287 -0.710163 0.000000
vt 0.082987 -0.735119 0.000000
vt 0.081549 -0.759801 0.000000
vt 0.081022 -0.783989 0.000000
vt 0.081022 0.786808 0.000000
vt 0.081439 0.762690 0.000000
vt 0.082771 0.738055 0.000000
vt 0.084972 0.713121 0.000000
vt 0.087992 0.688090 0.000000
vt 0.091739 0.663121 0.000000
vt 0.096008 0.638357 0.000000
vt 0.100582 0.613984 0.000000
vt 0.105246 0.590213 0.000000
vt 0.109932 0.566491 0.000000
vt 0.114579 0.542161 0.000000
vt 0.118953 0.517432 0.000000
vt 0.122820 0.492490 0.000000
vt 0.125938 0.467478 0.000000
vt 0.128179 0.442548 0.000000
vt 0.000004 0.012813 0.000000
vt -0.001252 0.012752 0.000000
vt 0.001260 0.012751 0.000000
vt -0.002496 0.012567 0.000000
vt -0.003715 0.012261 0.000000
vt -0.004898 0.011834 0.000000
vt -0.006033 0.011294 0.000000
vt 0.002503 0.012567 0.000000
vt 0.003723 0.012262 0.000000
vt 0.004907 0.011837 0.000000
vt 0.006043 0.011299 0.000000
vt -0.007110 0.010647 0.000000
vt 0.007121 0.010652 0.000000
vt 0.008132 0.009904 0.000000
vt 0.009064 0.009060 0.000000
vt 0.009908 0.008128 0.000000
vt 0.010655 0.007117 0.000000
vt -0.008121 0.009899 0.000000
vt -0.009054 0.009057 0.000000
vt -0.009901 0.008128 0.000000
vt -0.010650 0.007119 0.000000
vt -0.011294 0.006039 0.000000
vt -0.011828 0.004902 0.000000
vt -0.012250 0.003717 0.000000
vt 0.011302 0.006039 0.000000
vt 0.011840 0.004903 0.000000
vt 0.012265 0.003719 0.000000
vt 0.012570 0.002500 0.000000
vt 0.012753 0.001256 0.000000
vt 0.012813 -0.000000 0.000000
vt 0.012752 -0.001256 0.000000
vt -0.012555 0.002498 0.000000
vt -0.012742 0.001255 0.000000
vt -0.012808 -0.000000 0.000000
vt -0.012748 -0.001256 0.000000
vt -0.012562 -0.002499 0.000000
vt -0.012254 -0.003717 0.000000
vt -0.011828 -0.004900 0.000000
vt 0.012569 -0.002500 0.000000
vt 0.012265 -0.003720 0.000000
vt 0.011840 -0.004903 0.000000
vt 0.011300 -0.006038 0.000000
vt 0.010652 -0.007115 0.000000
vt -0.011290 -0.006037 0.000000
vt 0.009903 -0.008125 0.000000
vt 0.009060 -0.009058 0.000000
vt -0.010645 -0.007116 0.000000
vt -0.009899 -0.008128 0.000000
vt -0.009057 -0.009060 0.000000
vt -0.008125 -0.009904 0.000000
vt -0.007113 -0.010650 0.000000
vt -0.006034 -0.011294 0.000000
vt -0.004897 -0.011831 0.000000
vt 0.008131 -0.009904 0.000000
vt 0.007122 -0.010654 0.000000
vt 0.006043 -0.011299 0.000000
vt 0.004906 -0.011834 0.000000
vt 0.003721 -0.012256 0.000000
vt 0.002502 -0.012562 0.000000
vt -0.003714 -0.012256 0.000000
vt 0.001259 -0.012748 0.000000
vt -0.002495 -0.012564 0.000000
vt 0.000003 -0.012813 0.000000
vt -0.001252 -0.012751 0.000000
vt -0.780056 -1.109235 0.000000
vt -0.780056 -1.145016 0.000000
vt -0.741468 -1.116391 0.000000
vt -0.724338 -1.145016 0.000000
vt -0.702880 -1.116391 0.000000
vt -0.668620 -1.145016 0.000000
vt -0.664291 -1.116391 0.000000
vt -0.625703 -1.116391 0.000000
vt -0.664291 -1.087765 0.000000
vt -0.625703 -1.087765 0.000000
vt -0.664291 -1.059140 0.000000
vt -0.625703 -1.059140 0.000000
vt -0.664291 -1.030515 0.000000
vt -0.625703 -1.030515 0.000000
vt -0.664291 -1.001892 0.000000
vt -0.625703 -1.001892 0.000000
vt -0.664291 -0.973264 0.000000
vt -0.625703 -0.973264 0.000000
vt -0.664291 -0.944638 0.000000
vt -0.625703 -0.944638 0.000000
vt -0.664291 -0.916013 0.000000
vt -0.625703 -0.916013 0.000000
vt -0.664291 -0.887388 0.000000
vt -0.625703 -0.887388 0.000000
vt -0.664291 -0.858762 0.000000
vt -0.625703 -0.858762 0.000000
vt -0.664291 -0.830137 0.000000
vt -0.625703 -0.830137 0.000000
vt -0.664291 -0.801511 0.000000
vt -0.625703 -0.801511 0.000000
vt -0.664291 -0.772886 0.000000
vt -0.625703 -0.772886 0.000000
vt -0.664291 -0.744261 0.000000
vt -0.625703 -0.744261 0.000000
vt -0.664291 -0.715631 0.000000
vt -0.625703 -0.715631 0.000000
vt -0.664291 -0.687010 0.000000
vt -0.625703 -0.687010 0.000000
vt -0.664291 -0.658384 0.000000
vt -0.625703 -0.658384 0.000000
vt -0.664291 -0.629759 0.000000
vt -0.625703 -0.629759 0.000000
vt -0.664291 -0.601134 0.000000
vt -0.625703 -0.601134 0.000000
vt -0.664291 -0.572510 0.000000
vt -0.625703 -0.572510 0.000000
vt -0.664291 -0.543883 0.000000
vt -0.625703 -0.543883 0.000000
vt -0.664291 -0.515257 0.000000
vt -0.625703 -0.515257 0.000000
vt -0.664291 -0.486632 0.000000
vt -0.625703 -0.486632 0.000000
vt -0.664291 -0.458007 0.000000
vt -0.625703 -0.458007 0.000000
vt -0.664291 -0.429388 0.000000
vt -0.625703 -0.429388 0.000000
vt -0.664291 -0.400756 0.000000
vt -0.625703 -0.400756 0.000000
vt -0.664291 -0.372130 0.000000
vt -0.625703 -0.372130 0.000000
vt -0.664291 -0.343505 0.000000
vt -0.625703 -0.343505 0.000000
vt -0.664291 -0.314879 0.000000
vt -0.625703 -0.314879 0.000000
vt -0.664291 -0.286240 0.000000
vt -0.625703 -0.286240 0.000000
vt -0.664291 -0.257629 0.000000
vt -0.625703 -0.257629 0.000000
vt -0.664291 -0.229003 0.000000
vt -0.625703 -0.229003 0.000000
vt -0.664291 -0.200378 0.000000
vt -0.625703 -0.200378 0.000000
vt -0.664291 -0.171752 0.000000
vt -0.625703 -0.171752 0.000000
vt -0.664291 -0.143140 0.000000
vt -0.625703 -0.143140 0.000000
vt -0.664291 -0.114502 0.000000
vt -0.625703 -0.114502 0.000000
vt -0.664291 -0.085876 0.000000
vt -0.625703 -0.085876 0.000000
vt -0.664291 -0.057251 0.000000
vt -0.625703 -0.057251 0.000000
vt -0.664291 -0.028625 0.000000
vt -0.625703 -0.028625 0.000000
vt -0.664291 0.000005 0.000000
vt -0.625703 0.000005 0.000000
vt -0.664291 0.028625 0.000000
vt -0.625703 0.028625 0.000000
vt -0.664291 0.057251 0.000000
vt -0.625703 0.057251 0.000000
vt -0.664291 0.085876 0.000000
vt -0.625703 0.085876 0.000000
vt -0.664291 0.114502 0.000000
vt -0.625703 0.114502 0.000000
vt -0.664291 0.143122 0.000000
vt -0.625703 0.143122 0.000000
vt -0.664291 0.171752 0.000000
vt -0.625703 0.171752 0.000000
vt -0.664291 0.200378 0.000000
vt -0.625703 0.200378 0.000000
vt -0.664291 0.229003 0.000000
vt -0.625703 0.229003 0.000000
vt -0.664291 0.257629 0.000000
vt -0.625703 0.257629 0.000000
vt -0.664291 0.286254 0.000000
vt -0.625703 0.286254 0.000000
vt -0.664291 0.314879 0.000000
vt -0.625703 0.314879 0.000000
vt -0.664291 0.343505 0.000000
vt -0.625703 0.343505 0.000000
vt -0.664291 0.372130 0.000000
vt -0.625703 0.372130 0.000000
vt -0.664291 0.400756 0.000000
vt -0.625703 0.400756 0.000000
vt -0.664291 0.429391 0.000000
vt -0.625703 0.429391 0.000000
vt -0.664291 0.458007 0.000000
vt -0.625703 0.458007 0.000000
vt -0.664291 0.486632 0.000000
vt -0.625703 0.486632 0.000000
vt -0.664291 0.515257 0.000000
vt -0.625703 0.515257 0.000000
vt -0.664291 0.543883 0.000000
vt -0.625703 0.543883 0.000000
vt -0.664291 0.572495 0.000000
vt -0.625703 0.572495 0.000000
vt -0.664291 0.601134 0.000000
vt -0.625703 0.601134 0.000000
vt -0.664291 0.629759 0.000000
vt -0.625703 0.629759 0.000000
vt -0.664291 0.658384 0.000000
vt -0.625703 0.658384 0.000000
vt -0.664291 0.687010 0.000000
vt -0.625703 0.687010 0.000000
vt -0.664291 0.715656 0.000000
vt -0.625703 0.715656 0.000000
vt -0.664291 0.744261 0.000000
vt -0.625703 0.744261 0.000000
vt -0.664291 0.772886 0.000000
vt -0.625703 0.772886 0.000000
vt -0.664291 0.801511 0.000000
vt -0.625703 0.801511 0.000000
vt -0.664291 0.830137 0.000000
vt -0.625703 0.830137 0.000000
vt -0.664291 0.858743 0.000000
vt -0.625703 0.858743 0.000000
vt -0.664291 0.887388 0.000000
vt -0.625703 0.887388 0.000000
vt -0.664291 0.916013 0.000000
vt -0.625703 0.916013 0.000000
vt -0.664291 0.944638 0.000000
vt -0.625703 0.944638 0.000000
vt -0.664291 0.973264 0.000000
vt -0.625703 0.973264 0.000000
vt -0.664291 1.001908 0.000000
vt -0.625703 1.001908 0.000000
vt -0.664291 1.030515 0.000000
vt -0.625703 1.030515 0.000000
vt -0.664291 1.059140 0.000000
vt -0.625703 1.059140 0.000000
vt -0.664291 1.087765 0.000000
vt -0.625703 1.087765 0.000000
vt -0.664291 1.116391 0.000000
vt -0.625703 1.116391 0.000000
vt -0.668620 1.145016 0.000000
vt -0.612902 1.145016 0.000000
vt -0.587115 1.116391 0.000000
vt -0.557183 1.145016 0.000000
vt -0.548526 1.116391 0.000000
vt -0.501465 1.145016 0.000000
vt -0.509938 1.116391 0.000000
vt -0.471349 1.116391 0.000000
vt -0.471349 1.087765 0.000000
vt -0.430689 1.087765 0.000000
vt -0.430689 1.059140 0.000000
vt -0.390028 1.059140 0.000000
vt -0.390028 1.030515 0.000000
vt -0.355267 1.030515 0.000000
vt -0.355267 1.001908 0.000000
vt -0.320505 1.001908 0.000000
vt -0.320505 0.973264 0.000000
vt -0.285744 0.973264 0.000000
vt -0.285744 0.944638 0.000000
vt -0.250982 0.944638 0.000000
vt -0.250982 0.916013 0.000000
vt -0.216221 0.916013 0.000000
vt -0.216221 0.887388 0.000000
vt -0.181459 0.887388 0.000000
vt -0.181459 0.858743 0.000000
vt -0.146698 0.858743 0.000000
vt -0.146698 0.830137 0.000000
vt -0.111936 0.830137 0.000000
vt -0.111936 0.801511 0.000000
vt -0.055964 0.801511 0.000000
vt -0.055964 0.772886 0.000000
vt -0.000000 0.787200 0.000000
vt 0.000003 0.751433 0.000000
vt -0.055964 0.744261 0.000000
vt 0.000007 0.715656 0.000000
vt -0.055964 0.715656 0.000000
vt -0.055964 0.687010 0.000000
vt -0.111936 0.715656 0.000000
vt -0.111936 0.687010 0.000000
vt -0.146698 0.715656 0.000000
vt -0.146698 0.687010 0.000000
vt -0.181459 0.715656 0.000000
vt -0.181459 0.687010 0.000000
vt -0.216221 0.715656 0.000000
vt -0.216221 0.687010 0.000000
vt -0.250982 0.715656 0.000000
vt -0.250982 0.687010 0.000000
vt -0.285744 0.715656 0.000000
vt -0.285744 0.687010 0.000000
vt -0.320505 0.715656 0.000000
vt -0.320505 0.687010 0.000000
vt -0.355267 0.715656 0.000000
vt -0.355267 0.687010 0.000000
vt -0.390028 0.715656 0.000000
vt -0.390028 0.687010 0.000000
vt -0.430689 0.715656 0.000000
vt -0.430689 0.687010 0.000000
vt -0.471349 0.715656 0.000000
vt -0.471349 0.687010 0.000000
vt -0.509938 0.715656 0.000000
vt -0.509938 0.687010 0.000000
vt -0.548526 0.715656 0.000000
vt -0.548526 0.687010 0.000000
vt -0.587115 0.715656 0.000000
vt -0.587115 0.687010 0.000000
vt -0.612902 -1.145016 0.000000
vt -0.587115 -1.116391 0.000000
vt -0.587115 -1.087765 0.000000
vt -0.587115 -1.059140 0.000000
vt -0.587115 -1.030515 0.000000
vt -0.587115 -1.001892 0.000000
vt -0.587115 -0.973264 0.000000
vt -0.587115 -0.944638 0.000000
vt -0.587115 -0.916013 0.000000
vt -0.587115 -0.887388 0.000000
vt -0.587115 -0.858762 0.000000
vt -0.587115 -0.830137 0.000000
vt -0.587115 -0.801511 0.000000
vt -0.587115 -0.772886 0.000000
vt -0.587115 -0.744261 0.000000
vt -0.587115 -0.715631 0.000000
vt -0.587115 -0.687010 0.000000
vt -0.587115 -0.658384 0.000000
vt -0.587115 -0.629759 0.000000
vt -0.587115 -0.601134 0.000000
vt -0.587115 -0.572510 0.000000
vt -0.587115 -0.543883 0.000000
vt -0.587115 -0.515257 0.000000
vt -0.587115 -0.486632 0.000000
vt -0.587115 -0.458007 0.000000
vt -0.587115 -0.429388 0.000000
vt -0.587115 -0.400756 0.000000
vt -0.587115 -0.372130 0.000000
vt -0.587115 -0.343505 0.000000
vt -0.587115 -0.314879 0.000000
vt -0.587115 -0.286240 0.000000
vt -0.587115 -0.257629 0.000000
vt -0.587115 -0.229003 0.000000
vt -0.587115 -0.200378 0.000000
vt -0.587115 -0.171752 0.000000
vt -0.587115 -0.143140 0.000000
vt -0.587115 -0.114502 0.000000
vt -0.587115 -0.085876 0.000000
vt -0.587115 -0.057251 0.000000
vt -0.587115 -0.028625 0.000000
vt -0.587115 0.000005 0.000000
vt -0.587115 0.028625 0.000000
vt -0.587115 0.057251 0.000000
vt -0.587115 0.085876 0.000000
vt -0.587115 0.114502 0.000000
vt -0.587115 0.143122 0.000000
vt -0.587115 0.171752 0.000000
vt -0.587115 0.200378 0.000000
vt -0.587115 0.229003 0.000000
vt -0.587115 0.257629 0.000000
vt -0.587115 0.286254 0.000000
vt -0.587115 0.314879 0.000000
vt -0.587115 0.343505 0.000000
vt -0.587115 0.372130 0.000000
vt -0.587115 0.400756 0.000000
vt -0.587115 0.429391 0.000000
vt -0.587115 0.458007 0.000000
vt -0.587115 0.486632 0.000000
vt -0.587115 0.515257 0.000000
vt -0.587115 0.543883 0.000000
vt -0.587115 0.572495 0.000000
vt -0.587115 0.601134 0.000000
vt -0.587115 0.629759 0.000000
vt -0.587115 0.658384 0.000000
vt -0.557183 -1.145016 0.000000
vt -0.548526 -1.116391 0.000000
vt -0.548526 -1.087765 0.000000
vt -0.548526 -1.059140 0.000000
vt -0.548526 -1.030515 0.000000
vt -0.548526 -1.001892 0.000000
vt -0.548526 -0.973264 0.000000
vt -0.548526 -0.944638 0.000000
vt -0.548526 -0.916013 0.000000
vt -0.548526 -0.887388 0.000000
vt -0.548526 -0.858762 0.000000
vt -0.548526 -0.830137 0.000000
vt -0.548526 -0.801511 0.000000
vt -0.548526 -0.772886 0.000000
vt -0.548526 -0.744261 0.000000
vt -0.548526 -0.715631 0.000000
vt -0.548526 -0.687010 0.000000
vt -0.548526 -0.658384 0.000000
vt -0.548526 -0.629759 0.000000
vt -0.548526 -0.601134 0.000000
vt -0.548526 -0.572510 0.000000
vt -0.548526 -0.543883 0.000000
vt -0.548526 -0.515257 0.000000
vt -0.548526 -0.486632 0.000000
vt -0.548526 -0.458007 0.000000
vt -0.548526 -0.429388 0.000000
vt -0.548526 -0.400756 0.000000
vt -0.548526 -0.372130 0.000000
vt -0.548526 -0.343505 0.000000
vt -0.548526 -0.314879 0.000000
vt -0.548526 -0.286240 0.000000
vt -0.548526 -0.257629 0.000000
vt -0.548526 -0.229003 0.000000
vt -0.548526 -0.200378 0.000000
vt -0.548526 -0.171752 0.000000
vt -0.548526 -0.143140 0.000000
vt -0.548526 -0.114502 0.000000
vt -0.548526 -0.085876 0.000000
vt -0.548526 -0.057251 0.000000
vt -0.548526 -0.028625 0.000000
vt -0.548526 0.000005 0.000000
vt -0.548526 0.028625 0.000000
vt -0.548526 0.057251 0.000000
vt -0.548526 0.085876 0.000000
vt -0.548526 0.114502 0.000000
vt -0.548526 0.143122 0.000000
vt -0.548526 0.171752 0.000000
vt -0.548526 0.200378 0.000000
vt -0.548526 0.229003 0.000000
vt -0.548526 0.257629 0.000000
vt -0.548526 0.286254 0.000000
vt -0.548526 0.314879 0.000000
vt -0.548526 0.343505 0.000000
vt -0.548526 0.372130 0.000000
vt -0.548526 0.400756 0.000000
vt -0.548526 0.429391 0.000000
vt -0.548526 0.458007 0.000000
vt -0.548526 0.486632 0.000000
vt -0.548526 0.515257 0.000000
vt -0.548526 0.543883 0.000000
vt -0.548526 0.572495 0.000000
vt -0.548526 0.601134 0.000000
vt -0.548526 0.629759 0.000000
vt -0.548526 0.658384 0.000000
vt -0.501465 -1.145016 0.000000
vt -0.509938 -1.116391 0.000000
vt -0.509938 -1.087765 0.000000
vt -0.509938 -1.059140 0.000000
vt -0.509938 -1.030515 0.000000
vt -0.509938 -1.001892 0.000000
vt -0.509938 -0.973264 0.000000
vt -0.509938 -0.944638 0.000000
vt -0.509938 -0.916013 0.000000
vt -0.509938 -0.887388 0.000000
vt -0.509938 -0.858762 0.000000
vt -0.509938 -0.830137 0.000000
vt -0.509938 -0.801511 0.000000
vt -0.509938 -0.772886 0.000000
vt -0.509938 -0.744261 0.000000
vt -0.509938 -0.715631 0.000000
vt -0.509938 -0.687010 0.000000
vt -0.509938 -0.658384 0.000000
vt -0.509938 -0.629759 0.000000
vt -0.509938 -0.601134 0.000000
vt -0.509938 -0.572510 0.000000
vt -0.509938 -0.543883 0.000000
vt -0.509938 -0.515257 0.000000
vt -0.509938 -0.486632 0.000000
vt -0.509938 -0.458007 0.000000
vt -0.509938 -0.429388 0.000000
vt -0.509938 -0.400756 0.000000
vt -0.509938 -0.372130 0.000000
vt -0.509938 -0.343505 0.000000
vt -0.509938 -0.314879 0.000000
vt -0.509938 -0.286240 0.000000
vt -0.509938 -0.257629 0.000000
vt -0.509938 -0.229003 0.000000
vt -0.509938 -0.200378 0.000000
vt -0.509938 -0.171752 0.000000
vt -0.509938 -0.143140 0.000000
vt -0.509938 -0.114502 0.000000
vt -0.509938 -0.085876 0.000000
vt -0.509938 -0.057251 0.000000
vt -0.509938 -0.028625 0.000000
vt -0.509938 0.000005 0.000000
vt -0.509938 0.028625 0.000000
vt -0.509938 0.057251 0.000000
vt -0.509938 0.085876 0.000000
vt -0.509938 0.114502 0.000000
vt -0.509938 0.143122 0.000000
vt -0.509938 0.171752 0.000000
vt -0.509938 0.200378 0.000000
vt -0.509938 0.229003 0.000000
vt -0.509938 0.257629 0.000000
vt -0.509938 0.286254 0.000000
vt -0.509938 0.314879 0.000000
vt -0.509938 0.343505 0.000000
vt -0.509938 0.372130 0.000000
vt -0.509938 0.400756 0.000000
vt -0.509938 0.429391 0.000000
vt -0.509938 0.458007 0.000000
vt -0.509938 0.486632 0.000000
vt -0.509938 0.515257 0.000000
vt -0.509938 0.543883 0.000000
vt -0.509938 0.572495 0.000000
vt -0.509938 0.601134 0.000000
vt -0.509938 0.629759 0.000000
vt -0.509938 0.658384 0.000000
vt -0.471349 -1.116391 0.000000
vt -0.445747 -1.145016 0.000000
vt -0.430689 -1.116391 0.000000
vt -0.390028 -1.145016 0.000000
vt -0.390028 -1.116391 0.000000
vt -0.355267 -1.116391 0.000000
vt -0.390028 -1.087765 0.000000
vt -0.355267 -1.087765 0.000000
vt -0.390028 -1.059140 0.000000
vt -0.355267 -1.059140 0.000000
vt -0.390028 -1.030515 0.000000
vt -0.355267 -1.030515 0.000000
vt -0.390028 -1.001892 0.000000
vt -0.355267 -1.001892 0.000000
vt -0.390028 -0.973264 0.000000
vt -0.355267 -0.973264 0.000000
vt -0.390028 -0.944638 0.000000
vt -0.355267 -0.944638 0.000000
vt -0.390028 -0.916013 0.000000
vt -0.355267 -0.916013 0.000000
vt -0.390028 -0.887388 0.000000
vt -0.355267 -0.887388 0.000000
vt -0.390028 -0.858762 0.000000
vt -0.355267 -0.858762 0.000000
vt -0.390028 -0.830137 0.000000
vt -0.355267 -0.830137 0.000000
vt -0.390028 -0.801511 0.000000
vt -0.355267 -0.801511 0.000000
vt -0.390028 -0.772886 0.000000
vt -0.355267 -0.772886 0.000000
vt -0.390028 -0.744261 0.000000
vt -0.355267 -0.744261 0.000000
vt -0.390028 -0.715631 0.000000
vt -0.355267 -0.715631 0.000000
vt -0.390028 -0.687010 0.000000
vt -0.355267 -0.687010 0.000000
vt -0.390028 -0.658384 0.000000
vt -0.355267 -0.658384 0.000000
vt -0.390028 -0.629759 0.000000
vt -0.355267 -0.629759 0.000000
vt -0.390028 -0.601134 0.000000
vt -0.355267 -0.601134 0.000000
vt -0.390028 -0.572510 0.000000
vt -0.355267 -0.572510 0.000000
vt -0.390028 -0.543883 0.000000
vt -0.355267 -0.543883 0.000000
vt -0.390028 -0.515257 0.000000
vt -0.355267 -0.515257 0.000000
vt -0.390028 -0.486632 0.000000
vt -0.355267 -0.486632 0.000000
vt -0.390028 -0.458007 0.000000
vt -0.355267 -0.458007 0.000000
vt -0.390028 -0.429388 0.000000
vt -0.355267 -0.429388 0.000000
vt -0.390028 -0.400756 0.000000
vt -0.355267 -0.400756 0.000000
vt -0.390028 -0.372130 0.000000
vt -0.355267 -0.372130 0.000000
vt -0.390028 -0.343505 0.000000
vt -0.355267 -0.343505 0.000000
vt -0.390028 -0.314879 0.000000
vt -0.355267 -0.314879 0.000000
vt -0.390028 -0.286240 0.000000
vt -0.355267 -0.286240 0.000000
vt -0.390028 -0.257629 0.000000
vt -0.355267 -0.257629 0.000000
vt -0.390028 -0.229003 0.000000
vt -0.355267 -0.229003 0.000000
vt -0.390028 -0.200378 0.000000
vt -0.355267 -0.200378 0.000000
vt -0.390028 -0.171752 0.000000
vt -0.355267 -0.171752 0.000000
vt -0.390028 -0.143140 0.000000
vt -0.355267 -0.143140 0.000000
vt -0.390028 -0.114502 0.000000
vt -0.355267 -0.114502 0.000000
vt -0.390028 -0.085876 0.000000
vt -0.355267 -0.085876 0.000000
vt -0.390028 -0.057251 0.000000
vt -0.355267 -0.057251 0.000000
vt -0.390028 -0.028625 0.000000
vt -0.355267 -0.028625 0.000000
vt -0.390028 0.000005 0.000000
vt -0.355267 0.000005 0.000000
vt -0.390028 0.028625 0.000000
vt -0.355267 0.028625 0.000000
vt -0.390028 0.057251 0.000000
vt -0.355267 0.057251 0.000000
vt -0.390028 0.085876 0.000000
vt -0.355267 0.085876 0.000000
vt -0.390028 0.114502 0.000000
vt -0.355267 0.114502 0.000000
vt -0.390028 0.143122 0.000000
vt -0.355267 0.143122 0.000000
vt -0.390028 0.171752 0.000000
vt -0.355267 0.171752 0.000000
vt -0.390028 0.200378 0.000000
vt -0.355267 0.200378 0.000000
vt -0.390028 0.229003 0.000000
vt -0.355267 0.229003 0.000000
vt -0.390028 0.257629 0.000000
vt -0.355267 0.257629 0.000000
vt -0.390028 0.286254 0.000000
vt -0.355267 0.286254 0.000000
vt -0.390028 0.314879 0.000000
vt -0.355267 0.314879 0.000000
vt -0.390028 0.343505 0.000000
vt -0.355267 0.343505 0.000000
vt -0.390028 0.372130 0.000000
vt -0.355267 0.372130 0.000000
vt -0.390028 0.400756 0.000000
vt -0.355267 0.400756 0.000000
vt -0.390028 0.429391 0.000000
vt -0.355267 0.429391 0.000000
vt -0.390028 0.458007 0.000000
vt -0.355267 0.458007 0.000000
vt -0.390028 0.486632 0.000000
vt -0.355267 0.486632 0.000000
vt -0.390028 0.515257 0.000000
vt -0.355267 0.515257 0.000000
vt -0.390028 0.543883 0.000000
vt -0.355267 0.543883 0.000000
vt -0.390028 0.572495 0.000000
vt -0.355267 0.572495 0.000000
vt -0.390028 0.601134 0.000000
vt -0.355267 0.601134 0.000000
vt -0.390028 0.629759 0.000000
vt -0.355267 0.629759 0.000000
vt -0.390028 0.658384 0.000000
vt -0.355267 0.658384 0.000000
vt -0.334310 -1.145016 0.000000
vt -0.320505 -1.116391 0.000000
vt -0.320505 -1.087765 0.000000
vt -0.320505 -1.059140 0.000000
vt -0.320505 -1.030515 0.000000
vt -0.320505 -1.001892 0.000000
vt -0.320505 -0.973264 0.000000
vt -0.320505 -0.944638 0.000000
vt -0.320505 -0.916013 0.000000
vt -0.320505 -0.887388 0.000000
vt -0.320505 -0.858762 0.000000
vt -0.320505 -0.830137 0.000000
vt -0.320505 -0.801511 0.000000
vt -0.320505 -0.772886 0.000000
vt -0.320505 -0.744261 0.000000
vt -0.320505 -0.715631 0.000000
vt -0.320505 -0.687010 0.000000
vt -0.320505 -0.658384 0.000000
vt -0.320505 -0.629759 0.000000
vt -0.320505 -0.601134 0.000000
vt -0.320505 -0.572510 0.000000
vt -0.320505 -0.543883 0.000000
vt -0.320505 -0.515257 0.000000
vt -0.320505 -0.486632 0.000000
vt -0.320505 -0.458007 0.000000
vt -0.320505 -0.429388 0.000000
vt -0.320505 -0.400756 0.000000
vt -0.320505 -0.372130 0.000000
vt -0.320505 -0.343505 0.000000
vt -0.320505 -0.314879 0.000000
vt -0.320505 -0.286240 0.000000
vt -0.320505 -0.257629 0.000000
vt -0.320505 -0.229003 0.000000
vt -0.320505 -0.200378 0.000000
vt -0.320505 -0.171752 0.000000
vt -0.320505 -0.143140 0.000000
vt -0.320505 -0.114502 0.000000
vt -0.320505 -0.085876 0.000000
vt -0.320505 -0.057251 0.000000
vt -0.320505 -0.028625 0.000000
vt -0.320505 0.000005 0.000000
vt -0.320505 0.028625 0.000000
vt -0.320505 0.057251 0.000000
vt -0.320505 0.085876 0.000000
vt -0.320505 0.114502 0.000000
vt -0.320505 0.143122 0.000000
vt -0.320505 0.171752 0.000000
vt -0.320505 0.200378 0.000000
vt -0.320505 0.229003 0.000000
vt -0.320505 0.257629 0.000000
vt -0.320505 0.286254 0.000000
vt -0.320505 0.314879 0.000000
vt -0.320505 0.343505 0.000000
vt -0.320505 0.372130 0.000000
vt -0.320505 0.400756 0.000000
vt -0.320505 0.429391 0.000000
vt -0.320505 0.458007 0.000000
vt -0.320505 0.486632 0.000000
vt -0.320505 0.515257 0.000000
vt -0.320505 0.543883 0.000000
vt -0.320505 0.572495 0.000000
vt -0.320505 0.601134 0.000000
vt -0.320505 0.629759 0.000000
vt -0.320505 0.658384 0.000000
vt -0.278592 -1.145016 0.000000
vt -0.285744 -1.116391 0.000000
vt -0.285744 -1.087765 0.000000
vt -0.285744 -1.059140 0.000000
vt -0.285744 -1.030515 0.000000
vt -0.285744 -1.001892 0.000000
vt -0.285744 -0.973264 0.000000
vt -0.285744 -0.944638 0.000000
vt -0.285744 -0.916013 0.000000
vt -0.285744 -0.887388 0.000000
vt -0.285744 -0.858762 0.000000
vt -0.285744 -0.830137 0.000000
vt -0.285744 -0.801511 0.000000
vt -0.285744 -0.772886 0.000000
vt -0.285744 -0.744261 0.000000
vt -0.285744 -0.715631 0.000000
vt -0.285744 -0.687010 0.000000
vt -0.285744 -0.658384 0.000000
vt -0.285744 -0.629759 0.000000
vt -0.285744 -0.601134 0.000000
vt -0.285744 -0.572510 0.000000
vt -0.285744 -0.543883 0.000000
vt -0.285744 -0.515257 0.000000
vt -0.285744 -0.486632 0.000000
vt -0.285744 -0.458007 0.000000
vt -0.285744 -0.429388 0.000000
vt -0.285744 -0.400756 0.000000
vt -0.285744 -0.372130 0.000000
vt -0.285744 -0.343505 0.000000
vt -0.285744 -0.314879 0.000000
vt -0.285744 -0.286240 0.000000
vt -0.285744 -0.257629 0.000000
vt -0.285744 -0.229003 0.000000
vt -0.285744 -0.200378 0.000000
vt -0.285744 -0.171752 0.000000
vt -0.285744 -0.143140 0.000000
vt -0.285744 -0.114502 0.000000
vt -0.285744 -0.085876 0.000000
vt -0.285744 -0.057251 0.000000
vt -0.285744 -0.028625 0.000000
vt -0.285744 0.000005 0.000000
vt -0.285744 0.028625 0.000000
vt -0.285744 0.057251 0.000000
vt -0.285744 0.085876 0.000000
vt -0.285744 0.114502 0.000000
vt -0.285744 0.143122 0.000000
vt -0.285744 0.171752 0.000000
vt -0.285744 0.200378 0.000000
vt -0.285744 0.229003 0.000000
vt -0.285744 0.257629 0.000000
vt -0.285744 0.286254 0.000000
vt -0.285744 0.314879 0.000000
vt -0.285744 0.343505 0.000000
vt -0.285744 0.372130 0.000000
vt -0.285744 0.400756 0.000000
vt -0.285744 0.429391 0.000000
vt -0.285744 0.458007 0.000000
vt -0.285744 0.486632 0.000000
vt -0.285744 0.515257 0.000000
vt -0.285744 0.543883 0.000000
vt -0.285744 0.572495 0.000000
vt -0.285744 0.601134 0.000000
vt -0.285744 0.629759 0.000000
vt -0.285744 0.658384 0.000000
vt -0.250982 -1.116391 0.000000
vt -0.222873 -1.145016 0.000000
vt -0.216221 -1.116391 0.000000
vt -0.181459 -1.116391 0.000000
vt -0.216221 -1.087765 0.000000
vt -0.181459 -1.087765 0.000000
vt -0.216221 -1.059140 0.000000
vt -0.181459 -1.059140 0.000000
vt -0.216221 -1.030515 0.000000
vt -0.181459 -1.030515 0.000000
vt -0.216221 -1.001892 0.000000
vt -0.181459 -1.001892 0.000000
vt -0.216221 -0.973264 0.000000
vt -0.181459 -0.973264 0.000000
vt -0.216221 -0.944638 0.000000
vt -0.181459 -0.944638 0.000000
vt -0.216221 -0.916013 0.000000
vt -0.181459 -0.916013 0.000000
vt -0.216221 -0.887388 0.000000
vt -0.181459 -0.887388 0.000000
vt -0.216221 -0.858762 0.000000
vt -0.181459 -0.858762 0.000000
vt -0.216221 -0.830137 0.000000
vt -0.181459 -0.830137 0.000000
vt -0.216221 -0.801511 0.000000
vt -0.181459 -0.801511 0.000000
vt -0.216221 -0.772886 0.000000
vt -0.181459 -0.772886 0.000000
vt -0.216221 -0.744261 0.000000
vt -0.181459 -0.744261 0.000000
vt -0.216221 -0.715631 0.000000
vt -0.181459 -0.715631 0.000000
vt -0.216221 -0.687010 0.000000
vt -0.181459 -0.687010 0.000000
vt -0.216221 -0.658384 0.000000
vt -0.181459 -0.658384 0.000000
vt -0.216221 -0.629759 0.000000
vt -0.181459 -0.629759 0.000000
vt -0.216221 -0.601134 0.000000
vt -0.181459 -0.601134 0.000000
vt -0.216221 -0.572510 0.000000
vt -0.181459 -0.572510 0.000000
vt -0.216221 -0.543883 0.000000
vt -0.181459 -0.543883 0.000000
vt -0.216221 -0.515257 0.000000
vt -0.181459 -0.515257 0.000000
vt -0.216221 -0.486632 0.000000
vt -0.181459 -0.486632 0.000000
vt -0.216221 -0.458007 0.000000
vt -0.181459 -0.458007 0.000000
vt -0.216221 -0.429388 0.000000
vt -0.181459 -0.429388 0.000000
vt -0.216221 -0.400756 0.000000
vt -0.181459 -0.400756 0.000000
vt -0.216221 -0.372130 0.000000
vt -0.181459 -0.372130 0.000000
vt -0.216221 -0.343505 0.000000
vt -0.181459 -0.343505 0.000000
vt -0.216221 -0.314879 0.000000
vt -0.181459 -0.314879 0.000000
vt -0.216221 -0.286240 0.000000
vt -0.181459 -0.286240 0.000000
vt -0.216221 -0.257629 0.000000
vt -0.181459 -0.257629 0.000000
vt -0.216221 -0.229003 0.000000
vt -0.181459 -0.229003 0.000000
vt -0.216221 -0.200378 0.000000
vt -0.181459 -0.200378 0.000000
vt -0.216221 -0.171752 0.000000
vt -0.181459 -0.171752 0.000000
vt -0.216221 -0.143140 0.000000
vt -0.181459 -0.143140 0.000000
vt -0.216221 -0.114502 0.000000
vt -0.181459 -0.114502 0.000000
vt -0.216221 -0.085876 0.000000
vt -0.181459 -0.085876 0.000000
vt -0.216221 -0.057251 0.000000
vt -0.181459 -0.057251 0.000000
vt -0.216221 -0.028625 0.000000
vt -0.181459 -0.028625 0.000000
vt -0.216221 0.000005 0.000000
vt -0.181459 0.000005 0.000000
vt -0.216221 0.028625 0.000000
vt -0.181459 0.028625 0.000000
vt -0.216221 0.057251 0.000000
vt -0.181459 0.057251 0.000000
vt -0.216221 0.085876 0.000000
vt -0.181459 0.085876 0.000000
vt -0.216221 0.114502 0.000000
vt -0.181459 0.114502 0.000000
vt -0.216221 0.143122 0.000000
vt -0.181459 0.143122 0.000000
vt -0.216221 0.171752 0.000000
vt -0.181459 0.171752 0.000000
vt -0.216221 0.200378 0.000000
vt -0.181459 0.200378 0.000000
vt -0.216221 0.229003 0.000000
vt -0.181459 0.229003 0.000000
vt -0.216221 0.257629 0.000000
vt -0.181459 0.257629 0.000000
vt -0.216221 0.286254 0.000000
vt -0.181459 0.286254 0.000000
vt -0.216221 0.314879 0.000000
vt -0.181459 0.314879 0.000000
vt -0.216221 0.343505 0.000000
vt -0.181459 0.343505 0.000000
vt -0.216221 0.372130 0.000000
vt -0.181459 0.372130 0.000000
vt -0.216221 0.400756 0.000000
vt -0.181459 0.400756 0.000000
vt -0.216221 0.429391 0.000000
vt -0.181459 0.429391 0.000000
vt -0.216221 0.458007 0.000000
vt -0.181459 0.458007 0.000000
vt -0.216221 0.486632 0.000000
vt -0.181459 0.486632 0.000000
vt -0.216221 0.515257 0.000000
vt -0.181459 0.515257 0.000000
vt -0.216221 0.543883 0.000000
vt -0.181459 0.543883 0.000000
vt -0.216221 0.572495 0.000000
vt -0.181459 0.572495 0.000000
vt -0.216221 0.601134 0.000000
vt -0.181459 0.601134 0.000000
vt -0.216221 0.629759 0.000000
vt -0.181459 0.629759 0.000000
vt -0.216221 0.658384 0.000000
vt -0.181459 0.658384 0.000000
vt -0.167155 -1.145016 0.000000
vt -0.146698 -1.116391 0.000000
vt -0.146698 -1.087765 0.000000
vt -0.146698 -1.059140 0.000000
vt -0.146698 -1.030515 0.000000
vt -0.146698 -1.001892 0.000000
vt -0.146698 -0.973264 0.000000
vt -0.146698 -0.944638 0.000000
vt -0.146698 -0.916013 0.000000
vt -0.146698 -0.887388 0.000000
vt -0.146698 -0.858762 0.000000
vt -0.146698 -0.830137 0.000000
vt -0.146698 -0.801511 0.000000
vt -0.146698 -0.772886 0.000000
vt -0.146698 -0.744261 0.000000
vt -0.146698 -0.715631 0.000000
vt -0.146698 -0.687010 0.000000
vt -0.146698 -0.658384 0.000000
vt -0.146698 -0.629759 0.000000
vt -0.146698 -0.601134 0.000000
vt -0.146698 -0.572510 0.000000
vt -0.146698 -0.543883 0.000000
vt -0.146698 -0.515257 0.000000
vt -0.146698 -0.486632 0.000000
vt -0.146698 -0.458007 0.000000
vt -0.146698 -0.429388 0.000000
vt -0.146698 -0.400756 0.000000
vt -0.146698 -0.372130 0.000000
vt -0.146698 -0.343505 0.000000
vt -0.146698 -0.314879 0.000000
vt -0.146698 -0.286240 0.000000
vt -0.146698 -0.257629 0.000000
vt -0.146698 -0.229003 0.000000
vt -0.146698 -0.200378 0.000000
vt -0.146698 -0.171752 0.000000
vt -0.146698 -0.143140 0.000000
vt -0.146698 -0.114502 0.000000
vt -0.146698 -0.085876 0.000000
vt -0.146698 -0.057251 0.000000
vt -0.146698 -0.028625 0.000000
vt -0.146698 0.000005 0.000000
vt -0.146698 0.028625 0.000000
vt -0.146698 0.057251 0.000000
vt -0.146698 0.085876 0.000000
vt -0.146698 0.114502 0.000000
vt -0.146698 0.143122 0.000000
vt -0.146698 0.171752 0.000000
vt -0.146698 0.200378 0.000000
vt -0.146698 0.229003 0.000000
vt -0.146698 0.257629 0.000000
vt -0.146698 0.286254 0.000000
vt -0.146698 0.314879 0.000000
vt -0.146698 0.343505 0.000000
vt -0.146698 0.372130 0.000000
vt -0.146698 0.400756 0.000000
vt -0.146698 0.429391 0.000000
vt -0.146698 0.458007 0.000000
vt -0.146698 0.486632 0.000000
vt -0.146698 0.515257 0.000000
vt -0.146698 0.543883 0.000000
vt -0.146698 0.572495 0.000000
vt -0.146698 0.601134 0.000000
vt -0.146698 0.629759 0.000000
vt -0.146698 0.658384 0.000000
vt -0.111437 -1.145016 0.000000
vt -0.111936 -1.116391 0.000000
vt -0.111936 -1.087765 0.000000
vt -0.111936 -1.059140 0.000000
vt -0.111936 -1.030515 0.000000
vt -0.111936 -1.001892 0.000000
vt -0.111936 -0.973264 0.000000
vt -0.111936 -0.944638 0.000000
vt -0.111936 -0.916013 0.000000
vt -0.111936 -0.887388 0.000000
vt -0.111936 -0.858762 0.000000
vt -0.111936 -0.830137 0.000000
vt -0.111936 -0.801511 0.000000
vt -0.111936 -0.772886 0.000000
vt -0.111936 -0.744261 0.000000
vt -0.111936 -0.715631 0.000000
vt -0.111936 -0.687010 0.000000
vt -0.111936 -0.658384 0.000000
vt -0.111936 -0.629759 0.000000
vt -0.111936 -0.601134 0.000000
vt -0.111936 -0.572510 0.000000
vt -0.111936 -0.543883 0.000000
vt -0.111936 -0.515257 0.000000
vt -0.111936 -0.486632 0.000000
vt -0.111936 -0.458007 0.000000
vt -0.111936 -0.429388 0.000000
vt -0.111936 -0.400756 0.000000
vt -0.111936 -0.372130 0.000000
vt -0.111936 -0.343505 0.000000
vt -0.111936 -0.314879 0.000000
vt -0.111936 -0.286240 0.000000
vt -0.111936 -0.257629 0.000000
vt -0.111936 -0.229003 0.000000
vt -0.111936 -0.200378 0.000000
vt -0.111936 -0.171752 0.000000
vt -0.111936 -0.143140 0.000000
vt -0.111936 -0.114502 0.000000
vt -0.111936 -0.085876 0.000000
vt -0.111936 -0.057251 0.000000
vt -0.111936 -0.028625 0.000000
vt -0.111936 0.000005 0.000000
vt -0.111936 0.028625 0.000000
vt -0.111936 0.057251 0.000000
vt -0.111936 0.085876 0.000000
vt -0.111936 0.114502 0.000000
vt -0.111936 0.143122 0.000000
vt -0.111936 0.171752 0.000000
vt -0.111936 0.200378 0.000000
vt -0.111936 0.229003 0.000000
vt -0.111936 0.257629 0.000000
vt -0.111936 0.286254 0.000000
vt -0.111936 0.314879 0.000000
vt -0.111936 0.343505 0.000000
vt -0.111936 0.372130 0.000000
vt -0.111936 0.400756 0.000000
vt -0.111936 0.429391 0.000000
vt -0.111936 0.458007 0.000000
vt -0.111936 0.486632 0.000000
vt -0.111936 0.515257 0.000000
vt -0.111936 0.543883 0.000000
vt -0.111936 0.572495 0.000000
vt -0.111936 0.601134 0.000000
vt -0.111936 0.629759 0.000000
vt -0.111936 0.658384 0.000000
vt -0.055964 -1.116391 0.000000
vt -0.055718 -1.145016 0.000000
vt -0.000000 -1.145016 0.000000
vt -0.000000 -1.109235 0.000000
vt -0.055964 -1.087765 0.000000
vt -0.000000 -1.073453 0.000000
vt -0.055964 -1.059140 0.000000
vt -0.000000 -1.037671 0.000000
vt -0.055964 -1.030515 0.000000
vt -0.000000 -1.001892 0.000000
vt -0.055964 -1.001892 0.000000
vt -0.055964 -0.973264 0.000000
vt 0.000002 -0.966109 0.000000
vt -0.055964 -0.944638 0.000000
vt 0.000002 -0.930324 0.000000
vt -0.055964 -0.916013 0.000000
vt -0.000000 -0.894542 0.000000
vt -0.055964 -0.887388 0.000000
vt -0.000000 -0.858762 0.000000
vt -0.055964 -0.858762 0.000000
vt -0.055964 -0.830137 0.000000
vt 0.000001 -0.822984 0.000000
vt -0.055964 -0.801511 0.000000
vt 0.000002 -0.787202 0.000000
vt -0.055964 -0.772886 0.000000
vt 0.000003 -0.751415 0.000000
vt -0.055964 -0.744261 0.000000
vt 0.000002 -0.715631 0.000000
vt -0.055964 -0.715631 0.000000
vt -0.055964 -0.687010 0.000000
vt -0.000000 -0.679852 0.000000
vt -0.055964 -0.658384 0.000000
vt -0.000000 -0.644074 0.000000
vt -0.055964 -0.629759 0.000000
vt 0.000002 -0.608296 0.000000
vt -0.055964 -0.601134 0.000000
vt 0.000003 -0.572510 0.000000
vt -0.055964 -0.572510 0.000000
vt -0.055964 -0.543883 0.000000
vt 0.000003 -0.536721 0.000000
vt -0.055964 -0.515257 0.000000
vt 0.000001 -0.500939 0.000000
vt -0.055964 -0.486632 0.000000
vt -0.000000 -0.465163 0.000000
vt -0.055964 -0.458007 0.000000
vt 0.000001 -0.429388 0.000000
vt -0.055964 -0.429388 0.000000
vt -0.055964 -0.400756 0.000000
vt 0.000004 -0.393614 0.000000
vt -0.055964 -0.372130 0.000000
vt 0.000006 -0.357826 0.000000
vt -0.055964 -0.343505 0.000000
vt 0.000006 -0.322030 0.000000
vt -0.055964 -0.314879 0.000000
vt 0.000005 -0.286240 0.000000
vt -0.055964 -0.286240 0.000000
vt -0.055964 -0.257629 0.000000
vt 0.000002 -0.250463 0.000000
vt -0.055964 -0.229003 0.000000
vt -0.000000 -0.214691 0.000000
vt -0.055964 -0.200378 0.000000
vt 0.000002 -0.178917 0.000000
vt -0.055964 -0.171752 0.000000
vt 0.000004 -0.143140 0.000000
vt -0.055964 -0.143140 0.000000
vt -0.055964 -0.114502 0.000000
vt 0.000006 -0.107350 0.000000
vt -0.055964 -0.085876 0.000000
vt 0.000006 -0.071555 0.000000
vt -0.055964 -0.057251 0.000000
vt 0.000003 -0.035769 0.000000
vt -0.055964 -0.028625 0.000000
vt -0.000000 0.000005 0.000000
vt -0.055964 0.000005 0.000000
vt -0.055964 0.028625 0.000000
vt -0.000000 0.035780 0.000000
vt -0.055964 0.057251 0.000000
vt 0.000003 0.071549 0.000000
vt -0.055964 0.085876 0.000000
vt 0.000006 0.107328 0.000000
vt -0.055964 0.114502 0.000000
vt 0.000008 0.143122 0.000000
vt -0.055964 0.143122 0.000000
vt -0.055964 0.171752 0.000000
vt 0.000007 0.178921 0.000000
vt -0.055964 0.200378 0.000000
vt 0.000005 0.214709 0.000000
vt -0.055964 0.229003 0.000000
vt 0.000001 0.250481 0.000000
vt -0.055964 0.257629 0.000000
vt -0.000000 0.286254 0.000000
vt -0.055964 0.286254 0.000000
vt -0.055964 0.314879 0.000000
vt 0.000002 0.322023 0.000000
vt -0.055964 0.343505 0.000000
vt 0.000006 0.357800 0.000000
vt -0.055964 0.372130 0.000000
vt 0.000008 0.393593 0.000000
vt -0.055964 0.400756 0.000000
vt 0.000007 0.429391 0.000000
vt -0.055964 0.429391 0.000000
vt -0.055964 0.458007 0.000000
vt 0.000005 0.465181 0.000000
vt -0.055964 0.486632 0.000000
vt 0.000002 0.500954 0.000000
vt -0.055964 0.515257 0.000000
vt -0.000000 0.536726 0.000000
vt -0.055964 0.543883 0.000000
vt 0.000002 0.572495 0.000000
vt -0.055964 0.572495 0.000000
vt -0.055964 0.601134 0.000000
vt 0.000006 0.608269 0.000000
vt -0.055964 0.629759 0.000000
vt 0.000008 0.644060 0.000000
vt -0.055964 0.658384 0.000000
vt 0.000009 0.679861 0.000000
vt 0.000001 0.822974 0.000000
vt -0.055964 0.830137 0.000000
vt -0.111936 0.858743 0.000000
vt -0.146698 0.887388 0.000000
vt -0.181459 0.916013 0.000000
vt -0.216221 0.944638 0.000000
vt -0.250982 0.973264 0.000000
vt -0.285744 1.001908 0.000000
vt -0.320505 1.030515 0.000000
vt -0.355267 1.059140 0.000000
vt -0.390028 1.087765 0.000000
vt -0.430689 1.116391 0.000000
vt -0.445747 1.145016 0.000000
vt 0.000004 0.858743 0.000000
vt -0.055964 0.858743 0.000000
vt -0.111936 0.887388 0.000000
vt -0.146698 0.916013 0.000000
vt -0.181459 0.944638 0.000000
vt -0.216221 0.973264 0.000000
vt -0.250982 1.001908 0.000000
vt -0.285744 1.030515 0.000000
vt -0.320505 1.059140 0.000000
vt -0.355267 1.087765 0.000000
vt -0.390028 1.116391 0.000000
vt -0.390028 1.145016 0.000000
vt -0.055964 0.887388 0.000000
vt 0.000008 0.894528 0.000000
vt -0.055964 0.916013 0.000000
vt 0.000009 0.930327 0.000000
vt -0.055964 0.944638 0.000000
vt 0.000007 0.966125 0.000000
vt -0.055964 0.973264 0.000000
vt 0.000004 1.001908 0.000000
vt -0.055964 1.001908 0.000000
vt -0.055964 1.030515 0.000000
vt -0.111936 1.030515 0.000000
vt -0.111936 1.059140 0.000000
vt -0.146698 1.059140 0.000000
vt -0.146698 1.087765 0.000000
vt -0.181459 1.087765 0.000000
vt -0.181459 1.116391 0.000000
vt -0.216221 1.116391 0.000000
vt -0.222873 1.145016 0.000000
vt -0.250982 1.116391 0.000000
vt -0.278592 1.145016 0.000000
vt -0.285744 1.116391 0.000000
vt -0.320505 1.116391 0.000000
vt -0.285744 1.087765 0.000000
vt -0.320505 1.087765 0.000000
vt -0.285744 1.059140 0.000000
vt -0.000000 1.037677 0.000000
vt -0.055964 1.059140 0.000000
vt -0.111936 1.087765 0.000000
vt -0.146698 1.116391 0.000000
vt -0.167155 1.145016 0.000000
vt -0.000000 1.073453 0.000000
vt -0.055964 1.087765 0.000000
vt -0.111936 1.116391 0.000000
vt -0.111437 1.145016 0.000000
vt -0.000000 1.109235 0.000000
vt -0.055964 1.116391 0.000000
vt -0.000000 1.145016 0.000000
vt -0.055718 1.145016 0.000000
vt -0.334310 1.145016 0.000000
vt -0.355267 1.116391 0.000000
vt -0.702880 1.116391 0.000000
vt -0.724338 1.145016 0.000000
vt -0.741468 1.116391 0.000000
vt -0.780056 1.145016 0.000000
vt -0.780056 1.109235 0.000000
vt -0.741468 1.087765 0.000000
vt -0.780056 1.073453 0.000000
vt -0.741468 1.059140 0.000000
vt -0.780056 1.037677 0.000000
vt -0.741468 1.030515 0.000000
vt -0.780055 1.001908 0.000000
vt -0.741468 1.001908 0.000000
vt -0.741468 0.973264 0.000000
vt -0.702880 0.973264 0.000000
vt -0.702880 0.944638 0.000000
vt -0.780053 0.966125 0.000000
vt -0.741468 0.944638 0.000000
vt -0.702880 0.916013 0.000000
vt -0.780053 0.930327 0.000000
vt -0.741468 0.916013 0.000000
vt -0.702880 0.887388 0.000000
vt -0.780053 0.894528 0.000000
vt -0.741468 0.887388 0.000000
vt -0.702880 0.858743 0.000000
vt -0.780055 0.858743 0.000000
vt -0.741468 0.858743 0.000000
vt -0.702880 0.830137 0.000000
vt -0.741468 0.830137 0.000000
vt -0.780056 0.822974 0.000000
vt -0.741468 0.801511 0.000000
vt -0.780056 0.787200 0.000000
vt -0.741468 0.772886 0.000000
vt -0.780055 0.751433 0.000000
vt -0.741468 0.744261 0.000000
vt -0.780054 0.715656 0.000000
vt -0.741468 0.715656 0.000000
vt -0.741468 0.687010 0.000000
vt -0.702880 0.687010 0.000000
vt -0.702880 0.658384 0.000000
vt -0.780053 0.679861 0.000000
vt -0.741468 0.658384 0.000000
vt -0.702880 0.629759 0.000000
vt -0.780053 0.644060 0.000000
vt -0.741468 0.629759 0.000000
vt -0.702880 0.601134 0.000000
vt -0.780054 0.608269 0.000000
vt -0.741468 0.601134 0.000000
vt -0.702880 0.572495 0.000000
vt -0.780056 0.572495 0.000000
vt -0.741468 0.572495 0.000000
vt -0.702880 0.543883 0.000000
vt -0.741468 0.543883 0.000000
vt -0.780056 0.536726 0.000000
vt -0.741468 0.515257 0.000000
vt -0.780056 0.500954 0.000000
vt -0.741468 0.486632 0.000000
vt -0.780054 0.465181 0.000000
vt -0.741468 0.458007 0.000000
vt -0.780053 0.429391 0.000000
vt -0.741468 0.429391 0.000000
vt -0.741468 0.400756 0.000000
vt -0.702880 0.400756 0.000000
vt -0.702880 0.372130 0.000000
vt -0.780053 0.393593 0.000000
vt -0.741468 0.372130 0.000000
vt -0.702880 0.343505 0.000000
vt -0.780054 0.357800 0.000000
vt -0.741468 0.343505 0.000000
vt -0.702880 0.314879 0.000000
vt -0.780056 0.322023 0.000000
vt -0.741468 0.314879 0.000000
vt -0.702880 0.286254 0.000000
vt -0.780056 0.286254 0.000000
vt -0.741468 0.286254 0.000000
vt -0.702880 0.257629 0.000000
vt -0.741468 0.257629 0.000000
vt -0.780056 0.250481 0.000000
vt -0.741468 0.229003 0.000000
vt -0.780054 0.214709 0.000000
vt -0.741468 0.200378 0.000000
vt -0.780053 0.178921 0.000000
vt -0.741468 0.171752 0.000000
vt -0.780053 0.143122 0.000000
vt -0.741468 0.143122 0.000000
vt -0.741468 0.114502 0.000000
vt -0.702880 0.114502 0.000000
vt -0.702880 0.085876 0.000000
vt -0.780054 0.107328 0.000000
vt -0.741468 0.085876 0.000000
vt -0.702880 0.057251 0.000000
vt -0.780055 0.071549 0.000000
vt -0.741468 0.057251 0.000000
vt -0.702880 0.028625 0.000000
vt -0.780056 0.035780 0.000000
vt -0.741468 0.028625 0.000000
vt -0.702880 0.000005 0.000000
vt -0.780056 0.000005 0.000000
vt -0.741468 0.000005 0.000000
vt -0.702880 -0.028625 0.000000
vt -0.741468 -0.028625 0.000000
vt -0.780055 -0.035769 0.000000
vt -0.741468 -0.057251 0.000000
vt -0.780054 -0.071555 0.000000
vt -0.741468 -0.085876 0.000000
vt -0.780054 -0.107350 0.000000
vt -0.741468 -0.114502 0.000000
vt -0.780055 -0.143140 0.000000
vt -0.741468 -0.143140 0.000000
vt -0.741468 -0.171752 0.000000
vt -0.702880 -0.171752 0.000000
vt -0.702880 -0.200378 0.000000
vt -0.780056 -0.178917 0.000000
vt -0.741468 -0.200378 0.000000
vt -0.702880 -0.229003 0.000000
vt -0.780056 -0.214691 0.000000
vt -0.741468 -0.229003 0.000000
vt -0.702880 -0.257629 0.000000
vt -0.780056 -0.250463 0.000000
vt -0.741468 -0.257629 0.000000
vt -0.702880 -0.286240 0.000000
vt -0.780055 -0.286240 0.000000
vt -0.741468 -0.286240 0.000000
vt -0.702880 -0.314879 0.000000
vt -0.741468 -0.314879 0.000000
vt -0.780054 -0.322030 0.000000
vt -0.741468 -0.343505 0.000000
vt -0.780054 -0.357826 0.000000
vt -0.741468 -0.372130 0.000000
vt -0.780055 -0.393614 0.000000
vt -0.741468 -0.400756 0.000000
vt -0.780056 -0.429388 0.000000
vt -0.741468 -0.429388 0.000000
vt -0.741468 -0.458007 0.000000
vt -0.702880 -0.458007 0.000000
vt -0.702880 -0.486632 0.000000
vt -0.780056 -0.465163 0.000000
vt -0.741468 -0.486632 0.000000
vt -0.702880 -0.515257 0.000000
vt -0.780056 -0.500939 0.000000
vt -0.741468 -0.515257 0.000000
vt -0.702880 -0.543883 0.000000
vt -0.780055 -0.536721 0.000000
vt -0.741468 -0.543883 0.000000
vt -0.702880 -0.572510 0.000000
vt -0.780055 -0.572510 0.000000
vt -0.741468 -0.572510 0.000000
vt -0.702880 -0.601134 0.000000
vt -0.741468 -0.601134 0.000000
vt -0.780056 -0.608296 0.000000
vt -0.741468 -0.629759 0.000000
vt -0.780056 -0.644074 0.000000
vt -0.741468 -0.658384 0.000000
vt -0.780056 -0.679852 0.000000
vt -0.741468 -0.687010 0.000000
vt -0.780056 -0.715631 0.000000
vt -0.741468 -0.715631 0.000000
vt -0.741468 -0.744261 0.000000
vt -0.702880 -0.744261 0.000000
vt -0.702880 -0.772886 0.000000
vt -0.780055 -0.751415 0.000000
vt -0.741468 -0.772886 0.000000
vt -0.702880 -0.801511 0.000000
vt -0.780055 -0.787202 0.000000
vt -0.741468 -0.801511 0.000000
vt -0.702880 -0.830137 0.000000
vt -0.780056 -0.822984 0.000000
vt -0.741468 -0.830137 0.000000
vt -0.702880 -0.858762 0.000000
vt -0.780056 -0.858762 0.000000
vt -0.741468 -0.858762 0.000000
vt -0.702880 -0.887388 0.000000
vt -0.741468 -0.887388 0.000000
vt -0.780056 -0.894542 0.000000
vt -0.741468 -0.916013 0.000000
vt -0.780056 -0.930324 0.000000
vt -0.741468 -0.944638 0.000000
vt -0.780056 -0.966109 0.000000
vt -0.741468 -0.973264 0.000000
vt -0.780056 -1.001892 0.000000
vt -0.741468 -1.001892 0.000000
vt -0.741468 -1.030515 0.000000
vt -0.702880 -1.030515 0.000000
vt -0.702880 -1.059140 0.000000
vt -0.780056 -1.037671 0.000000
vt -0.741468 -1.059140 0.000000
vt -0.702880 -1.087765 0.000000
vt -0.780056 -1.073453 0.000000
vt -0.741468 -1.087765 0.000000
vt -0.250982 -1.087765 0.000000
vt -0.250982 -1.059140 0.000000
vt -0.250982 -1.030515 0.000000
vt -0.250982 -1.001892 0.000000
vt -0.250982 -0.973264 0.000000
vt -0.250982 -0.944638 0.000000
vt -0.250982 -0.916013 0.000000
vt -0.250982 -0.887388 0.000000
vt -0.250982 -0.858762 0.000000
vt -0.250982 -0.830137 0.000000
vt -0.250982 -0.801511 0.000000
vt -0.250982 -0.772886 0.000000
vt -0.250982 -0.744261 0.000000
vt -0.250982 -0.715631 0.000000
vt -0.250982 -0.687010 0.000000
vt -0.250982 -0.658384 0.000000
vt -0.250982 -0.629759 0.000000
vt -0.250982 -0.601134 0.000000
vt -0.250982 -0.572510 0.000000
vt -0.250982 -0.543883 0.000000
vt -0.250982 -0.515257 0.000000
vt -0.250982 -0.486632 0.000000
vt -0.250982 -0.458007 0.000000
vt -0.250982 -0.429388 0.000000
vt -0.250982 -0.400756 0.000000
vt -0.250982 -0.372130 0.000000
vt -0.250982 -0.343505 0.000000
vt -0.250982 -0.314879 0.000000
vt -0.250982 -0.286240 0.000000
vt -0.250982 -0.257629 0.000000
vt -0.250982 -0.229003 0.000000
vt -0.250982 -0.200378 0.000000
vt -0.250982 -0.171752 0.000000
vt -0.250982 -0.143140 0.000000
vt -0.250982 -0.114502 0.000000
vt -0.250982 -0.085876 0.000000
vt -0.250982 -0.057251 0.000000
vt -0.250982 -0.028625 0.000000
vt -0.250982 0.000005 0.000000
vt -0.250982 0.028625 0.000000
vt -0.250982 0.057251 0.000000
vt -0.250982 0.085876 0.000000
vt -0.250982 0.114502 0.000000
vt -0.250982 0.143122 0.000000
vt -0.250982 0.171752 0.000000
vt -0.250982 0.200378 0.000000
vt -0.250982 0.229003 0.000000
vt -0.250982 0.257629 0.000000
vt -0.250982 0.286254 0.000000
vt -0.250982 0.314879 0.000000
vt -0.250982 0.343505 0.000000
vt -0.250982 0.372130 0.000000
vt -0.250982 0.400756 0.000000
vt -0.250982 0.429391 0.000000
vt -0.250982 0.458007 0.000000
vt -0.250982 0.486632 0.000000
vt -0.250982 0.515257 0.000000
vt -0.250982 0.543883 0.000000
vt -0.250982 0.572495 0.000000
vt -0.250982 0.601134 0.000000
vt -0.250982 0.629759 0.000000
vt -0.250982 0.658384 0.000000
vt -0.430689 -1.087765 0.000000
vt -0.430689 -1.059140 0.000000
vt -0.430689 -1.030515 0.000000
vt -0.430689 -1.001892 0.000000
vt -0.430689 -0.973264 0.000000
vt -0.430689 -0.944638 0.000000
vt -0.430689 -0.916013 0.000000
vt -0.430689 -0.887388 0.000000
vt -0.430689 -0.858762 0.000000
vt -0.430689 -0.830137 0.000000
vt -0.430689 -0.801511 0.000000
vt -0.430689 -0.772886 0.000000
vt -0.430689 -0.744261 0.000000
vt -0.430689 -0.715631 0.000000
vt -0.430689 -0.687010 0.000000
vt -0.430689 -0.658384 0.000000
vt -0.430689 -0.629759 0.000000
vt -0.430689 -0.601134 0.000000
vt -0.430689 -0.572510 0.000000
vt -0.430689 -0.543883 0.000000
vt -0.430689 -0.515257 0.000000
vt -0.430689 -0.486632 0.000000
vt -0.430689 -0.458007 0.000000
vt -0.430689 -0.429388 0.000000
vt -0.430689 -0.400756 0.000000
vt -0.430689 -0.372130 0.000000
vt -0.430689 -0.343505 0.000000
vt -0.430689 -0.314879 0.000000
vt -0.430689 -0.286240 0.000000
vt -0.430689 -0.257629 0.000000
vt -0.430689 -0.229003 0.000000
vt -0.430689 -0.200378 0.000000
vt -0.430689 -0.171752 0.000000
vt -0.430689 -0.143140 0.000000
vt -0.430689 -0.114502 0.000000
vt -0.430689 -0.085876 0.000000
vt -0.430689 -0.057251 0.000000
vt -0.430689 -0.028625 0.000000
vt -0.430689 0.000005 0.000000
vt -0.430689 0.028625 0.000000
vt -0.430689 0.057251 0.000000
vt -0.430689 0.085876 0.000000
vt -0.430689 0.114502 0.000000
vt -0.430689 0.143122 0.000000
vt -0.430689 0.171752 0.000000
vt -0.430689 0.200378 0.000000
vt -0.430689 0.229003 0.000000
vt -0.430689 0.257629 0.000000
vt -0.430689 0.286254 0.000000
vt -0.430689 0.314879 0.000000
vt -0.430689 0.343505 0.000000
vt -0.430689 0.372130 0.000000
vt -0.430689 0.400756 0.000000
vt -0.430689 0.429391 0.000000
vt -0.430689 0.458007 0.000000
vt -0.430689 0.486632 0.000000
vt -0.430689 0.515257 0.000000
vt -0.430689 0.543883 0.000000
vt -0.430689 0.572495 0.000000
vt -0.430689 0.601134 0.000000
vt -0.430689 0.629759 0.000000
vt -0.430689 0.658384 0.000000
vt -0.471349 -1.087765 0.000000
vt -0.471349 -1.059140 0.000000
vt -0.471349 -1.030515 0.000000
vt -0.471349 -1.001892 0.000000
vt -0.471349 -0.973264 0.000000
vt -0.471349 -0.944638 0.000000
vt -0.471349 -0.916013 0.000000
vt -0.471349 -0.887388 0.000000
vt -0.471349 -0.858762 0.000000
vt -0.471349 -0.830137 0.000000
vt -0.471349 -0.801511 0.000000
vt -0.471349 -0.772886 0.000000
vt -0.471349 -0.744261 0.000000
vt -0.471349 -0.715631 0.000000
vt -0.471349 -0.687010 0.000000
vt -0.471349 -0.658384 0.000000
vt -0.471349 -0.629759 0.000000
vt -0.471349 -0.601134 0.000000
vt -0.471349 -0.572510 0.000000
vt -0.471349 -0.543883 0.000000
vt -0.471349 -0.515257 0.000000
vt -0.471349 -0.486632 0.000000
vt -0.471349 -0.458007 0.000000
vt -0.471349 -0.429388 0.000000
vt -0.471349 -0.400756 0.000000
vt -0.471349 -0.372130 0.000000
vt -0.471349 -0.343505 0.000000
vt -0.471349 -0.314879 0.000000
vt -0.471349 -0.286240 0.000000
vt -0.471349 -0.257629 0.000000
vt -0.471349 -0.229003 0.000000
vt -0.471349 -0.200378 0.000000
vt -0.471349 -0.171752 0.000000
vt -0.471349 -0.143140 0.000000
vt -0.471349 -0.114502 0.000000
vt -0.471349 -0.085876 0.000000
vt -0.471349 -0.057251 0.000000
vt -0.471349 -0.028625 0.000000
vt -0.471349 0.000005 0.000000
vt -0.471349 0.028625 0.000000
vt -0.471349 0.057251 0.000000
vt -0.471349 0.085876 0.000000
vt -0.471349 0.114502 0.000000
vt -0.471349 0.143122 0.000000
vt -0.471349 0.171752 0.000000
vt -0.471349 0.200378 0.000000
vt -0.471349 0.229003 0.000000
vt -0.471349 0.257629 0.000000
vt -0.471349 0.286254 0.000000
vt -0.471349 0.314879 0.000000
vt -0.471349 0.343505 0.000000
vt -0.471349 0.372130 0.000000
vt -0.471349 0.400756 0.000000
vt -0.471349 0.429391 0.000000
vt -0.471349 0.458007 0.000000
vt -0.471349 0.486632 0.000000
vt -0.471349 0.515257 0.000000
vt -0.471349 0.543883 0.000000
vt -0.471349 0.572495 0.000000
vt -0.471349 0.601134 0.000000
vt -0.471349 0.629759 0.000000
vt -0.471349 0.658384 0.000000
vt -0.702880 -1.001892 0.000000
vt -0.702880 -0.973264 0.000000
vt -0.702880 -0.944638 0.000000
vt -0.702880 -0.916013 0.000000
vt -0.702880 -0.715631 0.000000
vt -0.702880 -0.687010 0.000000
vt -0.702880 -0.658384 0.000000
vt -0.702880 -0.629759 0.000000
vt -0.702880 -0.429388 0.000000
vt -0.702880 -0.400756 0.000000
vt -0.702880 -0.372130 0.000000
vt -0.702880 -0.343505 0.000000
vt -0.702880 -0.143140 0.000000
vt -0.702880 -0.114502 0.000000
vt -0.702880 -0.085876 0.000000
vt -0.702880 -0.057251 0.000000
vt -0.702880 0.143122 0.000000
vt -0.702880 0.171752 0.000000
vt -0.702880 0.200378 0.000000
vt -0.702880 0.229003 0.000000
vt -0.702880 0.429391 0.000000
vt -0.702880 0.458007 0.000000
vt -0.702880 0.486632 0.000000
vt -0.702880 0.515257 0.000000
vt -0.702880 0.715656 0.000000
vt -0.702880 0.744261 0.000000
vt -0.702880 0.772886 0.000000
vt -0.702880 0.801511 0.000000
vt -0.587115 0.744261 0.000000
vt -0.587115 0.772886 0.000000
vt -0.587115 0.801511 0.000000
vt -0.587115 0.830137 0.000000
vt -0.587115 0.858743 0.000000
vt -0.587115 0.887388 0.000000
vt -0.587115 0.916013 0.000000
vt -0.587115 0.944638 0.000000
vt -0.587115 0.973264 0.000000
vt -0.587115 1.001908 0.000000
vt -0.587115 1.030515 0.000000
vt -0.587115 1.059140 0.000000
vt -0.587115 1.087765 0.000000
vt -0.548526 0.744261 0.000000
vt -0.548526 0.772886 0.000000
vt -0.548526 0.801511 0.000000
vt -0.548526 0.830137 0.000000
vt -0.548526 0.858743 0.000000
vt -0.548526 0.887388 0.000000
vt -0.548526 0.916013 0.000000
vt -0.548526 0.944638 0.000000
vt -0.548526 0.973264 0.000000
vt -0.548526 1.001908 0.000000
vt -0.548526 1.030515 0.000000
vt -0.548526 1.059140 0.000000
vt -0.548526 1.087765 0.000000
vt -0.509938 0.744261 0.000000
vt -0.509938 0.772886 0.000000
vt -0.509938 0.801511 0.000000
vt -0.509938 0.830137 0.000000
vt -0.509938 0.858743 0.000000
vt -0.509938 0.887388 0.000000
vt -0.509938 0.916013 0.000000
vt -0.509938 0.944638 0.000000
vt -0.509938 0.973264 0.000000
vt -0.509938 1.001908 0.000000
vt -0.509938 1.030515 0.000000
vt -0.509938 1.059140 0.000000
vt -0.509938 1.087765 0.000000
vt -0.471349 0.744261 0.000000
vt -0.471349 0.772886 0.000000
vt -0.471349 0.801511 0.000000
vt -0.471349 0.830137 0.000000
vt -0.471349 0.858743 0.000000
vt -0.471349 0.887388 0.000000
vt -0.471349 0.916013 0.000000
vt -0.471349 0.944638 0.000000
vt -0.471349 0.973264 0.000000
vt -0.471349 1.001908 0.000000
vt -0.471349 1.030515 0.000000
vt -0.471349 1.059140 0.000000
vt -0.430689 0.744261 0.000000
vt -0.430689 0.772886 0.000000
vt -0.430689 0.801511 0.000000
vt -0.430689 0.830137 0.000000
vt -0.430689 0.858743 0.000000
vt -0.430689 0.887388 0.000000
vt -0.430689 0.916013 0.000000
vt -0.430689 0.944638 0.000000
vt -0.430689 0.973264 0.000000
vt -0.430689 1.001908 0.000000
vt -0.430689 1.030515 0.000000
vt -0.390028 0.744261 0.000000
vt -0.390028 0.772886 0.000000
vt -0.390028 0.801511 0.000000
vt -0.390028 0.830137 0.000000
vt -0.390028 0.858743 0.000000
vt -0.390028 0.887388 0.000000
vt -0.390028 0.916013 0.000000
vt -0.390028 0.944638 0.000000
vt -0.390028 0.973264 0.000000
vt -0.390028 1.001908 0.000000
vt -0.355267 0.744261 0.000000
vt -0.355267 0.772886 0.000000
vt -0.355267 0.801511 0.000000
vt -0.355267 0.830137 0.000000
vt -0.355267 0.858743 0.000000
vt -0.355267 0.887388 0.000000
vt -0.355267 0.916013 0.000000
vt -0.355267 0.944638 0.000000
vt -0.355267 0.973264 0.000000
vt -0.320505 0.744261 0.000000
vt -0.320505 0.772886 0.000000
vt -0.320505 0.801511 0.000000
vt -0.320505 0.830137 0.000000
vt -0.320505 0.858743 0.000000
vt -0.320505 0.887388 0.000000
vt -0.320505 0.916013 0.000000
vt -0.320505 0.944638 0.000000
vt -0.285744 0.744261 0.000000
vt -0.285744 0.772886 0.000000
vt -0.285744 0.801511 0.000000
vt -0.285744 0.830137 0.000000
vt -0.285744 0.858743 0.000000
vt -0.285744 0.887388 0.000000
vt -0.285744 0.916013 0.000000
vt -0.250982 0.744261 0.000000
vt -0.250982 0.772886 0.000000
vt -0.250982 0.801511 0.000000
vt -0.250982 0.830137 0.000000
vt -0.250982 0.858743 0.000000
vt -0.250982 0.887388 0.000000
vt -0.216221 0.744261 0.000000
vt -0.216221 0.772886 0.000000
vt -0.216221 0.801511 0.000000
vt -0.216221 0.830137 0.000000
vt -0.216221 0.858743 0.000000
vt -0.181459 0.744261 0.000000
vt -0.181459 0.772886 0.000000
vt -0.181459 0.801511 0.000000
vt -0.181459 0.830137 0.000000
vt -0.146698 0.744261 0.000000
vt -0.146698 0.772886 0.000000
vt -0.146698 0.801511 0.000000
vt -0.111936 0.744261 0.000000
vt -0.111936 0.772886 0.000000
vt -0.111936 0.916013 0.000000
vt -0.146698 0.944638 0.000000
vt -0.181459 0.973264 0.000000
vt -0.216221 1.001908 0.000000
vt -0.250982 1.030515 0.000000
vt -0.111936 0.944638 0.000000
vt -0.146698 0.973264 0.000000
vt -0.181459 1.001908 0.000000
vt -0.216221 1.030515 0.000000
vt -0.250982 1.059140 0.000000
vt -0.111936 0.973264 0.000000
vt -0.146698 1.001908 0.000000
vt -0.181459 1.030515 0.000000
vt -0.216221 1.059140 0.000000
vt -0.250982 1.087765 0.000000
vt -0.111936 1.001908 0.000000
vt -0.146698 1.030515 0.000000
vt -0.181459 1.059140 0.000000
vt -0.216221 1.087765 0.000000
vt -0.702880 1.001908 0.000000
vt -0.702880 1.030515 0.000000
vt -0.702880 1.059140 0.000000
vt -0.702880 1.087765 0.000000
vt -34.978959 1.173840 0.000000
vt -33.784714 1.178161 0.000000
vt -35.003056 1.175070 0.000000
vt -35.176189 1.178161 0.000000
vt -35.027158 1.173837 0.000000
vt -35.051510 1.170151 0.000000
vt -35.075664 1.164037 0.000000
vt -36.567664 1.178161 0.000000
vt -35.099169 1.155517 0.000000
vt -35.121613 1.144687 0.000000
vt -36.567664 1.120689 0.000000
vt -35.142691 1.131871 0.000000
vt -35.176189 1.120689 0.000000
vt -35.162118 1.117435 0.000000
vt -35.179610 1.101737 0.000000
vt -35.195484 1.084526 0.000000
vt -36.567664 1.063218 0.000000
vt -35.209951 1.065576 0.000000
vt -35.222673 1.045181 0.000000
vt -35.233315 1.023623 0.000000
vt -36.567664 1.005747 0.000000
vt -35.241601 1.001200 0.000000
vt -35.247480 0.978286 0.000000
vt -36.567664 0.948276 0.000000
vt -35.250950 0.955281 0.000000
vt -35.252012 0.932580 0.000000
vt -35.250666 0.909825 0.000000
vt -36.567664 0.890804 0.000000
vt -35.246911 0.886810 0.000000
vt -35.240748 0.863933 0.000000
vt -36.567664 0.833333 0.000000
vt -35.232177 0.841593 0.000000
vt -35.221271 0.820159 0.000000
vt -35.208325 0.799919 0.000000
vt -36.567664 0.775862 0.000000
vt -35.193675 0.781160 0.000000
vt -35.177653 0.764169 0.000000
vt -36.567664 0.718391 0.000000
vt -35.176189 0.718391 0.000000
vt -35.096440 0.711167 0.000000
vt -35.119027 0.721739 0.000000
vt -34.954616 1.170170 0.000000
vt -34.930467 1.164097 0.000000
vt -34.906949 1.155651 0.000000
vt -34.884469 1.144929 0.000000
vt -33.784714 1.120689 0.000000
vt -32.393239 1.120689 0.000000
vt -32.393239 1.063218 0.000000
vt -31.001774 1.063218 0.000000
vt -31.001774 1.005747 0.000000
vt -32.393239 1.005747 0.000000
vt -31.001774 0.948276 0.000000
vt -32.393239 0.948276 0.000000
vt -31.001774 0.890804 0.000000
vt -32.393239 0.890804 0.000000
vt -31.001774 0.833333 0.000000
vt -32.393239 0.833333 0.000000
vt -31.001774 0.775862 0.000000
vt -32.393239 0.775862 0.000000
vt -31.001774 0.718391 0.000000
vt -32.393239 0.718391 0.000000
vt -32.393239 0.672001 0.000000
vt -33.784714 0.683082 0.000000
vt -33.784714 0.660919 0.000000
vt -35.176189 0.660919 0.000000
vt -33.784714 0.603448 0.000000
vt -35.176189 0.603448 0.000000
vt -33.784714 0.545977 0.000000
vt -35.176189 0.545977 0.000000
vt -33.784714 0.488506 0.000000
vt -35.176189 0.488506 0.000000
vt -33.784714 0.431034 0.000000
vt -35.176189 0.431034 0.000000
vt -33.784714 0.373563 0.000000
vt -35.176189 0.373563 0.000000
vt -33.784714 0.316092 0.000000
vt -35.176189 0.316092 0.000000
vt -33.784714 0.258621 0.000000
vt -35.176189 0.258621 0.000000
vt -33.784714 0.201149 0.000000
vt -35.176189 0.201149 0.000000
vt -33.784714 0.143678 0.000000
vt -35.176189 0.143678 0.000000
vt -33.784714 0.086207 0.000000
vt -35.176189 0.086207 0.000000
vt -33.784714 0.028736 0.000000
vt -35.176189 0.028736 0.000000
vt -33.784714 -0.028736 0.000000
vt -35.176189 -0.028736 0.000000
vt -33.784714 -0.086207 0.000000
vt -35.176189 -0.086207 0.000000
vt -33.784714 -0.143678 0.000000
vt -35.176189 -0.143678 0.000000
vt -33.784714 -0.201149 0.000000
vt -35.176189 -0.201149 0.000000
vt -33.784714 -0.258621 0.000000
vt -35.176189 -0.258621 0.000000
vt -33.784714 -0.316092 0.000000
vt -35.176189 -0.316092 0.000000
vt -33.784714 -0.373563 0.000000
vt -35.176189 -0.373563 0.000000
vt -33.784714 -0.431034 0.000000
vt -35.176189 -0.431034 0.000000
vt -33.784714 -0.488506 0.000000
vt -35.176189 -0.488506 0.000000
vt -33.784714 -0.545977 0.000000
vt -35.176189 -0.545977 0.000000
vt -33.784714 -0.603448 0.000000
vt -35.176189 -0.603448 0.000000
vt -33.784714 -0.660919 0.000000
vt -35.176189 -0.660919 0.000000
vt -35.000226 -0.692762 0.000000
vt -35.024279 -0.693705 0.000000
vt -36.567664 -0.660919 0.000000
vt -35.048625 -0.697102 0.000000
vt -36.567664 -0.718391 0.000000
vt -35.072825 -0.702930 0.000000
vt -35.096431 -0.711167 0.000000
vt -35.176189 -0.718391 0.000000
vt -35.119018 -0.721738 0.000000
vt -35.140271 -0.734338 0.000000
vt -35.159908 -0.748602 0.000000
vt -35.177644 -0.764168 0.000000
vt -36.567664 -0.775862 0.000000
vt -37.959139 -0.718391 0.000000
vt -37.959139 -0.775862 0.000000
vt -39.350614 -0.718391 0.000000
vt -39.350614 -0.775862 0.000000
vt -40.742089 -0.718391 0.000000
vt -40.742089 -0.775862 0.000000
vt -42.133563 -0.718391 0.000000
vt -42.133563 -0.775862 0.000000
vt -43.525038 -0.718391 0.000000
vt -43.525038 -0.775862 0.000000
vt -44.916513 -0.718391 0.000000
vt -44.916513 -0.775862 0.000000
vt -46.307984 -0.758806 0.000000
vt -46.307984 -0.817169 0.000000
vt -34.863327 1.132250 0.000000
vt -34.843801 1.117970 0.000000
vt -34.826169 1.102441 0.000000
vt -34.810188 1.085484 0.000000
vt -33.784714 1.063218 0.000000
vt -34.795575 1.066805 0.000000
vt -34.782664 1.046690 0.000000
vt -34.771788 1.025416 0.000000
vt -33.784714 1.005747 0.000000
vt -34.763240 1.003263 0.000000
vt -34.757089 0.980589 0.000000
vt -33.784714 0.948276 0.000000
vt -34.753338 0.957781 0.000000
vt -34.751992 0.935224 0.000000
vt -34.753054 0.912720 0.000000
vt -33.784714 0.890804 0.000000
vt -34.756520 0.889922 0.000000
vt -34.762388 0.867212 0.000000
vt -33.784714 0.833333 0.000000
vt -34.770653 0.844977 0.000000
vt -34.781266 0.823584 0.000000
vt -34.793954 0.803318 0.000000
vt -33.784714 0.775862 0.000000
vt -34.808384 0.784455 0.000000
vt -34.824220 0.767279 0.000000
vt -34.841614 0.751622 0.000000
vt -33.784714 0.718391 0.000000
vt -34.860930 0.737176 0.000000
vt -34.881896 0.724289 0.000000
vt -34.904232 0.713318 0.000000
vt -34.927646 0.704594 0.000000
vt -34.951744 0.698238 0.000000
vt -34.976087 0.694283 0.000000
vt -35.000235 0.692763 0.000000
vt -35.024288 0.693705 0.000000
vt -36.567664 0.660919 0.000000
vt -36.567664 0.603448 0.000000
vt -36.567664 0.545977 0.000000
vt -36.567664 0.488506 0.000000
vt -36.567664 0.431034 0.000000
vt -36.567664 0.373563 0.000000
vt -36.567664 0.316092 0.000000
vt -36.567664 0.258621 0.000000
vt -36.567664 0.201149 0.000000
vt -36.567664 0.143678 0.000000
vt -36.567664 0.086207 0.000000
vt -36.567664 0.028736 0.000000
vt -36.567664 -0.028736 0.000000
vt -36.567664 -0.086207 0.000000
vt -36.567664 -0.143678 0.000000
vt -36.567664 -0.201149 0.000000
vt -36.567664 -0.258621 0.000000
vt -36.567664 -0.316092 0.000000
vt -36.567664 -0.373563 0.000000
vt -36.567664 -0.431034 0.000000
vt -36.567664 -0.488506 0.000000
vt -36.567664 -0.545977 0.000000
vt -36.567664 -0.603448 0.000000
vt -35.048634 0.697102 0.000000
vt -37.959139 0.718391 0.000000
vt -37.959139 0.775862 0.000000
vt -39.350614 0.775862 0.000000
vt -39.350614 0.833333 0.000000
vt -40.742089 0.833333 0.000000
vt -40.742089 0.890804 0.000000
vt -42.133563 0.890804 0.000000
vt -42.133563 0.948276 0.000000
vt -43.525038 0.948276 0.000000
vt -43.525038 1.005747 0.000000
vt -44.916513 1.005747 0.000000
vt -44.916513 1.063218 0.000000
vt -46.307985 1.050626 0.000000
vt -46.307986 1.108983 0.000000
vt -44.916513 1.120689 0.000000
vt -46.307987 1.167364 0.000000
vt -44.916513 1.178161 0.000000
vt -46.307988 1.225761 0.000000
vt -44.916513 1.235632 0.000000
vt -46.307987 1.284147 0.000000
vt -44.916513 1.293103 0.000000
vt -46.307985 1.342508 0.000000
vt -44.916513 1.350574 0.000000
vt -46.307984 1.400858 0.000000
vt -44.916513 1.408045 0.000000
vt -46.307985 1.459213 0.000000
vt -44.916513 1.465517 0.000000
vt -46.307986 1.517566 0.000000
vt -44.916513 1.522988 0.000000
vt -46.307987 1.575945 0.000000
vt -44.916513 1.580459 0.000000
vt -46.307988 1.634342 0.000000
vt -44.916513 1.637930 0.000000
vt -46.307987 1.692732 0.000000
vt -44.916513 1.695402 0.000000
vt -46.307985 1.751097 0.000000
vt -44.916513 1.752873 0.000000
vt -46.307984 1.809445 0.000000
vt -44.916513 1.810344 0.000000
vt -46.307985 1.867804 0.000000
vt -44.916513 1.867815 0.000000
vt -44.916513 1.925287 0.000000
vt -44.916513 -1.810344 0.000000
vt -44.916513 -1.867815 0.000000
vt -43.525038 -1.867815 0.000000
vt -43.525038 -1.810344 0.000000
vt -42.133563 -1.867815 0.000000
vt -42.133563 -1.810344 0.000000
vt -40.742089 -1.867815 0.000000
vt -40.742089 -1.810344 0.000000
vt -39.350614 -1.867815 0.000000
vt -39.350614 -1.810344 0.000000
vt -37.959139 -1.867815 0.000000
vt -37.959139 -1.810344 0.000000
vt -36.567664 -1.867815 0.000000
vt -36.567664 -1.810344 0.000000
vt -35.176189 -1.867815 0.000000
vt -35.176189 -1.810344 0.000000
vt -33.784714 -1.867815 0.000000
vt -33.784714 -1.810344 0.000000
vt -32.393239 -1.867815 0.000000
vt -32.393239 -1.810344 0.000000
vt -31.001769 -1.867815 0.000000
vt -31.001769 -1.810344 0.000000
vt -35.072835 0.702930 0.000000
vt -35.140281 0.734338 0.000000
vt -35.159917 0.748602 0.000000
vt -35.027149 -1.173836 0.000000
vt -35.176189 -1.178160 0.000000
vt -35.003047 -1.175070 0.000000
vt -33.784714 -1.176011 0.000000
vt -34.978951 -1.173839 0.000000
vt -34.954608 -1.170170 0.000000
vt -34.930459 -1.164097 0.000000
vt -34.906941 -1.155651 0.000000
vt -34.884461 -1.144929 0.000000
vt -33.784714 -1.120689 0.000000
vt -34.863319 -1.132250 0.000000
vt -34.843793 -1.117970 0.000000
vt -34.826161 -1.102442 0.000000
vt -34.810180 -1.085484 0.000000
vt -33.784714 -1.063218 0.000000
vt -34.795567 -1.066805 0.000000
vt -34.782655 -1.046691 0.000000
vt -34.771780 -1.025416 0.000000
vt -33.784714 -1.005747 0.000000
vt -34.763231 -1.003264 0.000000
vt -34.757080 -0.980590 0.000000
vt -33.784714 -0.948276 0.000000
vt -34.753329 -0.957782 0.000000
vt -34.751983 -0.935225 0.000000
vt -34.753044 -0.912721 0.000000
vt -33.784714 -0.890804 0.000000
vt -34.756511 -0.889922 0.000000
vt -34.762379 -0.867212 0.000000
vt -33.784714 -0.833333 0.000000
vt -34.770644 -0.844978 0.000000
vt -34.781257 -0.823584 0.000000
vt -34.793945 -0.803319 0.000000
vt -33.784714 -0.775862 0.000000
vt -34.808375 -0.784455 0.000000
vt -34.824211 -0.767280 0.000000
vt -34.841604 -0.751622 0.000000
vt -33.784714 -0.718391 0.000000
vt -34.860921 -0.737177 0.000000
vt -34.881887 -0.724290 0.000000
vt -34.904223 -0.713318 0.000000
vt -34.927637 -0.704594 0.000000
vt -34.951735 -0.698238 0.000000
vt -34.976077 -0.694283 0.000000
vt -35.051502 -1.170151 0.000000
vt -35.075656 -1.164037 0.000000
vt -36.567664 -1.178160 0.000000
vt -35.099161 -1.155517 0.000000
vt -35.121605 -1.144686 0.000000
vt -36.567664 -1.120689 0.000000
vt -35.142682 -1.131871 0.000000
vt -35.176189 -1.120689 0.000000
vt -35.162109 -1.117435 0.000000
vt -35.179602 -1.101737 0.000000
vt -35.195476 -1.084525 0.000000
vt -36.567664 -1.063218 0.000000
vt -35.209942 -1.065575 0.000000
vt -35.222664 -1.045180 0.000000
vt -35.233306 -1.023623 0.000000
vt -36.567664 -1.005747 0.000000
vt -37.959139 -1.005747 0.000000
vt -37.959139 -0.948276 0.000000
vt -39.350614 -0.948276 0.000000
vt -39.350614 -0.890804 0.000000
vt -40.742089 -0.890804 0.000000
vt -40.742089 -0.833333 0.000000
vt -42.133563 -0.833333 0.000000
vt -35.241593 -1.001199 0.000000
vt -35.247471 -0.978285 0.000000
vt -36.567664 -0.948276 0.000000
vt -35.250941 -0.955280 0.000000
vt -35.252003 -0.932579 0.000000
vt -35.250657 -0.909824 0.000000
vt -36.567664 -0.890804 0.000000
vt -37.959139 -0.890804 0.000000
vt -37.959139 -0.833333 0.000000
vt -39.350614 -0.833333 0.000000
vt -35.246902 -0.886809 0.000000
vt -35.240739 -0.863932 0.000000
vt -36.567664 -0.833333 0.000000
vt -35.232168 -0.841593 0.000000
vt -35.221262 -0.820158 0.000000
vt -35.208316 -0.799919 0.000000
vt -35.193666 -0.781159 0.000000
vt -46.307984 -0.058373 0.000000
vt -44.916513 -0.028736 0.000000
vt -46.307984 -0.000004 0.000000
vt -44.916513 0.028736 0.000000
vt -46.307984 0.058365 0.000000
vt -44.916513 0.086207 0.000000
vt -46.307984 0.116734 0.000000
vt -44.916513 0.143678 0.000000
vt -46.307985 0.175094 0.000000
vt -44.916513 0.201149 0.000000
vt -46.307986 0.233442 0.000000
vt -44.916513 0.258621 0.000000
vt -46.307987 0.291814 0.000000
vt -44.916513 0.316092 0.000000
vt -46.307988 0.350210 0.000000
vt -44.916513 0.373563 0.000000
vt -46.307988 0.408607 0.000000
vt -44.916513 0.431034 0.000000
vt -46.307986 0.466982 0.000000
vt -44.916513 0.488506 0.000000
vt -46.307985 0.525330 0.000000
vt -44.916513 0.545977 0.000000
vt -46.307984 0.583686 0.000000
vt -44.916513 0.603448 0.000000
vt -46.307986 0.642031 0.000000
vt -44.916513 0.660919 0.000000
vt -46.307987 0.700393 0.000000
vt -44.916513 0.718391 0.000000
vt -46.307988 0.758784 0.000000
vt -44.916513 0.775862 0.000000
vt -46.307988 0.817184 0.000000
vt -44.916513 0.833333 0.000000
vt -46.307987 0.875569 0.000000
vt -44.916513 0.890804 0.000000
vt -46.307985 0.933924 0.000000
vt -44.916513 0.948276 0.000000
vt -46.307984 0.992273 0.000000
vt -44.916513 -0.086207 0.000000
vt -46.307984 -0.116743 0.000000
vt -44.916513 -0.143678 0.000000
vt -46.307984 -0.175112 0.000000
vt -44.916513 -0.201149 0.000000
vt -46.307984 -0.233477 0.000000
vt -44.916513 -0.258621 0.000000
vt -46.307985 -0.291847 0.000000
vt -44.916513 -0.316092 0.000000
vt -46.307985 -0.350222 0.000000
vt -44.916513 -0.373563 0.000000
vt -46.307984 -0.408592 0.000000
vt -44.916513 -0.431034 0.000000
vt -46.307984 -0.466958 0.000000
vt -44.916513 -0.488506 0.000000
vt -46.307985 -0.525321 0.000000
vt -44.916513 -0.545977 0.000000
vt -46.307985 -0.583691 0.000000
vt -44.916513 -0.603448 0.000000
vt -46.307985 -0.642069 0.000000
vt -44.916513 -0.660919 0.000000
vt -46.307985 -0.700442 0.000000
vt -44.916513 -0.833333 0.000000
vt -46.307985 -0.875532 0.000000
vt -44.916513 -0.890804 0.000000
vt -46.307986 -0.933908 0.000000
vt -44.916513 -0.948276 0.000000
vt -46.307985 -0.992289 0.000000
vt -44.916513 -1.005747 0.000000
vt -46.307985 -1.050659 0.000000
vt -44.916513 -1.063218 0.000000
vt -46.307984 -1.109020 0.000000
vt -44.916513 -1.120689 0.000000
vt -46.307985 -1.167377 0.000000
vt -44.916513 -1.178161 0.000000
vt -46.307986 -1.225734 0.000000
vt -44.916513 -1.235632 0.000000
vt -46.307987 -1.284114 0.000000
vt -44.916513 -1.293103 0.000000
vt -46.307987 -1.342506 0.000000
vt -44.916513 -1.350574 0.000000
vt -46.307986 -1.400889 0.000000
vt -44.916513 -1.408045 0.000000
vt -46.307985 -1.459249 0.000000
vt -44.916513 -1.465517 0.000000
vt -46.307984 -1.517604 0.000000
vt -44.916513 -1.522988 0.000000
vt -46.307985 -1.575960 0.000000
vt -44.916513 -1.580459 0.000000
vt -46.307986 -1.634322 0.000000
vt -44.916513 -1.637930 0.000000
vt -46.307987 -1.692705 0.000000
vt -44.916513 -1.695402 0.000000
vt -46.307987 -1.751095 0.000000
vt -44.916513 -1.752873 0.000000
vt -46.307986 -1.809471 0.000000
vt -46.307986 1.926160 0.000000
vt -32.393239 -1.752873 0.000000
vt -31.001768 -1.752873 0.000000
vt -32.393239 -1.695402 0.000000
vt -31.001768 -1.695402 0.000000
vt -32.393239 -1.637930 0.000000
vt -31.001767 -1.637930 0.000000
vt -32.393239 -1.580459 0.000000
vt -31.001767 -1.580459 0.000000
vt -32.393239 -1.522988 0.000000
vt -31.001767 -1.522988 0.000000
vt -32.393239 -1.465517 0.000000
vt -31.001766 -1.465517 0.000000
vt -32.393239 -1.408045 0.000000
vt -31.001766 -1.408045 0.000000
vt -32.393239 -1.350574 0.000000
vt -31.001765 -1.350574 0.000000
vt -32.393239 -1.293103 0.000000
vt -31.001765 -1.293103 0.000000
vt -32.393239 -1.235632 0.000000
vt -31.001765 -1.235632 0.000000
vt -32.393239 -1.178160 0.000000
vt -31.001765 -1.178160 0.000000
vt -32.393239 -1.177086 0.000000
vt -31.001765 -1.120689 0.000000
vt -32.393239 -1.120689 0.000000
vt -32.393239 -1.063218 0.000000
vt -31.001764 -1.063218 0.000000
vt -32.393239 -1.005747 0.000000
vt -31.001764 -1.005747 0.000000
vt -32.393239 -0.948276 0.000000
vt -31.001764 -0.948275 0.000000
vt -32.393239 -0.890804 0.000000
vt -31.001764 -0.890804 0.000000
vt -32.393239 -0.833333 0.000000
vt -31.001764 -0.833333 0.000000
vt -32.393239 -0.775862 0.000000
vt -31.001765 -0.775862 0.000000
vt -32.393239 -0.718391 0.000000
vt -31.001765 -0.718391 0.000000
vt -31.001765 -0.660919 0.000000
vt -32.393239 -0.660919 0.000000
vt -31.001765 -0.603448 0.000000
vt -32.393239 -0.603448 0.000000
vt -31.001765 -0.545977 0.000000
vt -32.393239 -0.545977 0.000000
vt -31.001766 -0.488506 0.000000
vt -32.393239 -0.488506 0.000000
vt -31.001766 -0.431034 0.000000
vt -32.393239 -0.431034 0.000000
vt -31.001766 -0.373563 0.000000
vt -32.393239 -0.373563 0.000000
vt -31.001767 -0.316092 0.000000
vt -32.393239 -0.316092 0.000000
vt -31.001767 -0.258621 0.000000
vt -32.393239 -0.258621 0.000000
vt -31.001768 -0.201149 0.000000
vt -32.393239 -0.201149 0.000000
vt -31.001768 -0.143678 0.000000
vt -32.393239 -0.143678 0.000000
vt -31.001768 -0.086207 0.000000
vt -32.393239 -0.086207 0.000000
vt -31.001769 -0.028736 0.000000
vt -32.393239 -0.028736 0.000000
vt -31.001769 0.028736 0.000000
vt -32.393239 0.028736 0.000000
vt -31.001770 0.086207 0.000000
vt -32.393239 0.086207 0.000000
vt -31.001770 0.143678 0.000000
vt -32.393239 0.143678 0.000000
vt -31.001771 0.201149 0.000000
vt -32.393239 0.201149 0.000000
vt -31.001771 0.258621 0.000000
vt -32.393239 0.258621 0.000000
vt -31.001772 0.316092 0.000000
vt -32.393239 0.316092 0.000000
vt -31.001772 0.373563 0.000000
vt -32.393239 0.373563 0.000000
vt -31.001772 0.431034 0.000000
vt -32.393239 0.431034 0.000000
vt -31.001773 0.488506 0.000000
vt -32.393239 0.488506 0.000000
vt -31.001773 0.545977 0.000000
vt -32.393239 0.545977 0.000000
vt -31.001773 0.603448 0.000000
vt -32.393239 0.603448 0.000000
vt -31.001773 0.660919 0.000000
vt -32.393239 0.660919 0.000000
vt -31.001774 1.120689 0.000000
vt -32.393239 1.178161 0.000000
vt -33.784714 1.235632 0.000000
vt -35.176189 1.235632 0.000000
vt -35.176189 1.293103 0.000000
vt -36.567664 1.293103 0.000000
vt -36.567664 1.350574 0.000000
vt -37.959139 1.350574 0.000000
vt -37.959139 1.408046 0.000000
vt -39.350614 1.408046 0.000000
vt -39.350614 1.465517 0.000000
vt -40.742089 1.465517 0.000000
vt -40.742089 1.522988 0.000000
vt -42.133563 1.522988 0.000000
vt -42.133563 1.580459 0.000000
vt -43.525038 1.580459 0.000000
vt -43.525038 1.637930 0.000000
vt -31.001774 1.178161 0.000000
vt -32.393239 1.235632 0.000000
vt -33.784714 1.293103 0.000000
vt -35.176189 1.350574 0.000000
vt -36.567664 1.408046 0.000000
vt -37.959139 1.465517 0.000000
vt -39.350614 1.522988 0.000000
vt -40.742089 1.580459 0.000000
vt -42.133563 1.637930 0.000000
vt -43.525038 1.695402 0.000000
vt -31.001773 1.235632 0.000000
vt -32.393239 1.293103 0.000000
vt -33.784714 1.350574 0.000000
vt -35.176189 1.408046 0.000000
vt -36.567664 1.465517 0.000000
vt -37.959139 1.522988 0.000000
vt -39.350614 1.580459 0.000000
vt -40.742089 1.637930 0.000000
vt -42.133563 1.695402 0.000000
vt -43.525038 1.752873 0.000000
vt -31.001773 1.293103 0.000000
vt -32.393239 1.350574 0.000000
vt -33.784714 1.408046 0.000000
vt -35.176189 1.465517 0.000000
vt -36.567664 1.522988 0.000000
vt -37.959139 1.580459 0.000000
vt -39.350614 1.637931 0.000000
vt -40.742089 1.695402 0.000000
vt -42.133563 1.752873 0.000000
vt -43.525038 1.810344 0.000000
vt -31.001773 1.350574 0.000000
vt -32.393239 1.408046 0.000000
vt -33.784714 1.465517 0.000000
vt -35.176189 1.522988 0.000000
vt -36.567664 1.580459 0.000000
vt -37.959139 1.637931 0.000000
vt -39.350614 1.695402 0.000000
vt -40.742089 1.752873 0.000000
vt -42.133563 1.810344 0.000000
vt -43.525038 1.867815 0.000000
vt -31.001773 1.408046 0.000000
vt -32.393239 1.465517 0.000000
vt -33.784714 1.522988 0.000000
vt -35.176189 1.580459 0.000000
vt -36.567664 1.637931 0.000000
vt -37.959139 1.695402 0.000000
vt -39.350614 1.752873 0.000000
vt -40.742089 1.810344 0.000000
vt -42.133563 1.867815 0.000000
vt -31.001772 1.465517 0.000000
vt -32.393239 1.522988 0.000000
vt -33.784714 1.580459 0.000000
vt -35.176189 1.637931 0.000000
vt -36.567664 1.695402 0.000000
vt -37.959139 1.752873 0.000000
vt -39.350614 1.810344 0.000000
vt -40.742089 1.867815 0.000000
vt -31.001772 1.522988 0.000000
vt -32.393239 1.580459 0.000000
vt -33.784714 1.637931 0.000000
vt -35.176189 1.695402 0.000000
vt -36.567664 1.752873 0.000000
vt -37.959139 1.810344 0.000000
vt -39.350614 1.867815 0.000000
vt -31.001771 1.580459 0.000000
vt -32.393239 1.637931 0.000000
vt -33.784714 1.695402 0.000000
vt -35.176189 1.752873 0.000000
vt -36.567664 1.810344 0.000000
vt -37.959139 1.867815 0.000000
vt -31.001771 1.637931 0.000000
vt -32.393239 1.695402 0.000000
vt -33.784714 1.752873 0.000000
vt -35.176189 1.810344 0.000000
vt -36.567664 1.867815 0.000000
vt -31.001771 1.695402 0.000000
vt -32.393239 1.752873 0.000000
vt -33.784714 1.810344 0.000000
vt -35.176189 1.867815 0.000000
vt -31.001770 1.752873 0.000000
vt -32.393239 1.810344 0.000000
vt -33.784714 1.867815 0.000000
vt -31.001770 1.810344 0.000000
vt -32.393239 1.867815 0.000000
vt -31.001769 1.867815 0.000000
vt -36.567664 1.235632 0.000000
vt -37.959139 1.235632 0.000000
vt -37.959139 1.178161 0.000000
vt -39.350614 1.235632 0.000000
vt -39.350614 1.178161 0.000000
vt -40.742089 1.235632 0.000000
vt -40.742089 1.178161 0.000000
vt -42.133563 1.235632 0.000000
vt -42.133563 1.178161 0.000000
vt -43.525038 1.235632 0.000000
vt -43.525038 1.178161 0.000000
vt -37.959139 1.120689 0.000000
vt -37.959139 1.063218 0.000000
vt -37.959139 1.005747 0.000000
vt -37.959139 0.948276 0.000000
vt -37.959139 0.890804 0.000000
vt -37.959139 0.833333 0.000000
vt -39.350614 1.120689 0.000000
vt -39.350614 1.063218 0.000000
vt -39.350614 1.005747 0.000000
vt -39.350614 0.948276 0.000000
vt -39.350614 0.890804 0.000000
vt -40.742089 1.120689 0.000000
vt -40.742089 1.063218 0.000000
vt -40.742089 1.005747 0.000000
vt -40.742089 0.948276 0.000000
vt -42.133563 1.120689 0.000000
vt -42.133563 1.063218 0.000000
vt -42.133563 1.005747 0.000000
vt -43.525038 1.120689 0.000000
vt -43.525038 1.063218 0.000000
vt -43.525038 0.660919 0.000000
vt -43.525038 0.718391 0.000000
vt -43.525038 0.775862 0.000000
vt -43.525038 0.833333 0.000000
vt -43.525038 0.890804 0.000000
vt -42.133563 0.660919 0.000000
vt -42.133563 0.718391 0.000000
vt -42.133563 0.775862 0.000000
vt -42.133563 0.833333 0.000000
vt -43.525038 0.603448 0.000000
vt -43.525038 0.545977 0.000000
vt -43.525038 0.488506 0.000000
vt -43.525038 0.431034 0.000000
vt -43.525038 0.373563 0.000000
vt -43.525038 0.316092 0.000000
vt -43.525038 0.258621 0.000000
vt -43.525038 0.201149 0.000000
vt -43.525038 0.143678 0.000000
vt -43.525038 0.086207 0.000000
vt -43.525038 0.028736 0.000000
vt -43.525038 -0.028736 0.000000
vt -43.525038 -0.086207 0.000000
vt -43.525038 -0.143678 0.000000
vt -43.525038 -0.201149 0.000000
vt -43.525038 -0.258621 0.000000
vt -43.525038 -0.316092 0.000000
vt -43.525038 -0.373563 0.000000
vt -43.525038 -0.431034 0.000000
vt -43.525038 -0.488506 0.000000
vt -43.525038 -0.545977 0.000000
vt -43.525038 -0.603448 0.000000
vt -43.525038 -0.660919 0.000000
vt -40.742089 0.660919 0.000000
vt -40.742089 0.718391 0.000000
vt -40.742089 0.775862 0.000000
vt -42.133563 0.603448 0.000000
vt -42.133563 0.545977 0.000000
vt -42.133563 0.488506 0.000000
vt -42.133563 0.431034 0.000000
vt -42.133563 0.373563 0.000000
vt -42.133563 0.316092 0.000000
vt -42.133563 0.258621 0.000000
vt -42.133563 0.201149 0.000000
vt -42.133563 0.143678 0.000000
vt -42.133563 0.086207 0.000000
vt -42.133563 0.028736 0.000000
vt -42.133563 -0.028736 0.000000
vt -42.133563 -0.086207 0.000000
vt -42.133563 -0.143678 0.000000
vt -42.133563 -0.201149 0.000000
vt -42.133563 -0.258621 0.000000
vt -42.133563 -0.316092 0.000000
vt -42.133563 -0.373563 0.000000
vt -42.133563 -0.431034 0.000000
vt -42.133563 -0.488506 0.000000
vt -42.133563 -0.545977 0.000000
vt -42.133563 -0.603448 0.000000
vt -42.133563 -0.660919 0.000000
vt -39.350614 0.660919 0.000000
vt -39.350614 0.718391 0.000000
vt -40.742089 0.603448 0.000000
vt -40.742089 0.545977 0.000000
vt -40.742089 0.488506 0.000000
vt -40.742089 0.431034 0.000000
vt -40.742089 0.373563 0.000000
vt -40.742089 0.316092 0.000000
vt -40.742089 0.258621 0.000000
vt -40.742089 0.201149 0.000000
vt -40.742089 0.143678 0.000000
vt -40.742089 0.086207 0.000000
vt -40.742089 0.028736 0.000000
vt -40.742089 -0.028736 0.000000
vt -40.742089 -0.086207 0.000000
vt -40.742089 -0.143678 0.000000
vt -40.742089 -0.201149 0.000000
vt -40.742089 -0.258621 0.000000
vt -40.742089 -0.316092 0.000000
vt -40.742089 -0.373563 0.000000
vt -40.742089 -0.431034 0.000000
vt -40.742089 -0.488506 0.000000
vt -40.742089 -0.545977 0.000000
vt -40.742089 -0.603448 0.000000
vt -40.742089 -0.660919 0.000000
vt -37.959139 0.660919 0.000000
vt -39.350614 0.603448 0.000000
vt -39.350614 0.545977 0.000000
vt -39.350614 0.488506 0.000000
vt -39.350614 0.431034 0.000000
vt -39.350614 0.373563 0.000000
vt -39.350614 0.316092 0.000000
vt -39.350614 0.258621 0.000000
vt -39.350614 0.201149 0.000000
vt -39.350614 0.143678 0.000000
vt -39.350614 0.086207 0.000000
vt -39.350614 0.028736 0.000000
vt -39.350614 -0.028736 0.000000
vt -39.350614 -0.086207 0.000000
vt -39.350614 -0.143678 0.000000
vt -39.350614 -0.201149 0.000000
vt -39.350614 -0.258621 0.000000
vt -39.350614 -0.316092 0.000000
vt -39.350614 -0.373563 0.000000
vt -39.350614 -0.431034 0.000000
vt -39.350614 -0.488506 0.000000
vt -39.350614 -0.545977 0.000000
vt -39.350614 -0.603448 0.000000
vt -39.350614 -0.660919 0.000000
vt -37.959139 0.603448 0.000000
vt -37.959139 0.545977 0.000000
vt -37.959139 0.488506 0.000000
vt -37.959139 0.431034 0.000000
vt -37.959139 0.373563 0.000000
vt -37.959139 0.316092 0.000000
vt -37.959139 0.258621 0.000000
vt -37.959139 0.201149 0.000000
vt -37.959139 0.143678 0.000000
vt -37.959139 0.086207 0.000000
vt -37.959139 0.028736 0.000000
vt -37.959139 -0.028736 0.000000
vt -37.959139 -0.086207 0.000000
vt -37.959139 -0.143678 0.000000
vt -37.959139 -0.201149 0.000000
vt -37.959139 -0.258621 0.000000
vt -37.959139 -0.316092 0.000000
vt -37.959139 -0.373563 0.000000
vt -37.959139 -0.431034 0.000000
vt -37.959139 -0.488506 0.000000
vt -37.959139 -0.545977 0.000000
vt -37.959139 -0.603448 0.000000
vt -37.959139 -0.660919 0.000000
vt -43.525038 -1.178160 0.000000
vt -43.525038 -1.120689 0.000000
vt -43.525038 -1.063218 0.000000
vt -43.525038 -1.005747 0.000000
vt -43.525038 -0.948276 0.000000
vt -43.525038 -0.890804 0.000000
vt -43.525038 -0.833333 0.000000
vt -42.133563 -1.178160 0.000000
vt -42.133563 -1.120689 0.000000
vt -42.133563 -1.063218 0.000000
vt -42.133563 -1.005747 0.000000
vt -42.133563 -0.948276 0.000000
vt -42.133563 -0.890804 0.000000
vt -43.525038 -1.235632 0.000000
vt -43.525038 -1.293103 0.000000
vt -43.525038 -1.350574 0.000000
vt -43.525038 -1.408045 0.000000
vt -43.525038 -1.465517 0.000000
vt -43.525038 -1.522988 0.000000
vt -43.525038 -1.580459 0.000000
vt -43.525038 -1.637930 0.000000
vt -43.525038 -1.695402 0.000000
vt -43.525038 -1.752873 0.000000
vt -40.742089 -1.178160 0.000000
vt -40.742089 -1.120689 0.000000
vt -40.742089 -1.063218 0.000000
vt -40.742089 -1.005747 0.000000
vt -40.742089 -0.948276 0.000000
vt -42.133563 -1.235632 0.000000
vt -42.133563 -1.293103 0.000000
vt -42.133563 -1.350574 0.000000
vt -42.133563 -1.408045 0.000000
vt -42.133563 -1.465517 0.000000
vt -42.133563 -1.522988 0.000000
vt -42.133563 -1.580459 0.000000
vt -42.133563 -1.637930 0.000000
vt -42.133563 -1.695402 0.000000
vt -42.133563 -1.752873 0.000000
vt -39.350614 -1.178160 0.000000
vt -39.350614 -1.120689 0.000000
vt -39.350614 -1.063218 0.000000
vt -39.350614 -1.005747 0.000000
vt -40.742089 -1.235632 0.000000
vt -40.742089 -1.293103 0.000000
vt -40.742089 -1.350574 0.000000
vt -40.742089 -1.408045 0.000000
vt -40.742089 -1.465517 0.000000
vt -40.742089 -1.522988 0.000000
vt -40.742089 -1.580459 0.000000
vt -40.742089 -1.637930 0.000000
vt -40.742089 -1.695402 0.000000
vt -40.742089 -1.752873 0.000000
vt -37.959139 -1.178160 0.000000
vt -37.959139 -1.120689 0.000000
vt -37.959139 -1.063218 0.000000
vt -39.350614 -1.235632 0.000000
vt -39.350614 -1.293103 0.000000
vt -39.350614 -1.350574 0.000000
vt -39.350614 -1.408045 0.000000
vt -39.350614 -1.465517 0.000000
vt -39.350614 -1.522988 0.000000
vt -39.350614 -1.580459 0.000000
vt -39.350614 -1.637930 0.000000
vt -39.350614 -1.695402 0.000000
vt -39.350614 -1.752873 0.000000
vt -37.959139 -1.235632 0.000000
vt -37.959139 -1.293103 0.000000
vt -37.959139 -1.350574 0.000000
vt -37.959139 -1.408045 0.000000
vt -37.959139 -1.465517 0.000000
vt -37.959139 -1.522988 0.000000
vt -37.959139 -1.580459 0.000000
vt -37.959139 -1.637930 0.000000
vt -37.959139 -1.695402 0.000000
vt -37.959139 -1.752873 0.000000
vt -36.567664 -1.235632 0.000000
vt -36.567664 -1.293103 0.000000
vt -36.567664 -1.350574 0.000000
vt -36.567664 -1.408045 0.000000
vt -36.567664 -1.465517 0.000000
vt -36.567664 -1.522988 0.000000
vt -36.567664 -1.580459 0.000000
vt -36.567664 -1.637930 0.000000
vt -36.567664 -1.695402 0.000000
vt -36.567664 -1.752873 0.000000
vt -33.784714 -1.178160 0.000000
vt -35.176189 -1.235632 0.000000
vt -35.176189 -1.293103 0.000000
vt -35.176189 -1.350574 0.000000
vt -35.176189 -1.408045 0.000000
vt -35.176189 -1.465517 0.000000
vt -35.176189 -1.522988 0.000000
vt -35.176189 -1.580459 0.000000
vt -35.176189 -1.637930 0.000000
vt -35.176189 -1.695402 0.000000
vt -35.176189 -1.752873 0.000000
vt -33.784714 -1.235632 0.000000
vt -33.784714 -1.293103 0.000000
vt -33.784714 -1.350574 0.000000
vt -33.784714 -1.408045 0.000000
vt -33.784714 -1.465517 0.000000
vt -33.784714 -1.522988 0.000000
vt -33.784714 -1.580459 0.000000
vt -33.784714 -1.637930 0.000000
vt -33.784714 -1.695402 0.000000
vt -33.784714 -1.752873 0.000000
vt -43.525038 1.522988 0.000000
vt -42.133563 1.465517 0.000000
vt -40.742089 1.408046 0.000000
vt -39.350614 1.350574 0.000000
vt -37.959139 1.293103 0.000000
vt -43.525038 1.465517 0.000000
vt -42.133563 1.408046 0.000000
vt -40.742089 1.350574 0.000000
vt -39.350614 1.293103 0.000000
vt -43.525038 1.408046 0.000000
vt -42.133563 1.350574 0.000000
vt -40.742089 1.293103 0.000000
vt -43.525038 1.350574 0.000000
vt -42.133563 1.293103 0.000000
vt -43.525038 1.293103 0.000000
vt 0.000220 -0.676303 0.000000
vt 0.065493 -0.673146 0.000000
vt -0.065052 -0.673146 0.000000
vt -0.129716 -0.663704 0.000000
vt 0.130156 -0.663704 0.000000
vt -0.193166 -0.648065 0.000000
vt 0.193606 -0.648065 0.000000
vt -0.254810 -0.626375 0.000000
vt 0.255251 -0.626375 0.000000
vt -0.314074 -0.598837 0.000000
vt 0.314514 -0.598837 0.000000
vt -0.370402 -0.565708 0.000000
vt 0.370843 -0.565708 0.000000
vt -0.423271 -0.527296 0.000000
vt 0.423711 -0.527296 0.000000
vt -0.472185 -0.483962 0.000000
vt 0.472626 -0.483962 0.000000
vt -0.516689 -0.436109 0.000000
vt 0.517130 -0.436109 0.000000
vt -0.556367 -0.384184 0.000000
vt 0.556807 -0.384184 0.000000
vt -0.590847 -0.328672 0.000000
vt 0.591288 -0.328672 0.000000
vt -0.619809 -0.270092 0.000000
vt 0.620250 -0.270092 0.000000
vt -0.642982 -0.208989 0.000000
vt 0.643423 -0.208989 0.000000
vt -0.660150 -0.145936 0.000000
vt 0.660591 -0.145936 0.000000
vt -0.671152 -0.081519 0.000000
vt 0.671593 -0.081519 0.000000
vt -0.675886 -0.016342 0.000000
vt 0.676326 -0.016342 0.000000
vt -0.674307 0.048988 0.000000
vt 0.674747 0.048988 0.000000
vt -0.666430 0.113860 0.000000
vt 0.666870 0.113860 0.000000
vt -0.652328 0.177670 0.000000
vt 0.652769 0.177670 0.000000
vt -0.632134 0.239820 0.000000
vt 0.632575 0.239820 0.000000
vt -0.606036 0.299732 0.000000
vt 0.606477 0.299732 0.000000
vt -0.574278 0.356845 0.000000
vt 0.574718 0.356845 0.000000
vt -0.537155 0.410626 0.000000
vt 0.537596 0.410626 0.000000
vt -0.495016 0.460573 0.000000
vt 0.495456 0.460573 0.000000
vt -0.448252 0.506220 0.000000
vt 0.448692 0.506220 0.000000
vt -0.397301 0.547141 0.000000
vt 0.397741 0.547141 0.000000
vt -0.342638 0.582953 0.000000
vt 0.343079 0.582953 0.000000
vt -0.284775 0.613322 0.000000
vt 0.285215 0.613322 0.000000
vt -0.224250 0.637965 0.000000
vt 0.224691 0.637965 0.000000
vt -0.161630 0.656651 0.000000
vt 0.162070 0.656651 0.000000
vt -0.097498 0.669207 0.000000
vt 0.097939 0.669207 0.000000
vt -0.032454 0.675514 0.000000
vt 0.032895 0.675514 0.000000
vn -0.009218 0.099574 0.000000
vn 0.000422 0.099999 0.000000
vn -0.000000 0.100000 0.000000
vn 0.010063 0.099492 0.000000
vn 0.015643 0.098769 0.000000
vn 0.019808 0.098019 0.000000
vn 0.030902 0.095106 0.000000
vn 0.029468 0.095560 0.000000
vn 0.038865 0.092139 0.000000
vn 0.045399 0.089101 0.000000
vn 0.047849 0.087809 0.000000
vn 0.056287 0.082655 0.000000
vn 0.058779 0.080902 0.000000
vn 0.064051 0.076795 0.000000
vn 0.070711 0.070711 0.000000
vn 0.071039 0.070381 0.000000
vn 0.077400 0.063318 0.000000
vn 0.080902 0.058779 0.000000
vn 0.083196 0.055484 0.000000
vn 0.089101 0.045399 0.000000
vn 0.088275 0.046984 0.000000
vn 0.092520 0.037948 0.000000
vn 0.095106 0.030902 0.000000
vn 0.095850 0.028510 0.000000
vn 0.098212 0.018824 0.000000
vn 0.098769 0.015643 0.000000
vn 0.099588 0.009071 0.000000
vn 0.100000 0.000000 0.000000
vn 0.099998 -0.000564 0.000000
vn 0.099476 -0.010221 0.000000
vn 0.098769 -0.015643 0.000000
vn 0.097984 -0.019976 0.000000
vn 0.095106 -0.030902 0.000000
vn 0.095506 -0.029642 0.000000
vn 0.092065 -0.039039 0.000000
vn 0.089101 -0.045399 0.000000
vn 0.087716 -0.048019 0.000000
vn 0.082546 -0.056447 0.000000
vn 0.080902 -0.058779 0.000000
vn 0.076675 -0.064195 0.000000
vn 0.070711 -0.070711 0.000000
vn 0.070256 -0.071162 0.000000
vn 0.063173 -0.077519 0.000000
vn 0.058779 -0.080902 0.000000
vn 0.055322 -0.083303 0.000000
vn 0.045399 -0.089101 0.000000
vn 0.046813 -0.088366 0.000000
vn 0.037773 -0.092591 0.000000
vn 0.030902 -0.095106 0.000000
vn 0.028337 -0.095901 0.000000
vn 0.018657 -0.098244 0.000000
vn 0.015643 -0.098769 0.000000
vn 0.008915 -0.099602 0.000000
vn -0.000000 -0.100000 0.000000
vn -0.000706 -0.099998 0.000000
vn -0.010367 -0.099461 0.000000
vn -0.015643 -0.098769 0.000000
vn -0.020107 -0.097958 0.000000
vn -0.030902 -0.095106 0.000000
vn -0.029744 -0.095474 0.000000
vn -0.039106 -0.092037 0.000000
vn -0.045399 -0.089101 0.000000
vn -0.048047 -0.087701 0.000000
vn -0.058779 -0.080902 0.000000
vn -0.056439 -0.082551 0.000000
vn -0.064160 -0.076704 0.000000
vn -0.070711 -0.070711 0.000000
vn -0.071109 -0.070310 0.000000
vn -0.077455 -0.063251 0.000000
vn -0.080902 -0.058779 0.000000
vn -0.083236 -0.055424 0.000000
vn -0.089101 -0.045399 0.000000
vn -0.088301 -0.046936 0.000000
vn -0.092534 -0.037913 0.000000
vn -0.095106 -0.030902 0.000000
vn -0.095856 -0.028488 0.000000
vn -0.098214 -0.018814 0.000000
vn -0.098769 -0.015643 0.000000
vn -0.099588 -0.009068 0.000000
vn -0.100000 0.000000 0.000000
vn -0.099998 0.000564 0.000000
vn -0.099477 0.010217 0.000000
vn -0.098769 0.015643 0.000000
vn -0.097987 0.019964 0.000000
vn -0.095106 0.030902 0.000000
vn -0.095513 0.029618 0.000000
vn -0.092080 0.039003 0.000000
vn -0.089101 0.045399 0.000000
vn -0.087744 0.047969 0.000000
vn -0.082587 0.056386 0.000000
vn -0.080902 0.058779 0.000000
vn -0.076732 0.064127 0.000000
vn -0.070711 0.070711 0.000000
vn -0.070329 0.071090 0.000000
vn -0.063286 0.077427 0.000000
vn -0.058779 0.080902 0.000000
vn -0.055481 0.083198 0.000000
vn -0.045399 0.089101 0.000000
vn -0.047017 0.088258 0.000000
vn -0.038019 0.092491 0.000000
vn -0.030902 0.095106 0.000000
vn -0.028617 0.095818 0.000000
vn -0.018958 0.098187 0.000000
vn -0.015643 0.098769 0.000000
vn 0.010063 0.099492 0.000000
vn 0.000422 0.099999 0.000000
vn -0.009218 0.099574 0.000000
vn -0.018958 0.098187 0.000000
vn -0.028617 0.095818 0.000000
vn -0.038019 0.092491 0.000000
vn -0.047017 0.088258 0.000000
vn -0.055480 0.083198 0.000000
vn -0.063286 0.077427 0.000000
vn -0.070329 0.071090 0.000000
vn -0.076731 0.064127 0.000000
vn -0.082587 0.056386 0.000000
vn -0.087744 0.047970 0.000000
vn -0.092080 0.039003 0.000000
vn -0.095513 0.029618 0.000000
vn -0.097987 0.019964 0.000000
vn -0.099477 0.010218 0.000000
vn -0.099998 0.000564 0.000000
vn -0.099588 -0.009068 0.000000
vn -0.098214 -0.018813 0.000000
vn -0.095856 -0.028488 0.000000
vn -0.092534 -0.037913 0.000000
vn -0.088301 -0.046936 0.000000
vn -0.083236 -0.055424 0.000000
vn -0.077455 -0.063251 0.000000
vn -0.071109 -0.070310 0.000000
vn -0.064160 -0.076704 0.000000
vn -0.056440 -0.082550 0.000000
vn -0.048047 -0.087701 0.000000
vn -0.039106 -0.092037 0.000000
vn -0.029745 -0.095474 0.000000
vn -0.020108 -0.097958 0.000000
vn -0.010368 -0.099461 0.000000
vn -0.000707 -0.099998 0.000000
vn 0.008915 -0.099602 0.000000
vn 0.018657 -0.098244 0.000000
vn 0.028336 -0.095901 0.000000
vn 0.037773 -0.092592 0.000000
vn 0.046813 -0.088366 0.000000
vn 0.055322 -0.083304 0.000000
vn 0.063172 -0.077519 0.000000
vn 0.070256 -0.071162 0.000000
vn 0.076675 -0.064195 0.000000
vn 0.082546 -0.056447 0.000000
vn 0.087716 -0.048019 0.000000
vn 0.092065 -0.039040 0.000000
vn 0.095506 -0.029642 0.000000
vn 0.097984 -0.019976 0.000000
vn 0.099476 -0.010221 0.000000
vn 0.099998 -0.000564 0.000000
vn 0.099588 0.009071 0.000000
vn 0.098212 0.018824 0.000000
vn 0.095850 0.028510 0.000000
vn 0.092520 0.037948 0.000000
vn 0.088275 0.046984 0.000000
vn 0.083196 0.055484 0.000000
vn 0.077400 0.063318 0.000000
vn 0.071039 0.070380 0.000000
vn 0.064052 0.076795 0.000000
vn 0.056287 0.082655 0.000000
vn 0.047849 0.087809 0.000000
vn 0.038865 0.092139 0.000000
vn 0.029468 0.095560 0.000000
vn 0.019808 0.098019 0.000000
vn -0.100000 0.000000 0.000000
vn -0.100000 0.000000 0.000000
vn -0.100000 0.000000 0.000000
vn -0.100000 0.000000 0.000000
vn -0.100000 0.000000 0.000000
vn -0.100000 0.000000 0.000000
vn -0.100000 0.000000 0.000000
vn -0.100000 0.000000 0.000000
vn -0.100000 0.000000 0.000000
vn -0.100000 0.000000 0.000000
vn -0.100000 0.000000 0.000000
vn -0.100000 0.000000 0.000000
vn -0.100000 0.000000 0.000000
vn -0.100000 0.000000 0.000000
vn -0.100000 0.000000 0.000000
vn -0.100000 0.000000 0.000000
vn -0.100000 0.000000 0.000000
vn -0.100000 0.000000 0.000000
vn -0.100000 0.000000 0.000000
vn -0.100000 0.000000 0.000000
vn -0.100000 0.000000 0.000000
vn -0.100000 0.000000 0.000000
vn -0.100000 0.000000 0.000000
vn -0.100000 0.000000 0.000000
vn -0.100000 0.000000 0.000000
vn -0.100000 0.000000 0.000000
vn -0.100000 0.000000 0.000000
vn -0.100000 0.000000 0.000000
vn -0.100000 0.000000 0.000000
vn -0.100000 0.000000 0.000000
vn -0.100000 0.000000 0.000000
vn -0.100000 0.000000 0.000000
vn -0.100000 0.000000 0.000000
vn -0.100000 0.000000 0.000000
vn -0.100000 0.000000 0.000000
vn -0.100000 0.000000 0.000000
vn -0.100000 0.000000 0.000000
vn -0.100000 0.000000 0.000000
vn -0.100000 0.000000 0.000000
vn -0.100000 0.000000 0.000000
vn -0.100000 0.000000 0.000000
vn -0.100000 0.000000 0.000000
vn -0.100000 0.000000 0.000000
vn -0.100000 0.000000 0.000000
vn -0.100000 0.000000 0.000000
vn -0.100000 0.000000 0.000000
vn -0.100000 0.000000 0.000000
vn -0.100000 0.000000 0.000000
vn -0.100000 0.000000 0.000000
vn -0.100000 0.000000 0.000000
vn -0.100000 0.000000 0.000000
vn -0.100000 0.000000 0.000000
vn -0.100000 0.000000 0.000000
vn -0.100000 0.000000 0.000000
vn -0.100000 0.000000 0.000000
vn -0.100000 0.000000 0.000000
vn -0.100000 0.000000 0.000000
vn -0.100000 0.000000 0.000000
vn -0.100000 0.000000 0.000000
vn -0.100000 0.000000 0.000000
vn -0.100000 0.000000 0.000000
vn -0.100000 0.000000 0.000000
vn -0.100000 0.000000 0.000000
vn -0.100000 0.000000 0.000000
vn -0.001068 0.099511 0.009819
vn -0.001068 0.099994 0.000001
vn -0.008823 0.099301 0.007836
vn -0.012225 0.099250 0.000001
vn -0.016454 0.098331 0.007760
vn -0.023127 0.097289 0.000001
vn -0.023964 0.096785 0.007638
vn -0.031354 0.094663 0.007470
vn -0.023963 0.095891 0.015186
vn -0.031353 0.093789 0.014853
vn -0.023964 0.094408 0.022645
vn -0.031354 0.092339 0.022148
vn -0.023964 0.092327 0.030024
vn -0.031354 0.090303 0.029366
vn -0.023963 0.089664 0.037232
vn -0.031353 0.087698 0.036415
vn -0.023961 0.086478 0.044129
vn -0.031351 0.084582 0.043162
vn -0.023961 0.082785 0.050721
vn -0.031350 0.080970 0.049609
vn -0.023962 0.078586 0.057010
vn -0.031351 0.076863 0.055760
vn -0.023963 0.073876 0.062993
vn -0.031353 0.072256 0.061612
vn -0.023964 0.068641 0.068659
vn -0.031354 0.067136 0.067154
vn -0.023963 0.062968 0.073897
vn -0.031353 0.061588 0.072277
vn -0.023961 0.056984 0.078605
vn -0.031350 0.055735 0.076882
vn -0.023960 0.050702 0.082796
vn -0.031349 0.049591 0.080982
vn -0.023960 0.044128 0.086479
vn -0.031349 0.043160 0.084584
vn -0.023962 0.037256 0.089654
vn -0.031351 0.036440 0.087688
vn -0.023964 0.030087 0.092307
vn -0.031354 0.029427 0.090283
vn -0.023964 0.022617 0.094415
vn -0.031354 0.022121 0.092345
vn -0.023962 0.015051 0.095913
vn -0.031352 0.014721 0.093810
vn -0.023960 0.007499 0.096797
vn -0.031349 0.007335 0.094676
vn -0.023958 -0.000035 0.097088
vn -0.031347 -0.000035 0.094960
vn -0.023959 -0.007554 0.096793
vn -0.031347 -0.007389 0.094672
vn -0.023961 -0.015057 0.095912
vn -0.031350 -0.014727 0.093810
vn -0.023963 -0.022545 0.094433
vn -0.031353 -0.022050 0.092362
vn -0.023964 -0.030009 0.092332
vn -0.031354 -0.029351 0.090307
vn -0.023962 -0.037328 0.089624
vn -0.031352 -0.036509 0.087659
vn -0.023958 -0.044279 0.086402
vn -0.031347 -0.043309 0.084509
vn -0.023954 -0.050865 0.082698
vn -0.031342 -0.049750 0.080886
vn -0.023953 -0.057095 0.078527
vn -0.031340 -0.055844 0.076807
vn -0.023953 -0.062975 0.073894
vn -0.031341 -0.061596 0.072275
vn -0.023956 -0.068510 0.068793
vn -0.031344 -0.067009 0.067286
vn -0.023960 -0.073681 0.063222
vn -0.031349 -0.072066 0.061836
vn -0.023964 -0.078478 0.057158
vn -0.031353 -0.076757 0.055904
vn -0.023964 -0.082837 0.050634
vn -0.031353 -0.081021 0.049524
vn -0.023960 -0.086600 0.043890
vn -0.031349 -0.084702 0.042928
vn -0.023956 -0.089768 0.036983
vn -0.031345 -0.087801 0.036173
vn -0.023954 -0.092364 0.029919
vn -0.031341 -0.090340 0.029263
vn -0.023953 -0.094396 0.022708
vn -0.031341 -0.092328 0.022210
vn -0.023955 -0.095868 0.015346
vn -0.031343 -0.093767 0.015010
vn -0.023959 -0.096771 0.007829
vn -0.031348 -0.094650 0.007658
vn -0.023962 -0.097086 0.000156
vn -0.031352 -0.094958 0.000153
vn -0.023964 -0.096783 -0.007666
vn -0.031354 -0.094661 -0.007498
vn -0.023961 -0.095855 -0.015415
vn -0.031350 -0.093754 -0.015077
vn -0.023956 -0.094344 -0.022920
vn -0.031344 -0.092277 -0.022418
vn -0.023952 -0.092279 -0.030181
vn -0.031339 -0.090258 -0.029519
vn -0.023949 -0.089681 -0.037199
vn -0.031336 -0.087717 -0.036385
vn -0.023950 -0.086554 -0.043986
vn -0.031336 -0.084659 -0.043022
vn -0.023953 -0.082899 -0.050538
vn -0.031340 -0.081082 -0.049431
vn -0.023958 -0.078701 -0.056853
vn -0.031346 -0.076976 -0.055607
vn -0.023962 -0.073943 -0.062914
vn -0.031352 -0.072322 -0.061535
vn -0.023963 -0.068612 -0.068689
vn -0.031353 -0.067107 -0.067183
vn -0.023960 -0.062880 -0.073973
vn -0.031350 -0.061502 -0.072351
vn -0.023956 -0.056862 -0.078695
vn -0.031344 -0.055616 -0.076970
vn -0.023952 -0.050580 -0.082873
vn -0.031339 -0.049472 -0.081058
vn -0.023950 -0.044045 -0.086524
vn -0.031336 -0.043080 -0.084629
vn -0.023950 -0.037255 -0.089657
vn -0.031337 -0.036439 -0.087694
vn -0.023953 -0.030215 -0.092267
vn -0.031341 -0.029553 -0.090246
vn -0.023958 -0.022912 -0.094345
vn -0.031347 -0.022409 -0.092278
vn -0.023962 -0.015343 -0.095867
vn -0.031352 -0.015006 -0.093765
vn -0.023963 -0.007526 -0.096794
vn -0.031353 -0.007361 -0.094672
vn -0.023959 0.000256 -0.097087
vn -0.031349 0.000250 -0.094959
vn -0.023954 0.007896 -0.096767
vn -0.031342 0.007723 -0.094647
vn -0.023950 0.015379 -0.095864
vn -0.031336 0.015042 -0.093764
vn -0.023948 0.022710 -0.094397
vn -0.031334 0.022212 -0.092330
vn -0.023948 0.029893 -0.092374
vn -0.031334 0.029239 -0.090351
vn -0.023952 0.036937 -0.089788
vn -0.031339 0.036128 -0.087822
vn -0.023957 0.043823 -0.086635
vn -0.031345 0.042863 -0.084736
vn -0.023961 0.050554 -0.082886
vn -0.031351 0.049446 -0.081069
vn -0.023963 0.057097 -0.078522
vn -0.031353 0.055845 -0.076800
vn -0.023960 0.063233 -0.073672
vn -0.031350 0.061847 -0.072057
vn -0.023955 0.068846 -0.068457
vn -0.031344 0.067338 -0.066957
vn -0.023951 0.073964 -0.062894
vn -0.031338 0.072344 -0.061516
vn -0.023948 0.078590 -0.057009
vn -0.031334 0.076869 -0.055761
vn -0.023948 0.082737 -0.050804
vn -0.031335 0.080925 -0.049691
vn -0.023951 0.086407 -0.044274
vn -0.031338 0.084514 -0.043304
vn -0.023956 0.089592 -0.037408
vn -0.031344 0.087629 -0.036589
vn -0.023961 0.092266 -0.030213
vn -0.031351 0.090244 -0.029551
vn -0.023964 0.094402 -0.022670
vn -0.031354 0.092332 -0.022173
vn -0.023964 0.095892 -0.015179
vn -0.031354 0.093790 -0.014846
vn -0.023964 0.096786 -0.007624
vn -0.031354 0.094664 -0.007457
vn -0.033779 0.094122 0.000001
vn -0.038621 0.091956 -0.007244
vn -0.044115 0.089743 0.000001
vn -0.045665 0.088690 -0.006986
vn -0.053798 0.084296 0.000001
vn -0.052370 0.084927 -0.006690
vn -0.058743 0.080677 -0.006355
vn -0.058743 0.079932 -0.012653
vn -0.065102 0.074973 -0.011868
vn -0.065102 0.073808 -0.017725
vn -0.071087 0.068388 -0.016423
vn -0.071083 0.066843 -0.021888
vn -0.075829 0.061954 -0.020287
vn -0.075822 0.060166 -0.025122
vn -0.080160 0.055170 -0.023036
vn -0.080154 0.053215 -0.027267
vn -0.084092 0.048162 -0.024678
vn -0.084089 0.046120 -0.028320
vn -0.087629 0.041056 -0.025210
vn -0.087629 0.038999 -0.028290
vn -0.090767 0.033971 -0.024643
vn -0.090769 0.031968 -0.027184
vn -0.093489 0.027039 -0.022992
vn -0.093492 0.025164 -0.025021
vn -0.095737 0.020483 -0.020367
vn -0.095739 0.018809 -0.021914
vn -0.097508 0.014450 -0.016835
vn -0.097508 0.013046 -0.017942
vn -0.099369 0.006595 -0.009069
vn -0.099369 0.005839 -0.009574
vn -0.100000 -0.000000 0.000001
vn -0.099369 0.005063 -0.010009
vn -0.100000 -0.000001 0.000001
vn -0.099369 0.004268 -0.010375
vn -0.099369 0.003455 -0.010675
vn -0.097506 0.008444 -0.020526
vn -0.097505 0.006835 -0.021119
vn -0.095736 0.010991 -0.026718
vn -0.095735 0.008896 -0.027490
vn -0.093490 0.013503 -0.032823
vn -0.093488 0.010929 -0.033772
vn -0.090770 0.015964 -0.038807
vn -0.090767 0.012921 -0.039929
vn -0.087632 0.018327 -0.044551
vn -0.087629 0.014834 -0.045838
vn -0.084092 0.020588 -0.050046
vn -0.084089 0.016664 -0.051492
vn -0.080155 0.022748 -0.055297
vn -0.080150 0.018412 -0.056894
vn -0.075816 0.024808 -0.060304
vn -0.075811 0.020078 -0.062045
vn -0.071069 0.026765 -0.065060
vn -0.071064 0.021662 -0.066938
vn -0.065082 0.028885 -0.070214
vn -0.065077 0.023378 -0.072239
vn -0.058723 0.030794 -0.074855
vn -0.058718 0.024923 -0.077014
vn -0.052350 0.032415 -0.078795
vn -0.052345 0.026234 -0.081067
vn -0.045646 0.033850 -0.082284
vn -0.045641 0.027395 -0.084655
vn -0.038604 0.035095 -0.085311
vn -0.038599 0.028403 -0.087769
vn -0.038621 0.091955 0.007257
vn -0.038621 0.091106 0.014428
vn -0.038622 0.089697 0.021514
vn -0.038622 0.087719 0.028526
vn -0.038620 0.085189 0.035374
vn -0.038618 0.082163 0.041927
vn -0.038617 0.078654 0.048190
vn -0.038619 0.074664 0.054165
vn -0.038621 0.070189 0.059849
vn -0.038622 0.065216 0.065232
vn -0.038620 0.059826 0.070209
vn -0.038617 0.054141 0.074683
vn -0.038615 0.048173 0.078665
vn -0.038616 0.041926 0.082165
vn -0.038618 0.035397 0.085180
vn -0.038621 0.028585 0.087700
vn -0.038622 0.021488 0.089703
vn -0.038619 0.014300 0.091127
vn -0.038616 0.007125 0.091968
vn -0.038613 -0.000034 0.092244
vn -0.038614 -0.007177 0.091964
vn -0.038617 -0.014306 0.091127
vn -0.038620 -0.021420 0.089720
vn -0.038622 -0.028512 0.087724
vn -0.038619 -0.035465 0.085152
vn -0.038613 -0.042070 0.082092
vn -0.038608 -0.048328 0.078574
vn -0.038605 -0.054248 0.074611
vn -0.038606 -0.059835 0.070209
vn -0.038610 -0.065093 0.065362
vn -0.038616 -0.070005 0.060067
vn -0.038621 -0.074561 0.054305
vn -0.038621 -0.078703 0.048107
vn -0.038617 -0.082279 0.041700
vn -0.038611 -0.085291 0.035139
vn -0.038607 -0.087758 0.028426
vn -0.038606 -0.089689 0.021575
vn -0.038609 -0.091086 0.014581
vn -0.038614 -0.091943 0.007439
vn -0.038620 -0.092242 0.000148
vn -0.038622 -0.091953 -0.007283
vn -0.038617 -0.091072 -0.014646
vn -0.038610 -0.089638 -0.021777
vn -0.038604 -0.087678 -0.028676
vn -0.038601 -0.085210 -0.035345
vn -0.038602 -0.082239 -0.041793
vn -0.038606 -0.078765 -0.048018
vn -0.038613 -0.074775 -0.054017
vn -0.038619 -0.070253 -0.059775
vn -0.038621 -0.065187 -0.065261
vn -0.038617 -0.059743 -0.070282
vn -0.038610 -0.054026 -0.074769
vn -0.038604 -0.048058 -0.078741
vn -0.038601 -0.041849 -0.082211
vn -0.038602 -0.035398 -0.085187
vn -0.038607 -0.028708 -0.087666
vn -0.038614 -0.021769 -0.089639
vn -0.038620 -0.014577 -0.091083
vn -0.038621 -0.007150 -0.091964
vn -0.038616 0.000243 -0.092243
vn -0.038608 0.007502 -0.091941
vn -0.038602 0.014612 -0.091085
vn -0.038598 0.021578 -0.089692
vn -0.045665 0.088689 0.006999
vn -0.045665 0.087870 0.013915
vn -0.045665 0.086511 0.020750
vn -0.045665 0.084603 0.027513
vn -0.045663 0.082164 0.034117
vn -0.045661 0.079245 0.040438
vn -0.045661 0.075861 0.046479
vn -0.045662 0.072013 0.052241
vn -0.045664 0.067696 0.057723
vn -0.045666 0.062899 0.062915
vn -0.045663 0.057701 0.067716
vn -0.045660 0.052218 0.072031
vn -0.045658 0.046462 0.075872
vn -0.045659 0.040437 0.079247
vn -0.045661 0.034140 0.082155
vn -0.045665 0.027570 0.084585
vn -0.045665 0.020725 0.086517
vn -0.045662 0.013793 0.087890
vn -0.045658 0.006872 0.088702
vn -0.045656 -0.000033 0.088969
vn -0.045657 -0.006923 0.088699
vn -0.045660 -0.013798 0.087891
vn -0.045664 -0.020659 0.086534
vn -0.045666 -0.027499 0.084608
vn -0.045662 -0.034206 0.082128
vn -0.045656 -0.040577 0.079178
vn -0.045650 -0.046613 0.075785
vn -0.045647 -0.052323 0.071963
vn -0.045648 -0.057711 0.067717
vn -0.045653 -0.062782 0.063042
vn -0.045659 -0.067519 0.057934
vn -0.045665 -0.071913 0.052376
vn -0.045665 -0.075907 0.046399
vn -0.045659 -0.079358 0.040219
vn -0.045653 -0.082263 0.033891
vn -0.045649 -0.084643 0.027418
vn -0.045648 -0.086505 0.020810
vn -0.045652 -0.087853 0.014063
vn -0.045657 -0.088679 0.007175
vn -0.045663 -0.088966 0.000143
vn -0.045665 -0.088687 -0.007025
vn -0.045660 -0.087838 -0.014126
vn -0.045653 -0.086456 -0.021004
vn -0.045646 -0.084566 -0.027658
vn -0.045642 -0.082186 -0.034091
vn -0.045643 -0.079321 -0.040310
vn -0.045648 -0.075969 -0.046314
vn -0.045655 -0.072120 -0.052099
vn -0.045663 -0.067758 -0.057652
vn -0.045665 -0.062872 -0.062943
vn -0.045660 -0.057621 -0.067786
vn -0.045653 -0.052108 -0.072115
vn -0.045646 -0.046352 -0.075947
vn -0.045643 -0.040364 -0.079294
vn -0.045644 -0.034142 -0.082164
vn -0.045649 -0.027690 -0.084554
vn -0.045657 -0.020996 -0.086456
vn -0.045663 -0.014059 -0.087848
vn -0.045664 -0.006896 -0.088697
vn -0.045659 0.000235 -0.088968
vn -0.045650 0.007236 -0.088677
vn -0.045643 0.014093 -0.087853
vn -0.045640 0.020812 -0.086509
vn -0.052370 0.084926 0.006702
vn -0.052370 0.084142 0.013325
vn -0.052370 0.082840 0.019870
vn -0.052371 0.081014 0.026345
vn -0.052369 0.078678 0.032670
vn -0.052366 0.075884 0.038723
vn -0.052365 0.072643 0.044507
vn -0.052367 0.068958 0.050025
vn -0.052369 0.064824 0.055274
vn -0.052371 0.060231 0.060246
vn -0.052369 0.055253 0.064843
vn -0.052365 0.050003 0.068975
vn -0.052363 0.044492 0.072654
vn -0.052363 0.038722 0.075886
vn -0.052366 0.032692 0.078670
vn -0.052370 0.026401 0.080996
vn -0.052371 0.019846 0.082846
vn -0.052367 0.013207 0.084162
vn -0.052363 0.006580 0.084940
vn -0.052361 -0.000031 0.085196
vn -0.052361 -0.006629 0.084937
vn -0.052364 -0.013213 0.084163
vn -0.052369 -0.019782 0.082862
vn -0.052371 -0.026332 0.081018
vn -0.052367 -0.032754 0.078644
vn -0.052360 -0.038856 0.075820
vn -0.052354 -0.044636 0.072572
vn -0.052351 -0.050104 0.068912
vn -0.052352 -0.055265 0.064846
vn -0.052357 -0.060120 0.060369
vn -0.052364 -0.064655 0.055477
vn -0.052370 -0.068862 0.050154
vn -0.052370 -0.072687 0.044430
vn -0.052364 -0.075992 0.038513
vn -0.052358 -0.078774 0.032454
vn -0.052354 -0.081054 0.026255
vn -0.052353 -0.082838 0.019927
vn -0.052356 -0.084128 0.013467
vn -0.052362 -0.084918 0.006870
vn -0.052368 -0.085191 0.000137
vn -0.052370 -0.084924 -0.006727
vn -0.052365 -0.084112 -0.013527
vn -0.052357 -0.082790 -0.020113
vn -0.052350 -0.080981 -0.026486
vn -0.052346 -0.078703 -0.032646
vn -0.052347 -0.075959 -0.038601
vn -0.052352 -0.072748 -0.044350
vn -0.052360 -0.069061 -0.049889
vn -0.052368 -0.064884 -0.055206
vn -0.052370 -0.060204 -0.060273
vn -0.052365 -0.055177 -0.064911
vn -0.052357 -0.049898 -0.069057
vn -0.052350 -0.044387 -0.072727
vn -0.052347 -0.038653 -0.075932
vn -0.052348 -0.032694 -0.078681
vn -0.052354 -0.026515 -0.080969
vn -0.052361 -0.020105 -0.082789
vn -0.052368 -0.013463 -0.084121
vn -0.052370 -0.006604 -0.084934
vn -0.052364 0.000225 -0.085194
vn -0.052355 0.006929 -0.084917
vn -0.052347 0.013496 -0.084129
vn -0.052344 0.019930 -0.082843
vn -0.058743 0.080677 0.006367
vn -0.062790 0.077829 0.000001
vn -0.065101 0.075671 0.005972
vn -0.071087 0.070332 0.000000
vn -0.071087 0.070114 0.005533
vn -0.075832 0.064986 0.005128
vn -0.071087 0.069467 0.011001
vn -0.075832 0.064386 0.010196
vn -0.071087 0.068392 0.016404
vn -0.075833 0.063390 0.015205
vn -0.071087 0.066884 0.021750
vn -0.075833 0.061992 0.020159
vn -0.071086 0.064956 0.026972
vn -0.075831 0.060205 0.024999
vn -0.071083 0.062650 0.031970
vn -0.075829 0.058068 0.029632
vn -0.071083 0.059975 0.036746
vn -0.075828 0.055589 0.034058
vn -0.071084 0.056932 0.041301
vn -0.075830 0.052768 0.038280
vn -0.071086 0.053519 0.045634
vn -0.075832 0.049604 0.042296
vn -0.071088 0.049726 0.049738
vn -0.075833 0.046088 0.046100
vn -0.071085 0.045617 0.053534
vn -0.075831 0.042281 0.049619
vn -0.071082 0.041284 0.056947
vn -0.075828 0.038264 0.052782
vn -0.071080 0.036733 0.059985
vn -0.075826 0.034047 0.055598
vn -0.071081 0.031970 0.062653
vn -0.075827 0.029632 0.058071
vn -0.071083 0.026991 0.064951
vn -0.075829 0.025017 0.060201
vn -0.071087 0.021796 0.066870
vn -0.075832 0.020202 0.061979
vn -0.071087 0.016384 0.068397
vn -0.075833 0.015186 0.063394
vn -0.071084 0.010904 0.069485
vn -0.075830 0.010107 0.064402
vn -0.071081 0.005433 0.070129
vn -0.075827 0.005036 0.065000
vn -0.071078 -0.000026 0.070341
vn -0.075824 -0.000024 0.065197
vn -0.071079 -0.005473 0.070127
vn -0.075825 -0.005073 0.064999
vn -0.071082 -0.010909 0.069487
vn -0.075828 -0.010111 0.064405
vn -0.071086 -0.016332 0.068411
vn -0.075831 -0.015138 0.063407
vn -0.071088 -0.021740 0.066888
vn -0.075833 -0.020149 0.061995
vn -0.071084 -0.027042 0.064929
vn -0.075830 -0.025064 0.060180
vn -0.071078 -0.032081 0.062600
vn -0.075824 -0.029735 0.058022
vn -0.071072 -0.036855 0.059920
vn -0.075819 -0.034160 0.055539
vn -0.071069 -0.041371 0.056900
vn -0.075816 -0.038346 0.052740
vn -0.071070 -0.045631 0.053543
vn -0.075817 -0.042295 0.049628
vn -0.071075 -0.049638 0.049844
vn -0.075821 -0.046008 0.046199
vn -0.071081 -0.053381 0.045803
vn -0.075827 -0.049477 0.042453
vn -0.071087 -0.056852 0.041407
vn -0.075832 -0.052694 0.038378
vn -0.071087 -0.060010 0.036681
vn -0.075832 -0.055620 0.033998
vn -0.071082 -0.062740 0.031797
vn -0.075828 -0.058152 0.029472
vn -0.071076 -0.065040 0.026796
vn -0.075822 -0.060284 0.024836
vn -0.071072 -0.066924 0.021678
vn -0.075818 -0.062031 0.020093
vn -0.071071 -0.068397 0.016454
vn -0.075818 -0.063396 0.015251
vn -0.071074 -0.069461 0.011119
vn -0.075821 -0.064382 0.010306
vn -0.071080 -0.070111 0.005672
vn -0.075826 -0.064983 0.005258
vn -0.071085 -0.070334 0.000113
vn -0.075831 -0.065190 0.000105
vn -0.071087 -0.070113 -0.005553
vn -0.075833 -0.064984 -0.005147
vn -0.071083 -0.069444 -0.011168
vn -0.075829 -0.064365 -0.010351
vn -0.071075 -0.068356 -0.016607
vn -0.075822 -0.063357 -0.015392
vn -0.071069 -0.066866 -0.021869
vn -0.075816 -0.061977 -0.020270
vn -0.071065 -0.064986 -0.026956
vn -0.075812 -0.060235 -0.024985
vn -0.071066 -0.062720 -0.031873
vn -0.075813 -0.058134 -0.029543
vn -0.071071 -0.060067 -0.036619
vn -0.075818 -0.055675 -0.033941
vn -0.071078 -0.057020 -0.041191
vn -0.075824 -0.052850 -0.038178
vn -0.071085 -0.053568 -0.045578
vn -0.075830 -0.049650 -0.042245
vn -0.071087 -0.049704 -0.049761
vn -0.075833 -0.046069 -0.046121
vn -0.071083 -0.045555 -0.053591
vn -0.075828 -0.042223 -0.049672
vn -0.071075 -0.041199 -0.057017
vn -0.075822 -0.038186 -0.052848
vn -0.071069 -0.036650 -0.060050
vn -0.075816 -0.033970 -0.055659
vn -0.071066 -0.031916 -0.062698
vn -0.075813 -0.029583 -0.058114
vn -0.071067 -0.026996 -0.064967
vn -0.075814 -0.025022 -0.060217
vn -0.071072 -0.021893 -0.066854
vn -0.075819 -0.020292 -0.061966
vn -0.071079 -0.016600 -0.068354
vn -0.075825 -0.015386 -0.063355
vn -0.071085 -0.011115 -0.069450
vn -0.075831 -0.010302 -0.064370
vn -0.071087 -0.005452 -0.070121
vn -0.075832 -0.005053 -0.064992
vn -0.071081 0.000185 -0.070338
vn -0.075827 0.000172 -0.065194
vn -0.071073 0.005721 -0.070113
vn -0.075820 0.005303 -0.064987
vn -0.071066 0.011144 -0.069465
vn -0.075813 0.010329 -0.064387
vn -0.071063 0.016457 -0.068405
vn -0.075810 0.015254 -0.063405
vn -0.078496 0.061955 0.000000
vn -0.080169 0.059588 0.004703
vn -0.080169 0.059038 0.009350
vn -0.080169 0.058125 0.013942
vn -0.080170 0.056843 0.018485
vn -0.080168 0.055205 0.022923
vn -0.080166 0.053246 0.027171
vn -0.080166 0.050972 0.031230
vn -0.080167 0.048386 0.035101
vn -0.080169 0.045484 0.038784
vn -0.080170 0.042261 0.042271
vn -0.080168 0.038769 0.045498
vn -0.080165 0.035086 0.048399
vn -0.080164 0.031220 0.050981
vn -0.080164 0.027171 0.053249
vn -0.080166 0.022939 0.055201
vn -0.080169 0.018524 0.056832
vn -0.080170 0.013925 0.058129
vn -0.080167 0.009267 0.059054
vn -0.080164 0.004617 0.059602
vn -0.080162 -0.000022 0.059783
vn -0.080162 -0.004652 0.059602
vn -0.080165 -0.009271 0.059056
vn -0.080168 -0.013881 0.058141
vn -0.080170 -0.018476 0.056846
vn -0.080167 -0.022983 0.055182
vn -0.080162 -0.027266 0.053204
vn -0.080157 -0.031324 0.050928
vn -0.080155 -0.035162 0.048361
vn -0.080156 -0.038783 0.045507
vn -0.080159 -0.042188 0.042363
vn -0.080165 -0.045368 0.038928
vn -0.080169 -0.048317 0.035191
vn -0.080169 -0.051001 0.031174
vn -0.080165 -0.053322 0.027024
vn -0.080160 -0.055279 0.022774
vn -0.080157 -0.056881 0.018425
vn -0.080156 -0.058133 0.013984
vn -0.080159 -0.059036 0.009450
vn -0.080163 -0.059587 0.004821
vn -0.080168 -0.059776 0.000096
vn -0.080169 -0.059587 -0.004720
vn -0.080166 -0.059020 -0.009491
vn -0.080160 -0.058097 -0.014114
vn -0.080154 -0.056831 -0.018587
vn -0.080151 -0.055234 -0.022911
vn -0.080152 -0.053308 -0.027090
vn -0.080156 -0.051052 -0.031123
vn -0.080162 -0.048461 -0.035008
vn -0.080167 -0.045527 -0.038736
vn -0.080169 -0.042242 -0.042290
vn -0.080166 -0.038717 -0.045547
vn -0.080160 -0.035015 -0.048460
vn -0.080155 -0.031150 -0.051038
vn -0.080152 -0.027127 -0.053290
vn -0.080153 -0.022945 -0.055218
vn -0.080157 -0.018608 -0.056821
vn -0.080163 -0.014108 -0.058094
vn -0.080168 -0.009446 -0.059024
vn -0.080169 -0.004633 -0.059594
vn -0.080164 0.000158 -0.059780
vn -0.080158 0.004862 -0.059591
vn -0.080152 0.009471 -0.059042
vn -0.080149 0.013987 -0.058141
vn -0.084866 0.052895 0.000000
vn -0.084105 0.053928 0.004256
vn -0.084105 0.053430 0.008461
vn -0.084105 0.052604 0.012617
vn -0.084105 0.051444 0.016729
vn -0.084104 0.049961 0.020746
vn -0.084102 0.048188 0.024590
vn -0.084102 0.046131 0.028263
vn -0.084103 0.043790 0.031767
vn -0.084104 0.041164 0.035100
vn -0.084105 0.038246 0.038256
vn -0.084104 0.035087 0.041176
vn -0.084102 0.031754 0.043802
vn -0.084100 0.028254 0.046139
vn -0.084101 0.024590 0.048191
vn -0.084102 0.020760 0.049958
vn -0.084105 0.016764 0.051433
vn -0.084105 0.012602 0.052607
vn -0.084103 0.008387 0.053445
vn -0.084100 0.004179 0.053941
vn -0.084099 -0.000020 0.054105
vn -0.084099 -0.004210 0.053941
vn -0.084101 -0.008391 0.053447
vn -0.084104 -0.012562 0.052619
vn -0.084105 -0.016721 0.051446
vn -0.084103 -0.020800 0.049940
vn -0.084099 -0.024676 0.048151
vn -0.084095 -0.028349 0.046091
vn -0.084093 -0.031823 0.043769
vn -0.084093 -0.035100 0.041186
vn -0.084097 -0.038182 0.038340
vn -0.084101 -0.041059 0.035230
vn -0.084105 -0.043728 0.031848
vn -0.084105 -0.046156 0.028213
vn -0.084101 -0.048258 0.024457
vn -0.084097 -0.050029 0.020611
vn -0.084094 -0.051479 0.016675
vn -0.084094 -0.052612 0.012656
vn -0.084096 -0.053430 0.008553
vn -0.084100 -0.053928 0.004363
vn -0.084104 -0.054098 0.000087
vn -0.084105 -0.053927 -0.004271
vn -0.084102 -0.053414 -0.008590
vn -0.084097 -0.052579 -0.012774
vn -0.084092 -0.051435 -0.016822
vn -0.084090 -0.049990 -0.020736
vn -0.084090 -0.048246 -0.024518
vn -0.084094 -0.046204 -0.028168
vn -0.084099 -0.043859 -0.031683
vn -0.084103 -0.041202 -0.035057
vn -0.084105 -0.038230 -0.038273
vn -0.084102 -0.035039 -0.041221
vn -0.084097 -0.031690 -0.043857
vn -0.084092 -0.028192 -0.046192
vn -0.084090 -0.024551 -0.048230
vn -0.084091 -0.020766 -0.049975
vn -0.084094 -0.016840 -0.051425
vn -0.084099 -0.012768 -0.052576
vn -0.084104 -0.008549 -0.053418
vn -0.084105 -0.004193 -0.053933
vn -0.084101 0.000143 -0.054102
vn -0.084095 0.004401 -0.053932
vn -0.084090 0.008572 -0.053435
vn -0.084088 0.012659 -0.052621
vn -0.087642 0.048005 0.003788
vn -0.090210 0.043153 0.000000
vn -0.090778 0.041815 0.003300
vn -0.093496 0.035366 0.002791
vn -0.090778 0.041429 0.006561
vn -0.093496 0.035039 0.005549
vn -0.090778 0.040788 0.009783
vn -0.093496 0.034497 0.008274
vn -0.090778 0.039888 0.012971
vn -0.093496 0.033736 0.010971
vn -0.090777 0.038739 0.016086
vn -0.093495 0.032765 0.013605
vn -0.090776 0.037364 0.019067
vn -0.093495 0.031602 0.016126
vn -0.090776 0.035769 0.021915
vn -0.093494 0.030253 0.018535
vn -0.090777 0.033954 0.024632
vn -0.093495 0.028718 0.020833
vn -0.090778 0.031918 0.027216
vn -0.093496 0.026995 0.023018
vn -0.090778 0.029655 0.029663
vn -0.093496 0.025082 0.025088
vn -0.090777 0.027205 0.031927
vn -0.093495 0.023010 0.027003
vn -0.090776 0.024622 0.033963
vn -0.093494 0.020825 0.028726
vn -0.090775 0.021908 0.035776
vn -0.093494 0.018530 0.030259
vn -0.090775 0.019067 0.037367
vn -0.093494 0.016127 0.031605
vn -0.090776 0.016097 0.038737
vn -0.093495 0.013615 0.032763
vn -0.090778 0.012999 0.039880
vn -0.093496 0.010994 0.033730
vn -0.090778 0.009771 0.040790
vn -0.093496 0.008264 0.034499
vn -0.090777 0.006503 0.041440
vn -0.093495 0.005500 0.035049
vn -0.090775 0.003240 0.041826
vn -0.093494 0.002741 0.035376
vn -0.090774 -0.000015 0.041953
vn -0.093493 -0.000013 0.035484
vn -0.090774 -0.003264 0.041826
vn -0.093493 -0.002761 0.035376
vn -0.090776 -0.006506 0.041442
vn -0.093494 -0.005503 0.035051
vn -0.090777 -0.009740 0.040799
vn -0.093495 -0.008238 0.034507
vn -0.090778 -0.012965 0.039890
vn -0.093496 -0.010965 0.033738
vn -0.090777 -0.016128 0.038723
vn -0.093495 -0.013641 0.032751
vn -0.090774 -0.019134 0.037336
vn -0.093493 -0.016183 0.031579
vn -0.090771 -0.021982 0.035740
vn -0.093491 -0.018593 0.030229
vn -0.090770 -0.024676 0.033939
vn -0.093490 -0.020871 0.028706
vn -0.090770 -0.027217 0.031936
vn -0.093490 -0.023020 0.027012
vn -0.090773 -0.029606 0.029729
vn -0.093492 -0.025041 0.025144
vn -0.090775 -0.031837 0.027317
vn -0.093494 -0.026927 0.023105
vn -0.090778 -0.033905 0.024694
vn -0.093496 -0.028676 0.020886
vn -0.090778 -0.035789 0.021876
vn -0.093496 -0.030269 0.018502
vn -0.090776 -0.037419 0.018964
vn -0.093494 -0.031648 0.016039
vn -0.090773 -0.038792 0.015982
vn -0.093492 -0.032810 0.013517
vn -0.090771 -0.039918 0.012930
vn -0.093491 -0.033762 0.010936
vn -0.090771 -0.040797 0.009814
vn -0.093490 -0.034506 0.008301
vn -0.090772 -0.041430 0.006632
vn -0.093491 -0.035041 0.005609
vn -0.090775 -0.041815 0.003383
vn -0.093493 -0.035367 0.002861
vn -0.090777 -0.041946 0.000067
vn -0.093495 -0.035477 0.000057
vn -0.090778 -0.041813 -0.003312
vn -0.093496 -0.035365 -0.002801
vn -0.090776 -0.041417 -0.006661
vn -0.093494 -0.035029 -0.005633
vn -0.090773 -0.040770 -0.009905
vn -0.093492 -0.034483 -0.008377
vn -0.090770 -0.039884 -0.013044
vn -0.093490 -0.033734 -0.011033
vn -0.090768 -0.038764 -0.016079
vn -0.093489 -0.032786 -0.013600
vn -0.090768 -0.037412 -0.019012
vn -0.093489 -0.031643 -0.016080
vn -0.090771 -0.035828 -0.021842
vn -0.093490 -0.030303 -0.018474
vn -0.090774 -0.034008 -0.024567
vn -0.093493 -0.028764 -0.020779
vn -0.090777 -0.031947 -0.027182
vn -0.093495 -0.027020 -0.022990
vn -0.090778 -0.029642 -0.029676
vn -0.093496 -0.025071 -0.025099
vn -0.090776 -0.027169 -0.031962
vn -0.093494 -0.022979 -0.027033
vn -0.090773 -0.024573 -0.034007
vn -0.093492 -0.020783 -0.028763
vn -0.090770 -0.021861 -0.035818
vn -0.093490 -0.018490 -0.030295
vn -0.090768 -0.019038 -0.037399
vn -0.093489 -0.016102 -0.031632
vn -0.090769 -0.016103 -0.038752
vn -0.093489 -0.013620 -0.032776
vn -0.090771 -0.013058 -0.039876
vn -0.093491 -0.011045 -0.033727
vn -0.090774 -0.009900 -0.040767
vn -0.093493 -0.008374 -0.034481
vn -0.090777 -0.006629 -0.041419
vn -0.093495 -0.005607 -0.035031
vn -0.090778 -0.003251 -0.041819
vn -0.093496 -0.002750 -0.035369
vn -0.090775 0.000111 -0.041950
vn -0.093494 0.000094 -0.035481
vn -0.090772 0.003412 -0.041819
vn -0.093491 0.002886 -0.035370
vn -0.090769 0.006647 -0.041435
vn -0.093489 0.005622 -0.035046
vn -0.090767 0.009817 -0.040804
vn -0.093488 0.008303 -0.034513
vn -0.094478 0.032771 0.000000
vn -0.095740 0.028787 0.002272
vn -0.095740 0.028521 0.004517
vn -0.095740 0.028080 0.006735
vn -0.095740 0.027461 0.008930
vn -0.095740 0.026670 0.011074
vn -0.095739 0.025724 0.013127
vn -0.095739 0.024625 0.015087
vn -0.095739 0.023376 0.016958
vn -0.095740 0.021973 0.018736
vn -0.095740 0.020416 0.020421
vn -0.095740 0.018729 0.021980
vn -0.095739 0.016951 0.023382
vn -0.095738 0.015083 0.024630
vn -0.095739 0.013127 0.025726
vn -0.095739 0.011082 0.026668
vn -0.095740 0.008949 0.027455
vn -0.095740 0.006727 0.028082
vn -0.095739 0.004477 0.028529
vn -0.095739 0.002231 0.028795
vn -0.095738 -0.000011 0.028883
vn -0.095738 -0.002247 0.028795
vn -0.095739 -0.004479 0.028531
vn -0.095740 -0.006706 0.028088
vn -0.095740 -0.008926 0.027462
vn -0.095739 -0.011103 0.026659
vn -0.095738 -0.013173 0.025704
vn -0.095737 -0.015134 0.024606
vn -0.095736 -0.016989 0.023366
vn -0.095736 -0.018738 0.021987
vn -0.095737 -0.020383 0.020467
vn -0.095739 -0.021918 0.018807
vn -0.095740 -0.023342 0.017001
vn -0.095740 -0.024638 0.015060
vn -0.095739 -0.025761 0.013056
vn -0.095737 -0.026707 0.011003
vn -0.095737 -0.027482 0.008902
vn -0.095736 -0.028087 0.006757
vn -0.095737 -0.028523 0.004566
vn -0.095738 -0.028788 0.002329
vn -0.095740 -0.028878 0.000046
vn -0.095740 -0.028786 -0.002280
vn -0.095739 -0.028513 -0.004585
vn -0.095737 -0.028069 -0.006819
vn -0.095736 -0.027459 -0.008981
vn -0.095735 -0.026688 -0.011070
vn -0.095735 -0.025757 -0.013089
vn -0.095736 -0.024666 -0.015038
vn -0.095738 -0.023413 -0.016913
vn -0.095740 -0.021994 -0.018714
vn -0.095740 -0.020407 -0.020430
vn -0.095739 -0.018704 -0.022004
vn -0.095737 -0.016917 -0.023413
vn -0.095736 -0.015051 -0.024660
vn -0.095735 -0.013107 -0.025748
vn -0.095735 -0.011086 -0.026680
vn -0.095737 -0.008990 -0.027453
vn -0.095738 -0.006816 -0.028067
vn -0.095740 -0.004564 -0.028515
vn -0.095740 -0.002238 -0.028790
vn -0.095739 0.000076 -0.028881
vn -0.095737 0.002349 -0.028791
vn -0.095735 0.004576 -0.028527
vn -0.095735 0.006759 -0.028093
vn -0.097530 0.022087 0.000000
vn -0.097508 0.022115 0.001745
vn -0.097508 0.021911 0.003470
vn -0.097508 0.021572 0.005174
vn -0.097508 0.021096 0.006860
vn -0.097508 0.020489 0.008508
vn -0.097508 0.019762 0.010084
vn -0.097508 0.018918 0.011591
vn -0.097508 0.017958 0.013028
vn -0.097508 0.016881 0.014394
vn -0.097508 0.015684 0.015688
vn -0.097508 0.014389 0.016886
vn -0.097508 0.013022 0.017963
vn -0.097507 0.011587 0.018922
vn -0.097507 0.010085 0.019763
vn -0.097508 0.008514 0.020487
vn -0.097508 0.006875 0.021092
vn -0.097508 0.005168 0.021573
vn -0.097508 0.003439 0.021917
vn -0.097507 0.001714 0.022121
vn -0.097507 -0.000008 0.022189
vn -0.097507 -0.001726 0.022122
vn -0.097508 -0.003441 0.021919
vn -0.097508 -0.005152 0.021578
vn -0.097508 -0.006857 0.021097
vn -0.097508 -0.008530 0.020480
vn -0.097507 -0.010120 0.019747
vn -0.097506 -0.011627 0.018903
vn -0.097506 -0.013052 0.017951
vn -0.097506 -0.014396 0.016892
vn -0.097507 -0.015659 0.015724
vn -0.097508 -0.016838 0.014448
vn -0.097508 -0.017932 0.013060
vn -0.097508 -0.018928 0.011570
vn -0.097508 -0.019791 0.010030
vn -0.097507 -0.020518 0.008453
vn -0.097506 -0.021113 0.006839
vn -0.097506 -0.021578 0.005191
vn -0.097507 -0.021913 0.003508
vn -0.097507 -0.022116 0.001789
vn -0.097508 -0.022185 0.000036
vn -0.097508 -0.022114 -0.001752
vn -0.097508 -0.021905 -0.003523
vn -0.097507 -0.021564 -0.005239
vn -0.097506 -0.021095 -0.006899
vn -0.097505 -0.020503 -0.008505
vn -0.097505 -0.019788 -0.010056
vn -0.097506 -0.018950 -0.011552
vn -0.097507 -0.017987 -0.012994
vn -0.097508 -0.016897 -0.014376
vn -0.097508 -0.015677 -0.015695
vn -0.097508 -0.014369 -0.016904
vn -0.097507 -0.012997 -0.017987
vn -0.097506 -0.011563 -0.018945
vn -0.097505 -0.010069 -0.019781
vn -0.097506 -0.008517 -0.020497
vn -0.097506 -0.006907 -0.021091
vn -0.097507 -0.005236 -0.021562
vn -0.097508 -0.003506 -0.021906
vn -0.097508 -0.001720 -0.022117
vn -0.097508 0.000058 -0.022187
vn -0.097506 0.001805 -0.022119
vn -0.097506 0.003516 -0.021916
vn -0.097505 0.005192 -0.021583
vn -0.099369 0.011178 0.000882
vn -0.099375 0.011164 0.000000
vn -0.099369 0.011075 0.001754
vn -0.099369 0.010904 0.002615
vn -0.099369 0.010663 0.003468
vn -0.099369 0.010356 0.004300
vn -0.099369 0.009989 0.005097
vn -0.100000 -0.000000 -0.000000
vn -0.099369 0.009563 0.005859
vn -0.100000 -0.000000 -0.000000
vn -0.099369 0.009077 0.006585
vn -0.099369 0.008533 0.007276
vn -0.099369 0.007928 0.007930
vn -0.099369 0.007273 0.008535
vn -0.100000 -0.000000 -0.000000
vn -0.099369 0.006582 0.009080
vn -0.100000 -0.000000 -0.000000
vn -0.099369 0.005857 0.009564
vn -0.100000 -0.000000 -0.000000
vn -0.099369 0.005097 0.009990
vn -0.100000 -0.000000 -0.000000
vn -0.099369 0.004303 0.010356
vn -0.099369 0.003475 0.010661
vn -0.099369 0.002612 0.010905
vn -0.099369 0.001739 0.011078
vn -0.100000 -0.000000 -0.000000
vn -0.099369 0.000866 0.011182
vn -0.100000 0.000000 -0.000001
vn -0.099369 -0.000004 0.011216
vn -0.099369 -0.000873 0.011182
vn -0.100000 0.000000 -0.000001
vn -0.099369 -0.001739 0.011079
vn -0.100000 0.000000 -0.000000
vn -0.099369 -0.002604 0.010907
vn -0.099369 -0.003466 0.010664
vn -0.100000 0.000000 -0.000000
vn -0.099369 -0.004312 0.010352
vn -0.099369 -0.005115 0.009982
vn -0.100000 0.000000 -0.000001
vn -0.099369 -0.005877 0.009555
vn -0.100000 0.000001 -0.000001
vn -0.099369 -0.006597 0.009074
vn -0.100000 0.000001 -0.000001
vn -0.099369 -0.007277 0.008538
vn -0.100000 0.000001 -0.000001
vn -0.099369 -0.007915 0.007948
vn -0.099369 -0.008511 0.007303
vn -0.100000 0.000000 -0.000000
vn -0.099369 -0.009064 0.006602
vn -0.099369 -0.009568 0.005848
vn -0.100000 0.000000 -0.000000
vn -0.099369 -0.010004 0.005070
vn -0.100000 0.000001 -0.000000
vn -0.099369 -0.010371 0.004273
vn -0.099369 -0.010672 0.003457
vn -0.100000 0.000001 -0.000000
vn -0.099369 -0.010907 0.002624
vn -0.100000 0.000001 -0.000000
vn -0.099369 -0.011076 0.001773
vn -0.100000 0.000001 -0.000000
vn -0.099369 -0.011179 0.000904
vn -0.099369 -0.011214 0.000018
vn -0.099369 -0.011178 -0.000885
vn -0.099369 -0.011072 -0.001781
vn -0.100000 0.000001 0.000000
vn -0.099369 -0.010900 -0.002648
vn -0.100000 0.000001 0.000000
vn -0.099369 -0.010663 -0.003487
vn -0.100000 0.000002 0.000001
vn -0.099369 -0.010364 -0.004299
vn -0.099369 -0.010002 -0.005083
vn -0.100000 0.000001 0.000001
vn -0.099369 -0.009579 -0.005840
vn -0.100000 0.000001 0.000001
vn -0.099369 -0.009092 -0.006568
vn -0.100000 0.000000 0.000000
vn -0.099369 -0.008541 -0.007267
vn -0.099369 -0.007924 -0.007933
vn -0.099369 -0.007263 -0.008545
vn -0.100000 0.000000 0.000000
vn -0.099369 -0.006569 -0.009092
vn -0.100000 0.000001 0.000001
vn -0.099369 -0.005845 -0.009576
vn -0.100000 0.000001 0.000001
vn -0.099369 -0.005090 -0.009999
vn -0.100000 0.000001 0.000001
vn -0.099369 -0.004305 -0.010361
vn -0.099369 -0.003491 -0.010661
vn -0.100000 0.000000 0.000001
vn -0.099369 -0.002647 -0.010899
vn -0.100000 0.000000 0.000000
vn -0.099369 -0.001772 -0.011073
vn -0.099369 -0.000869 -0.011180
vn -0.100000 -0.000000 0.000000
vn -0.099369 0.000030 -0.011215
vn -0.099369 0.000912 -0.011180
vn -0.100000 -0.000000 0.000001
vn -0.099369 0.001777 -0.011078
vn -0.100000 -0.000000 0.000002
vn -0.099368 0.002625 -0.010910
vn -0.100000 -0.000001 0.000002
vn -0.100000 -0.000000 0.000000
vn -0.099369 0.007304 -0.008510
vn -0.097507 0.015736 -0.015647
vn -0.095736 0.022010 -0.018715
vn -0.093488 0.028733 -0.020843
vn -0.090767 0.035763 -0.021960
vn -0.087632 0.042873 -0.021968
vn -0.084097 0.049930 -0.020848
vn -0.080166 0.056809 -0.018602
vn -0.075833 0.063385 -0.015222
vn -0.071087 0.069467 -0.010996
vn -0.065102 0.075672 -0.005961
vn -0.100000 -0.000001 0.000001
vn -0.099369 0.007954 -0.007909
vn -0.097506 0.016909 -0.014378
vn -0.095735 0.023388 -0.016966
vn -0.093488 0.030249 -0.018574
vn -0.090770 0.037346 -0.019136
vn -0.087636 0.044447 -0.018558
vn -0.084103 0.051413 -0.016836
vn -0.080169 0.058121 -0.013957
vn -0.075833 0.064386 -0.010192
vn -0.071087 0.070115 -0.005523
vn -0.099369 0.008547 -0.007268
vn -0.100000 -0.000001 0.000001
vn -0.099368 0.009083 -0.006589
vn -0.100000 -0.000001 0.000001
vn -0.099369 0.009562 -0.005871
vn -0.100000 -0.000001 0.000001
vn -0.099369 0.009985 -0.005116
vn -0.100000 -0.000001 0.000000
vn -0.099369 0.010351 -0.004322
vn -0.099369 0.010657 -0.003490
vn -0.097508 0.021084 -0.006904
vn -0.097508 0.021570 -0.005180
vn -0.095740 0.028078 -0.006743
vn -0.095740 0.028521 -0.004515
vn -0.093496 0.035039 -0.005547
vn -0.093496 0.035366 -0.002786
vn -0.090778 0.041815 -0.003294
vn -0.087642 0.048005 -0.003782
vn -0.084105 0.053929 -0.004248
vn -0.080169 0.059589 -0.004694
vn -0.084105 0.053430 -0.008458
vn -0.080169 0.059038 -0.009345
vn -0.084105 0.052600 -0.012632
vn -0.099369 0.010903 -0.002618
vn -0.097508 0.021911 -0.003468
vn -0.095740 0.028787 -0.002268
vn -0.099369 0.011075 -0.001753
vn -0.097508 0.022115 -0.001742
vn -0.099369 0.011179 -0.000881
vn -0.075833 0.064986 -0.005119
vn -0.016454 0.098332 -0.007746
vn -0.008823 0.099302 -0.007822
vn -0.001068 0.099512 -0.009805
vn -0.008823 0.098385 -0.015574
vn -0.001068 0.098075 -0.019498
vn -0.008823 0.096856 -0.023260
vn -0.001068 0.095634 -0.029207
vn -0.008822 0.094664 -0.030998
vn -0.001068 0.092274 -0.038528
vn -0.008820 0.091919 -0.038380
vn -0.008818 0.088651 -0.045424
vn -0.016445 0.087786 -0.044981
vn -0.016443 0.084057 -0.051614
vn -0.001068 0.088096 -0.047308
vn -0.008816 0.084885 -0.052123
vn -0.016443 0.079844 -0.057919
vn -0.001068 0.083138 -0.055560
vn -0.008816 0.080630 -0.058489
vn -0.016445 0.075144 -0.063898
vn -0.001068 0.077412 -0.063295
vn -0.008817 0.075885 -0.064527
vn -0.016448 0.069945 -0.069550
vn -0.001068 0.070907 -0.070506
vn -0.008819 0.070635 -0.070235
vn -0.016451 0.064243 -0.074848
vn -0.008821 0.064876 -0.075586
vn -0.001068 0.063596 -0.077165
vn -0.008822 0.058581 -0.080563
vn -0.001068 0.055466 -0.083201
vn -0.008821 0.051868 -0.085041
vn -0.001068 0.046888 -0.088320
vn -0.008819 0.044962 -0.088886
vn -0.001068 0.038042 -0.092475
vn -0.008818 0.037896 -0.092120
vn -0.008816 0.030669 -0.094772
vn -0.016443 0.030370 -0.093847
vn -0.016442 0.023072 -0.095903
vn -0.001068 0.028954 -0.095711
vn -0.008816 0.023299 -0.096847
vn -0.016444 0.015624 -0.097394
vn -0.001068 0.019630 -0.098049
vn -0.008817 0.015778 -0.098353
vn -0.016447 0.008022 -0.098311
vn -0.001068 0.010068 -0.099486
vn -0.008819 0.008101 -0.099280
vn -0.016451 0.000260 -0.098637
vn -0.001068 0.000264 -0.099994
vn -0.008821 0.000263 -0.099610
vn -0.016453 -0.007646 -0.098340
vn -0.008822 -0.007721 -0.099310
vn -0.001068 -0.009778 -0.099515
vn -0.008822 -0.015742 -0.098358
vn -0.001068 -0.019731 -0.098028
vn -0.008820 -0.023507 -0.096797
vn -0.001068 -0.029260 -0.095618
vn -0.008818 -0.031000 -0.094664
vn -0.001068 -0.038370 -0.092340
vn -0.008817 -0.038223 -0.091985
vn -0.008817 -0.045188 -0.088771
vn -0.016444 -0.044747 -0.087905
vn -0.016445 -0.051387 -0.084196
vn -0.001068 -0.047071 -0.088222
vn -0.008818 -0.051893 -0.085025
vn -0.016448 -0.057770 -0.079951
vn -0.001068 -0.055366 -0.083268
vn -0.008819 -0.058339 -0.080739
vn -0.016451 -0.063884 -0.075154
vn -0.001068 -0.063243 -0.077455
vn -0.008821 -0.064514 -0.075895
vn -0.016453 -0.069707 -0.069786
vn -0.001068 -0.070667 -0.070747
vn -0.008822 -0.070395 -0.070475
vn -0.016452 -0.075124 -0.063919
vn -0.008822 -0.075865 -0.064550
vn -0.001068 -0.077436 -0.063265
vn -0.008820 -0.080746 -0.058330
vn -0.001068 -0.083286 -0.055338
vn -0.008818 -0.085051 -0.051851
vn -0.001068 -0.088253 -0.047014
vn -0.008817 -0.088802 -0.045128
vn -0.001068 -0.092364 -0.038312
vn -0.008817 -0.092009 -0.038165
vn -0.008818 -0.094676 -0.030964
vn -0.016445 -0.093752 -0.030662
vn -0.016448 -0.095850 -0.023286
vn -0.001068 -0.095626 -0.029233
vn -0.008820 -0.096795 -0.023516
vn -0.016452 -0.097386 -0.015661
vn -0.001068 -0.098021 -0.019769
vn -0.008821 -0.098347 -0.015816
vn -0.016454 -0.098329 -0.007788
vn -0.001068 -0.099502 -0.009914
vn -0.008823 -0.099299 -0.007865
vn -0.016453 -0.098637 0.000158
vn -0.001068 -0.099994 0.000161
vn -0.008822 -0.099610 0.000160
vn -0.016450 -0.098316 0.007954
vn -0.008821 -0.099286 0.008033
vn -0.001068 -0.099492 0.010011
vn -0.008819 -0.098358 0.015745
vn -0.001068 -0.098052 0.019614
vn -0.008819 -0.096848 0.023298
vn -0.001069 -0.095705 0.028973
vn -0.008819 -0.094763 0.030696
vn -0.001069 -0.092455 0.038090
vn -0.008820 -0.092100 0.037944
vn -0.008822 -0.088851 0.045030
vn -0.016452 -0.087983 0.044590
vn -0.016454 -0.084160 0.051443
vn -0.001069 -0.088282 0.046959
vn -0.008823 -0.084990 0.051950
vn -0.016454 -0.079731 0.058071
vn -0.001069 -0.083143 0.055553
vn -0.008823 -0.080518 0.058643
vn -0.016452 -0.074858 0.064231
vn -0.001069 -0.077162 0.063600
vn -0.008822 -0.075596 0.064865
vn -0.016449 -0.069603 0.069891
vn -0.001069 -0.070560 0.070853
vn -0.008820 -0.070289 0.070580
vn -0.016447 -0.063980 0.075073
vn -0.008819 -0.064611 0.075813
vn -0.001069 -0.063381 0.077342
vn -0.008819 -0.058578 0.080566
vn -0.001069 -0.055639 0.083086
vn -0.008819 -0.052186 0.084846
vn -0.001069 -0.047332 0.088083
vn -0.008821 -0.045430 0.088647
vn -0.001069 -0.038446 0.092308
vn -0.008822 -0.038298 0.091953
vn -0.008823 -0.030790 0.094732
vn -0.016455 -0.030489 0.093807
vn -0.016454 -0.022905 0.095941
vn -0.001069 -0.028988 0.095700
vn -0.008823 -0.023131 0.096887
vn -0.016452 -0.015298 0.097444
vn -0.001069 -0.019368 0.098101
vn -0.008822 -0.015449 0.098405
vn -0.016451 -0.007675 0.098339
vn -0.001069 -0.009715 0.099521
vn -0.008821 -0.007750 0.099308
vn -0.016450 -0.000036 0.098638
vn -0.001069 -0.000037 0.099994
vn -0.008821 -0.000036 0.099610
vn -0.016451 0.007619 0.098343
vn -0.008822 0.007694 0.099313
vn -0.001069 0.009668 0.099526
vn -0.008823 0.015443 0.098406
vn -0.001069 0.019398 0.098095
vn -0.008823 0.023205 0.096869
vn -0.001069 0.029093 0.095669
vn -0.008823 0.030869 0.094706
vn -0.001069 0.038372 0.092339
vn -0.008822 0.038225 0.091984
vn -0.008822 0.045274 0.088727
vn -0.016451 0.044832 0.087860
vn -0.016451 0.051512 0.084118
vn -0.001069 0.047170 0.088170
vn -0.008821 0.052020 0.084948
vn -0.016452 0.057894 0.079860
vn -0.001069 0.055494 0.083182
vn -0.008822 0.058465 0.080648
vn -0.016453 0.063974 0.075077
vn -0.001069 0.063344 0.077372
vn -0.008823 0.064605 0.075818
vn -0.016454 0.069738 0.069756
vn -0.001069 0.070698 0.070716
vn -0.008823 0.070426 0.070444
vn -0.016454 0.075056 0.063999
vn -0.008823 0.075796 0.064630
vn -0.001069 0.077351 0.063369
vn -0.008822 0.080628 0.058491
vn -0.001069 0.083166 0.055518
vn -0.008822 0.084936 0.052039
vn -0.001069 0.088166 0.047177
vn -0.008822 0.088726 0.045276
vn -0.001069 0.092349 0.038347
vn -0.008822 0.091994 0.038199
vn -0.008823 0.094727 0.030805
vn -0.016454 0.093802 0.030504
vn -0.016454 0.095917 0.023006
vn -0.001069 0.095689 0.029024
vn -0.008823 0.096863 0.023233
vn -0.016454 0.097423 0.015428
vn -0.001068 0.098076 0.019493
vn -0.008823 0.098384 0.015581
vn -0.087642 0.047562 0.007532
vn -0.087642 0.046826 0.011232
vn -0.087643 0.045793 0.014892
vn -0.087642 0.044474 0.018467
vn -0.087640 0.042896 0.021889
vn -0.087640 0.041064 0.025159
vn -0.087641 0.038980 0.028278
vn -0.087642 0.036643 0.031244
vn -0.087643 0.034045 0.034054
vn -0.087642 0.031233 0.036653
vn -0.087640 0.028266 0.038991
vn -0.087639 0.025151 0.041072
vn -0.087639 0.021890 0.042899
vn -0.087640 0.018480 0.044471
vn -0.087642 0.014923 0.045784
vn -0.087643 0.011218 0.046829
vn -0.087641 0.007466 0.047575
vn -0.087639 0.003720 0.048017
vn -0.087637 -0.000018 0.048163
vn -0.087638 -0.003747 0.048017
vn -0.087639 -0.007469 0.047577
vn -0.087642 -0.011182 0.046839
vn -0.087643 -0.014884 0.045795
vn -0.087641 -0.018515 0.044455
vn -0.087637 -0.021966 0.042863
vn -0.087634 -0.025236 0.041030
vn -0.087632 -0.028329 0.038963
vn -0.087633 -0.031246 0.036663
vn -0.087635 -0.033989 0.034129
vn -0.087639 -0.036549 0.031361
vn -0.087642 -0.038925 0.028350
vn -0.087642 -0.041087 0.025114
vn -0.087639 -0.042958 0.021771
vn -0.087636 -0.044534 0.018348
vn -0.087634 -0.045826 0.014844
vn -0.087633 -0.046835 0.011267
vn -0.087635 -0.047562 0.007613
vn -0.087638 -0.048005 0.003884
vn -0.087641 -0.048156 0.000077
vn -0.087643 -0.048003 -0.003802
vn -0.087640 -0.047548 -0.007646
vn -0.087636 -0.046805 -0.011371
vn -0.087632 -0.045787 -0.014975
vn -0.087630 -0.044501 -0.018459
vn -0.087630 -0.042949 -0.021826
vn -0.087633 -0.041130 -0.025075
vn -0.087637 -0.039042 -0.028204
vn -0.087641 -0.036677 -0.031206
vn -0.087642 -0.034031 -0.034069
vn -0.087640 -0.031191 -0.036693
vn -0.087636 -0.028210 -0.039041
vn -0.087632 -0.025096 -0.041119
vn -0.087630 -0.021855 -0.042934
vn -0.087631 -0.018486 -0.044487
vn -0.087634 -0.014991 -0.045778
vn -0.087638 -0.011366 -0.046802
vn -0.087642 -0.007610 -0.047550
vn -0.087642 -0.003733 -0.048009
vn -0.087639 0.000127 -0.048160
vn -0.087634 0.003917 -0.048009
vn -0.087630 0.007631 -0.047568
vn -0.087628 0.011269 -0.046843
vn -0.065101 0.074972 0.011873
vn -0.065102 0.073813 0.017705
vn -0.065102 0.072185 0.023474
vn -0.065100 0.070104 0.029110
vn -0.065098 0.067615 0.034503
vn -0.065097 0.064728 0.039657
vn -0.065098 0.061444 0.044574
vn -0.065101 0.057760 0.049251
vn -0.065102 0.053667 0.053680
vn -0.065100 0.049232 0.057777
vn -0.065096 0.044555 0.061460
vn -0.065094 0.039644 0.064738
vn -0.065095 0.034503 0.067618
vn -0.065098 0.029130 0.070098
vn -0.065101 0.023524 0.072170
vn -0.065102 0.017683 0.073818
vn -0.065099 0.011768 0.074991
vn -0.065095 0.005863 0.075686
vn -0.065092 -0.000028 0.075914
vn -0.065093 -0.005907 0.075684
vn -0.065096 -0.011773 0.074993
vn -0.065100 -0.017627 0.073833
vn -0.065102 -0.023463 0.072189
vn -0.065099 -0.029185 0.070074
vn -0.065092 -0.034623 0.067560
vn -0.065086 -0.039775 0.064667
vn -0.065083 -0.044647 0.061407
vn -0.065084 -0.049246 0.057784
vn -0.065089 -0.053571 0.053793
vn -0.065096 -0.057611 0.049433
vn -0.065101 -0.061358 0.044689
vn -0.065101 -0.064766 0.039588
vn -0.065096 -0.067712 0.034317
vn -0.065089 -0.070193 0.028919
vn -0.065085 -0.072226 0.023395
vn -0.065084 -0.073815 0.017757
vn -0.065088 -0.074964 0.012000
vn -0.065094 -0.075666 0.006122
vn -0.065100 -0.075908 0.000122
vn -0.065102 -0.075669 -0.005994
vn -0.065097 -0.074947 -0.012053
vn -0.065089 -0.073771 -0.017922
vn -0.065082 -0.072162 -0.023601
vn -0.065078 -0.070132 -0.029091
vn -0.065079 -0.067687 -0.034398
vn -0.065084 -0.064825 -0.039520
vn -0.065092 -0.061538 -0.044454
vn -0.065099 -0.057813 -0.049190
vn -0.065102 -0.053644 -0.053704
vn -0.065097 -0.049165 -0.057838
vn -0.065089 -0.044463 -0.061534
vn -0.065082 -0.039553 -0.064806
vn -0.065079 -0.034444 -0.067664
vn -0.065080 -0.029134 -0.070113
vn -0.065085 -0.023627 -0.072150
vn -0.065093 -0.017915 -0.073770
vn -0.065100 -0.011996 -0.074954
vn -0.065101 -0.005884 -0.075678
vn -0.065095 0.000200 -0.075912
vn -0.065087 0.006174 -0.075668
vn -0.065079 0.012026 -0.074967
vn -0.065075 0.017760 -0.073823
vn -0.058743 0.079932 0.012658
vn -0.058743 0.078695 0.018876
vn -0.058744 0.076960 0.025027
vn -0.058742 0.074741 0.031035
vn -0.058739 0.072087 0.036785
vn -0.058738 0.069008 0.042280
vn -0.058740 0.065508 0.047522
vn -0.058742 0.061581 0.052509
vn -0.058744 0.057217 0.057231
vn -0.058742 0.052489 0.061598
vn -0.058738 0.047502 0.065524
vn -0.058736 0.042266 0.069020
vn -0.058736 0.036785 0.072090
vn -0.058739 0.031056 0.074734
vn -0.058743 0.025079 0.076944
vn -0.058744 0.018852 0.078700
vn -0.058740 0.012547 0.079951
vn -0.058736 0.006251 0.080691
vn -0.058734 -0.000030 0.080934
vn -0.058734 -0.006297 0.080689
vn -0.058737 -0.012552 0.079952
vn -0.058742 -0.018793 0.078716
vn -0.058744 -0.025015 0.076964
vn -0.058740 -0.031116 0.074709
vn -0.058733 -0.036912 0.072027
vn -0.058727 -0.042404 0.068942
vn -0.058724 -0.047599 0.065466
vn -0.058725 -0.052501 0.061604
vn -0.058730 -0.057113 0.057349
vn -0.058737 -0.061421 0.052702
vn -0.058743 -0.065416 0.047644
vn -0.058743 -0.069050 0.042207
vn -0.058737 -0.072190 0.036586
vn -0.058731 -0.074834 0.030831
vn -0.058726 -0.077001 0.024942
vn -0.058726 -0.078695 0.018931
vn -0.058729 -0.079920 0.012793
vn -0.058735 -0.080670 0.006527
vn -0.058741 -0.080929 0.000130
vn -0.058743 -0.080675 -0.006390
vn -0.058738 -0.079904 -0.012850
vn -0.058730 -0.078649 -0.019107
vn -0.058723 -0.076932 -0.025161
vn -0.058719 -0.074768 -0.031014
vn -0.058720 -0.072161 -0.036671
vn -0.058725 -0.069110 -0.042132
vn -0.058733 -0.065607 -0.047394
vn -0.058741 -0.061637 -0.052444
vn -0.058743 -0.057192 -0.057257
vn -0.058738 -0.052416 -0.061663
vn -0.058730 -0.047403 -0.065603
vn -0.058723 -0.042168 -0.069090
vn -0.058720 -0.036720 -0.072136
vn -0.058721 -0.031060 -0.074747
vn -0.058727 -0.025189 -0.076920
vn -0.058734 -0.019099 -0.078648
vn -0.058741 -0.012789 -0.079912
vn -0.058743 -0.006273 -0.080684
vn -0.058737 0.000213 -0.080932
vn -0.058728 0.006582 -0.080670
vn -0.058720 0.012821 -0.079922
vn -0.058716 0.018934 -0.078701
vn -0.016453 0.091096 0.037826
vn -0.016452 0.087859 0.044834
vn -0.016452 0.084107 0.051531
vn -0.016453 0.079841 0.057920
vn -0.016453 0.037851 0.091086
vn -0.016454 0.030568 0.093781
vn -0.016454 0.022978 0.095923
vn -0.016453 0.015292 0.097445
vn -0.016453 -0.037924 0.091055
vn -0.016450 -0.044986 0.087782
vn -0.016447 -0.051677 0.084018
vn -0.016446 -0.058006 0.079780
vn -0.016449 -0.091201 0.037574
vn -0.016447 -0.093838 0.030396
vn -0.016447 -0.095902 0.023070
vn -0.016448 -0.097398 0.015591
vn -0.016444 -0.091111 -0.037793
vn -0.016444 -0.087935 -0.044688
vn -0.016446 -0.084221 -0.051345
vn -0.016449 -0.079957 -0.057760
vn -0.016444 -0.037850 -0.091088
vn -0.016446 -0.030698 -0.093740
vn -0.016450 -0.023277 -0.095852
vn -0.016453 -0.015588 -0.097398
vn -0.016445 0.037527 -0.091221
vn -0.016449 0.044523 -0.088018
vn -0.016452 0.051361 -0.084210
vn -0.016453 0.058009 -0.079776
vn -0.038612 0.041637 -0.082313
vn -0.038619 0.048031 -0.078750
vn -0.038621 0.054248 -0.074603
vn -0.038617 0.060078 -0.069996
vn -0.038610 0.065412 -0.065042
vn -0.038603 0.070276 -0.059758
vn -0.038599 0.074672 -0.054168
vn -0.038599 0.078613 -0.048271
vn -0.038604 0.082098 -0.042067
vn -0.038611 0.085123 -0.035543
vn -0.038618 0.087662 -0.028705
vn -0.038622 0.089691 -0.021539
vn -0.038621 0.091107 -0.014422
vn -0.045654 0.040159 -0.079391
vn -0.045662 0.046326 -0.075953
vn -0.045665 0.052321 -0.071953
vn -0.045660 0.057944 -0.067510
vn -0.045652 0.063090 -0.062733
vn -0.045645 0.067782 -0.057638
vn -0.045641 0.072023 -0.052246
vn -0.045641 0.075823 -0.046559
vn -0.045646 0.079185 -0.040574
vn -0.045653 0.082101 -0.034281
vn -0.045661 0.084549 -0.027686
vn -0.045665 0.086505 -0.020774
vn -0.045665 0.087871 -0.013909
vn -0.052359 0.038456 -0.076024
vn -0.052367 0.044360 -0.072731
vn -0.052370 0.050101 -0.068900
vn -0.052365 0.055486 -0.064646
vn -0.052357 0.060415 -0.060073
vn -0.052349 0.064909 -0.055194
vn -0.052345 0.068970 -0.050031
vn -0.052345 0.072610 -0.044585
vn -0.052350 0.075828 -0.038854
vn -0.052358 0.078620 -0.032827
vn -0.052366 0.080962 -0.026512
vn -0.052370 0.082835 -0.019892
vn -0.052370 0.084142 -0.013319
vn -0.058732 0.036532 -0.072222
vn -0.058740 0.042141 -0.069092
vn -0.058743 0.047594 -0.065453
vn -0.058738 0.052710 -0.061412
vn -0.058730 0.057393 -0.057069
vn -0.058722 0.061663 -0.052434
vn -0.058717 0.065522 -0.047530
vn -0.058718 0.068980 -0.042356
vn -0.058723 0.072036 -0.036911
vn -0.058731 0.074687 -0.031185
vn -0.058739 0.076912 -0.025185
vn -0.058743 0.078690 -0.018897
vn -0.065091 0.034267 -0.067742
vn -0.065099 0.039527 -0.064806
vn -0.065102 0.044641 -0.061392
vn -0.065097 0.049440 -0.057602
vn -0.065089 0.053834 -0.053529
vn -0.065081 0.057840 -0.049183
vn -0.065076 0.061460 -0.044584
vn -0.065077 0.064703 -0.039730
vn -0.065082 0.067570 -0.034622
vn -0.065090 0.070055 -0.029251
vn -0.065098 0.072140 -0.023623
vn -0.071077 0.031751 -0.062769
vn -0.071084 0.036624 -0.060047
vn -0.071087 0.041363 -0.056884
vn -0.071083 0.045810 -0.053373
vn -0.071075 0.049882 -0.049600
vn -0.071068 0.053595 -0.045574
vn -0.071063 0.056950 -0.041312
vn -0.071064 0.059955 -0.036815
vn -0.071068 0.062611 -0.032081
vn -0.071076 0.064912 -0.027104
vn -0.075823 0.029429 -0.058179
vn -0.075830 0.033945 -0.055655
vn -0.075833 0.038337 -0.052723
vn -0.075829 0.042460 -0.049469
vn -0.075821 0.046234 -0.045973
vn -0.075815 0.049677 -0.042242
vn -0.075811 0.052787 -0.038292
vn -0.075811 0.055572 -0.034123
vn -0.075815 0.058033 -0.029736
vn -0.080161 0.026985 -0.053348
vn -0.080167 0.031126 -0.051033
vn -0.080169 0.035153 -0.048344
vn -0.080166 0.038934 -0.045361
vn -0.080159 0.042395 -0.042156
vn -0.080153 0.045553 -0.038735
vn -0.080150 0.048405 -0.035113
vn -0.080150 0.050959 -0.031291
vn -0.084098 0.024423 -0.048281
vn -0.084103 0.028170 -0.046186
vn -0.084105 0.031814 -0.043752
vn -0.084102 0.035236 -0.041053
vn -0.084096 0.038369 -0.038152
vn -0.084091 0.041227 -0.035057
vn -0.084089 0.043809 -0.031779
vn -0.087637 0.021740 -0.042979
vn -0.087641 0.025076 -0.041113
vn -0.087642 0.028320 -0.038946
vn -0.087640 0.031366 -0.036544
vn -0.087635 0.034155 -0.033962
vn -0.087631 0.036700 -0.031207
vn -0.090773 0.018937 -0.037437
vn -0.090777 0.021842 -0.035812
vn -0.090778 0.024668 -0.033924
vn -0.090776 0.027321 -0.031832
vn -0.090773 0.029752 -0.029583
vn -0.093492 0.016017 -0.031664
vn -0.093495 0.018474 -0.030289
vn -0.093496 0.020863 -0.028692
vn -0.093494 0.023108 -0.026923
vn -0.095738 0.013038 -0.025774
vn -0.095739 0.015037 -0.024654
vn -0.095740 0.016982 -0.023355
vn -0.097507 0.010016 -0.019801
vn -0.097508 0.011552 -0.018940
vn -0.097505 0.017968 -0.013034
vn -0.095735 0.024622 -0.015119
vn -0.093490 0.031587 -0.016185
vn -0.090773 0.038716 -0.016166
vn -0.087640 0.045766 -0.014986
vn -0.097505 0.018916 -0.011615
vn -0.095736 0.025712 -0.013175
vn -0.093492 0.032746 -0.013673
vn -0.090776 0.039865 -0.013054
vn -0.087643 0.046822 -0.011244
vn -0.097506 0.019753 -0.010121
vn -0.095737 0.026655 -0.011129
vn -0.093495 0.033717 -0.011041
vn -0.090778 0.040785 -0.009794
vn -0.087642 0.047562 -0.007529
vn -0.097507 0.020477 -0.008550
vn -0.095739 0.027445 -0.008987
vn -0.093496 0.034495 -0.008284
vn -0.090778 0.041429 -0.006558
vn -0.016448 0.091022 -0.038006
vn -0.016452 0.093740 -0.030695
vn -0.016454 0.095910 -0.023032
vn -0.016454 0.097424 -0.015422
vn -0.001068 -0.039267 -0.091962
vn -0.001068 -0.039934 -0.091674
vn -0.001068 -0.039457 -0.091880
vn -0.001068 -0.039934 -0.091674
vn -0.001068 -0.039266 -0.091962
vn -0.001068 -0.038696 -0.092204
vn -0.001068 -0.037745 -0.092597
vn -0.001068 -0.039934 -0.091674
vn -0.001068 -0.036415 -0.093128
vn -0.001068 -0.034712 -0.093776
vn -0.001068 -0.030900 -0.095100
vn -0.001068 -0.032683 -0.094502
vn -0.001068 -0.030900 -0.095100
vn -0.001068 -0.030379 -0.095268
vn -0.001068 -0.027853 -0.096037
vn -0.001068 -0.025062 -0.096803
vn -0.001068 -0.021577 -0.097639
vn -0.001068 -0.021964 -0.097552
vn -0.001068 -0.018606 -0.098248
vn -0.001068 -0.015032 -0.098858
vn -0.001068 -0.012053 -0.099265
vn -0.001068 -0.011293 -0.099355
vn -0.001068 -0.007457 -0.099716
vn -0.001068 -0.002416 -0.099965
vn -0.001068 -0.003594 -0.099930
vn -0.001068 0.000223 -0.099994
vn -0.001068 0.004049 -0.099912
vn -0.001068 0.007243 -0.099732
vn -0.001068 0.007913 -0.099681
vn -0.001068 0.011742 -0.099303
vn -0.001068 0.016835 -0.098567
vn -0.001068 0.015464 -0.098791
vn -0.001068 0.019015 -0.098170
vn -0.001068 0.022345 -0.097466
vn -0.001068 0.026269 -0.096482
vn -0.001068 0.025408 -0.096712
vn -0.001068 0.028162 -0.095947
vn -0.001068 0.035458 -0.093496
vn -0.001068 0.035458 -0.093496
vn -0.001068 0.036592 -0.093059
vn -0.001068 0.034931 -0.093694
vn -0.001068 -0.038699 -0.092202
vn -0.001068 -0.037755 -0.092593
vn -0.001068 -0.036436 -0.093120
vn -0.001068 -0.034750 -0.093762
vn -0.001068 -0.030900 -0.095100
vn -0.001068 -0.030900 -0.095100
vn -0.001068 -0.021577 -0.097639
vn -0.001068 -0.021577 -0.097639
vn -0.001068 -0.012053 -0.099265
vn -0.001068 -0.012053 -0.099265
vn -0.001068 -0.002416 -0.099965
vn -0.001068 -0.002416 -0.099965
vn -0.001068 0.007243 -0.099732
vn -0.001068 0.007243 -0.099732
vn -0.001068 0.016835 -0.098567
vn -0.001068 0.016835 -0.098567
vn -0.001068 0.026269 -0.096482
vn -0.001068 0.026269 -0.096482
vn -0.001068 0.035458 -0.093496
vn -0.001068 0.035458 -0.093496
vn -0.001068 0.042638 -0.090448
vn -0.001068 0.040945 -0.091227
vn -0.001068 0.044317 -0.089638
vn -0.001068 0.044317 -0.089638
vn -0.001068 0.052761 -0.084942
vn -0.001068 0.052761 -0.084942
vn -0.001068 0.060713 -0.079453
vn -0.001068 0.060713 -0.079453
vn -0.001068 0.068098 -0.073223
vn -0.001068 0.068098 -0.073223
vn -0.001068 0.074847 -0.066308
vn -0.001068 0.074847 -0.066308
vn -0.001068 0.080897 -0.058775
vn -0.001068 0.080897 -0.058775
vn -0.001068 0.086192 -0.050693
vn -0.001068 0.086192 -0.050693
vn -0.001068 0.090682 -0.042138
vn -0.001068 0.090682 -0.042138
vn -0.001068 0.094326 -0.033189
vn -0.001068 0.094326 -0.033189
vn -0.001068 0.097089 -0.023930
vn -0.001068 0.097089 -0.023930
vn -0.001068 0.098945 -0.014448
vn -0.001068 0.098945 -0.014448
vn -0.001068 0.099878 -0.004831
vn -0.001068 0.099878 -0.004831
vn -0.001068 0.099878 0.004831
vn -0.001068 0.099878 0.004831
vn -0.001068 0.098945 0.014448
vn -0.001068 0.098945 0.014448
vn -0.001068 0.097089 0.023930
vn -0.001068 0.097089 0.023930
vn -0.001069 0.094326 0.033189
vn -0.001069 0.094326 0.033189
vn -0.001069 0.090682 0.042138
vn -0.001069 0.090682 0.042138
vn -0.001069 0.086192 0.050693
vn -0.001069 0.086192 0.050693
vn -0.001069 0.080897 0.058775
vn -0.001069 0.080897 0.058775
vn -0.001069 0.074847 0.066308
vn -0.001069 0.074847 0.066308
vn -0.001069 0.068098 0.073223
vn -0.001069 0.068098 0.073223
vn -0.001069 0.060713 0.079453
vn -0.001069 0.060713 0.079453
vn -0.001069 0.052761 0.084942
vn -0.001069 0.052761 0.084942
vn -0.001069 0.044317 0.089638
vn -0.001069 0.044317 0.089638
vn -0.001069 0.039454 0.091881
vn -0.001069 0.039309 0.091944
vn -0.001069 0.044317 0.089638
vn -0.001069 0.038783 0.092167
vn -0.001069 0.035458 0.093496
vn -0.001069 0.037878 0.092543
vn -0.001069 0.036592 0.093059
vn -0.001069 0.035458 0.093496
vn -0.001069 0.034931 0.093694
vn -0.001069 0.032938 0.094414
vn -0.001069 0.030664 0.095177
vn -0.001069 0.028162 0.095947
vn -0.001069 0.026269 0.096482
vn -0.001069 0.035458 0.093496
vn -0.001069 0.026269 0.096482
vn -0.001069 0.035458 0.093496
vn -0.001069 0.026269 0.096482
vn -0.001069 0.035458 0.093496
vn -0.001069 0.026269 0.096482
vn -0.001069 0.035458 0.093496
vn -0.001069 0.026269 0.096482
vn -0.001069 0.035458 0.093496
vn -0.001069 0.026269 0.096482
vn -0.001069 0.035458 0.093496
vn -0.001069 0.026269 0.096482
vn -0.001069 0.029026 0.095689
vn -0.001069 0.019508 0.098073
vn -0.001068 -0.032743 -0.094481
vn -0.001068 -0.030465 -0.095241
vn -0.001068 -0.027967 -0.096004
vn -0.001068 -0.025218 -0.096762
vn -0.001068 -0.021577 -0.097639
vn -0.001068 -0.022166 -0.097507
vn -0.001068 -0.018855 -0.098201
vn -0.001068 -0.015330 -0.098812
vn -0.001068 -0.012053 -0.099265
vn -0.001068 -0.011638 -0.099315
vn -0.001068 -0.007843 -0.099686
vn -0.001068 -0.002416 -0.099965
vn -0.001068 -0.004014 -0.099914
vn -0.001068 -0.000221 -0.099994
vn -0.001068 0.003563 -0.099931
vn -0.001068 0.007243 -0.099732
vn -0.001068 0.007391 -0.099721
vn -0.001068 0.011194 -0.099366
vn -0.001068 0.016835 -0.098567
vn -0.001068 0.014901 -0.098878
vn -0.001068 0.018449 -0.098278
vn -0.001068 0.021787 -0.097592
vn -0.001068 0.026269 -0.096482
vn -0.001068 0.024872 -0.096852
vn -0.001068 0.027659 -0.096093
vn -0.001068 0.030180 -0.095331
vn -0.001068 0.035458 -0.093496
vn -0.001068 0.032487 -0.094570
vn -0.001068 0.034529 -0.093843
vn -0.001068 0.036255 -0.093190
vn -0.001068 0.037618 -0.092648
vn -0.001068 0.038607 -0.092241
vn -0.001068 0.039219 -0.091982
vn -0.001068 0.039454 -0.091881
vn -0.001068 0.039309 -0.091944
vn -0.001068 0.044317 -0.089638
vn -0.001068 0.052761 -0.084942
vn -0.001068 0.060713 -0.079453
vn -0.001068 0.068098 -0.073223
vn -0.001068 0.074847 -0.066308
vn -0.001068 0.080897 -0.058775
vn -0.001068 0.086192 -0.050693
vn -0.001068 0.090682 -0.042138
vn -0.001068 0.094326 -0.033189
vn -0.001068 0.097089 -0.023930
vn -0.001068 0.098945 -0.014448
vn -0.001068 0.099878 -0.004831
vn -0.001068 0.099878 0.004831
vn -0.001068 0.098945 0.014448
vn -0.001068 0.097089 0.023930
vn -0.001069 0.094326 0.033189
vn -0.001069 0.090682 0.042138
vn -0.001069 0.086192 0.050693
vn -0.001069 0.080897 0.058775
vn -0.001069 0.074847 0.066308
vn -0.001069 0.068098 0.073223
vn -0.001069 0.060713 0.079453
vn -0.001069 0.052761 0.084942
vn -0.001068 0.038783 -0.092167
vn -0.001068 0.035458 -0.093496
vn -0.001068 0.026269 -0.096482
vn -0.001068 0.026269 -0.096482
vn -0.001068 0.016835 -0.098567
vn -0.001068 0.016835 -0.098567
vn -0.001068 0.007243 -0.099732
vn -0.001068 0.007243 -0.099732
vn -0.001068 -0.002416 -0.099965
vn -0.001068 -0.002416 -0.099965
vn -0.001068 -0.012053 -0.099265
vn -0.001068 -0.012053 -0.099265
vn -0.001068 -0.021577 -0.097639
vn -0.001068 -0.019505 -0.098074
vn -0.001068 -0.029022 -0.095690
vn -0.001068 -0.030900 -0.095100
vn -0.001068 -0.038263 -0.092384
vn -0.001068 -0.039934 -0.091674
vn -0.001068 -0.047138 -0.088187
vn -0.001068 -0.048596 -0.087392
vn -0.001068 -0.055557 -0.083140
vn -0.001068 -0.056803 -0.082294
vn -0.001068 -0.063438 -0.077295
vn -0.001068 -0.064481 -0.076427
vn -0.001068 -0.070706 -0.070707
vn -0.001068 -0.071556 -0.069847
vn -0.001068 -0.077295 -0.063438
vn -0.001068 -0.077963 -0.062615
vn -0.001068 -0.083139 -0.055559
vn -0.001068 -0.083642 -0.054798
vn -0.001068 -0.088185 -0.047141
vn -0.001068 -0.088541 -0.046470
vn -0.001068 -0.092383 -0.038266
vn -0.001068 -0.092612 -0.037707
vn -0.001068 -0.095690 -0.029023
vn -0.001068 -0.095819 -0.028593
vn -0.001068 -0.098074 -0.019505
vn -0.001068 -0.098131 -0.019212
vn -0.001068 -0.099513 -0.009801
vn -0.001068 -0.099527 -0.009651
vn -0.001068 -0.099994 -0.000002
vn -0.001068 -0.099994 -0.000000
vn -0.001068 -0.099527 0.009651
vn -0.001068 -0.099994 -0.000000
vn -0.001068 -0.099527 0.009651
vn -0.001068 -0.099994 -0.000000
vn -0.001068 -0.099527 0.009651
vn -0.001068 -0.099994 -0.000000
vn -0.001068 -0.099527 0.009651
vn -0.001068 -0.099994 -0.000000
vn -0.001068 -0.099527 0.009651
vn -0.001068 -0.099994 -0.000000
vn -0.001068 -0.099527 0.009651
vn -0.001068 -0.099994 -0.000000
vn -0.001068 -0.099527 0.009651
vn -0.001068 -0.099994 -0.000000
vn -0.001068 -0.099527 0.009651
vn -0.001068 -0.099994 -0.000000
vn -0.001068 -0.099527 0.009651
vn -0.001068 -0.099994 -0.000000
vn -0.001068 -0.099527 0.009651
vn -0.001068 -0.099994 -0.000000
vn -0.001068 -0.099527 0.009651
vn -0.001068 0.037877 -0.092543
vn -0.001068 0.032938 -0.094414
vn -0.001068 0.030664 -0.095177
vn -0.001069 -0.039266 0.091962
vn -0.001069 -0.039934 0.091674
vn -0.001069 -0.039457 0.091880
vn -0.001069 -0.039603 0.091818
vn -0.001069 -0.039267 0.091962
vn -0.001069 -0.038699 0.092202
vn -0.001069 -0.037755 0.092593
vn -0.001069 -0.036436 0.093120
vn -0.001069 -0.034750 0.093762
vn -0.001069 -0.030900 0.095100
vn -0.001069 -0.032743 0.094481
vn -0.001069 -0.030465 0.095241
vn -0.001069 -0.027967 0.096004
vn -0.001069 -0.025218 0.096762
vn -0.001069 -0.021577 0.097639
vn -0.001069 -0.022166 0.097507
vn -0.001069 -0.018855 0.098201
vn -0.001069 -0.015330 0.098812
vn -0.001069 -0.012053 0.099265
vn -0.001069 -0.011638 0.099315
vn -0.001069 -0.007843 0.099686
vn -0.001069 -0.002416 0.099965
vn -0.001069 -0.004014 0.099914
vn -0.001069 -0.000222 0.099994
vn -0.001069 0.003563 0.099931
vn -0.001069 0.007243 0.099732
vn -0.001069 0.007391 0.099721
vn -0.001069 0.011194 0.099366
vn -0.001069 0.016835 0.098567
vn -0.001069 0.014901 0.098878
vn -0.001069 0.018449 0.098278
vn -0.001069 0.021787 0.097592
vn -0.001069 0.026269 0.096482
vn -0.001069 0.024872 0.096852
vn -0.001069 0.027659 0.096093
vn -0.001069 0.030180 0.095331
vn -0.001069 0.035458 0.093496
vn -0.001069 0.032487 0.094570
vn -0.001069 0.034529 0.093844
vn -0.001069 0.036255 0.093190
vn -0.001069 0.037618 0.092648
vn -0.001069 0.038607 0.092241
vn -0.001069 0.039219 0.091982
vn -0.001069 -0.038696 0.092204
vn -0.001069 -0.037745 0.092597
vn -0.001069 -0.039934 0.091674
vn -0.001069 -0.036415 0.093128
vn -0.001069 -0.034712 0.093776
vn -0.001069 -0.030900 0.095100
vn -0.001069 -0.032683 0.094502
vn -0.001069 -0.030900 0.095100
vn -0.001069 -0.030379 0.095268
vn -0.001069 -0.027853 0.096037
vn -0.001069 -0.025062 0.096803
vn -0.001069 -0.021577 0.097639
vn -0.001069 -0.021964 0.097552
vn -0.001069 -0.018605 0.098248
vn -0.001069 -0.015032 0.098858
vn -0.001069 -0.012053 0.099265
vn -0.001069 -0.012053 0.099265
vn -0.001069 -0.002416 0.099965
vn -0.001069 -0.002416 0.099965
vn -0.001069 0.007243 0.099732
vn -0.001069 0.007243 0.099732
vn -0.001069 0.016835 0.098567
vn -0.001069 0.016835 0.098567
vn -0.001069 -0.011293 0.099354
vn -0.001069 -0.007457 0.099716
vn -0.001069 -0.002416 0.099965
vn -0.001069 -0.003594 0.099930
vn -0.001069 0.000223 0.099994
vn -0.001069 0.004049 0.099912
vn -0.001069 0.007243 0.099732
vn -0.001069 0.007243 0.099732
vn -0.001069 0.016835 0.098567
vn -0.001069 0.016835 0.098567
vn -0.001069 0.007913 0.099681
vn -0.001069 0.011742 0.099303
vn -0.001069 0.016835 0.098567
vn -0.001069 0.015464 0.098791
vn -0.001069 0.019015 0.098170
vn -0.001069 0.022345 0.097466
vn -0.001069 0.025409 0.096712
vn -0.001068 0.099513 0.009802
vn -0.001068 0.099878 0.004831
vn -0.001068 0.099878 -0.004831
vn -0.001068 0.099513 -0.009800
vn -0.001068 0.098945 -0.014448
vn -0.001068 0.098073 -0.019507
vn -0.001068 0.097089 -0.023930
vn -0.001068 0.095689 -0.029025
vn -0.001068 0.094326 -0.033189
vn -0.001068 0.092385 -0.038261
vn -0.001068 0.090682 -0.042138
vn -0.001068 0.088190 -0.047132
vn -0.001068 0.086192 -0.050693
vn -0.001068 0.083143 -0.055553
vn -0.001068 0.080897 -0.058775
vn -0.001068 0.077294 -0.063439
vn -0.001068 0.074847 -0.066308
vn -0.001068 0.070703 -0.070710
vn -0.001068 0.068098 -0.073223
vn -0.001068 0.063435 -0.077297
vn -0.001068 0.060713 -0.079453
vn -0.001068 0.055555 -0.083142
vn -0.001068 0.052761 -0.084942
vn -0.001068 0.047141 -0.088185
vn -0.001068 0.044317 -0.089638
vn -0.001068 0.038272 -0.092380
vn -0.001068 0.035458 -0.093496
vn -0.001068 0.029029 -0.095688
vn -0.001068 0.026269 -0.096482
vn -0.001068 0.019505 -0.098073
vn -0.001068 0.016835 -0.098567
vn -0.001068 0.009796 -0.099513
vn -0.001068 0.007243 -0.099732
vn -0.001068 -0.000003 -0.099994
vn -0.001068 -0.002416 -0.099965
vn -0.001068 -0.009800 -0.099513
vn -0.001068 0.098945 0.014448
vn -0.001068 0.098073 0.019509
vn -0.001068 0.097089 0.023930
vn -0.001069 0.095688 0.029027
vn -0.001069 0.094326 0.033189
vn -0.001069 0.092383 0.038266
vn -0.001069 0.090682 0.042138
vn -0.001069 0.088187 0.047137
vn -0.001069 0.086192 0.050693
vn -0.001069 0.083142 0.055555
vn -0.001069 0.080897 0.058775
vn -0.001069 0.077296 0.063437
vn -0.001069 0.074847 0.066308
vn -0.001069 0.070706 0.070707
vn -0.001069 0.068098 0.073223
vn -0.001069 0.063436 0.077296
vn -0.001069 0.060713 0.079453
vn -0.001069 0.055554 0.083142
vn -0.001069 0.052761 0.084942
vn -0.001069 0.047136 0.088188
vn -0.001069 0.044317 0.089638
vn -0.001069 0.038264 0.092383
vn -0.001069 0.016835 0.098567
vn -0.001069 0.009802 0.099513
vn -0.001069 0.007243 0.099732
vn -0.001069 -0.000000 0.099994
vn -0.001069 -0.002416 0.099965
vn -0.001069 -0.009803 0.099513
vn -0.001069 -0.012053 0.099265
vn -0.001069 -0.019510 0.098072
vn -0.001069 -0.021577 0.097639
vn -0.001069 -0.029028 0.095688
vn -0.001069 -0.030900 0.095100
vn -0.001069 -0.038265 0.092383
vn -0.001069 -0.039934 0.091674
vn -0.001069 -0.047134 0.088189
vn -0.001069 -0.048596 0.087392
vn -0.001069 -0.055553 0.083143
vn -0.001069 -0.056803 0.082294
vn -0.001069 -0.063438 0.077295
vn -0.001069 -0.064481 0.076427
vn -0.001069 -0.070710 0.070703
vn -0.001069 -0.071556 0.069847
vn -0.001069 -0.077299 0.063433
vn -0.001069 -0.077963 0.062615
vn -0.001069 -0.083143 0.055553
vn -0.001069 -0.083642 0.054798
vn -0.001069 -0.088186 0.047138
vn -0.001069 -0.088541 0.046470
vn -0.001069 -0.092382 0.038269
vn -0.001069 -0.092612 0.037707
vn -0.001069 -0.095688 0.029027
vn -0.001069 -0.095819 0.028593
vn -0.001068 -0.098074 0.019505
vn -0.001068 -0.098131 0.019212
vn -0.001068 -0.099513 0.009797
vn -0.001068 -0.098131 0.019212
vn -0.001068 -0.098131 0.019212
vn -0.001069 -0.095819 0.028593
vn -0.001069 -0.095819 0.028593
vn -0.001069 -0.092612 0.037707
vn -0.001069 -0.092612 0.037707
vn -0.001069 -0.088541 0.046470
vn -0.001069 -0.088541 0.046470
vn -0.001069 -0.083642 0.054798
vn -0.001069 -0.083642 0.054798
vn -0.001069 -0.077963 0.062615
vn -0.001069 -0.077963 0.062615
vn -0.001069 -0.071556 0.069847
vn -0.001069 -0.071556 0.069847
vn -0.001069 -0.064481 0.076427
vn -0.001069 -0.064481 0.076427
vn -0.001069 -0.056803 0.082294
vn -0.001069 -0.056803 0.082294
vn -0.001069 -0.048596 0.087392
vn -0.001069 -0.048596 0.087392
vn -0.001069 -0.039934 0.091674
vn -0.001069 -0.039934 0.091674
vn -0.001069 -0.039768 0.091746
vn -0.001069 -0.030900 0.095100
vn -0.001069 -0.030900 0.095100
vn -0.001069 -0.021577 0.097639
vn -0.001069 -0.021577 0.097639
vn -0.001069 -0.012053 0.099265
vn -0.001069 -0.012053 0.099265
vn -0.001069 -0.002416 0.099965
vn -0.001069 -0.002416 0.099965
vn -0.001069 0.007243 0.099732
vn -0.001069 0.007243 0.099732
vn -0.001069 0.016835 0.098567
vn -0.001069 0.016835 0.098567
vn -0.001069 0.026269 0.096482
vn -0.001069 0.026269 0.096482
vn -0.001069 0.035458 0.093496
vn -0.001069 0.035458 0.093496
vn -0.001069 0.044317 0.089638
vn -0.001069 0.044317 0.089638
vn -0.001069 0.052761 0.084942
vn -0.001069 0.052761 0.084942
vn -0.001069 0.060713 0.079453
vn -0.001069 0.060713 0.079453
vn -0.001069 0.068098 0.073223
vn -0.001069 0.068098 0.073223
vn -0.001069 0.074847 0.066308
vn -0.001069 0.074847 0.066308
vn -0.001069 0.080897 0.058775
vn -0.001069 0.080897 0.058775
vn -0.001069 0.086192 0.050693
vn -0.001069 0.086192 0.050693
vn -0.001069 0.090682 0.042138
vn -0.001069 0.090682 0.042138
vn -0.001069 0.094326 0.033189
vn -0.001069 0.094326 0.033189
vn -0.001068 0.097089 0.023930
vn -0.001068 0.097089 0.023930
vn -0.001068 0.098945 0.014448
vn -0.001068 0.098945 0.014448
vn -0.001068 0.099878 0.004831
vn -0.001068 0.099878 0.004831
vn -0.001068 0.099878 -0.004831
vn -0.001068 0.099878 -0.004831
vn -0.001068 0.098945 -0.014448
vn -0.001068 0.098945 -0.014448
vn -0.001068 0.097089 -0.023930
vn -0.001068 0.097089 -0.023930
vn -0.001068 0.094326 -0.033189
vn -0.001068 0.094326 -0.033189
vn -0.001068 0.090682 -0.042138
vn -0.001068 0.090682 -0.042138
vn -0.001068 0.086192 -0.050693
vn -0.001068 0.086192 -0.050693
vn -0.001068 0.080897 -0.058775
vn -0.001068 0.080897 -0.058775
vn -0.001068 0.074847 -0.066308
vn -0.001068 0.074847 -0.066308
vn -0.001068 0.068098 -0.073223
vn -0.001068 0.068098 -0.073223
vn -0.001068 0.060713 -0.079453
vn -0.001068 0.060713 -0.079453
vn -0.001068 0.052761 -0.084942
vn -0.001068 0.052761 -0.084942
vn -0.001068 0.044317 -0.089638
vn -0.001068 0.044317 -0.089638
vn -0.001068 -0.030900 -0.095100
vn -0.001068 -0.039934 -0.091674
vn -0.001068 -0.048596 -0.087392
vn -0.001068 -0.048596 -0.087392
vn -0.001068 -0.056803 -0.082294
vn -0.001068 -0.056803 -0.082294
vn -0.001068 -0.064481 -0.076427
vn -0.001068 -0.064481 -0.076427
vn -0.001068 -0.071556 -0.069847
vn -0.001068 -0.071556 -0.069847
vn -0.001068 -0.077963 -0.062615
vn -0.001068 -0.077963 -0.062615
vn -0.001068 -0.083642 -0.054798
vn -0.001068 -0.083642 -0.054798
vn -0.001068 -0.088541 -0.046470
vn -0.001068 -0.088541 -0.046470
vn -0.001068 -0.092612 -0.037707
vn -0.001068 -0.039934 -0.091674
vn -0.001068 -0.048596 -0.087392
vn -0.001068 -0.056803 -0.082294
vn -0.001068 -0.064481 -0.076427
vn -0.001068 -0.071556 -0.069847
vn -0.001068 -0.077963 -0.062615
vn -0.001068 -0.083642 -0.054798
vn -0.001068 -0.088541 -0.046470
vn -0.001068 -0.092612 -0.037707
vn -0.001068 -0.095819 -0.028593
vn -0.001068 -0.048596 -0.087392
vn -0.001068 -0.056803 -0.082294
vn -0.001068 -0.064481 -0.076427
vn -0.001068 -0.071556 -0.069847
vn -0.001068 -0.077963 -0.062615
vn -0.001068 -0.083642 -0.054798
vn -0.001068 -0.088541 -0.046470
vn -0.001068 -0.092612 -0.037707
vn -0.001068 -0.095819 -0.028593
vn -0.001068 -0.098131 -0.019212
vn -0.001068 -0.056803 -0.082294
vn -0.001068 -0.064481 -0.076427
vn -0.001068 -0.071556 -0.069847
vn -0.001068 -0.077963 -0.062615
vn -0.001068 -0.083642 -0.054798
vn -0.001068 -0.088541 -0.046470
vn -0.001068 -0.092612 -0.037707
vn -0.001068 -0.095819 -0.028593
vn -0.001068 -0.098131 -0.019212
vn -0.001068 -0.099527 -0.009651
vn -0.001068 -0.064481 -0.076427
vn -0.001068 -0.071556 -0.069847
vn -0.001068 -0.077963 -0.062615
vn -0.001068 -0.083642 -0.054798
vn -0.001068 -0.088541 -0.046470
vn -0.001068 -0.092612 -0.037707
vn -0.001068 -0.095819 -0.028593
vn -0.001068 -0.098131 -0.019212
vn -0.001068 -0.099527 -0.009651
vn -0.001068 -0.071556 -0.069847
vn -0.001068 -0.077963 -0.062615
vn -0.001068 -0.083642 -0.054798
vn -0.001068 -0.088541 -0.046470
vn -0.001068 -0.092612 -0.037707
vn -0.001068 -0.095819 -0.028593
vn -0.001068 -0.098131 -0.019212
vn -0.001068 -0.099527 -0.009651
vn -0.001068 -0.077963 -0.062615
vn -0.001068 -0.083642 -0.054798
vn -0.001068 -0.088541 -0.046470
vn -0.001068 -0.092612 -0.037707
vn -0.001068 -0.095819 -0.028593
vn -0.001068 -0.098131 -0.019212
vn -0.001068 -0.099527 -0.009651
vn -0.001068 -0.083642 -0.054798
vn -0.001068 -0.088541 -0.046470
vn -0.001068 -0.092612 -0.037707
vn -0.001068 -0.095819 -0.028593
vn -0.001068 -0.098131 -0.019212
vn -0.001068 -0.099527 -0.009651
vn -0.001068 -0.088541 -0.046470
vn -0.001068 -0.092612 -0.037707
vn -0.001068 -0.095819 -0.028593
vn -0.001068 -0.098131 -0.019212
vn -0.001068 -0.099527 -0.009651
vn -0.001068 -0.092612 -0.037707
vn -0.001068 -0.095819 -0.028593
vn -0.001068 -0.098131 -0.019212
vn -0.001068 -0.099527 -0.009651
vn -0.001068 -0.095819 -0.028593
vn -0.001068 -0.098131 -0.019212
vn -0.001068 -0.099527 -0.009651
vn -0.001068 -0.098131 -0.019212
vn -0.001068 -0.099527 -0.009651
vn -0.001068 -0.099527 -0.009651
vn -0.001068 -0.048596 -0.087392
vn -0.001068 -0.048596 -0.087392
vn -0.001068 -0.039934 -0.091674
vn -0.001068 -0.048596 -0.087392
vn -0.001068 -0.039934 -0.091674
vn -0.001068 -0.048596 -0.087392
vn -0.001068 -0.039934 -0.091674
vn -0.001068 -0.048596 -0.087392
vn -0.001068 -0.039934 -0.091674
vn -0.001068 -0.048596 -0.087392
vn -0.001068 -0.039934 -0.091674
vn -0.001068 -0.030900 -0.095100
vn -0.001068 -0.021577 -0.097639
vn -0.001068 -0.012053 -0.099265
vn -0.001068 -0.002416 -0.099965
vn -0.001068 0.007243 -0.099732
vn -0.001068 0.016835 -0.098567
vn -0.001068 -0.030900 -0.095100
vn -0.001068 -0.021577 -0.097639
vn -0.001068 -0.012053 -0.099265
vn -0.001068 -0.002416 -0.099965
vn -0.001068 0.007243 -0.099732
vn -0.001068 -0.030900 -0.095100
vn -0.001068 -0.021577 -0.097639
vn -0.001068 -0.012053 -0.099265
vn -0.001068 -0.002416 -0.099965
vn -0.001068 -0.030900 -0.095100
vn -0.001068 -0.021577 -0.097639
vn -0.001068 -0.012053 -0.099265
vn -0.001068 -0.030900 -0.095100
vn -0.001068 -0.021577 -0.097639
vn -0.001068 0.044317 -0.089638
vn -0.001068 0.035458 -0.093496
vn -0.001068 0.026269 -0.096482
vn -0.001068 0.016835 -0.098567
vn -0.001068 0.007243 -0.099732
vn -0.001068 0.044317 -0.089638
vn -0.001068 0.035458 -0.093496
vn -0.001068 0.026269 -0.096482
vn -0.001068 0.016835 -0.098567
vn -0.001068 0.052761 -0.084942
vn -0.001068 0.060713 -0.079453
vn -0.001068 0.068098 -0.073223
vn -0.001068 0.074847 -0.066308
vn -0.001068 0.080897 -0.058775
vn -0.001068 0.086192 -0.050693
vn -0.001068 0.090682 -0.042138
vn -0.001068 0.094326 -0.033189
vn -0.001068 0.097089 -0.023930
vn -0.001068 0.098945 -0.014448
vn -0.001068 0.099878 -0.004831
vn -0.001068 0.099878 0.004831
vn -0.001068 0.098945 0.014448
vn -0.001068 0.097089 0.023930
vn -0.001069 0.094326 0.033189
vn -0.001069 0.090682 0.042138
vn -0.001069 0.086192 0.050693
vn -0.001069 0.080897 0.058775
vn -0.001069 0.074847 0.066308
vn -0.001069 0.068098 0.073223
vn -0.001069 0.060713 0.079453
vn -0.001069 0.052761 0.084942
vn -0.001069 0.044317 0.089638
vn -0.001068 0.044317 -0.089638
vn -0.001068 0.035458 -0.093496
vn -0.001068 0.026269 -0.096482
vn -0.001068 0.052761 -0.084942
vn -0.001068 0.060713 -0.079453
vn -0.001068 0.068098 -0.073223
vn -0.001068 0.074847 -0.066308
vn -0.001068 0.080897 -0.058775
vn -0.001068 0.086192 -0.050693
vn -0.001068 0.090682 -0.042138
vn -0.001068 0.094326 -0.033189
vn -0.001068 0.097089 -0.023930
vn -0.001068 0.098945 -0.014448
vn -0.001068 0.099878 -0.004831
vn -0.001068 0.099878 0.004831
vn -0.001068 0.098945 0.014448
vn -0.001068 0.097089 0.023930
vn -0.001069 0.094326 0.033189
vn -0.001069 0.090682 0.042138
vn -0.001069 0.086192 0.050693
vn -0.001069 0.080897 0.058775
vn -0.001069 0.074847 0.066308
vn -0.001069 0.068098 0.073223
vn -0.001069 0.060713 0.079453
vn -0.001069 0.052761 0.084942
vn -0.001069 0.044317 0.089638
vn -0.001068 0.044317 -0.089638
vn -0.001068 0.035458 -0.093496
vn -0.001068 0.052761 -0.084942
vn -0.001068 0.060713 -0.079453
vn -0.001068 0.068098 -0.073223
vn -0.001068 0.074847 -0.066308
vn -0.001068 0.080897 -0.058775
vn -0.001068 0.086192 -0.050693
vn -0.001068 0.090682 -0.042138
vn -0.001068 0.094326 -0.033189
vn -0.001068 0.097089 -0.023930
vn -0.001068 0.098945 -0.014448
vn -0.001068 0.099878 -0.004831
vn -0.001068 0.099878 0.004831
vn -0.001068 0.098945 0.014448
vn -0.001068 0.097089 0.023930
vn -0.001069 0.094326 0.033189
vn -0.001069 0.090682 0.042138
vn -0.001069 0.086192 0.050693
vn -0.001069 0.080897 0.058775
vn -0.001069 0.074847 0.066308
vn -0.001069 0.068098 0.073223
vn -0.001069 0.060713 0.079453
vn -0.001069 0.052761 0.084942
vn -0.001069 0.044317 0.089638
vn -0.001068 0.044317 -0.089638
vn -0.001068 0.052761 -0.084942
vn -0.001068 0.060713 -0.079453
vn -0.001068 0.068098 -0.073223
vn -0.001068 0.074847 -0.066308
vn -0.001068 0.080897 -0.058775
vn -0.001068 0.086192 -0.050693
vn -0.001068 0.090682 -0.042138
vn -0.001068 0.094326 -0.033189
vn -0.001068 0.097089 -0.023930
vn -0.001068 0.098945 -0.014448
vn -0.001068 0.099878 -0.004831
vn -0.001068 0.099878 0.004831
vn -0.001068 0.098945 0.014448
vn -0.001068 0.097089 0.023930
vn -0.001069 0.094326 0.033189
vn -0.001069 0.090682 0.042138
vn -0.001069 0.086192 0.050693
vn -0.001069 0.080897 0.058775
vn -0.001069 0.074847 0.066308
vn -0.001069 0.068098 0.073223
vn -0.001069 0.060713 0.079453
vn -0.001069 0.052761 0.084942
vn -0.001069 0.044317 0.089638
vn -0.001068 0.052761 -0.084942
vn -0.001068 0.060713 -0.079453
vn -0.001068 0.068098 -0.073223
vn -0.001068 0.074847 -0.066308
vn -0.001068 0.080897 -0.058775
vn -0.001068 0.086192 -0.050693
vn -0.001068 0.090682 -0.042138
vn -0.001068 0.094326 -0.033189
vn -0.001068 0.097089 -0.023930
vn -0.001068 0.098945 -0.014448
vn -0.001068 0.099878 -0.004831
vn -0.001068 0.099878 0.004831
vn -0.001068 0.098945 0.014448
vn -0.001068 0.097089 0.023930
vn -0.001069 0.094326 0.033189
vn -0.001069 0.090682 0.042138
vn -0.001069 0.086192 0.050693
vn -0.001069 0.080897 0.058775
vn -0.001069 0.074847 0.066308
vn -0.001069 0.068098 0.073223
vn -0.001069 0.060713 0.079453
vn -0.001069 0.052761 0.084942
vn -0.001069 0.044317 0.089638
vn -0.001069 -0.039934 0.091674
vn -0.001069 -0.030900 0.095100
vn -0.001069 -0.021577 0.097639
vn -0.001069 -0.012053 0.099265
vn -0.001069 -0.002416 0.099965
vn -0.001069 0.007243 0.099732
vn -0.001069 0.016835 0.098567
vn -0.001069 -0.039934 0.091674
vn -0.001069 -0.030900 0.095100
vn -0.001069 -0.021577 0.097639
vn -0.001069 -0.012053 0.099265
vn -0.001069 -0.002416 0.099965
vn -0.001069 0.007243 0.099732
vn -0.001069 -0.048596 0.087392
vn -0.001069 -0.056803 0.082294
vn -0.001069 -0.064481 0.076427
vn -0.001069 -0.071556 0.069847
vn -0.001069 -0.077963 0.062615
vn -0.001069 -0.083642 0.054798
vn -0.001069 -0.088541 0.046470
vn -0.001069 -0.092612 0.037707
vn -0.001069 -0.095819 0.028593
vn -0.001068 -0.098131 0.019212
vn -0.001069 -0.039934 0.091674
vn -0.001069 -0.030900 0.095100
vn -0.001069 -0.021577 0.097639
vn -0.001069 -0.012053 0.099265
vn -0.001069 -0.002416 0.099965
vn -0.001069 -0.048596 0.087392
vn -0.001069 -0.056803 0.082294
vn -0.001069 -0.064481 0.076427
vn -0.001069 -0.071556 0.069847
vn -0.001069 -0.077963 0.062615
vn -0.001069 -0.083642 0.054798
vn -0.001069 -0.088541 0.046470
vn -0.001069 -0.092612 0.037707
vn -0.001069 -0.095819 0.028593
vn -0.001068 -0.098131 0.019212
vn -0.001069 -0.039934 0.091674
vn -0.001069 -0.030900 0.095100
vn -0.001069 -0.021577 0.097639
vn -0.001069 -0.012053 0.099265
vn -0.001069 -0.048596 0.087392
vn -0.001069 -0.056803 0.082294
vn -0.001069 -0.064481 0.076427
vn -0.001069 -0.071556 0.069847
vn -0.001069 -0.077963 0.062615
vn -0.001069 -0.083642 0.054798
vn -0.001069 -0.088541 0.046470
vn -0.001069 -0.092612 0.037707
vn -0.001069 -0.095819 0.028593
vn -0.001068 -0.098131 0.019212
vn -0.001069 -0.039934 0.091674
vn -0.001069 -0.030900 0.095100
vn -0.001069 -0.021577 0.097639
vn -0.001069 -0.048596 0.087392
vn -0.001069 -0.056803 0.082294
vn -0.001069 -0.064481 0.076427
vn -0.001069 -0.071556 0.069847
vn -0.001069 -0.077963 0.062615
vn -0.001069 -0.083642 0.054798
vn -0.001069 -0.088541 0.046470
vn -0.001069 -0.092612 0.037707
vn -0.001069 -0.095819 0.028593
vn -0.001068 -0.098131 0.019212
vn -0.001069 -0.048596 0.087392
vn -0.001069 -0.056803 0.082294
vn -0.001069 -0.064481 0.076427
vn -0.001069 -0.071556 0.069847
vn -0.001069 -0.077963 0.062615
vn -0.001069 -0.083642 0.054798
vn -0.001069 -0.088541 0.046470
vn -0.001069 -0.092612 0.037707
vn -0.001069 -0.095819 0.028593
vn -0.001068 -0.098131 0.019212
vn -0.001069 -0.048596 0.087392
vn -0.001069 -0.056803 0.082294
vn -0.001069 -0.064481 0.076427
vn -0.001069 -0.071556 0.069847
vn -0.001069 -0.077963 0.062615
vn -0.001069 -0.083642 0.054798
vn -0.001069 -0.088541 0.046470
vn -0.001069 -0.092612 0.037707
vn -0.001069 -0.095819 0.028593
vn -0.001068 -0.098131 0.019212
vn -0.001069 -0.039934 0.091674
vn -0.001069 -0.048596 0.087392
vn -0.001069 -0.056803 0.082294
vn -0.001069 -0.064481 0.076427
vn -0.001069 -0.071556 0.069847
vn -0.001069 -0.077963 0.062615
vn -0.001069 -0.083642 0.054798
vn -0.001069 -0.088541 0.046470
vn -0.001069 -0.092612 0.037707
vn -0.001069 -0.095819 0.028593
vn -0.001068 -0.098131 0.019212
vn -0.001069 -0.048596 0.087392
vn -0.001069 -0.056803 0.082294
vn -0.001069 -0.064481 0.076427
vn -0.001069 -0.071556 0.069847
vn -0.001069 -0.077963 0.062615
vn -0.001069 -0.083642 0.054798
vn -0.001069 -0.088541 0.046470
vn -0.001069 -0.092612 0.037707
vn -0.001069 -0.095819 0.028593
vn -0.001068 -0.098131 0.019212
vn -0.001068 -0.083642 -0.054798
vn -0.001068 -0.077963 -0.062615
vn -0.001068 -0.071556 -0.069847
vn -0.001068 -0.064481 -0.076427
vn -0.001068 -0.056803 -0.082294
vn -0.001068 -0.077963 -0.062615
vn -0.001068 -0.071556 -0.069847
vn -0.001068 -0.064481 -0.076427
vn -0.001068 -0.056803 -0.082294
vn -0.001068 -0.071556 -0.069847
vn -0.001068 -0.064481 -0.076427
vn -0.001068 -0.056803 -0.082294
vn -0.001068 -0.064481 -0.076427
vn -0.001068 -0.056803 -0.082294
vn -0.001068 -0.056803 -0.082294
vn 0.100000 0.000000 0.000000
vn 0.100000 0.000000 0.000000
vn 0.100000 0.000000 0.000000
vn 0.100000 0.000000 0.000000
vn 0.100000 0.000000 0.000000
vn 0.100000 0.000000 0.000000
vn 0.100000 0.000000 0.000000
vn 0.100000 0.000000 0.000000
vn 0.100000 0.000000 0.000000
vn 0.100000 0.000000 0.000000
vn 0.100000 0.000000 0.000000
vn 0.100000 0.000000 0.000000
vn 0.100000 0.000000 0.000000
vn 0.100000 0.000000 0.000000
vn 0.100000 0.000000 0.000000
vn 0.100000 0.000000 0.000000
vn 0.100000 0.000000 0.000000
vn 0.100000 0.000000 0.000000
vn 0.100000 0.000000 0.000000
vn 0.100000 0.000000 0.000000
vn 0.100000 0.000000 0.000000
vn 0.100000 0.000000 0.000000
vn 0.100000 0.000000 0.000000
vn 0.100000 0.000000 0.000000
vn 0.100000 0.000000 0.000000
vn 0.100000 0.000000 0.000000
vn 0.100000 0.000000 0.000000
vn 0.100000 0.000000 0.000000
vn 0.100000 0.000000 0.000000
vn 0.100000 0.000000 0.000000
vn 0.100000 0.000000 0.000000
vn 0.100000 0.000000 0.000000
vn 0.100000 0.000000 0.000000
vn 0.100000 0.000000 0.000000
vn 0.100000 0.000000 0.000000
vn 0.100000 0.000000 0.000000
vn 0.100000 0.000000 0.000000
vn 0.100000 0.000000 0.000000
vn 0.100000 0.000000 0.000000
vn 0.100000 0.000000 0.000000
vn 0.100000 0.000000 0.000000
vn 0.100000 0.000000 0.000000
vn 0.100000 0.000000 0.000000
vn 0.100000 0.000000 0.000000
vn 0.100000 0.000000 0.000000
vn 0.100000 0.000000 0.000000
vn 0.100000 0.000000 0.000000
vn 0.100000 0.000000 0.000000
vn 0.100000 0.000000 0.000000
vn 0.100000 0.000000 0.000000
vn 0.100000 0.000000 0.000000
vn 0.100000 0.000000 0.000000
vn 0.100000 0.000000 0.000000
vn 0.100000 0.000000 0.000000
vn 0.100000 0.000000 0.000000
vn 0.100000 0.000000 0.000000
vn 0.100000 0.000000 0.000000
vn 0.100000 0.000000 0.000000
vn 0.100000 0.000000 0.000000
vn 0.100000 0.000000 0.000000
vn 0.100000 0.000000 0.000000
vn 0.100000 0.000000 0.000000
vn 0.100000 0.000000 0.000000
vn 0.100000 0.000000 0.000000
vn 0.100000 0.000000 0.000000
usemtl Acciaio_-_Satinato
f 64/1/1 1/2/2 130/3/3
f 130/3/3 1/2/2 2/4/4
f 130/3/3 2/4/4 129/5/5
f 129/5/5 2/4/4 3/6/6
f 129/5/5 3/6/6 131/7/7
f 131/7/7 3/6/6 4/8/8
f 131/7/7 4/8/8 5/9/9
f 131/7/7 5/9/9 132/10/10
f 132/10/10 5/9/9 6/11/11
f 132/10/10 6/11/11 7/12/12
f 132/10/10 7/12/12 133/13/13
f 133/13/13 7/12/12 8/14/14
f 133/13/13 8/14/14 134/15/15
f 134/15/15 8/14/14 9/16/16
f 134/15/15 9/16/16 10/17/17
f 134/15/15 10/17/17 135/18/18
f 135/18/18 10/17/17 11/19/19
f 135/18/18 11/19/19 136/20/20
f 136/20/20 11/19/19 12/21/21
f 136/20/20 12/21/21 13/22/22
f 136/20/20 13/22/22 137/23/23
f 137/23/23 13/22/22 14/24/24
f 137/23/23 14/24/24 15/25/25
f 137/23/23 15/25/25 138/26/26
f 138/26/26 15/25/25 16/27/27
f 138/26/26 16/27/27 139/28/28
f 139/29/28 16/30/27 17/31/29
f 139/29/28 17/31/29 18/32/30
f 139/29/28 18/32/30 140/33/31
f 140/33/31 18/32/30 19/34/32
f 140/33/31 19/34/32 141/35/33
f 141/35/33 19/34/32 20/36/34
f 141/35/33 20/36/34 21/37/35
f 141/35/33 21/37/35 142/38/36
f 142/38/36 21/37/35 22/39/37
f 142/38/36 22/39/37 23/40/38
f 142/38/36 23/40/38 143/41/39
f 143/41/39 23/40/38 24/42/40
f 143/41/39 24/42/40 144/43/41
f 144/43/41 24/42/40 25/44/42
f 144/43/41 25/44/42 26/45/43
f 144/43/41 26/45/43 145/46/44
f 145/46/44 26/45/43 27/47/45
f 145/46/44 27/47/45 146/48/46
f 146/48/46 27/47/45 28/49/47
f 146/48/46 28/49/47 29/50/48
f 146/48/46 29/50/48 147/51/49
f 147/51/49 29/50/48 30/52/50
f 147/51/49 30/52/50 31/53/51
f 147/51/49 31/53/51 148/54/52
f 148/54/52 31/53/51 32/55/53
f 148/54/52 32/55/53 149/56/54
f 149/56/54 32/55/53 33/57/55
f 149/56/54 33/57/55 34/58/56
f 149/56/54 34/58/56 150/59/57
f 150/59/57 34/58/56 35/60/58
f 150/59/57 35/60/58 151/61/59
f 151/61/59 35/60/58 36/62/60
f 151/61/59 36/62/60 37/63/61
f 151/61/59 37/63/61 152/64/62
f 152/64/62 37/63/61 38/65/63
f 152/64/62 38/65/63 153/66/64
f 153/66/64 38/65/63 39/67/65
f 153/66/64 39/67/65 40/68/66
f 153/66/64 40/68/66 154/69/67
f 154/69/67 40/68/66 41/70/68
f 154/69/67 41/70/68 42/71/69
f 154/69/67 42/71/69 155/72/70
f 155/72/70 42/71/69 43/73/71
f 155/72/70 43/73/71 156/74/72
f 156/74/72 43/73/71 44/75/73
f 156/74/72 44/75/73 45/76/74
f 156/74/72 45/76/74 157/77/75
f 157/77/75 45/76/74 46/78/76
f 157/77/75 46/78/76 47/79/77
f 157/77/75 47/79/77 158/80/78
f 158/80/78 47/79/77 48/81/79
f 158/80/78 48/81/79 159/82/80
f 159/82/80 48/81/79 49/83/81
f 159/82/80 49/83/81 50/84/82
f 159/82/80 50/84/82 160/85/83
f 160/85/83 50/84/82 51/86/84
f 160/85/83 51/86/84 161/87/85
f 161/87/85 51/86/84 52/88/86
f 161/87/85 52/88/86 53/89/87
f 161/87/85 53/89/87 162/90/88
f 162/90/88 53/89/87 54/91/89
f 162/90/88 54/91/89 55/92/90
f 162/90/88 55/92/90 163/93/91
f 163/93/91 55/92/90 56/94/92
f 163/93/91 56/94/92 164/95/93
f 164/95/93 56/94/92 57/96/94
f 164/95/93 57/96/94 58/97/95
f 164/95/93 58/97/95 165/98/96
f 165/98/96 58/97/95 59/99/97
f 165/98/96 59/99/97 166/100/98
f 166/100/98 59/99/97 60/101/99
f 166/100/98 60/101/99 61/102/100
f 166/100/98 61/102/100 167/103/101
f 167/103/101 61/102/100 62/104/102
f 167/103/101 62/104/102 63/105/103
f 167/103/101 63/105/103 168/106/104
f 168/106/104 63/105/103 64/1/1
f 168/106/104 64/1/1 130/3/3
f 128/107/105 65/108/106 130/3/3
f 130/3/3 65/108/106 66/109/107
f 130/3/3 66/109/107 168/106/104
f 168/106/104 66/109/107 67/110/108
f 168/106/104 67/110/108 167/103/101
f 167/103/101 67/110/108 68/111/109
f 167/103/101 68/111/109 69/112/110
f 167/103/101 69/112/110 166/100/98
f 166/100/98 69/112/110 70/113/111
f 166/100/98 70/113/111 71/114/112
f 166/100/98 71/114/112 165/98/96
f 165/98/96 71/114/112 72/115/113
f 165/98/96 72/115/113 164/95/93
f 164/95/93 72/115/113 73/116/114
f 164/95/93 73/116/114 74/117/115
f 164/95/93 74/117/115 163/93/91
f 163/93/91 74/117/115 75/118/116
f 163/93/91 75/118/116 162/90/88
f 162/90/88 75/118/116 76/119/117
f 162/90/88 76/119/117 77/120/118
f 162/90/88 77/120/118 161/87/85
f 161/87/85 77/120/118 78/121/119
f 161/87/85 78/121/119 79/122/120
f 161/87/85 79/122/120 160/85/83
f 160/85/83 79/122/120 80/123/121
f 160/85/83 80/123/121 159/82/80
f 159/82/80 80/123/121 81/124/122
f 159/82/80 81/124/122 82/125/123
f 159/82/80 82/125/123 158/80/78
f 158/80/78 82/125/123 83/126/124
f 158/80/78 83/126/124 157/77/75
f 157/77/75 83/126/124 84/127/125
f 157/77/75 84/127/125 85/128/126
f 157/77/75 85/128/126 156/74/72
f 156/74/72 85/128/126 86/129/127
f 156/74/72 86/129/127 87/130/128
f 156/74/72 87/130/128 155/72/70
f 155/72/70 87/130/128 88/131/129
f 155/72/70 88/131/129 154/69/67
f 154/69/67 88/131/129 89/132/130
f 154/69/67 89/132/130 90/133/131
f 154/69/67 90/133/131 153/66/64
f 153/66/64 90/133/131 91/134/132
f 153/66/64 91/134/132 92/135/133
f 153/66/64 92/135/133 152/64/62
f 152/64/62 92/135/133 93/136/134
f 152/64/62 93/136/134 151/61/59
f 151/61/59 93/136/134 94/137/135
f 151/61/59 94/137/135 95/138/136
f 151/61/59 95/138/136 150/59/57
f 150/59/57 95/138/136 96/139/137
f 150/59/57 96/139/137 149/56/54
f 149/56/54 96/139/137 97/140/138
f 149/56/54 97/140/138 98/141/139
f 149/56/54 98/141/139 148/54/52
f 148/54/52 98/141/139 99/142/140
f 148/54/52 99/142/140 147/51/49
f 147/51/49 99/142/140 100/143/141
f 147/51/49 100/143/141 101/144/142
f 147/51/49 101/144/142 146/48/46
f 146/48/46 101/144/142 102/145/143
f 146/48/46 102/145/143 103/146/144
f 146/48/46 103/146/144 145/46/44
f 145/46/44 103/146/144 104/147/145
f 145/46/44 104/147/145 144/43/41
f 144/43/41 104/147/145 105/148/146
f 144/43/41 105/148/146 106/149/147
f 144/43/41 106/149/147 143/41/39
f 143/41/39 106/149/147 107/150/148
f 143/41/39 107/150/148 142/38/36
f 142/38/36 107/150/148 108/151/149
f 142/38/36 108/151/149 109/152/150
f 142/38/36 109/152/150 141/35/33
f 141/35/33 109/152/150 110/153/151
f 141/35/33 110/153/151 111/154/152
f 141/35/33 111/154/152 140/33/31
f 140/33/31 111/154/152 112/155/153
f 140/33/31 112/155/153 139/29/28
f 139/29/28 112/155/153 113/156/154
f 139/28/28 113/157/154 114/158/155
f 139/28/28 114/158/155 138/26/26
f 138/26/26 114/158/155 115/159/156
f 138/26/26 115/159/156 137/23/23
f 137/23/23 115/159/156 116/160/157
f 137/23/23 116/160/157 117/161/158
f 137/23/23 117/161/158 136/20/20
f 136/20/20 117/161/158 118/162/159
f 136/20/20 118/162/159 119/163/160
f 136/20/20 119/163/160 135/18/18
f 135/18/18 119/163/160 120/164/161
f 135/18/18 120/164/161 134/15/15
f 134/15/15 120/164/161 121/165/162
f 134/15/15 121/165/162 122/166/163
f 134/15/15 122/166/163 133/13/13
f 133/13/13 122/166/163 123/167/164
f 133/13/13 123/167/164 132/10/10
f 132/10/10 123/167/164 124/168/165
f 132/10/10 124/168/165 125/169/166
f 132/10/10 125/169/166 131/7/7
f 131/7/7 125/169/166 126/170/167
f 131/7/7 126/170/167 127/171/168
f 131/7/7 127/171/168 129/5/5
f 129/5/5 127/171/168 128/107/105
f 129/5/5 128/107/105 130/3/3
f 169/172/169 170/173/170 232/174/171
f 232/174/171 170/173/170 171/175/172
f 232/174/171 171/175/172 172/176/173
f 172/176/173 173/177/174 232/174/171
f 232/174/171 173/177/174 174/178/175
f 232/174/171 174/178/175 231/179/176
f 231/179/176 174/178/175 230/180/177
f 230/180/177 174/178/175 229/181/178
f 229/181/178 174/178/175 228/182/179
f 228/182/179 174/178/175 175/183/180
f 228/182/179 175/183/180 227/184/181
f 227/184/181 175/183/180 226/185/182
f 226/185/182 175/183/180 225/186/183
f 225/186/183 175/183/180 224/187/184
f 224/187/184 175/183/180 223/188/185
f 223/188/185 175/183/180 176/189/186
f 223/188/185 176/189/186 177/190/187
f 177/190/187 178/191/188 223/188/185
f 223/188/185 178/191/188 179/192/189
f 223/188/185 179/192/189 180/193/190
f 180/193/190 181/194/191 223/188/185
f 223/188/185 181/194/191 182/195/192
f 223/188/185 182/195/192 222/196/193
f 222/196/193 182/195/192 221/197/194
f 221/197/194 182/195/192 220/198/195
f 220/198/195 182/195/192 219/199/196
f 219/199/196 182/195/192 218/200/197
f 218/200/197 182/195/192 217/201/198
f 217/201/198 182/195/192 216/202/199
f 216/202/199 182/195/192 183/203/200
f 216/202/199 183/203/200 184/204/201
f 184/204/201 185/205/202 216/202/199
f 216/202/199 185/205/202 186/206/203
f 216/202/199 186/206/203 187/207/204
f 187/207/204 188/208/205 216/202/199
f 216/202/199 188/208/205 189/209/206
f 216/202/199 189/209/206 215/210/207
f 215/210/207 189/209/206 214/211/208
f 214/211/208 189/209/206 213/212/209
f 213/212/209 189/209/206 212/213/210
f 212/213/210 189/209/206 211/214/211
f 211/214/211 189/209/206 190/215/212
f 211/214/211 190/215/212 210/216/213
f 210/216/213 190/215/212 209/217/214
f 209/217/214 190/215/212 191/218/215
f 209/217/214 191/218/215 192/219/216
f 192/219/216 193/220/217 209/217/214
f 209/217/214 193/220/217 194/221/218
f 209/217/214 194/221/218 195/222/219
f 195/222/219 196/223/220 209/217/214
f 209/217/214 196/223/220 197/224/221
f 209/217/214 197/224/221 208/225/222
f 208/225/222 197/224/221 207/226/223
f 207/226/223 197/224/221 206/227/224
f 206/227/224 197/224/221 205/228/225
f 205/228/225 197/224/221 204/229/226
f 204/229/226 197/224/221 203/230/227
f 203/230/227 197/224/221 198/231/228
f 203/230/227 198/231/228 202/232/229
f 202/232/229 198/231/228 199/233/230
f 202/232/229 199/233/230 201/234/231
f 201/234/231 199/233/230 200/235/232
f 309/236/233 233/237/234 328/238/235
f 328/238/235 233/237/234 234/239/236
f 328/238/235 234/239/236 327/240/237
f 327/240/237 234/239/236 235/241/238
f 327/240/237 235/241/238 326/242/239
f 326/242/239 235/241/238 325/243/240
f 326/242/239 325/243/240 345/244/241
f 345/244/241 325/243/240 344/245/242
f 345/244/241 344/245/242 364/246/243
f 364/246/243 344/245/242 363/247/244
f 364/246/243 363/247/244 383/248/245
f 383/248/245 363/247/244 382/249/246
f 383/248/245 382/249/246 407/250/247
f 407/250/247 382/249/246 408/251/248
f 407/250/247 408/251/248 402/252/249
f 402/252/249 408/251/248 401/253/250
f 402/252/249 401/253/250 440/254/251
f 440/254/251 401/253/250 439/255/252
f 440/254/251 439/255/252 459/256/253
f 459/256/253 439/255/252 458/257/254
f 459/256/253 458/257/254 478/258/255
f 478/258/255 458/257/254 477/259/256
f 478/258/255 477/259/256 502/260/257
f 502/260/257 477/259/256 503/261/258
f 502/260/257 503/261/258 497/262/259
f 497/262/259 503/261/258 496/263/260
f 497/262/259 496/263/260 535/264/261
f 535/264/261 496/263/260 534/265/262
f 535/264/261 534/265/262 554/266/263
f 554/266/263 534/265/262 553/267/264
f 554/266/263 553/267/264 573/268/265
f 573/268/265 553/267/264 572/269/266
f 573/268/265 572/269/266 578/270/267
f 578/270/267 572/269/266 579/271/268
f 578/270/267 579/271/268 611/272/269
f 611/272/269 579/271/268 610/273/270
f 611/272/269 610/273/270 630/274/271
f 630/274/271 610/273/270 629/275/272
f 630/274/271 629/275/272 649/276/273
f 649/276/273 629/275/272 648/277/274
f 649/276/273 648/277/274 668/278/275
f 668/278/275 648/277/274 667/279/276
f 668/278/275 667/279/276 692/280/277
f 692/280/277 667/279/276 693/281/278
f 692/280/277 693/281/278 687/282/279
f 687/282/279 693/281/278 686/283/280
f 687/282/279 686/283/280 725/284/281
f 725/284/281 686/283/280 724/285/282
f 725/284/281 724/285/282 744/286/283
f 744/286/283 724/285/282 743/287/284
f 744/286/283 743/287/284 763/288/285
f 763/288/285 743/287/284 762/289/286
f 763/288/285 762/289/286 787/290/287
f 787/290/287 762/289/286 788/291/288
f 787/290/287 788/291/288 782/292/289
f 782/292/289 788/291/288 781/293/290
f 782/292/289 781/293/290 820/294/291
f 820/294/291 781/293/290 819/295/292
f 820/294/291 819/295/292 839/296/293
f 839/296/293 819/295/292 838/297/294
f 839/296/293 838/297/294 858/298/295
f 858/298/295 838/297/294 857/299/296
f 858/298/295 857/299/296 863/300/297
f 863/300/297 857/299/296 864/301/298
f 863/300/297 864/301/298 896/302/299
f 896/302/299 864/301/298 895/303/300
f 896/302/299 895/303/300 915/304/301
f 915/304/301 895/303/300 914/305/302
f 915/304/301 914/305/302 934/306/303
f 934/306/303 914/305/302 933/307/304
f 934/306/303 933/307/304 953/308/305
f 953/308/305 933/307/304 952/309/306
f 953/308/305 952/309/306 977/310/307
f 977/310/307 952/309/306 978/311/308
f 977/310/307 978/311/308 972/312/309
f 972/312/309 978/311/308 971/313/310
f 972/312/309 971/313/310 1010/314/311
f 1010/314/311 971/313/310 1009/315/312
f 1010/314/311 1009/315/312 1029/316/313
f 1029/316/313 1009/315/312 1028/317/314
f 1029/316/313 1028/317/314 1048/318/315
f 1048/318/315 1028/317/314 1047/319/316
f 1048/318/315 1047/319/316 1072/320/317
f 1072/320/317 1047/319/316 1073/321/318
f 1072/320/317 1073/321/318 1067/322/319
f 1067/322/319 1073/321/318 1066/323/320
f 1067/322/319 1066/323/320 1105/324/321
f 1105/324/321 1066/323/320 1104/325/322
f 1105/324/321 1104/325/322 1124/326/323
f 1124/326/323 1104/325/322 1123/327/324
f 1124/326/323 1123/327/324 1143/328/325
f 1143/328/325 1123/327/324 1142/329/326
f 1143/328/325 1142/329/326 1167/330/327
f 1167/330/327 1142/329/326 1168/331/328
f 1167/330/327 1168/331/328 1162/332/329
f 1162/332/329 1168/331/328 1161/333/330
f 1162/332/329 1161/333/330 1200/334/331
f 1200/334/331 1161/333/330 1199/335/332
f 1200/334/331 1199/335/332 1219/336/333
f 1219/336/333 1199/335/332 1218/337/334
f 1219/336/333 1218/337/334 1238/338/335
f 1238/338/335 1218/337/334 1237/339/336
f 1238/338/335 1237/339/336 1262/340/337
f 1262/340/337 1237/339/336 1263/341/338
f 1262/340/337 1263/341/338 1257/342/339
f 1257/342/339 1263/341/338 1256/343/340
f 1257/342/339 1256/343/340 1295/344/341
f 1295/344/341 1256/343/340 1294/345/342
f 1295/344/341 1294/345/342 1314/346/343
f 1314/346/343 1294/345/342 1313/347/344
f 1314/346/343 1313/347/344 1333/348/345
f 1333/348/345 1313/347/344 1332/349/346
f 1333/348/345 1332/349/346 1338/350/347
f 1338/350/347 1332/349/346 1339/351/348
f 1338/350/347 1339/351/348 1371/352/349
f 1371/352/349 1339/351/348 1370/353/350
f 1371/352/349 1370/353/350 1390/354/351
f 1390/354/351 1370/353/350 1389/355/352
f 1390/354/351 1389/355/352 1409/356/353
f 1409/356/353 1389/355/352 1408/357/354
f 1409/356/353 1408/357/354 1428/358/355
f 1428/358/355 1408/357/354 1427/359/356
f 1428/358/355 1427/359/356 1452/360/357
f 1452/360/357 1427/359/356 1453/361/358
f 1452/360/357 1453/361/358 1447/362/359
f 1447/362/359 1453/361/358 1446/363/360
f 1447/362/359 1446/363/360 1485/364/361
f 1485/364/361 1446/363/360 1484/365/362
f 1485/364/361 1484/365/362 1504/366/363
f 1504/366/363 1484/365/362 1503/367/364
f 1504/366/363 1503/367/364 1523/368/365
f 1523/368/365 1503/367/364 1522/369/366
f 1523/368/365 1522/369/366 1528/370/367
f 1528/370/367 1522/369/366 1529/371/368
f 1528/370/367 1529/371/368 1561/372/369
f 1561/372/369 1529/371/368 1560/373/370
f 1561/372/369 1560/373/370 1580/374/371
f 1580/374/371 1560/373/370 1579/375/372
f 1580/374/371 1579/375/372 1599/376/373
f 1599/376/373 1579/375/372 1598/377/374
f 1599/376/373 1598/377/374 1618/378/375
f 1618/378/375 1598/377/374 1617/379/376
f 1618/378/375 1617/379/376 1642/380/377
f 1642/380/377 1617/379/376 1643/381/378
f 1642/380/377 1643/381/378 1637/382/379
f 1637/382/379 1643/381/378 1636/383/380
f 1637/382/379 1636/383/380 1675/384/381
f 1675/384/381 1636/383/380 1674/385/382
f 1675/384/381 1674/385/382 1694/386/383
f 1694/386/383 1674/385/382 1693/387/384
f 1694/386/383 1693/387/384 1713/388/385
f 1713/388/385 1693/387/384 1712/389/386
f 1713/388/385 1712/389/386 1718/390/387
f 1718/390/387 1712/389/386 1719/391/388
f 1718/390/387 1719/391/388 1751/392/389
f 1751/392/389 1719/391/388 1750/393/390
f 1751/392/389 1750/393/390 1770/394/391
f 1770/394/391 1750/393/390 1769/395/392
f 1770/394/391 1769/395/392 1789/396/393
f 1789/396/393 1769/395/392 1788/397/394
f 1789/396/393 1788/397/394 1808/398/395
f 1808/398/395 1788/397/394 1807/399/396
f 1808/398/395 1807/399/396 235/400/238
f 235/400/238 1807/399/396 236/401/397
f 236/401/397 1807/399/396 1806/402/398
f 236/401/397 1806/402/398 237/403/399
f 237/403/399 1806/402/398 1805/404/400
f 237/403/399 1805/404/400 238/405/401
f 238/405/401 1805/404/400 1804/406/402
f 238/405/401 1804/406/402 1803/407/403
f 1803/407/403 1804/406/402 1784/408/404
f 1803/407/403 1784/408/404 1783/409/405
f 1783/409/405 1784/408/404 1764/410/406
f 1783/409/405 1764/410/406 1763/411/407
f 1763/411/407 1764/410/406 1744/412/408
f 1763/411/407 1744/412/408 1743/413/409
f 1743/413/409 1744/412/408 1726/414/410
f 1743/413/409 1726/414/410 1727/415/411
f 1727/415/411 1726/414/410 1704/416/412
f 1727/415/411 1704/416/412 1703/417/413
f 1703/417/413 1704/416/412 1684/418/414
f 1703/417/413 1684/418/414 1683/419/415
f 1683/419/415 1684/418/414 1664/420/416
f 1683/419/415 1664/420/416 1663/421/417
f 1663/421/417 1664/420/416 1625/422/418
f 1663/421/417 1625/422/418 1624/423/419
f 1624/423/419 1625/422/418 1655/424/420
f 1624/423/419 1655/424/420 1656/425/421
f 1656/425/421 1655/424/420 1604/426/422
f 1656/425/421 1604/426/422 1603/427/423
f 1603/427/423 1604/426/422 1584/428/424
f 1603/427/423 1584/428/424 1583/429/425
f 1583/429/425 1584/428/424 1564/430/426
f 1583/429/425 1564/430/426 179/431/189
f 179/431/189 1564/430/426 180/432/427
f 180/432/427 1564/430/426 1545/433/428
f 180/432/427 1545/433/428 181/434/429
f 181/434/429 1545/433/428 1544/435/430
f 181/434/429 1544/435/430 1507/436/431
f 1507/436/431 1544/435/430 1543/437/432
f 1507/436/431 1543/437/432 1508/438/433
f 1508/438/433 1543/437/432 1542/439/434
f 1508/438/433 1542/439/434 1509/440/435
f 1509/440/435 1542/439/434 1541/441/436
f 1509/440/435 1541/441/436 1510/442/437
f 1510/442/437 1541/441/436 1540/443/438
f 1510/442/437 1540/443/438 1511/444/439
f 1511/444/439 1540/443/438 1539/445/440
f 1511/444/439 1539/445/440 1512/446/441
f 1512/446/441 1539/445/440 1538/447/442
f 1512/446/441 1538/447/442 1513/448/443
f 1513/448/443 1538/447/442 1537/449/444
f 1513/448/443 1537/449/444 1514/450/445
f 1514/450/445 1537/449/444 1536/451/446
f 1514/450/445 1536/451/446 1515/452/447
f 1515/452/447 1536/451/446 1535/453/448
f 1515/452/447 1535/453/448 1516/454/449
f 1516/454/449 1535/453/448 1534/455/450
f 1516/454/449 1534/455/450 1517/456/451
f 1517/456/451 1534/455/450 1533/457/452
f 1517/456/451 1533/457/452 1518/458/453
f 1518/458/453 1533/457/452 1532/459/454
f 1518/458/453 1532/459/454 1519/460/455
f 1519/460/455 1532/459/454 1531/461/456
f 1519/460/455 1531/461/456 1520/462/457
f 1520/462/457 1531/461/456 1530/463/458
f 1520/462/457 1530/463/458 1521/464/459
f 1521/464/459 1530/463/458 1529/371/368
f 1521/464/459 1529/371/368 1522/369/366
f 235/241/238 236/465/397 325/243/240
f 325/243/240 236/465/397 324/466/460
f 325/243/240 324/466/460 344/245/242
f 344/245/242 324/466/460 343/467/461
f 344/245/242 343/467/461 363/247/244
f 363/247/244 343/467/461 362/468/462
f 363/247/244 362/468/462 382/249/246
f 382/249/246 362/468/462 381/469/463
f 382/249/246 381/469/463 408/251/248
f 408/251/248 381/469/463 409/470/464
f 408/251/248 409/470/464 401/253/250
f 401/253/250 409/470/464 400/471/465
f 401/253/250 400/471/465 439/255/252
f 439/255/252 400/471/465 438/472/466
f 439/255/252 438/472/466 458/257/254
f 458/257/254 438/472/466 457/473/467
f 458/257/254 457/473/467 477/259/256
f 477/259/256 457/473/467 476/474/468
f 477/259/256 476/474/468 503/261/258
f 503/261/258 476/474/468 504/475/469
f 503/261/258 504/475/469 496/263/260
f 496/263/260 504/475/469 495/476/470
f 496/263/260 495/476/470 534/265/262
f 534/265/262 495/476/470 533/477/471
f 534/265/262 533/477/471 553/267/264
f 553/267/264 533/477/471 552/478/472
f 553/267/264 552/478/472 572/269/266
f 572/269/266 552/478/472 571/479/473
f 572/269/266 571/479/473 579/271/268
f 579/271/268 571/479/473 580/480/474
f 579/271/268 580/480/474 610/273/270
f 610/273/270 580/480/474 609/481/475
f 610/273/270 609/481/475 629/275/272
f 629/275/272 609/481/475 628/482/476
f 629/275/272 628/482/476 648/277/274
f 648/277/274 628/482/476 647/483/477
f 648/277/274 647/483/477 667/279/276
f 667/279/276 647/483/477 666/484/478
f 667/279/276 666/484/478 693/281/278
f 693/281/278 666/484/478 694/485/479
f 693/281/278 694/485/479 686/283/280
f 686/283/280 694/485/479 685/486/480
f 686/283/280 685/486/480 724/285/282
f 724/285/282 685/486/480 723/487/481
f 724/285/282 723/487/481 743/287/284
f 743/287/284 723/487/481 742/488/482
f 743/287/284 742/488/482 762/289/286
f 762/289/286 742/488/482 761/489/483
f 762/289/286 761/489/483 788/291/288
f 788/291/288 761/489/483 789/490/484
f 788/291/288 789/490/484 781/293/290
f 781/293/290 789/490/484 780/491/485
f 781/293/290 780/491/485 819/295/292
f 819/295/292 780/491/485 818/492/486
f 819/295/292 818/492/486 838/297/294
f 838/297/294 818/492/486 837/493/487
f 838/297/294 837/493/487 857/299/296
f 857/299/296 837/493/487 856/494/488
f 857/299/296 856/494/488 864/301/298
f 864/301/298 856/494/488 865/495/489
f 864/301/298 865/495/489 895/303/300
f 895/303/300 865/495/489 894/496/490
f 895/303/300 894/496/490 914/305/302
f 914/305/302 894/496/490 913/497/491
f 914/305/302 913/497/491 933/307/304
f 933/307/304 913/497/491 932/498/492
f 933/307/304 932/498/492 952/309/306
f 952/309/306 932/498/492 951/499/493
f 952/309/306 951/499/493 978/311/308
f 978/311/308 951/499/493 979/500/494
f 978/311/308 979/500/494 971/313/310
f 971/313/310 979/500/494 970/501/495
f 971/313/310 970/501/495 1009/315/312
f 1009/315/312 970/501/495 1008/502/496
f 1009/315/312 1008/502/496 1028/317/314
f 1028/317/314 1008/502/496 1027/503/497
f 1028/317/314 1027/503/497 1047/319/316
f 1047/319/316 1027/503/497 1046/504/498
f 1047/319/316 1046/504/498 1073/321/318
f 1073/321/318 1046/504/498 1074/505/499
f 1073/321/318 1074/505/499 1066/323/320
f 1066/323/320 1074/505/499 1065/506/500
f 1066/323/320 1065/506/500 1104/325/322
f 1104/325/322 1065/506/500 1103/507/501
f 1104/325/322 1103/507/501 1123/327/324
f 1123/327/324 1103/507/501 1122/508/502
f 1123/327/324 1122/508/502 1142/329/326
f 1142/329/326 1122/508/502 1141/509/503
f 1142/329/326 1141/509/503 1168/331/328
f 1168/331/328 1141/509/503 1169/510/504
f 1168/331/328 1169/510/504 1161/333/330
f 1161/333/330 1169/510/504 1160/511/505
f 1161/333/330 1160/511/505 1199/335/332
f 1199/335/332 1160/511/505 1198/512/506
f 1199/335/332 1198/512/506 1218/337/334
f 1218/337/334 1198/512/506 1217/513/507
f 1218/337/334 1217/513/507 1237/339/336
f 1237/339/336 1217/513/507 1236/514/508
f 1237/339/336 1236/514/508 1263/341/338
f 1263/341/338 1236/514/508 1264/515/509
f 1263/341/338 1264/515/509 1256/343/340
f 1256/343/340 1264/515/509 1255/516/510
f 1256/343/340 1255/516/510 1294/345/342
f 1294/345/342 1255/516/510 1293/517/511
f 1294/345/342 1293/517/511 1313/347/344
f 1313/347/344 1293/517/511 1312/518/512
f 1313/347/344 1312/518/512 1332/349/346
f 1332/349/346 1312/518/512 1331/519/513
f 1332/349/346 1331/519/513 1339/351/348
f 1339/351/348 1331/519/513 1340/520/514
f 1339/351/348 1340/520/514 1370/353/350
f 1370/353/350 1340/520/514 1369/521/515
f 1370/353/350 1369/521/515 1389/355/352
f 1389/355/352 1369/521/515 1388/522/516
f 1389/355/352 1388/522/516 1408/357/354
f 1408/357/354 1388/522/516 1407/523/517
f 1408/357/354 1407/523/517 1427/359/356
f 1427/359/356 1407/523/517 1426/524/518
f 1427/359/356 1426/524/518 1453/361/358
f 1453/361/358 1426/524/518 1454/525/519
f 1453/361/358 1454/525/519 1446/363/360
f 1446/363/360 1454/525/519 1445/526/520
f 1446/363/360 1445/526/520 1484/365/362
f 1484/365/362 1445/526/520 1483/527/521
f 1484/365/362 1483/527/521 1503/367/364
f 1503/367/364 1483/527/521 1502/528/522
f 1503/367/364 1502/528/522 1522/369/366
f 1522/369/366 1502/528/522 1521/464/459
f 236/465/397 237/529/399 324/466/460
f 324/466/460 237/529/399 323/530/523
f 324/466/460 323/530/523 343/467/461
f 343/467/461 323/530/523 342/531/524
f 343/467/461 342/531/524 362/468/462
f 362/468/462 342/531/524 361/532/525
f 362/468/462 361/532/525 381/469/463
f 381/469/463 361/532/525 380/533/526
f 381/469/463 380/533/526 409/470/464
f 409/470/464 380/533/526 410/534/527
f 409/470/464 410/534/527 400/471/465
f 400/471/465 410/534/527 399/535/528
f 400/471/465 399/535/528 438/472/466
f 438/472/466 399/535/528 437/536/529
f 438/472/466 437/536/529 457/473/467
f 457/473/467 437/536/529 456/537/530
f 457/473/467 456/537/530 476/474/468
f 476/474/468 456/537/530 475/538/531
f 476/474/468 475/538/531 504/475/469
f 504/475/469 475/538/531 505/539/532
f 504/475/469 505/539/532 495/476/470
f 495/476/470 505/539/532 494/540/533
f 495/476/470 494/540/533 533/477/471
f 533/477/471 494/540/533 532/541/534
f 533/477/471 532/541/534 552/478/472
f 552/478/472 532/541/534 551/542/535
f 552/478/472 551/542/535 571/479/473
f 571/479/473 551/542/535 570/543/536
f 571/479/473 570/543/536 580/480/474
f 580/480/474 570/543/536 581/544/537
f 580/480/474 581/544/537 609/481/475
f 609/481/475 581/544/537 608/545/538
f 609/481/475 608/545/538 628/482/476
f 628/482/476 608/545/538 627/546/539
f 628/482/476 627/546/539 647/483/477
f 647/483/477 627/546/539 646/547/540
f 647/483/477 646/547/540 666/484/478
f 666/484/478 646/547/540 665/548/541
f 666/484/478 665/548/541 694/485/479
f 694/485/479 665/548/541 695/549/542
f 694/485/479 695/549/542 685/486/480
f 685/486/480 695/549/542 684/550/543
f 685/486/480 684/550/543 723/487/481
f 723/487/481 684/550/543 722/551/544
f 723/487/481 722/551/544 742/488/482
f 742/488/482 722/551/544 741/552/545
f 742/488/482 741/552/545 761/489/483
f 761/489/483 741/552/545 760/553/546
f 761/489/483 760/553/546 789/490/484
f 789/490/484 760/553/546 790/554/547
f 789/490/484 790/554/547 780/491/485
f 780/491/485 790/554/547 779/555/548
f 780/491/485 779/555/548 818/492/486
f 818/492/486 779/555/548 817/556/549
f 818/492/486 817/556/549 837/493/487
f 837/493/487 817/556/549 836/557/550
f 837/493/487 836/557/550 856/494/488
f 856/494/488 836/557/550 855/558/551
f 856/494/488 855/558/551 865/495/489
f 865/495/489 855/558/551 866/559/552
f 865/495/489 866/559/552 894/496/490
f 894/496/490 866/559/552 893/560/553
f 894/496/490 893/560/553 913/497/491
f 913/497/491 893/560/553 912/561/554
f 913/497/491 912/561/554 932/498/492
f 932/498/492 912/561/554 931/562/555
f 932/498/492 931/562/555 951/499/493
f 951/499/493 931/562/555 950/563/556
f 951/499/493 950/563/556 979/500/494
f 979/500/494 950/563/556 980/564/557
f 979/500/494 980/564/557 970/501/495
f 970/501/495 980/564/557 969/565/558
f 970/501/495 969/565/558 1008/502/496
f 1008/502/496 969/565/558 1007/566/559
f 1008/502/496 1007/566/559 1027/503/497
f 1027/503/497 1007/566/559 1026/567/560
f 1027/503/497 1026/567/560 1046/504/498
f 1046/504/498 1026/567/560 1045/568/561
f 1046/504/498 1045/568/561 1074/505/499
f 1074/505/499 1045/568/561 1075/569/562
f 1074/505/499 1075/569/562 1065/506/500
f 1065/506/500 1075/569/562 1064/570/563
f 1065/506/500 1064/570/563 1103/507/501
f 1103/507/501 1064/570/563 1102/571/564
f 1103/507/501 1102/571/564 1122/508/502
f 1122/508/502 1102/571/564 1121/572/565
f 1122/508/502 1121/572/565 1141/509/503
f 1141/509/503 1121/572/565 1140/573/566
f 1141/509/503 1140/573/566 1169/510/504
f 1169/510/504 1140/573/566 1170/574/567
f 1169/510/504 1170/574/567 1160/511/505
f 1160/511/505 1170/574/567 1159/575/568
f 1160/511/505 1159/575/568 1198/512/506
f 1198/512/506 1159/575/568 1197/576/569
f 1198/512/506 1197/576/569 1217/513/507
f 1217/513/507 1197/576/569 1216/577/570
f 1217/513/507 1216/577/570 1236/514/508
f 1236/514/508 1216/577/570 1235/578/571
f 1236/514/508 1235/578/571 1264/515/509
f 1264/515/509 1235/578/571 1265/579/572
f 1264/515/509 1265/579/572 1255/516/510
f 1255/516/510 1265/579/572 1254/580/573
f 1255/516/510 1254/580/573 1293/517/511
f 1293/517/511 1254/580/573 1292/581/574
f 1293/517/511 1292/581/574 1312/518/512
f 1312/518/512 1292/581/574 1311/582/575
f 1312/518/512 1311/582/575 1331/519/513
f 1331/519/513 1311/582/575 1330/583/576
f 1331/519/513 1330/583/576 1340/520/514
f 1340/520/514 1330/583/576 1341/584/577
f 1340/520/514 1341/584/577 1369/521/515
f 1369/521/515 1341/584/577 1368/585/578
f 1369/521/515 1368/585/578 1388/522/516
f 1388/522/516 1368/585/578 1387/586/579
f 1388/522/516 1387/586/579 1407/523/517
f 1407/523/517 1387/586/579 1406/587/580
f 1407/523/517 1406/587/580 1426/524/518
f 1426/524/518 1406/587/580 1425/588/581
f 1426/524/518 1425/588/581 1454/525/519
f 1454/525/519 1425/588/581 1455/589/582
f 1454/525/519 1455/589/582 1445/526/520
f 1445/526/520 1455/589/582 1444/590/583
f 1445/526/520 1444/590/583 1483/527/521
f 1483/527/521 1444/590/583 1482/591/584
f 1483/527/521 1482/591/584 1502/528/522
f 1502/528/522 1482/591/584 1501/592/585
f 1502/528/522 1501/592/585 1521/464/459
f 1521/464/459 1501/592/585 1520/462/457
f 237/529/399 238/593/401 323/530/523
f 323/530/523 238/593/401 322/594/586
f 323/530/523 322/594/586 342/531/524
f 342/531/524 322/594/586 341/595/587
f 342/531/524 341/595/587 361/532/525
f 361/532/525 341/595/587 360/596/588
f 361/532/525 360/596/588 380/533/526
f 380/533/526 360/596/588 379/597/589
f 380/533/526 379/597/589 410/534/527
f 410/534/527 379/597/589 411/598/590
f 410/534/527 411/598/590 399/535/528
f 399/535/528 411/598/590 398/599/591
f 399/535/528 398/599/591 437/536/529
f 437/536/529 398/599/591 436/600/592
f 437/536/529 436/600/592 456/537/530
f 456/537/530 436/600/592 455/601/593
f 456/537/530 455/601/593 475/538/531
f 475/538/531 455/601/593 474/602/594
f 475/538/531 474/602/594 505/539/532
f 505/539/532 474/602/594 506/603/595
f 505/539/532 506/603/595 494/540/533
f 494/540/533 506/603/595 493/604/596
f 494/540/533 493/604/596 532/541/534
f 532/541/534 493/604/596 531/605/597
f 532/541/534 531/605/597 551/542/535
f 551/542/535 531/605/597 550/606/598
f 551/542/535 550/606/598 570/543/536
f 570/543/536 550/606/598 569/607/599
f 570/543/536 569/607/599 581/544/537
f 581/544/537 569/607/599 582/608/600
f 581/544/537 582/608/600 608/545/538
f 608/545/538 582/608/600 607/609/601
f 608/545/538 607/609/601 627/546/539
f 627/546/539 607/609/601 626/610/602
f 627/546/539 626/610/602 646/547/540
f 646/547/540 626/610/602 645/611/603
f 646/547/540 645/611/603 665/548/541
f 665/548/541 645/611/603 664/612/604
f 665/548/541 664/612/604 695/549/542
f 695/549/542 664/612/604 696/613/605
f 695/549/542 696/613/605 684/550/543
f 684/550/543 696/613/605 683/614/606
f 684/550/543 683/614/606 722/551/544
f 722/551/544 683/614/606 721/615/607
f 722/551/544 721/615/607 741/552/545
f 741/552/545 721/615/607 740/616/608
f 741/552/545 740/616/608 760/553/546
f 760/553/546 740/616/608 759/617/609
f 760/553/546 759/617/609 790/554/547
f 790/554/547 759/617/609 791/618/610
f 790/554/547 791/618/610 779/555/548
f 779/555/548 791/618/610 778/619/611
f 779/555/548 778/619/611 817/556/549
f 817/556/549 778/619/611 816/620/612
f 817/556/549 816/620/612 836/557/550
f 836/557/550 816/620/612 835/621/613
f 836/557/550 835/621/613 855/558/551
f 855/558/551 835/621/613 854/622/614
f 855/558/551 854/622/614 866/559/552
f 866/559/552 854/622/614 867/623/615
f 866/559/552 867/623/615 893/560/553
f 893/560/553 867/623/615 892/624/616
f 893/560/553 892/624/616 912/561/554
f 912/561/554 892/624/616 911/625/617
f 912/561/554 911/625/617 931/562/555
f 931/562/555 911/625/617 930/626/618
f 931/562/555 930/626/618 950/563/556
f 950/563/556 930/626/618 949/627/619
f 950/563/556 949/627/619 980/564/557
f 980/564/557 949/627/619 981/628/620
f 980/564/557 981/628/620 969/565/558
f 969/565/558 981/628/620 968/629/621
f 969/565/558 968/629/621 1007/566/559
f 1007/566/559 968/629/621 1006/630/622
f 1007/566/559 1006/630/622 1026/567/560
f 1026/567/560 1006/630/622 1025/631/623
f 1026/567/560 1025/631/623 1045/568/561
f 1045/568/561 1025/631/623 1044/632/624
f 1045/568/561 1044/632/624 1075/569/562
f 1075/569/562 1044/632/624 1076/633/625
f 1075/569/562 1076/633/625 1064/570/563
f 1064/570/563 1076/633/625 1063/634/626
f 1064/570/563 1063/634/626 1102/571/564
f 1102/571/564 1063/634/626 1101/635/627
f 1102/571/564 1101/635/627 1121/572/565
f 1121/572/565 1101/635/627 1120/636/628
f 1121/572/565 1120/636/628 1140/573/566
f 1140/573/566 1120/636/628 1139/637/629
f 1140/573/566 1139/637/629 1170/574/567
f 1170/574/567 1139/637/629 1171/638/630
f 1170/574/567 1171/638/630 1159/575/568
f 1159/575/568 1171/638/630 1158/639/631
f 1159/575/568 1158/639/631 1197/576/569
f 1197/576/569 1158/639/631 1196/640/632
f 1197/576/569 1196/640/632 1216/577/570
f 1216/577/570 1196/640/632 1215/641/633
f 1216/577/570 1215/641/633 1235/578/571
f 1235/578/571 1215/641/633 1234/642/634
f 1235/578/571 1234/642/634 1265/579/572
f 1265/579/572 1234/642/634 1266/643/635
f 1265/579/572 1266/643/635 1254/580/573
f 1254/580/573 1266/643/635 1253/644/636
f 1254/580/573 1253/644/636 1292/581/574
f 1292/581/574 1253/644/636 1291/645/637
f 1292/581/574 1291/645/637 1311/582/575
f 1311/582/575 1291/645/637 1310/646/638
f 1311/582/575 1310/646/638 1330/583/576
f 1330/583/576 1310/646/638 1329/647/639
f 1330/583/576 1329/647/639 1341/584/577
f 1341/584/577 1329/647/639 1342/648/640
f 1341/584/577 1342/648/640 1368/585/578
f 1368/585/578 1342/648/640 1367/649/641
f 1368/585/578 1367/649/641 1387/586/579
f 1387/586/579 1367/649/641 1386/650/642
f 1387/586/579 1386/650/642 1406/587/580
f 1406/587/580 1386/650/642 1405/651/643
f 1406/587/580 1405/651/643 1425/588/581
f 1425/588/581 1405/651/643 1424/652/644
f 1425/588/581 1424/652/644 1455/589/582
f 1455/589/582 1424/652/644 1456/653/645
f 1455/589/582 1456/653/645 1444/590/583
f 1444/590/583 1456/653/645 1443/654/646
f 1444/590/583 1443/654/646 1482/591/584
f 1482/591/584 1443/654/646 1481/655/647
f 1482/591/584 1481/655/647 1501/592/585
f 1501/592/585 1481/655/647 1500/656/648
f 1501/592/585 1500/656/648 1520/462/457
f 1520/462/457 1500/656/648 1519/460/455
f 322/594/586 238/593/401 321/657/649
f 321/657/649 238/593/401 239/658/650
f 321/657/649 239/658/650 320/659/651
f 320/659/651 239/658/650 240/660/652
f 320/659/651 240/660/652 319/661/653
f 319/661/653 240/660/652 318/662/654
f 319/661/653 318/662/654 338/663/655
f 338/663/655 318/662/654 337/664/656
f 338/663/655 337/664/656 357/665/657
f 357/665/657 337/664/656 356/666/658
f 357/665/657 356/666/658 376/667/659
f 376/667/659 356/666/658 375/668/660
f 376/667/659 375/668/660 414/669/661
f 414/669/661 375/668/660 415/670/662
f 414/669/661 415/670/662 395/671/663
f 395/671/663 415/670/662 394/672/664
f 395/671/663 394/672/664 433/673/665
f 433/673/665 394/672/664 432/674/666
f 433/673/665 432/674/666 452/675/667
f 452/675/667 432/674/666 451/676/668
f 452/675/667 451/676/668 471/677/669
f 471/677/669 451/676/668 470/678/670
f 471/677/669 470/678/670 509/679/671
f 509/679/671 470/678/670 510/680/672
f 509/679/671 510/680/672 490/681/673
f 490/681/673 510/680/672 489/682/674
f 490/681/673 489/682/674 528/683/675
f 528/683/675 489/682/674 527/684/676
f 528/683/675 527/684/676 547/685/677
f 547/685/677 527/684/676 546/686/678
f 547/685/677 546/686/678 566/687/679
f 566/687/679 546/686/678 565/688/680
f 566/687/679 565/688/680 585/689/681
f 585/689/681 565/688/680 586/690/682
f 585/689/681 586/690/682 604/691/683
f 604/691/683 586/690/682 603/692/684
f 604/691/683 603/692/684 623/693/685
f 623/693/685 603/692/684 622/694/686
f 623/693/685 622/694/686 642/695/687
f 642/695/687 622/694/686 641/696/688
f 642/695/687 641/696/688 661/697/689
f 661/697/689 641/696/688 660/698/690
f 661/697/689 660/698/690 699/699/691
f 699/699/691 660/698/690 700/700/692
f 699/699/691 700/700/692 680/701/693
f 680/701/693 700/700/692 679/702/694
f 680/701/693 679/702/694 718/703/695
f 718/703/695 679/702/694 717/704/696
f 718/703/695 717/704/696 737/705/697
f 737/705/697 717/704/696 736/706/698
f 737/705/697 736/706/698 756/707/699
f 756/707/699 736/706/698 755/708/700
f 756/707/699 755/708/700 794/709/701
f 794/709/701 755/708/700 795/710/702
f 794/709/701 795/710/702 775/711/703
f 775/711/703 795/710/702 774/712/704
f 775/711/703 774/712/704 813/713/705
f 813/713/705 774/712/704 812/714/706
f 813/713/705 812/714/706 832/715/707
f 832/715/707 812/714/706 831/716/708
f 832/715/707 831/716/708 851/717/709
f 851/717/709 831/716/708 850/718/710
f 851/717/709 850/718/710 870/719/711
f 870/719/711 850/718/710 871/720/712
f 870/719/711 871/720/712 889/721/713
f 889/721/713 871/720/712 888/722/714
f 889/721/713 888/722/714 908/723/715
f 908/723/715 888/722/714 907/724/716
f 908/723/715 907/724/716 927/725/717
f 927/725/717 907/724/716 926/726/718
f 927/725/717 926/726/718 946/727/719
f 946/727/719 926/726/718 945/728/720
f 946/727/719 945/728/720 984/729/721
f 984/729/721 945/728/720 985/730/722
f 984/729/721 985/730/722 965/731/723
f 965/731/723 985/730/722 964/732/724
f 965/731/723 964/732/724 1003/733/725
f 1003/733/725 964/732/724 1002/734/726
f 1003/733/725 1002/734/726 1022/735/727
f 1022/735/727 1002/734/726 1021/736/728
f 1022/735/727 1021/736/728 1041/737/729
f 1041/737/729 1021/736/728 1040/738/730
f 1041/737/729 1040/738/730 1079/739/731
f 1079/739/731 1040/738/730 1080/740/732
f 1079/739/731 1080/740/732 1060/741/733
f 1060/741/733 1080/740/732 1059/742/734
f 1060/741/733 1059/742/734 1098/743/735
f 1098/743/735 1059/742/734 1097/744/736
f 1098/743/735 1097/744/736 1117/745/737
f 1117/745/737 1097/744/736 1116/746/738
f 1117/745/737 1116/746/738 1136/747/739
f 1136/747/739 1116/746/738 1135/748/740
f 1136/747/739 1135/748/740 1174/749/741
f 1174/749/741 1135/748/740 1175/750/742
f 1174/749/741 1175/750/742 1155/751/743
f 1155/751/743 1175/750/742 1154/752/744
f 1155/751/743 1154/752/744 1193/753/745
f 1193/753/745 1154/752/744 1192/754/746
f 1193/753/745 1192/754/746 1212/755/747
f 1212/755/747 1192/754/746 1211/756/748
f 1212/755/747 1211/756/748 1231/757/749
f 1231/757/749 1211/756/748 1230/758/750
f 1231/757/749 1230/758/750 1269/759/751
f 1269/759/751 1230/758/750 1270/760/752
f 1269/759/751 1270/760/752 1250/761/753
f 1250/761/753 1270/760/752 1249/762/754
f 1250/761/753 1249/762/754 1288/763/755
f 1288/763/755 1249/762/754 1287/764/756
f 1288/763/755 1287/764/756 1307/765/757
f 1307/765/757 1287/764/756 1306/766/758
f 1307/765/757 1306/766/758 1326/767/759
f 1326/767/759 1306/766/758 1325/768/760
f 1326/767/759 1325/768/760 1345/769/761
f 1345/769/761 1325/768/760 1346/770/762
f 1345/769/761 1346/770/762 1364/771/763
f 1364/771/763 1346/770/762 1363/772/764
f 1364/771/763 1363/772/764 1383/773/765
f 1383/773/765 1363/772/764 1382/774/766
f 1383/773/765 1382/774/766 1402/775/767
f 1402/775/767 1382/774/766 1401/776/768
f 1402/775/767 1401/776/768 1421/777/769
f 1421/777/769 1401/776/768 1420/778/770
f 1421/777/769 1420/778/770 1459/779/771
f 1459/779/771 1420/778/770 1460/780/772
f 1459/779/771 1460/780/772 1440/781/773
f 1440/781/773 1460/780/772 1439/782/774
f 1440/781/773 1439/782/774 1478/783/775
f 1478/783/775 1439/782/774 1477/784/776
f 1478/783/775 1477/784/776 1497/785/777
f 1497/785/777 1477/784/776 1496/786/778
f 1497/785/777 1496/786/778 1516/454/449
f 1516/454/449 1496/786/778 1515/452/447
f 240/660/652 241/787/779 318/662/654
f 318/662/654 241/787/779 317/788/780
f 318/662/654 317/788/780 337/664/656
f 337/664/656 317/788/780 336/789/781
f 337/664/656 336/789/781 356/666/658
f 356/666/658 336/789/781 355/790/782
f 356/666/658 355/790/782 375/668/660
f 375/668/660 355/790/782 374/791/783
f 375/668/660 374/791/783 415/670/662
f 415/670/662 374/791/783 416/792/784
f 415/670/662 416/792/784 394/672/664
f 394/672/664 416/792/784 393/793/785
f 394/672/664 393/793/785 432/674/666
f 432/674/666 393/793/785 431/794/786
f 432/674/666 431/794/786 451/676/668
f 451/676/668 431/794/786 450/795/787
f 451/676/668 450/795/787 470/678/670
f 470/678/670 450/795/787 469/796/788
f 470/678/670 469/796/788 510/680/672
f 510/680/672 469/796/788 511/797/789
f 510/680/672 511/797/789 489/682/674
f 489/682/674 511/797/789 488/798/790
f 489/682/674 488/798/790 527/684/676
f 527/684/676 488/798/790 526/799/791
f 527/684/676 526/799/791 546/686/678
f 546/686/678 526/799/791 545/800/792
f 546/686/678 545/800/792 565/688/680
f 565/688/680 545/800/792 564/801/793
f 565/688/680 564/801/793 586/690/682
f 586/690/682 564/801/793 587/802/794
f 586/690/682 587/802/794 603/692/684
f 603/692/684 587/802/794 602/803/795
f 603/692/684 602/803/795 622/694/686
f 622/694/686 602/803/795 621/804/796
f 622/694/686 621/804/796 641/696/688
f 641/696/688 621/804/796 640/805/797
f 641/696/688 640/805/797 660/698/690
f 660/698/690 640/805/797 659/806/798
f 660/698/690 659/806/798 700/700/692
f 700/700/692 659/806/798 701/807/799
f 700/700/692 701/807/799 679/702/694
f 679/702/694 701/807/799 678/808/800
f 679/702/694 678/808/800 717/704/696
f 717/704/696 678/808/800 716/809/801
f 717/704/696 716/809/801 736/706/698
f 736/706/698 716/809/801 735/810/802
f 736/706/698 735/810/802 755/708/700
f 755/708/700 735/810/802 754/811/803
f 755/708/700 754/811/803 795/710/702
f 795/710/702 754/811/803 796/812/804
f 795/710/702 796/812/804 774/712/704
f 774/712/704 796/812/804 773/813/805
f 774/712/704 773/813/805 812/714/706
f 812/714/706 773/813/805 811/814/806
f 812/714/706 811/814/806 831/716/708
f 831/716/708 811/814/806 830/815/807
f 831/716/708 830/815/807 850/718/710
f 850/718/710 830/815/807 849/816/808
f 850/718/710 849/816/808 871/720/712
f 871/720/712 849/816/808 872/817/809
f 871/720/712 872/817/809 888/722/714
f 888/722/714 872/817/809 887/818/810
f 888/722/714 887/818/810 907/724/716
f 907/724/716 887/818/810 906/819/811
f 907/724/716 906/819/811 926/726/718
f 926/726/718 906/819/811 925/820/812
f 926/726/718 925/820/812 945/728/720
f 945/728/720 925/820/812 944/821/813
f 945/728/720 944/821/813 985/730/722
f 985/730/722 944/821/813 986/822/814
f 985/730/722 986/822/814 964/732/724
f 964/732/724 986/822/814 963/823/815
f 964/732/724 963/823/815 1002/734/726
f 1002/734/726 963/823/815 1001/824/816
f 1002/734/726 1001/824/816 1021/736/728
f 1021/736/728 1001/824/816 1020/825/817
f 1021/736/728 1020/825/817 1040/738/730
f 1040/738/730 1020/825/817 1039/826/818
f 1040/738/730 1039/826/818 1080/740/732
f 1080/740/732 1039/826/818 1081/827/819
f 1080/740/732 1081/827/819 1059/742/734
f 1059/742/734 1081/827/819 1058/828/820
f 1059/742/734 1058/828/820 1097/744/736
f 1097/744/736 1058/828/820 1096/829/821
f 1097/744/736 1096/829/821 1116/746/738
f 1116/746/738 1096/829/821 1115/830/822
f 1116/746/738 1115/830/822 1135/748/740
f 1135/748/740 1115/830/822 1134/831/823
f 1135/748/740 1134/831/823 1175/750/742
f 1175/750/742 1134/831/823 1176/832/824
f 1175/750/742 1176/832/824 1154/752/744
f 1154/752/744 1176/832/824 1153/833/825
f 1154/752/744 1153/833/825 1192/754/746
f 1192/754/746 1153/833/825 1191/834/826
f 1192/754/746 1191/834/826 1211/756/748
f 1211/756/748 1191/834/826 1210/835/827
f 1211/756/748 1210/835/827 1230/758/750
f 1230/758/750 1210/835/827 1229/836/828
f 1230/758/750 1229/836/828 1270/760/752
f 1270/760/752 1229/836/828 1271/837/829
f 1270/760/752 1271/837/829 1249/762/754
f 1249/762/754 1271/837/829 1248/838/830
f 1249/762/754 1248/838/830 1287/764/756
f 1287/764/756 1248/838/830 1286/839/831
f 1287/764/756 1286/839/831 1306/766/758
f 1306/766/758 1286/839/831 1305/840/832
f 1306/766/758 1305/840/832 1325/768/760
f 1325/768/760 1305/840/832 1324/841/833
f 1325/768/760 1324/841/833 1346/770/762
f 1346/770/762 1324/841/833 1347/842/834
f 1346/770/762 1347/842/834 1363/772/764
f 1363/772/764 1347/842/834 1362/843/835
f 1363/772/764 1362/843/835 1382/774/766
f 1382/774/766 1362/843/835 1381/844/836
f 1382/774/766 1381/844/836 1401/776/768
f 1401/776/768 1381/844/836 1400/845/837
f 1401/776/768 1400/845/837 1420/778/770
f 1420/778/770 1400/845/837 1419/846/838
f 1420/778/770 1419/846/838 1460/780/772
f 1460/780/772 1419/846/838 1461/847/839
f 1460/780/772 1461/847/839 1439/782/774
f 1439/782/774 1461/847/839 1438/848/840
f 1439/782/774 1438/848/840 1477/784/776
f 1477/784/776 1438/848/840 1476/849/841
f 1477/784/776 1476/849/841 1496/786/778
f 1496/786/778 1476/849/841 1495/850/842
f 1496/786/778 1495/850/842 1515/452/447
f 1515/452/447 1495/850/842 1514/450/445
f 241/787/779 242/851/843 317/788/780
f 317/788/780 242/851/843 316/852/844
f 317/788/780 316/852/844 336/789/781
f 336/789/781 316/852/844 335/853/845
f 336/789/781 335/853/845 355/790/782
f 355/790/782 335/853/845 354/854/846
f 355/790/782 354/854/846 374/791/783
f 374/791/783 354/854/846 373/855/847
f 374/791/783 373/855/847 416/792/784
f 416/792/784 373/855/847 417/856/848
f 416/792/784 417/856/848 393/793/785
f 393/793/785 417/856/848 392/857/849
f 393/793/785 392/857/849 431/794/786
f 431/794/786 392/857/849 430/858/850
f 431/794/786 430/858/850 450/795/787
f 450/795/787 430/858/850 449/859/851
f 450/795/787 449/859/851 469/796/788
f 469/796/788 449/859/851 468/860/852
f 469/796/788 468/860/852 511/797/789
f 511/797/789 468/860/852 512/861/853
f 511/797/789 512/861/853 488/798/790
f 488/798/790 512/861/853 487/862/854
f 488/798/790 487/862/854 526/799/791
f 526/799/791 487/862/854 525/863/855
f 526/799/791 525/863/855 545/800/792
f 545/800/792 525/863/855 544/864/856
f 545/800/792 544/864/856 564/801/793
f 564/801/793 544/864/856 563/865/857
f 564/801/793 563/865/857 587/802/794
f 587/802/794 563/865/857 588/866/858
f 587/802/794 588/866/858 602/803/795
f 602/803/795 588/866/858 601/867/859
f 602/803/795 601/867/859 621/804/796
f 621/804/796 601/867/859 620/868/860
f 621/804/796 620/868/860 640/805/797
f 640/805/797 620/868/860 639/869/861
f 640/805/797 639/869/861 659/806/798
f 659/806/798 639/869/861 658/870/862
f 659/806/798 658/870/862 701/807/799
f 701/807/799 658/870/862 702/871/863
f 701/807/799 702/871/863 678/808/800
f 678/808/800 702/871/863 677/872/864
f 678/808/800 677/872/864 716/809/801
f 716/809/801 677/872/864 715/873/865
f 716/809/801 715/873/865 735/810/802
f 735/810/802 715/873/865 734/874/866
f 735/810/802 734/874/866 754/811/803
f 754/811/803 734/874/866 753/875/867
f 754/811/803 753/875/867 796/812/804
f 796/812/804 753/875/867 797/876/868
f 796/812/804 797/876/868 773/813/805
f 773/813/805 797/876/868 772/877/869
f 773/813/805 772/877/869 811/814/806
f 811/814/806 772/877/869 810/878/870
f 811/814/806 810/878/870 830/815/807
f 830/815/807 810/878/870 829/879/871
f 830/815/807 829/879/871 849/816/808
f 849/816/808 829/879/871 848/880/872
f 849/816/808 848/880/872 872/817/809
f 872/817/809 848/880/872 873/881/873
f 872/817/809 873/881/873 887/818/810
f 887/818/810 873/881/873 886/882/874
f 887/818/810 886/882/874 906/819/811
f 906/819/811 886/882/874 905/883/875
f 906/819/811 905/883/875 925/820/812
f 925/820/812 905/883/875 924/884/876
f 925/820/812 924/884/876 944/821/813
f 944/821/813 924/884/876 943/885/877
f 944/821/813 943/885/877 986/822/814
f 986/822/814 943/885/877 987/886/878
f 986/822/814 987/886/878 963/823/815
f 963/823/815 987/886/878 962/887/879
f 963/823/815 962/887/879 1001/824/816
f 1001/824/816 962/887/879 1000/888/880
f 1001/824/816 1000/888/880 1020/825/817
f 1020/825/817 1000/888/880 1019/889/881
f 1020/825/817 1019/889/881 1039/826/818
f 1039/826/818 1019/889/881 1038/890/882
f 1039/826/818 1038/890/882 1081/827/819
f 1081/827/819 1038/890/882 1082/891/883
f 1081/827/819 1082/891/883 1058/828/820
f 1058/828/820 1082/891/883 1057/892/884
f 1058/828/820 1057/892/884 1096/829/821
f 1096/829/821 1057/892/884 1095/893/885
f 1096/829/821 1095/893/885 1115/830/822
f 1115/830/822 1095/893/885 1114/894/886
f 1115/830/822 1114/894/886 1134/831/823
f 1134/831/823 1114/894/886 1133/895/887
f 1134/831/823 1133/895/887 1176/832/824
f 1176/832/824 1133/895/887 1177/896/888
f 1176/832/824 1177/896/888 1153/833/825
f 1153/833/825 1177/896/888 1152/897/889
f 1153/833/825 1152/897/889 1191/834/826
f 1191/834/826 1152/897/889 1190/898/890
f 1191/834/826 1190/898/890 1210/835/827
f 1210/835/827 1190/898/890 1209/899/891
f 1210/835/827 1209/899/891 1229/836/828
f 1229/836/828 1209/899/891 1228/900/892
f 1229/836/828 1228/900/892 1271/837/829
f 1271/837/829 1228/900/892 1272/901/893
f 1271/837/829 1272/901/893 1248/838/830
f 1248/838/830 1272/901/893 1247/902/894
f 1248/838/830 1247/902/894 1286/839/831
f 1286/839/831 1247/902/894 1285/903/895
f 1286/839/831 1285/903/895 1305/840/832
f 1305/840/832 1285/903/895 1304/904/896
f 1305/840/832 1304/904/896 1324/841/833
f 1324/841/833 1304/904/896 1323/905/897
f 1324/841/833 1323/905/897 1347/842/834
f 1347/842/834 1323/905/897 1348/906/898
f 1347/842/834 1348/906/898 1362/843/835
f 1362/843/835 1348/906/898 1361/907/899
f 1362/843/835 1361/907/899 1381/844/836
f 1381/844/836 1361/907/899 1380/908/900
f 1381/844/836 1380/908/900 1400/845/837
f 1400/845/837 1380/908/900 1399/909/901
f 1400/845/837 1399/909/901 1419/846/838
f 1419/846/838 1399/909/901 1418/910/902
f 1419/846/838 1418/910/902 1461/847/839
f 1461/847/839 1418/910/902 1462/911/903
f 1461/847/839 1462/911/903 1438/848/840
f 1438/848/840 1462/911/903 1437/912/904
f 1438/848/840 1437/912/904 1476/849/841
f 1476/849/841 1437/912/904 1475/913/905
f 1476/849/841 1475/913/905 1495/850/842
f 1495/850/842 1475/913/905 1494/914/906
f 1495/850/842 1494/914/906 1514/450/445
f 1514/450/445 1494/914/906 1513/448/443
f 316/852/844 242/851/843 315/915/907
f 315/915/907 242/851/843 243/916/908
f 315/915/907 243/916/908 314/917/909
f 314/917/909 243/916/908 313/918/910
f 314/917/909 313/918/910 333/919/911
f 333/919/911 313/918/910 332/920/912
f 333/919/911 332/920/912 352/921/913
f 352/921/913 332/920/912 351/922/914
f 352/921/913 351/922/914 371/923/915
f 371/923/915 351/922/914 370/924/916
f 371/923/915 370/924/916 419/925/917
f 419/925/917 370/924/916 420/926/918
f 419/925/917 420/926/918 390/927/919
f 390/927/919 420/926/918 389/928/920
f 390/927/919 389/928/920 428/929/921
f 428/929/921 389/928/920 427/930/922
f 428/929/921 427/930/922 447/931/923
f 447/931/923 427/930/922 446/932/924
f 447/931/923 446/932/924 466/933/925
f 466/933/925 446/932/924 465/934/926
f 466/933/925 465/934/926 514/935/927
f 514/935/927 465/934/926 515/936/928
f 514/935/927 515/936/928 485/937/929
f 485/937/929 515/936/928 484/938/930
f 485/937/929 484/938/930 523/939/931
f 523/939/931 484/938/930 522/940/932
f 523/939/931 522/940/932 542/941/933
f 542/941/933 522/940/932 541/942/934
f 542/941/933 541/942/934 561/943/935
f 561/943/935 541/942/934 560/944/936
f 561/943/935 560/944/936 590/945/937
f 590/945/937 560/944/936 591/946/938
f 590/945/937 591/946/938 599/947/939
f 599/947/939 591/946/938 598/948/940
f 599/947/939 598/948/940 618/949/941
f 618/949/941 598/948/940 617/950/942
f 618/949/941 617/950/942 637/951/943
f 637/951/943 617/950/942 636/952/944
f 637/951/943 636/952/944 656/953/945
f 656/953/945 636/952/944 655/954/946
f 656/953/945 655/954/946 704/955/947
f 704/955/947 655/954/946 705/956/948
f 704/955/947 705/956/948 675/957/949
f 675/957/949 705/956/948 674/958/950
f 675/957/949 674/958/950 713/959/951
f 713/959/951 674/958/950 712/960/952
f 713/959/951 712/960/952 732/961/953
f 732/961/953 712/960/952 731/962/954
f 732/961/953 731/962/954 751/963/955
f 751/963/955 731/962/954 750/964/956
f 751/963/955 750/964/956 799/965/957
f 799/965/957 750/964/956 800/966/958
f 799/965/957 800/966/958 770/967/959
f 770/967/959 800/966/958 769/968/960
f 770/967/959 769/968/960 808/969/961
f 808/969/961 769/968/960 807/970/962
f 808/969/961 807/970/962 827/971/963
f 827/971/963 807/970/962 826/972/964
f 827/971/963 826/972/964 846/973/965
f 846/973/965 826/972/964 845/974/966
f 846/973/965 845/974/966 875/975/967
f 875/975/967 845/974/966 876/976/968
f 875/975/967 876/976/968 884/977/969
f 884/977/969 876/976/968 883/978/970
f 884/977/969 883/978/970 903/979/971
f 903/979/971 883/978/970 902/980/972
f 903/979/971 902/980/972 922/981/973
f 922/981/973 902/980/972 921/982/974
f 922/981/973 921/982/974 941/983/975
f 941/983/975 921/982/974 940/984/976
f 941/983/975 940/984/976 989/985/977
f 989/985/977 940/984/976 990/986/978
f 989/985/977 990/986/978 960/987/979
f 960/987/979 990/986/978 959/988/980
f 960/987/979 959/988/980 998/989/981
f 998/989/981 959/988/980 997/990/982
f 998/989/981 997/990/982 1017/991/983
f 1017/991/983 997/990/982 1016/992/984
f 1017/991/983 1016/992/984 1036/993/985
f 1036/993/985 1016/992/984 1035/994/986
f 1036/993/985 1035/994/986 1084/995/987
f 1084/995/987 1035/994/986 1085/996/988
f 1084/995/987 1085/996/988 1055/997/989
f 1055/997/989 1085/996/988 1054/998/990
f 1055/997/989 1054/998/990 1093/999/991
f 1093/999/991 1054/998/990 1092/1000/992
f 1093/999/991 1092/1000/992 1112/1001/993
f 1112/1001/993 1092/1000/992 1111/1002/994
f 1112/1001/993 1111/1002/994 1131/1003/995
f 1131/1003/995 1111/1002/994 1130/1004/996
f 1131/1003/995 1130/1004/996 1179/1005/997
f 1179/1005/997 1130/1004/996 1180/1006/998
f 1179/1005/997 1180/1006/998 1150/1007/999
f 1150/1007/999 1180/1006/998 1149/1008/1000
f 1150/1007/999 1149/1008/1000 1188/1009/1001
f 1188/1009/1001 1149/1008/1000 1187/1010/1002
f 1188/1009/1001 1187/1010/1002 1207/1011/1003
f 1207/1011/1003 1187/1010/1002 1206/1012/1004
f 1207/1011/1003 1206/1012/1004 1226/1013/1005
f 1226/1013/1005 1206/1012/1004 1225/1014/1006
f 1226/1013/1005 1225/1014/1006 1274/1015/1007
f 1274/1015/1007 1225/1014/1006 1275/1016/1008
f 1274/1015/1007 1275/1016/1008 1245/1017/1009
f 1245/1017/1009 1275/1016/1008 1244/1018/1010
f 1245/1017/1009 1244/1018/1010 1283/1019/1011
f 1283/1019/1011 1244/1018/1010 1282/1020/1012
f 1283/1019/1011 1282/1020/1012 1302/1021/1013
f 1302/1021/1013 1282/1020/1012 1301/1022/1014
f 1302/1021/1013 1301/1022/1014 1321/1023/1015
f 1321/1023/1015 1301/1022/1014 1320/1024/1016
f 1321/1023/1015 1320/1024/1016 1350/1025/1017
f 1350/1025/1017 1320/1024/1016 1351/1026/1018
f 1350/1025/1017 1351/1026/1018 1359/1027/1019
f 1359/1027/1019 1351/1026/1018 1358/1028/1020
f 1359/1027/1019 1358/1028/1020 1378/1029/1021
f 1378/1029/1021 1358/1028/1020 1377/1030/1022
f 1378/1029/1021 1377/1030/1022 1397/1031/1023
f 1397/1031/1023 1377/1030/1022 1396/1032/1024
f 1397/1031/1023 1396/1032/1024 1416/1033/1025
f 1416/1033/1025 1396/1032/1024 1415/1034/1026
f 1416/1033/1025 1415/1034/1026 1464/1035/1027
f 1464/1035/1027 1415/1034/1026 1465/1036/1028
f 1464/1035/1027 1465/1036/1028 1435/1037/1029
f 1435/1037/1029 1465/1036/1028 1434/1038/1030
f 1435/1037/1029 1434/1038/1030 1473/1039/1031
f 1473/1039/1031 1434/1038/1030 1472/1040/1032
f 1473/1039/1031 1472/1040/1032 1492/1041/1033
f 1492/1041/1033 1472/1040/1032 1491/1042/1034
f 1492/1041/1033 1491/1042/1034 1511/444/439
f 1511/444/439 1491/1042/1034 1510/442/437
f 243/916/908 244/1043/1035 313/918/910
f 313/918/910 244/1043/1035 312/1044/1036
f 313/918/910 312/1044/1036 332/920/912
f 332/920/912 312/1044/1036 331/1045/1037
f 332/920/912 331/1045/1037 351/922/914
f 351/922/914 331/1045/1037 350/1046/1038
f 351/922/914 350/1046/1038 370/924/916
f 370/924/916 350/1046/1038 369/1047/1039
f 370/924/916 369/1047/1039 420/926/918
f 420/926/918 369/1047/1039 421/1048/1040
f 420/926/918 421/1048/1040 389/928/920
f 389/928/920 421/1048/1040 388/1049/1041
f 389/928/920 388/1049/1041 427/930/922
f 427/930/922 388/1049/1041 426/1050/1042
f 427/930/922 426/1050/1042 446/932/924
f 446/932/924 426/1050/1042 445/1051/1043
f 446/932/924 445/1051/1043 465/934/926
f 465/934/926 445/1051/1043 464/1052/1044
f 465/934/926 464/1052/1044 515/936/928
f 515/936/928 464/1052/1044 516/1053/1045
f 515/936/928 516/1053/1045 484/938/930
f 484/938/930 516/1053/1045 483/1054/1046
f 484/938/930 483/1054/1046 522/940/932
f 522/940/932 483/1054/1046 521/1055/1047
f 522/940/932 521/1055/1047 541/942/934
f 541/942/934 521/1055/1047 540/1056/1048
f 541/942/934 540/1056/1048 560/944/936
f 560/944/936 540/1056/1048 559/1057/1049
f 560/944/936 559/1057/1049 591/946/938
f 591/946/938 559/1057/1049 592/1058/1050
f 591/946/938 592/1058/1050 598/948/940
f 598/948/940 592/1058/1050 597/1059/1051
f 598/948/940 597/1059/1051 617/950/942
f 617/950/942 597/1059/1051 616/1060/1052
f 617/950/942 616/1060/1052 636/952/944
f 636/952/944 616/1060/1052 635/1061/1053
f 636/952/944 635/1061/1053 655/954/946
f 655/954/946 635/1061/1053 654/1062/1054
f 655/954/946 654/1062/1054 705/956/948
f 705/956/948 654/1062/1054 706/1063/1055
f 705/956/948 706/1063/1055 674/958/950
f 674/958/950 706/1063/1055 673/1064/1056
f 674/958/950 673/1064/1056 712/960/952
f 712/960/952 673/1064/1056 711/1065/1057
f 712/960/952 711/1065/1057 731/962/954
f 731/962/954 711/1065/1057 730/1066/1058
f 731/962/954 730/1066/1058 750/964/956
f 750/964/956 730/1066/1058 749/1067/1059
f 750/964/956 749/1067/1059 800/966/958
f 800/966/958 749/1067/1059 801/1068/1060
f 800/966/958 801/1068/1060 769/968/960
f 769/968/960 801/1068/1060 768/1069/1061
f 769/968/960 768/1069/1061 807/970/962
f 807/970/962 768/1069/1061 806/1070/1062
f 807/970/962 806/1070/1062 826/972/964
f 826/972/964 806/1070/1062 825/1071/1063
f 826/972/964 825/1071/1063 845/974/966
f 845/974/966 825/1071/1063 844/1072/1064
f 845/974/966 844/1072/1064 876/976/968
f 876/976/968 844/1072/1064 877/1073/1065
f 876/976/968 877/1073/1065 883/978/970
f 883/978/970 877/1073/1065 882/1074/1066
f 883/978/970 882/1074/1066 902/980/972
f 902/980/972 882/1074/1066 901/1075/1067
f 902/980/972 901/1075/1067 921/982/974
f 921/982/974 901/1075/1067 920/1076/1068
f 921/982/974 920/1076/1068 940/984/976
f 940/984/976 920/1076/1068 939/1077/1069
f 940/984/976 939/1077/1069 990/986/978
f 990/986/978 939/1077/1069 991/1078/1070
f 990/986/978 991/1078/1070 959/988/980
f 959/988/980 991/1078/1070 958/1079/1071
f 959/988/980 958/1079/1071 997/990/982
f 997/990/982 958/1079/1071 996/1080/1072
f 997/990/982 996/1080/1072 1016/992/984
f 1016/992/984 996/1080/1072 1015/1081/1073
f 1016/992/984 1015/1081/1073 1035/994/986
f 1035/994/986 1015/1081/1073 1034/1082/1074
f 1035/994/986 1034/1082/1074 1085/996/988
f 1085/996/988 1034/1082/1074 1086/1083/1075
f 1085/996/988 1086/1083/1075 1054/998/990
f 1054/998/990 1086/1083/1075 1053/1084/1076
f 1054/998/990 1053/1084/1076 1092/1000/992
f 1092/1000/992 1053/1084/1076 1091/1085/1077
f 1092/1000/992 1091/1085/1077 1111/1002/994
f 1111/1002/994 1091/1085/1077 1110/1086/1078
f 1111/1002/994 1110/1086/1078 1130/1004/996
f 1130/1004/996 1110/1086/1078 1129/1087/1079
f 1130/1004/996 1129/1087/1079 1180/1006/998
f 1180/1006/998 1129/1087/1079 1181/1088/1080
f 1180/1006/998 1181/1088/1080 1149/1008/1000
f 1149/1008/1000 1181/1088/1080 1148/1089/1081
f 1149/1008/1000 1148/1089/1081 1187/1010/1002
f 1187/1010/1002 1148/1089/1081 1186/1090/1082
f 1187/1010/1002 1186/1090/1082 1206/1012/1004
f 1206/1012/1004 1186/1090/1082 1205/1091/1083
f 1206/1012/1004 1205/1091/1083 1225/1014/1006
f 1225/1014/1006 1205/1091/1083 1224/1092/1084
f 1225/1014/1006 1224/1092/1084 1275/1016/1008
f 1275/1016/1008 1224/1092/1084 1276/1093/1085
f 1275/1016/1008 1276/1093/1085 1244/1018/1010
f 1244/1018/1010 1276/1093/1085 1243/1094/1086
f 1244/1018/1010 1243/1094/1086 1282/1020/1012
f 1282/1020/1012 1243/1094/1086 1281/1095/1087
f 1282/1020/1012 1281/1095/1087 1301/1022/1014
f 1301/1022/1014 1281/1095/1087 1300/1096/1088
f 1301/1022/1014 1300/1096/1088 1320/1024/1016
f 1320/1024/1016 1300/1096/1088 1319/1097/1089
f 1320/1024/1016 1319/1097/1089 1351/1026/1018
f 1351/1026/1018 1319/1097/1089 1352/1098/1090
f 1351/1026/1018 1352/1098/1090 1358/1028/1020
f 1358/1028/1020 1352/1098/1090 1357/1099/1091
f 1358/1028/1020 1357/1099/1091 1377/1030/1022
f 1377/1030/1022 1357/1099/1091 1376/1100/1092
f 1377/1030/1022 1376/1100/1092 1396/1032/1024
f 1396/1032/1024 1376/1100/1092 1395/1101/1093
f 1396/1032/1024 1395/1101/1093 1415/1034/1026
f 1415/1034/1026 1395/1101/1093 1414/1102/1094
f 1415/1034/1026 1414/1102/1094 1465/1036/1028
f 1465/1036/1028 1414/1102/1094 1466/1103/1095
f 1465/1036/1028 1466/1103/1095 1434/1038/1030
f 1434/1038/1030 1466/1103/1095 1433/1104/1096
f 1434/1038/1030 1433/1104/1096 1472/1040/1032
f 1472/1040/1032 1433/1104/1096 1471/1105/1097
f 1472/1040/1032 1471/1105/1097 1491/1042/1034
f 1491/1042/1034 1471/1105/1097 1490/1106/1098
f 1491/1042/1034 1490/1106/1098 1510/442/437
f 1510/442/437 1490/1106/1098 1509/440/435
f 244/1043/1035 245/1107/1099 312/1044/1036
f 312/1044/1036 245/1107/1099 311/1108/1100
f 312/1044/1036 311/1108/1100 331/1045/1037
f 331/1045/1037 311/1108/1100 330/1109/1101
f 331/1045/1037 330/1109/1101 350/1046/1038
f 350/1046/1038 330/1109/1101 349/1110/1102
f 350/1046/1038 349/1110/1102 369/1047/1039
f 369/1047/1039 349/1110/1102 368/1111/1103
f 369/1047/1039 368/1111/1103 421/1048/1040
f 421/1048/1040 368/1111/1103 422/1112/1104
f 421/1048/1040 422/1112/1104 388/1049/1041
f 388/1049/1041 422/1112/1104 387/1113/1105
f 388/1049/1041 387/1113/1105 426/1050/1042
f 426/1050/1042 387/1113/1105 425/1114/1106
f 426/1050/1042 425/1114/1106 445/1051/1043
f 445/1051/1043 425/1114/1106 444/1115/1107
f 445/1051/1043 444/1115/1107 464/1052/1044
f 464/1052/1044 444/1115/1107 463/1116/1108
f 464/1052/1044 463/1116/1108 516/1053/1045
f 516/1053/1045 463/1116/1108 517/1117/1109
f 516/1053/1045 517/1117/1109 483/1054/1046
f 483/1054/1046 517/1117/1109 482/1118/1110
f 483/1054/1046 482/1118/1110 521/1055/1047
f 521/1055/1047 482/1118/1110 520/1119/1111
f 521/1055/1047 520/1119/1111 540/1056/1048
f 540/1056/1048 520/1119/1111 539/1120/1112
f 540/1056/1048 539/1120/1112 559/1057/1049
f 559/1057/1049 539/1120/1112 558/1121/1113
f 559/1057/1049 558/1121/1113 592/1058/1050
f 592/1058/1050 558/1121/1113 593/1122/1114
f 592/1058/1050 593/1122/1114 597/1059/1051
f 597/1059/1051 593/1122/1114 596/1123/1115
f 597/1059/1051 596/1123/1115 616/1060/1052
f 616/1060/1052 596/1123/1115 615/1124/1116
f 616/1060/1052 615/1124/1116 635/1061/1053
f 635/1061/1053 615/1124/1116 634/1125/1117
f 635/1061/1053 634/1125/1117 654/1062/1054
f 654/1062/1054 634/1125/1117 653/1126/1118
f 654/1062/1054 653/1126/1118 706/1063/1055
f 706/1063/1055 653/1126/1118 707/1127/1119
f 706/1063/1055 707/1127/1119 673/1064/1056
f 673/1064/1056 707/1127/1119 672/1128/1120
f 673/1064/1056 672/1128/1120 711/1065/1057
f 711/1065/1057 672/1128/1120 710/1129/1121
f 711/1065/1057 710/1129/1121 730/1066/1058
f 730/1066/1058 710/1129/1121 729/1130/1122
f 730/1066/1058 729/1130/1122 749/1067/1059
f 749/1067/1059 729/1130/1122 748/1131/1123
f 749/1067/1059 748/1131/1123 801/1068/1060
f 801/1068/1060 748/1131/1123 802/1132/1124
f 801/1068/1060 802/1132/1124 768/1069/1061
f 768/1069/1061 802/1132/1124 767/1133/1125
f 768/1069/1061 767/1133/1125 806/1070/1062
f 806/1070/1062 767/1133/1125 805/1134/1126
f 806/1070/1062 805/1134/1126 825/1071/1063
f 825/1071/1063 805/1134/1126 824/1135/1127
f 825/1071/1063 824/1135/1127 844/1072/1064
f 844/1072/1064 824/1135/1127 843/1136/1128
f 844/1072/1064 843/1136/1128 877/1073/1065
f 877/1073/1065 843/1136/1128 878/1137/1129
f 877/1073/1065 878/1137/1129 882/1074/1066
f 882/1074/1066 878/1137/1129 881/1138/1130
f 882/1074/1066 881/1138/1130 901/1075/1067
f 901/1075/1067 881/1138/1130 900/1139/1131
f 901/1075/1067 900/1139/1131 920/1076/1068
f 920/1076/1068 900/1139/1131 919/1140/1132
f 920/1076/1068 919/1140/1132 939/1077/1069
f 939/1077/1069 919/1140/1132 938/1141/1133
f 939/1077/1069 938/1141/1133 991/1078/1070
f 991/1078/1070 938/1141/1133 992/1142/1134
f 991/1078/1070 992/1142/1134 958/1079/1071
f 958/1079/1071 992/1142/1134 957/1143/1135
f 958/1079/1071 957/1143/1135 996/1080/1072
f 996/1080/1072 957/1143/1135 995/1144/1136
f 996/1080/1072 995/1144/1136 1015/1081/1073
f 1015/1081/1073 995/1144/1136 1014/1145/1137
f 1015/1081/1073 1014/1145/1137 1034/1082/1074
f 1034/1082/1074 1014/1145/1137 1033/1146/1138
f 1034/1082/1074 1033/1146/1138 1086/1083/1075
f 1086/1083/1075 1033/1146/1138 1087/1147/1139
f 1086/1083/1075 1087/1147/1139 1053/1084/1076
f 1053/1084/1076 1087/1147/1139 1052/1148/1140
f 1053/1084/1076 1052/1148/1140 1091/1085/1077
f 1091/1085/1077 1052/1148/1140 1090/1149/1141
f 1091/1085/1077 1090/1149/1141 1110/1086/1078
f 1110/1086/1078 1090/1149/1141 1109/1150/1142
f 1110/1086/1078 1109/1150/1142 1129/1087/1079
f 1129/1087/1079 1109/1150/1142 1128/1151/1143
f 1129/1087/1079 1128/1151/1143 1181/1088/1080
f 1181/1088/1080 1128/1151/1143 1182/1152/1144
f 1181/1088/1080 1182/1152/1144 1148/1089/1081
f 1148/1089/1081 1182/1152/1144 1147/1153/1145
f 1148/1089/1081 1147/1153/1145 1186/1090/1082
f 1186/1090/1082 1147/1153/1145 1185/1154/1146
f 1186/1090/1082 1185/1154/1146 1205/1091/1083
f 1205/1091/1083 1185/1154/1146 1204/1155/1147
f 1205/1091/1083 1204/1155/1147 1224/1092/1084
f 1224/1092/1084 1204/1155/1147 1223/1156/1148
f 1224/1092/1084 1223/1156/1148 1276/1093/1085
f 1276/1093/1085 1223/1156/1148 1277/1157/1149
f 1276/1093/1085 1277/1157/1149 1243/1094/1086
f 1243/1094/1086 1277/1157/1149 1242/1158/1150
f 1243/1094/1086 1242/1158/1150 1281/1095/1087
f 1281/1095/1087 1242/1158/1150 1280/1159/1151
f 1281/1095/1087 1280/1159/1151 1300/1096/1088
f 1300/1096/1088 1280/1159/1151 1299/1160/1152
f 1300/1096/1088 1299/1160/1152 1319/1097/1089
f 1319/1097/1089 1299/1160/1152 1318/1161/1153
f 1319/1097/1089 1318/1161/1153 1352/1098/1090
f 1352/1098/1090 1318/1161/1153 1353/1162/1154
f 1352/1098/1090 1353/1162/1154 1357/1099/1091
f 1357/1099/1091 1353/1162/1154 1356/1163/1155
f 1357/1099/1091 1356/1163/1155 1376/1100/1092
f 1376/1100/1092 1356/1163/1155 1375/1164/1156
f 1376/1100/1092 1375/1164/1156 1395/1101/1093
f 1395/1101/1093 1375/1164/1156 1394/1165/1157
f 1395/1101/1093 1394/1165/1157 1414/1102/1094
f 1414/1102/1094 1394/1165/1157 1413/1166/1158
f 1414/1102/1094 1413/1166/1158 1466/1103/1095
f 1466/1103/1095 1413/1166/1158 1467/1167/1159
f 1466/1103/1095 1467/1167/1159 1433/1104/1096
f 1433/1104/1096 1467/1167/1159 1432/1168/1160
f 1433/1104/1096 1432/1168/1160 1471/1105/1097
f 1471/1105/1097 1432/1168/1160 1470/1169/1161
f 1471/1105/1097 1470/1169/1161 1490/1106/1098
f 1490/1106/1098 1470/1169/1161 1489/1170/1162
f 1490/1106/1098 1489/1170/1162 1509/440/435
f 1509/440/435 1489/1170/1162 1508/438/433
f 311/1108/1100 245/1107/1099 310/1171/1163
f 310/1171/1163 245/1107/1099 246/1172/1164
f 310/1171/1163 246/1172/1164 169/1173/169
f 169/1173/169 232/1174/171 310/1171/1163
f 310/1171/1163 232/1174/171 329/1175/1165
f 310/1171/1163 329/1175/1165 330/1109/1101
f 330/1109/1101 329/1175/1165 349/1110/1102
f 232/1174/171 231/1176/176 329/1175/1165
f 329/1175/1165 231/1176/176 348/1177/1166
f 329/1175/1165 348/1177/1166 349/1110/1102
f 349/1110/1102 348/1177/1166 368/1111/1103
f 231/1176/176 230/1178/177 348/1177/1166
f 348/1177/1166 230/1178/177 367/1179/1167
f 348/1177/1166 367/1179/1167 368/1111/1103
f 368/1111/1103 367/1179/1167 422/1112/1104
f 230/1178/177 229/1180/178 367/1179/1167
f 367/1179/1167 229/1180/178 423/1181/1168
f 367/1179/1167 423/1181/1168 422/1112/1104
f 422/1112/1104 423/1181/1168 387/1113/1105
f 423/1181/1168 229/1180/178 386/1182/1169
f 386/1182/1169 229/1180/178 228/1183/1170
f 386/1182/1169 228/1183/1170 424/1184/1171
f 424/1184/1171 228/1183/1170 227/1185/1172
f 424/1184/1171 227/1185/1172 443/1186/1173
f 443/1186/1173 227/1185/1172 226/1187/182
f 443/1186/1173 226/1187/182 462/1188/1174
f 462/1188/1174 226/1187/182 225/1189/183
f 462/1188/1174 225/1189/183 518/1190/1175
f 518/1190/1175 225/1189/183 481/1191/1176
f 518/1190/1175 481/1191/1176 482/1118/1110
f 482/1118/1110 481/1191/1176 520/1119/1111
f 225/1189/183 224/1192/1177 481/1191/1176
f 481/1191/1176 224/1192/1177 519/1193/1178
f 481/1191/1176 519/1193/1178 520/1119/1111
f 520/1119/1111 519/1193/1178 539/1120/1112
f 224/1192/1177 223/1194/1179 519/1193/1178
f 519/1193/1178 223/1194/1179 538/1195/1180
f 519/1193/1178 538/1195/1180 539/1120/1112
f 539/1120/1112 538/1195/1180 558/1121/1113
f 223/1194/1179 222/1196/1181 538/1195/1180
f 538/1195/1180 222/1196/1181 557/1197/1182
f 538/1195/1180 557/1197/1182 558/1121/1113
f 558/1121/1113 557/1197/1182 593/1122/1114
f 222/1196/1181 221/1198/1183 557/1197/1182
f 557/1197/1182 221/1198/1183 594/1199/1184
f 557/1197/1182 594/1199/1184 593/1122/1114
f 593/1122/1114 594/1199/1184 596/1123/1115
f 594/1199/1184 221/1198/1183 595/1200/1185
f 595/1200/1185 221/1198/1183 220/1201/195
f 595/1200/1185 220/1201/195 614/1202/1186
f 614/1202/1186 220/1201/195 219/1203/196
f 614/1202/1186 219/1203/196 633/1204/1187
f 633/1204/1187 219/1203/196 218/1205/1188
f 633/1204/1187 218/1205/1188 652/1206/1189
f 652/1206/1189 218/1205/1188 217/1207/1190
f 652/1206/1189 217/1207/1190 708/1208/1191
f 708/1208/1191 217/1207/1190 671/1209/1192
f 708/1208/1191 671/1209/1192 672/1128/1120
f 672/1128/1120 671/1209/1192 710/1129/1121
f 217/1207/1190 216/1210/1193 671/1209/1192
f 671/1209/1192 216/1210/1193 709/1211/1194
f 671/1209/1192 709/1211/1194 710/1129/1121
f 710/1129/1121 709/1211/1194 729/1130/1122
f 216/1210/1193 215/1212/1195 709/1211/1194
f 709/1211/1194 215/1212/1195 728/1213/1196
f 709/1211/1194 728/1213/1196 729/1130/1122
f 729/1130/1122 728/1213/1196 748/1131/1123
f 215/1212/1195 214/1214/208 728/1213/1196
f 728/1213/1196 214/1214/208 747/1215/1197
f 728/1213/1196 747/1215/1197 748/1131/1123
f 748/1131/1123 747/1215/1197 802/1132/1124
f 214/1214/208 213/1216/1198 747/1215/1197
f 747/1215/1197 213/1216/1198 803/1217/1199
f 747/1215/1197 803/1217/1199 802/1132/1124
f 802/1132/1124 803/1217/1199 767/1133/1125
f 803/1217/1199 213/1216/1198 766/1218/1200
f 766/1218/1200 213/1216/1198 212/1219/1201
f 766/1218/1200 212/1219/1201 804/1220/1202
f 804/1220/1202 212/1219/1201 211/1221/1203
f 804/1220/1202 211/1221/1203 823/1222/1204
f 823/1222/1204 211/1221/1203 210/1223/1205
f 823/1222/1204 210/1223/1205 842/1224/1206
f 842/1224/1206 210/1223/1205 209/1225/1207
f 842/1224/1206 209/1225/1207 879/1226/1208
f 879/1226/1208 209/1225/1207 880/1227/1209
f 879/1226/1208 880/1227/1209 881/1138/1130
f 881/1138/1130 880/1227/1209 900/1139/1131
f 209/1225/1207 208/1228/1210 880/1227/1209
f 880/1227/1209 208/1228/1210 899/1229/1211
f 880/1227/1209 899/1229/1211 900/1139/1131
f 900/1139/1131 899/1229/1211 919/1140/1132
f 208/1228/1210 207/1230/223 899/1229/1211
f 899/1229/1211 207/1230/223 918/1231/1212
f 899/1229/1211 918/1231/1212 919/1140/1132
f 919/1140/1132 918/1231/1212 938/1141/1133
f 207/1230/223 206/1232/1213 918/1231/1212
f 918/1231/1212 206/1232/1213 937/1233/1214
f 918/1231/1212 937/1233/1214 938/1141/1133
f 938/1141/1133 937/1233/1214 992/1142/1134
f 206/1232/1213 205/1234/1215 937/1233/1214
f 937/1233/1214 205/1234/1215 993/1235/1216
f 937/1233/1214 993/1235/1216 992/1142/1134
f 992/1142/1134 993/1235/1216 957/1143/1135
f 993/1235/1216 205/1234/1215 956/1236/1217
f 956/1236/1217 205/1234/1215 204/1237/1218
f 956/1236/1217 204/1237/1218 994/1238/1219
f 994/1238/1219 204/1237/1218 203/1239/1220
f 994/1238/1219 203/1239/1220 1013/1240/1221
f 1013/1240/1221 203/1239/1220 202/1241/1222
f 1013/1240/1221 202/1241/1222 1032/1242/1223
f 1032/1242/1223 202/1241/1222 201/1243/231
f 1032/1242/1223 201/1243/231 1088/1244/1224
f 1088/1244/1224 201/1243/231 1051/1245/1225
f 1088/1244/1224 1051/1245/1225 1052/1148/1140
f 1052/1148/1140 1051/1245/1225 1090/1149/1141
f 201/1243/231 200/1246/232 1051/1245/1225
f 1051/1245/1225 200/1246/232 1089/1247/1226
f 1051/1245/1225 1089/1247/1226 1090/1149/1141
f 1090/1149/1141 1089/1247/1226 1109/1150/1142
f 200/1246/232 199/1248/1227 1089/1247/1226
f 1089/1247/1226 199/1248/1227 1108/1249/1228
f 1089/1247/1226 1108/1249/1228 1109/1150/1142
f 1109/1150/1142 1108/1249/1228 1128/1151/1143
f 199/1248/1227 198/1250/1229 1108/1249/1228
f 1108/1249/1228 198/1250/1229 1127/1251/1230
f 1108/1249/1228 1127/1251/1230 1128/1151/1143
f 1128/1151/1143 1127/1251/1230 1182/1152/1144
f 198/1250/1229 197/1252/1231 1127/1251/1230
f 1127/1251/1230 197/1252/1231 1183/1253/1232
f 1127/1251/1230 1183/1253/1232 1182/1152/1144
f 1182/1152/1144 1183/1253/1232 1147/1153/1145
f 1183/1253/1232 197/1252/1231 1146/1254/1233
f 1146/1254/1233 197/1252/1231 196/1255/1234
f 1146/1254/1233 196/1255/1234 1184/1256/1235
f 1184/1256/1235 196/1255/1234 195/1257/1236
f 1184/1256/1235 195/1257/1236 1203/1258/1237
f 1203/1258/1237 195/1257/1236 194/1259/1238
f 1203/1258/1237 194/1259/1238 1222/1260/1239
f 1222/1260/1239 194/1259/1238 193/1261/217
f 1222/1260/1239 193/1261/217 1278/1262/1240
f 1278/1262/1240 193/1261/217 1241/1263/1241
f 1278/1262/1240 1241/1263/1241 1242/1158/1150
f 1242/1158/1150 1241/1263/1241 1280/1159/1151
f 193/1261/217 192/1264/1242 1241/1263/1241
f 1241/1263/1241 192/1264/1242 1279/1265/1243
f 1241/1263/1241 1279/1265/1243 1280/1159/1151
f 1280/1159/1151 1279/1265/1243 1299/1160/1152
f 192/1264/1242 191/1266/1244 1279/1265/1243
f 1279/1265/1243 191/1266/1244 1298/1267/1245
f 1279/1265/1243 1298/1267/1245 1299/1160/1152
f 1299/1160/1152 1298/1267/1245 1318/1161/1153
f 191/1266/1244 190/1268/1246 1298/1267/1245
f 1298/1267/1245 190/1268/1246 1317/1269/1247
f 1298/1267/1245 1317/1269/1247 1318/1161/1153
f 1318/1161/1153 1317/1269/1247 1353/1162/1154
f 190/1268/1246 189/1270/1248 1317/1269/1247
f 1317/1269/1247 189/1270/1248 1354/1271/1249
f 1317/1269/1247 1354/1271/1249 1353/1162/1154
f 1353/1162/1154 1354/1271/1249 1356/1163/1155
f 1354/1271/1249 189/1270/1248 1355/1272/1250
f 1355/1272/1250 189/1270/1248 188/1273/1251
f 1355/1272/1250 188/1273/1251 1374/1274/1252
f 1374/1274/1252 188/1273/1251 187/1275/1253
f 1374/1274/1252 187/1275/1253 1393/1276/1254
f 1393/1276/1254 187/1275/1253 186/1277/203
f 1393/1276/1254 186/1277/203 1412/1278/1255
f 1412/1278/1255 186/1277/203 185/1279/1256
f 1412/1278/1255 185/1279/1256 1468/1280/1257
f 1468/1280/1257 185/1279/1256 1431/1281/1258
f 1468/1280/1257 1431/1281/1258 1432/1168/1160
f 1432/1168/1160 1431/1281/1258 1470/1169/1161
f 185/1279/1256 184/1282/1259 1431/1281/1258
f 1431/1281/1258 184/1282/1259 1469/1283/1260
f 1431/1281/1258 1469/1283/1260 1470/1169/1161
f 1470/1169/1161 1469/1283/1260 1489/1170/1162
f 184/1282/1259 183/1284/1261 1469/1283/1260
f 1469/1283/1260 183/1284/1261 1488/1285/1262
f 1469/1283/1260 1488/1285/1262 1489/1170/1162
f 1489/1170/1162 1488/1285/1262 1508/438/433
f 183/1284/1261 182/1286/1263 1488/1285/1262
f 1488/1285/1262 182/1286/1263 1507/436/431
f 1488/1285/1262 1507/436/431 1508/438/433
f 182/1286/1263 181/434/429 1507/436/431
f 179/431/189 178/1287/1264 1583/429/425
f 1583/429/425 178/1287/1264 1602/1288/1265
f 1583/429/425 1602/1288/1265 1603/427/423
f 1603/427/423 1602/1288/1265 1657/1289/1266
f 1603/427/423 1657/1289/1266 1656/425/421
f 1656/425/421 1657/1289/1266 1623/1290/1267
f 1656/425/421 1623/1290/1267 1624/423/419
f 1624/423/419 1623/1290/1267 1662/1291/1268
f 1624/423/419 1662/1291/1268 1663/421/417
f 1663/421/417 1662/1291/1268 1682/1292/1269
f 1663/421/417 1682/1292/1269 1683/419/415
f 1683/419/415 1682/1292/1269 1702/1293/1270
f 1683/419/415 1702/1293/1270 1703/417/413
f 1703/417/413 1702/1293/1270 1728/1294/1271
f 1703/417/413 1728/1294/1271 1727/415/411
f 1727/415/411 1728/1294/1271 1742/1295/1272
f 1727/415/411 1742/1295/1272 1743/413/409
f 1743/413/409 1742/1295/1272 1762/1296/1273
f 1743/413/409 1762/1296/1273 1763/411/407
f 1763/411/407 1762/1296/1273 1782/1297/1274
f 1763/411/407 1782/1297/1274 1783/409/405
f 1783/409/405 1782/1297/1274 1802/1298/1275
f 1783/409/405 1802/1298/1275 1803/407/403
f 1803/407/403 1802/1298/1275 239/1299/650
f 1803/407/403 239/1299/650 238/405/401
f 178/1287/1264 177/1300/1276 1602/1288/1265
f 1602/1288/1265 177/1300/1276 1658/1301/1277
f 1602/1288/1265 1658/1301/1277 1657/1289/1266
f 1657/1289/1266 1658/1301/1277 1622/1302/1278
f 1657/1289/1266 1622/1302/1278 1623/1290/1267
f 1623/1290/1267 1622/1302/1278 1661/1303/1279
f 1623/1290/1267 1661/1303/1279 1662/1291/1268
f 1662/1291/1268 1661/1303/1279 1681/1304/1280
f 1662/1291/1268 1681/1304/1280 1682/1292/1269
f 1682/1292/1269 1681/1304/1280 1701/1305/1281
f 1682/1292/1269 1701/1305/1281 1702/1293/1270
f 1702/1293/1270 1701/1305/1281 1729/1306/1282
f 1702/1293/1270 1729/1306/1282 1728/1294/1271
f 1728/1294/1271 1729/1306/1282 1741/1307/1283
f 1728/1294/1271 1741/1307/1283 1742/1295/1272
f 1742/1295/1272 1741/1307/1283 1761/1308/1284
f 1742/1295/1272 1761/1308/1284 1762/1296/1273
f 1762/1296/1273 1761/1308/1284 1781/1309/1285
f 1762/1296/1273 1781/1309/1285 1782/1297/1274
f 1782/1297/1274 1781/1309/1285 1801/1310/1286
f 1782/1297/1274 1801/1310/1286 1802/1298/1275
f 1802/1298/1275 1801/1310/1286 240/1311/652
f 1802/1298/1275 240/1311/652 239/1299/650
f 1658/1301/1277 177/1300/1276 1621/1312/1287
f 1621/1312/1287 177/1300/1276 176/1313/1288
f 1621/1312/1287 176/1313/1288 1659/1314/1289
f 1659/1314/1289 176/1313/1288 175/1315/1290
f 1659/1314/1289 175/1315/1290 1678/1316/1291
f 1678/1316/1291 175/1315/1290 174/1317/1292
f 1678/1316/1291 174/1317/1292 1697/1318/1293
f 1697/1318/1293 174/1317/1292 173/1319/1294
f 1697/1318/1293 173/1319/1294 1734/1320/1295
f 1734/1320/1295 173/1319/1294 1735/1321/1296
f 1734/1320/1295 1735/1321/1296 1736/1322/1297
f 1736/1322/1297 1735/1321/1296 1755/1323/1298
f 1736/1322/1297 1755/1323/1298 1756/1324/1299
f 1756/1324/1299 1755/1323/1298 1775/1325/1300
f 1756/1324/1299 1775/1325/1300 1776/1326/1301
f 1776/1326/1301 1775/1325/1300 1795/1327/1302
f 1776/1326/1301 1795/1327/1302 1796/1328/1303
f 1796/1328/1303 1795/1327/1302 243/1329/908
f 1796/1328/1303 243/1329/908 1797/1330/1304
f 1797/1330/1304 243/1329/908 242/1331/843
f 1797/1330/1304 242/1331/843 1798/1332/1305
f 1798/1332/1305 242/1331/843 1799/1333/1306
f 1798/1332/1305 1799/1333/1306 1779/1334/1307
f 1779/1334/1307 1799/1333/1306 1780/1335/1308
f 1779/1334/1307 1780/1335/1308 1760/1336/1309
f 1760/1336/1309 1780/1335/1308 1761/1308/1284
f 1760/1336/1309 1761/1308/1284 1741/1307/1283
f 173/1319/1294 172/1337/173 1735/1321/1296
f 1735/1321/1296 172/1337/173 1754/1338/1310
f 1735/1321/1296 1754/1338/1310 1755/1323/1298
f 1755/1323/1298 1754/1338/1310 1774/1339/1311
f 1755/1323/1298 1774/1339/1311 1775/1325/1300
f 1775/1325/1300 1774/1339/1311 1794/1340/1312
f 1775/1325/1300 1794/1340/1312 1795/1327/1302
f 1795/1327/1302 1794/1340/1312 244/1341/1035
f 1795/1327/1302 244/1341/1035 243/1329/908
f 172/1337/173 171/1342/172 1754/1338/1310
f 1754/1338/1310 171/1342/172 1773/1343/1313
f 1754/1338/1310 1773/1343/1313 1774/1339/1311
f 1774/1339/1311 1773/1343/1313 1793/1344/1314
f 1774/1339/1311 1793/1344/1314 1794/1340/1312
f 1794/1340/1312 1793/1344/1314 245/1345/1099
f 1794/1340/1312 245/1345/1099 244/1341/1035
f 171/1342/172 170/1346/170 1773/1343/1313
f 1773/1343/1313 170/1346/170 1792/1347/1315
f 1773/1343/1313 1792/1347/1315 1793/1344/1314
f 1793/1344/1314 1792/1347/1315 245/1345/1099
f 170/1346/170 169/1348/169 1792/1347/1315
f 1792/1347/1315 169/1348/169 246/1349/1164
f 1792/1347/1315 246/1349/1164 245/1345/1099
f 242/1331/843 241/1350/779 1799/1333/1306
f 1799/1333/1306 241/1350/779 1800/1351/1316
f 1799/1333/1306 1800/1351/1316 1780/1335/1308
f 1780/1335/1308 1800/1351/1316 1781/1309/1285
f 1780/1335/1308 1781/1309/1285 1761/1308/1284
f 241/1350/779 240/1311/652 1800/1351/1316
f 1800/1351/1316 240/1311/652 1801/1310/1286
f 1800/1351/1316 1801/1310/1286 1781/1309/1285
f 1808/398/395 235/400/238 1809/1352/1317
f 1809/1352/1317 235/400/238 234/1353/236
f 1809/1352/1317 234/1353/236 1810/1354/1318
f 1810/1354/1318 234/1353/236 233/1355/234
f 1810/1354/1318 233/1355/234 247/1356/1319
f 1810/1354/1318 247/1356/1319 1791/1357/1320
f 1791/1357/1320 247/1356/1319 248/1358/1321
f 1791/1357/1320 248/1358/1321 1772/1359/1322
f 1772/1359/1322 248/1358/1321 249/1360/1323
f 1772/1359/1322 249/1360/1323 1753/1361/1324
f 1753/1361/1324 249/1360/1323 250/1362/1325
f 1753/1361/1324 250/1362/1325 1716/1363/1326
f 1716/1363/1326 250/1362/1325 1715/1364/1327
f 1716/1363/1326 1715/1364/1327 1714/1365/1328
f 1714/1365/1328 1715/1364/1327 1695/1366/1329
f 1714/1365/1328 1695/1366/1329 1694/386/383
f 1694/386/383 1695/1366/1329 1675/384/381
f 250/1362/1325 251/1367/1330 1715/1364/1327
f 1715/1364/1327 251/1367/1330 1696/1368/1331
f 1715/1364/1327 1696/1368/1331 1695/1366/1329
f 1695/1366/1329 1696/1368/1331 1676/1369/1332
f 1695/1366/1329 1676/1369/1332 1675/384/381
f 1675/384/381 1676/1369/1332 1637/382/379
f 251/1367/1330 252/1370/1333 1696/1368/1331
f 1696/1368/1331 252/1370/1333 1677/1371/1334
f 1696/1368/1331 1677/1371/1334 1676/1369/1332
f 1676/1369/1332 1677/1371/1334 1638/1372/1335
f 1676/1369/1332 1638/1372/1335 1637/382/379
f 1637/382/379 1638/1372/1335 1642/380/377
f 252/1370/1333 253/1373/1336 1677/1371/1334
f 1677/1371/1334 253/1373/1336 1639/1374/1337
f 1677/1371/1334 1639/1374/1337 1638/1372/1335
f 1638/1372/1335 1639/1374/1337 1641/1375/1338
f 1638/1372/1335 1641/1375/1338 1642/380/377
f 1642/380/377 1641/1375/1338 1618/378/375
f 253/1373/1336 254/1376/1339 1639/1374/1337
f 1639/1374/1337 254/1376/1339 1640/1377/1340
f 1639/1374/1337 1640/1377/1340 1641/1375/1338
f 1641/1375/1338 1640/1377/1340 1619/1378/1341
f 1641/1375/1338 1619/1378/1341 1618/378/375
f 1618/378/375 1619/1378/1341 1599/376/373
f 1640/1377/1340 254/1376/1339 1620/1379/1342
f 1620/1379/1342 254/1376/1339 255/1380/1343
f 1620/1379/1342 255/1380/1343 1601/1381/1344
f 1601/1381/1344 255/1380/1343 256/1382/1345
f 1601/1381/1344 256/1382/1345 1582/1383/1346
f 1582/1383/1346 256/1382/1345 257/1384/1347
f 1582/1383/1346 257/1384/1347 1563/1385/1348
f 1563/1385/1348 257/1384/1347 258/1386/1349
f 1563/1385/1348 258/1386/1349 1526/1387/1350
f 1526/1387/1350 258/1386/1349 1525/1388/1351
f 1526/1387/1350 1525/1388/1351 1524/1389/1352
f 1524/1389/1352 1525/1388/1351 1505/1390/1353
f 1524/1389/1352 1505/1390/1353 1504/366/363
f 1504/366/363 1505/1390/1353 1485/364/361
f 258/1386/1349 259/1391/1354 1525/1388/1351
f 1525/1388/1351 259/1391/1354 1506/1392/1355
f 1525/1388/1351 1506/1392/1355 1505/1390/1353
f 1505/1390/1353 1506/1392/1355 1486/1393/1356
f 1505/1390/1353 1486/1393/1356 1485/364/361
f 1485/364/361 1486/1393/1356 1447/362/359
f 259/1391/1354 260/1394/1357 1506/1392/1355
f 1506/1392/1355 260/1394/1357 1487/1395/1358
f 1506/1392/1355 1487/1395/1358 1486/1393/1356
f 1486/1393/1356 1487/1395/1358 1448/1396/1359
f 1486/1393/1356 1448/1396/1359 1447/362/359
f 1447/362/359 1448/1396/1359 1452/360/357
f 260/1394/1357 261/1397/1360 1487/1395/1358
f 1487/1395/1358 261/1397/1360 1449/1398/1361
f 1487/1395/1358 1449/1398/1361 1448/1396/1359
f 1448/1396/1359 1449/1398/1361 1451/1399/1362
f 1448/1396/1359 1451/1399/1362 1452/360/357
f 1452/360/357 1451/1399/1362 1428/358/355
f 261/1397/1360 262/1400/1363 1449/1398/1361
f 1449/1398/1361 262/1400/1363 1450/1401/1364
f 1449/1398/1361 1450/1401/1364 1451/1399/1362
f 1451/1399/1362 1450/1401/1364 1429/1402/1365
f 1451/1399/1362 1429/1402/1365 1428/358/355
f 1428/358/355 1429/1402/1365 1409/356/353
f 1450/1401/1364 262/1400/1363 1430/1403/1366
f 1430/1403/1366 262/1400/1363 263/1404/1367
f 1430/1403/1366 263/1404/1367 1411/1405/1368
f 1411/1405/1368 263/1404/1367 264/1406/1369
f 1411/1405/1368 264/1406/1369 1392/1407/1370
f 1392/1407/1370 264/1406/1369 265/1408/1371
f 1392/1407/1370 265/1408/1371 1373/1409/1372
f 1373/1409/1372 265/1408/1371 266/1410/1373
f 1373/1409/1372 266/1410/1373 1336/1411/1374
f 1336/1411/1374 266/1410/1373 1335/1412/1375
f 1336/1411/1374 1335/1412/1375 1334/1413/1376
f 1334/1413/1376 1335/1412/1375 1315/1414/1377
f 1334/1413/1376 1315/1414/1377 1314/346/343
f 1314/346/343 1315/1414/1377 1295/344/341
f 266/1410/1373 267/1415/1378 1335/1412/1375
f 1335/1412/1375 267/1415/1378 1316/1416/1379
f 1335/1412/1375 1316/1416/1379 1315/1414/1377
f 1315/1414/1377 1316/1416/1379 1296/1417/1380
f 1315/1414/1377 1296/1417/1380 1295/344/341
f 1295/344/341 1296/1417/1380 1257/342/339
f 267/1415/1378 268/1418/1381 1316/1416/1379
f 1316/1416/1379 268/1418/1381 1297/1419/1382
f 1316/1416/1379 1297/1419/1382 1296/1417/1380
f 1296/1417/1380 1297/1419/1382 1258/1420/1383
f 1296/1417/1380 1258/1420/1383 1257/342/339
f 1257/342/339 1258/1420/1383 1262/340/337
f 268/1418/1381 269/1421/1384 1297/1419/1382
f 1297/1419/1382 269/1421/1384 1259/1422/1385
f 1297/1419/1382 1259/1422/1385 1258/1420/1383
f 1258/1420/1383 1259/1422/1385 1261/1423/1386
f 1258/1420/1383 1261/1423/1386 1262/340/337
f 1262/340/337 1261/1423/1386 1238/338/335
f 269/1421/1384 270/1424/1387 1259/1422/1385
f 1259/1422/1385 270/1424/1387 1260/1425/1388
f 1259/1422/1385 1260/1425/1388 1261/1423/1386
f 1261/1423/1386 1260/1425/1388 1239/1426/1389
f 1261/1423/1386 1239/1426/1389 1238/338/335
f 1238/338/335 1239/1426/1389 1219/336/333
f 1260/1425/1388 270/1424/1387 1240/1427/1390
f 1240/1427/1390 270/1424/1387 271/1428/1391
f 1240/1427/1390 271/1428/1391 1221/1429/1392
f 1221/1429/1392 271/1428/1391 272/1430/1393
f 1221/1429/1392 272/1430/1393 1202/1431/1394
f 1202/1431/1394 272/1430/1393 273/1432/1395
f 1202/1431/1394 273/1432/1395 1164/1433/1396
f 1164/1433/1396 273/1432/1395 274/1434/1397
f 1164/1433/1396 274/1434/1397 1165/1435/1398
f 1165/1435/1398 274/1434/1397 1145/1436/1399
f 1165/1435/1398 1145/1436/1399 1144/1437/1400
f 1144/1437/1400 1145/1436/1399 1125/1438/1401
f 1144/1437/1400 1125/1438/1401 1124/326/323
f 1124/326/323 1125/1438/1401 1105/324/321
f 274/1434/1397 275/1439/1402 1145/1436/1399
f 1145/1436/1399 275/1439/1402 1126/1440/1403
f 1145/1436/1399 1126/1440/1403 1125/1438/1401
f 1125/1438/1401 1126/1440/1403 1106/1441/1404
f 1125/1438/1401 1106/1441/1404 1105/324/321
f 1105/324/321 1106/1441/1404 1067/322/319
f 275/1439/1402 276/1442/1405 1126/1440/1403
f 1126/1440/1403 276/1442/1405 1107/1443/1406
f 1126/1440/1403 1107/1443/1406 1106/1441/1404
f 1106/1441/1404 1107/1443/1406 1068/1444/1407
f 1106/1441/1404 1068/1444/1407 1067/322/319
f 1067/322/319 1068/1444/1407 1072/320/317
f 276/1442/1405 277/1445/1408 1107/1443/1406
f 1107/1443/1406 277/1445/1408 1069/1446/1409
f 1107/1443/1406 1069/1446/1409 1068/1444/1407
f 1068/1444/1407 1069/1446/1409 1071/1447/1410
f 1068/1444/1407 1071/1447/1410 1072/320/317
f 1072/320/317 1071/1447/1410 1048/318/315
f 277/1445/1408 278/1448/1411 1069/1446/1409
f 1069/1446/1409 278/1448/1411 1070/1449/1412
f 1069/1446/1409 1070/1449/1412 1071/1447/1410
f 1071/1447/1410 1070/1449/1412 1049/1450/1413
f 1071/1447/1410 1049/1450/1413 1048/318/315
f 1048/318/315 1049/1450/1413 1029/316/313
f 1070/1449/1412 278/1448/1411 1050/1451/1414
f 1050/1451/1414 278/1448/1411 279/1452/1415
f 1050/1451/1414 279/1452/1415 1031/1453/1416
f 1031/1453/1416 279/1452/1415 280/1454/1417
f 1031/1453/1416 280/1454/1417 1012/1455/1418
f 1012/1455/1418 280/1454/1417 281/1456/1419
f 1012/1455/1418 281/1456/1419 974/1457/1420
f 974/1457/1420 281/1456/1419 282/1458/1421
f 974/1457/1420 282/1458/1421 975/1459/1422
f 975/1459/1422 282/1458/1421 955/1460/1423
f 975/1459/1422 955/1460/1423 954/1461/1424
f 954/1461/1424 955/1460/1423 935/1462/1425
f 954/1461/1424 935/1462/1425 934/306/303
f 934/306/303 935/1462/1425 915/304/301
f 282/1458/1421 283/1463/1426 955/1460/1423
f 955/1460/1423 283/1463/1426 936/1464/1427
f 955/1460/1423 936/1464/1427 935/1462/1425
f 935/1462/1425 936/1464/1427 916/1465/1428
f 935/1462/1425 916/1465/1428 915/304/301
f 915/304/301 916/1465/1428 896/302/299
f 283/1463/1426 284/1466/1429 936/1464/1427
f 936/1464/1427 284/1466/1429 917/1467/1430
f 936/1464/1427 917/1467/1430 916/1465/1428
f 916/1465/1428 917/1467/1430 897/1468/1431
f 916/1465/1428 897/1468/1431 896/302/299
f 896/302/299 897/1468/1431 863/300/297
f 284/1466/1429 285/1469/1432 917/1467/1430
f 917/1467/1430 285/1469/1432 898/1470/1433
f 917/1467/1430 898/1470/1433 897/1468/1431
f 897/1468/1431 898/1470/1433 862/1471/1434
f 897/1468/1431 862/1471/1434 863/300/297
f 863/300/297 862/1471/1434 858/298/295
f 285/1469/1432 286/1472/1435 898/1470/1433
f 898/1470/1433 286/1472/1435 861/1473/1436
f 898/1470/1433 861/1473/1436 862/1471/1434
f 862/1471/1434 861/1473/1436 859/1474/1437
f 862/1471/1434 859/1474/1437 858/298/295
f 858/298/295 859/1474/1437 839/296/293
f 861/1473/1436 286/1472/1435 860/1475/1438
f 860/1475/1438 286/1472/1435 287/1476/1439
f 860/1475/1438 287/1476/1439 841/1477/1440
f 841/1477/1440 287/1476/1439 288/1478/1441
f 841/1477/1440 288/1478/1441 822/1479/1442
f 822/1479/1442 288/1478/1441 289/1480/1443
f 822/1479/1442 289/1480/1443 784/1481/1444
f 784/1481/1444 289/1480/1443 290/1482/1445
f 784/1481/1444 290/1482/1445 785/1483/1446
f 785/1483/1446 290/1482/1445 765/1484/1447
f 785/1483/1446 765/1484/1447 764/1485/1448
f 764/1485/1448 765/1484/1447 745/1486/1449
f 764/1485/1448 745/1486/1449 744/286/283
f 744/286/283 745/1486/1449 725/284/281
f 290/1482/1445 291/1487/1450 765/1484/1447
f 765/1484/1447 291/1487/1450 746/1488/1451
f 765/1484/1447 746/1488/1451 745/1486/1449
f 745/1486/1449 746/1488/1451 726/1489/1452
f 745/1486/1449 726/1489/1452 725/284/281
f 725/284/281 726/1489/1452 687/282/279
f 291/1487/1450 292/1490/1453 746/1488/1451
f 746/1488/1451 292/1490/1453 727/1491/1454
f 746/1488/1451 727/1491/1454 726/1489/1452
f 726/1489/1452 727/1491/1454 688/1492/1455
f 726/1489/1452 688/1492/1455 687/282/279
f 687/282/279 688/1492/1455 692/280/277
f 292/1490/1453 293/1493/1456 727/1491/1454
f 727/1491/1454 293/1493/1456 689/1494/1457
f 727/1491/1454 689/1494/1457 688/1492/1455
f 688/1492/1455 689/1494/1457 691/1495/1458
f 688/1492/1455 691/1495/1458 692/280/277
f 692/280/277 691/1495/1458 668/278/275
f 293/1493/1456 294/1496/1459 689/1494/1457
f 689/1494/1457 294/1496/1459 690/1497/1460
f 689/1494/1457 690/1497/1460 691/1495/1458
f 691/1495/1458 690/1497/1460 669/1498/1461
f 691/1495/1458 669/1498/1461 668/278/275
f 668/278/275 669/1498/1461 649/276/273
f 690/1497/1460 294/1496/1459 670/1499/1462
f 670/1499/1462 294/1496/1459 295/1500/1463
f 670/1499/1462 295/1500/1463 651/1501/1464
f 651/1501/1464 295/1500/1463 296/1502/1465
f 651/1501/1464 296/1502/1465 632/1503/1466
f 632/1503/1466 296/1502/1465 297/1504/1467
f 632/1503/1466 297/1504/1467 613/1505/1468
f 613/1505/1468 297/1504/1467 298/1506/1469
f 613/1505/1468 298/1506/1469 576/1507/1470
f 576/1507/1470 298/1506/1469 575/1508/1471
f 576/1507/1470 575/1508/1471 574/1509/1472
f 574/1509/1472 575/1508/1471 555/1510/1473
f 574/1509/1472 555/1510/1473 554/266/263
f 554/266/263 555/1510/1473 535/264/261
f 298/1506/1469 299/1511/1474 575/1508/1471
f 575/1508/1471 299/1511/1474 556/1512/1475
f 575/1508/1471 556/1512/1475 555/1510/1473
f 555/1510/1473 556/1512/1475 536/1513/1476
f 555/1510/1473 536/1513/1476 535/264/261
f 535/264/261 536/1513/1476 497/262/259
f 299/1511/1474 300/1514/1477 556/1512/1475
f 556/1512/1475 300/1514/1477 537/1515/1478
f 556/1512/1475 537/1515/1478 536/1513/1476
f 536/1513/1476 537/1515/1478 498/1516/1479
f 536/1513/1476 498/1516/1479 497/262/259
f 497/262/259 498/1516/1479 502/260/257
f 300/1514/1477 301/1517/1480 537/1515/1478
f 537/1515/1478 301/1517/1480 499/1518/1481
f 537/1515/1478 499/1518/1481 498/1516/1479
f 498/1516/1479 499/1518/1481 501/1519/1482
f 498/1516/1479 501/1519/1482 502/260/257
f 502/260/257 501/1519/1482 478/258/255
f 301/1517/1480 302/1520/1483 499/1518/1481
f 499/1518/1481 302/1520/1483 500/1521/1484
f 499/1518/1481 500/1521/1484 501/1519/1482
f 501/1519/1482 500/1521/1484 479/1522/1485
f 501/1519/1482 479/1522/1485 478/258/255
f 478/258/255 479/1522/1485 459/256/253
f 500/1521/1484 302/1520/1483 480/1523/1486
f 480/1523/1486 302/1520/1483 303/1524/1487
f 480/1523/1486 303/1524/1487 461/1525/1488
f 461/1525/1488 303/1524/1487 304/1526/1489
f 461/1525/1488 304/1526/1489 442/1527/1490
f 442/1527/1490 304/1526/1489 305/1528/1491
f 442/1527/1490 305/1528/1491 404/1529/1492
f 404/1529/1492 305/1528/1491 306/1530/1493
f 404/1529/1492 306/1530/1493 405/1531/1494
f 405/1531/1494 306/1530/1493 385/1532/1495
f 405/1531/1494 385/1532/1495 384/1533/1496
f 384/1533/1496 385/1532/1495 365/1534/1497
f 384/1533/1496 365/1534/1497 364/246/243
f 364/246/243 365/1534/1497 345/244/241
f 306/1530/1493 307/1535/1498 385/1532/1495
f 385/1532/1495 307/1535/1498 366/1536/1499
f 385/1532/1495 366/1536/1499 365/1534/1497
f 365/1534/1497 366/1536/1499 346/1537/1500
f 365/1534/1497 346/1537/1500 345/244/241
f 345/244/241 346/1537/1500 326/242/239
f 307/1535/1498 308/1538/1501 366/1536/1499
f 366/1536/1499 308/1538/1501 347/1539/1502
f 366/1536/1499 347/1539/1502 346/1537/1500
f 346/1537/1500 347/1539/1502 327/240/237
f 346/1537/1500 327/240/237 326/242/239
f 308/1538/1501 309/236/233 347/1539/1502
f 347/1539/1502 309/236/233 328/238/235
f 347/1539/1502 328/238/235 327/240/237
f 330/1109/1101 311/1108/1100 310/1171/1163
f 335/853/845 316/852/844 315/915/907
f 315/915/907 314/917/909 334/1540/1503
f 334/1540/1503 314/917/909 333/919/911
f 334/1540/1503 333/919/911 353/1541/1504
f 353/1541/1504 333/919/911 352/921/913
f 353/1541/1504 352/921/913 372/1542/1505
f 372/1542/1505 352/921/913 371/923/915
f 372/1542/1505 371/923/915 418/1543/1506
f 418/1543/1506 371/923/915 419/925/917
f 418/1543/1506 419/925/917 391/1544/1507
f 391/1544/1507 419/925/917 390/927/919
f 391/1544/1507 390/927/919 429/1545/1508
f 429/1545/1508 390/927/919 428/929/921
f 429/1545/1508 428/929/921 448/1546/1509
f 448/1546/1509 428/929/921 447/931/923
f 448/1546/1509 447/931/923 467/1547/1510
f 467/1547/1510 447/931/923 466/933/925
f 467/1547/1510 466/933/925 513/1548/1511
f 513/1548/1511 466/933/925 514/935/927
f 513/1548/1511 514/935/927 486/1549/1512
f 486/1549/1512 514/935/927 485/937/929
f 486/1549/1512 485/937/929 524/1550/1513
f 524/1550/1513 485/937/929 523/939/931
f 524/1550/1513 523/939/931 543/1551/1514
f 543/1551/1514 523/939/931 542/941/933
f 543/1551/1514 542/941/933 562/1552/1515
f 562/1552/1515 542/941/933 561/943/935
f 562/1552/1515 561/943/935 589/1553/1516
f 589/1553/1516 561/943/935 590/945/937
f 589/1553/1516 590/945/937 600/1554/1517
f 600/1554/1517 590/945/937 599/947/939
f 600/1554/1517 599/947/939 619/1555/1518
f 619/1555/1518 599/947/939 618/949/941
f 619/1555/1518 618/949/941 638/1556/1519
f 638/1556/1519 618/949/941 637/951/943
f 638/1556/1519 637/951/943 657/1557/1520
f 657/1557/1520 637/951/943 656/953/945
f 657/1557/1520 656/953/945 703/1558/1521
f 703/1558/1521 656/953/945 704/955/947
f 703/1558/1521 704/955/947 676/1559/1522
f 676/1559/1522 704/955/947 675/957/949
f 676/1559/1522 675/957/949 714/1560/1523
f 714/1560/1523 675/957/949 713/959/951
f 714/1560/1523 713/959/951 733/1561/1524
f 733/1561/1524 713/959/951 732/961/953
f 733/1561/1524 732/961/953 752/1562/1525
f 752/1562/1525 732/961/953 751/963/955
f 752/1562/1525 751/963/955 798/1563/1526
f 798/1563/1526 751/963/955 799/965/957
f 798/1563/1526 799/965/957 771/1564/1527
f 771/1564/1527 799/965/957 770/967/959
f 771/1564/1527 770/967/959 809/1565/1528
f 809/1565/1528 770/967/959 808/969/961
f 809/1565/1528 808/969/961 828/1566/1529
f 828/1566/1529 808/969/961 827/971/963
f 828/1566/1529 827/971/963 847/1567/1530
f 847/1567/1530 827/971/963 846/973/965
f 847/1567/1530 846/973/965 874/1568/1531
f 874/1568/1531 846/973/965 875/975/967
f 874/1568/1531 875/975/967 885/1569/1532
f 885/1569/1532 875/975/967 884/977/969
f 885/1569/1532 884/977/969 904/1570/1533
f 904/1570/1533 884/977/969 903/979/971
f 904/1570/1533 903/979/971 923/1571/1534
f 923/1571/1534 903/979/971 922/981/973
f 923/1571/1534 922/981/973 942/1572/1535
f 942/1572/1535 922/981/973 941/983/975
f 942/1572/1535 941/983/975 988/1573/1536
f 988/1573/1536 941/983/975 989/985/977
f 988/1573/1536 989/985/977 961/1574/1537
f 961/1574/1537 989/985/977 960/987/979
f 961/1574/1537 960/987/979 999/1575/1538
f 999/1575/1538 960/987/979 998/989/981
f 999/1575/1538 998/989/981 1018/1576/1539
f 1018/1576/1539 998/989/981 1017/991/983
f 1018/1576/1539 1017/991/983 1037/1577/1540
f 1037/1577/1540 1017/991/983 1036/993/985
f 1037/1577/1540 1036/993/985 1083/1578/1541
f 1083/1578/1541 1036/993/985 1084/995/987
f 1083/1578/1541 1084/995/987 1056/1579/1542
f 1056/1579/1542 1084/995/987 1055/997/989
f 1056/1579/1542 1055/997/989 1094/1580/1543
f 1094/1580/1543 1055/997/989 1093/999/991
f 1094/1580/1543 1093/999/991 1113/1581/1544
f 1113/1581/1544 1093/999/991 1112/1001/993
f 1113/1581/1544 1112/1001/993 1132/1582/1545
f 1132/1582/1545 1112/1001/993 1131/1003/995
f 1132/1582/1545 1131/1003/995 1178/1583/1546
f 1178/1583/1546 1131/1003/995 1179/1005/997
f 1178/1583/1546 1179/1005/997 1151/1584/1547
f 1151/1584/1547 1179/1005/997 1150/1007/999
f 1151/1584/1547 1150/1007/999 1189/1585/1548
f 1189/1585/1548 1150/1007/999 1188/1009/1001
f 1189/1585/1548 1188/1009/1001 1208/1586/1549
f 1208/1586/1549 1188/1009/1001 1207/1011/1003
f 1208/1586/1549 1207/1011/1003 1227/1587/1550
f 1227/1587/1550 1207/1011/1003 1226/1013/1005
f 1227/1587/1550 1226/1013/1005 1273/1588/1551
f 1273/1588/1551 1226/1013/1005 1274/1015/1007
f 1273/1588/1551 1274/1015/1007 1246/1589/1552
f 1246/1589/1552 1274/1015/1007 1245/1017/1009
f 1246/1589/1552 1245/1017/1009 1284/1590/1553
f 1284/1590/1553 1245/1017/1009 1283/1019/1011
f 1284/1590/1553 1283/1019/1011 1303/1591/1554
f 1303/1591/1554 1283/1019/1011 1302/1021/1013
f 1303/1591/1554 1302/1021/1013 1322/1592/1555
f 1322/1592/1555 1302/1021/1013 1321/1023/1015
f 1322/1592/1555 1321/1023/1015 1349/1593/1556
f 1349/1593/1556 1321/1023/1015 1350/1025/1017
f 1349/1593/1556 1350/1025/1017 1360/1594/1557
f 1360/1594/1557 1350/1025/1017 1359/1027/1019
f 1360/1594/1557 1359/1027/1019 1379/1595/1558
f 1379/1595/1558 1359/1027/1019 1378/1029/1021
f 1379/1595/1558 1378/1029/1021 1398/1596/1559
f 1398/1596/1559 1378/1029/1021 1397/1031/1023
f 1398/1596/1559 1397/1031/1023 1417/1597/1560
f 1417/1597/1560 1397/1031/1023 1416/1033/1025
f 1417/1597/1560 1416/1033/1025 1463/1598/1561
f 1463/1598/1561 1416/1033/1025 1464/1035/1027
f 1463/1598/1561 1464/1035/1027 1436/1599/1562
f 1436/1599/1562 1464/1035/1027 1435/1037/1029
f 1436/1599/1562 1435/1037/1029 1474/1600/1563
f 1474/1600/1563 1435/1037/1029 1473/1039/1031
f 1474/1600/1563 1473/1039/1031 1493/1601/1564
f 1493/1601/1564 1473/1039/1031 1492/1041/1033
f 1493/1601/1564 1492/1041/1033 1512/446/441
f 1512/446/441 1492/1041/1033 1511/444/439
f 320/659/651 319/661/653 339/1602/1565
f 339/1602/1565 319/661/653 338/663/655
f 339/1602/1565 338/663/655 358/1603/1566
f 358/1603/1566 338/663/655 357/665/657
f 358/1603/1566 357/665/657 377/1604/1567
f 377/1604/1567 357/665/657 376/667/659
f 377/1604/1567 376/667/659 413/1605/1568
f 413/1605/1568 376/667/659 414/669/661
f 413/1605/1568 414/669/661 396/1606/1569
f 396/1606/1569 414/669/661 395/671/663
f 396/1606/1569 395/671/663 434/1607/1570
f 434/1607/1570 395/671/663 433/673/665
f 434/1607/1570 433/673/665 453/1608/1571
f 453/1608/1571 433/673/665 452/675/667
f 453/1608/1571 452/675/667 472/1609/1572
f 472/1609/1572 452/675/667 471/677/669
f 472/1609/1572 471/677/669 508/1610/1573
f 508/1610/1573 471/677/669 509/679/671
f 508/1610/1573 509/679/671 491/1611/1574
f 491/1611/1574 509/679/671 490/681/673
f 491/1611/1574 490/681/673 529/1612/1575
f 529/1612/1575 490/681/673 528/683/675
f 529/1612/1575 528/683/675 548/1613/1576
f 548/1613/1576 528/683/675 547/685/677
f 548/1613/1576 547/685/677 567/1614/1577
f 567/1614/1577 547/685/677 566/687/679
f 567/1614/1577 566/687/679 584/1615/1578
f 584/1615/1578 566/687/679 585/689/681
f 584/1615/1578 585/689/681 605/1616/1579
f 605/1616/1579 585/689/681 604/691/683
f 605/1616/1579 604/691/683 624/1617/1580
f 624/1617/1580 604/691/683 623/693/685
f 624/1617/1580 623/693/685 643/1618/1581
f 643/1618/1581 623/693/685 642/695/687
f 643/1618/1581 642/695/687 662/1619/1582
f 662/1619/1582 642/695/687 661/697/689
f 662/1619/1582 661/697/689 698/1620/1583
f 698/1620/1583 661/697/689 699/699/691
f 698/1620/1583 699/699/691 681/1621/1584
f 681/1621/1584 699/699/691 680/701/693
f 681/1621/1584 680/701/693 719/1622/1585
f 719/1622/1585 680/701/693 718/703/695
f 719/1622/1585 718/703/695 738/1623/1586
f 738/1623/1586 718/703/695 737/705/697
f 738/1623/1586 737/705/697 757/1624/1587
f 757/1624/1587 737/705/697 756/707/699
f 757/1624/1587 756/707/699 793/1625/1588
f 793/1625/1588 756/707/699 794/709/701
f 793/1625/1588 794/709/701 776/1626/1589
f 776/1626/1589 794/709/701 775/711/703
f 776/1626/1589 775/711/703 814/1627/1590
f 814/1627/1590 775/711/703 813/713/705
f 814/1627/1590 813/713/705 833/1628/1591
f 833/1628/1591 813/713/705 832/715/707
f 833/1628/1591 832/715/707 852/1629/1592
f 852/1629/1592 832/715/707 851/717/709
f 852/1629/1592 851/717/709 869/1630/1593
f 869/1630/1593 851/717/709 870/719/711
f 869/1630/1593 870/719/711 890/1631/1594
f 890/1631/1594 870/719/711 889/721/713
f 890/1631/1594 889/721/713 909/1632/1595
f 909/1632/1595 889/721/713 908/723/715
f 909/1632/1595 908/723/715 928/1633/1596
f 928/1633/1596 908/723/715 927/725/717
f 928/1633/1596 927/725/717 947/1634/1597
f 947/1634/1597 927/725/717 946/727/719
f 947/1634/1597 946/727/719 983/1635/1598
f 983/1635/1598 946/727/719 984/729/721
f 983/1635/1598 984/729/721 966/1636/1599
f 966/1636/1599 984/729/721 965/731/723
f 966/1636/1599 965/731/723 1004/1637/1600
f 1004/1637/1600 965/731/723 1003/733/725
f 1004/1637/1600 1003/733/725 1023/1638/1601
f 1023/1638/1601 1003/733/725 1022/735/727
f 1023/1638/1601 1022/735/727 1042/1639/1602
f 1042/1639/1602 1022/735/727 1041/737/729
f 1042/1639/1602 1041/737/729 1078/1640/1603
f 1078/1640/1603 1041/737/729 1079/739/731
f 1078/1640/1603 1079/739/731 1061/1641/1604
f 1061/1641/1604 1079/739/731 1060/741/733
f 1061/1641/1604 1060/741/733 1099/1642/1605
f 1099/1642/1605 1060/741/733 1098/743/735
f 1099/1642/1605 1098/743/735 1118/1643/1606
f 1118/1643/1606 1098/743/735 1117/745/737
f 1118/1643/1606 1117/745/737 1137/1644/1607
f 1137/1644/1607 1117/745/737 1136/747/739
f 1137/1644/1607 1136/747/739 1173/1645/1608
f 1173/1645/1608 1136/747/739 1174/749/741
f 1173/1645/1608 1174/749/741 1156/1646/1609
f 1156/1646/1609 1174/749/741 1155/751/743
f 1156/1646/1609 1155/751/743 1194/1647/1610
f 1194/1647/1610 1155/751/743 1193/753/745
f 1194/1647/1610 1193/753/745 1213/1648/1611
f 1213/1648/1611 1193/753/745 1212/755/747
f 1213/1648/1611 1212/755/747 1232/1649/1612
f 1232/1649/1612 1212/755/747 1231/757/749
f 1232/1649/1612 1231/757/749 1268/1650/1613
f 1268/1650/1613 1231/757/749 1269/759/751
f 1268/1650/1613 1269/759/751 1251/1651/1614
f 1251/1651/1614 1269/759/751 1250/761/753
f 1251/1651/1614 1250/761/753 1289/1652/1615
f 1289/1652/1615 1250/761/753 1288/763/755
f 1289/1652/1615 1288/763/755 1308/1653/1616
f 1308/1653/1616 1288/763/755 1307/765/757
f 1308/1653/1616 1307/765/757 1327/1654/1617
f 1327/1654/1617 1307/765/757 1326/767/759
f 1327/1654/1617 1326/767/759 1344/1655/1618
f 1344/1655/1618 1326/767/759 1345/769/761
f 1344/1655/1618 1345/769/761 1365/1656/1619
f 1365/1656/1619 1345/769/761 1364/771/763
f 1365/1656/1619 1364/771/763 1384/1657/1620
f 1384/1657/1620 1364/771/763 1383/773/765
f 1384/1657/1620 1383/773/765 1403/1658/1621
f 1403/1658/1621 1383/773/765 1402/775/767
f 1403/1658/1621 1402/775/767 1422/1659/1622
f 1422/1659/1622 1402/775/767 1421/777/769
f 1422/1659/1622 1421/777/769 1458/1660/1623
f 1458/1660/1623 1421/777/769 1459/779/771
f 1458/1660/1623 1459/779/771 1441/1661/1624
f 1441/1661/1624 1459/779/771 1440/781/773
f 1441/1661/1624 1440/781/773 1479/1662/1625
f 1479/1662/1625 1440/781/773 1478/783/775
f 1479/1662/1625 1478/783/775 1498/1663/1626
f 1498/1663/1626 1478/783/775 1497/785/777
f 1498/1663/1626 1497/785/777 1517/456/451
f 1517/456/451 1497/785/777 1516/454/449
f 341/595/587 322/594/586 321/657/649
f 321/657/649 320/659/651 340/1664/1627
f 340/1664/1627 320/659/651 339/1602/1565
f 340/1664/1627 339/1602/1565 359/1665/1628
f 359/1665/1628 339/1602/1565 358/1603/1566
f 359/1665/1628 358/1603/1566 378/1666/1629
f 378/1666/1629 358/1603/1566 377/1604/1567
f 378/1666/1629 377/1604/1567 412/1667/1630
f 412/1667/1630 377/1604/1567 413/1605/1568
f 412/1667/1630 413/1605/1568 397/1668/1631
f 397/1668/1631 413/1605/1568 396/1606/1569
f 397/1668/1631 396/1606/1569 435/1669/1632
f 435/1669/1632 396/1606/1569 434/1607/1570
f 435/1669/1632 434/1607/1570 454/1670/1633
f 454/1670/1633 434/1607/1570 453/1608/1571
f 454/1670/1633 453/1608/1571 473/1671/1634
f 473/1671/1634 453/1608/1571 472/1609/1572
f 473/1671/1634 472/1609/1572 507/1672/1635
f 507/1672/1635 472/1609/1572 508/1610/1573
f 507/1672/1635 508/1610/1573 492/1673/1636
f 492/1673/1636 508/1610/1573 491/1611/1574
f 492/1673/1636 491/1611/1574 530/1674/1637
f 530/1674/1637 491/1611/1574 529/1612/1575
f 530/1674/1637 529/1612/1575 549/1675/1638
f 549/1675/1638 529/1612/1575 548/1613/1576
f 549/1675/1638 548/1613/1576 568/1676/1639
f 568/1676/1639 548/1613/1576 567/1614/1577
f 568/1676/1639 567/1614/1577 583/1677/1640
f 583/1677/1640 567/1614/1577 584/1615/1578
f 583/1677/1640 584/1615/1578 606/1678/1641
f 606/1678/1641 584/1615/1578 605/1616/1579
f 606/1678/1641 605/1616/1579 625/1679/1642
f 625/1679/1642 605/1616/1579 624/1617/1580
f 625/1679/1642 624/1617/1580 644/1680/1643
f 644/1680/1643 624/1617/1580 643/1618/1581
f 644/1680/1643 643/1618/1581 663/1681/1644
f 663/1681/1644 643/1618/1581 662/1619/1582
f 663/1681/1644 662/1619/1582 697/1682/1645
f 697/1682/1645 662/1619/1582 698/1620/1583
f 697/1682/1645 698/1620/1583 682/1683/1646
f 682/1683/1646 698/1620/1583 681/1621/1584
f 682/1683/1646 681/1621/1584 720/1684/1647
f 720/1684/1647 681/1621/1584 719/1622/1585
f 720/1684/1647 719/1622/1585 739/1685/1648
f 739/1685/1648 719/1622/1585 738/1623/1586
f 739/1685/1648 738/1623/1586 758/1686/1649
f 758/1686/1649 738/1623/1586 757/1624/1587
f 758/1686/1649 757/1624/1587 792/1687/1650
f 792/1687/1650 757/1624/1587 793/1625/1588
f 792/1687/1650 793/1625/1588 777/1688/1651
f 777/1688/1651 793/1625/1588 776/1626/1589
f 777/1688/1651 776/1626/1589 815/1689/1652
f 815/1689/1652 776/1626/1589 814/1627/1590
f 815/1689/1652 814/1627/1590 834/1690/1653
f 834/1690/1653 814/1627/1590 833/1628/1591
f 834/1690/1653 833/1628/1591 853/1691/1654
f 853/1691/1654 833/1628/1591 852/1629/1592
f 853/1691/1654 852/1629/1592 868/1692/1655
f 868/1692/1655 852/1629/1592 869/1630/1593
f 868/1692/1655 869/1630/1593 891/1693/1656
f 891/1693/1656 869/1630/1593 890/1631/1594
f 891/1693/1656 890/1631/1594 910/1694/1657
f 910/1694/1657 890/1631/1594 909/1632/1595
f 910/1694/1657 909/1632/1595 929/1695/1658
f 929/1695/1658 909/1632/1595 928/1633/1596
f 929/1695/1658 928/1633/1596 948/1696/1659
f 948/1696/1659 928/1633/1596 947/1634/1597
f 948/1696/1659 947/1634/1597 982/1697/1660
f 982/1697/1660 947/1634/1597 983/1635/1598
f 982/1697/1660 983/1635/1598 967/1698/1661
f 967/1698/1661 983/1635/1598 966/1636/1599
f 967/1698/1661 966/1636/1599 1005/1699/1662
f 1005/1699/1662 966/1636/1599 1004/1637/1600
f 1005/1699/1662 1004/1637/1600 1024/1700/1663
f 1024/1700/1663 1004/1637/1600 1023/1638/1601
f 1024/1700/1663 1023/1638/1601 1043/1701/1664
f 1043/1701/1664 1023/1638/1601 1042/1639/1602
f 1043/1701/1664 1042/1639/1602 1077/1702/1665
f 1077/1702/1665 1042/1639/1602 1078/1640/1603
f 1077/1702/1665 1078/1640/1603 1062/1703/1666
f 1062/1703/1666 1078/1640/1603 1061/1641/1604
f 1062/1703/1666 1061/1641/1604 1100/1704/1667
f 1100/1704/1667 1061/1641/1604 1099/1642/1605
f 1100/1704/1667 1099/1642/1605 1119/1705/1668
f 1119/1705/1668 1099/1642/1605 1118/1643/1606
f 1119/1705/1668 1118/1643/1606 1138/1706/1669
f 1138/1706/1669 1118/1643/1606 1137/1644/1607
f 1138/1706/1669 1137/1644/1607 1172/1707/1670
f 1172/1707/1670 1137/1644/1607 1173/1645/1608
f 1172/1707/1670 1173/1645/1608 1157/1708/1671
f 1157/1708/1671 1173/1645/1608 1156/1646/1609
f 1157/1708/1671 1156/1646/1609 1195/1709/1672
f 1195/1709/1672 1156/1646/1609 1194/1647/1610
f 1195/1709/1672 1194/1647/1610 1214/1710/1673
f 1214/1710/1673 1194/1647/1610 1213/1648/1611
f 1214/1710/1673 1213/1648/1611 1233/1711/1674
f 1233/1711/1674 1213/1648/1611 1232/1649/1612
f 1233/1711/1674 1232/1649/1612 1267/1712/1675
f 1267/1712/1675 1232/1649/1612 1268/1650/1613
f 1267/1712/1675 1268/1650/1613 1252/1713/1676
f 1252/1713/1676 1268/1650/1613 1251/1651/1614
f 1252/1713/1676 1251/1651/1614 1290/1714/1677
f 1290/1714/1677 1251/1651/1614 1289/1652/1615
f 1290/1714/1677 1289/1652/1615 1309/1715/1678
f 1309/1715/1678 1289/1652/1615 1308/1653/1616
f 1309/1715/1678 1308/1653/1616 1328/1716/1679
f 1328/1716/1679 1308/1653/1616 1327/1654/1617
f 1328/1716/1679 1327/1654/1617 1343/1717/1680
f 1343/1717/1680 1327/1654/1617 1344/1655/1618
f 1343/1717/1680 1344/1655/1618 1366/1718/1681
f 1366/1718/1681 1344/1655/1618 1365/1656/1619
f 1366/1718/1681 1365/1656/1619 1385/1719/1682
f 1385/1719/1682 1365/1656/1619 1384/1657/1620
f 1385/1719/1682 1384/1657/1620 1404/1720/1683
f 1404/1720/1683 1384/1657/1620 1403/1658/1621
f 1404/1720/1683 1403/1658/1621 1423/1721/1684
f 1423/1721/1684 1403/1658/1621 1422/1659/1622
f 1423/1721/1684 1422/1659/1622 1457/1722/1685
f 1457/1722/1685 1422/1659/1622 1458/1660/1623
f 1457/1722/1685 1458/1660/1623 1442/1723/1686
f 1442/1723/1686 1458/1660/1623 1441/1661/1624
f 1442/1723/1686 1441/1661/1624 1480/1724/1687
f 1480/1724/1687 1441/1661/1624 1479/1662/1625
f 1480/1724/1687 1479/1662/1625 1499/1725/1688
f 1499/1725/1688 1479/1662/1625 1498/1663/1626
f 1499/1725/1688 1498/1663/1626 1518/458/453
f 1518/458/453 1498/1663/1626 1517/456/451
f 354/854/846 335/853/845 334/1540/1503
f 334/1540/1503 335/853/845 315/915/907
f 354/854/846 334/1540/1503 353/1541/1504
f 360/596/588 341/595/587 340/1664/1627
f 340/1664/1627 341/595/587 321/657/649
f 360/596/588 340/1664/1627 359/1665/1628
f 373/855/847 354/854/846 353/1541/1504
f 373/855/847 353/1541/1504 372/1542/1505
f 379/597/589 360/596/588 359/1665/1628
f 379/597/589 359/1665/1628 378/1666/1629
f 384/1533/1496 364/246/243 383/248/245
f 417/856/848 373/855/847 372/1542/1505
f 417/856/848 372/1542/1505 418/1543/1506
f 411/598/590 379/597/589 378/1666/1629
f 411/598/590 378/1666/1629 412/1667/1630
f 384/1533/1496 383/248/245 406/1726/1689
f 406/1726/1689 383/248/245 407/250/247
f 406/1726/1689 407/250/247 403/1727/1690
f 403/1727/1690 407/250/247 402/252/249
f 403/1727/1690 402/252/249 441/1728/1691
f 441/1728/1691 402/252/249 440/254/251
f 441/1728/1691 440/254/251 460/1729/1692
f 460/1729/1692 440/254/251 459/256/253
f 460/1729/1692 459/256/253 479/1522/1485
f 425/1114/1106 387/1113/1105 386/1182/1169
f 386/1182/1169 387/1113/1105 423/1181/1168
f 417/856/848 418/1543/1506 392/857/849
f 392/857/849 418/1543/1506 391/1544/1507
f 392/857/849 391/1544/1507 430/858/850
f 430/858/850 391/1544/1507 429/1545/1508
f 430/858/850 429/1545/1508 449/859/851
f 449/859/851 429/1545/1508 448/1546/1509
f 449/859/851 448/1546/1509 468/860/852
f 468/860/852 448/1546/1509 467/1547/1510
f 468/860/852 467/1547/1510 512/861/853
f 512/861/853 467/1547/1510 513/1548/1511
f 512/861/853 513/1548/1511 487/862/854
f 487/862/854 513/1548/1511 486/1549/1512
f 487/862/854 486/1549/1512 525/863/855
f 525/863/855 486/1549/1512 524/1550/1513
f 525/863/855 524/1550/1513 544/864/856
f 544/864/856 524/1550/1513 543/1551/1514
f 544/864/856 543/1551/1514 563/865/857
f 563/865/857 543/1551/1514 562/1552/1515
f 563/865/857 562/1552/1515 588/866/858
f 588/866/858 562/1552/1515 589/1553/1516
f 588/866/858 589/1553/1516 601/867/859
f 601/867/859 589/1553/1516 600/1554/1517
f 601/867/859 600/1554/1517 620/868/860
f 620/868/860 600/1554/1517 619/1555/1518
f 620/868/860 619/1555/1518 639/869/861
f 639/869/861 619/1555/1518 638/1556/1519
f 639/869/861 638/1556/1519 658/870/862
f 658/870/862 638/1556/1519 657/1557/1520
f 658/870/862 657/1557/1520 702/871/863
f 702/871/863 657/1557/1520 703/1558/1521
f 702/871/863 703/1558/1521 677/872/864
f 677/872/864 703/1558/1521 676/1559/1522
f 677/872/864 676/1559/1522 715/873/865
f 715/873/865 676/1559/1522 714/1560/1523
f 715/873/865 714/1560/1523 734/874/866
f 734/874/866 714/1560/1523 733/1561/1524
f 734/874/866 733/1561/1524 753/875/867
f 753/875/867 733/1561/1524 752/1562/1525
f 753/875/867 752/1562/1525 797/876/868
f 797/876/868 752/1562/1525 798/1563/1526
f 797/876/868 798/1563/1526 772/877/869
f 772/877/869 798/1563/1526 771/1564/1527
f 772/877/869 771/1564/1527 810/878/870
f 810/878/870 771/1564/1527 809/1565/1528
f 810/878/870 809/1565/1528 829/879/871
f 829/879/871 809/1565/1528 828/1566/1529
f 829/879/871 828/1566/1529 848/880/872
f 848/880/872 828/1566/1529 847/1567/1530
f 848/880/872 847/1567/1530 873/881/873
f 873/881/873 847/1567/1530 874/1568/1531
f 873/881/873 874/1568/1531 886/882/874
f 886/882/874 874/1568/1531 885/1569/1532
f 886/882/874 885/1569/1532 905/883/875
f 905/883/875 885/1569/1532 904/1570/1533
f 905/883/875 904/1570/1533 924/884/876
f 924/884/876 904/1570/1533 923/1571/1534
f 924/884/876 923/1571/1534 943/885/877
f 943/885/877 923/1571/1534 942/1572/1535
f 943/885/877 942/1572/1535 988/1573/1536
f 411/598/590 412/1667/1630 398/599/591
f 398/599/591 412/1667/1630 397/1668/1631
f 398/599/591 397/1668/1631 436/600/592
f 436/600/592 397/1668/1631 435/1669/1632
f 436/600/592 435/1669/1632 455/601/593
f 455/601/593 435/1669/1632 454/1670/1633
f 455/601/593 454/1670/1633 474/602/594
f 474/602/594 454/1670/1633 473/1671/1634
f 474/602/594 473/1671/1634 506/603/595
f 506/603/595 473/1671/1634 507/1672/1635
f 506/603/595 507/1672/1635 493/604/596
f 493/604/596 507/1672/1635 492/1673/1636
f 493/604/596 492/1673/1636 531/605/597
f 531/605/597 492/1673/1636 530/1674/1637
f 531/605/597 530/1674/1637 550/606/598
f 550/606/598 530/1674/1637 549/1675/1638
f 550/606/598 549/1675/1638 569/607/599
f 569/607/599 549/1675/1638 568/1676/1639
f 569/607/599 568/1676/1639 582/608/600
f 582/608/600 568/1676/1639 583/1677/1640
f 582/608/600 583/1677/1640 607/609/601
f 607/609/601 583/1677/1640 606/1678/1641
f 607/609/601 606/1678/1641 626/610/602
f 626/610/602 606/1678/1641 625/1679/1642
f 626/610/602 625/1679/1642 645/611/603
f 645/611/603 625/1679/1642 644/1680/1643
f 645/611/603 644/1680/1643 664/612/604
f 664/612/604 644/1680/1643 663/1681/1644
f 664/612/604 663/1681/1644 696/613/605
f 696/613/605 663/1681/1644 697/1682/1645
f 696/613/605 697/1682/1645 683/614/606
f 683/614/606 697/1682/1645 682/1683/1646
f 683/614/606 682/1683/1646 721/615/607
f 721/615/607 682/1683/1646 720/1684/1647
f 721/615/607 720/1684/1647 740/616/608
f 740/616/608 720/1684/1647 739/1685/1648
f 740/616/608 739/1685/1648 759/617/609
f 759/617/609 739/1685/1648 758/1686/1649
f 759/617/609 758/1686/1649 791/618/610
f 791/618/610 758/1686/1649 792/1687/1650
f 791/618/610 792/1687/1650 778/619/611
f 778/619/611 792/1687/1650 777/1688/1651
f 778/619/611 777/1688/1651 816/620/612
f 816/620/612 777/1688/1651 815/1689/1652
f 816/620/612 815/1689/1652 835/621/613
f 835/621/613 815/1689/1652 834/1690/1653
f 835/621/613 834/1690/1653 854/622/614
f 854/622/614 834/1690/1653 853/1691/1654
f 854/622/614 853/1691/1654 867/623/615
f 867/623/615 853/1691/1654 868/1692/1655
f 867/623/615 868/1692/1655 892/624/616
f 892/624/616 868/1692/1655 891/1693/1656
f 892/624/616 891/1693/1656 911/625/617
f 911/625/617 891/1693/1656 910/1694/1657
f 911/625/617 910/1694/1657 930/626/618
f 930/626/618 910/1694/1657 929/1695/1658
f 930/626/618 929/1695/1658 949/627/619
f 949/627/619 929/1695/1658 948/1696/1659
f 949/627/619 948/1696/1659 981/628/620
f 981/628/620 948/1696/1659 982/1697/1660
f 981/628/620 982/1697/1660 968/629/621
f 968/629/621 982/1697/1660 967/1698/1661
f 968/629/621 967/1698/1661 1006/630/622
f 1006/630/622 967/1698/1661 1005/1699/1662
f 1006/630/622 1005/1699/1662 1025/631/623
f 1025/631/623 1005/1699/1662 1024/1700/1663
f 1025/631/623 1024/1700/1663 1044/632/624
f 1044/632/624 1024/1700/1663 1043/1701/1664
f 1044/632/624 1043/1701/1664 1076/633/625
f 1076/633/625 1043/1701/1664 1077/1702/1665
f 1076/633/625 1077/1702/1665 1063/634/626
f 1063/634/626 1077/1702/1665 1062/1703/1666
f 1063/634/626 1062/1703/1666 1101/635/627
f 1101/635/627 1062/1703/1666 1100/1704/1667
f 1101/635/627 1100/1704/1667 1120/636/628
f 1120/636/628 1100/1704/1667 1119/1705/1668
f 1120/636/628 1119/1705/1668 1139/637/629
f 1139/637/629 1119/1705/1668 1138/1706/1669
f 1139/637/629 1138/1706/1669 1171/638/630
f 1171/638/630 1138/1706/1669 1172/1707/1670
f 1171/638/630 1172/1707/1670 1158/639/631
f 1158/639/631 1172/1707/1670 1157/1708/1671
f 1158/639/631 1157/1708/1671 1196/640/632
f 1196/640/632 1157/1708/1671 1195/1709/1672
f 1196/640/632 1195/1709/1672 1215/641/633
f 1215/641/633 1195/1709/1672 1214/1710/1673
f 1215/641/633 1214/1710/1673 1234/642/634
f 1234/642/634 1214/1710/1673 1233/1711/1674
f 1234/642/634 1233/1711/1674 1266/643/635
f 1266/643/635 1233/1711/1674 1267/1712/1675
f 1266/643/635 1267/1712/1675 1253/644/636
f 1253/644/636 1267/1712/1675 1252/1713/1676
f 1253/644/636 1252/1713/1676 1291/645/637
f 1291/645/637 1252/1713/1676 1290/1714/1677
f 1291/645/637 1290/1714/1677 1310/646/638
f 1310/646/638 1290/1714/1677 1309/1715/1678
f 1310/646/638 1309/1715/1678 1329/647/639
f 1329/647/639 1309/1715/1678 1328/1716/1679
f 1329/647/639 1328/1716/1679 1342/648/640
f 1342/648/640 1328/1716/1679 1343/1717/1680
f 1342/648/640 1343/1717/1680 1367/649/641
f 1367/649/641 1343/1717/1680 1366/1718/1681
f 1367/649/641 1366/1718/1681 1386/650/642
f 1386/650/642 1366/1718/1681 1385/1719/1682
f 1386/650/642 1385/1719/1682 1405/651/643
f 1405/651/643 1385/1719/1682 1404/1720/1683
f 1405/651/643 1404/1720/1683 1424/652/644
f 1424/652/644 1404/1720/1683 1423/1721/1684
f 1424/652/644 1423/1721/1684 1456/653/645
f 1456/653/645 1423/1721/1684 1457/1722/1685
f 1456/653/645 1457/1722/1685 1443/654/646
f 1443/654/646 1457/1722/1685 1442/1723/1686
f 1443/654/646 1442/1723/1686 1481/655/647
f 1481/655/647 1442/1723/1686 1480/1724/1687
f 1481/655/647 1480/1724/1687 1500/656/648
f 1500/656/648 1480/1724/1687 1499/1725/1688
f 1500/656/648 1499/1725/1688 1519/460/455
f 1519/460/455 1499/1725/1688 1518/458/453
f 403/1727/1690 404/1529/1492 406/1726/1689
f 406/1726/1689 404/1529/1492 405/1531/1494
f 406/1726/1689 405/1531/1494 384/1533/1496
f 404/1529/1492 403/1727/1690 442/1527/1490
f 442/1527/1490 403/1727/1690 441/1728/1691
f 442/1527/1490 441/1728/1691 461/1525/1488
f 461/1525/1488 441/1728/1691 460/1729/1692
f 461/1525/1488 460/1729/1692 480/1523/1486
f 480/1523/1486 460/1729/1692 479/1522/1485
f 480/1523/1486 479/1522/1485 500/1521/1484
f 444/1115/1107 425/1114/1106 424/1184/1171
f 424/1184/1171 425/1114/1106 386/1182/1169
f 463/1116/1108 444/1115/1107 443/1186/1173
f 443/1186/1173 444/1115/1107 424/1184/1171
f 517/1117/1109 463/1116/1108 462/1188/1174
f 462/1188/1174 463/1116/1108 443/1186/1173
f 518/1190/1175 482/1118/1110 517/1117/1109
f 462/1188/1174 518/1190/1175 517/1117/1109
f 574/1509/1472 554/266/263 573/268/265
f 574/1509/1472 573/268/265 577/1730/1693
f 577/1730/1693 573/268/265 578/270/267
f 577/1730/1693 578/270/267 612/1731/1694
f 612/1731/1694 578/270/267 611/272/269
f 612/1731/1694 611/272/269 631/1732/1695
f 631/1732/1695 611/272/269 630/274/271
f 631/1732/1695 630/274/271 650/1733/1696
f 650/1733/1696 630/274/271 649/276/273
f 650/1733/1696 649/276/273 669/1498/1461
f 576/1507/1470 577/1730/1693 613/1505/1468
f 613/1505/1468 577/1730/1693 612/1731/1694
f 613/1505/1468 612/1731/1694 632/1503/1466
f 632/1503/1466 612/1731/1694 631/1732/1695
f 632/1503/1466 631/1732/1695 651/1501/1464
f 651/1501/1464 631/1732/1695 650/1733/1696
f 651/1501/1464 650/1733/1696 670/1499/1462
f 670/1499/1462 650/1733/1696 669/1498/1461
f 670/1499/1462 669/1498/1461 690/1497/1460
f 577/1730/1693 576/1507/1470 574/1509/1472
f 596/1123/1115 594/1199/1184 595/1200/1185
f 615/1124/1116 596/1123/1115 595/1200/1185
f 634/1125/1117 615/1124/1116 614/1202/1186
f 614/1202/1186 615/1124/1116 595/1200/1185
f 653/1126/1118 634/1125/1117 633/1204/1187
f 633/1204/1187 634/1125/1117 614/1202/1186
f 707/1127/1119 653/1126/1118 652/1206/1189
f 652/1206/1189 653/1126/1118 633/1204/1187
f 708/1208/1191 672/1128/1120 707/1127/1119
f 652/1206/1189 708/1208/1191 707/1127/1119
f 764/1485/1448 744/286/283 763/288/285
f 764/1485/1448 763/288/285 786/1734/1697
f 786/1734/1697 763/288/285 787/290/287
f 786/1734/1697 787/290/287 783/1735/1698
f 783/1735/1698 787/290/287 782/292/289
f 783/1735/1698 782/292/289 821/1736/1699
f 821/1736/1699 782/292/289 820/294/291
f 821/1736/1699 820/294/291 840/1737/1700
f 840/1737/1700 820/294/291 839/296/293
f 840/1737/1700 839/296/293 859/1474/1437
f 805/1134/1126 767/1133/1125 766/1218/1200
f 766/1218/1200 767/1133/1125 803/1217/1199
f 783/1735/1698 784/1481/1444 786/1734/1697
f 786/1734/1697 784/1481/1444 785/1483/1446
f 786/1734/1697 785/1483/1446 764/1485/1448
f 784/1481/1444 783/1735/1698 822/1479/1442
f 822/1479/1442 783/1735/1698 821/1736/1699
f 822/1479/1442 821/1736/1699 841/1477/1440
f 841/1477/1440 821/1736/1699 840/1737/1700
f 841/1477/1440 840/1737/1700 860/1475/1438
f 860/1475/1438 840/1737/1700 859/1474/1437
f 860/1475/1438 859/1474/1437 861/1473/1436
f 824/1135/1127 805/1134/1126 804/1220/1202
f 804/1220/1202 805/1134/1126 766/1218/1200
f 843/1136/1128 824/1135/1127 823/1222/1204
f 823/1222/1204 824/1135/1127 804/1220/1202
f 878/1137/1129 843/1136/1128 842/1224/1206
f 842/1224/1206 843/1136/1128 823/1222/1204
f 842/1224/1206 879/1226/1208 878/1137/1129
f 878/1137/1129 879/1226/1208 881/1138/1130
f 954/1461/1424 934/306/303 953/308/305
f 987/886/878 943/885/877 988/1573/1536
f 954/1461/1424 953/308/305 976/1738/1701
f 976/1738/1701 953/308/305 977/310/307
f 976/1738/1701 977/310/307 973/1739/1702
f 973/1739/1702 977/310/307 972/312/309
f 973/1739/1702 972/312/309 1011/1740/1703
f 1011/1740/1703 972/312/309 1010/314/311
f 1011/1740/1703 1010/314/311 1030/1741/1704
f 1030/1741/1704 1010/314/311 1029/316/313
f 1030/1741/1704 1029/316/313 1049/1450/1413
f 995/1144/1136 957/1143/1135 956/1236/1217
f 956/1236/1217 957/1143/1135 993/1235/1216
f 987/886/878 988/1573/1536 962/887/879
f 962/887/879 988/1573/1536 961/1574/1537
f 962/887/879 961/1574/1537 1000/888/880
f 1000/888/880 961/1574/1537 999/1575/1538
f 1000/888/880 999/1575/1538 1019/889/881
f 1019/889/881 999/1575/1538 1018/1576/1539
f 1019/889/881 1018/1576/1539 1038/890/882
f 1038/890/882 1018/1576/1539 1037/1577/1540
f 1038/890/882 1037/1577/1540 1082/891/883
f 1082/891/883 1037/1577/1540 1083/1578/1541
f 1082/891/883 1083/1578/1541 1057/892/884
f 1057/892/884 1083/1578/1541 1056/1579/1542
f 1057/892/884 1056/1579/1542 1095/893/885
f 1095/893/885 1056/1579/1542 1094/1580/1543
f 1095/893/885 1094/1580/1543 1114/894/886
f 1114/894/886 1094/1580/1543 1113/1581/1544
f 1114/894/886 1113/1581/1544 1133/895/887
f 1133/895/887 1113/1581/1544 1132/1582/1545
f 1133/895/887 1132/1582/1545 1177/896/888
f 1177/896/888 1132/1582/1545 1178/1583/1546
f 1177/896/888 1178/1583/1546 1152/897/889
f 1152/897/889 1178/1583/1546 1151/1584/1547
f 1152/897/889 1151/1584/1547 1190/898/890
f 1190/898/890 1151/1584/1547 1189/1585/1548
f 1190/898/890 1189/1585/1548 1209/899/891
f 1209/899/891 1189/1585/1548 1208/1586/1549
f 1209/899/891 1208/1586/1549 1228/900/892
f 1228/900/892 1208/1586/1549 1227/1587/1550
f 1228/900/892 1227/1587/1550 1272/901/893
f 1272/901/893 1227/1587/1550 1273/1588/1551
f 1272/901/893 1273/1588/1551 1247/902/894
f 1247/902/894 1273/1588/1551 1246/1589/1552
f 1247/902/894 1246/1589/1552 1285/903/895
f 1285/903/895 1246/1589/1552 1284/1590/1553
f 1285/903/895 1284/1590/1553 1304/904/896
f 1304/904/896 1284/1590/1553 1303/1591/1554
f 1304/904/896 1303/1591/1554 1323/905/897
f 1323/905/897 1303/1591/1554 1322/1592/1555
f 1323/905/897 1322/1592/1555 1348/906/898
f 1348/906/898 1322/1592/1555 1349/1593/1556
f 1348/906/898 1349/1593/1556 1361/907/899
f 1361/907/899 1349/1593/1556 1360/1594/1557
f 1361/907/899 1360/1594/1557 1380/908/900
f 1380/908/900 1360/1594/1557 1379/1595/1558
f 1380/908/900 1379/1595/1558 1399/909/901
f 1399/909/901 1379/1595/1558 1398/1596/1559
f 1399/909/901 1398/1596/1559 1418/910/902
f 1418/910/902 1398/1596/1559 1417/1597/1560
f 1418/910/902 1417/1597/1560 1462/911/903
f 1462/911/903 1417/1597/1560 1463/1598/1561
f 1462/911/903 1463/1598/1561 1437/912/904
f 1437/912/904 1463/1598/1561 1436/1599/1562
f 1437/912/904 1436/1599/1562 1475/913/905
f 1475/913/905 1436/1599/1562 1474/1600/1563
f 1475/913/905 1474/1600/1563 1494/914/906
f 1494/914/906 1474/1600/1563 1493/1601/1564
f 1494/914/906 1493/1601/1564 1513/448/443
f 1513/448/443 1493/1601/1564 1512/446/441
f 973/1739/1702 974/1457/1420 976/1738/1701
f 976/1738/1701 974/1457/1420 975/1459/1422
f 976/1738/1701 975/1459/1422 954/1461/1424
f 974/1457/1420 973/1739/1702 1012/1455/1418
f 1012/1455/1418 973/1739/1702 1011/1740/1703
f 1012/1455/1418 1011/1740/1703 1031/1453/1416
f 1031/1453/1416 1011/1740/1703 1030/1741/1704
f 1031/1453/1416 1030/1741/1704 1050/1451/1414
f 1050/1451/1414 1030/1741/1704 1049/1450/1413
f 1050/1451/1414 1049/1450/1413 1070/1449/1412
f 1014/1145/1137 995/1144/1136 994/1238/1219
f 994/1238/1219 995/1144/1136 956/1236/1217
f 1033/1146/1138 1014/1145/1137 1013/1240/1221
f 1013/1240/1221 1014/1145/1137 994/1238/1219
f 1087/1147/1139 1033/1146/1138 1032/1242/1223
f 1032/1242/1223 1033/1146/1138 1013/1240/1221
f 1088/1244/1224 1052/1148/1140 1087/1147/1139
f 1032/1242/1223 1088/1244/1224 1087/1147/1139
f 1144/1437/1400 1124/326/323 1143/328/325
f 1144/1437/1400 1143/328/325 1166/1742/1705
f 1166/1742/1705 1143/328/325 1167/330/327
f 1166/1742/1705 1167/330/327 1163/1743/1706
f 1163/1743/1706 1167/330/327 1162/332/329
f 1163/1743/1706 1162/332/329 1201/1744/1707
f 1201/1744/1707 1162/332/329 1200/334/331
f 1201/1744/1707 1200/334/331 1220/1745/1708
f 1220/1745/1708 1200/334/331 1219/336/333
f 1220/1745/1708 1219/336/333 1239/1426/1389
f 1185/1154/1146 1147/1153/1145 1146/1254/1233
f 1146/1254/1233 1147/1153/1145 1183/1253/1232
f 1163/1743/1706 1164/1433/1396 1166/1742/1705
f 1166/1742/1705 1164/1433/1396 1165/1435/1398
f 1166/1742/1705 1165/1435/1398 1144/1437/1400
f 1164/1433/1396 1163/1743/1706 1202/1431/1394
f 1202/1431/1394 1163/1743/1706 1201/1744/1707
f 1202/1431/1394 1201/1744/1707 1221/1429/1392
f 1221/1429/1392 1201/1744/1707 1220/1745/1708
f 1221/1429/1392 1220/1745/1708 1240/1427/1390
f 1240/1427/1390 1220/1745/1708 1239/1426/1389
f 1240/1427/1390 1239/1426/1389 1260/1425/1388
f 1204/1155/1147 1185/1154/1146 1184/1256/1235
f 1184/1256/1235 1185/1154/1146 1146/1254/1233
f 1223/1156/1148 1204/1155/1147 1203/1258/1237
f 1203/1258/1237 1204/1155/1147 1184/1256/1235
f 1277/1157/1149 1223/1156/1148 1222/1260/1239
f 1222/1260/1239 1223/1156/1148 1203/1258/1237
f 1278/1262/1240 1242/1158/1150 1277/1157/1149
f 1222/1260/1239 1278/1262/1240 1277/1157/1149
f 1334/1413/1376 1314/346/343 1333/348/345
f 1334/1413/1376 1333/348/345 1337/1746/1709
f 1337/1746/1709 1333/348/345 1338/350/347
f 1337/1746/1709 1338/350/347 1372/1747/1710
f 1372/1747/1710 1338/350/347 1371/352/349
f 1372/1747/1710 1371/352/349 1391/1748/1711
f 1391/1748/1711 1371/352/349 1390/354/351
f 1391/1748/1711 1390/354/351 1410/1749/1712
f 1410/1749/1712 1390/354/351 1409/356/353
f 1410/1749/1712 1409/356/353 1429/1402/1365
f 1336/1411/1374 1337/1746/1709 1373/1409/1372
f 1373/1409/1372 1337/1746/1709 1372/1747/1710
f 1373/1409/1372 1372/1747/1710 1392/1407/1370
f 1392/1407/1370 1372/1747/1710 1391/1748/1711
f 1392/1407/1370 1391/1748/1711 1411/1405/1368
f 1411/1405/1368 1391/1748/1711 1410/1749/1712
f 1411/1405/1368 1410/1749/1712 1430/1403/1366
f 1430/1403/1366 1410/1749/1712 1429/1402/1365
f 1430/1403/1366 1429/1402/1365 1450/1401/1364
f 1337/1746/1709 1336/1411/1374 1334/1413/1376
f 1356/1163/1155 1354/1271/1249 1355/1272/1250
f 1375/1164/1156 1356/1163/1155 1355/1272/1250
f 1394/1165/1157 1375/1164/1156 1374/1274/1252
f 1374/1274/1252 1375/1164/1156 1355/1272/1250
f 1413/1166/1158 1394/1165/1157 1393/1276/1254
f 1393/1276/1254 1394/1165/1157 1374/1274/1252
f 1467/1167/1159 1413/1166/1158 1412/1278/1255
f 1412/1278/1255 1413/1166/1158 1393/1276/1254
f 1468/1280/1257 1432/1168/1160 1467/1167/1159
f 1412/1278/1255 1468/1280/1257 1467/1167/1159
f 1524/1389/1352 1504/366/363 1523/368/365
f 1524/1389/1352 1523/368/365 1527/1750/1713
f 1527/1750/1713 1523/368/365 1528/370/367
f 1527/1750/1713 1528/370/367 1562/1751/1714
f 1562/1751/1714 1528/370/367 1561/372/369
f 1562/1751/1714 1561/372/369 1581/1752/1715
f 1581/1752/1715 1561/372/369 1580/374/371
f 1581/1752/1715 1580/374/371 1600/1753/1716
f 1600/1753/1716 1580/374/371 1599/376/373
f 1600/1753/1716 1599/376/373 1619/1378/1341
f 1526/1387/1350 1527/1750/1713 1563/1385/1348
f 1563/1385/1348 1527/1750/1713 1562/1751/1714
f 1563/1385/1348 1562/1751/1714 1582/1383/1346
f 1582/1383/1346 1562/1751/1714 1581/1752/1715
f 1582/1383/1346 1581/1752/1715 1601/1381/1344
f 1601/1381/1344 1581/1752/1715 1600/1753/1716
f 1601/1381/1344 1600/1753/1716 1620/1379/1342
f 1620/1379/1342 1600/1753/1716 1619/1378/1341
f 1620/1379/1342 1619/1378/1341 1640/1377/1340
f 1527/1750/1713 1526/1387/1350 1524/1389/1352
f 1529/371/368 1530/463/458 1560/373/370
f 1560/373/370 1530/463/458 1559/1754/1717
f 1560/373/370 1559/1754/1717 1579/375/372
f 1579/375/372 1559/1754/1717 1578/1755/1718
f 1579/375/372 1578/1755/1718 1598/377/374
f 1598/377/374 1578/1755/1718 1597/1756/1719
f 1598/377/374 1597/1756/1719 1617/379/376
f 1617/379/376 1597/1756/1719 1616/1757/1720
f 1617/379/376 1616/1757/1720 1643/381/378
f 1643/381/378 1616/1757/1720 1644/1758/1721
f 1643/381/378 1644/1758/1721 1636/383/380
f 1636/383/380 1644/1758/1721 1635/1759/1722
f 1636/383/380 1635/1759/1722 1674/385/382
f 1674/385/382 1635/1759/1722 1673/1760/1723
f 1674/385/382 1673/1760/1723 1693/387/384
f 1693/387/384 1673/1760/1723 1692/1761/1724
f 1693/387/384 1692/1761/1724 1712/389/386
f 1712/389/386 1692/1761/1724 1711/1762/1725
f 1712/389/386 1711/1762/1725 1719/391/388
f 1719/391/388 1711/1762/1725 1720/1763/1726
f 1719/391/388 1720/1763/1726 1750/393/390
f 1750/393/390 1720/1763/1726 1749/1764/1727
f 1750/393/390 1749/1764/1727 1769/395/392
f 1769/395/392 1749/1764/1727 1768/1765/1728
f 1769/395/392 1768/1765/1728 1788/397/394
f 1788/397/394 1768/1765/1728 1787/1766/1729
f 1788/397/394 1787/1766/1729 1807/399/396
f 1807/399/396 1787/1766/1729 1806/402/398
f 1530/463/458 1531/461/456 1559/1754/1717
f 1559/1754/1717 1531/461/456 1558/1767/1730
f 1559/1754/1717 1558/1767/1730 1578/1755/1718
f 1578/1755/1718 1558/1767/1730 1577/1768/1731
f 1578/1755/1718 1577/1768/1731 1597/1756/1719
f 1597/1756/1719 1577/1768/1731 1596/1769/1732
f 1597/1756/1719 1596/1769/1732 1616/1757/1720
f 1616/1757/1720 1596/1769/1732 1615/1770/1733
f 1616/1757/1720 1615/1770/1733 1644/1758/1721
f 1644/1758/1721 1615/1770/1733 1645/1771/1734
f 1644/1758/1721 1645/1771/1734 1635/1759/1722
f 1635/1759/1722 1645/1771/1734 1634/1772/1735
f 1635/1759/1722 1634/1772/1735 1673/1760/1723
f 1673/1760/1723 1634/1772/1735 1672/1773/1736
f 1673/1760/1723 1672/1773/1736 1692/1761/1724
f 1692/1761/1724 1672/1773/1736 1691/1774/1737
f 1692/1761/1724 1691/1774/1737 1711/1762/1725
f 1711/1762/1725 1691/1774/1737 1710/1775/1738
f 1711/1762/1725 1710/1775/1738 1720/1763/1726
f 1720/1763/1726 1710/1775/1738 1721/1776/1739
f 1720/1763/1726 1721/1776/1739 1749/1764/1727
f 1749/1764/1727 1721/1776/1739 1748/1777/1740
f 1749/1764/1727 1748/1777/1740 1768/1765/1728
f 1768/1765/1728 1748/1777/1740 1767/1778/1741
f 1768/1765/1728 1767/1778/1741 1787/1766/1729
f 1787/1766/1729 1767/1778/1741 1786/1779/1742
f 1787/1766/1729 1786/1779/1742 1806/402/398
f 1806/402/398 1786/1779/1742 1805/404/400
f 1531/461/456 1532/459/454 1558/1767/1730
f 1558/1767/1730 1532/459/454 1557/1780/1743
f 1558/1767/1730 1557/1780/1743 1577/1768/1731
f 1577/1768/1731 1557/1780/1743 1576/1781/1744
f 1577/1768/1731 1576/1781/1744 1596/1769/1732
f 1596/1769/1732 1576/1781/1744 1595/1782/1745
f 1596/1769/1732 1595/1782/1745 1615/1770/1733
f 1615/1770/1733 1595/1782/1745 1614/1783/1746
f 1615/1770/1733 1614/1783/1746 1645/1771/1734
f 1645/1771/1734 1614/1783/1746 1646/1784/1747
f 1645/1771/1734 1646/1784/1747 1634/1772/1735
f 1634/1772/1735 1646/1784/1747 1633/1785/1748
f 1634/1772/1735 1633/1785/1748 1672/1773/1736
f 1672/1773/1736 1633/1785/1748 1671/1786/1749
f 1672/1773/1736 1671/1786/1749 1691/1774/1737
f 1691/1774/1737 1671/1786/1749 1690/1787/1750
f 1691/1774/1737 1690/1787/1750 1710/1775/1738
f 1710/1775/1738 1690/1787/1750 1709/1788/1751
f 1710/1775/1738 1709/1788/1751 1721/1776/1739
f 1721/1776/1739 1709/1788/1751 1722/1789/1752
f 1721/1776/1739 1722/1789/1752 1748/1777/1740
f 1748/1777/1740 1722/1789/1752 1747/1790/1753
f 1748/1777/1740 1747/1790/1753 1767/1778/1741
f 1767/1778/1741 1747/1790/1753 1766/1791/1754
f 1767/1778/1741 1766/1791/1754 1786/1779/1742
f 1786/1779/1742 1766/1791/1754 1785/1792/1755
f 1786/1779/1742 1785/1792/1755 1805/404/400
f 1805/404/400 1785/1792/1755 1804/406/402
f 1532/459/454 1533/457/452 1557/1780/1743
f 1557/1780/1743 1533/457/452 1556/1793/1756
f 1557/1780/1743 1556/1793/1756 1576/1781/1744
f 1576/1781/1744 1556/1793/1756 1575/1794/1757
f 1576/1781/1744 1575/1794/1757 1595/1782/1745
f 1595/1782/1745 1575/1794/1757 1594/1795/1758
f 1595/1782/1745 1594/1795/1758 1614/1783/1746
f 1614/1783/1746 1594/1795/1758 1613/1796/1759
f 1614/1783/1746 1613/1796/1759 1646/1784/1747
f 1646/1784/1747 1613/1796/1759 1647/1797/1760
f 1646/1784/1747 1647/1797/1760 1633/1785/1748
f 1633/1785/1748 1647/1797/1760 1632/1798/1761
f 1633/1785/1748 1632/1798/1761 1671/1786/1749
f 1671/1786/1749 1632/1798/1761 1670/1799/1762
f 1671/1786/1749 1670/1799/1762 1690/1787/1750
f 1690/1787/1750 1670/1799/1762 1689/1800/1763
f 1690/1787/1750 1689/1800/1763 1709/1788/1751
f 1709/1788/1751 1689/1800/1763 1708/1801/1764
f 1709/1788/1751 1708/1801/1764 1722/1789/1752
f 1722/1789/1752 1708/1801/1764 1723/1802/1765
f 1722/1789/1752 1723/1802/1765 1747/1790/1753
f 1747/1790/1753 1723/1802/1765 1746/1803/1766
f 1747/1790/1753 1746/1803/1766 1766/1791/1754
f 1766/1791/1754 1746/1803/1766 1765/1804/1767
f 1766/1791/1754 1765/1804/1767 1785/1792/1755
f 1785/1792/1755 1765/1804/1767 1784/408/404
f 1785/1792/1755 1784/408/404 1804/406/402
f 1533/457/452 1534/455/450 1556/1793/1756
f 1556/1793/1756 1534/455/450 1555/1805/1768
f 1556/1793/1756 1555/1805/1768 1575/1794/1757
f 1575/1794/1757 1555/1805/1768 1574/1806/1769
f 1575/1794/1757 1574/1806/1769 1594/1795/1758
f 1594/1795/1758 1574/1806/1769 1593/1807/1770
f 1594/1795/1758 1593/1807/1770 1613/1796/1759
f 1613/1796/1759 1593/1807/1770 1612/1808/1771
f 1613/1796/1759 1612/1808/1771 1647/1797/1760
f 1647/1797/1760 1612/1808/1771 1648/1809/1772
f 1647/1797/1760 1648/1809/1772 1632/1798/1761
f 1632/1798/1761 1648/1809/1772 1631/1810/1773
f 1632/1798/1761 1631/1810/1773 1670/1799/1762
f 1670/1799/1762 1631/1810/1773 1669/1811/1774
f 1670/1799/1762 1669/1811/1774 1689/1800/1763
f 1689/1800/1763 1669/1811/1774 1688/1812/1775
f 1689/1800/1763 1688/1812/1775 1708/1801/1764
f 1708/1801/1764 1688/1812/1775 1707/1813/1776
f 1708/1801/1764 1707/1813/1776 1723/1802/1765
f 1723/1802/1765 1707/1813/1776 1724/1814/1777
f 1723/1802/1765 1724/1814/1777 1746/1803/1766
f 1746/1803/1766 1724/1814/1777 1745/1815/1778
f 1746/1803/1766 1745/1815/1778 1765/1804/1767
f 1765/1804/1767 1745/1815/1778 1764/410/406
f 1765/1804/1767 1764/410/406 1784/408/404
f 1534/455/450 1535/453/448 1555/1805/1768
f 1555/1805/1768 1535/453/448 1554/1816/1779
f 1555/1805/1768 1554/1816/1779 1574/1806/1769
f 1574/1806/1769 1554/1816/1779 1573/1817/1780
f 1574/1806/1769 1573/1817/1780 1593/1807/1770
f 1593/1807/1770 1573/1817/1780 1592/1818/1781
f 1593/1807/1770 1592/1818/1781 1612/1808/1771
f 1612/1808/1771 1592/1818/1781 1611/1819/1782
f 1612/1808/1771 1611/1819/1782 1648/1809/1772
f 1648/1809/1772 1611/1819/1782 1649/1820/1783
f 1648/1809/1772 1649/1820/1783 1631/1810/1773
f 1631/1810/1773 1649/1820/1783 1630/1821/1784
f 1631/1810/1773 1630/1821/1784 1669/1811/1774
f 1669/1811/1774 1630/1821/1784 1668/1822/1785
f 1669/1811/1774 1668/1822/1785 1688/1812/1775
f 1688/1812/1775 1668/1822/1785 1687/1823/1786
f 1688/1812/1775 1687/1823/1786 1707/1813/1776
f 1707/1813/1776 1687/1823/1786 1706/1824/1787
f 1707/1813/1776 1706/1824/1787 1724/1814/1777
f 1724/1814/1777 1706/1824/1787 1725/1825/1788
f 1724/1814/1777 1725/1825/1788 1745/1815/1778
f 1745/1815/1778 1725/1825/1788 1744/412/408
f 1745/1815/1778 1744/412/408 1764/410/406
f 1535/453/448 1536/451/446 1554/1816/1779
f 1554/1816/1779 1536/451/446 1553/1826/1789
f 1554/1816/1779 1553/1826/1789 1573/1817/1780
f 1573/1817/1780 1553/1826/1789 1572/1827/1790
f 1573/1817/1780 1572/1827/1790 1592/1818/1781
f 1592/1818/1781 1572/1827/1790 1591/1828/1791
f 1592/1818/1781 1591/1828/1791 1611/1819/1782
f 1611/1819/1782 1591/1828/1791 1610/1829/1792
f 1611/1819/1782 1610/1829/1792 1649/1820/1783
f 1649/1820/1783 1610/1829/1792 1650/1830/1793
f 1649/1820/1783 1650/1830/1793 1630/1821/1784
f 1630/1821/1784 1650/1830/1793 1629/1831/1794
f 1630/1821/1784 1629/1831/1794 1668/1822/1785
f 1668/1822/1785 1629/1831/1794 1667/1832/1795
f 1668/1822/1785 1667/1832/1795 1687/1823/1786
f 1687/1823/1786 1667/1832/1795 1686/1833/1796
f 1687/1823/1786 1686/1833/1796 1706/1824/1787
f 1706/1824/1787 1686/1833/1796 1705/1834/1797
f 1706/1824/1787 1705/1834/1797 1725/1825/1788
f 1725/1825/1788 1705/1834/1797 1726/414/410
f 1725/1825/1788 1726/414/410 1744/412/408
f 1536/451/446 1537/449/444 1553/1826/1789
f 1553/1826/1789 1537/449/444 1552/1835/1798
f 1553/1826/1789 1552/1835/1798 1572/1827/1790
f 1572/1827/1790 1552/1835/1798 1571/1836/1799
f 1572/1827/1790 1571/1836/1799 1591/1828/1791
f 1591/1828/1791 1571/1836/1799 1590/1837/1800
f 1591/1828/1791 1590/1837/1800 1610/1829/1792
f 1610/1829/1792 1590/1837/1800 1609/1838/1801
f 1610/1829/1792 1609/1838/1801 1650/1830/1793
f 1650/1830/1793 1609/1838/1801 1651/1839/1802
f 1650/1830/1793 1651/1839/1802 1629/1831/1794
f 1629/1831/1794 1651/1839/1802 1628/1840/1803
f 1629/1831/1794 1628/1840/1803 1667/1832/1795
f 1667/1832/1795 1628/1840/1803 1666/1841/1804
f 1667/1832/1795 1666/1841/1804 1686/1833/1796
f 1686/1833/1796 1666/1841/1804 1685/1842/1805
f 1686/1833/1796 1685/1842/1805 1705/1834/1797
f 1705/1834/1797 1685/1842/1805 1704/416/412
f 1705/1834/1797 1704/416/412 1726/414/410
f 1537/449/444 1538/447/442 1552/1835/1798
f 1552/1835/1798 1538/447/442 1551/1843/1806
f 1552/1835/1798 1551/1843/1806 1571/1836/1799
f 1571/1836/1799 1551/1843/1806 1570/1844/1807
f 1571/1836/1799 1570/1844/1807 1590/1837/1800
f 1590/1837/1800 1570/1844/1807 1589/1845/1808
f 1590/1837/1800 1589/1845/1808 1609/1838/1801
f 1609/1838/1801 1589/1845/1808 1608/1846/1809
f 1609/1838/1801 1608/1846/1809 1651/1839/1802
f 1651/1839/1802 1608/1846/1809 1652/1847/1810
f 1651/1839/1802 1652/1847/1810 1628/1840/1803
f 1628/1840/1803 1652/1847/1810 1627/1848/1811
f 1628/1840/1803 1627/1848/1811 1666/1841/1804
f 1666/1841/1804 1627/1848/1811 1665/1849/1812
f 1666/1841/1804 1665/1849/1812 1685/1842/1805
f 1685/1842/1805 1665/1849/1812 1684/418/414
f 1685/1842/1805 1684/418/414 1704/416/412
f 1538/447/442 1539/445/440 1551/1843/1806
f 1551/1843/1806 1539/445/440 1550/1850/1813
f 1551/1843/1806 1550/1850/1813 1570/1844/1807
f 1570/1844/1807 1550/1850/1813 1569/1851/1814
f 1570/1844/1807 1569/1851/1814 1589/1845/1808
f 1589/1845/1808 1569/1851/1814 1588/1852/1815
f 1589/1845/1808 1588/1852/1815 1608/1846/1809
f 1608/1846/1809 1588/1852/1815 1607/1853/1816
f 1608/1846/1809 1607/1853/1816 1652/1847/1810
f 1652/1847/1810 1607/1853/1816 1653/1854/1817
f 1652/1847/1810 1653/1854/1817 1627/1848/1811
f 1627/1848/1811 1653/1854/1817 1626/1855/1818
f 1627/1848/1811 1626/1855/1818 1665/1849/1812
f 1665/1849/1812 1626/1855/1818 1664/420/416
f 1665/1849/1812 1664/420/416 1684/418/414
f 1539/445/440 1540/443/438 1550/1850/1813
f 1550/1850/1813 1540/443/438 1549/1856/1819
f 1550/1850/1813 1549/1856/1819 1569/1851/1814
f 1569/1851/1814 1549/1856/1819 1568/1857/1820
f 1569/1851/1814 1568/1857/1820 1588/1852/1815
f 1588/1852/1815 1568/1857/1820 1587/1858/1821
f 1588/1852/1815 1587/1858/1821 1607/1853/1816
f 1607/1853/1816 1587/1858/1821 1606/1859/1822
f 1607/1853/1816 1606/1859/1822 1653/1854/1817
f 1653/1854/1817 1606/1859/1822 1654/1860/1823
f 1653/1854/1817 1654/1860/1823 1626/1855/1818
f 1626/1855/1818 1654/1860/1823 1625/422/418
f 1626/1855/1818 1625/422/418 1664/420/416
f 1540/443/438 1541/441/436 1549/1856/1819
f 1549/1856/1819 1541/441/436 1548/1861/1824
f 1549/1856/1819 1548/1861/1824 1568/1857/1820
f 1568/1857/1820 1548/1861/1824 1567/1862/1825
f 1568/1857/1820 1567/1862/1825 1587/1858/1821
f 1587/1858/1821 1567/1862/1825 1586/1863/1826
f 1587/1858/1821 1586/1863/1826 1606/1859/1822
f 1606/1859/1822 1586/1863/1826 1605/1864/1827
f 1606/1859/1822 1605/1864/1827 1654/1860/1823
f 1654/1860/1823 1605/1864/1827 1655/424/420
f 1654/1860/1823 1655/424/420 1625/422/418
f 1541/441/436 1542/439/434 1548/1861/1824
f 1548/1861/1824 1542/439/434 1547/1865/1828
f 1548/1861/1824 1547/1865/1828 1567/1862/1825
f 1567/1862/1825 1547/1865/1828 1566/1866/1829
f 1567/1862/1825 1566/1866/1829 1586/1863/1826
f 1586/1863/1826 1566/1866/1829 1585/1867/1830
f 1586/1863/1826 1585/1867/1830 1605/1864/1827
f 1605/1864/1827 1585/1867/1830 1604/426/422
f 1605/1864/1827 1604/426/422 1655/424/420
f 1542/439/434 1543/437/432 1547/1865/1828
f 1547/1865/1828 1543/437/432 1546/1868/1831
f 1547/1865/1828 1546/1868/1831 1566/1866/1829
f 1566/1866/1829 1546/1868/1831 1565/1869/1832
f 1566/1866/1829 1565/1869/1832 1585/1867/1830
f 1585/1867/1830 1565/1869/1832 1584/428/424
f 1585/1867/1830 1584/428/424 1604/426/422
f 1543/437/432 1544/435/430 1546/1868/1831
f 1546/1868/1831 1544/435/430 1545/433/428
f 1546/1868/1831 1545/433/428 1565/1869/1832
f 1565/1869/1832 1545/433/428 1564/430/426
f 1565/1869/1832 1564/430/426 1584/428/424
f 1658/1301/1277 1621/1312/1287 1622/1302/1278
f 1622/1302/1278 1621/1312/1287 1660/1870/1833
f 1622/1302/1278 1660/1870/1833 1661/1303/1279
f 1661/1303/1279 1660/1870/1833 1680/1871/1834
f 1661/1303/1279 1680/1871/1834 1681/1304/1280
f 1681/1304/1280 1680/1871/1834 1700/1872/1835
f 1681/1304/1280 1700/1872/1835 1701/1305/1281
f 1701/1305/1281 1700/1872/1835 1730/1873/1836
f 1701/1305/1281 1730/1873/1836 1729/1306/1282
f 1729/1306/1282 1730/1873/1836 1740/1874/1837
f 1729/1306/1282 1740/1874/1837 1741/1307/1283
f 1741/1307/1283 1740/1874/1837 1760/1336/1309
f 1621/1312/1287 1659/1314/1289 1660/1870/1833
f 1660/1870/1833 1659/1314/1289 1679/1875/1838
f 1660/1870/1833 1679/1875/1838 1680/1871/1834
f 1680/1871/1834 1679/1875/1838 1699/1876/1839
f 1680/1871/1834 1699/1876/1839 1700/1872/1835
f 1700/1872/1835 1699/1876/1839 1731/1877/1840
f 1700/1872/1835 1731/1877/1840 1730/1873/1836
f 1730/1873/1836 1731/1877/1840 1739/1878/1841
f 1730/1873/1836 1739/1878/1841 1740/1874/1837
f 1740/1874/1837 1739/1878/1841 1759/1879/1842
f 1740/1874/1837 1759/1879/1842 1760/1336/1309
f 1760/1336/1309 1759/1879/1842 1779/1334/1307
f 1659/1314/1289 1678/1316/1291 1679/1875/1838
f 1679/1875/1838 1678/1316/1291 1698/1880/1843
f 1679/1875/1838 1698/1880/1843 1699/1876/1839
f 1699/1876/1839 1698/1880/1843 1732/1881/1844
f 1699/1876/1839 1732/1881/1844 1731/1877/1840
f 1731/1877/1840 1732/1881/1844 1738/1882/1845
f 1731/1877/1840 1738/1882/1845 1739/1878/1841
f 1739/1878/1841 1738/1882/1845 1758/1883/1846
f 1739/1878/1841 1758/1883/1846 1759/1879/1842
f 1759/1879/1842 1758/1883/1846 1778/1884/1847
f 1759/1879/1842 1778/1884/1847 1779/1334/1307
f 1779/1334/1307 1778/1884/1847 1798/1332/1305
f 1714/1365/1328 1694/386/383 1713/388/385
f 1678/1316/1291 1697/1318/1293 1698/1880/1843
f 1698/1880/1843 1697/1318/1293 1733/1885/1848
f 1698/1880/1843 1733/1885/1848 1732/1881/1844
f 1732/1881/1844 1733/1885/1848 1737/1886/1849
f 1732/1881/1844 1737/1886/1849 1738/1882/1845
f 1738/1882/1845 1737/1886/1849 1757/1887/1850
f 1738/1882/1845 1757/1887/1850 1758/1883/1846
f 1758/1883/1846 1757/1887/1850 1777/1888/1851
f 1758/1883/1846 1777/1888/1851 1778/1884/1847
f 1778/1884/1847 1777/1888/1851 1797/1330/1304
f 1778/1884/1847 1797/1330/1304 1798/1332/1305
f 1714/1365/1328 1713/388/385 1717/1889/1852
f 1717/1889/1852 1713/388/385 1718/390/387
f 1717/1889/1852 1718/390/387 1752/1890/1853
f 1752/1890/1853 1718/390/387 1751/392/389
f 1752/1890/1853 1751/392/389 1771/1891/1854
f 1771/1891/1854 1751/392/389 1770/394/391
f 1771/1891/1854 1770/394/391 1790/1892/1855
f 1790/1892/1855 1770/394/391 1789/396/393
f 1790/1892/1855 1789/396/393 1809/1352/1317
f 1809/1352/1317 1789/396/393 1808/398/395
f 1716/1363/1326 1717/1889/1852 1753/1361/1324
f 1753/1361/1324 1717/1889/1852 1752/1890/1853
f 1753/1361/1324 1752/1890/1853 1772/1359/1322
f 1772/1359/1322 1752/1890/1853 1771/1891/1854
f 1772/1359/1322 1771/1891/1854 1791/1357/1320
f 1791/1357/1320 1771/1891/1854 1790/1892/1855
f 1791/1357/1320 1790/1892/1855 1810/1354/1318
f 1810/1354/1318 1790/1892/1855 1809/1352/1317
f 1717/1889/1852 1716/1363/1326 1714/1365/1328
f 1737/1886/1849 1733/1885/1848 1736/1322/1297
f 1736/1322/1297 1733/1885/1848 1734/1320/1295
f 1734/1320/1295 1733/1885/1848 1697/1318/1293
f 1757/1887/1850 1737/1886/1849 1756/1324/1299
f 1756/1324/1299 1737/1886/1849 1736/1322/1297
f 1777/1888/1851 1757/1887/1850 1776/1326/1301
f 1776/1326/1301 1757/1887/1850 1756/1324/1299
f 1797/1330/1304 1777/1888/1851 1796/1328/1303
f 1796/1328/1303 1777/1888/1851 1776/1326/1301
f 64/1893/1856 1887/1894/1857 1/1895/1858
f 1/1895/1858 1887/1894/1857 1888/1896/1859
f 1/1895/1858 1888/1896/1859 2/1897/1860
f 2/1897/1860 1888/1896/1859 3/1898/1861
f 3/1898/1861 1888/1896/1859 4/1899/1862
f 4/1899/1862 1888/1896/1859 1889/1900/1863
f 4/1899/1862 1889/1900/1863 5/1901/1864
f 5/1901/1864 1889/1900/1863 6/1902/1865
f 6/1902/1865 1889/1900/1863 1902/1903/1866
f 6/1902/1865 1902/1903/1866 7/1904/1867
f 7/1904/1867 1902/1903/1866 1903/1905/1868
f 7/1904/1867 1903/1905/1868 8/1906/1869
f 8/1906/1869 1903/1905/1868 9/1907/1870
f 9/1907/1870 1903/1905/1868 1902/1903/1866
f 9/1907/1870 1902/1903/1866 10/1908/1871
f 10/1908/1871 1902/1903/1866 1975/1909/1872
f 10/1908/1871 1975/1909/1872 11/1910/1873
f 11/1910/1873 1975/1909/1872 12/1911/1874
f 12/1911/1874 1975/1909/1872 13/1912/1875
f 13/1912/1875 1975/1909/1872 1968/1913/1876
f 13/1912/1875 1968/1913/1876 14/1914/1877
f 14/1914/1877 1968/1913/1876 15/1915/1878
f 15/1915/1878 1968/1913/1876 1961/1916/1879
f 15/1915/1878 1961/1916/1879 16/1917/1880
f 16/1917/1880 1961/1916/1879 17/1918/1881
f 17/1918/1881 1961/1916/1879 18/1919/1882
f 18/1919/1882 1961/1916/1879 1954/1920/1883
f 18/1919/1882 1954/1920/1883 19/1921/1884
f 19/1921/1884 1954/1920/1883 20/1922/1885
f 20/1922/1885 1954/1920/1883 1947/1923/1886
f 20/1922/1885 1947/1923/1886 21/1924/1887
f 21/1924/1887 1947/1923/1886 22/1925/1888
f 22/1925/1888 1947/1923/1886 23/1926/1889
f 23/1926/1889 1947/1923/1886 1940/1927/1890
f 23/1926/1889 1940/1927/1890 24/1928/1891
f 24/1928/1891 1940/1927/1890 25/1929/1892
f 25/1929/1892 1940/1927/1890 1933/1930/1893
f 25/1929/1892 1933/1930/1893 1932/1931/1894
f 1932/1931/1894 1933/1930/1893 29/1932/1895
f 1932/1931/1894 29/1932/1895 28/1933/1896
f 64/1893/1856 63/1934/1897 1887/1894/1857
f 1887/1894/1857 63/1934/1897 62/1935/1898
f 1887/1894/1857 62/1935/1898 61/1936/1899
f 61/1936/1899 60/1937/1900 1887/1894/1857
f 1887/1894/1857 60/1937/1900 1904/1938/1901
f 1887/1894/1857 1904/1938/1901 1905/1939/1902
f 1905/1939/1902 1904/1938/1901 1907/1940/1903
f 1905/1939/1902 1907/1940/1903 1862/1941/1904
f 1862/1941/1904 1907/1940/1903 1861/1942/1905
f 1861/1942/1905 1907/1940/1903 1909/1943/1906
f 1861/1942/1905 1909/1943/1906 1860/1944/1907
f 1860/1944/1907 1909/1943/1906 1911/1945/1908
f 1860/1944/1907 1911/1945/1908 1859/1946/1909
f 1859/1946/1909 1911/1945/1908 1913/1947/1910
f 1859/1946/1909 1913/1947/1910 1858/1948/1911
f 1858/1948/1911 1913/1947/1910 1915/1949/1912
f 1858/1948/1911 1915/1949/1912 1857/1950/1913
f 1857/1950/1913 1915/1949/1912 1917/1951/1914
f 1857/1950/1913 1917/1951/1914 1856/1952/1915
f 1856/1952/1915 1917/1951/1914 1919/1953/1916
f 1856/1952/1915 1919/1953/1916 1921/1954/1917
f 1921/1954/1917 1919/1953/1916 1920/1955/1918
f 1921/1954/1917 1920/1955/1918 1930/1956/1919
f 1930/1956/1919 1920/1955/1918 1929/1957/1920
f 1930/1956/1919 1929/1957/1920 2426/1958/1921
f 2426/1958/1921 1929/1957/1920 2425/1959/1922
f 2426/1958/1921 2425/1959/1922 2436/1960/1923
f 2436/1960/1923 2425/1959/1922 2435/1961/1924
f 2436/1960/1923 2435/1961/1924 2446/1962/1925
f 2446/1962/1925 2435/1961/1924 2445/1963/1926
f 2446/1962/1925 2445/1963/1926 2456/1964/1927
f 2456/1964/1927 2445/1963/1926 2455/1965/1928
f 2456/1964/1927 2455/1965/1928 2466/1966/1929
f 2466/1966/1929 2455/1965/1928 2465/1967/1930
f 2466/1966/1929 2465/1967/1930 2476/1968/1931
f 2476/1968/1931 2465/1967/1930 2475/1969/1932
f 2476/1968/1931 2475/1969/1932 2486/1970/1933
f 2486/1970/1933 2475/1969/1932 2485/1971/1934
f 2486/1970/1933 2485/1971/1934 2496/1972/1935
f 2496/1972/1935 2485/1971/1934 2495/1973/1936
f 2496/1972/1935 2495/1973/1936 2506/1974/1937
f 2506/1974/1937 2495/1973/1936 2505/1975/1938
f 2506/1974/1937 2505/1975/1938 2516/1976/1939
f 2516/1976/1939 2505/1975/1938 2515/1977/1940
f 2516/1976/1939 2515/1977/1940 2089/1978/1941
f 2089/1978/1941 2515/1977/1940 2090/1979/1942
f 2089/1978/1941 2090/1979/1942 2086/1980/1943
f 2086/1980/1943 2090/1979/1942 2085/1981/1944
f 2086/1980/1943 2085/1981/1944 2106/1982/1945
f 2106/1982/1945 2085/1981/1944 2105/1983/1946
f 2106/1982/1945 2105/1983/1946 2116/1984/1947
f 2116/1984/1947 2105/1983/1946 2115/1985/1948
f 2116/1984/1947 2115/1985/1948 2126/1986/1949
f 2126/1986/1949 2115/1985/1948 2125/1987/1950
f 2126/1986/1949 2125/1987/1950 2136/1988/1951
f 2136/1988/1951 2125/1987/1950 2135/1989/1952
f 2136/1988/1951 2135/1989/1952 2146/1990/1953
f 2146/1990/1953 2135/1989/1952 2145/1991/1954
f 2146/1990/1953 2145/1991/1954 2156/1992/1955
f 2156/1992/1955 2145/1991/1954 2155/1993/1956
f 2156/1992/1955 2155/1993/1956 2166/1994/1957
f 2166/1994/1957 2155/1993/1956 2165/1995/1958
f 2166/1994/1957 2165/1995/1958 2176/1996/1959
f 2176/1996/1959 2165/1995/1958 2175/1997/1960
f 2176/1996/1959 2175/1997/1960 2186/1998/1961
f 2186/1998/1961 2175/1997/1960 2185/1999/1962
f 2186/1998/1961 2185/1999/1962 2196/2000/1963
f 2196/2000/1963 2185/1999/1962 2195/2001/1964
f 2196/2000/1963 2195/2001/1964 2053/2002/1965
f 2053/2002/1965 2195/2001/1964 2054/2003/1966
f 2053/2002/1965 2054/2003/1966 97/2004/1967
f 97/2004/1967 2054/2003/1966 98/2005/1968
f 98/2005/1968 2054/2003/1966 2055/2006/1969
f 98/2005/1968 2055/2006/1969 99/2007/1970
f 99/2007/1970 2055/2006/1969 2045/2008/1971
f 99/2007/1970 2045/2008/1971 100/2009/1972
f 100/2009/1972 2045/2008/1971 101/2010/1973
f 101/2010/1973 2045/2008/1971 2044/2011/1974
f 101/2010/1973 2044/2011/1974 102/2012/1975
f 102/2012/1975 2044/2011/1974 103/2013/1976
f 103/2013/1976 2044/2011/1974 104/2014/1977
f 104/2014/1977 2044/2011/1974 105/2015/1978
f 105/2015/1978 2044/2011/1974 2045/2008/1971
f 105/2015/1978 2045/2008/1971 2037/2016/1979
f 2037/2016/1979 2045/2008/1971 2046/2017/1980
f 2037/2016/1979 2046/2017/1980 2038/2018/1981
f 2038/2018/1981 2046/2017/1980 2047/2019/1982
f 2038/2018/1981 2047/2019/1982 2039/2020/1983
f 2039/2020/1983 2047/2019/1982 2048/2021/1984
f 2039/2020/1983 2048/2021/1984 2040/2022/1985
f 2040/2022/1985 2048/2021/1984 2049/2023/1986
f 2040/2022/1985 2049/2023/1986 2041/2024/1987
f 2041/2024/1987 2049/2023/1986 2050/2025/1988
f 2041/2024/1987 2050/2025/1988 2042/2026/1989
f 2042/2026/1989 2050/2025/1988 2051/2027/1990
f 2042/2026/1989 2051/2027/1990 2043/2028/1991
f 2043/2028/1991 2051/2027/1990 297/2029/1992
f 2043/2028/1991 297/2029/1992 296/2030/1993
f 60/1937/1900 59/2031/1994 1904/1938/1901
f 1904/1938/1901 59/2031/1994 58/2032/1995
f 1904/1938/1901 58/2032/1995 57/2033/1996
f 57/2033/1996 56/2034/1997 1904/1938/1901
f 1904/1938/1901 56/2034/1997 1906/2035/1998
f 1904/1938/1901 1906/2035/1998 1907/1940/1903
f 1907/1940/1903 1906/2035/1998 1909/1943/1906
f 56/2034/1997 55/2036/1999 1906/2035/1998
f 1906/2035/1998 55/2036/1999 54/2037/2000
f 1906/2035/1998 54/2037/2000 53/2038/2001
f 1906/2035/1998 53/2038/2001 1908/2039/2002
f 1908/2039/2002 53/2038/2001 52/2040/2003
f 1908/2039/2002 52/2040/2003 51/2041/2004
f 1908/2039/2002 51/2041/2004 1910/2042/2005
f 1910/2042/2005 51/2041/2004 50/2043/2006
f 1910/2042/2005 50/2043/2006 49/2044/2007
f 49/2044/2007 48/2045/2008 1910/2042/2005
f 1910/2042/2005 48/2045/2008 1912/2046/2009
f 1910/2042/2005 1912/2046/2009 1913/1947/1910
f 1913/1947/1910 1912/2046/2009 1915/1949/1912
f 48/2045/2008 47/2047/2010 1912/2046/2009
f 1912/2046/2009 47/2047/2010 46/2048/2011
f 1912/2046/2009 46/2048/2011 1914/2049/2012
f 1914/2049/2012 46/2048/2011 45/2050/2013
f 1914/2049/2012 45/2050/2013 44/2051/2014
f 44/2051/2014 43/2052/2015 1914/2049/2012
f 1914/2049/2012 43/2052/2015 1916/2053/2016
f 1914/2049/2012 1916/2053/2016 1917/1951/1914
f 1917/1951/1914 1916/2053/2016 1919/1953/1916
f 43/2052/2015 42/2054/2017 1916/2053/2016
f 1916/2053/2016 42/2054/2017 41/2055/2018
f 1916/2053/2016 41/2055/2018 40/2056/2019
f 1916/2053/2016 40/2056/2019 1918/2057/2020
f 1918/2057/2020 40/2056/2019 39/2058/2021
f 1918/2057/2020 39/2058/2021 38/2059/2022
f 38/2059/2022 37/2060/2023 1918/2057/2020
f 1918/2057/2020 37/2060/2023 36/2061/2024
f 1918/2057/2020 36/2061/2024 1920/1955/1918
f 1920/1955/1918 36/2061/2024 35/2062/2025
f 1920/1955/1918 35/2062/2025 34/2063/2026
f 34/2063/2026 33/2064/2027 1920/1955/1918
f 1920/1955/1918 33/2064/2027 1929/1957/1920
f 33/2064/2027 32/2065/2028 1929/1957/1920
f 1929/1957/1920 32/2065/2028 1928/2066/2029
f 1929/1957/1920 1928/2066/2029 2425/1959/1922
f 2425/1959/1922 1928/2066/2029 2424/2067/2030
f 2425/1959/1922 2424/2067/2030 2435/1961/1924
f 2435/1961/1924 2424/2067/2030 2434/2068/2031
f 2435/1961/1924 2434/2068/2031 2445/1963/1926
f 2445/1963/1926 2434/2068/2031 2444/2069/2032
f 2445/1963/1926 2444/2069/2032 2455/1965/1928
f 2455/1965/1928 2444/2069/2032 2454/2070/2033
f 2455/1965/1928 2454/2070/2033 2465/1967/1930
f 2465/1967/1930 2454/2070/2033 2464/2071/2034
f 2465/1967/1930 2464/2071/2034 2475/1969/1932
f 2475/1969/1932 2464/2071/2034 2474/2072/2035
f 2475/1969/1932 2474/2072/2035 2485/1971/1934
f 2485/1971/1934 2474/2072/2035 2484/2073/2036
f 2485/1971/1934 2484/2073/2036 2495/1973/1936
f 2495/1973/1936 2484/2073/2036 2494/2074/2037
f 2495/1973/1936 2494/2074/2037 2505/1975/1938
f 2505/1975/1938 2494/2074/2037 2504/2075/2038
f 2505/1975/1938 2504/2075/2038 2515/1977/1940
f 2515/1977/1940 2504/2075/2038 2514/2076/2039
f 2515/1977/1940 2514/2076/2039 2090/1979/1942
f 2090/1979/1942 2514/2076/2039 2091/2077/2040
f 2090/1979/1942 2091/2077/2040 2085/1981/1944
f 2085/1981/1944 2091/2077/2040 2084/2078/2041
f 2085/1981/1944 2084/2078/2041 2105/1983/1946
f 2105/1983/1946 2084/2078/2041 2104/2079/2042
f 2105/1983/1946 2104/2079/2042 2115/1985/1948
f 2115/1985/1948 2104/2079/2042 2114/2080/2043
f 2115/1985/1948 2114/2080/2043 2125/1987/1950
f 2125/1987/1950 2114/2080/2043 2124/2081/2044
f 2125/1987/1950 2124/2081/2044 2135/1989/1952
f 2135/1989/1952 2124/2081/2044 2134/2082/2045
f 2135/1989/1952 2134/2082/2045 2145/1991/1954
f 2145/1991/1954 2134/2082/2045 2144/2083/2046
f 2145/1991/1954 2144/2083/2046 2155/1993/1956
f 2155/1993/1956 2144/2083/2046 2154/2084/2047
f 2155/1993/1956 2154/2084/2047 2165/1995/1958
f 2165/1995/1958 2154/2084/2047 2164/2085/2048
f 2165/1995/1958 2164/2085/2048 2175/1997/1960
f 2175/1997/1960 2164/2085/2048 2174/2086/2049
f 2175/1997/1960 2174/2086/2049 2185/1999/1962
f 2185/1999/1962 2174/2086/2049 2184/2087/2050
f 2185/1999/1962 2184/2087/2050 2195/2001/1964
f 2195/2001/1964 2184/2087/2050 2194/2088/2051
f 2195/2001/1964 2194/2088/2051 2054/2003/1966
f 2054/2003/1966 2194/2088/2051 2055/2006/1969
f 32/2065/2028 31/2089/2052 1928/2066/2029
f 1928/2066/2029 31/2089/2052 1933/1930/1893
f 1928/2066/2029 1933/1930/1893 1934/2090/2053
f 1934/2090/2053 1933/1930/1893 1941/2091/2054
f 1934/2090/2053 1941/2091/2054 1942/2092/2055
f 1942/2092/2055 1941/2091/2054 1949/2093/2056
f 1942/2092/2055 1949/2093/2056 1950/2094/2057
f 1950/2094/2057 1949/2093/2056 1957/2095/2058
f 1950/2094/2057 1957/2095/2058 1958/2096/2059
f 1958/2096/2059 1957/2095/2058 1965/2097/2060
f 1958/2096/2059 1965/2097/2060 1966/2098/2061
f 1966/2098/2061 1965/2097/2060 1973/2099/2062
f 1966/2098/2061 1973/2099/2062 1974/2100/2063
f 1974/2100/2063 1973/2099/2062 1981/2101/2064
f 1974/2100/2063 1981/2101/2064 264/2102/2065
f 264/2102/2065 1981/2101/2064 265/2103/2066
f 265/2103/2066 1981/2101/2064 1896/2104/2067
f 265/2103/2066 1896/2104/2067 266/2105/2068
f 266/2105/2068 1896/2104/2067 1895/2106/2069
f 266/2105/2068 1895/2106/2069 267/2107/2070
f 267/2107/2070 1895/2106/2069 2408/2108/2071
f 267/2107/2070 2408/2108/2071 268/2109/2072
f 268/2109/2072 2408/2108/2071 2398/2110/2073
f 268/2109/2072 2398/2110/2073 269/2111/2074
f 269/2111/2074 2398/2110/2073 2388/2112/2075
f 269/2111/2074 2388/2112/2075 270/2113/2076
f 270/2113/2076 2388/2112/2075 2378/2114/2077
f 270/2113/2076 2378/2114/2077 271/2115/2078
f 271/2115/2078 2378/2114/2077 2368/2116/2079
f 271/2115/2078 2368/2116/2079 272/2117/2080
f 272/2117/2080 2368/2116/2079 2358/2118/2081
f 272/2117/2080 2358/2118/2081 273/2119/2082
f 273/2119/2082 2358/2118/2081 2348/2120/2083
f 273/2119/2082 2348/2120/2083 274/2121/2084
f 274/2121/2084 2348/2120/2083 2338/2122/2085
f 274/2121/2084 2338/2122/2085 275/2123/2086
f 275/2123/2086 2338/2122/2085 2328/2124/2087
f 275/2123/2086 2328/2124/2087 276/2125/2088
f 276/2125/2088 2328/2124/2087 2318/2126/2089
f 276/2125/2088 2318/2126/2089 277/2127/2090
f 277/2127/2090 2318/2126/2089 2308/2128/2091
f 277/2127/2090 2308/2128/2091 278/2129/2092
f 278/2129/2092 2308/2128/2091 1876/2130/2093
f 278/2129/2092 1876/2130/2093 2298/2131/2094
f 2298/2132/2094 1876/2133/2093 1877/2134/2095
f 2298/2132/2094 1877/2134/2095 2299/2135/2096
f 2299/2135/2096 1877/2134/2095 1878/2136/2097
f 2299/2135/2096 1878/2136/2097 2300/2137/2098
f 2300/2137/2098 1878/2136/2097 1879/2138/2099
f 2300/2137/2098 1879/2138/2099 2301/2139/2100
f 2301/2139/2100 1879/2138/2099 1880/2140/2101
f 2301/2139/2100 1880/2140/2101 2302/2141/2102
f 2302/2141/2102 1880/2140/2101 1881/2142/2103
f 2302/2141/2102 1881/2142/2103 2303/2143/2104
f 2303/2143/2104 1881/2142/2103 1882/2144/2105
f 2303/2143/2104 1882/2144/2105 2304/2145/2106
f 2304/2145/2106 1882/2144/2105 1883/2146/2107
f 2304/2145/2106 1883/2146/2107 2305/2147/2108
f 2305/2147/2108 1883/2146/2107 1884/2148/2109
f 2305/2147/2108 1884/2148/2109 2306/2149/2110
f 2306/2149/2110 1884/2148/2109 1885/2150/2111
f 2306/2149/2110 1885/2150/2111 2307/2151/2112
f 2307/2151/2112 1885/2150/2111 1811/2152/2113
f 2307/2151/2112 1811/2152/2113 1812/2153/2114
f 31/2089/2052 30/2154/2115 1933/1930/1893
f 1933/1930/1893 30/2154/2115 29/1932/1895
f 28/1933/1896 27/2155/2116 1932/1931/1894
f 1932/1931/1894 27/2155/2116 26/2156/2117
f 1932/1931/1894 26/2156/2117 25/1929/1892
f 128/2157/2118 1989/2158/2119 65/2159/2120
f 65/2159/2120 1989/2158/2119 1993/2160/2121
f 65/2159/2120 1993/2160/2121 66/2161/2122
f 66/2161/2122 1993/2160/2121 67/2162/2123
f 67/2162/2123 1993/2160/2121 68/2163/2124
f 68/2163/2124 1993/2160/2121 69/2164/2125
f 69/2164/2125 1993/2160/2121 70/2165/2126
f 70/2165/2126 1993/2160/2121 2076/2166/2127
f 70/2165/2126 2076/2166/2127 71/2167/2128
f 71/2167/2128 2076/2166/2127 72/2168/2129
f 72/2168/2129 2076/2166/2127 73/2169/2130
f 73/2169/2130 2076/2166/2127 74/2170/2131
f 74/2170/2131 2076/2166/2127 2074/2171/2132
f 74/2170/2131 2074/2171/2132 75/2172/2133
f 75/2172/2133 2074/2171/2132 76/2173/2134
f 76/2173/2134 2074/2171/2132 77/2174/2135
f 77/2174/2135 2074/2171/2132 2072/2175/2136
f 77/2174/2135 2072/2175/2136 78/2176/2137
f 78/2176/2137 2072/2175/2136 79/2177/2138
f 79/2177/2138 2072/2175/2136 2070/2178/2139
f 79/2177/2138 2070/2178/2139 80/2179/2140
f 80/2179/2140 2070/2178/2139 81/2180/2141
f 81/2180/2141 2070/2178/2139 82/2181/2142
f 82/2181/2142 2070/2178/2139 2068/2182/2143
f 82/2181/2142 2068/2182/2143 83/2183/2144
f 83/2183/2144 2068/2182/2143 84/2184/2145
f 84/2184/2145 2068/2182/2143 2066/2185/2146
f 84/2184/2145 2066/2185/2146 85/2186/2147
f 85/2186/2147 2066/2185/2146 86/2187/2148
f 86/2187/2148 2066/2185/2146 87/2188/2149
f 87/2188/2149 2066/2185/2146 2064/2189/2150
f 87/2188/2149 2064/2189/2150 88/2190/2151
f 88/2190/2151 2064/2189/2150 89/2191/2152
f 89/2191/2152 2064/2189/2150 90/2192/2153
f 90/2192/2153 2064/2189/2150 2062/2193/2154
f 90/2192/2153 2062/2193/2154 91/2194/2155
f 91/2194/2155 2062/2193/2154 92/2195/2156
f 92/2195/2156 2062/2193/2154 93/2196/2157
f 93/2196/2157 2062/2193/2154 94/2197/2158
f 94/2197/2158 2062/2193/2154 95/2198/2159
f 95/2198/2159 2062/2193/2154 96/2199/2160
f 96/2199/2160 2062/2193/2154 97/2004/1967
f 97/2004/1967 2062/2193/2154 2053/2002/1965
f 128/2157/2118 127/2200/2161 1989/2158/2119
f 1989/2158/2119 127/2200/2161 126/2201/2162
f 1989/2158/2119 126/2201/2162 1988/2202/2163
f 1988/2202/2163 126/2201/2162 125/2203/2164
f 1988/2202/2163 125/2203/2164 124/2204/2165
f 1988/2202/2163 124/2204/2165 1995/2205/2166
f 1995/2205/2166 124/2204/2165 123/2206/2167
f 1995/2205/2166 123/2206/2167 1994/2207/2168
f 1994/2207/2168 123/2206/2167 122/2208/2169
f 1994/2207/2168 122/2208/2169 121/2209/2170
f 1994/2207/2168 121/2209/2170 1995/2205/2166
f 1995/2205/2166 121/2209/2170 120/2210/2171
f 1995/2205/2166 120/2210/2171 2002/2211/2172
f 2002/2211/2172 120/2210/2171 119/2212/2173
f 2002/2211/2172 119/2212/2173 118/2213/2174
f 118/2213/2174 117/2214/2175 2002/2211/2172
f 2002/2211/2172 117/2214/2175 2009/2215/2176
f 2002/2211/2172 2009/2215/2176 2010/2216/2177
f 2010/2216/2177 2009/2215/2176 2017/2217/2178
f 2010/2216/2177 2017/2217/2178 2018/2218/2179
f 2018/2218/2179 2017/2217/2178 2025/2219/2180
f 2018/2218/2179 2025/2219/2180 2026/2220/2181
f 2026/2220/2181 2025/2219/2180 2033/2221/2182
f 2026/2220/2181 2033/2221/2182 2034/2222/2183
f 2034/2222/2183 2033/2221/2182 2041/2024/1987
f 2034/2222/2183 2041/2024/1987 2042/2026/1989
f 117/2214/2175 116/2223/2184 2009/2215/2176
f 2009/2215/2176 116/2223/2184 115/2224/2185
f 2009/2215/2176 115/2224/2185 2016/2225/2186
f 2016/2225/2186 115/2224/2185 114/2226/2187
f 2016/2225/2186 114/2226/2187 113/2227/2188
f 113/2227/2188 112/2228/2189 2016/2225/2186
f 2016/2225/2186 112/2228/2189 2023/2229/2190
f 2016/2225/2186 2023/2229/2190 2024/2230/2191
f 2024/2230/2191 2023/2229/2190 2031/2231/2192
f 2024/2230/2191 2031/2231/2192 2032/2232/2193
f 2032/2232/2193 2031/2231/2192 2039/2020/1983
f 2032/2232/2193 2039/2020/1983 2040/2022/1985
f 112/2228/2189 111/2233/2194 2023/2229/2190
f 2023/2229/2190 111/2233/2194 110/2234/2195
f 2023/2229/2190 110/2234/2195 2030/2235/2196
f 2030/2235/2196 110/2234/2195 109/2236/2197
f 2030/2235/2196 109/2236/2197 108/2237/2198
f 108/2237/2198 107/2238/2199 2030/2235/2196
f 2030/2235/2196 107/2238/2199 2037/2016/1979
f 2030/2235/2196 2037/2016/1979 2038/2018/1981
f 107/2238/2199 106/2239/2200 2037/2016/1979
f 2037/2016/1979 106/2239/2200 105/2015/1978
f 309/2240/2201 2078/2241/2202 233/2242/234
f 233/2242/234 2078/2241/2202 2097/2243/2203
f 233/2242/234 2097/2243/2203 247/2244/2204
f 247/2244/2204 2097/2243/2203 2508/2245/2205
f 247/2244/2204 2508/2245/2205 248/2246/2206
f 248/2246/2206 2508/2245/2205 2498/2247/2207
f 248/2246/2206 2498/2247/2207 249/2248/2208
f 249/2248/2208 2498/2247/2207 2488/2249/2209
f 249/2248/2208 2488/2249/2209 250/2250/2210
f 250/2250/2210 2488/2249/2209 2478/2251/2211
f 250/2250/2210 2478/2251/2211 251/2252/2212
f 251/2252/2212 2478/2251/2211 2468/2253/2213
f 251/2252/2212 2468/2253/2213 252/2254/2214
f 252/2254/2214 2468/2253/2213 2458/2255/2215
f 252/2254/2214 2458/2255/2215 253/2256/2216
f 253/2256/2216 2458/2255/2215 2448/2257/2217
f 253/2256/2216 2448/2257/2217 254/2258/2218
f 254/2258/2218 2448/2257/2217 2438/2259/2219
f 254/2258/2218 2438/2259/2219 255/2260/2220
f 255/2260/2220 2438/2259/2219 2428/2261/2221
f 255/2260/2220 2428/2261/2221 256/2262/2222
f 256/2262/2222 2428/2261/2221 2418/2263/2223
f 256/2262/2222 2418/2263/2223 257/2264/2224
f 257/2264/2224 2418/2263/2223 1922/2265/2225
f 257/2264/2224 1922/2265/2225 258/2266/2226
f 258/2266/2226 1922/2265/2225 1939/2267/2227
f 258/2266/2226 1939/2267/2227 259/2268/2228
f 259/2268/2228 1939/2267/2227 1946/2269/2229
f 259/2268/2228 1946/2269/2229 260/2270/2230
f 260/2270/2230 1946/2269/2229 1953/2271/2231
f 260/2270/2230 1953/2271/2231 261/2272/2232
f 261/2272/2232 1953/2271/2231 1960/2273/2233
f 261/2272/2232 1960/2273/2233 262/2274/2234
f 262/2274/2234 1960/2273/2233 1967/2275/2235
f 262/2274/2234 1967/2275/2235 263/2276/2236
f 263/2276/2236 1967/2275/2235 1974/2100/2063
f 263/2276/2236 1974/2100/2063 264/2102/2065
f 2078/2241/2202 309/2240/2201 2098/2277/2237
f 2098/2277/2237 309/2240/2201 308/2278/2238
f 2098/2277/2237 308/2278/2238 2108/2279/2239
f 2108/2279/2239 308/2278/2238 307/2280/2240
f 2108/2279/2239 307/2280/2240 2118/2281/2241
f 2118/2281/2241 307/2280/2240 306/2282/2242
f 2118/2281/2241 306/2282/2242 2128/2283/2243
f 2128/2283/2243 306/2282/2242 305/2284/2244
f 2128/2283/2243 305/2284/2244 2138/2285/2245
f 2138/2285/2245 305/2284/2244 304/2286/2246
f 2138/2285/2245 304/2286/2246 2148/2287/2247
f 2148/2287/2247 304/2286/2246 303/2288/2248
f 2148/2287/2247 303/2288/2248 2158/2289/2249
f 2158/2289/2249 303/2288/2248 302/2290/2250
f 2158/2289/2249 302/2290/2250 2168/2291/2251
f 2168/2291/2251 302/2290/2250 301/2292/2252
f 2168/2291/2251 301/2292/2252 2178/2293/2253
f 2178/2293/2253 301/2292/2252 300/2294/2254
f 2178/2293/2253 300/2294/2254 2188/2295/2255
f 2188/2295/2255 300/2294/2254 299/2296/2256
f 2188/2295/2255 299/2296/2256 2061/2297/2257
f 2061/2297/2257 299/2296/2256 298/2298/2258
f 2061/2297/2257 298/2298/2258 2051/2027/1990
f 2051/2027/1990 298/2298/2258 297/2029/1992
f 2043/2028/1991 296/2030/1993 2036/2299/2259
f 2036/2299/2259 296/2030/1993 295/2300/2260
f 2036/2299/2259 295/2300/2260 2029/2301/2261
f 2029/2301/2261 295/2300/2260 294/2302/2262
f 2029/2301/2261 294/2302/2262 2022/2303/2263
f 2022/2303/2263 294/2302/2262 293/2304/2264
f 2022/2303/2263 293/2304/2264 2015/2305/2265
f 2015/2305/2265 293/2304/2264 292/2306/2266
f 2015/2305/2265 292/2306/2266 2008/2307/2267
f 2008/2307/2267 292/2306/2266 291/2308/2268
f 2008/2307/2267 291/2308/2268 2001/2309/2269
f 2001/2309/2269 291/2308/2268 290/2310/2270
f 2001/2309/2269 290/2310/2270 1982/2311/2271
f 1982/2311/2271 290/2310/2270 289/2312/2272
f 1982/2311/2271 289/2312/2272 2198/2313/2273
f 2198/2313/2273 289/2312/2272 288/2314/2274
f 2198/2313/2273 288/2314/2274 2208/2315/2275
f 2208/2315/2275 288/2314/2274 287/2316/2276
f 2208/2315/2275 287/2316/2276 2218/2317/2277
f 2218/2317/2277 287/2316/2276 286/2318/2278
f 2218/2317/2277 286/2318/2278 2228/2319/2279
f 2228/2319/2279 286/2318/2278 285/2320/2280
f 2228/2319/2279 285/2320/2280 2238/2321/2281
f 2238/2321/2281 285/2320/2280 284/2322/2282
f 2238/2321/2281 284/2322/2282 2248/2323/2283
f 2248/2323/2283 284/2322/2282 283/2324/2284
f 2248/2323/2283 283/2324/2284 2258/2325/2285
f 2258/2325/2285 283/2324/2284 282/2326/2286
f 2258/2325/2285 282/2326/2286 2268/2327/2287
f 2268/2327/2287 282/2326/2286 281/2328/2288
f 2268/2327/2287 281/2328/2288 2278/2329/2289
f 2278/2329/2289 281/2328/2288 280/2330/2290
f 2278/2329/2289 280/2330/2290 2288/2331/2291
f 2288/2331/2291 280/2330/2290 279/2332/2292
f 2288/2331/2291 279/2332/2292 2298/2132/2094
f 2298/2131/2094 279/2333/2292 278/2129/2092
f 2307/2151/2112 1812/2153/2114 2297/2334/2293
f 2297/2334/2293 1812/2153/2114 1813/2335/2294
f 2297/2334/2293 1813/2335/2294 2287/2336/2295
f 2287/2336/2295 1813/2335/2294 1814/2337/2296
f 2287/2336/2295 1814/2337/2296 2277/2338/2297
f 2277/2338/2297 1814/2337/2296 1815/2339/2298
f 2277/2338/2297 1815/2339/2298 2267/2340/2299
f 2267/2340/2299 1815/2339/2298 1816/2341/2300
f 2267/2340/2299 1816/2341/2300 2257/2342/2301
f 2257/2342/2301 1816/2341/2300 1817/2343/2302
f 2257/2342/2301 1817/2343/2302 2247/2344/2303
f 2247/2344/2303 1817/2343/2302 1818/2345/2304
f 2247/2344/2303 1818/2345/2304 2237/2346/2305
f 2237/2346/2305 1818/2345/2304 1819/2347/2306
f 2237/2346/2305 1819/2347/2306 2227/2348/2307
f 2227/2348/2307 1819/2347/2306 1820/2349/2308
f 2227/2348/2307 1820/2349/2308 2217/2350/2309
f 2217/2350/2309 1820/2349/2308 1821/2351/2310
f 2217/2350/2309 1821/2351/2310 2207/2352/2311
f 2207/2352/2311 1821/2351/2310 1822/2353/2312
f 2207/2352/2311 1822/2353/2312 1991/2354/2313
f 1991/2354/2313 1822/2353/2312 1823/2355/2314
f 1991/2354/2313 1823/2355/2314 1992/2356/2315
f 1992/2356/2315 1823/2355/2314 1824/2357/2316
f 1992/2356/2315 1824/2357/2316 2077/2358/2317
f 2077/2358/2317 1824/2357/2316 2075/2359/2318
f 2077/2358/2317 2075/2359/2318 2074/2171/2132
f 2074/2171/2132 2075/2359/2318 2072/2175/2136
f 1824/2357/2316 1825/2360/2319 2075/2359/2318
f 2075/2359/2318 1825/2360/2319 2073/2361/2320
f 2075/2359/2318 2073/2361/2320 2072/2175/2136
f 2072/2175/2136 2073/2361/2320 2070/2178/2139
f 1825/2360/2319 1826/2362/2321 2073/2361/2320
f 2073/2361/2320 1826/2362/2321 2071/2363/2322
f 2073/2361/2320 2071/2363/2322 2070/2178/2139
f 2070/2178/2139 2071/2363/2322 2068/2182/2143
f 1826/2362/2321 1827/2364/2323 2071/2363/2322
f 2071/2363/2322 1827/2364/2323 2069/2365/2324
f 2071/2363/2322 2069/2365/2324 2068/2182/2143
f 2068/2182/2143 2069/2365/2324 2066/2185/2146
f 1827/2364/2323 1828/2366/2325 2069/2365/2324
f 2069/2365/2324 1828/2366/2325 2067/2367/2326
f 2069/2365/2324 2067/2367/2326 2066/2185/2146
f 2066/2185/2146 2067/2367/2326 2064/2189/2150
f 1828/2366/2325 1829/2368/2327 2067/2367/2326
f 2067/2367/2326 1829/2368/2327 2065/2369/2328
f 2067/2367/2326 2065/2369/2328 2064/2189/2150
f 2064/2189/2150 2065/2369/2328 2062/2193/2154
f 1829/2368/2327 1830/2370/2329 2065/2369/2328
f 2065/2369/2328 1830/2370/2329 2063/2371/2330
f 2065/2369/2328 2063/2371/2330 2062/2193/2154
f 2062/2193/2154 2063/2371/2330 2053/2002/1965
f 1830/2370/2329 1831/2372/2331 2063/2371/2330
f 2063/2371/2330 1831/2372/2331 1832/2373/2332
f 2063/2371/2330 1832/2373/2332 2052/2374/2333
f 2052/2374/2333 1832/2373/2332 1833/2375/2334
f 2052/2374/2333 1833/2375/2334 2197/2376/2335
f 2197/2376/2335 1833/2375/2334 1834/2377/2336
f 2197/2376/2335 1834/2377/2336 2187/2378/2337
f 2187/2378/2337 1834/2377/2336 1835/2379/2338
f 2187/2378/2337 1835/2379/2338 2177/2380/2339
f 2177/2380/2339 1835/2379/2338 1836/2381/2340
f 2177/2380/2339 1836/2381/2340 2167/2382/2341
f 2167/2382/2341 1836/2381/2340 1837/2383/2342
f 2167/2382/2341 1837/2383/2342 2157/2384/2343
f 2157/2384/2343 1837/2383/2342 1838/2385/2344
f 2157/2384/2343 1838/2385/2344 2147/2386/2345
f 2147/2386/2345 1838/2385/2344 1839/2387/2346
f 2147/2386/2345 1839/2387/2346 2137/2388/2347
f 2137/2388/2347 1839/2387/2346 1840/2389/2348
f 2137/2388/2347 1840/2389/2348 2127/2390/2349
f 2127/2390/2349 1840/2389/2348 1841/2391/2350
f 2127/2390/2349 1841/2391/2350 2117/2392/2351
f 2117/2392/2351 1841/2391/2350 1842/2393/2352
f 2117/2392/2351 1842/2393/2352 2107/2394/2353
f 2107/2394/2353 1842/2393/2352 1843/2395/2354
f 2107/2394/2353 1843/2395/2354 2087/2396/2355
f 2087/2396/2355 1843/2395/2354 1844/2397/2356
f 2087/2396/2355 1844/2397/2356 2088/2398/2357
f 2088/2398/2357 1844/2397/2356 1845/2399/2358
f 2088/2398/2357 1845/2399/2358 2517/2400/2359
f 2517/2400/2359 1845/2399/2358 1846/2401/2360
f 2517/2400/2359 1846/2401/2360 2507/2402/2361
f 2507/2402/2361 1846/2401/2360 1847/2403/2362
f 2507/2402/2361 1847/2403/2362 2497/2404/2363
f 2497/2404/2363 1847/2403/2362 1848/2405/2364
f 2497/2404/2363 1848/2405/2364 2487/2406/2365
f 2487/2406/2365 1848/2405/2364 1849/2407/2366
f 2487/2406/2365 1849/2407/2366 2477/2408/2367
f 2477/2408/2367 1849/2407/2366 1850/2409/2368
f 2477/2408/2367 1850/2409/2368 2467/2410/2369
f 2467/2410/2369 1850/2409/2368 1851/2411/2370
f 2467/2410/2369 1851/2411/2370 2457/2412/2371
f 2457/2412/2371 1851/2411/2370 1852/2413/2372
f 2457/2412/2371 1852/2413/2372 2447/2414/2373
f 2447/2414/2373 1852/2413/2372 1853/2415/2374
f 2447/2414/2373 1853/2415/2374 2437/2416/2375
f 2437/2416/2375 1853/2415/2374 1854/2417/2376
f 2437/2416/2375 1854/2417/2376 2427/2418/2377
f 2427/2418/2377 1854/2417/2376 1855/2419/2378
f 2427/2418/2377 1855/2419/2378 1931/2420/2379
f 1931/2420/2379 1855/2419/2378 1921/1954/1917
f 1931/2420/2379 1921/1954/1917 1930/1956/1919
f 1855/2419/2378 1856/1952/1915 1921/1954/1917
f 1862/1941/1904 1863/2421/2380 1905/1939/1902
f 1905/1939/1902 1863/2421/2380 1886/2422/2381
f 1905/1939/1902 1886/2422/2381 1887/1894/1857
f 1887/1894/1857 1886/2422/2381 2416/2423/2382
f 1887/1894/1857 2416/2423/2382 2415/2424/2383
f 2415/2424/2383 2416/2423/2382 2405/2425/2384
f 2415/2424/2383 2405/2425/2384 2404/2426/2385
f 2404/2426/2385 2405/2425/2384 2394/2427/2386
f 2404/2426/2385 2394/2427/2386 2393/2428/2387
f 2393/2428/2387 2394/2427/2386 2383/2429/2388
f 2393/2428/2387 2383/2429/2388 2382/2430/2389
f 2382/2430/2389 2383/2429/2388 2372/2431/2390
f 2382/2430/2389 2372/2431/2390 2371/2432/2391
f 2371/2432/2391 2372/2431/2390 2361/2433/2392
f 2371/2432/2391 2361/2433/2392 2360/2434/2393
f 2360/2434/2393 2361/2433/2392 2350/2435/2394
f 2360/2434/2393 2350/2435/2394 2349/2436/2395
f 2349/2436/2395 2350/2435/2394 2339/2437/2396
f 2349/2436/2395 2339/2437/2396 2338/2122/2085
f 2338/2122/2085 2339/2437/2396 2328/2124/2087
f 1863/2421/2380 1864/2438/2397 1886/2422/2381
f 1886/2422/2381 1864/2438/2397 2417/2439/2398
f 1886/2422/2381 2417/2439/2398 2416/2423/2382
f 2416/2423/2382 2417/2439/2398 2406/2440/2399
f 2416/2423/2382 2406/2440/2399 2405/2425/2384
f 2405/2425/2384 2406/2440/2399 2395/2441/2400
f 2405/2425/2384 2395/2441/2400 2394/2427/2386
f 2394/2427/2386 2395/2441/2400 2384/2442/2401
f 2394/2427/2386 2384/2442/2401 2383/2429/2388
f 2383/2429/2388 2384/2442/2401 2373/2443/2402
f 2383/2429/2388 2373/2443/2402 2372/2431/2390
f 2372/2431/2390 2373/2443/2402 2362/2444/2403
f 2372/2431/2390 2362/2444/2403 2361/2433/2392
f 2361/2433/2392 2362/2444/2403 2351/2445/2404
f 2361/2433/2392 2351/2445/2404 2350/2435/2394
f 2350/2435/2394 2351/2445/2404 2340/2446/2405
f 2350/2435/2394 2340/2446/2405 2339/2437/2396
f 2339/2437/2396 2340/2446/2405 2329/2447/2406
f 2339/2437/2396 2329/2447/2406 2328/2124/2087
f 2328/2124/2087 2329/2447/2406 2318/2126/2089
f 1864/2438/2397 1865/2448/2407 2417/2439/2398
f 2417/2439/2398 1865/2448/2407 2407/2449/2408
f 2417/2439/2398 2407/2449/2408 2406/2440/2399
f 2406/2440/2399 2407/2449/2408 2396/2450/2409
f 2406/2440/2399 2396/2450/2409 2395/2441/2400
f 2395/2441/2400 2396/2450/2409 2385/2451/2410
f 2395/2441/2400 2385/2451/2410 2384/2442/2401
f 2384/2442/2401 2385/2451/2410 2374/2452/2411
f 2384/2442/2401 2374/2452/2411 2373/2443/2402
f 2373/2443/2402 2374/2452/2411 2363/2453/2412
f 2373/2443/2402 2363/2453/2412 2362/2444/2403
f 2362/2444/2403 2363/2453/2412 2352/2454/2413
f 2362/2444/2403 2352/2454/2413 2351/2445/2404
f 2351/2445/2404 2352/2454/2413 2341/2455/2414
f 2351/2445/2404 2341/2455/2414 2340/2446/2405
f 2340/2446/2405 2341/2455/2414 2330/2456/2415
f 2340/2446/2405 2330/2456/2415 2329/2447/2406
f 2329/2447/2406 2330/2456/2415 2319/2457/2416
f 2329/2447/2406 2319/2457/2416 2318/2126/2089
f 2318/2126/2089 2319/2457/2416 2308/2128/2091
f 1865/2448/2407 1866/2458/2417 2407/2449/2408
f 2407/2449/2408 1866/2458/2417 2397/2459/2418
f 2407/2449/2408 2397/2459/2418 2396/2450/2409
f 2396/2450/2409 2397/2459/2418 2386/2460/2419
f 2396/2450/2409 2386/2460/2419 2385/2451/2410
f 2385/2451/2410 2386/2460/2419 2375/2461/2420
f 2385/2451/2410 2375/2461/2420 2374/2452/2411
f 2374/2452/2411 2375/2461/2420 2364/2462/2421
f 2374/2452/2411 2364/2462/2421 2363/2453/2412
f 2363/2453/2412 2364/2462/2421 2353/2463/2422
f 2363/2453/2412 2353/2463/2422 2352/2454/2413
f 2352/2454/2413 2353/2463/2422 2342/2464/2423
f 2352/2454/2413 2342/2464/2423 2341/2455/2414
f 2341/2455/2414 2342/2464/2423 2331/2465/2424
f 2341/2455/2414 2331/2465/2424 2330/2456/2415
f 2330/2456/2415 2331/2465/2424 2320/2466/2425
f 2330/2456/2415 2320/2466/2425 2319/2457/2416
f 2319/2457/2416 2320/2466/2425 2309/2467/2426
f 2319/2457/2416 2309/2467/2426 2308/2128/2091
f 2308/2128/2091 2309/2467/2426 1876/2130/2093
f 1866/2458/2417 1867/2468/2427 2397/2459/2418
f 2397/2459/2418 1867/2468/2427 2387/2469/2428
f 2397/2459/2418 2387/2469/2428 2386/2460/2419
f 2386/2460/2419 2387/2469/2428 2376/2470/2429
f 2386/2460/2419 2376/2470/2429 2375/2461/2420
f 2375/2461/2420 2376/2470/2429 2365/2471/2430
f 2375/2461/2420 2365/2471/2430 2364/2462/2421
f 2364/2462/2421 2365/2471/2430 2354/2472/2431
f 2364/2462/2421 2354/2472/2431 2353/2463/2422
f 2353/2463/2422 2354/2472/2431 2343/2473/2432
f 2353/2463/2422 2343/2473/2432 2342/2464/2423
f 2342/2464/2423 2343/2473/2432 2332/2474/2433
f 2342/2464/2423 2332/2474/2433 2331/2465/2424
f 2331/2465/2424 2332/2474/2433 2321/2475/2434
f 2331/2465/2424 2321/2475/2434 2320/2466/2425
f 2320/2466/2425 2321/2475/2434 2310/2476/2435
f 2320/2466/2425 2310/2476/2435 2309/2467/2426
f 2309/2467/2426 2310/2476/2435 1877/2477/2095
f 2309/2467/2426 1877/2477/2095 1876/2130/2093
f 1867/2468/2427 1868/2478/2436 2387/2469/2428
f 2387/2469/2428 1868/2478/2436 2377/2479/2437
f 2387/2469/2428 2377/2479/2437 2376/2470/2429
f 2376/2470/2429 2377/2479/2437 2366/2480/2438
f 2376/2470/2429 2366/2480/2438 2365/2471/2430
f 2365/2471/2430 2366/2480/2438 2355/2481/2439
f 2365/2471/2430 2355/2481/2439 2354/2472/2431
f 2354/2472/2431 2355/2481/2439 2344/2482/2440
f 2354/2472/2431 2344/2482/2440 2343/2473/2432
f 2343/2473/2432 2344/2482/2440 2333/2483/2441
f 2343/2473/2432 2333/2483/2441 2332/2474/2433
f 2332/2474/2433 2333/2483/2441 2322/2484/2442
f 2332/2474/2433 2322/2484/2442 2321/2475/2434
f 2321/2475/2434 2322/2484/2442 2311/2485/2443
f 2321/2475/2434 2311/2485/2443 2310/2476/2435
f 2310/2476/2435 2311/2485/2443 1878/2486/2097
f 2310/2476/2435 1878/2486/2097 1877/2477/2095
f 1868/2478/2436 1869/2487/2444 2377/2479/2437
f 2377/2479/2437 1869/2487/2444 2367/2488/2445
f 2377/2479/2437 2367/2488/2445 2366/2480/2438
f 2366/2480/2438 2367/2488/2445 2356/2489/2446
f 2366/2480/2438 2356/2489/2446 2355/2481/2439
f 2355/2481/2439 2356/2489/2446 2345/2490/2447
f 2355/2481/2439 2345/2490/2447 2344/2482/2440
f 2344/2482/2440 2345/2490/2447 2334/2491/2448
f 2344/2482/2440 2334/2491/2448 2333/2483/2441
f 2333/2483/2441 2334/2491/2448 2323/2492/2449
f 2333/2483/2441 2323/2492/2449 2322/2484/2442
f 2322/2484/2442 2323/2492/2449 2312/2493/2450
f 2322/2484/2442 2312/2493/2450 2311/2485/2443
f 2311/2485/2443 2312/2493/2450 1879/2494/2099
f 2311/2485/2443 1879/2494/2099 1878/2486/2097
f 1869/2487/2444 1870/2495/2451 2367/2488/2445
f 2367/2488/2445 1870/2495/2451 2357/2496/2452
f 2367/2488/2445 2357/2496/2452 2356/2489/2446
f 2356/2489/2446 2357/2496/2452 2346/2497/2453
f 2356/2489/2446 2346/2497/2453 2345/2490/2447
f 2345/2490/2447 2346/2497/2453 2335/2498/2454
f 2345/2490/2447 2335/2498/2454 2334/2491/2448
f 2334/2491/2448 2335/2498/2454 2324/2499/2455
f 2334/2491/2448 2324/2499/2455 2323/2492/2449
f 2323/2492/2449 2324/2499/2455 2313/2500/2456
f 2323/2492/2449 2313/2500/2456 2312/2493/2450
f 2312/2493/2450 2313/2500/2456 1880/2501/2101
f 2312/2493/2450 1880/2501/2101 1879/2494/2099
f 1870/2495/2451 1871/2502/2457 2357/2496/2452
f 2357/2496/2452 1871/2502/2457 2347/2503/2458
f 2357/2496/2452 2347/2503/2458 2346/2497/2453
f 2346/2497/2453 2347/2503/2458 2336/2504/2459
f 2346/2497/2453 2336/2504/2459 2335/2498/2454
f 2335/2498/2454 2336/2504/2459 2325/2505/2460
f 2335/2498/2454 2325/2505/2460 2324/2499/2455
f 2324/2499/2455 2325/2505/2460 2314/2506/2461
f 2324/2499/2455 2314/2506/2461 2313/2500/2456
f 2313/2500/2456 2314/2506/2461 1881/2507/2103
f 2313/2500/2456 1881/2507/2103 1880/2501/2101
f 1871/2502/2457 1872/2508/2462 2347/2503/2458
f 2347/2503/2458 1872/2508/2462 2337/2509/2463
f 2347/2503/2458 2337/2509/2463 2336/2504/2459
f 2336/2504/2459 2337/2509/2463 2326/2510/2464
f 2336/2504/2459 2326/2510/2464 2325/2505/2460
f 2325/2505/2460 2326/2510/2464 2315/2511/2465
f 2325/2505/2460 2315/2511/2465 2314/2506/2461
f 2314/2506/2461 2315/2511/2465 1882/2512/2105
f 2314/2506/2461 1882/2512/2105 1881/2507/2103
f 1872/2508/2462 1873/2513/2466 2337/2509/2463
f 2337/2509/2463 1873/2513/2466 2327/2514/2467
f 2337/2509/2463 2327/2514/2467 2326/2510/2464
f 2326/2510/2464 2327/2514/2467 2316/2515/2468
f 2326/2510/2464 2316/2515/2468 2315/2511/2465
f 2315/2511/2465 2316/2515/2468 1883/2516/2107
f 2315/2511/2465 1883/2516/2107 1882/2512/2105
f 1873/2513/2466 1874/2517/2469 2327/2514/2467
f 2327/2514/2467 1874/2517/2469 2317/2518/2470
f 2327/2514/2467 2317/2518/2470 2316/2515/2468
f 2316/2515/2468 2317/2518/2470 1884/2519/2109
f 2316/2515/2468 1884/2519/2109 1883/2516/2107
f 1874/2517/2469 1875/2520/2471 2317/2518/2470
f 2317/2518/2470 1875/2520/2471 1885/2521/2111
f 2317/2518/2470 1885/2521/2111 1884/2519/2109
f 1875/2520/2471 1811/2522/2113 1885/2521/2111
f 2053/2002/1965 2063/2371/2330 2052/2374/2333
f 1887/1894/1857 2415/2424/2383 1888/1896/1859
f 1888/1896/1859 2415/2424/2383 2414/2523/2472
f 1888/1896/1859 2414/2523/2472 1889/1900/1863
f 1889/1900/1863 2414/2523/2472 2413/2524/2473
f 1889/1900/1863 2413/2524/2473 1890/2525/2474
f 1890/2525/2474 2413/2524/2473 2412/2526/2475
f 1890/2525/2474 2412/2526/2475 1891/2527/2476
f 1891/2527/2476 2412/2526/2475 2411/2528/2477
f 1891/2527/2476 2411/2528/2477 1892/2529/2478
f 1892/2529/2478 2411/2528/2477 2410/2530/2479
f 1892/2529/2478 2410/2530/2479 1893/2531/2480
f 1893/2531/2480 2410/2530/2479 2409/2532/2481
f 1893/2531/2480 2409/2532/2481 1894/2533/2482
f 1894/2533/2482 2409/2532/2481 2408/2108/2071
f 1894/2533/2482 2408/2108/2071 1895/2106/2069
f 1889/1900/1863 1890/2525/2474 1902/1903/1866
f 1902/1903/1866 1890/2525/2474 1901/2534/2483
f 1902/1903/1866 1901/2534/2483 1975/1909/1872
f 1975/1909/1872 1901/2534/2483 1976/2535/2484
f 1975/1909/1872 1976/2535/2484 1968/1913/1876
f 1968/1913/1876 1976/2535/2484 1969/2536/2485
f 1968/1913/1876 1969/2536/2485 1961/1916/1879
f 1961/1916/1879 1969/2536/2485 1962/2537/2486
f 1961/1916/1879 1962/2537/2486 1954/1920/1883
f 1954/1920/1883 1962/2537/2486 1955/2538/2487
f 1954/1920/1883 1955/2538/2487 1947/1923/1886
f 1947/1923/1886 1955/2538/2487 1948/2539/2488
f 1947/1923/1886 1948/2539/2488 1940/1927/1890
f 1940/1927/1890 1948/2539/2488 1941/2091/2054
f 1940/1927/1890 1941/2091/2054 1933/1930/1893
f 1890/2525/2474 1891/2527/2476 1901/2534/2483
f 1901/2534/2483 1891/2527/2476 1900/2540/2489
f 1901/2534/2483 1900/2540/2489 1976/2535/2484
f 1976/2535/2484 1900/2540/2489 1977/2541/2490
f 1976/2535/2484 1977/2541/2490 1969/2536/2485
f 1969/2536/2485 1977/2541/2490 1970/2542/2491
f 1969/2536/2485 1970/2542/2491 1962/2537/2486
f 1962/2537/2486 1970/2542/2491 1963/2543/2492
f 1962/2537/2486 1963/2543/2492 1955/2538/2487
f 1955/2538/2487 1963/2543/2492 1956/2544/2493
f 1955/2538/2487 1956/2544/2493 1948/2539/2488
f 1948/2539/2488 1956/2544/2493 1949/2093/2056
f 1948/2539/2488 1949/2093/2056 1941/2091/2054
f 1891/2527/2476 1892/2529/2478 1900/2540/2489
f 1900/2540/2489 1892/2529/2478 1899/2545/2494
f 1900/2540/2489 1899/2545/2494 1977/2541/2490
f 1977/2541/2490 1899/2545/2494 1978/2546/2495
f 1977/2541/2490 1978/2546/2495 1970/2542/2491
f 1970/2542/2491 1978/2546/2495 1971/2547/2496
f 1970/2542/2491 1971/2547/2496 1963/2543/2492
f 1963/2543/2492 1971/2547/2496 1964/2548/2497
f 1963/2543/2492 1964/2548/2497 1956/2544/2493
f 1956/2544/2493 1964/2548/2497 1957/2095/2058
f 1956/2544/2493 1957/2095/2058 1949/2093/2056
f 1892/2529/2478 1893/2531/2480 1899/2545/2494
f 1899/2545/2494 1893/2531/2480 1898/2549/2498
f 1899/2545/2494 1898/2549/2498 1978/2546/2495
f 1978/2546/2495 1898/2549/2498 1979/2550/2499
f 1978/2546/2495 1979/2550/2499 1971/2547/2496
f 1971/2547/2496 1979/2550/2499 1972/2551/2500
f 1971/2547/2496 1972/2551/2500 1964/2548/2497
f 1964/2548/2497 1972/2551/2500 1965/2097/2060
f 1964/2548/2497 1965/2097/2060 1957/2095/2058
f 1893/2531/2480 1894/2533/2482 1898/2549/2498
f 1898/2549/2498 1894/2533/2482 1897/2552/2501
f 1898/2549/2498 1897/2552/2501 1979/2550/2499
f 1979/2550/2499 1897/2552/2501 1980/2553/2502
f 1979/2550/2499 1980/2553/2502 1972/2551/2500
f 1972/2551/2500 1980/2553/2502 1973/2099/2062
f 1972/2551/2500 1973/2099/2062 1965/2097/2060
f 1894/2533/2482 1895/2106/2069 1897/2552/2501
f 1897/2552/2501 1895/2106/2069 1896/2104/2067
f 1897/2552/2501 1896/2104/2067 1980/2553/2502
f 1980/2553/2502 1896/2104/2067 1981/2101/2064
f 1980/2553/2502 1981/2101/2064 1973/2099/2062
f 1911/1945/1908 1909/1943/1906 1908/2039/2002
f 1908/2039/2002 1909/1943/1906 1906/2035/1998
f 1913/1947/1910 1911/1945/1908 1910/2042/2005
f 1910/2042/2005 1911/1945/1908 1908/2039/2002
f 1917/1951/1914 1915/1949/1912 1914/2049/2012
f 1914/2049/2012 1915/1949/1912 1912/2046/2009
f 1920/1955/1918 1919/1953/1916 1918/2057/2020
f 1918/2057/2020 1919/1953/1916 1916/2053/2016
f 1922/2265/2225 1923/2554/2503 1939/2267/2227
f 1939/2267/2227 1923/2554/2503 1938/2555/2504
f 1939/2267/2227 1938/2555/2504 1946/2269/2229
f 1946/2269/2229 1938/2555/2504 1945/2556/2505
f 1946/2269/2229 1945/2556/2505 1953/2271/2231
f 1953/2271/2231 1945/2556/2505 1952/2557/2506
f 1953/2271/2231 1952/2557/2506 1960/2273/2233
f 1960/2273/2233 1952/2557/2506 1959/2558/2507
f 1960/2273/2233 1959/2558/2507 1967/2275/2235
f 1967/2275/2235 1959/2558/2507 1966/2098/2061
f 1967/2275/2235 1966/2098/2061 1974/2100/2063
f 1923/2554/2503 1924/2559/2508 1938/2555/2504
f 1938/2555/2504 1924/2559/2508 1937/2560/2509
f 1938/2555/2504 1937/2560/2509 1945/2556/2505
f 1945/2556/2505 1937/2560/2509 1944/2561/2510
f 1945/2556/2505 1944/2561/2510 1952/2557/2506
f 1952/2557/2506 1944/2561/2510 1951/2562/2511
f 1952/2557/2506 1951/2562/2511 1959/2558/2507
f 1959/2558/2507 1951/2562/2511 1958/2096/2059
f 1959/2558/2507 1958/2096/2059 1966/2098/2061
f 1923/2554/2503 1922/2265/2225 2419/2563/2512
f 2419/2563/2512 1922/2265/2225 2418/2263/2223
f 2419/2563/2512 2418/2263/2223 2429/2564/2513
f 2429/2564/2513 2418/2263/2223 2428/2261/2221
f 2429/2564/2513 2428/2261/2221 2439/2565/2514
f 2439/2565/2514 2428/2261/2221 2438/2259/2219
f 2439/2565/2514 2438/2259/2219 2449/2566/2515
f 2449/2566/2515 2438/2259/2219 2448/2257/2217
f 2449/2566/2515 2448/2257/2217 2459/2567/2516
f 2459/2567/2516 2448/2257/2217 2458/2255/2215
f 2459/2567/2516 2458/2255/2215 2469/2568/2517
f 2469/2568/2517 2458/2255/2215 2468/2253/2213
f 2469/2568/2517 2468/2253/2213 2479/2569/2518
f 2479/2569/2518 2468/2253/2213 2478/2251/2211
f 2479/2569/2518 2478/2251/2211 2489/2570/2519
f 2489/2570/2519 2478/2251/2211 2488/2249/2209
f 2489/2570/2519 2488/2249/2209 2499/2571/2520
f 2499/2571/2520 2488/2249/2209 2498/2247/2207
f 2499/2571/2520 2498/2247/2207 2509/2572/2521
f 2509/2572/2521 2498/2247/2207 2508/2245/2205
f 2509/2572/2521 2508/2245/2205 2096/2573/2522
f 2096/2573/2522 2508/2245/2205 2097/2243/2203
f 2096/2573/2522 2097/2243/2203 2079/2574/2523
f 2079/2574/2523 2097/2243/2203 2078/2241/2202
f 2079/2574/2523 2078/2241/2202 2099/2575/2524
f 2099/2575/2524 2078/2241/2202 2098/2277/2237
f 2099/2575/2524 2098/2277/2237 2109/2576/2525
f 2109/2576/2525 2098/2277/2237 2108/2279/2239
f 2109/2576/2525 2108/2279/2239 2119/2577/2526
f 2119/2577/2526 2108/2279/2239 2118/2281/2241
f 2119/2577/2526 2118/2281/2241 2129/2578/2527
f 2129/2578/2527 2118/2281/2241 2128/2283/2243
f 2129/2578/2527 2128/2283/2243 2139/2579/2528
f 2139/2579/2528 2128/2283/2243 2138/2285/2245
f 2139/2579/2528 2138/2285/2245 2149/2580/2529
f 2149/2580/2529 2138/2285/2245 2148/2287/2247
f 2149/2580/2529 2148/2287/2247 2159/2581/2530
f 2159/2581/2530 2148/2287/2247 2158/2289/2249
f 2159/2581/2530 2158/2289/2249 2169/2582/2531
f 2169/2582/2531 2158/2289/2249 2168/2291/2251
f 2169/2582/2531 2168/2291/2251 2179/2583/2532
f 2179/2583/2532 2168/2291/2251 2178/2293/2253
f 2179/2583/2532 2178/2293/2253 2189/2584/2533
f 2189/2584/2533 2178/2293/2253 2188/2295/2255
f 2189/2584/2533 2188/2295/2255 2060/2585/2534
f 2060/2585/2534 2188/2295/2255 2061/2297/2257
f 2060/2585/2534 2061/2297/2257 2050/2025/1988
f 2050/2025/1988 2061/2297/2257 2051/2027/1990
f 1924/2559/2508 1925/2586/2535 1937/2560/2509
f 1937/2560/2509 1925/2586/2535 1936/2587/2536
f 1937/2560/2509 1936/2587/2536 1944/2561/2510
f 1944/2561/2510 1936/2587/2536 1943/2588/2537
f 1944/2561/2510 1943/2588/2537 1951/2562/2511
f 1951/2562/2511 1943/2588/2537 1950/2094/2057
f 1951/2562/2511 1950/2094/2057 1958/2096/2059
f 1924/2559/2508 1923/2554/2503 2420/2589/2538
f 2420/2589/2538 1923/2554/2503 2419/2563/2512
f 2420/2589/2538 2419/2563/2512 2430/2590/2539
f 2430/2590/2539 2419/2563/2512 2429/2564/2513
f 2430/2590/2539 2429/2564/2513 2440/2591/2540
f 2440/2591/2540 2429/2564/2513 2439/2565/2514
f 2440/2591/2540 2439/2565/2514 2450/2592/2541
f 2450/2592/2541 2439/2565/2514 2449/2566/2515
f 2450/2592/2541 2449/2566/2515 2460/2593/2542
f 2460/2593/2542 2449/2566/2515 2459/2567/2516
f 2460/2593/2542 2459/2567/2516 2470/2594/2543
f 2470/2594/2543 2459/2567/2516 2469/2568/2517
f 2470/2594/2543 2469/2568/2517 2480/2595/2544
f 2480/2595/2544 2469/2568/2517 2479/2569/2518
f 2480/2595/2544 2479/2569/2518 2490/2596/2545
f 2490/2596/2545 2479/2569/2518 2489/2570/2519
f 2490/2596/2545 2489/2570/2519 2500/2597/2546
f 2500/2597/2546 2489/2570/2519 2499/2571/2520
f 2500/2597/2546 2499/2571/2520 2510/2598/2547
f 2510/2598/2547 2499/2571/2520 2509/2572/2521
f 2510/2598/2547 2509/2572/2521 2095/2599/2548
f 2095/2599/2548 2509/2572/2521 2096/2573/2522
f 2095/2599/2548 2096/2573/2522 2080/2600/2549
f 2080/2600/2549 2096/2573/2522 2079/2574/2523
f 2080/2600/2549 2079/2574/2523 2100/2601/2550
f 2100/2601/2550 2079/2574/2523 2099/2575/2524
f 2100/2601/2550 2099/2575/2524 2110/2602/2551
f 2110/2602/2551 2099/2575/2524 2109/2576/2525
f 2110/2602/2551 2109/2576/2525 2120/2603/2552
f 2120/2603/2552 2109/2576/2525 2119/2577/2526
f 2120/2603/2552 2119/2577/2526 2130/2604/2553
f 2130/2604/2553 2119/2577/2526 2129/2578/2527
f 2130/2604/2553 2129/2578/2527 2140/2605/2554
f 2140/2605/2554 2129/2578/2527 2139/2579/2528
f 2140/2605/2554 2139/2579/2528 2150/2606/2555
f 2150/2606/2555 2139/2579/2528 2149/2580/2529
f 2150/2606/2555 2149/2580/2529 2160/2607/2556
f 2160/2607/2556 2149/2580/2529 2159/2581/2530
f 2160/2607/2556 2159/2581/2530 2170/2608/2557
f 2170/2608/2557 2159/2581/2530 2169/2582/2531
f 2170/2608/2557 2169/2582/2531 2180/2609/2558
f 2180/2609/2558 2169/2582/2531 2179/2583/2532
f 2180/2609/2558 2179/2583/2532 2190/2610/2559
f 2190/2610/2559 2179/2583/2532 2189/2584/2533
f 2190/2610/2559 2189/2584/2533 2059/2611/2560
f 2059/2611/2560 2189/2584/2533 2060/2585/2534
f 2059/2611/2560 2060/2585/2534 2049/2023/1986
f 2049/2023/1986 2060/2585/2534 2050/2025/1988
f 1925/2586/2535 1926/2612/2561 1936/2587/2536
f 1936/2587/2536 1926/2612/2561 1935/2613/2562
f 1936/2587/2536 1935/2613/2562 1943/2588/2537
f 1943/2588/2537 1935/2613/2562 1942/2092/2055
f 1943/2588/2537 1942/2092/2055 1950/2094/2057
f 1925/2586/2535 1924/2559/2508 2421/2614/2563
f 2421/2614/2563 1924/2559/2508 2420/2589/2538
f 2421/2614/2563 2420/2589/2538 2431/2615/2564
f 2431/2615/2564 2420/2589/2538 2430/2590/2539
f 2431/2615/2564 2430/2590/2539 2441/2616/2565
f 2441/2616/2565 2430/2590/2539 2440/2591/2540
f 2441/2616/2565 2440/2591/2540 2451/2617/2566
f 2451/2617/2566 2440/2591/2540 2450/2592/2541
f 2451/2617/2566 2450/2592/2541 2461/2618/2567
f 2461/2618/2567 2450/2592/2541 2460/2593/2542
f 2461/2618/2567 2460/2593/2542 2471/2619/2568
f 2471/2619/2568 2460/2593/2542 2470/2594/2543
f 2471/2619/2568 2470/2594/2543 2481/2620/2569
f 2481/2620/2569 2470/2594/2543 2480/2595/2544
f 2481/2620/2569 2480/2595/2544 2491/2621/2570
f 2491/2621/2570 2480/2595/2544 2490/2596/2545
f 2491/2621/2570 2490/2596/2545 2501/2622/2571
f 2501/2622/2571 2490/2596/2545 2500/2597/2546
f 2501/2622/2571 2500/2597/2546 2511/2623/2572
f 2511/2623/2572 2500/2597/2546 2510/2598/2547
f 2511/2623/2572 2510/2598/2547 2094/2624/2573
f 2094/2624/2573 2510/2598/2547 2095/2599/2548
f 2094/2624/2573 2095/2599/2548 2081/2625/2574
f 2081/2625/2574 2095/2599/2548 2080/2600/2549
f 2081/2625/2574 2080/2600/2549 2101/2626/2575
f 2101/2626/2575 2080/2600/2549 2100/2601/2550
f 2101/2626/2575 2100/2601/2550 2111/2627/2576
f 2111/2627/2576 2100/2601/2550 2110/2602/2551
f 2111/2627/2576 2110/2602/2551 2121/2628/2577
f 2121/2628/2577 2110/2602/2551 2120/2603/2552
f 2121/2628/2577 2120/2603/2552 2131/2629/2578
f 2131/2629/2578 2120/2603/2552 2130/2604/2553
f 2131/2629/2578 2130/2604/2553 2141/2630/2579
f 2141/2630/2579 2130/2604/2553 2140/2605/2554
f 2141/2630/2579 2140/2605/2554 2151/2631/2580
f 2151/2631/2580 2140/2605/2554 2150/2606/2555
f 2151/2631/2580 2150/2606/2555 2161/2632/2581
f 2161/2632/2581 2150/2606/2555 2160/2607/2556
f 2161/2632/2581 2160/2607/2556 2171/2633/2582
f 2171/2633/2582 2160/2607/2556 2170/2608/2557
f 2171/2633/2582 2170/2608/2557 2181/2634/2583
f 2181/2634/2583 2170/2608/2557 2180/2609/2558
f 2181/2634/2583 2180/2609/2558 2191/2635/2584
f 2191/2635/2584 2180/2609/2558 2190/2610/2559
f 2191/2635/2584 2190/2610/2559 2058/2636/2585
f 2058/2636/2585 2190/2610/2559 2059/2611/2560
f 2058/2636/2585 2059/2611/2560 2048/2021/1984
f 2048/2021/1984 2059/2611/2560 2049/2023/1986
f 1926/2612/2561 1927/2637/2586 1935/2613/2562
f 1935/2613/2562 1927/2637/2586 1934/2090/2053
f 1935/2613/2562 1934/2090/2053 1942/2092/2055
f 1926/2612/2561 1925/2586/2535 2422/2638/2587
f 2422/2638/2587 1925/2586/2535 2421/2614/2563
f 2422/2638/2587 2421/2614/2563 2432/2639/2588
f 2432/2639/2588 2421/2614/2563 2431/2615/2564
f 2432/2639/2588 2431/2615/2564 2442/2640/2589
f 2442/2640/2589 2431/2615/2564 2441/2616/2565
f 2442/2640/2589 2441/2616/2565 2452/2641/2590
f 2452/2641/2590 2441/2616/2565 2451/2617/2566
f 2452/2641/2590 2451/2617/2566 2462/2642/2591
f 2462/2642/2591 2451/2617/2566 2461/2618/2567
f 2462/2642/2591 2461/2618/2567 2472/2643/2592
f 2472/2643/2592 2461/2618/2567 2471/2619/2568
f 2472/2643/2592 2471/2619/2568 2482/2644/2593
f 2482/2644/2593 2471/2619/2568 2481/2620/2569
f 2482/2644/2593 2481/2620/2569 2492/2645/2594
f 2492/2645/2594 2481/2620/2569 2491/2621/2570
f 2492/2645/2594 2491/2621/2570 2502/2646/2595
f 2502/2646/2595 2491/2621/2570 2501/2622/2571
f 2502/2646/2595 2501/2622/2571 2512/2647/2596
f 2512/2647/2596 2501/2622/2571 2511/2623/2572
f 2512/2647/2596 2511/2623/2572 2093/2648/2597
f 2093/2648/2597 2511/2623/2572 2094/2624/2573
f 2093/2648/2597 2094/2624/2573 2082/2649/2598
f 2082/2649/2598 2094/2624/2573 2081/2625/2574
f 2082/2649/2598 2081/2625/2574 2102/2650/2599
f 2102/2650/2599 2081/2625/2574 2101/2626/2575
f 2102/2650/2599 2101/2626/2575 2112/2651/2600
f 2112/2651/2600 2101/2626/2575 2111/2627/2576
f 2112/2651/2600 2111/2627/2576 2122/2652/2601
f 2122/2652/2601 2111/2627/2576 2121/2628/2577
f 2122/2652/2601 2121/2628/2577 2132/2653/2602
f 2132/2653/2602 2121/2628/2577 2131/2629/2578
f 2132/2653/2602 2131/2629/2578 2142/2654/2603
f 2142/2654/2603 2131/2629/2578 2141/2630/2579
f 2142/2654/2603 2141/2630/2579 2152/2655/2604
f 2152/2655/2604 2141/2630/2579 2151/2631/2580
f 2152/2655/2604 2151/2631/2580 2162/2656/2605
f 2162/2656/2605 2151/2631/2580 2161/2632/2581
f 2162/2656/2605 2161/2632/2581 2172/2657/2606
f 2172/2657/2606 2161/2632/2581 2171/2633/2582
f 2172/2657/2606 2171/2633/2582 2182/2658/2607
f 2182/2658/2607 2171/2633/2582 2181/2634/2583
f 2182/2658/2607 2181/2634/2583 2192/2659/2608
f 2192/2659/2608 2181/2634/2583 2191/2635/2584
f 2192/2659/2608 2191/2635/2584 2057/2660/2609
f 2057/2660/2609 2191/2635/2584 2058/2636/2585
f 2057/2660/2609 2058/2636/2585 2047/2019/1982
f 2047/2019/1982 2058/2636/2585 2048/2021/1984
f 2424/2067/2030 1928/2066/2029 1927/2637/2586
f 1927/2637/2586 1928/2066/2029 1934/2090/2053
f 1927/2637/2586 1926/2612/2561 2423/2661/2610
f 2423/2661/2610 1926/2612/2561 2422/2638/2587
f 2423/2661/2610 2422/2638/2587 2433/2662/2611
f 2433/2662/2611 2422/2638/2587 2432/2639/2588
f 2433/2662/2611 2432/2639/2588 2443/2663/2612
f 2443/2663/2612 2432/2639/2588 2442/2640/2589
f 2443/2663/2612 2442/2640/2589 2453/2664/2613
f 2453/2664/2613 2442/2640/2589 2452/2641/2590
f 2453/2664/2613 2452/2641/2590 2463/2665/2614
f 2463/2665/2614 2452/2641/2590 2462/2642/2591
f 2463/2665/2614 2462/2642/2591 2473/2666/2615
f 2473/2666/2615 2462/2642/2591 2472/2643/2592
f 2473/2666/2615 2472/2643/2592 2483/2667/2616
f 2483/2667/2616 2472/2643/2592 2482/2644/2593
f 2483/2667/2616 2482/2644/2593 2493/2668/2617
f 2493/2668/2617 2482/2644/2593 2492/2645/2594
f 2493/2668/2617 2492/2645/2594 2503/2669/2618
f 2503/2669/2618 2492/2645/2594 2502/2646/2595
f 2503/2669/2618 2502/2646/2595 2513/2670/2619
f 2513/2670/2619 2502/2646/2595 2512/2647/2596
f 2513/2670/2619 2512/2647/2596 2092/2671/2620
f 2092/2671/2620 2512/2647/2596 2093/2648/2597
f 2092/2671/2620 2093/2648/2597 2083/2672/2621
f 2083/2672/2621 2093/2648/2597 2082/2649/2598
f 2083/2672/2621 2082/2649/2598 2103/2673/2622
f 2103/2673/2622 2082/2649/2598 2102/2650/2599
f 2103/2673/2622 2102/2650/2599 2113/2674/2623
f 2113/2674/2623 2102/2650/2599 2112/2651/2600
f 2113/2674/2623 2112/2651/2600 2123/2675/2624
f 2123/2675/2624 2112/2651/2600 2122/2652/2601
f 2123/2675/2624 2122/2652/2601 2133/2676/2625
f 2133/2676/2625 2122/2652/2601 2132/2653/2602
f 2133/2676/2625 2132/2653/2602 2143/2677/2626
f 2143/2677/2626 2132/2653/2602 2142/2654/2603
f 2143/2677/2626 2142/2654/2603 2153/2678/2627
f 2153/2678/2627 2142/2654/2603 2152/2655/2604
f 2153/2678/2627 2152/2655/2604 2163/2679/2628
f 2163/2679/2628 2152/2655/2604 2162/2656/2605
f 2163/2679/2628 2162/2656/2605 2173/2680/2629
f 2173/2680/2629 2162/2656/2605 2172/2657/2606
f 2173/2680/2629 2172/2657/2606 2183/2681/2630
f 2183/2681/2630 2172/2657/2606 2182/2658/2607
f 2183/2681/2630 2182/2658/2607 2193/2682/2631
f 2193/2682/2631 2182/2658/2607 2192/2659/2608
f 2193/2682/2631 2192/2659/2608 2056/2683/2632
f 2056/2683/2632 2192/2659/2608 2057/2660/2609
f 2056/2683/2632 2057/2660/2609 2046/2017/1980
f 2046/2017/1980 2057/2660/2609 2047/2019/1982
f 2427/2418/2377 1931/2420/2379 1930/1956/1919
f 2427/2418/2377 1930/1956/1919 2426/1958/1921
f 1982/2311/2271 1983/2684/2633 2001/2309/2269
f 2001/2309/2269 1983/2684/2633 2000/2685/2634
f 2001/2309/2269 2000/2685/2634 2008/2307/2267
f 2008/2307/2267 2000/2685/2634 2007/2686/2635
f 2008/2307/2267 2007/2686/2635 2015/2305/2265
f 2015/2305/2265 2007/2686/2635 2014/2687/2636
f 2015/2305/2265 2014/2687/2636 2022/2303/2263
f 2022/2303/2263 2014/2687/2636 2021/2688/2637
f 2022/2303/2263 2021/2688/2637 2029/2301/2261
f 2029/2301/2261 2021/2688/2637 2028/2689/2638
f 2029/2301/2261 2028/2689/2638 2036/2299/2259
f 2036/2299/2259 2028/2689/2638 2035/2690/2639
f 2036/2299/2259 2035/2690/2639 2043/2028/1991
f 2043/2028/1991 2035/2690/2639 2042/2026/1989
f 1983/2684/2633 1984/2691/2640 2000/2685/2634
f 2000/2685/2634 1984/2691/2640 1999/2692/2641
f 2000/2685/2634 1999/2692/2641 2007/2686/2635
f 2007/2686/2635 1999/2692/2641 2006/2693/2642
f 2007/2686/2635 2006/2693/2642 2014/2687/2636
f 2014/2687/2636 2006/2693/2642 2013/2694/2643
f 2014/2687/2636 2013/2694/2643 2021/2688/2637
f 2021/2688/2637 2013/2694/2643 2020/2695/2644
f 2021/2688/2637 2020/2695/2644 2028/2689/2638
f 2028/2689/2638 2020/2695/2644 2027/2696/2645
f 2028/2689/2638 2027/2696/2645 2035/2690/2639
f 2035/2690/2639 2027/2696/2645 2034/2222/2183
f 2035/2690/2639 2034/2222/2183 2042/2026/1989
f 1983/2684/2633 1982/2311/2271 2199/2697/2646
f 2199/2697/2646 1982/2311/2271 2198/2313/2273
f 2199/2697/2646 2198/2313/2273 2209/2698/2647
f 2209/2698/2647 2198/2313/2273 2208/2315/2275
f 2209/2698/2647 2208/2315/2275 2219/2699/2648
f 2219/2699/2648 2208/2315/2275 2218/2317/2277
f 2219/2699/2648 2218/2317/2277 2229/2700/2649
f 2229/2700/2649 2218/2317/2277 2228/2319/2279
f 2229/2700/2649 2228/2319/2279 2239/2701/2650
f 2239/2701/2650 2228/2319/2279 2238/2321/2281
f 2239/2701/2650 2238/2321/2281 2249/2702/2651
f 2249/2702/2651 2238/2321/2281 2248/2323/2283
f 2249/2702/2651 2248/2323/2283 2259/2703/2652
f 2259/2703/2652 2248/2323/2283 2258/2325/2285
f 2259/2703/2652 2258/2325/2285 2269/2704/2653
f 2269/2704/2653 2258/2325/2285 2268/2327/2287
f 2269/2704/2653 2268/2327/2287 2279/2705/2654
f 2279/2705/2654 2268/2327/2287 2278/2329/2289
f 2279/2705/2654 2278/2329/2289 2289/2706/2655
f 2289/2706/2655 2278/2329/2289 2288/2331/2291
f 2289/2706/2655 2288/2331/2291 2299/2135/2096
f 2299/2135/2096 2288/2331/2291 2298/2132/2094
f 1984/2691/2640 1985/2707/2656 1999/2692/2641
f 1999/2692/2641 1985/2707/2656 1998/2708/2657
f 1999/2692/2641 1998/2708/2657 2006/2693/2642
f 2006/2693/2642 1998/2708/2657 2005/2709/2658
f 2006/2693/2642 2005/2709/2658 2013/2694/2643
f 2013/2694/2643 2005/2709/2658 2012/2710/2659
f 2013/2694/2643 2012/2710/2659 2020/2695/2644
f 2020/2695/2644 2012/2710/2659 2019/2711/2660
f 2020/2695/2644 2019/2711/2660 2027/2696/2645
f 2027/2696/2645 2019/2711/2660 2026/2220/2181
f 2027/2696/2645 2026/2220/2181 2034/2222/2183
f 1984/2691/2640 1983/2684/2633 2200/2712/2661
f 2200/2712/2661 1983/2684/2633 2199/2697/2646
f 2200/2712/2661 2199/2697/2646 2210/2713/2662
f 2210/2713/2662 2199/2697/2646 2209/2698/2647
f 2210/2713/2662 2209/2698/2647 2220/2714/2663
f 2220/2714/2663 2209/2698/2647 2219/2699/2648
f 2220/2714/2663 2219/2699/2648 2230/2715/2664
f 2230/2715/2664 2219/2699/2648 2229/2700/2649
f 2230/2715/2664 2229/2700/2649 2240/2716/2665
f 2240/2716/2665 2229/2700/2649 2239/2701/2650
f 2240/2716/2665 2239/2701/2650 2250/2717/2666
f 2250/2717/2666 2239/2701/2650 2249/2702/2651
f 2250/2717/2666 2249/2702/2651 2260/2718/2667
f 2260/2718/2667 2249/2702/2651 2259/2703/2652
f 2260/2718/2667 2259/2703/2652 2270/2719/2668
f 2270/2719/2668 2259/2703/2652 2269/2704/2653
f 2270/2719/2668 2269/2704/2653 2280/2720/2669
f 2280/2720/2669 2269/2704/2653 2279/2705/2654
f 2280/2720/2669 2279/2705/2654 2290/2721/2670
f 2290/2721/2670 2279/2705/2654 2289/2706/2655
f 2290/2721/2670 2289/2706/2655 2300/2137/2098
f 2300/2137/2098 2289/2706/2655 2299/2135/2096
f 1985/2707/2656 1986/2722/2671 1998/2708/2657
f 1998/2708/2657 1986/2722/2671 1997/2723/2672
f 1998/2708/2657 1997/2723/2672 2005/2709/2658
f 2005/2709/2658 1997/2723/2672 2004/2724/2673
f 2005/2709/2658 2004/2724/2673 2012/2710/2659
f 2012/2710/2659 2004/2724/2673 2011/2725/2674
f 2012/2710/2659 2011/2725/2674 2019/2711/2660
f 2019/2711/2660 2011/2725/2674 2018/2218/2179
f 2019/2711/2660 2018/2218/2179 2026/2220/2181
f 1985/2707/2656 1984/2691/2640 2201/2726/2675
f 2201/2726/2675 1984/2691/2640 2200/2712/2661
f 2201/2726/2675 2200/2712/2661 2211/2727/2676
f 2211/2727/2676 2200/2712/2661 2210/2713/2662
f 2211/2727/2676 2210/2713/2662 2221/2728/2677
f 2221/2728/2677 2210/2713/2662 2220/2714/2663
f 2221/2728/2677 2220/2714/2663 2231/2729/2678
f 2231/2729/2678 2220/2714/2663 2230/2715/2664
f 2231/2729/2678 2230/2715/2664 2241/2730/2679
f 2241/2730/2679 2230/2715/2664 2240/2716/2665
f 2241/2730/2679 2240/2716/2665 2251/2731/2680
f 2251/2731/2680 2240/2716/2665 2250/2717/2666
f 2251/2731/2680 2250/2717/2666 2261/2732/2681
f 2261/2732/2681 2250/2717/2666 2260/2718/2667
f 2261/2732/2681 2260/2718/2667 2271/2733/2682
f 2271/2733/2682 2260/2718/2667 2270/2719/2668
f 2271/2733/2682 2270/2719/2668 2281/2734/2683
f 2281/2734/2683 2270/2719/2668 2280/2720/2669
f 2281/2734/2683 2280/2720/2669 2291/2735/2684
f 2291/2735/2684 2280/2720/2669 2290/2721/2670
f 2291/2735/2684 2290/2721/2670 2301/2139/2100
f 2301/2139/2100 2290/2721/2670 2300/2137/2098
f 1986/2722/2671 1987/2736/2685 1997/2723/2672
f 1997/2723/2672 1987/2736/2685 1996/2737/2686
f 1997/2723/2672 1996/2737/2686 2004/2724/2673
f 2004/2724/2673 1996/2737/2686 2003/2738/2687
f 2004/2724/2673 2003/2738/2687 2011/2725/2674
f 2011/2725/2674 2003/2738/2687 2010/2216/2177
f 2011/2725/2674 2010/2216/2177 2018/2218/2179
f 1986/2722/2671 1985/2707/2656 2202/2739/2688
f 2202/2739/2688 1985/2707/2656 2201/2726/2675
f 2202/2739/2688 2201/2726/2675 2212/2740/2689
f 2212/2740/2689 2201/2726/2675 2211/2727/2676
f 2212/2740/2689 2211/2727/2676 2222/2741/2690
f 2222/2741/2690 2211/2727/2676 2221/2728/2677
f 2222/2741/2690 2221/2728/2677 2232/2742/2691
f 2232/2742/2691 2221/2728/2677 2231/2729/2678
f 2232/2742/2691 2231/2729/2678 2242/2743/2692
f 2242/2743/2692 2231/2729/2678 2241/2730/2679
f 2242/2743/2692 2241/2730/2679 2252/2744/2693
f 2252/2744/2693 2241/2730/2679 2251/2731/2680
f 2252/2744/2693 2251/2731/2680 2262/2745/2694
f 2262/2745/2694 2251/2731/2680 2261/2732/2681
f 2262/2745/2694 2261/2732/2681 2272/2746/2695
f 2272/2746/2695 2261/2732/2681 2271/2733/2682
f 2272/2746/2695 2271/2733/2682 2282/2747/2696
f 2282/2747/2696 2271/2733/2682 2281/2734/2683
f 2282/2747/2696 2281/2734/2683 2292/2748/2697
f 2292/2748/2697 2281/2734/2683 2291/2735/2684
f 2292/2748/2697 2291/2735/2684 2302/2141/2102
f 2302/2141/2102 2291/2735/2684 2301/2139/2100
f 1987/2736/2685 1988/2202/2163 1996/2737/2686
f 1996/2737/2686 1988/2202/2163 1995/2205/2166
f 1996/2737/2686 1995/2205/2166 2003/2738/2687
f 2003/2738/2687 1995/2205/2166 2002/2211/2172
f 2003/2738/2687 2002/2211/2172 2010/2216/2177
f 1987/2736/2685 1986/2722/2671 2203/2749/2698
f 2203/2749/2698 1986/2722/2671 2202/2739/2688
f 2203/2749/2698 2202/2739/2688 2213/2750/2699
f 2213/2750/2699 2202/2739/2688 2212/2740/2689
f 2213/2750/2699 2212/2740/2689 2223/2751/2700
f 2223/2751/2700 2212/2740/2689 2222/2741/2690
f 2223/2751/2700 2222/2741/2690 2233/2752/2701
f 2233/2752/2701 2222/2741/2690 2232/2742/2691
f 2233/2752/2701 2232/2742/2691 2243/2753/2702
f 2243/2753/2702 2232/2742/2691 2242/2743/2692
f 2243/2753/2702 2242/2743/2692 2253/2754/2703
f 2253/2754/2703 2242/2743/2692 2252/2744/2693
f 2253/2754/2703 2252/2744/2693 2263/2755/2704
f 2263/2755/2704 2252/2744/2693 2262/2745/2694
f 2263/2755/2704 2262/2745/2694 2273/2756/2705
f 2273/2756/2705 2262/2745/2694 2272/2746/2695
f 2273/2756/2705 2272/2746/2695 2283/2757/2706
f 2283/2757/2706 2272/2746/2695 2282/2747/2696
f 2283/2757/2706 2282/2747/2696 2293/2758/2707
f 2293/2758/2707 2282/2747/2696 2292/2748/2697
f 2293/2758/2707 2292/2748/2697 2303/2143/2104
f 2303/2143/2104 2292/2748/2697 2302/2141/2102
f 1988/2202/2163 1987/2736/2685 2204/2759/2708
f 2204/2759/2708 1987/2736/2685 2203/2749/2698
f 2204/2759/2708 2203/2749/2698 2214/2760/2709
f 2214/2760/2709 2203/2749/2698 2213/2750/2699
f 2214/2760/2709 2213/2750/2699 2224/2761/2710
f 2224/2761/2710 2213/2750/2699 2223/2751/2700
f 2224/2761/2710 2223/2751/2700 2234/2762/2711
f 2234/2762/2711 2223/2751/2700 2233/2752/2701
f 2234/2762/2711 2233/2752/2701 2244/2763/2712
f 2244/2763/2712 2233/2752/2701 2243/2753/2702
f 2244/2763/2712 2243/2753/2702 2254/2764/2713
f 2254/2764/2713 2243/2753/2702 2253/2754/2703
f 2254/2764/2713 2253/2754/2703 2264/2765/2714
f 2264/2765/2714 2253/2754/2703 2263/2755/2704
f 2264/2765/2714 2263/2755/2704 2274/2766/2715
f 2274/2766/2715 2263/2755/2704 2273/2756/2705
f 2274/2766/2715 2273/2756/2705 2284/2767/2716
f 2284/2767/2716 2273/2756/2705 2283/2757/2706
f 2284/2767/2716 2283/2757/2706 2294/2768/2717
f 2294/2768/2717 2283/2757/2706 2293/2758/2707
f 2294/2768/2717 2293/2758/2707 2304/2145/2106
f 2304/2145/2106 2293/2758/2707 2303/2143/2104
f 1989/2158/2119 1990/2769/2718 1993/2160/2121
f 1993/2160/2121 1990/2769/2718 1992/2356/2315
f 1993/2160/2121 1992/2356/2315 2077/2358/2317
f 1989/2158/2119 1988/2202/2163 2205/2770/2719
f 2205/2770/2719 1988/2202/2163 2204/2759/2708
f 2205/2770/2719 2204/2759/2708 2215/2771/2720
f 2215/2771/2720 2204/2759/2708 2214/2760/2709
f 2215/2771/2720 2214/2760/2709 2225/2772/2721
f 2225/2772/2721 2214/2760/2709 2224/2761/2710
f 2225/2772/2721 2224/2761/2710 2235/2773/2722
f 2235/2773/2722 2224/2761/2710 2234/2762/2711
f 2235/2773/2722 2234/2762/2711 2245/2774/2723
f 2245/2774/2723 2234/2762/2711 2244/2763/2712
f 2245/2774/2723 2244/2763/2712 2255/2775/2724
f 2255/2775/2724 2244/2763/2712 2254/2764/2713
f 2255/2775/2724 2254/2764/2713 2265/2776/2725
f 2265/2776/2725 2254/2764/2713 2264/2765/2714
f 2265/2776/2725 2264/2765/2714 2275/2777/2726
f 2275/2777/2726 2264/2765/2714 2274/2766/2715
f 2275/2777/2726 2274/2766/2715 2285/2778/2727
f 2285/2778/2727 2274/2766/2715 2284/2767/2716
f 2285/2778/2727 2284/2767/2716 2295/2779/2728
f 2295/2779/2728 2284/2767/2716 2294/2768/2717
f 2295/2779/2728 2294/2768/2717 2305/2147/2108
f 2305/2147/2108 2294/2768/2717 2304/2145/2106
f 2207/2352/2311 1991/2354/2313 1990/2769/2718
f 1990/2769/2718 1991/2354/2313 1992/2356/2315
f 1990/2769/2718 1989/2158/2119 2206/2780/2729
f 2206/2780/2729 1989/2158/2119 2205/2770/2719
f 2206/2780/2729 2205/2770/2719 2216/2781/2730
f 2216/2781/2730 2205/2770/2719 2215/2771/2720
f 2216/2781/2730 2215/2771/2720 2226/2782/2731
f 2226/2782/2731 2215/2771/2720 2225/2772/2721
f 2226/2782/2731 2225/2772/2721 2236/2783/2732
f 2236/2783/2732 2225/2772/2721 2235/2773/2722
f 2236/2783/2732 2235/2773/2722 2246/2784/2733
f 2246/2784/2733 2235/2773/2722 2245/2774/2723
f 2246/2784/2733 2245/2774/2723 2256/2785/2734
f 2256/2785/2734 2245/2774/2723 2255/2775/2724
f 2256/2785/2734 2255/2775/2724 2266/2786/2735
f 2266/2786/2735 2255/2775/2724 2265/2776/2725
f 2266/2786/2735 2265/2776/2725 2276/2787/2736
f 2276/2787/2736 2265/2776/2725 2275/2777/2726
f 2276/2787/2736 2275/2777/2726 2286/2788/2737
f 2286/2788/2737 2275/2777/2726 2285/2778/2727
f 2286/2788/2737 2285/2778/2727 2296/2789/2738
f 2296/2789/2738 2285/2778/2727 2295/2779/2728
f 2296/2789/2738 2295/2779/2728 2306/2149/2110
f 2306/2149/2110 2295/2779/2728 2305/2147/2108
f 2076/2166/2127 1993/2160/2121 2077/2358/2317
f 2009/2215/2176 2016/2225/2186 2017/2217/2178
f 2017/2217/2178 2016/2225/2186 2024/2230/2191
f 2017/2217/2178 2024/2230/2191 2025/2219/2180
f 2025/2219/2180 2024/2230/2191 2032/2232/2193
f 2025/2219/2180 2032/2232/2193 2033/2221/2182
f 2033/2221/2182 2032/2232/2193 2040/2022/1985
f 2033/2221/2182 2040/2022/1985 2041/2024/1987
f 2023/2229/2190 2030/2235/2196 2031/2231/2192
f 2031/2231/2192 2030/2235/2196 2038/2018/1981
f 2031/2231/2192 2038/2018/1981 2039/2020/1983
f 2056/2683/2632 2046/2017/1980 2045/2008/1971
f 2196/2000/1963 2053/2002/1965 2052/2374/2333
f 2193/2682/2631 2056/2683/2632 2055/2006/1969
f 2055/2006/1969 2056/2683/2632 2045/2008/1971
f 2193/2682/2631 2055/2006/1969 2194/2088/2051
f 2076/2166/2127 2077/2358/2317 2074/2171/2132
f 2083/2672/2621 2084/2078/2041 2092/2671/2620
f 2092/2671/2620 2084/2078/2041 2091/2077/2040
f 2092/2671/2620 2091/2077/2040 2513/2670/2619
f 2513/2670/2619 2091/2077/2040 2514/2076/2039
f 2513/2670/2619 2514/2076/2039 2503/2669/2618
f 2503/2669/2618 2514/2076/2039 2504/2075/2038
f 2503/2669/2618 2504/2075/2038 2493/2668/2617
f 2493/2668/2617 2504/2075/2038 2494/2074/2037
f 2493/2668/2617 2494/2074/2037 2483/2667/2616
f 2483/2667/2616 2494/2074/2037 2484/2073/2036
f 2483/2667/2616 2484/2073/2036 2473/2666/2615
f 2473/2666/2615 2484/2073/2036 2474/2072/2035
f 2473/2666/2615 2474/2072/2035 2463/2665/2614
f 2463/2665/2614 2474/2072/2035 2464/2071/2034
f 2463/2665/2614 2464/2071/2034 2453/2664/2613
f 2453/2664/2613 2464/2071/2034 2454/2070/2033
f 2453/2664/2613 2454/2070/2033 2443/2663/2612
f 2443/2663/2612 2454/2070/2033 2444/2069/2032
f 2443/2663/2612 2444/2069/2032 2433/2662/2611
f 2433/2662/2611 2444/2069/2032 2434/2068/2031
f 2433/2662/2611 2434/2068/2031 2423/2661/2610
f 2423/2661/2610 2434/2068/2031 2424/2067/2030
f 2423/2661/2610 2424/2067/2030 1927/2637/2586
f 2084/2078/2041 2083/2672/2621 2104/2079/2042
f 2104/2079/2042 2083/2672/2621 2103/2673/2622
f 2104/2079/2042 2103/2673/2622 2114/2080/2043
f 2114/2080/2043 2103/2673/2622 2113/2674/2623
f 2114/2080/2043 2113/2674/2623 2124/2081/2044
f 2124/2081/2044 2113/2674/2623 2123/2675/2624
f 2124/2081/2044 2123/2675/2624 2134/2082/2045
f 2134/2082/2045 2123/2675/2624 2133/2676/2625
f 2134/2082/2045 2133/2676/2625 2144/2083/2046
f 2144/2083/2046 2133/2676/2625 2143/2677/2626
f 2144/2083/2046 2143/2677/2626 2154/2084/2047
f 2154/2084/2047 2143/2677/2626 2153/2678/2627
f 2154/2084/2047 2153/2678/2627 2164/2085/2048
f 2164/2085/2048 2153/2678/2627 2163/2679/2628
f 2164/2085/2048 2163/2679/2628 2174/2086/2049
f 2174/2086/2049 2163/2679/2628 2173/2680/2629
f 2174/2086/2049 2173/2680/2629 2184/2087/2050
f 2184/2087/2050 2173/2680/2629 2183/2681/2630
f 2184/2087/2050 2183/2681/2630 2194/2088/2051
f 2194/2088/2051 2183/2681/2630 2193/2682/2631
f 2086/1980/1943 2087/2396/2355 2089/1978/1941
f 2089/1978/1941 2087/2396/2355 2088/2398/2357
f 2089/1978/1941 2088/2398/2357 2516/1976/1939
f 2516/1976/1939 2088/2398/2357 2517/2400/2359
f 2516/1976/1939 2517/2400/2359 2506/1974/1937
f 2506/1974/1937 2517/2400/2359 2507/2402/2361
f 2506/1974/1937 2507/2402/2361 2496/1972/1935
f 2496/1972/1935 2507/2402/2361 2497/2404/2363
f 2496/1972/1935 2497/2404/2363 2486/1970/1933
f 2486/1970/1933 2497/2404/2363 2487/2406/2365
f 2486/1970/1933 2487/2406/2365 2476/1968/1931
f 2476/1968/1931 2487/2406/2365 2477/2408/2367
f 2476/1968/1931 2477/2408/2367 2466/1966/1929
f 2466/1966/1929 2477/2408/2367 2467/2410/2369
f 2466/1966/1929 2467/2410/2369 2456/1964/1927
f 2456/1964/1927 2467/2410/2369 2457/2412/2371
f 2456/1964/1927 2457/2412/2371 2446/1962/1925
f 2446/1962/1925 2457/2412/2371 2447/2414/2373
f 2446/1962/1925 2447/2414/2373 2436/1960/1923
f 2436/1960/1923 2447/2414/2373 2437/2416/2375
f 2436/1960/1923 2437/2416/2375 2426/1958/1921
f 2426/1958/1921 2437/2416/2375 2427/2418/2377
f 2087/2396/2355 2086/1980/1943 2107/2394/2353
f 2107/2394/2353 2086/1980/1943 2106/1982/1945
f 2107/2394/2353 2106/1982/1945 2117/2392/2351
f 2117/2392/2351 2106/1982/1945 2116/1984/1947
f 2117/2392/2351 2116/1984/1947 2127/2390/2349
f 2127/2390/2349 2116/1984/1947 2126/1986/1949
f 2127/2390/2349 2126/1986/1949 2137/2388/2347
f 2137/2388/2347 2126/1986/1949 2136/1988/1951
f 2137/2388/2347 2136/1988/1951 2147/2386/2345
f 2147/2386/2345 2136/1988/1951 2146/1990/1953
f 2147/2386/2345 2146/1990/1953 2157/2384/2343
f 2157/2384/2343 2146/1990/1953 2156/1992/1955
f 2157/2384/2343 2156/1992/1955 2167/2382/2341
f 2167/2382/2341 2156/1992/1955 2166/1994/1957
f 2167/2382/2341 2166/1994/1957 2177/2380/2339
f 2177/2380/2339 2166/1994/1957 2176/1996/1959
f 2177/2380/2339 2176/1996/1959 2187/2378/2337
f 2187/2378/2337 2176/1996/1959 2186/1998/1961
f 2187/2378/2337 2186/1998/1961 2197/2376/2335
f 2197/2376/2335 2186/1998/1961 2196/2000/1963
f 2197/2376/2335 2196/2000/1963 2052/2374/2333
f 2217/2350/2309 2207/2352/2311 2206/2780/2729
f 2206/2780/2729 2207/2352/2311 1990/2769/2718
f 2217/2350/2309 2206/2780/2729 2216/2781/2730
f 2227/2348/2307 2217/2350/2309 2216/2781/2730
f 2227/2348/2307 2216/2781/2730 2226/2782/2731
f 2237/2346/2305 2227/2348/2307 2226/2782/2731
f 2237/2346/2305 2226/2782/2731 2236/2783/2732
f 2247/2344/2303 2237/2346/2305 2236/2783/2732
f 2247/2344/2303 2236/2783/2732 2246/2784/2733
f 2257/2342/2301 2247/2344/2303 2246/2784/2733
f 2257/2342/2301 2246/2784/2733 2256/2785/2734
f 2267/2340/2299 2257/2342/2301 2256/2785/2734
f 2267/2340/2299 2256/2785/2734 2266/2786/2735
f 2277/2338/2297 2267/2340/2299 2266/2786/2735
f 2277/2338/2297 2266/2786/2735 2276/2787/2736
f 2287/2336/2295 2277/2338/2297 2276/2787/2736
f 2287/2336/2295 2276/2787/2736 2286/2788/2737
f 2297/2334/2293 2287/2336/2295 2286/2788/2737
f 2297/2334/2293 2286/2788/2737 2296/2789/2738
f 2307/2151/2112 2297/2334/2293 2296/2789/2738
f 2307/2151/2112 2296/2789/2738 2306/2149/2110
f 2338/2122/2085 2348/2120/2083 2349/2436/2395
f 2349/2436/2395 2348/2120/2083 2359/2790/2739
f 2349/2436/2395 2359/2790/2739 2360/2434/2393
f 2360/2434/2393 2359/2790/2739 2370/2791/2740
f 2360/2434/2393 2370/2791/2740 2371/2432/2391
f 2371/2432/2391 2370/2791/2740 2381/2792/2741
f 2371/2432/2391 2381/2792/2741 2382/2430/2389
f 2382/2430/2389 2381/2792/2741 2392/2793/2742
f 2382/2430/2389 2392/2793/2742 2393/2428/2387
f 2393/2428/2387 2392/2793/2742 2403/2794/2743
f 2393/2428/2387 2403/2794/2743 2404/2426/2385
f 2404/2426/2385 2403/2794/2743 2414/2523/2472
f 2404/2426/2385 2414/2523/2472 2415/2424/2383
f 2348/2120/2083 2358/2118/2081 2359/2790/2739
f 2359/2790/2739 2358/2118/2081 2369/2795/2744
f 2359/2790/2739 2369/2795/2744 2370/2791/2740
f 2370/2791/2740 2369/2795/2744 2380/2796/2745
f 2370/2791/2740 2380/2796/2745 2381/2792/2741
f 2381/2792/2741 2380/2796/2745 2391/2797/2746
f 2381/2792/2741 2391/2797/2746 2392/2793/2742
f 2392/2793/2742 2391/2797/2746 2402/2798/2747
f 2392/2793/2742 2402/2798/2747 2403/2794/2743
f 2403/2794/2743 2402/2798/2747 2413/2524/2473
f 2403/2794/2743 2413/2524/2473 2414/2523/2472
f 2358/2118/2081 2368/2116/2079 2369/2795/2744
f 2369/2795/2744 2368/2116/2079 2379/2799/2748
f 2369/2795/2744 2379/2799/2748 2380/2796/2745
f 2380/2796/2745 2379/2799/2748 2390/2800/2749
f 2380/2796/2745 2390/2800/2749 2391/2797/2746
f 2391/2797/2746 2390/2800/2749 2401/2801/2750
f 2391/2797/2746 2401/2801/2750 2402/2798/2747
f 2402/2798/2747 2401/2801/2750 2412/2526/2475
f 2402/2798/2747 2412/2526/2475 2413/2524/2473
f 2368/2116/2079 2378/2114/2077 2379/2799/2748
f 2379/2799/2748 2378/2114/2077 2389/2802/2751
f 2379/2799/2748 2389/2802/2751 2390/2800/2749
f 2390/2800/2749 2389/2802/2751 2400/2803/2752
f 2390/2800/2749 2400/2803/2752 2401/2801/2750
f 2401/2801/2750 2400/2803/2752 2411/2528/2477
f 2401/2801/2750 2411/2528/2477 2412/2526/2475
f 2378/2114/2077 2388/2112/2075 2389/2802/2751
f 2389/2802/2751 2388/2112/2075 2399/2804/2753
f 2389/2802/2751 2399/2804/2753 2400/2803/2752
f 2400/2803/2752 2399/2804/2753 2410/2530/2479
f 2400/2803/2752 2410/2530/2479 2411/2528/2477
f 2388/2112/2075 2398/2110/2073 2399/2804/2753
f 2399/2804/2753 2398/2110/2073 2409/2532/2481
f 2399/2804/2753 2409/2532/2481 2410/2530/2479
f 2408/2108/2071 2409/2532/2481 2398/2110/2073
f 1811/2805/2754 1875/2806/2755 1812/2807/2756
f 1812/2807/2756 1875/2806/2755 1813/2808/2757
f 1813/2808/2757 1875/2806/2755 1874/2809/2758
f 1813/2808/2757 1874/2809/2758 1814/2810/2759
f 1814/2810/2759 1874/2809/2758 1873/2811/2760
f 1814/2810/2759 1873/2811/2760 1815/2812/2761
f 1815/2812/2761 1873/2811/2760 1872/2813/2762
f 1815/2812/2761 1872/2813/2762 1816/2814/2763
f 1816/2814/2763 1872/2813/2762 1871/2815/2764
f 1816/2814/2763 1871/2815/2764 1817/2816/2765
f 1817/2816/2765 1871/2815/2764 1870/2817/2766
f 1817/2816/2765 1870/2817/2766 1818/2818/2767
f 1818/2818/2767 1870/2817/2766 1869/2819/2768
f 1818/2818/2767 1869/2819/2768 1819/2820/2769
f 1819/2820/2769 1869/2819/2768 1868/2821/2770
f 1819/2820/2769 1868/2821/2770 1820/2822/2771
f 1820/2822/2771 1868/2821/2770 1867/2823/2772
f 1820/2822/2771 1867/2823/2772 1821/2824/2773
f 1821/2824/2773 1867/2823/2772 1866/2825/2774
f 1821/2824/2773 1866/2825/2774 1822/2826/2775
f 1822/2826/2775 1866/2825/2774 1865/2827/2776
f 1822/2826/2775 1865/2827/2776 1823/2828/2777
f 1823/2828/2777 1865/2827/2776 1864/2829/2778
f 1823/2828/2777 1864/2829/2778 1824/2830/2779
f 1824/2830/2779 1864/2829/2778 1863/2831/2780
f 1824/2830/2779 1863/2831/2780 1825/2832/2781
f 1825/2832/2781 1863/2831/2780 1862/2833/2782
f 1825/2832/2781 1862/2833/2782 1826/2834/2783
f 1826/2834/2783 1862/2833/2782 1861/2835/2784
f 1826/2834/2783 1861/2835/2784 1827/2836/2785
f 1827/2836/2785 1861/2835/2784 1860/2837/2786
f 1827/2836/2785 1860/2837/2786 1828/2838/2787
f 1828/2838/2787 1860/2837/2786 1859/2839/2788
f 1828/2838/2787 1859/2839/2788 1829/2840/2789
f 1829/2840/2789 1859/2839/2788 1858/2841/2790
f 1829/2840/2789 1858/2841/2790 1830/2842/2791
f 1830/2842/2791 1858/2841/2790 1857/2843/2792
f 1830/2842/2791 1857/2843/2792 1831/2844/2793
f 1831/2844/2793 1857/2843/2792 1856/2845/2794
f 1831/2844/2793 1856/2845/2794 1832/2846/2795
f 1832/2846/2795 1856/2845/2794 1855/2847/2796
f 1832/2846/2795 1855/2847/2796 1833/2848/2797
f 1833/2848/2797 1855/2847/2796 1854/2849/2798
f 1833/2848/2797 1854/2849/2798 1834/2850/2799
f 1834/2850/2799 1854/2849/2798 1853/2851/2800
f 1834/2850/2799 1853/2851/2800 1835/2852/2801
f 1835/2852/2801 1853/2851/2800 1852/2853/2802
f 1835/2852/2801 1852/2853/2802 1836/2854/2803
f 1836/2854/2803 1852/2853/2802 1851/2855/2804
f 1836/2854/2803 1851/2855/2804 1837/2856/2805
f 1837/2856/2805 1851/2855/2804 1850/2857/2806
f 1837/2856/2805 1850/2857/2806 1838/2858/2807
f 1838/2858/2807 1850/2857/2806 1849/2859/2808
f 1838/2858/2807 1849/2859/2808 1839/2860/2809
f 1839/2860/2809 1849/2859/2808 1848/2861/2810
f 1839/2860/2809 1848/2861/2810 1840/2862/2811
f 1840/2862/2811 1848/2861/2810 1847/2863/2812
f 1840/2862/2811 1847/2863/2812 1841/2864/2813
f 1841/2864/2813 1847/2863/2812 1846/2865/2814
f 1841/2864/2813 1846/2865/2814 1842/2866/2815
f 1842/2866/2815 1846/2865/2814 1845/2867/2816
f 1842/2866/2815 1845/2867/2816 1843/2868/2817
f 1843/2868/2817 1845/2867/2816 1844/2869/2818
# 2517 vertices
# 2869 texture params
# 2818 normals
# 5034 facets

# 1 groups
