# WaveFront *.obj file (generated by Autodesk ATF)

mtllib sponde.mtl

g Corpo56

v 0.000036 -112.500050 0.000000
v 0.000036 -112.500050 40.000000
v 0.981733 -112.530170 40.000000
v 1.961064 -112.620464 40.000000
v 2.935668 -112.770716 40.000000
v 3.903198 -112.980563 40.000000
v 4.861322 -113.249500 40.000000
v 5.807730 -113.576879 40.000000
v 7.656311 -114.403666 40.000000
v 9.431132 -115.452959 40.000000
v 11.115095 -116.714650 40.000000
v 12.691978 -118.176583 40.000000
v 14.146588 -119.824676 40.000000
v 15.464912 -121.643049 40.000000
v 16.634250 -123.614187 40.000000
v 17.643337 -125.719099 40.000000
v 18.482451 -127.937506 40.000000
v 19.143509 -130.248037 40.000000
v 19.620141 -132.628434 40.000000
v 19.907757 -135.055763 40.000000
v 20.003586 -137.506641 40.000000
v 20.003586 -137.506641 0.000000
v 19.907757 -135.055763 0.000000
v 19.620141 -132.628434 0.000000
v 19.143509 -130.248037 0.000000
v 18.482451 -127.937506 0.000000
v 17.643337 -125.719099 0.000000
v 16.634250 -123.614187 0.000000
v 15.464912 -121.643049 0.000000
v 14.146588 -119.824676 0.000000
v 12.691978 -118.176583 0.000000
v 11.115095 -116.714650 0.000000
v 9.431132 -115.452959 0.000000
v 7.656311 -114.403666 0.000000
v 5.807730 -113.576879 0.000000
v 4.861322 -113.249500 0.000000
v 3.903198 -112.980563 0.000000
v 2.935668 -112.770716 0.000000
v 1.961064 -112.620464 0.000000
v 0.981733 -112.530170 0.000000
v 237.538302 -105.931810 0.000000
v 237.538302 -105.931810 40.000000
v 237.545722 -112.578845 40.000000
v 237.545722 -112.578845 75.000000
v 237.538299 -105.928931 75.000000
v 237.538299 -105.928931 0.000000
v 237.504963 -118.304061 40.000000
v 237.504963 -118.304061 75.000000
v 212.605720 -137.622519 40.000000
v 205.756282 -137.618398 40.000000
v 205.756282 -137.618398 75.000000
v 212.605720 -137.622519 75.000000
v 218.209782 -137.620423 40.000000
v 218.209782 -137.620423 75.000000
v 231.054742 -132.719558 40.000000
v 229.489711 -133.976343 40.000000
v 227.802629 -135.063811 40.000000
v 226.011740 -135.970203 40.000000
v 224.136407 -136.685717 40.000000
v 222.196911 -137.202617 40.000000
v 220.214223 -137.515312 40.000000
v 220.227839 -137.513880 75.000000
v 222.223698 -137.196931 75.000000
v 224.175481 -136.673048 75.000000
v 226.061794 -135.947974 75.000000
v 227.861961 -135.029657 75.000000
v 229.556251 -133.928163 75.000000
v 231.126093 -132.655564 75.000000
v 232.554278 -131.225811 75.000000
v 233.825154 -129.654574 75.000000
v 234.924789 -127.959077 75.000000
v 235.841130 -126.157903 75.000000
v 236.564134 -124.270796 75.000000
v 237.085875 -122.318439 75.000000
v 237.400635 -120.322234 75.000000
v 237.401572 -120.313234 40.000000
v 237.089617 -122.300733 40.000000
v 236.572487 -124.244967 40.000000
v 235.855800 -126.124814 40.000000
v 234.947341 -127.919854 40.000000
v 233.856979 -129.610587 40.000000
v 232.596558 -131.178646 40.000000
v 232.596558 -131.178646 0.000000
v 232.102091 -131.711523 0.000000
v 231.587909 -132.225403 0.000000
v 231.054742 -132.719558 0.000000
v 231.126093 -132.655564 37.500000
v 232.554278 -131.225811 37.500000
v 0.000044 -137.500111 40.000000
v 0.000044 -137.500111 75.000000
v 20.003586 -137.506641 75.000000
v 205.756282 -137.618398 75.010000
v 20.003586 -137.506641 75.010000
v 31.912267 -128.512230 0.000000
v 31.912267 -128.512230 75.010000
v 195.593013 -128.512230 0.000000
v 195.593013 -128.512230 75.010000
v 205.756282 -137.618398 0.000000
v 237.461917 -37.500176 75.000000
v 237.461917 -37.500176 75.010000
v 237.538299 -105.928931 75.010000
v 237.462605 -28.000007 75.000000
v 237.462605 -28.000007 75.010000
v 237.463563 0.000001 75.000000
v 237.463563 0.000001 75.010000
v 237.408914 -105.783915 0.000000
v 227.957683 -95.190919 75.010000
v 227.957683 -95.190919 0.000000
v 237.408914 -105.783915 40.000000
v 236.322465 -104.736312 0.000000
v 235.083231 -103.855940 0.000000
v 233.703721 -103.151686 0.000000
v 232.197859 -102.630657 0.000000
v 230.580845 -102.298114 0.000000
v 228.869002 -102.157413 0.000000
v 227.079607 -102.209975 0.000000
v 225.230725 -102.455268 0.000000
v 223.341016 -102.890816 0.000000
v 221.429556 -103.512224 0.000000
v 219.515638 -104.313219 0.000000
v 217.618582 -105.285716 0.000000
v 215.757536 -106.419897 0.000000
v 213.951285 -107.704316 0.000000
v 212.218062 -109.126008 0.000000
v 210.575362 -110.670621 0.000000
v 209.039766 -112.322564 0.000000
v 207.626773 -114.065164 0.000000
v 206.350648 -115.880830 0.000000
v 205.224270 -117.751235 0.000000
v 204.259010 -119.657500 0.000000
v 203.464610 -121.580383 0.000000
v 202.849089 -123.500474 0.000000
v 202.418661 -125.398392 0.000000
v 202.177670 -127.254980 0.000000
v 202.128548 -129.051497 0.000000
v 202.271792 -130.769810 0.000000
v 202.605955 -132.392574 0.000000
v 203.127664 -133.903409 0.000000
v 203.831654 -135.287065 0.000000
v 204.710818 -136.529575 0.000000
v 204.710818 -136.529575 40.000000
v 203.831654 -135.287065 40.000000
v 203.127664 -133.903409 40.000000
v 202.605955 -132.392574 40.000000
v 202.271792 -130.769810 40.000000
v 202.128548 -129.051497 40.000000
v 202.177670 -127.254980 40.000000
v 202.418661 -125.398392 40.000000
v 202.849089 -123.500474 40.000000
v 203.464610 -121.580383 40.000000
v 204.259010 -119.657500 40.000000
v 205.224270 -117.751235 40.000000
v 206.350648 -115.880830 40.000000
v 207.626773 -114.065164 40.000000
v 209.039766 -112.322564 40.000000
v 210.575362 -110.670621 40.000000
v 212.218062 -109.126008 40.000000
v 213.951285 -107.704316 40.000000
v 215.757536 -106.419897 40.000000
v 217.618582 -105.285716 40.000000
v 219.515638 -104.313219 40.000000
v 221.429556 -103.512224 40.000000
v 223.341016 -102.890816 40.000000
v 225.230725 -102.455268 40.000000
v 227.079607 -102.209975 40.000000
v 228.869002 -102.157413 40.000000
v 230.580845 -102.298114 40.000000
v 232.197859 -102.630657 40.000000
v 233.703721 -103.151686 40.000000
v 235.083231 -103.855940 40.000000
v 236.322465 -104.736312 40.000000
v 231.838157 -131.961615 0.000000
v 231.838157 -131.961615 20.000000
v -20.003586 -137.506641 40.000000
v -19.907757 -135.055758 40.000000
v -19.620140 -132.628423 40.000000
v -19.143505 -130.248021 40.000000
v -18.482444 -127.937485 40.000000
v -17.643326 -125.719074 40.000000
v -16.634235 -123.614159 40.000000
v -15.464892 -121.643019 40.000000
v -14.146562 -119.824644 40.000000
v -12.691946 -118.176551 40.000000
v -11.115058 -116.714618 40.000000
v -9.431089 -115.452930 40.000000
v -7.656261 -114.403640 40.000000
v -5.807674 -113.576858 40.000000
v -4.861263 -113.249482 40.000000
v -3.903137 -112.980548 40.000000
v -2.935604 -112.770704 40.000000
v -1.960997 -112.620456 40.000000
v -0.981663 -112.530165 40.000000
v -0.981663 -112.530165 0.000000
v -1.960997 -112.620456 0.000000
v -2.935604 -112.770704 0.000000
v -3.903137 -112.980548 0.000000
v -4.861263 -113.249482 0.000000
v -5.807674 -113.576858 0.000000
v -7.656261 -114.403640 0.000000
v -9.431089 -115.452930 0.000000
v -11.115058 -116.714618 0.000000
v -12.691946 -118.176551 0.000000
v -14.146562 -119.824644 0.000000
v -15.464892 -121.643019 0.000000
v -16.634235 -123.614159 0.000000
v -17.643326 -125.719074 0.000000
v -18.482444 -127.937485 0.000000
v -19.143505 -130.248021 0.000000
v -19.620140 -132.628423 0.000000
v -19.907757 -135.055758 0.000000
v -20.003586 -137.506641 0.000000
v -20.003586 -137.506641 75.000000
v -237.538302 -105.931810 40.000000
v -237.538302 -105.931810 0.000000
v -237.538299 -105.928931 0.000000
v -237.538299 -105.928931 75.000000
v -237.545722 -112.578845 75.000000
v -237.545722 -112.578845 40.000000
v -237.504963 -118.304061 40.000000
v -237.504963 -118.304061 75.000000
v -205.756282 -137.618398 40.000000
v -212.605720 -137.622519 40.000000
v -212.605720 -137.622519 75.000000
v -205.756282 -137.618398 75.000000
v -218.209782 -137.620423 40.000000
v -218.209782 -137.620423 75.000000
v -220.214223 -137.515312 40.000000
v -222.196911 -137.202617 40.000000
v -224.136407 -136.685717 40.000000
v -226.011740 -135.970203 40.000000
v -227.802629 -135.063811 40.000000
v -229.489711 -133.976343 40.000000
v -231.054742 -132.719558 40.000000
v -231.054742 -132.719558 0.000000
v -231.587909 -132.225403 0.000000
v -232.102091 -131.711523 0.000000
v -232.596558 -131.178646 0.000000
v -232.596558 -131.178646 40.000000
v -233.856979 -129.610587 40.000000
v -234.947341 -127.919854 40.000000
v -235.855800 -126.124814 40.000000
v -236.572487 -124.244967 40.000000
v -237.089617 -122.300733 40.000000
v -237.401572 -120.313234 40.000000
v -237.400635 -120.322234 75.000000
v -237.085875 -122.318439 75.000000
v -236.564134 -124.270796 75.000000
v -235.841130 -126.157903 75.000000
v -234.924789 -127.959077 75.000000
v -233.825154 -129.654574 75.000000
v -232.554278 -131.225811 75.000000
v -231.126093 -132.655564 75.000000
v -229.556251 -133.928163 75.000000
v -227.861961 -135.029657 75.000000
v -226.061794 -135.947974 75.000000
v -224.175481 -136.673048 75.000000
v -222.223698 -137.196931 75.000000
v -220.227839 -137.513880 75.000000
v -231.126093 -132.655564 37.500000
v -232.554278 -131.225811 37.500000
v -251.500000 -151.500000 0.000000
v -0.000003 -151.500000 0.000000
v 251.500000 -151.500000 0.000000
v 251.500000 -151.500000 75.000000
v -0.000003 -151.500000 75.000000
v -251.500000 -151.500000 75.000000
v -20.003586 -137.506641 75.010000
v -205.756282 -137.618398 75.010000
v -31.912267 -128.512230 0.000000
v -31.912267 -128.512230 75.010000
v -195.593013 -128.512230 0.000000
v -195.593013 -128.512230 75.010000
v -205.756282 -137.618398 0.000000
v -237.461917 -37.500176 75.000000
v -237.538299 -105.928931 75.010000
v -237.461917 -37.500176 75.010000
v -237.462605 -28.000007 75.000000
v -237.462605 -28.000007 75.010000
v -237.463563 0.000001 75.000000
v -237.463563 0.000001 75.010000
v -237.408914 -105.783915 0.000000
v -237.408914 -105.783915 40.000000
v -227.957683 -95.190919 0.000000
v -227.957683 -95.190919 75.010000
v -236.322465 -104.736312 40.000000
v -235.083231 -103.855940 40.000000
v -233.703721 -103.151686 40.000000
v -232.197859 -102.630657 40.000000
v -230.580845 -102.298114 40.000000
v -228.869002 -102.157413 40.000000
v -227.079607 -102.209975 40.000000
v -225.230725 -102.455268 40.000000
v -223.341016 -102.890816 40.000000
v -221.429556 -103.512224 40.000000
v -219.515638 -104.313219 40.000000
v -217.618582 -105.285716 40.000000
v -215.757536 -106.419897 40.000000
v -213.951285 -107.704316 40.000000
v -212.218062 -109.126008 40.000000
v -210.575362 -110.670621 40.000000
v -209.039766 -112.322564 40.000000
v -207.626773 -114.065164 40.000000
v -206.350648 -115.880830 40.000000
v -205.224270 -117.751235 40.000000
v -204.259010 -119.657500 40.000000
v -203.464610 -121.580383 40.000000
v -202.849089 -123.500474 40.000000
v -202.418661 -125.398392 40.000000
v -202.177670 -127.254980 40.000000
v -202.128548 -129.051497 40.000000
v -202.271792 -130.769810 40.000000
v -202.605955 -132.392574 40.000000
v -203.127664 -133.903409 40.000000
v -203.831654 -135.287065 40.000000
v -204.710818 -136.529575 40.000000
v -204.710818 -136.529575 0.000000
v -203.831654 -135.287065 0.000000
v -203.127664 -133.903409 0.000000
v -202.605955 -132.392574 0.000000
v -202.271792 -130.769810 0.000000
v -202.128548 -129.051497 0.000000
v -202.177670 -127.254980 0.000000
v -202.418661 -125.398392 0.000000
v -202.849089 -123.500474 0.000000
v -203.464610 -121.580383 0.000000
v -204.259010 -119.657500 0.000000
v -205.224270 -117.751235 0.000000
v -206.350648 -115.880830 0.000000
v -207.626773 -114.065164 0.000000
v -209.039766 -112.322564 0.000000
v -210.575362 -110.670621 0.000000
v -212.218062 -109.126008 0.000000
v -213.951285 -107.704316 0.000000
v -215.757536 -106.419897 0.000000
v -217.618582 -105.285716 0.000000
v -219.515638 -104.313219 0.000000
v -221.429556 -103.512224 0.000000
v -223.341016 -102.890816 0.000000
v -225.230725 -102.455268 0.000000
v -227.079607 -102.209975 0.000000
v -228.869002 -102.157413 0.000000
v -230.580845 -102.298114 0.000000
v -232.197859 -102.630657 0.000000
v -233.703721 -103.151686 0.000000
v -235.083231 -103.855940 0.000000
v -236.322465 -104.736312 0.000000
v -231.838157 -131.961615 0.000000
v -231.838157 -131.961615 20.000000
v 0.000036 112.500050 40.000000
v 0.000036 112.500050 0.000000
v 0.981733 112.530170 0.000000
v 1.961064 112.620464 0.000000
v 2.935668 112.770716 0.000000
v 3.903198 112.980563 0.000000
v 4.861322 113.249500 0.000000
v 5.807730 113.576879 0.000000
v 7.656311 114.403666 0.000000
v 9.431132 115.452959 0.000000
v 11.115095 116.714650 0.000000
v 12.691978 118.176583 0.000000
v 14.146588 119.824676 0.000000
v 15.464912 121.643049 0.000000
v 16.634250 123.614187 0.000000
v 17.643337 125.719099 0.000000
v 18.482451 127.937506 0.000000
v 19.143509 130.248037 0.000000
v 19.620141 132.628434 0.000000
v 19.907757 135.055763 0.000000
v 20.003586 137.506641 0.000000
v 20.003586 137.506641 40.000000
v 19.907757 135.055763 40.000000
v 19.620141 132.628434 40.000000
v 19.143509 130.248037 40.000000
v 18.482451 127.937506 40.000000
v 17.643337 125.719099 40.000000
v 16.634250 123.614187 40.000000
v 15.464912 121.643049 40.000000
v 14.146588 119.824676 40.000000
v 12.691978 118.176583 40.000000
v 11.115095 116.714650 40.000000
v 9.431132 115.452959 40.000000
v 7.656311 114.403666 40.000000
v 5.807730 113.576879 40.000000
v 4.861322 113.249500 40.000000
v 3.903198 112.980563 40.000000
v 2.935668 112.770716 40.000000
v 1.961064 112.620464 40.000000
v 0.981733 112.530170 40.000000
v 237.538302 105.931810 40.000000
v 237.538302 105.931810 0.000000
v 237.538299 105.928931 0.000000
v 237.538299 105.928931 75.000000
v 237.545722 112.578845 75.000000
v 237.545722 112.578845 40.000000
v 237.504963 118.304061 40.000000
v 237.504963 118.304061 75.000000
v 205.756282 137.618398 40.000000
v 212.605720 137.622519 40.000000
v 212.605720 137.622519 75.000000
v 205.756282 137.618398 75.000000
v 218.209782 137.620423 40.000000
v 218.209782 137.620423 75.000000
v 220.214223 137.515312 40.000000
v 222.196911 137.202617 40.000000
v 224.136407 136.685717 40.000000
v 226.011740 135.970203 40.000000
v 227.802629 135.063811 40.000000
v 229.489711 133.976343 40.000000
v 231.054742 132.719558 40.000000
v 231.054742 132.719558 0.000000
v 231.587909 132.225403 0.000000
v 232.102091 131.711523 0.000000
v 232.596558 131.178646 0.000000
v 232.596558 131.178646 40.000000
v 233.856979 129.610587 40.000000
v 234.947341 127.919854 40.000000
v 235.855800 126.124814 40.000000
v 236.572487 124.244967 40.000000
v 237.089617 122.300733 40.000000
v 237.401572 120.313234 40.000000
v 237.400635 120.322234 75.000000
v 237.085875 122.318439 75.000000
v 236.564134 124.270796 75.000000
v 235.841130 126.157903 75.000000
v 234.924789 127.959077 75.000000
v 233.825154 129.654574 75.000000
v 232.554278 131.225811 75.000000
v 231.126093 132.655564 75.000000
v 229.556251 133.928163 75.000000
v 227.861961 135.029657 75.000000
v 226.061794 135.947974 75.000000
v 224.175481 136.673048 75.000000
v 222.223698 137.196931 75.000000
v 220.227839 137.513880 75.000000
v 231.126093 132.655564 37.500000
v 232.554278 131.225811 37.500000
v 251.500000 151.500000 0.000000
v 251.500000 151.500000 75.000000
v 0.000044 137.500111 75.000000
v 0.000044 137.500111 40.000000
v 20.003586 137.506641 75.000000
v 20.003586 137.506641 75.010000
v 205.756282 137.618398 75.010000
v 31.912267 128.512230 0.000000
v 31.912267 128.512230 75.010000
v 195.593013 128.512230 0.000000
v 195.593013 128.512230 75.010000
v 205.756282 137.618398 0.000000
v 237.461917 37.500176 75.000000
v 237.538299 105.928931 75.010000
v 237.461917 37.500176 75.010000
v 237.462605 28.000007 75.000000
v 237.462605 28.000007 75.010000
v 237.408914 105.783915 0.000000
v 237.408914 105.783915 40.000000
v 227.957683 95.190919 0.000000
v 227.957683 95.190919 75.010000
v 236.322465 104.736312 40.000000
v 235.083231 103.855940 40.000000
v 233.703721 103.151686 40.000000
v 232.197859 102.630657 40.000000
v 230.580845 102.298114 40.000000
v 228.869002 102.157413 40.000000
v 227.079607 102.209975 40.000000
v 225.230725 102.455268 40.000000
v 223.341016 102.890816 40.000000
v 221.429556 103.512224 40.000000
v 219.515638 104.313219 40.000000
v 217.618582 105.285716 40.000000
v 215.757536 106.419897 40.000000
v 213.951285 107.704316 40.000000
v 212.218062 109.126008 40.000000
v 210.575362 110.670621 40.000000
v 209.039766 112.322564 40.000000
v 207.626773 114.065164 40.000000
v 206.350648 115.880830 40.000000
v 205.224270 117.751235 40.000000
v 204.259010 119.657500 40.000000
v 203.464610 121.580383 40.000000
v 202.849089 123.500474 40.000000
v 202.418661 125.398392 40.000000
v 202.177670 127.254980 40.000000
v 202.128548 129.051497 40.000000
v 202.271792 130.769810 40.000000
v 202.605955 132.392574 40.000000
v 203.127664 133.903409 40.000000
v 203.831654 135.287065 40.000000
v 204.710818 136.529575 40.000000
v 204.710818 136.529575 0.000000
v 203.831654 135.287065 0.000000
v 203.127664 133.903409 0.000000
v 202.605955 132.392574 0.000000
v 202.271792 130.769810 0.000000
v 202.128548 129.051497 0.000000
v 202.177670 127.254980 0.000000
v 202.418661 125.398392 0.000000
v 202.849089 123.500474 0.000000
v 203.464610 121.580383 0.000000
v 204.259010 119.657500 0.000000
v 205.224270 117.751235 0.000000
v 206.350648 115.880830 0.000000
v 207.626773 114.065164 0.000000
v 209.039766 112.322564 0.000000
v 210.575362 110.670621 0.000000
v 212.218062 109.126008 0.000000
v 213.951285 107.704316 0.000000
v 215.757536 106.419897 0.000000
v 217.618582 105.285716 0.000000
v 219.515638 104.313219 0.000000
v 221.429556 103.512224 0.000000
v 223.341016 102.890816 0.000000
v 225.230725 102.455268 0.000000
v 227.079607 102.209975 0.000000
v 228.869002 102.157413 0.000000
v 230.580845 102.298114 0.000000
v 232.197859 102.630657 0.000000
v 233.703721 103.151686 0.000000
v 235.083231 103.855940 0.000000
v 236.322465 104.736312 0.000000
v 231.838157 131.961615 0.000000
v 231.838157 131.961615 20.000000
v -0.981663 112.530165 40.000000
v -1.960997 112.620456 40.000000
v -2.935604 112.770704 40.000000
v -3.903137 112.980548 40.000000
v -4.861263 113.249482 40.000000
v -5.807674 113.576858 40.000000
v -7.656261 114.403640 40.000000
v -9.431089 115.452930 40.000000
v -11.115058 116.714618 40.000000
v -12.691946 118.176551 40.000000
v -14.146562 119.824644 40.000000
v -15.464892 121.643019 40.000000
v -16.634235 123.614159 40.000000
v -17.643326 125.719074 40.000000
v -18.482444 127.937485 40.000000
v -19.143505 130.248021 40.000000
v -19.620140 132.628423 40.000000
v -19.907757 135.055758 40.000000
v -20.003586 137.506641 40.000000
v -20.003586 137.506641 0.000000
v -19.907757 135.055758 0.000000
v -19.620140 132.628423 0.000000
v -19.143505 130.248021 0.000000
v -18.482444 127.937485 0.000000
v -17.643326 125.719074 0.000000
v -16.634235 123.614159 0.000000
v -15.464892 121.643019 0.000000
v -14.146562 119.824644 0.000000
v -12.691946 118.176551 0.000000
v -11.115058 116.714618 0.000000
v -9.431089 115.452930 0.000000
v -7.656261 114.403640 0.000000
v -5.807674 113.576858 0.000000
v -4.861263 113.249482 0.000000
v -3.903137 112.980548 0.000000
v -2.935604 112.770704 0.000000
v -1.960997 112.620456 0.000000
v -0.981663 112.530165 0.000000
v -20.003586 137.506641 75.000000
v -0.000003 151.500000 75.000000
v -251.500000 151.500000 75.000000
v -237.462605 28.000007 75.000000
v -237.461917 37.500176 75.000000
v -237.538299 105.928931 75.000000
v -237.545722 112.578845 75.000000
v -237.504963 118.304061 75.000000
v -237.400635 120.322234 75.000000
v -237.085875 122.318439 75.000000
v -236.564134 124.270796 75.000000
v -235.841130 126.157903 75.000000
v -234.924789 127.959077 75.000000
v -233.825154 129.654574 75.000000
v -232.554278 131.225811 75.000000
v -231.126093 132.655564 75.000000
v -229.556251 133.928163 75.000000
v -227.861961 135.029657 75.000000
v -226.061794 135.947974 75.000000
v -224.175481 136.673048 75.000000
v -222.223698 137.196931 75.000000
v -220.227839 137.513880 75.000000
v -218.209782 137.620423 75.000000
v -212.605720 137.622519 75.000000
v -205.756282 137.618398 75.000000
v -237.538302 105.931810 0.000000
v -237.538302 105.931810 40.000000
v -237.545722 112.578845 40.000000
v -237.538299 105.928931 0.000000
v -237.504963 118.304061 40.000000
v -212.605720 137.622519 40.000000
v -205.756282 137.618398 40.000000
v -218.209782 137.620423 40.000000
v -231.054742 132.719558 40.000000
v -229.489711 133.976343 40.000000
v -227.802629 135.063811 40.000000
v -226.011740 135.970203 40.000000
v -224.136407 136.685717 40.000000
v -222.196911 137.202617 40.000000
v -220.214223 137.515312 40.000000
v -237.401572 120.313234 40.000000
v -237.089617 122.300733 40.000000
v -236.572487 124.244967 40.000000
v -235.855800 126.124814 40.000000
v -234.947341 127.919854 40.000000
v -233.856979 129.610587 40.000000
v -232.596558 131.178646 40.000000
v -232.596558 131.178646 0.000000
v -232.102091 131.711523 0.000000
v -231.587909 132.225403 0.000000
v -231.054742 132.719558 0.000000
v -231.126093 132.655564 37.500000
v -232.554278 131.225811 37.500000
v -251.500000 151.500000 0.000000
v -0.000003 151.500000 0.000000
v -205.756282 137.618398 75.010000
v -20.003586 137.506641 75.010000
v -31.912267 128.512230 0.000000
v -31.912267 128.512230 75.010000
v -195.593013 128.512230 0.000000
v -195.593013 128.512230 75.010000
v -205.756282 137.618398 0.000000
v -237.461917 37.500176 75.010000
v -237.538299 105.928931 75.010000
v -237.462605 28.000007 75.010000
v -237.408914 105.783915 0.000000
v -227.957683 95.190919 75.010000
v -227.957683 95.190919 0.000000
v -237.408914 105.783915 40.000000
v -236.322465 104.736312 0.000000
v -235.083231 103.855940 0.000000
v -233.703721 103.151686 0.000000
v -232.197859 102.630657 0.000000
v -230.580845 102.298114 0.000000
v -228.869002 102.157413 0.000000
v -227.079607 102.209975 0.000000
v -225.230725 102.455268 0.000000
v -223.341016 102.890816 0.000000
v -221.429556 103.512224 0.000000
v -219.515638 104.313219 0.000000
v -217.618582 105.285716 0.000000
v -215.757536 106.419897 0.000000
v -213.951285 107.704316 0.000000
v -212.218062 109.126008 0.000000
v -210.575362 110.670621 0.000000
v -209.039766 112.322564 0.000000
v -207.626773 114.065164 0.000000
v -206.350648 115.880830 0.000000
v -205.224270 117.751235 0.000000
v -204.259010 119.657500 0.000000
v -203.464610 121.580383 0.000000
v -202.849089 123.500474 0.000000
v -202.418661 125.398392 0.000000
v -202.177670 127.254980 0.000000
v -202.128548 129.051497 0.000000
v -202.271792 130.769810 0.000000
v -202.605955 132.392574 0.000000
v -203.127664 133.903409 0.000000
v -203.831654 135.287065 0.000000
v -204.710818 136.529575 0.000000
v -204.710818 136.529575 40.000000
v -203.831654 135.287065 40.000000
v -203.127664 133.903409 40.000000
v -202.605955 132.392574 40.000000
v -202.271792 130.769810 40.000000
v -202.128548 129.051497 40.000000
v -202.177670 127.254980 40.000000
v -202.418661 125.398392 40.000000
v -202.849089 123.500474 40.000000
v -203.464610 121.580383 40.000000
v -204.259010 119.657500 40.000000
v -205.224270 117.751235 40.000000
v -206.350648 115.880830 40.000000
v -207.626773 114.065164 40.000000
v -209.039766 112.322564 40.000000
v -210.575362 110.670621 40.000000
v -212.218062 109.126008 40.000000
v -213.951285 107.704316 40.000000
v -215.757536 106.419897 40.000000
v -217.618582 105.285716 40.000000
v -219.515638 104.313219 40.000000
v -221.429556 103.512224 40.000000
v -223.341016 102.890816 40.000000
v -225.230725 102.455268 40.000000
v -227.079607 102.209975 40.000000
v -228.869002 102.157413 40.000000
v -230.580845 102.298114 40.000000
v -232.197859 102.630657 40.000000
v -233.703721 103.151686 40.000000
v -235.083231 103.855940 40.000000
v -236.322465 104.736312 40.000000
v -231.838157 131.961615 0.000000
v -231.838157 131.961615 20.000000
vt -0.000000 0.000039 0.000000
vt -4.000000 0.000039 0.000000
vt -0.000000 -0.111116 0.000000
vt -4.000000 -0.111116 0.000000
vt -4.000000 -0.222271 0.000000
vt -4.000000 -0.333425 0.000000
vt -0.000000 -0.333425 0.000000
vt -0.000000 -0.222271 0.000000
vt -4.000000 -0.444580 0.000000
vt -0.000000 -0.444580 0.000000
vt -0.000000 -0.555735 0.000000
vt -4.000000 -0.555735 0.000000
vt -4.000000 -0.666889 0.000000
vt -0.000000 -0.666889 0.000000
vt -4.000000 -0.889199 0.000000
vt -0.000000 -0.889199 0.000000
vt -4.000000 -1.111508 0.000000
vt -0.000000 -1.111508 0.000000
vt -4.000000 -1.333817 0.000000
vt -0.000000 -1.333817 0.000000
vt -4.000000 -1.556127 0.000000
vt -0.000000 -1.556127 0.000000
vt -4.000000 -1.778436 0.000000
vt -0.000000 -1.778436 0.000000
vt -4.000000 -2.000745 0.000000
vt -0.000000 -2.000745 0.000000
vt -4.000000 -2.223054 0.000000
vt -0.000000 -2.223054 0.000000
vt -4.000000 -2.445364 0.000000
vt -0.000000 -2.445364 0.000000
vt -4.000000 -2.667673 0.000000
vt -0.000000 -2.667673 0.000000
vt -4.000000 -2.889982 0.000000
vt -0.000000 -2.889982 0.000000
vt -4.000000 -3.112292 0.000000
vt -0.000000 -3.112292 0.000000
vt -4.000000 -3.334601 0.000000
vt -0.000000 -3.334601 0.000000
vt -4.000000 -3.556910 0.000000
vt -0.000000 -3.556910 0.000000
vt 6.843168 0.000000 0.000000
vt 6.843168 4.000000 0.000000
vt 6.842880 0.000000 0.000000
vt 6.842880 7.500000 0.000000
vt 7.507872 7.500000 0.000000
vt 7.507872 4.000000 0.000000
vt 0.000000 4.000000 0.000000
vt 0.572536 4.000000 0.000000
vt 0.000000 7.500000 0.000000
vt 0.572536 7.500000 0.000000
vt 0.684944 4.000000 0.000000
vt 0.684944 7.500000 0.000000
vt 0.000000 4.000000 0.000000
vt 0.000000 7.500000 0.000000
vt 0.000000 4.000000 0.000000
vt 0.560406 4.000000 0.000000
vt 0.000000 7.500000 0.000000
vt 0.560406 7.500000 0.000000
vt 4.000000 1.204860 0.000000
vt 7.500000 1.213075 0.000000
vt 4.000000 1.405670 0.000000
vt 7.500000 1.415255 0.000000
vt 3.750000 1.415255 0.000000
vt 3.750000 1.617434 0.000000
vt 0.000000 1.551069 0.000000
vt 0.000000 1.623768 0.000000
vt 4.000000 1.623768 0.000000
vt 7.500000 1.617434 0.000000
vt 7.500000 1.819613 0.000000
vt 7.500000 1.010896 0.000000
vt 4.000000 1.004050 0.000000
vt 7.500000 0.808717 0.000000
vt 4.000000 0.803240 0.000000
vt 7.500000 0.606538 0.000000
vt 4.000000 0.602430 0.000000
vt 7.500000 0.404358 0.000000
vt 4.000000 0.401620 0.000000
vt 7.500000 0.202179 0.000000
vt 4.000000 0.200810 0.000000
vt 7.500000 0.000000 0.000000
vt 4.000000 0.000000 0.000000
vt 4.000000 1.825042 0.000000
vt 7.500000 2.021792 0.000000
vt 4.000000 2.026317 0.000000
vt 7.500000 2.223972 0.000000
vt 4.000000 2.227591 0.000000
vt 7.500000 2.426151 0.000000
vt 4.000000 2.428866 0.000000
vt 7.500000 2.628330 0.000000
vt 4.000000 2.630140 0.000000
vt 7.500000 2.830509 0.000000
vt 4.000000 2.831414 0.000000
vt 7.500000 3.032689 0.000000
vt 4.000000 3.032689 0.000000
vt -0.000000 1.478370 0.000000
vt 0.000000 1.405670 0.000000
vt 2.000354 7.500000 0.000000
vt 0.000000 7.500000 0.000000
vt 2.000354 4.000000 0.000000
vt 0.000000 4.000000 0.000000
vt 18.575273 7.500000 0.000000
vt 0.000000 7.501000 0.000000
vt 18.575273 7.501000 0.000000
vt 1.492368 0.000000 0.000000
vt 1.492368 4.000000 0.000000
vt 0.000000 0.000000 0.000000
vt 0.000000 7.501000 0.000000
vt 1.492368 7.500000 0.000000
vt 1.492368 7.501000 0.000000
vt 0.000000 0.000000 0.000000
vt 16.368075 0.000000 0.000000
vt 0.000000 7.501000 0.000000
vt 16.368075 7.501000 0.000000
vt 0.000000 0.000000 0.000000
vt 1.364604 0.000000 0.000000
vt 0.000000 4.000000 0.000000
vt 1.364604 7.501000 0.000000
vt -0.000000 7.500000 0.000000
vt 0.000000 7.501000 0.000000
vt -8.271308 -0.455308 0.000000
vt 8.096767 -0.455308 0.000000
vt -9.287635 0.455308 0.000000
vt 9.287635 0.444133 0.000000
vt 0.000000 7.500000 0.000000
vt 6.842880 7.500000 0.000000
vt 0.000000 7.501000 0.000000
vt 6.842880 7.501000 0.000000
vt -0.000000 7.500000 0.000000
vt 0.950017 7.500000 0.000000
vt 0.000000 7.501000 0.000000
vt 0.950017 7.501000 0.000000
vt 0.000000 7.500000 0.000000
vt 2.800001 7.500000 0.000000
vt 0.000000 7.501000 0.000000
vt 2.800001 7.501000 0.000000
vt 1.419638 0.000000 0.000000
vt 1.439073 0.000000 0.000000
vt 1.419638 4.000000 0.000000
vt 1.439073 7.500000 0.000000
vt 0.000000 7.501000 0.000000
vt 1.439073 7.501000 0.000000
vt 0.000000 0.000000 0.000000
vt -0.000000 6.961992 0.000000
vt -0.000000 7.187758 0.000000
vt -4.000000 6.961992 0.000000
vt -4.000000 7.187758 0.000000
vt -0.000000 7.413524 0.000000
vt -4.000000 7.413524 0.000000
vt -0.000000 7.639290 0.000000
vt -4.000000 7.639290 0.000000
vt -0.000000 7.865056 0.000000
vt -4.000000 7.865056 0.000000
vt -0.000000 8.090822 0.000000
vt -4.000000 8.090822 0.000000
vt -0.000000 8.316588 0.000000
vt -4.000000 8.316588 0.000000
vt -0.000000 8.542354 0.000000
vt -4.000000 8.542354 0.000000
vt -0.000000 8.768120 0.000000
vt -4.000000 8.768120 0.000000
vt -0.000000 8.993886 0.000000
vt -4.000000 8.993886 0.000000
vt -0.000000 9.219652 0.000000
vt -4.000000 9.219652 0.000000
vt -0.000000 9.445418 0.000000
vt -4.000000 9.445418 0.000000
vt -0.000000 9.671184 0.000000
vt -4.000000 9.671184 0.000000
vt -0.000000 9.896950 0.000000
vt -4.000000 9.896950 0.000000
vt -0.000000 10.122716 0.000000
vt -4.000000 10.122716 0.000000
vt -0.000000 10.348482 0.000000
vt -4.000000 10.348482 0.000000
vt -0.000000 10.574248 0.000000
vt -4.000000 10.574248 0.000000
vt -0.000000 10.800014 0.000000
vt -4.000000 10.800014 0.000000
vt -0.000000 11.025780 0.000000
vt -4.000000 11.025780 0.000000
vt -0.000000 11.251546 0.000000
vt -4.000000 11.251546 0.000000
vt -0.000000 11.477312 0.000000
vt -4.000000 11.477312 0.000000
vt -0.000000 11.703078 0.000000
vt -4.000000 11.703078 0.000000
vt -0.000000 11.928844 0.000000
vt -4.000000 11.928844 0.000000
vt -0.000000 12.154610 0.000000
vt -4.000000 12.154610 0.000000
vt -0.000000 12.380376 0.000000
vt -4.000000 12.380376 0.000000
vt -0.000000 12.606142 0.000000
vt -4.000000 12.606142 0.000000
vt -0.000000 12.831908 0.000000
vt -4.000000 12.831908 0.000000
vt -0.000000 13.057674 0.000000
vt -4.000000 13.057674 0.000000
vt -0.000000 13.283440 0.000000
vt -4.000000 13.283440 0.000000
vt -0.000000 13.509206 0.000000
vt -4.000000 13.509206 0.000000
vt -0.000000 13.734972 0.000000
vt -4.000000 13.734972 0.000000
vt -0.000000 13.960738 0.000000
vt -4.000000 13.960738 0.000000
vt -0.000000 14.186504 0.000000
vt -4.000000 14.186504 0.000000
vt -4.000000 3.425048 0.000000
vt -0.000000 3.425048 0.000000
vt -2.000000 3.534082 0.000000
vt -0.000000 3.534082 0.000000
vt -0.000000 3.643116 0.000000
vt -4.000000 3.643116 0.000000
vt -0.000000 4.662668 0.000000
vt -4.000000 4.662668 0.000000
vt -0.000000 4.643017 0.000000
vt -4.000000 4.643017 0.000000
vt -1.756732 0.042579 0.000000
vt -1.767071 -0.158339 0.000000
vt 1.079448 -0.756488 0.000000
vt -1.771147 -0.730860 0.000000
vt -1.770405 -1.395564 0.000000
vt -1.757466 -1.410353 0.000000
vt 0.221567 -1.460173 0.000000
vt 0.407671 -1.346755 0.000000
vt 0.588296 -1.218313 0.000000
vt -1.648822 -1.515114 0.000000
vt 0.031861 -1.557423 0.000000
vt -1.524898 -1.603151 0.000000
vt -0.159531 -1.637522 0.000000
vt -1.386947 -1.673576 0.000000
vt -0.350677 -1.699663 0.000000
vt -1.236361 -1.725679 0.000000
vt -0.539647 -1.743218 0.000000
vt -1.074660 -1.758933 0.000000
vt -0.724536 -1.767747 0.000000
vt -0.903475 -1.773003 0.000000
vt 0.761619 -1.076144 0.000000
vt 0.925889 -0.921683 0.000000
vt 1.220748 -0.582228 0.000000
vt -0.430216 1.679827 0.000000
vt -0.617749 1.608276 0.000000
vt -0.796838 1.517636 0.000000
vt 1.348360 -0.400662 0.000000
vt -0.037997 1.762786 0.000000
vt -0.236266 1.731517 0.000000
vt 0.162447 1.773298 0.000000
vt 1.460998 -0.213621 0.000000
vt 1.557524 -0.022995 0.000000
vt 1.636964 0.169293 0.000000
vt 0.722853 1.773507 0.000000
vt 1.698516 0.361303 0.000000
vt 1.741559 0.551094 0.000000
vt 1.765658 0.736753 0.000000
vt 1.770570 0.916405 0.000000
vt 1.756246 1.088236 0.000000
vt 1.722830 1.250513 0.000000
vt 1.670659 1.401596 0.000000
vt 1.600260 1.539962 0.000000
vt 1.512343 1.664213 0.000000
vt 1.407797 1.773095 0.000000
vt -0.965546 1.408890 0.000000
vt -1.122049 1.283211 0.000000
vt -1.276231 1.129120 0.000000
vt -1.402273 0.972314 0.000000
vt -1.511309 0.803241 0.000000
vt -1.602155 0.623737 0.000000
vt -1.673824 0.435752 0.000000
vt -1.725537 0.241329 0.000000
vt 4.000000 -3.556909 0.000000
vt 4.000000 -3.334599 0.000000
vt -0.000000 -3.556909 0.000000
vt -0.000000 -3.334599 0.000000
vt 4.000000 -3.112289 0.000000
vt -0.000000 -3.112289 0.000000
vt 4.000000 -2.889980 0.000000
vt -0.000000 -2.889980 0.000000
vt 4.000000 -2.667670 0.000000
vt -0.000000 -2.667670 0.000000
vt 4.000000 -2.445360 0.000000
vt -0.000000 -2.445360 0.000000
vt 4.000000 -2.223051 0.000000
vt -0.000000 -2.223051 0.000000
vt 4.000000 -2.000741 0.000000
vt -0.000000 -2.000741 0.000000
vt 4.000000 -1.778431 0.000000
vt -0.000000 -1.778431 0.000000
vt 4.000000 -1.556121 0.000000
vt -0.000000 -1.556121 0.000000
vt 4.000000 -1.333812 0.000000
vt -0.000000 -1.333812 0.000000
vt 4.000000 -1.111502 0.000000
vt -0.000000 -1.111502 0.000000
vt 4.000000 -0.889192 0.000000
vt -0.000000 -0.889192 0.000000
vt 4.000000 -0.666882 0.000000
vt -0.000000 -0.666882 0.000000
vt 4.000000 -0.555728 0.000000
vt -0.000000 -0.555728 0.000000
vt -0.000000 -0.444573 0.000000
vt 4.000000 -0.444573 0.000000
vt 4.000000 -0.333418 0.000000
vt 4.000000 -0.222263 0.000000
vt -0.000000 -0.222263 0.000000
vt -0.000000 -0.333418 0.000000
vt 4.000000 -0.111108 0.000000
vt -0.000000 -0.111108 0.000000
vt -0.000000 0.000047 0.000000
vt 4.000000 0.000047 0.000000
vt 1.000181 1.250330 0.000000
vt -1.000182 1.249677 0.000000
vt 0.990599 1.005241 0.000000
vt 0.961837 0.762508 0.000000
vt 0.914173 0.524468 0.000000
vt 0.848067 0.293414 0.000000
vt 0.764156 0.071573 0.000000
vt 0.663246 -0.138919 0.000000
vt -2.663602 -0.138916 0.000000
vt -2.546668 -0.336030 0.000000
vt -3.000536 1.250330 0.000000
vt -2.990953 1.005242 0.000000
vt -2.962191 0.762509 0.000000
vt -2.914528 0.524469 0.000000
vt -2.848422 0.293416 0.000000
vt -2.764511 0.071575 0.000000
vt 0.546312 -0.336033 0.000000
vt -2.414836 -0.517867 0.000000
vt 0.414479 -0.517870 0.000000
vt -2.269375 -0.682676 0.000000
vt 0.269018 -0.682679 0.000000
vt -2.111687 -0.828870 0.000000
vt 0.111329 -0.828873 0.000000
vt -1.943290 -0.955039 0.000000
vt -0.057068 -0.955042 0.000000
vt -1.765808 -1.059968 0.000000
vt -0.234551 -1.059971 0.000000
vt -1.580950 -1.142647 0.000000
vt -0.419410 -1.142649 0.000000
vt -1.486309 -1.175385 0.000000
vt -0.514051 -1.175386 0.000000
vt -1.390497 -1.202278 0.000000
vt -0.609863 -1.202280 0.000000
vt -1.293744 -1.223263 0.000000
vt -0.706617 -1.223264 0.000000
vt -1.196283 -1.238288 0.000000
vt -0.804077 -1.238289 0.000000
vt -1.098350 -1.247318 0.000000
vt -0.902011 -1.247318 0.000000
vt -1.000181 -1.250330 0.000000
vt -0.000000 7.500000 0.000000
vt -2.000363 7.500000 0.000000
vt -0.000000 4.000000 0.000000
vt -2.000363 4.000000 0.000000
vt -6.843168 0.000000 0.000000
vt -6.842880 0.000000 0.000000
vt -6.843168 4.000000 0.000000
vt -6.842880 7.500000 0.000000
vt -7.507872 7.500000 0.000000
vt -7.507872 4.000000 0.000000
vt -0.572536 4.000000 0.000000
vt -0.000000 4.000000 0.000000
vt -0.572536 7.500000 0.000000
vt -0.000000 7.500000 0.000000
vt -0.684944 4.000000 0.000000
vt -0.000000 4.000000 0.000000
vt -0.684944 7.500000 0.000000
vt -0.000000 7.500000 0.000000
vt -0.560406 4.000000 0.000000
vt -0.000000 4.000000 0.000000
vt -0.560406 7.500000 0.000000
vt -0.000000 7.500000 0.000000
vt -4.000000 0.000000 0.000000
vt -4.000000 0.200810 0.000000
vt -7.500000 0.000000 0.000000
vt -7.500000 0.202179 0.000000
vt -4.000000 0.401620 0.000000
vt -7.500000 0.404358 0.000000
vt -4.000000 0.602430 0.000000
vt -7.500000 0.606538 0.000000
vt -4.000000 0.803240 0.000000
vt -7.500000 0.808717 0.000000
vt -4.000000 1.004050 0.000000
vt -7.500000 1.010896 0.000000
vt -4.000000 1.204860 0.000000
vt -7.500000 1.213075 0.000000
vt -4.000000 1.405670 0.000000
vt -7.500000 1.415255 0.000000
vt -3.750000 1.415255 0.000000
vt -7.500000 1.617434 0.000000
vt -3.750000 1.617434 0.000000
vt -4.000000 1.623768 0.000000
vt -0.000000 1.623768 0.000000
vt -0.000000 1.551069 0.000000
vt 0.000000 1.478370 0.000000
vt -0.000000 1.405670 0.000000
vt -7.500000 1.819613 0.000000
vt -4.000000 1.825042 0.000000
vt -7.500000 2.021792 0.000000
vt -4.000000 2.026317 0.000000
vt -7.500000 2.223972 0.000000
vt -4.000000 2.227591 0.000000
vt -7.500000 2.426151 0.000000
vt -4.000000 2.428866 0.000000
vt -7.500000 2.628330 0.000000
vt -4.000000 2.630140 0.000000
vt -7.500000 2.830509 0.000000
vt -4.000000 2.831414 0.000000
vt -7.500000 3.032689 0.000000
vt -4.000000 3.032689 0.000000
vt -25.150000 0.000000 0.000000
vt -0.000000 0.000000 0.000000
vt -25.150000 7.500000 0.000000
vt -0.000000 7.500000 0.000000
vt 25.150000 0.000000 0.000000
vt 25.150000 7.500000 0.000000
vt -18.575273 7.500000 0.000000
vt -0.000000 7.500000 0.000000
vt -18.575273 7.501000 0.000000
vt -0.000000 7.501000 0.000000
vt -1.492368 0.000000 0.000000
vt -0.000000 0.000000 0.000000
vt -1.492368 4.000000 0.000000
vt -0.000000 7.501000 0.000000
vt -1.492368 7.500000 0.000000
vt -1.492368 7.501000 0.000000
vt -16.368075 0.000000 0.000000
vt -0.000000 0.000000 0.000000
vt -16.368075 7.501000 0.000000
vt -0.000000 7.501000 0.000000
vt -0.000000 0.000000 0.000000
vt -0.000000 4.000000 0.000000
vt -1.364604 0.000000 0.000000
vt -1.364604 7.501000 0.000000
vt 0.000000 7.500000 0.000000
vt -0.000000 7.501000 0.000000
vt 8.271308 -0.455308 0.000000
vt 9.287635 0.455308 0.000000
vt -8.096767 -0.455308 0.000000
vt -9.287635 0.444133 0.000000
vt -6.842880 7.500000 0.000000
vt -0.000000 7.500000 0.000000
vt -6.842880 7.501000 0.000000
vt -0.000000 7.501000 0.000000
vt -0.950017 7.500000 0.000000
vt 0.000000 7.500000 0.000000
vt -0.950017 7.501000 0.000000
vt -0.000000 7.501000 0.000000
vt -2.800001 7.500000 0.000000
vt -0.000000 7.500000 0.000000
vt -2.800001 7.501000 0.000000
vt -0.000000 7.501000 0.000000
vt -1.419638 0.000000 0.000000
vt -1.419638 4.000000 0.000000
vt -1.439073 0.000000 0.000000
vt -1.439073 7.500000 0.000000
vt -0.000000 7.501000 0.000000
vt -1.439073 7.501000 0.000000
vt -0.000000 0.000000 0.000000
vt 4.000000 6.961992 0.000000
vt 4.000000 7.187758 0.000000
vt -0.000000 6.961992 0.000000
vt -0.000000 7.187758 0.000000
vt 4.000000 7.413524 0.000000
vt -0.000000 7.413524 0.000000
vt 4.000000 7.639290 0.000000
vt -0.000000 7.639290 0.000000
vt 4.000000 7.865056 0.000000
vt -0.000000 7.865056 0.000000
vt 4.000000 8.090822 0.000000
vt -0.000000 8.090822 0.000000
vt 4.000000 8.316588 0.000000
vt -0.000000 8.316588 0.000000
vt 4.000000 8.542354 0.000000
vt -0.000000 8.542354 0.000000
vt 4.000000 8.768120 0.000000
vt -0.000000 8.768120 0.000000
vt 4.000000 8.993886 0.000000
vt -0.000000 8.993886 0.000000
vt 4.000000 9.219652 0.000000
vt -0.000000 9.219652 0.000000
vt 4.000000 9.445418 0.000000
vt 0.000000 9.445418 0.000000
vt 4.000000 9.671184 0.000000
vt -0.000000 9.671184 0.000000
vt 4.000000 9.896950 0.000000
vt -0.000000 9.896950 0.000000
vt 4.000000 10.122716 0.000000
vt 0.000000 10.122716 0.000000
vt 4.000000 10.348482 0.000000
vt -0.000000 10.348482 0.000000
vt 4.000000 10.574248 0.000000
vt -0.000000 10.574248 0.000000
vt 4.000000 10.800014 0.000000
vt -0.000000 10.800014 0.000000
vt 4.000000 11.025780 0.000000
vt 0.000000 11.025780 0.000000
vt 4.000000 11.251546 0.000000
vt -0.000000 11.251546 0.000000
vt 4.000000 11.477312 0.000000
vt 0.000000 11.477312 0.000000
vt 4.000000 11.703078 0.000000
vt 0.000000 11.703078 0.000000
vt 4.000000 11.928844 0.000000
vt -0.000000 11.928844 0.000000
vt 4.000000 12.154610 0.000000
vt -0.000000 12.154610 0.000000
vt 4.000000 12.380376 0.000000
vt -0.000000 12.380376 0.000000
vt 4.000000 12.606142 0.000000
vt -0.000000 12.606142 0.000000
vt 4.000000 12.831908 0.000000
vt -0.000000 12.831908 0.000000
vt 4.000000 13.057674 0.000000
vt -0.000000 13.057674 0.000000
vt 4.000000 13.283440 0.000000
vt -0.000000 13.283440 0.000000
vt 4.000000 13.509206 0.000000
vt -0.000000 13.509206 0.000000
vt 4.000000 13.734972 0.000000
vt -0.000000 13.734972 0.000000
vt 4.000000 13.960738 0.000000
vt -0.000000 13.960738 0.000000
vt 4.000000 14.186504 0.000000
vt -0.000000 14.186504 0.000000
vt 4.000000 3.643116 0.000000
vt -0.000000 3.643116 0.000000
vt 2.000000 3.534082 0.000000
vt -0.000000 3.534082 0.000000
vt -0.000000 3.425048 0.000000
vt 4.000000 3.425048 0.000000
vt 4.000000 4.662668 0.000000
vt -0.000000 4.662668 0.000000
vt 4.000000 4.643017 0.000000
vt -0.000000 4.643017 0.000000
vt 1.770405 -1.395564 0.000000
vt 1.771147 -0.730860 0.000000
vt -1.079448 -0.756488 0.000000
vt 1.767071 -0.158339 0.000000
vt 1.756732 0.042579 0.000000
vt 1.725537 0.241329 0.000000
vt 1.673824 0.435752 0.000000
vt 1.602155 0.623737 0.000000
vt 1.511309 0.803241 0.000000
vt 1.402273 0.972314 0.000000
vt 1.276231 1.129120 0.000000
vt 1.122049 1.283211 0.000000
vt 0.965546 1.408890 0.000000
vt 0.796838 1.517636 0.000000
vt 0.617749 1.608276 0.000000
vt 0.430216 1.679827 0.000000
vt -1.220748 -0.582228 0.000000
vt 0.236266 1.731517 0.000000
vt 0.037997 1.762786 0.000000
vt -1.348360 -0.400662 0.000000
vt -0.162447 1.773298 0.000000
vt -1.460998 -0.213621 0.000000
vt -1.557524 -0.022995 0.000000
vt -1.636964 0.169293 0.000000
vt -0.722853 1.773507 0.000000
vt -1.698516 0.361303 0.000000
vt -1.741559 0.551094 0.000000
vt -1.765658 0.736753 0.000000
vt -1.770570 0.916405 0.000000
vt -1.756246 1.088236 0.000000
vt -1.722830 1.250513 0.000000
vt -1.670659 1.401596 0.000000
vt -1.600260 1.539962 0.000000
vt -1.512343 1.664213 0.000000
vt -1.407797 1.773095 0.000000
vt -0.925889 -0.921683 0.000000
vt -0.761619 -1.076144 0.000000
vt -0.588296 -1.218313 0.000000
vt -0.407671 -1.346755 0.000000
vt -0.221567 -1.460173 0.000000
vt 1.757466 -1.410353 0.000000
vt 1.648822 -1.515114 0.000000
vt -0.031861 -1.557423 0.000000
vt 1.524898 -1.603151 0.000000
vt 0.159531 -1.637522 0.000000
vt 1.386947 -1.673576 0.000000
vt 0.350677 -1.699663 0.000000
vt 1.236361 -1.725679 0.000000
vt 0.539647 -1.743218 0.000000
vt 1.074660 -1.758933 0.000000
vt 0.724536 -1.767747 0.000000
vt 0.903475 -1.773003 0.000000
vt 4.000000 0.000039 0.000000
vt -0.000000 0.000039 0.000000
vt 4.000000 -0.111116 0.000000
vt -0.000000 -0.111116 0.000000
vt -0.000000 -0.222271 0.000000
vt -0.000000 -0.333425 0.000000
vt 4.000000 -0.333425 0.000000
vt 4.000000 -0.222271 0.000000
vt -0.000000 -0.444580 0.000000
vt 4.000000 -0.444580 0.000000
vt 4.000000 -0.555735 0.000000
vt -0.000000 -0.555735 0.000000
vt -0.000000 -0.666889 0.000000
vt 4.000000 -0.666889 0.000000
vt -0.000000 -0.889199 0.000000
vt 4.000000 -0.889199 0.000000
vt -0.000000 -1.111508 0.000000
vt 4.000000 -1.111508 0.000000
vt -0.000000 -1.333817 0.000000
vt 4.000000 -1.333817 0.000000
vt -0.000000 -1.556127 0.000000
vt 4.000000 -1.556127 0.000000
vt -0.000000 -1.778436 0.000000
vt 4.000000 -1.778436 0.000000
vt -0.000000 -2.000745 0.000000
vt 4.000000 -2.000745 0.000000
vt -0.000000 -2.223054 0.000000
vt 4.000000 -2.223054 0.000000
vt -0.000000 -2.445364 0.000000
vt 4.000000 -2.445364 0.000000
vt -0.000000 -2.667673 0.000000
vt 4.000000 -2.667673 0.000000
vt -0.000000 -2.889982 0.000000
vt 4.000000 -2.889982 0.000000
vt -0.000000 -3.112292 0.000000
vt 4.000000 -3.112292 0.000000
vt -0.000000 -3.334601 0.000000
vt 4.000000 -3.334601 0.000000
vt -0.000000 -3.556910 0.000000
vt 4.000000 -3.556910 0.000000
vt -6.843168 0.000000 0.000000
vt -6.842880 0.000000 0.000000
vt -6.843168 4.000000 0.000000
vt -6.842880 7.500000 0.000000
vt -7.507872 7.500000 0.000000
vt -7.507872 4.000000 0.000000
vt -0.572536 4.000000 0.000000
vt -0.000000 4.000000 0.000000
vt -0.572536 7.500000 0.000000
vt -0.000000 7.500000 0.000000
vt -0.684944 4.000000 0.000000
vt -0.000000 4.000000 0.000000
vt -0.684944 7.500000 0.000000
vt -0.000000 7.500000 0.000000
vt -0.560406 4.000000 0.000000
vt -0.000000 4.000000 0.000000
vt -0.560406 7.500000 0.000000
vt -0.000000 7.500000 0.000000
vt -4.000000 0.000000 0.000000
vt -4.000000 0.200810 0.000000
vt -7.500000 0.000000 0.000000
vt -7.500000 0.202179 0.000000
vt -4.000000 0.401620 0.000000
vt -7.500000 0.404358 0.000000
vt -4.000000 0.602430 0.000000
vt -7.500000 0.606538 0.000000
vt -4.000000 0.803240 0.000000
vt -7.500000 0.808717 0.000000
vt -4.000000 1.004050 0.000000
vt -7.500000 1.010896 0.000000
vt -4.000000 1.204860 0.000000
vt -7.500000 1.213075 0.000000
vt -4.000000 1.405670 0.000000
vt -7.500000 1.415255 0.000000
vt -3.750000 1.415255 0.000000
vt -7.500000 1.617434 0.000000
vt -3.750000 1.617434 0.000000
vt -4.000000 1.623768 0.000000
vt -0.000000 1.623768 0.000000
vt -0.000000 1.551069 0.000000
vt 0.000000 1.478370 0.000000
vt -0.000000 1.405670 0.000000
vt -7.500000 1.819613 0.000000
vt -4.000000 1.825042 0.000000
vt -7.500000 2.021792 0.000000
vt -4.000000 2.026317 0.000000
vt -7.500000 2.223972 0.000000
vt -4.000000 2.227591 0.000000
vt -7.500000 2.426151 0.000000
vt -4.000000 2.428866 0.000000
vt -7.500000 2.628330 0.000000
vt -4.000000 2.630140 0.000000
vt -7.500000 2.830509 0.000000
vt -4.000000 2.831414 0.000000
vt -7.500000 3.032689 0.000000
vt -4.000000 3.032689 0.000000
vt -30.300000 0.000000 0.000000
vt -0.000000 0.000000 0.000000
vt -30.300000 7.500000 0.000000
vt -0.000000 7.500000 0.000000
vt -2.000354 4.000000 0.000000
vt -0.000000 4.000000 0.000000
vt -2.000354 7.500000 0.000000
vt -0.000000 7.500000 0.000000
vt -18.575273 7.500000 0.000000
vt -0.000000 7.500000 0.000000
vt -18.575273 7.501000 0.000000
vt -0.000000 7.501000 0.000000
vt -1.492368 0.000000 0.000000
vt -0.000000 0.000000 0.000000
vt -1.492368 4.000000 0.000000
vt -0.000000 7.501000 0.000000
vt -1.492368 7.500000 0.000000
vt -1.492368 7.501000 0.000000
vt -16.368075 0.000000 0.000000
vt -0.000000 0.000000 0.000000
vt -16.368075 7.501000 0.000000
vt -0.000000 7.501000 0.000000
vt -0.000000 0.000000 0.000000
vt -0.000000 4.000000 0.000000
vt -1.364604 0.000000 0.000000
vt -1.364604 7.501000 0.000000
vt 0.000000 7.500000 0.000000
vt -0.000000 7.501000 0.000000
vt 8.271308 -0.455308 0.000000
vt 9.287635 0.455308 0.000000
vt -8.096767 -0.455308 0.000000
vt -9.287635 0.444133 0.000000
vt -6.842880 7.500000 0.000000
vt -0.000000 7.500000 0.000000
vt -6.842880 7.501000 0.000000
vt -0.000000 7.501000 0.000000
vt -0.950017 7.500000 0.000000
vt 0.000000 7.500000 0.000000
vt -0.950017 7.501000 0.000000
vt -0.000000 7.501000 0.000000
vt -2.800001 7.500000 0.000000
vt -0.000000 7.500000 0.000000
vt -2.800001 7.501000 0.000000
vt -0.000000 7.501000 0.000000
vt -1.419638 0.000000 0.000000
vt -1.419638 4.000000 0.000000
vt -1.439073 0.000000 0.000000
vt -1.439073 7.500000 0.000000
vt -0.000000 7.501000 0.000000
vt -1.439073 7.501000 0.000000
vt -0.000000 0.000000 0.000000
vt -9.519092 0.000000 0.000000
vt 9.519092 0.000000 0.000000
vt -9.519092 7.501000 0.000000
vt 9.519092 7.501000 0.000000
vt 0.471461 -2.496446 0.000000
vt -0.479031 4.222645 0.000000
vt 0.471557 -5.296446 0.000000
vt -0.479031 -14.815538 0.000000
vt 0.471461 -8.096447 0.000000
vt 0.471393 -9.046464 0.000000
vt 0.479031 -15.889340 0.000000
vt 0.471393 -1.546429 0.000000
vt 0.479031 5.296447 0.000000
vt 4.000000 6.961992 0.000000
vt 4.000000 7.187758 0.000000
vt -0.000000 6.961992 0.000000
vt -0.000000 7.187758 0.000000
vt 4.000000 7.413524 0.000000
vt -0.000000 7.413524 0.000000
vt 4.000000 7.639290 0.000000
vt -0.000000 7.639290 0.000000
vt 4.000000 7.865056 0.000000
vt -0.000000 7.865056 0.000000
vt 4.000000 8.090822 0.000000
vt -0.000000 8.090822 0.000000
vt 4.000000 8.316588 0.000000
vt -0.000000 8.316588 0.000000
vt 4.000000 8.542354 0.000000
vt -0.000000 8.542354 0.000000
vt 4.000000 8.768120 0.000000
vt -0.000000 8.768120 0.000000
vt 4.000000 8.993886 0.000000
vt -0.000000 8.993886 0.000000
vt 4.000000 9.219652 0.000000
vt -0.000000 9.219652 0.000000
vt 4.000000 9.445418 0.000000
vt -0.000000 9.445418 0.000000
vt 4.000000 9.671184 0.000000
vt -0.000000 9.671184 0.000000
vt 4.000000 9.896950 0.000000
vt -0.000000 9.896950 0.000000
vt 4.000000 10.122716 0.000000
vt -0.000000 10.122716 0.000000
vt 4.000000 10.348482 0.000000
vt -0.000000 10.348482 0.000000
vt 4.000000 10.574248 0.000000
vt -0.000000 10.574248 0.000000
vt 4.000000 10.800014 0.000000
vt -0.000000 10.800014 0.000000
vt 4.000000 11.025780 0.000000
vt -0.000000 11.025780 0.000000
vt 4.000000 11.251546 0.000000
vt -0.000000 11.251546 0.000000
vt 4.000000 11.477312 0.000000
vt -0.000000 11.477312 0.000000
vt 4.000000 11.703078 0.000000
vt -0.000000 11.703078 0.000000
vt 4.000000 11.928844 0.000000
vt -0.000000 11.928844 0.000000
vt 4.000000 12.154610 0.000000
vt 0.000000 12.154610 0.000000
vt 4.000000 12.380376 0.000000
vt 0.000000 12.380376 0.000000
vt 4.000000 12.606142 0.000000
vt -0.000000 12.606142 0.000000
vt 4.000000 12.831908 0.000000
vt -0.000000 12.831908 0.000000
vt 4.000000 13.057674 0.000000
vt 0.000000 13.057674 0.000000
vt 4.000000 13.283440 0.000000
vt 0.000000 13.283440 0.000000
vt 4.000000 13.509206 0.000000
vt -0.000000 13.509206 0.000000
vt 4.000000 13.734972 0.000000
vt -0.000000 13.734972 0.000000
vt 4.000000 13.960738 0.000000
vt 0.000000 13.960738 0.000000
vt 4.000000 14.186504 0.000000
vt -0.000000 14.186504 0.000000
vt 4.000000 3.643116 0.000000
vt -0.000000 3.643116 0.000000
vt 2.000000 3.534082 0.000000
vt -0.000000 3.534082 0.000000
vt -0.000000 3.425048 0.000000
vt 4.000000 3.425048 0.000000
vt 4.000000 4.662668 0.000000
vt -0.000000 4.662668 0.000000
vt 4.000000 4.643017 0.000000
vt -0.000000 4.643017 0.000000
vt 1.770405 -1.395564 0.000000
vt 1.771147 -0.730860 0.000000
vt -1.079448 -0.756488 0.000000
vt 1.767071 -0.158339 0.000000
vt 1.756732 0.042579 0.000000
vt 1.725537 0.241329 0.000000
vt 1.673824 0.435752 0.000000
vt 1.602155 0.623737 0.000000
vt 1.511309 0.803241 0.000000
vt 1.402273 0.972314 0.000000
vt 1.276231 1.129120 0.000000
vt 1.122049 1.283211 0.000000
vt 0.965546 1.408890 0.000000
vt 0.796838 1.517636 0.000000
vt 0.617749 1.608276 0.000000
vt 0.430216 1.679827 0.000000
vt -1.220748 -0.582228 0.000000
vt 0.236266 1.731517 0.000000
vt 0.037997 1.762786 0.000000
vt -1.348360 -0.400662 0.000000
vt -0.162447 1.773298 0.000000
vt -1.460998 -0.213621 0.000000
vt -1.557524 -0.022995 0.000000
vt -1.636964 0.169293 0.000000
vt -0.722853 1.773507 0.000000
vt -1.698516 0.361303 0.000000
vt -1.741559 0.551094 0.000000
vt -1.765658 0.736753 0.000000
vt -1.770570 0.916405 0.000000
vt -1.756246 1.088236 0.000000
vt -1.722830 1.250513 0.000000
vt -1.670659 1.401596 0.000000
vt -1.600260 1.539962 0.000000
vt -1.512343 1.664213 0.000000
vt -1.407797 1.773095 0.000000
vt -0.925889 -0.921683 0.000000
vt -0.761619 -1.076144 0.000000
vt -0.588296 -1.218313 0.000000
vt -0.407671 -1.346755 0.000000
vt -0.221567 -1.460173 0.000000
vt 1.757466 -1.410353 0.000000
vt 1.648822 -1.515114 0.000000
vt -0.031861 -1.557423 0.000000
vt 1.524898 -1.603151 0.000000
vt 0.159531 -1.637522 0.000000
vt 1.386947 -1.673576 0.000000
vt 0.350677 -1.699663 0.000000
vt 1.236361 -1.725679 0.000000
vt 0.539647 -1.743218 0.000000
vt 1.074660 -1.758933 0.000000
vt 0.724536 -1.767747 0.000000
vt 0.903475 -1.773003 0.000000
vt -0.000000 0.000047 0.000000
vt -4.000000 0.000047 0.000000
vt -0.000000 -0.111108 0.000000
vt -4.000000 -0.111108 0.000000
vt -4.000000 -0.222263 0.000000
vt -4.000000 -0.333418 0.000000
vt -0.000000 -0.333418 0.000000
vt -0.000000 -0.222263 0.000000
vt -4.000000 -0.444573 0.000000
vt -0.000000 -0.444573 0.000000
vt -0.000000 -0.555728 0.000000
vt -4.000000 -0.555728 0.000000
vt -4.000000 -0.666882 0.000000
vt -0.000000 -0.666882 0.000000
vt -4.000000 -0.889192 0.000000
vt -0.000000 -0.889192 0.000000
vt -4.000000 -1.111502 0.000000
vt -0.000000 -1.111502 0.000000
vt -4.000000 -1.333812 0.000000
vt -0.000000 -1.333812 0.000000
vt -4.000000 -1.556121 0.000000
vt -0.000000 -1.556121 0.000000
vt -4.000000 -1.778431 0.000000
vt -0.000000 -1.778431 0.000000
vt -4.000000 -2.000741 0.000000
vt -0.000000 -2.000741 0.000000
vt -4.000000 -2.223051 0.000000
vt -0.000000 -2.223051 0.000000
vt -4.000000 -2.445360 0.000000
vt -0.000000 -2.445360 0.000000
vt -4.000000 -2.667670 0.000000
vt -0.000000 -2.667670 0.000000
vt -4.000000 -2.889980 0.000000
vt -0.000000 -2.889980 0.000000
vt -4.000000 -3.112289 0.000000
vt -0.000000 -3.112289 0.000000
vt -4.000000 -3.334599 0.000000
vt -0.000000 -3.334599 0.000000
vt -4.000000 -3.556909 0.000000
vt -0.000000 -3.556909 0.000000
vt -1.000181 1.250330 0.000000
vt -0.990599 1.005241 0.000000
vt 1.000182 1.249677 0.000000
vt -0.961837 0.762508 0.000000
vt -0.914173 0.524468 0.000000
vt -0.848067 0.293414 0.000000
vt -0.764156 0.071573 0.000000
vt -0.663246 -0.138919 0.000000
vt -0.546312 -0.336033 0.000000
vt 2.546668 -0.336030 0.000000
vt 2.663602 -0.138916 0.000000
vt 2.764511 0.071575 0.000000
vt 2.848422 0.293416 0.000000
vt 2.414836 -0.517867 0.000000
vt -0.414479 -0.517870 0.000000
vt 2.269375 -0.682676 0.000000
vt -0.269018 -0.682679 0.000000
vt 2.111687 -0.828870 0.000000
vt -0.111329 -0.828873 0.000000
vt 1.943290 -0.955039 0.000000
vt 0.057068 -0.955042 0.000000
vt 1.765808 -1.059968 0.000000
vt 0.234551 -1.059971 0.000000
vt 1.580950 -1.142647 0.000000
vt 0.419410 -1.142649 0.000000
vt 1.486309 -1.175385 0.000000
vt 0.514051 -1.175386 0.000000
vt 1.390497 -1.202278 0.000000
vt 0.609863 -1.202280 0.000000
vt 1.293744 -1.223263 0.000000
vt 0.706617 -1.223264 0.000000
vt 1.196283 -1.238288 0.000000
vt 0.804077 -1.238289 0.000000
vt 1.098350 -1.247318 0.000000
vt 0.902011 -1.247318 0.000000
vt 1.000181 -1.250330 0.000000
vt 2.914528 0.524469 0.000000
vt 2.962191 0.762509 0.000000
vt 2.990953 1.005242 0.000000
vt 3.000536 1.250330 0.000000
vt 2.000363 7.500000 0.000000
vt 0.000000 7.500000 0.000000
vt 2.000363 4.000000 0.000000
vt 0.000000 4.000000 0.000000
vt 37.724998 7.575000 0.000000
vt 36.321354 -7.575000 0.000000
vt 37.724998 -22.725000 0.000000
vt 36.321258 -10.375001 0.000000
vt 36.321190 -11.325018 0.000000
vt 12.574997 7.575000 0.000000
vt 33.150626 6.186840 0.000000
vt 33.835570 6.187252 0.000000
vt 34.395976 6.187042 0.000000
vt -12.575002 7.575000 0.000000
vt -8.000630 6.186840 0.000000
vt 10.574639 6.175664 0.000000
vt 12.575002 6.175011 0.000000
vt -12.575002 -22.725000 0.000000
vt -11.171359 -7.575000 0.000000
vt -11.171263 -4.774999 0.000000
vt -11.171194 -3.824982 0.000000
vt 12.574997 -22.725000 0.000000
vt -8.000630 -21.336840 0.000000
vt -8.685574 -21.337252 0.000000
vt -9.245980 -21.337042 0.000000
vt 33.150626 -21.336840 0.000000
vt 14.575356 -21.325664 0.000000
vt 12.575002 -21.325011 0.000000
vt 36.328828 -18.167893 0.000000
vt 36.329570 -18.832884 0.000000
vt 36.325494 -19.405406 0.000000
vt 36.315061 -19.607223 0.000000
vt 36.283585 -19.806844 0.000000
vt 36.231411 -20.002080 0.000000
vt 36.159111 -20.190790 0.000000
vt 36.067477 -20.370908 0.000000
vt 35.957513 -20.540457 0.000000
vt 35.830426 -20.697581 0.000000
vt 35.687607 -20.840556 0.000000
vt 35.530623 -20.967816 0.000000
vt 35.361194 -21.077966 0.000000
vt 35.181177 -21.169797 0.000000
vt 34.992546 -21.242305 0.000000
vt 34.797368 -21.294693 0.000000
vt 34.597782 -21.326388 0.000000
vt 34.395976 -21.337042 0.000000
vt 33.835570 -21.337252 0.000000
vt 10.574639 -21.325664 0.000000
vt -9.447786 -21.326388 0.000000
vt -9.647372 -21.294693 0.000000
vt -9.842550 -21.242305 0.000000
vt -10.031182 -21.169797 0.000000
vt -10.211198 -21.077966 0.000000
vt -10.380627 -20.967816 0.000000
vt -10.537611 -20.840556 0.000000
vt -10.680430 -20.697581 0.000000
vt -10.807518 -20.540457 0.000000
vt -10.917481 -20.370908 0.000000
vt -11.009115 -20.190790 0.000000
vt -11.081416 -20.002080 0.000000
vt -11.133590 -19.806844 0.000000
vt -11.165066 -19.607223 0.000000
vt -11.175498 -19.405406 0.000000
vt -11.179574 -18.832884 0.000000
vt -11.178832 -18.167893 0.000000
vt -11.171194 -11.325018 0.000000
vt -11.171263 -10.375001 0.000000
vt -11.178832 3.017893 0.000000
vt -11.179574 3.682885 0.000000
vt -11.175498 4.255406 0.000000
vt -11.165066 4.457223 0.000000
vt -11.133590 4.656844 0.000000
vt -11.081416 4.852080 0.000000
vt -11.009115 5.040790 0.000000
vt -10.917481 5.220908 0.000000
vt -10.807518 5.390457 0.000000
vt -10.680430 5.547581 0.000000
vt -10.537611 5.690556 0.000000
vt -10.380627 5.817816 0.000000
vt -10.211198 5.927966 0.000000
vt -10.031182 6.019797 0.000000
vt -9.842550 6.092305 0.000000
vt -9.647372 6.144693 0.000000
vt -9.447786 6.176388 0.000000
vt -9.245980 6.187042 0.000000
vt -8.685574 6.187252 0.000000
vt 14.575356 6.175664 0.000000
vt 34.597782 6.176388 0.000000
vt 34.797368 6.144693 0.000000
vt 34.992546 6.092305 0.000000
vt 35.181177 6.019797 0.000000
vt 35.361194 5.927966 0.000000
vt 35.530623 5.817816 0.000000
vt 35.687607 5.690556 0.000000
vt 35.830426 5.547581 0.000000
vt 35.957513 5.390457 0.000000
vt 36.067477 5.220908 0.000000
vt 36.159111 5.040790 0.000000
vt 36.231411 4.852080 0.000000
vt 36.283585 4.656844 0.000000
vt 36.315061 4.457223 0.000000
vt 36.325494 4.255406 0.000000
vt 36.329570 3.682885 0.000000
vt 36.328828 3.017893 0.000000
vt 36.321190 -3.824982 0.000000
vt 36.321258 -4.774999 0.000000
vt 6.843168 0.000000 0.000000
vt 6.843168 4.000000 0.000000
vt 6.842880 0.000000 0.000000
vt 6.842880 7.500000 0.000000
vt 7.507872 7.500000 0.000000
vt 7.507872 4.000000 0.000000
vt 0.000000 4.000000 0.000000
vt 0.572536 4.000000 0.000000
vt 0.000000 7.500000 0.000000
vt 0.572536 7.500000 0.000000
vt 0.684944 4.000000 0.000000
vt 0.684944 7.500000 0.000000
vt 0.000000 4.000000 0.000000
vt 0.000000 7.500000 0.000000
vt 0.000000 4.000000 0.000000
vt 0.560406 4.000000 0.000000
vt 0.000000 7.500000 0.000000
vt 0.560406 7.500000 0.000000
vt 4.000000 1.204860 0.000000
vt 7.500000 1.213075 0.000000
vt 4.000000 1.405670 0.000000
vt 7.500000 1.415255 0.000000
vt 3.750000 1.415255 0.000000
vt 3.750000 1.617434 0.000000
vt 0.000000 1.551069 0.000000
vt 0.000000 1.623768 0.000000
vt 4.000000 1.623768 0.000000
vt 7.500000 1.617434 0.000000
vt 7.500000 1.819613 0.000000
vt 7.500000 1.010896 0.000000
vt 4.000000 1.004050 0.000000
vt 7.500000 0.808717 0.000000
vt 4.000000 0.803240 0.000000
vt 7.500000 0.606538 0.000000
vt 4.000000 0.602430 0.000000
vt 7.500000 0.404358 0.000000
vt 4.000000 0.401620 0.000000
vt 7.500000 0.202179 0.000000
vt 4.000000 0.200810 0.000000
vt 7.500000 0.000000 0.000000
vt 4.000000 0.000000 0.000000
vt 4.000000 1.825042 0.000000
vt 7.500000 2.021792 0.000000
vt 4.000000 2.026317 0.000000
vt 7.500000 2.223972 0.000000
vt 4.000000 2.227591 0.000000
vt 7.500000 2.426151 0.000000
vt 4.000000 2.428866 0.000000
vt 7.500000 2.628330 0.000000
vt 4.000000 2.630140 0.000000
vt 7.500000 2.830509 0.000000
vt 4.000000 2.831414 0.000000
vt 7.500000 3.032689 0.000000
vt 4.000000 3.032689 0.000000
vt -0.000000 1.478370 0.000000
vt 0.000000 1.405670 0.000000
vt 0.000000 0.000000 0.000000
vt 30.300000 0.000000 0.000000
vt 0.000000 7.500000 0.000000
vt 30.300000 7.500000 0.000000
vt 25.150000 0.000000 0.000000
vt -0.000000 7.500000 0.000000
vt -0.000000 0.000000 0.000000
vt -25.150000 7.500000 0.000000
vt -25.150000 0.000000 0.000000
vt 25.150000 7.500000 0.000000
vt 0.000000 7.500000 0.000000
vt 18.575273 7.500000 0.000000
vt 0.000000 7.501000 0.000000
vt 18.575273 7.501000 0.000000
vt 1.492368 0.000000 0.000000
vt 1.492368 4.000000 0.000000
vt 0.000000 0.000000 0.000000
vt 0.000000 7.501000 0.000000
vt 1.492368 7.500000 0.000000
vt 1.492368 7.501000 0.000000
vt 0.000000 0.000000 0.000000
vt 16.368075 0.000000 0.000000
vt 0.000000 7.501000 0.000000
vt 16.368075 7.501000 0.000000
vt 0.000000 0.000000 0.000000
vt 1.364604 0.000000 0.000000
vt 0.000000 4.000000 0.000000
vt 1.364604 7.501000 0.000000
vt -0.000000 7.500000 0.000000
vt 0.000000 7.501000 0.000000
vt -8.271308 -0.455308 0.000000
vt 8.096767 -0.455308 0.000000
vt -9.287635 0.455308 0.000000
vt 9.287635 0.444133 0.000000
vt 0.000000 7.500000 0.000000
vt 6.842880 7.500000 0.000000
vt 0.000000 7.501000 0.000000
vt 6.842880 7.501000 0.000000
vt -0.000000 7.500000 0.000000
vt 0.950017 7.500000 0.000000
vt -0.000000 7.501000 0.000000
vt 0.950017 7.501000 0.000000
vt -0.000000 7.500000 0.000000
vt 2.800001 7.500000 0.000000
vt -0.000000 7.501000 0.000000
vt 2.800001 7.501000 0.000000
vt 1.419638 0.000000 0.000000
vt 1.439073 0.000000 0.000000
vt 1.419638 4.000000 0.000000
vt 1.439073 7.500000 0.000000
vt 0.000000 7.501000 0.000000
vt 1.439073 7.501000 0.000000
vt 0.000000 0.000000 0.000000
vt -9.519092 0.000000 0.000000
vt 9.519092 0.000000 0.000000
vt -9.519092 7.501000 0.000000
vt 9.519092 7.501000 0.000000
vt -0.471393 -1.546429 0.000000
vt -0.471461 -2.496446 0.000000
vt 0.479031 4.222645 0.000000
vt -0.471557 -5.296446 0.000000
vt 0.479031 -14.815538 0.000000
vt -0.471461 -8.096447 0.000000
vt -0.471393 -9.046464 0.000000
vt -0.479031 -15.889340 0.000000
vt -0.479031 5.296447 0.000000
vt -0.000000 6.961992 0.000000
vt -0.000000 7.187758 0.000000
vt -4.000000 6.961992 0.000000
vt -4.000000 7.187758 0.000000
vt -0.000000 7.413524 0.000000
vt -4.000000 7.413524 0.000000
vt -0.000000 7.639290 0.000000
vt -4.000000 7.639290 0.000000
vt -0.000000 7.865056 0.000000
vt -4.000000 7.865056 0.000000
vt -0.000000 8.090822 0.000000
vt -4.000000 8.090822 0.000000
vt -0.000000 8.316588 0.000000
vt -4.000000 8.316588 0.000000
vt -0.000000 8.542354 0.000000
vt -4.000000 8.542354 0.000000
vt -0.000000 8.768120 0.000000
vt -4.000000 8.768120 0.000000
vt -0.000000 8.993886 0.000000
vt -4.000000 8.993886 0.000000
vt -0.000000 9.219652 0.000000
vt -4.000000 9.219652 0.000000
vt -0.000000 9.445418 0.000000
vt -4.000000 9.445418 0.000000
vt -0.000000 9.671184 0.000000
vt -4.000000 9.671184 0.000000
vt -0.000000 9.896950 0.000000
vt -4.000000 9.896950 0.000000
vt -0.000000 10.122716 0.000000
vt -4.000000 10.122716 0.000000
vt -0.000000 10.348482 0.000000
vt -4.000000 10.348482 0.000000
vt -0.000000 10.574248 0.000000
vt -4.000000 10.574248 0.000000
vt -0.000000 10.800014 0.000000
vt -4.000000 10.800014 0.000000
vt -0.000000 11.025780 0.000000
vt -4.000000 11.025780 0.000000
vt -0.000000 11.251546 0.000000
vt -4.000000 11.251546 0.000000
vt -0.000000 11.477312 0.000000
vt -4.000000 11.477312 0.000000
vt -0.000000 11.703078 0.000000
vt -4.000000 11.703078 0.000000
vt -0.000000 11.928844 0.000000
vt -4.000000 11.928844 0.000000
vt -0.000000 12.154610 0.000000
vt -4.000000 12.154610 0.000000
vt -0.000000 12.380376 0.000000
vt -4.000000 12.380376 0.000000
vt -0.000000 12.606142 0.000000
vt -4.000000 12.606142 0.000000
vt -0.000000 12.831908 0.000000
vt -4.000000 12.831908 0.000000
vt -0.000000 13.057674 0.000000
vt -4.000000 13.057674 0.000000
vt -0.000000 13.283440 0.000000
vt -4.000000 13.283440 0.000000
vt -0.000000 13.509206 0.000000
vt -4.000000 13.509206 0.000000
vt -0.000000 13.734972 0.000000
vt -4.000000 13.734972 0.000000
vt -0.000000 13.960738 0.000000
vt -4.000000 13.960738 0.000000
vt -0.000000 14.186504 0.000000
vt -4.000000 14.186504 0.000000
vt -4.000000 3.425048 0.000000
vt -0.000000 3.425048 0.000000
vt -2.000000 3.534082 0.000000
vt -0.000000 3.534082 0.000000
vt -0.000000 3.643116 0.000000
vt -4.000000 3.643116 0.000000
vt -0.000000 4.662668 0.000000
vt -4.000000 4.662668 0.000000
vt -0.000000 4.643017 0.000000
vt -4.000000 4.643017 0.000000
vt -1.756732 0.042579 0.000000
vt -1.767071 -0.158339 0.000000
vt 1.079448 -0.756488 0.000000
vt -1.771147 -0.730860 0.000000
vt -1.770405 -1.395564 0.000000
vt -1.757466 -1.410353 0.000000
vt 0.221567 -1.460173 0.000000
vt 0.407671 -1.346755 0.000000
vt 0.588296 -1.218313 0.000000
vt -1.648822 -1.515114 0.000000
vt 0.031861 -1.557423 0.000000
vt -1.524898 -1.603151 0.000000
vt -0.159531 -1.637522 0.000000
vt -1.386947 -1.673576 0.000000
vt -0.350677 -1.699663 0.000000
vt -1.236361 -1.725679 0.000000
vt -0.539647 -1.743218 0.000000
vt -1.074660 -1.758933 0.000000
vt -0.724536 -1.767747 0.000000
vt -0.903475 -1.773003 0.000000
vt 0.761619 -1.076144 0.000000
vt 0.925889 -0.921683 0.000000
vt 1.220748 -0.582228 0.000000
vt -0.430216 1.679827 0.000000
vt -0.617749 1.608276 0.000000
vt -0.796838 1.517636 0.000000
vt 1.348360 -0.400662 0.000000
vt -0.037997 1.762786 0.000000
vt -0.236266 1.731517 0.000000
vt 0.162447 1.773298 0.000000
vt 1.460998 -0.213621 0.000000
vt 1.557524 -0.022995 0.000000
vt 1.636964 0.169293 0.000000
vt 0.722853 1.773507 0.000000
vt 1.698516 0.361303 0.000000
vt 1.741559 0.551094 0.000000
vt 1.765658 0.736753 0.000000
vt 1.770570 0.916405 0.000000
vt 1.756246 1.088236 0.000000
vt 1.722830 1.250513 0.000000
vt 1.670659 1.401596 0.000000
vt 1.600260 1.539962 0.000000
vt 1.512343 1.664213 0.000000
vt 1.407797 1.773095 0.000000
vt -0.965546 1.408890 0.000000
vt -1.122049 1.283211 0.000000
vt -1.276231 1.129120 0.000000
vt -1.402273 0.972314 0.000000
vt -1.511309 0.803241 0.000000
vt -1.602155 0.623737 0.000000
vt -1.673824 0.435752 0.000000
vt -1.725537 0.241329 0.000000
vt -44.779193 -21.507837 0.000000
vt -44.779193 -2.469653 0.000000
vt -45.724316 -22.567136 0.000000
vt -45.724316 -1.410353 0.000000
vt -45.737255 -22.581638 0.000000
vt -45.737255 -1.395852 0.000000
vt -47.133425 -27.138745 0.000000
vt -47.133425 3.161255 0.000000
vt -45.737255 -1.395564 0.000000
vt -45.243081 1.129120 0.000000
vt -42.887402 -0.756488 0.000000
vt -42.746102 -0.582228 0.000000
vt -44.317527 -1.699663 0.000000
vt -44.126381 -1.637522 0.000000
vt -43.934989 -1.557423 0.000000
vt -45.615671 -1.515114 0.000000
vt -44.506497 -1.743218 0.000000
vt -45.491748 -1.603151 0.000000
vt -44.691386 -1.767747 0.000000
vt -45.353797 -1.673576 0.000000
vt -44.870325 -1.773003 0.000000
vt -45.203211 -1.725679 0.000000
vt -45.041510 -1.758933 0.000000
vt -43.745283 -1.460173 0.000000
vt -43.559179 -1.346755 0.000000
vt -43.378554 -1.218313 0.000000
vt -43.205231 -1.076144 0.000000
vt -43.040961 -0.921683 0.000000
vt -42.618490 -0.400662 0.000000
vt -42.505852 -0.213621 0.000000
vt -42.409326 -0.022995 0.000000
vt -42.329886 0.169293 0.000000
vt -42.268334 0.361303 0.000000
vt -42.225291 0.551094 0.000000
vt -45.167241 1.207417 0.000000
vt -42.201192 0.736753 0.000000
vt -45.088899 1.283211 0.000000
vt -42.196280 0.916405 0.000000
vt -42.210604 1.088236 0.000000
vt -42.244020 1.250513 0.000000
vt -42.296191 1.401596 0.000000
vt -42.366590 1.539962 0.000000
vt -42.454507 1.664213 0.000000
vt -42.559053 1.773095 0.000000
vt -21.983425 3.161255 0.000000
vt -23.983784 1.761919 0.000000
vt -19.983066 1.761919 0.000000
vt -23.974201 1.516832 0.000000
vt -19.992649 1.516831 0.000000
vt -23.945439 1.274099 0.000000
vt -20.021411 1.274098 0.000000
vt -23.897776 1.036059 0.000000
vt -20.069075 1.036057 0.000000
vt -23.831670 0.805006 0.000000
vt -20.135181 0.805004 0.000000
vt -23.747759 0.583165 0.000000
vt -20.219092 0.583163 0.000000
vt -23.646850 0.372674 0.000000
vt -20.320001 0.372671 0.000000
vt -23.529916 0.175560 0.000000
vt -20.436936 0.175557 0.000000
vt -23.398084 -0.006277 0.000000
vt -20.568769 -0.006280 0.000000
vt -23.252623 -0.171086 0.000000
vt -20.714230 -0.171090 0.000000
vt -23.094935 -0.317280 0.000000
vt -20.871919 -0.317283 0.000000
vt -22.926538 -0.443449 0.000000
vt -21.040316 -0.443452 0.000000
vt -22.749056 -0.548378 0.000000
vt -21.217799 -0.548381 0.000000
vt -22.564198 -0.631057 0.000000
vt -21.402658 -0.631059 0.000000
vt -22.469557 -0.663795 0.000000
vt -21.497299 -0.663797 0.000000
vt -22.373745 -0.690688 0.000000
vt -21.593111 -0.690690 0.000000
vt -22.276992 -0.711673 0.000000
vt -21.689865 -0.711674 0.000000
vt -22.179531 -0.726698 0.000000
vt -21.787325 -0.726699 0.000000
vt -22.081598 -0.735728 0.000000
vt -21.885259 -0.735728 0.000000
vt -21.983429 -0.738740 0.000000
vt -41.542726 0.862478 0.000000
vt -25.174652 0.862478 0.000000
vt -1.407797 1.773095 0.000000
vt -18.792198 0.862478 0.000000
vt -2.424124 0.862478 0.000000
vt -1.512343 1.664213 0.000000
vt 1.122049 1.283211 0.000000
vt 3.166575 3.161255 0.000000
vt -1.600260 1.539962 0.000000
vt -1.670659 1.401596 0.000000
vt -1.722830 1.250513 0.000000
vt -1.756246 1.088236 0.000000
vt -1.770570 0.916405 0.000000
vt -1.765658 0.736753 0.000000
vt 1.200391 1.207417 0.000000
vt -1.741559 0.551094 0.000000
vt 1.276231 1.129120 0.000000
vt -1.698516 0.361303 0.000000
vt -1.636964 0.169293 0.000000
vt -1.557524 -0.022995 0.000000
vt -1.460998 -0.213621 0.000000
vt -1.348360 -0.400662 0.000000
vt -1.220748 -0.582228 0.000000
vt -1.079448 -0.756488 0.000000
vt 1.770405 -1.395564 0.000000
vt -0.925889 -0.921683 0.000000
vt -0.761619 -1.076144 0.000000
vt -0.588296 -1.218313 0.000000
vt -0.407671 -1.346755 0.000000
vt -0.221567 -1.460173 0.000000
vt -0.031861 -1.557423 0.000000
vt 0.159531 -1.637522 0.000000
vt 0.350677 -1.699663 0.000000
vt 0.539647 -1.743218 0.000000
vt 1.648822 -1.515114 0.000000
vt 1.757466 -1.410353 0.000000
vt 1.524898 -1.603151 0.000000
vt 0.724536 -1.767747 0.000000
vt 1.386947 -1.673576 0.000000
vt 0.903475 -1.773003 0.000000
vt 1.236361 -1.725679 0.000000
vt 1.074660 -1.758933 0.000000
vt 1.770405 -1.395852 0.000000
vt 3.166575 -27.138745 0.000000
vt 1.770405 -22.581638 0.000000
vt 1.770405 -22.581926 0.000000
vt 1.757466 -22.567136 0.000000
vt 0.812343 -2.469653 0.000000
vt 0.812343 -21.507837 0.000000
vt 0.350677 -22.277826 0.000000
vt 0.159531 -22.339967 0.000000
vt -0.031861 -22.420067 0.000000
vt 1.648822 -22.462376 0.000000
vt 0.539647 -22.234272 0.000000
vt 1.524898 -22.374339 0.000000
vt 0.724536 -22.209742 0.000000
vt 1.386947 -22.303913 0.000000
vt 0.903475 -22.204486 0.000000
vt 1.236361 -22.251811 0.000000
vt 1.074660 -22.218556 0.000000
vt -0.221567 -22.517316 0.000000
vt -0.407671 -22.630735 0.000000
vt -0.588296 -22.759176 0.000000
vt -0.761619 -22.901346 0.000000
vt -0.925889 -23.055807 0.000000
vt -1.079448 -23.221001 0.000000
vt 1.276231 -25.106609 0.000000
vt -1.220748 -23.395261 0.000000
vt -1.348360 -23.576828 0.000000
vt -1.460998 -23.763868 0.000000
vt -1.557524 -23.954495 0.000000
vt -1.636964 -24.146783 0.000000
vt -1.698516 -24.338792 0.000000
vt -1.741559 -24.528584 0.000000
vt 1.200391 -25.184906 0.000000
vt -1.765658 -24.714243 0.000000
vt 1.122049 -25.260701 0.000000
vt -1.770570 -24.893894 0.000000
vt -1.756246 -25.065726 0.000000
vt -1.722830 -25.228002 0.000000
vt -1.670659 -25.379086 0.000000
vt -1.600260 -25.517451 0.000000
vt -1.512343 -25.641702 0.000000
vt -1.407797 -25.750585 0.000000
vt -21.983425 -27.138745 0.000000
vt -19.983066 -25.739409 0.000000
vt -23.983784 -25.739409 0.000000
vt -23.974201 -25.494321 0.000000
vt -19.992649 -25.494321 0.000000
vt -23.945439 -25.251588 0.000000
vt -20.021411 -25.251587 0.000000
vt -23.897776 -25.013549 0.000000
vt -20.069075 -25.013547 0.000000
vt -23.831670 -24.782495 0.000000
vt -20.135181 -24.782493 0.000000
vt -23.747759 -24.560655 0.000000
vt -20.219092 -24.560652 0.000000
vt -23.646850 -24.350163 0.000000
vt -20.320001 -24.350161 0.000000
vt -23.529916 -24.153050 0.000000
vt -20.436936 -24.153047 0.000000
vt -23.398084 -23.971212 0.000000
vt -20.568769 -23.971209 0.000000
vt -23.252623 -23.806403 0.000000
vt -20.714230 -23.806400 0.000000
vt -23.094935 -23.660210 0.000000
vt -20.871919 -23.660207 0.000000
vt -22.926538 -23.534041 0.000000
vt -21.040316 -23.534038 0.000000
vt -22.749056 -23.429111 0.000000
vt -21.217799 -23.429109 0.000000
vt -22.564198 -23.346433 0.000000
vt -21.402658 -23.346431 0.000000
vt -22.469557 -23.313695 0.000000
vt -21.497299 -23.313693 0.000000
vt -22.373745 -23.286801 0.000000
vt -21.593111 -23.286800 0.000000
vt -22.276992 -23.265816 0.000000
vt -21.689865 -23.265815 0.000000
vt -22.179531 -23.250791 0.000000
vt -21.787325 -23.250790 0.000000
vt -22.081598 -23.241762 0.000000
vt -21.885259 -23.241761 0.000000
vt -21.983429 -23.238750 0.000000
vt -2.424124 -24.839968 0.000000
vt -18.792198 -24.839968 0.000000
vt -42.559053 -25.750585 0.000000
vt -25.174652 -24.839968 0.000000
vt -41.542726 -24.839968 0.000000
vt -42.454507 -25.641702 0.000000
vt -45.088899 -25.260701 0.000000
vt -42.366590 -25.517451 0.000000
vt -42.296191 -25.379086 0.000000
vt -42.244020 -25.228002 0.000000
vt -42.210604 -25.065726 0.000000
vt -42.196280 -24.893894 0.000000
vt -42.201192 -24.714243 0.000000
vt -45.167241 -25.184906 0.000000
vt -42.225291 -24.528584 0.000000
vt -45.243081 -25.106609 0.000000
vt -42.268334 -24.338792 0.000000
vt -42.329886 -24.146783 0.000000
vt -42.409326 -23.954495 0.000000
vt -42.505852 -23.763868 0.000000
vt -42.618490 -23.576828 0.000000
vt -42.746102 -23.395261 0.000000
vt -42.887402 -23.221001 0.000000
vt -45.737255 -22.581926 0.000000
vt -43.040961 -23.055807 0.000000
vt -43.205231 -22.901346 0.000000
vt -43.378554 -22.759176 0.000000
vt -43.559179 -22.630735 0.000000
vt -43.745283 -22.517316 0.000000
vt -43.934989 -22.420067 0.000000
vt -44.126381 -22.339967 0.000000
vt -44.317527 -22.277826 0.000000
vt -44.506497 -22.234272 0.000000
vt -45.615671 -22.462376 0.000000
vt -45.491748 -22.374339 0.000000
vt -44.691386 -22.209742 0.000000
vt -45.353797 -22.303913 0.000000
vt -44.870325 -22.204486 0.000000
vt -45.203211 -22.251811 0.000000
vt -45.041510 -22.218556 0.000000
vt 1.226784 -25.159897 0.000000
vt 1.175366 -25.211285 0.000000
vt -45.142216 -25.211285 0.000000
vt -45.193634 -25.159897 0.000000
vt -45.193634 1.182408 0.000000
vt -45.142216 1.233796 0.000000
vt 1.175366 1.233796 0.000000
vt 1.226784 1.182408 0.000000
vn -0.000000 0.100000 -0.000000
vn -0.000000 0.100000 -0.000000
vn 0.006129 0.099812 0.000000
vn 0.006129 0.099812 0.000000
vn 0.012219 0.099251 0.000000
vn 0.018231 0.098324 0.000000
vn 0.018231 0.098324 0.000000
vn 0.012219 0.099251 0.000000
vn 0.024129 0.097045 0.000000
vn 0.024129 0.097045 0.000000
vn 0.029880 0.095432 0.000000
vn 0.029880 0.095432 0.000000
vn 0.035455 0.093504 0.000000
vn 0.035455 0.093504 0.000000
vn 0.045979 0.088803 0.000000
vn 0.045979 0.088803 0.000000
vn 0.055555 0.083148 0.000000
vn 0.055555 0.083148 0.000000
vn 0.064105 0.076750 0.000000
vn 0.064105 0.076750 0.000000
vn 0.071609 0.069801 0.000000
vn 0.071609 0.069801 0.000000
vn 0.078090 0.062466 0.000000
vn 0.078090 0.062466 0.000000
vn 0.083597 0.054878 0.000000
vn 0.083597 0.054878 0.000000
vn 0.088195 0.047135 0.000000
vn 0.088195 0.047135 0.000000
vn 0.091950 0.039308 0.000000
vn 0.091950 0.039308 0.000000
vn 0.094928 0.031444 0.000000
vn 0.094928 0.031444 0.000000
vn 0.097183 0.023570 0.000000
vn 0.097183 0.023570 0.000000
vn 0.098760 0.015699 0.000000
vn 0.098760 0.015699 0.000000
vn 0.099692 0.007836 0.000000
vn 0.099692 0.007836 0.000000
vn 0.100000 -0.000022 0.000000
vn 0.100000 -0.000022 0.000000
vn -0.100000 -0.000112 0.000000
vn -0.100000 -0.000112 0.000000
vn -0.100000 -0.000112 0.000000
vn -0.100000 -0.000112 0.000000
vn -0.100000 -0.000112 0.000000
vn -0.100000 -0.000112 0.000000
vn -0.099997 0.000712 0.000000
vn -0.099997 0.000712 0.000000
vn -0.099997 0.000712 0.000000
vn -0.099997 0.000712 0.000000
vn 0.000060 0.100000 0.000000
vn 0.000060 0.100000 0.000000
vn 0.000060 0.100000 0.000000
vn 0.000060 0.100000 0.000000
vn -0.000037 0.100000 0.000000
vn -0.000037 0.100000 0.000000
vn -0.000037 0.100000 0.000000
vn -0.000037 0.100000 0.000000
vn -0.058475 0.081121 -0.000000
vn -0.058820 0.080871 -0.000000
vn -0.066583 0.074610 -0.000000
vn -0.066953 0.074279 -0.000000
vn -0.066953 0.074279 -0.000000
vn -0.074352 0.066871 -0.000000
vn -0.072009 0.069388 -0.000000
vn -0.074571 0.066627 -0.000000
vn -0.074571 0.066627 -0.000000
vn -0.074352 0.066871 -0.000000
vn -0.080936 0.058731 -0.000000
vn -0.050042 0.086578 -0.000000
vn -0.049735 0.086755 -0.000000
vn -0.040716 0.091336 -0.000000
vn -0.040457 0.091451 -0.000000
vn -0.030944 0.095092 -0.000000
vn -0.030741 0.095158 -0.000000
vn -0.020832 0.097806 -0.000000
vn -0.020694 0.097835 -0.000000
vn -0.010492 0.099448 -0.000000
vn -0.010422 0.099455 -0.000000
vn -0.000037 0.100000 -0.000000
vn -0.000037 0.100000 -0.000000
vn -0.081101 0.058503 -0.000000
vn -0.086633 0.049947 -0.000000
vn -0.086750 0.049744 -0.000000
vn -0.091380 0.040616 -0.000000
vn -0.091456 0.040445 -0.000000
vn -0.095126 0.030840 -0.000000
vn -0.095169 0.030706 -0.000000
vn -0.097829 0.020725 -0.000000
vn -0.097848 0.020633 -0.000000
vn -0.099459 0.010383 -0.000000
vn -0.099464 0.010337 -0.000000
vn -0.100000 -0.000072 0.000000
vn -0.100000 -0.000072 0.000000
vn -0.069345 0.072050 -0.000000
vn -0.066583 0.074610 -0.000000
vn 0.000033 0.100000 0.000000
vn 0.000033 0.100000 0.000000
vn 0.000033 0.100000 0.000000
vn 0.000033 0.100000 0.000000
vn -0.000060 -0.100000 0.000000
vn -0.000060 -0.100000 0.000000
vn -0.000060 -0.100000 0.000000
vn -0.000060 -0.100000 0.000000
vn -0.060269 0.079797 0.000000
vn -0.060269 0.079797 0.000000
vn -0.060269 0.079797 0.000000
vn -0.060269 0.079797 0.000000
vn -0.060269 0.079797 0.000000
vn -0.060269 0.079797 0.000000
vn 0.000000 0.100000 0.000000
vn 0.000000 0.100000 0.000000
vn 0.000000 0.100000 0.000000
vn 0.000000 0.100000 0.000000
vn 0.066731 0.074478 0.000000
vn 0.066731 0.074478 0.000000
vn 0.066731 0.074478 0.000000
vn 0.066731 0.074478 0.000000
vn 0.066731 0.074478 0.000000
vn 0.066731 0.074478 0.000000
vn 0.000000 0.000000 0.100000
vn 0.000000 0.000000 0.100000
vn 0.000000 0.000000 0.100000
vn 0.000000 0.000000 0.100000
vn 0.100000 0.000112 0.000000
vn 0.100000 0.000112 0.000000
vn 0.100000 0.000112 0.000000
vn 0.100000 0.000112 0.000000
vn 0.100000 -0.000007 0.000000
vn 0.100000 -0.000007 0.000000
vn 0.100000 -0.000007 0.000000
vn 0.100000 -0.000007 0.000000
vn 0.100000 -0.000003 0.000000
vn 0.100000 -0.000003 0.000000
vn 0.100000 -0.000003 0.000000
vn 0.100000 -0.000003 0.000000
vn -0.074618 -0.066575 0.000000
vn -0.074618 -0.066575 0.000000
vn -0.074618 -0.066575 0.000000
vn -0.074618 -0.066575 0.000000
vn -0.074618 -0.066575 0.000000
vn -0.074618 -0.066575 0.000000
vn -0.074618 -0.066575 0.000000
vn 0.074618 0.066575 0.000000
vn 0.063821 0.076986 0.000000
vn 0.074618 0.066575 0.000000
vn 0.063821 0.076986 0.000000
vn 0.051771 0.085556 0.000000
vn 0.051771 0.085556 0.000000
vn 0.039087 0.092045 0.000000
vn 0.039087 0.092045 0.000000
vn 0.026366 0.096462 0.000000
vn 0.026366 0.096462 0.000000
vn 0.014075 0.099005 0.000000
vn 0.014075 0.099005 0.000000
vn 0.002517 0.099968 0.000000
vn 0.002517 0.099968 0.000000
vn -0.008159 0.099667 -0.000000
vn -0.008159 0.099667 -0.000000
vn -0.017917 0.098382 -0.000000
vn -0.017917 0.098382 -0.000000
vn -0.026790 0.096345 -0.000000
vn -0.026790 0.096345 -0.000000
vn -0.034852 0.093730 -0.000000
vn -0.034852 0.093730 -0.000000
vn -0.042192 0.090664 -0.000000
vn -0.042192 0.090664 -0.000000
vn -0.048898 0.087229 -0.000000
vn -0.048898 0.087229 -0.000000
vn -0.055055 0.083480 -0.000000
vn -0.055055 0.083480 -0.000000
vn -0.060737 0.079442 -0.000000
vn -0.060737 0.079442 -0.000000
vn -0.066006 0.075121 -0.000000
vn -0.066006 0.075121 -0.000000
vn -0.070913 0.070508 -0.000000
vn -0.070913 0.070508 -0.000000
vn -0.075496 0.065577 -0.000000
vn -0.075496 0.065577 -0.000000
vn -0.079780 0.060293 -0.000000
vn -0.079780 0.060293 -0.000000
vn -0.083776 0.054604 -0.000000
vn -0.083776 0.054604 -0.000000
vn -0.087480 0.048449 -0.000000
vn -0.087480 0.048449 -0.000000
vn -0.090865 0.041756 -0.000000
vn -0.090865 0.041756 -0.000000
vn -0.093881 0.034443 -0.000000
vn -0.093881 0.034443 -0.000000
vn -0.096446 0.026422 -0.000000
vn -0.096446 0.026422 -0.000000
vn -0.098438 0.017604 -0.000000
vn -0.098438 0.017604 -0.000000
vn -0.099686 0.007917 -0.000000
vn -0.099686 0.007917 -0.000000
vn -0.099964 -0.002677 0.000000
vn -0.099964 -0.002677 0.000000
vn -0.098994 -0.014145 0.000000
vn -0.098994 -0.014145 0.000000
vn -0.096467 -0.026348 0.000000
vn -0.096467 -0.026348 0.000000
vn -0.092084 -0.038994 0.000000
vn -0.092084 -0.038994 0.000000
vn -0.085642 -0.051628 0.000000
vn -0.085642 -0.051628 0.000000
vn -0.077117 -0.063663 0.000000
vn -0.077117 -0.063663 0.000000
vn -0.066731 -0.074478 0.000000
vn -0.066731 -0.074478 0.000000
vn 0.068356 -0.072989 0.000000
vn 0.068356 -0.072989 0.000000
vn 0.070690 -0.070731 0.000000
vn 0.070690 -0.070731 0.000000
vn 0.072949 -0.068399 0.000000
vn 0.072949 -0.068399 0.000000
vn 0.075900 0.065109 0.000000
vn 0.075900 0.065109 0.000000
vn 0.000000 0.000000 0.100000
vn 0.000000 0.000000 0.100000
vn 0.000000 0.000000 0.100000
vn 0.000000 0.000000 0.100000
vn 0.000000 0.000000 0.100000
vn 0.000000 0.000000 0.100000
vn 0.000000 0.000000 0.100000
vn 0.000000 0.000000 0.100000
vn 0.000000 0.000000 0.100000
vn 0.000000 0.000000 0.100000
vn 0.000000 0.000000 0.100000
vn 0.000000 0.000000 0.100000
vn 0.000000 0.000000 0.100000
vn 0.000000 0.000000 0.100000
vn 0.000000 0.000000 0.100000
vn 0.000000 0.000000 0.100000
vn 0.000000 0.000000 0.100000
vn 0.000000 0.000000 0.100000
vn 0.000000 0.000000 0.100000
vn 0.000000 0.000000 0.100000
vn 0.000000 0.000000 0.100000
vn 0.000000 0.000000 0.100000
vn 0.000000 0.000000 0.100000
vn 0.000000 0.000000 0.100000
vn 0.000000 0.000000 0.100000
vn 0.000000 0.000000 0.100000
vn 0.000000 0.000000 0.100000
vn 0.000000 0.000000 0.100000
vn 0.000000 0.000000 0.100000
vn 0.000000 0.000000 0.100000
vn 0.000000 0.000000 0.100000
vn 0.000000 0.000000 0.100000
vn 0.000000 0.000000 0.100000
vn 0.000000 0.000000 0.100000
vn 0.000000 0.000000 0.100000
vn 0.000000 0.000000 0.100000
vn 0.000000 0.000000 0.100000
vn 0.000000 0.000000 0.100000
vn 0.000000 0.000000 0.100000
vn 0.000000 0.000000 0.100000
vn 0.000000 0.000000 0.100000
vn 0.000000 0.000000 0.100000
vn 0.000000 0.000000 0.100000
vn 0.000000 0.000000 0.100000
vn 0.000000 0.000000 0.100000
vn 0.000000 0.000000 0.100000
vn 0.000000 0.000000 0.100000
vn 0.000000 0.000000 0.100000
vn 0.000000 0.000000 0.100000
vn 0.000000 0.000000 0.100000
vn 0.000000 0.000000 0.100000
vn 0.000000 0.000000 0.100000
vn -0.100000 -0.000022 0.000000
vn -0.099692 0.007836 0.000000
vn -0.100000 -0.000022 0.000000
vn -0.099692 0.007836 0.000000
vn -0.098760 0.015699 0.000000
vn -0.098760 0.015699 0.000000
vn -0.097183 0.023570 0.000000
vn -0.097183 0.023570 0.000000
vn -0.094928 0.031444 0.000000
vn -0.094928 0.031444 0.000000
vn -0.091950 0.039308 0.000000
vn -0.091950 0.039308 0.000000
vn -0.088194 0.047135 0.000000
vn -0.088194 0.047135 0.000000
vn -0.083597 0.054878 0.000000
vn -0.083597 0.054878 0.000000
vn -0.078089 0.062466 0.000000
vn -0.078089 0.062466 0.000000
vn -0.071609 0.069801 0.000000
vn -0.071609 0.069801 0.000000
vn -0.064105 0.076750 0.000000
vn -0.064105 0.076750 0.000000
vn -0.055555 0.083148 0.000000
vn -0.055555 0.083148 0.000000
vn -0.045979 0.088803 0.000000
vn -0.045979 0.088803 0.000000
vn -0.035454 0.093504 0.000000
vn -0.035454 0.093504 0.000000
vn -0.029880 0.095432 0.000000
vn -0.029880 0.095432 0.000000
vn -0.024128 0.097045 0.000000
vn -0.024128 0.097045 0.000000
vn -0.018230 0.098324 0.000000
vn -0.012218 0.099251 0.000000
vn -0.012218 0.099251 0.000000
vn -0.018230 0.098324 0.000000
vn -0.006128 0.099812 0.000000
vn -0.006128 0.099812 0.000000
vn 0.000001 0.100000 0.000000
vn 0.000001 0.100000 0.000000
vn 0.000000 0.000000 0.100000
vn 0.000000 0.000000 0.100000
vn 0.000000 0.000000 0.100000
vn 0.000000 0.000000 0.100000
vn 0.000000 0.000000 0.100000
vn 0.000000 0.000000 0.100000
vn 0.000000 0.000000 0.100000
vn 0.000000 0.000000 0.100000
vn 0.000000 0.000000 0.100000
vn 0.000000 0.000000 0.100000
vn 0.000000 0.000000 0.100000
vn 0.000000 0.000000 0.100000
vn 0.000000 0.000000 0.100000
vn 0.000000 0.000000 0.100000
vn 0.000000 0.000000 0.100000
vn 0.000000 0.000000 0.100000
vn 0.000000 0.000000 0.100000
vn 0.000000 0.000000 0.100000
vn 0.000000 0.000000 0.100000
vn 0.000000 0.000000 0.100000
vn 0.000000 0.000000 0.100000
vn 0.000000 0.000000 0.100000
vn 0.000000 0.000000 0.100000
vn 0.000000 0.000000 0.100000
vn 0.000000 0.000000 0.100000
vn 0.000000 0.000000 0.100000
vn 0.000000 0.000000 0.100000
vn 0.000000 0.000000 0.100000
vn 0.000000 0.000000 0.100000
vn 0.000000 0.000000 0.100000
vn 0.000000 0.000000 0.100000
vn 0.000000 0.000000 0.100000
vn 0.000000 0.000000 0.100000
vn 0.000000 0.000000 0.100000
vn 0.000000 0.000000 0.100000
vn 0.000000 0.000000 0.100000
vn 0.000000 0.000000 0.100000
vn 0.000000 0.000000 0.100000
vn 0.000000 0.000000 0.100000
vn 0.000000 0.000000 0.100000
vn -0.000033 0.100000 0.000000
vn -0.000033 0.100000 0.000000
vn -0.000033 0.100000 0.000000
vn -0.000033 0.100000 0.000000
vn 0.100000 -0.000112 0.000000
vn 0.100000 -0.000112 0.000000
vn 0.100000 -0.000112 0.000000
vn 0.100000 -0.000112 0.000000
vn 0.100000 -0.000112 0.000000
vn 0.100000 -0.000112 0.000000
vn 0.099997 0.000712 0.000000
vn 0.099997 0.000712 0.000000
vn 0.099997 0.000712 0.000000
vn 0.099997 0.000712 0.000000
vn -0.000060 0.100000 0.000000
vn -0.000060 0.100000 0.000000
vn -0.000060 0.100000 0.000000
vn -0.000060 0.100000 0.000000
vn 0.000037 0.100000 0.000000
vn 0.000037 0.100000 0.000000
vn 0.000037 0.100000 0.000000
vn 0.000037 0.100000 0.000000
vn 0.000037 0.100000 0.000000
vn 0.010422 0.099455 0.000000
vn 0.000037 0.100000 0.000000
vn 0.010492 0.099448 0.000000
vn 0.020694 0.097835 0.000000
vn 0.020832 0.097806 0.000000
vn 0.030741 0.095158 0.000000
vn 0.030944 0.095092 0.000000
vn 0.040457 0.091451 0.000000
vn 0.040716 0.091336 0.000000
vn 0.049735 0.086755 0.000000
vn 0.050042 0.086578 0.000000
vn 0.058475 0.081121 0.000000
vn 0.058820 0.080871 0.000000
vn 0.066583 0.074610 0.000000
vn 0.066953 0.074279 0.000000
vn 0.066953 0.074279 0.000000
vn 0.074352 0.066871 0.000000
vn 0.074352 0.066871 0.000000
vn 0.074571 0.066627 0.000000
vn 0.074571 0.066627 0.000000
vn 0.072009 0.069388 0.000000
vn 0.069345 0.072050 0.000000
vn 0.066583 0.074610 0.000000
vn 0.080936 0.058731 0.000000
vn 0.081101 0.058503 0.000000
vn 0.086633 0.049947 0.000000
vn 0.086750 0.049744 0.000000
vn 0.091380 0.040616 0.000000
vn 0.091456 0.040445 0.000000
vn 0.095126 0.030840 0.000000
vn 0.095169 0.030706 0.000000
vn 0.097829 0.020725 0.000000
vn 0.097848 0.020633 0.000000
vn 0.099459 0.010383 0.000000
vn 0.099464 0.010337 0.000000
vn 0.100000 -0.000072 0.000000
vn 0.100000 -0.000072 0.000000
vn 0.000000 -0.100000 0.000000
vn 0.000000 -0.100000 0.000000
vn 0.000000 -0.100000 0.000000
vn 0.000000 -0.100000 0.000000
vn 0.000000 -0.100000 0.000000
vn 0.000000 -0.100000 0.000000
vn 0.000060 -0.100000 0.000000
vn 0.000060 -0.100000 0.000000
vn 0.000060 -0.100000 0.000000
vn 0.000060 -0.100000 0.000000
vn 0.060269 0.079797 0.000000
vn 0.060269 0.079797 0.000000
vn 0.060269 0.079797 0.000000
vn 0.060269 0.079797 0.000000
vn 0.060269 0.079797 0.000000
vn 0.060269 0.079797 0.000000
vn 0.000000 0.100000 0.000000
vn 0.000000 0.100000 0.000000
vn 0.000000 0.100000 0.000000
vn 0.000000 0.100000 0.000000
vn -0.066731 0.074478 0.000000
vn -0.066731 0.074478 0.000000
vn -0.066731 0.074478 0.000000
vn -0.066731 0.074478 0.000000
vn -0.066731 0.074478 0.000000
vn -0.066731 0.074478 0.000000
vn 0.000000 0.000000 0.100000
vn 0.000000 0.000000 0.100000
vn 0.000000 0.000000 0.100000
vn 0.000000 0.000000 0.100000
vn -0.100000 0.000112 0.000000
vn -0.100000 0.000112 0.000000
vn -0.100000 0.000112 0.000000
vn -0.100000 0.000112 0.000000
vn -0.100000 -0.000007 0.000000
vn -0.100000 -0.000007 0.000000
vn -0.100000 -0.000007 0.000000
vn -0.100000 -0.000007 0.000000
vn -0.100000 -0.000003 0.000000
vn -0.100000 -0.000003 0.000000
vn -0.100000 -0.000003 0.000000
vn -0.100000 -0.000003 0.000000
vn 0.074618 -0.066575 0.000000
vn 0.074618 -0.066575 0.000000
vn 0.074618 -0.066575 0.000000
vn 0.074618 -0.066575 0.000000
vn 0.074618 -0.066575 0.000000
vn 0.074618 -0.066575 0.000000
vn 0.074618 -0.066575 0.000000
vn -0.074618 0.066575 0.000000
vn -0.063821 0.076986 0.000000
vn -0.074618 0.066575 0.000000
vn -0.063821 0.076986 0.000000
vn -0.051771 0.085556 0.000000
vn -0.051771 0.085556 0.000000
vn -0.039087 0.092045 0.000000
vn -0.039087 0.092045 0.000000
vn -0.026366 0.096462 0.000000
vn -0.026366 0.096462 0.000000
vn -0.014075 0.099005 0.000000
vn -0.014075 0.099005 0.000000
vn -0.002517 0.099968 0.000000
vn -0.002517 0.099968 0.000000
vn 0.008159 0.099667 0.000000
vn 0.008159 0.099667 0.000000
vn 0.017917 0.098382 0.000000
vn 0.017917 0.098382 0.000000
vn 0.026790 0.096345 0.000000
vn 0.026790 0.096345 0.000000
vn 0.034852 0.093730 0.000000
vn 0.034852 0.093730 0.000000
vn 0.042192 0.090664 0.000000
vn 0.042192 0.090664 0.000000
vn 0.048898 0.087229 0.000000
vn 0.048898 0.087229 0.000000
vn 0.055055 0.083480 0.000000
vn 0.055055 0.083480 0.000000
vn 0.060737 0.079442 0.000000
vn 0.060737 0.079442 0.000000
vn 0.066006 0.075121 0.000000
vn 0.066006 0.075121 0.000000
vn 0.070913 0.070508 0.000000
vn 0.070913 0.070508 0.000000
vn 0.075496 0.065577 0.000000
vn 0.075496 0.065577 0.000000
vn 0.079780 0.060293 0.000000
vn 0.079780 0.060293 0.000000
vn 0.083776 0.054604 0.000000
vn 0.083776 0.054604 0.000000
vn 0.087480 0.048449 0.000000
vn 0.087480 0.048449 0.000000
vn 0.090865 0.041756 0.000000
vn 0.090865 0.041756 0.000000
vn 0.093881 0.034443 0.000000
vn 0.093881 0.034443 0.000000
vn 0.096446 0.026422 0.000000
vn 0.096446 0.026422 0.000000
vn 0.098438 0.017604 0.000000
vn 0.098438 0.017604 0.000000
vn 0.099686 0.007917 0.000000
vn 0.099686 0.007917 0.000000
vn 0.099964 -0.002677 0.000000
vn 0.099964 -0.002677 0.000000
vn 0.098994 -0.014145 0.000000
vn 0.098994 -0.014145 0.000000
vn 0.096467 -0.026348 0.000000
vn 0.096467 -0.026348 0.000000
vn 0.092084 -0.038994 0.000000
vn 0.092084 -0.038994 0.000000
vn 0.085642 -0.051628 0.000000
vn 0.085642 -0.051628 0.000000
vn 0.077117 -0.063663 0.000000
vn 0.077117 -0.063663 0.000000
vn 0.066731 -0.074478 0.000000
vn 0.066731 -0.074478 0.000000
vn -0.072949 -0.068399 0.000000
vn -0.072949 -0.068399 0.000000
vn -0.070690 -0.070731 0.000000
vn -0.070690 -0.070731 0.000000
vn -0.068356 -0.072989 0.000000
vn -0.068356 -0.072989 0.000000
vn -0.075900 0.065109 0.000000
vn -0.075900 0.065109 0.000000
vn 0.000000 0.000000 0.100000
vn 0.000000 0.000000 0.100000
vn 0.000000 0.000000 0.100000
vn 0.000000 0.000000 0.100000
vn 0.000000 0.000000 0.100000
vn 0.000000 0.000000 0.100000
vn 0.000000 0.000000 0.100000
vn 0.000000 0.000000 0.100000
vn 0.000000 0.000000 0.100000
vn 0.000000 0.000000 0.100000
vn 0.000000 0.000000 0.100000
vn 0.000000 0.000000 0.100000
vn 0.000000 0.000000 0.100000
vn 0.000000 0.000000 0.100000
vn 0.000000 0.000000 0.100000
vn 0.000000 0.000000 0.100000
vn 0.000000 0.000000 0.100000
vn 0.000000 0.000000 0.100000
vn 0.000000 0.000000 0.100000
vn 0.000000 0.000000 0.100000
vn 0.000000 0.000000 0.100000
vn 0.000000 0.000000 0.100000
vn 0.000000 0.000000 0.100000
vn 0.000000 0.000000 0.100000
vn 0.000000 0.000000 0.100000
vn 0.000000 0.000000 0.100000
vn 0.000000 0.000000 0.100000
vn 0.000000 0.000000 0.100000
vn 0.000000 0.000000 0.100000
vn 0.000000 0.000000 0.100000
vn 0.000000 0.000000 0.100000
vn 0.000000 0.000000 0.100000
vn 0.000000 0.000000 0.100000
vn 0.000000 0.000000 0.100000
vn 0.000000 0.000000 0.100000
vn 0.000000 0.000000 0.100000
vn 0.000000 0.000000 0.100000
vn 0.000000 0.000000 0.100000
vn 0.000000 0.000000 0.100000
vn 0.000000 0.000000 0.100000
vn 0.000000 0.000000 0.100000
vn 0.000000 0.000000 0.100000
vn 0.000000 0.000000 0.100000
vn 0.000000 0.000000 0.100000
vn 0.000000 0.000000 0.100000
vn 0.000000 0.000000 0.100000
vn 0.000000 0.000000 0.100000
vn 0.000000 0.000000 0.100000
vn 0.000000 0.000000 0.100000
vn 0.000000 0.000000 0.100000
vn 0.000000 0.000000 0.100000
vn 0.000000 0.000000 0.100000
vn -0.000000 -0.100000 0.000000
vn -0.000000 -0.100000 0.000000
vn 0.006129 -0.099812 0.000000
vn 0.006129 -0.099812 0.000000
vn 0.012219 -0.099251 0.000000
vn 0.018231 -0.098324 0.000000
vn 0.018231 -0.098324 0.000000
vn 0.012219 -0.099251 0.000000
vn 0.024129 -0.097045 0.000000
vn 0.024129 -0.097045 0.000000
vn 0.029880 -0.095432 0.000000
vn 0.029880 -0.095432 0.000000
vn 0.035455 -0.093504 0.000000
vn 0.035455 -0.093504 0.000000
vn 0.045979 -0.088803 0.000000
vn 0.045979 -0.088803 0.000000
vn 0.055555 -0.083148 0.000000
vn 0.055555 -0.083148 0.000000
vn 0.064105 -0.076750 0.000000
vn 0.064105 -0.076750 0.000000
vn 0.071609 -0.069801 0.000000
vn 0.071609 -0.069801 0.000000
vn 0.078090 -0.062466 0.000000
vn 0.078090 -0.062466 0.000000
vn 0.083597 -0.054878 0.000000
vn 0.083597 -0.054878 0.000000
vn 0.088195 -0.047135 0.000000
vn 0.088195 -0.047135 0.000000
vn 0.091950 -0.039308 0.000000
vn 0.091950 -0.039308 0.000000
vn 0.094928 -0.031444 0.000000
vn 0.094928 -0.031444 0.000000
vn 0.097183 -0.023570 0.000000
vn 0.097183 -0.023570 0.000000
vn 0.098760 -0.015699 0.000000
vn 0.098760 -0.015699 0.000000
vn 0.099692 -0.007836 0.000000
vn 0.099692 -0.007836 0.000000
vn 0.100000 0.000022 0.000000
vn 0.100000 0.000022 0.000000
vn -0.100000 0.000112 -0.000000
vn -0.100000 0.000112 -0.000000
vn -0.100000 0.000112 -0.000000
vn -0.100000 0.000112 -0.000000
vn -0.100000 0.000112 -0.000000
vn -0.100000 0.000112 -0.000000
vn -0.099997 -0.000712 0.000000
vn -0.099997 -0.000712 0.000000
vn -0.099997 -0.000712 0.000000
vn -0.099997 -0.000712 0.000000
vn 0.000060 -0.100000 0.000000
vn 0.000060 -0.100000 0.000000
vn 0.000060 -0.100000 0.000000
vn 0.000060 -0.100000 0.000000
vn -0.000037 -0.100000 0.000000
vn -0.000037 -0.100000 0.000000
vn -0.000037 -0.100000 0.000000
vn -0.000037 -0.100000 0.000000
vn -0.000037 -0.100000 0.000000
vn -0.010422 -0.099455 0.000000
vn -0.000037 -0.100000 0.000000
vn -0.010492 -0.099448 0.000000
vn -0.020694 -0.097835 0.000000
vn -0.020832 -0.097806 0.000000
vn -0.030741 -0.095158 0.000000
vn -0.030944 -0.095092 0.000000
vn -0.040457 -0.091451 0.000000
vn -0.040716 -0.091336 0.000000
vn -0.049735 -0.086755 0.000000
vn -0.050042 -0.086578 0.000000
vn -0.058475 -0.081121 0.000000
vn -0.058820 -0.080871 0.000000
vn -0.066583 -0.074610 0.000000
vn -0.066953 -0.074279 0.000000
vn -0.066953 -0.074279 0.000000
vn -0.074352 -0.066871 0.000000
vn -0.074352 -0.066871 0.000000
vn -0.074571 -0.066627 0.000000
vn -0.074571 -0.066627 0.000000
vn -0.072009 -0.069388 0.000000
vn -0.069345 -0.072050 0.000000
vn -0.066583 -0.074610 0.000000
vn -0.080936 -0.058731 0.000000
vn -0.081101 -0.058503 0.000000
vn -0.086633 -0.049947 0.000000
vn -0.086750 -0.049744 0.000000
vn -0.091380 -0.040616 0.000000
vn -0.091456 -0.040445 0.000000
vn -0.095126 -0.030840 0.000000
vn -0.095169 -0.030706 0.000000
vn -0.097829 -0.020725 0.000000
vn -0.097848 -0.020633 0.000000
vn -0.099459 -0.010383 0.000000
vn -0.099464 -0.010337 0.000000
vn -0.100000 0.000072 -0.000000
vn -0.100000 0.000072 -0.000000
vn 0.100000 -0.000000 0.000000
vn 0.100000 -0.000000 0.000000
vn 0.100000 -0.000000 0.000000
vn 0.100000 -0.000000 0.000000
vn 0.000033 -0.100000 0.000000
vn 0.000033 -0.100000 0.000000
vn 0.000033 -0.100000 0.000000
vn 0.000033 -0.100000 0.000000
vn -0.000060 0.100000 -0.000000
vn -0.000060 0.100000 -0.000000
vn -0.000060 0.100000 -0.000000
vn -0.000060 0.100000 -0.000000
vn -0.060269 -0.079797 0.000000
vn -0.060269 -0.079797 0.000000
vn -0.060269 -0.079797 0.000000
vn -0.060269 -0.079797 0.000000
vn -0.060269 -0.079797 0.000000
vn -0.060269 -0.079797 0.000000
vn 0.000000 -0.100000 0.000000
vn 0.000000 -0.100000 0.000000
vn 0.000000 -0.100000 0.000000
vn 0.000000 -0.100000 0.000000
vn 0.066731 -0.074478 0.000000
vn 0.066731 -0.074478 0.000000
vn 0.066731 -0.074478 0.000000
vn 0.066731 -0.074478 0.000000
vn 0.066731 -0.074478 0.000000
vn 0.066731 -0.074478 0.000000
vn 0.000000 0.000000 0.100000
vn 0.000000 0.000000 0.100000
vn 0.000000 0.000000 0.100000
vn 0.000000 0.000000 0.100000
vn 0.100000 -0.000112 0.000000
vn 0.100000 -0.000112 0.000000
vn 0.100000 -0.000112 0.000000
vn 0.100000 -0.000112 0.000000
vn 0.100000 0.000007 0.000000
vn 0.100000 0.000007 0.000000
vn 0.100000 0.000007 0.000000
vn 0.100000 0.000007 0.000000
vn 0.100000 0.000003 0.000000
vn 0.100000 0.000003 0.000000
vn 0.100000 0.000003 0.000000
vn 0.100000 0.000003 0.000000
vn -0.074618 0.066575 -0.000000
vn -0.074618 0.066575 -0.000000
vn -0.074618 0.066575 -0.000000
vn -0.074618 0.066575 -0.000000
vn -0.074618 0.066575 -0.000000
vn -0.074618 0.066575 -0.000000
vn -0.074618 0.066575 -0.000000
vn -0.100000 0.000000 -0.000000
vn -0.100000 0.000000 -0.000000
vn -0.100000 0.000000 -0.000000
vn -0.100000 0.000000 -0.000000
vn 0.000000 0.000000 0.100000
vn 0.000000 0.000000 0.100000
vn 0.000000 0.000000 0.100000
vn 0.000000 0.000000 0.100000
vn 0.000000 0.000000 0.100000
vn 0.000000 0.000000 0.100000
vn 0.000000 0.000000 0.100000
vn 0.000000 0.000000 0.100000
vn 0.000000 0.000000 0.100000
vn 0.074618 -0.066575 0.000000
vn 0.063821 -0.076986 0.000000
vn 0.074618 -0.066575 0.000000
vn 0.063821 -0.076986 0.000000
vn 0.051771 -0.085556 0.000000
vn 0.051771 -0.085556 0.000000
vn 0.039087 -0.092045 0.000000
vn 0.039087 -0.092045 0.000000
vn 0.026366 -0.096462 0.000000
vn 0.026366 -0.096462 0.000000
vn 0.014075 -0.099005 0.000000
vn 0.014075 -0.099005 0.000000
vn 0.002517 -0.099968 0.000000
vn 0.002517 -0.099968 0.000000
vn -0.008159 -0.099667 0.000000
vn -0.008159 -0.099667 0.000000
vn -0.017917 -0.098382 0.000000
vn -0.017917 -0.098382 0.000000
vn -0.026790 -0.096345 0.000000
vn -0.026790 -0.096345 0.000000
vn -0.034852 -0.093730 0.000000
vn -0.034852 -0.093730 0.000000
vn -0.042192 -0.090664 0.000000
vn -0.042192 -0.090664 0.000000
vn -0.048898 -0.087229 0.000000
vn -0.048898 -0.087229 0.000000
vn -0.055055 -0.083480 0.000000
vn -0.055055 -0.083480 0.000000
vn -0.060737 -0.079442 0.000000
vn -0.060737 -0.079442 0.000000
vn -0.066006 -0.075121 0.000000
vn -0.066006 -0.075121 0.000000
vn -0.070913 -0.070508 0.000000
vn -0.070913 -0.070508 0.000000
vn -0.075496 -0.065577 0.000000
vn -0.075496 -0.065577 0.000000
vn -0.079780 -0.060293 0.000000
vn -0.079780 -0.060293 0.000000
vn -0.083776 -0.054604 0.000000
vn -0.083776 -0.054604 0.000000
vn -0.087480 -0.048449 0.000000
vn -0.087480 -0.048449 0.000000
vn -0.090865 -0.041756 0.000000
vn -0.090865 -0.041756 0.000000
vn -0.093881 -0.034443 0.000000
vn -0.093881 -0.034443 0.000000
vn -0.096446 -0.026422 0.000000
vn -0.096446 -0.026422 0.000000
vn -0.098438 -0.017604 0.000000
vn -0.098438 -0.017604 0.000000
vn -0.099686 -0.007917 0.000000
vn -0.099686 -0.007917 0.000000
vn -0.099964 0.002677 -0.000000
vn -0.099964 0.002677 -0.000000
vn -0.098994 0.014145 -0.000000
vn -0.098994 0.014145 -0.000000
vn -0.096467 0.026348 -0.000000
vn -0.096467 0.026348 -0.000000
vn -0.092084 0.038994 -0.000000
vn -0.092084 0.038994 -0.000000
vn -0.085642 0.051628 -0.000000
vn -0.085642 0.051628 -0.000000
vn -0.077117 0.063663 -0.000000
vn -0.077117 0.063663 -0.000000
vn -0.066731 0.074478 -0.000000
vn -0.066731 0.074478 -0.000000
vn 0.072949 0.068399 0.000000
vn 0.072949 0.068399 0.000000
vn 0.070690 0.070731 0.000000
vn 0.070690 0.070731 0.000000
vn 0.068356 0.072989 0.000000
vn 0.068356 0.072989 0.000000
vn 0.075900 -0.065109 0.000000
vn 0.075900 -0.065109 0.000000
vn 0.000000 0.000000 0.100000
vn 0.000000 0.000000 0.100000
vn 0.000000 0.000000 0.100000
vn 0.000000 0.000000 0.100000
vn 0.000000 0.000000 0.100000
vn 0.000000 0.000000 0.100000
vn 0.000000 0.000000 0.100000
vn 0.000000 0.000000 0.100000
vn 0.000000 0.000000 0.100000
vn 0.000000 0.000000 0.100000
vn 0.000000 0.000000 0.100000
vn 0.000000 0.000000 0.100000
vn 0.000000 0.000000 0.100000
vn 0.000000 0.000000 0.100000
vn 0.000000 0.000000 0.100000
vn 0.000000 0.000000 0.100000
vn 0.000000 0.000000 0.100000
vn 0.000000 0.000000 0.100000
vn 0.000000 0.000000 0.100000
vn 0.000000 0.000000 0.100000
vn 0.000000 0.000000 0.100000
vn 0.000000 0.000000 0.100000
vn 0.000000 0.000000 0.100000
vn 0.000000 0.000000 0.100000
vn 0.000000 0.000000 0.100000
vn 0.000000 0.000000 0.100000
vn 0.000000 0.000000 0.100000
vn 0.000000 0.000000 0.100000
vn 0.000000 0.000000 0.100000
vn 0.000000 0.000000 0.100000
vn 0.000000 0.000000 0.100000
vn 0.000000 0.000000 0.100000
vn 0.000000 0.000000 0.100000
vn 0.000000 0.000000 0.100000
vn 0.000000 0.000000 0.100000
vn 0.000000 0.000000 0.100000
vn 0.000000 0.000000 0.100000
vn 0.000000 0.000000 0.100000
vn 0.000000 0.000000 0.100000
vn 0.000000 0.000000 0.100000
vn 0.000000 0.000000 0.100000
vn 0.000000 0.000000 0.100000
vn 0.000000 0.000000 0.100000
vn 0.000000 0.000000 0.100000
vn 0.000000 0.000000 0.100000
vn 0.000000 0.000000 0.100000
vn 0.000000 0.000000 0.100000
vn 0.000000 0.000000 0.100000
vn 0.000000 0.000000 0.100000
vn 0.000000 0.000000 0.100000
vn 0.000000 0.000000 0.100000
vn 0.000000 0.000000 0.100000
vn 0.000001 -0.100000 0.000000
vn 0.000001 -0.100000 0.000000
vn -0.006128 -0.099812 0.000000
vn -0.006128 -0.099812 0.000000
vn -0.012218 -0.099251 0.000000
vn -0.018230 -0.098324 0.000000
vn -0.018230 -0.098324 0.000000
vn -0.012218 -0.099251 0.000000
vn -0.024128 -0.097045 0.000000
vn -0.024128 -0.097045 0.000000
vn -0.029880 -0.095432 0.000000
vn -0.029880 -0.095432 0.000000
vn -0.035454 -0.093504 0.000000
vn -0.035454 -0.093504 0.000000
vn -0.045979 -0.088803 0.000000
vn -0.045979 -0.088803 0.000000
vn -0.055555 -0.083148 0.000000
vn -0.055555 -0.083148 0.000000
vn -0.064105 -0.076750 0.000000
vn -0.064105 -0.076750 0.000000
vn -0.071609 -0.069801 0.000000
vn -0.071609 -0.069801 0.000000
vn -0.078089 -0.062466 0.000000
vn -0.078089 -0.062466 0.000000
vn -0.083597 -0.054878 0.000000
vn -0.083597 -0.054878 0.000000
vn -0.088194 -0.047135 0.000000
vn -0.088194 -0.047135 0.000000
vn -0.091950 -0.039308 0.000000
vn -0.091950 -0.039308 0.000000
vn -0.094928 -0.031444 0.000000
vn -0.094928 -0.031444 0.000000
vn -0.097183 -0.023570 0.000000
vn -0.097183 -0.023570 0.000000
vn -0.098760 -0.015699 0.000000
vn -0.098760 -0.015699 0.000000
vn -0.099692 -0.007836 0.000000
vn -0.099692 -0.007836 0.000000
vn -0.100000 0.000022 -0.000000
vn -0.100000 0.000022 -0.000000
vn 0.000000 0.000000 0.100000
vn 0.000000 0.000000 0.100000
vn 0.000000 0.000000 0.100000
vn 0.000000 0.000000 0.100000
vn 0.000000 0.000000 0.100000
vn 0.000000 0.000000 0.100000
vn 0.000000 0.000000 0.100000
vn 0.000000 0.000000 0.100000
vn 0.000000 0.000000 0.100000
vn 0.000000 0.000000 0.100000
vn 0.000000 0.000000 0.100000
vn 0.000000 0.000000 0.100000
vn 0.000000 0.000000 0.100000
vn 0.000000 0.000000 0.100000
vn 0.000000 0.000000 0.100000
vn 0.000000 0.000000 0.100000
vn 0.000000 0.000000 0.100000
vn 0.000000 0.000000 0.100000
vn 0.000000 0.000000 0.100000
vn 0.000000 0.000000 0.100000
vn 0.000000 0.000000 0.100000
vn 0.000000 0.000000 0.100000
vn 0.000000 0.000000 0.100000
vn 0.000000 0.000000 0.100000
vn 0.000000 0.000000 0.100000
vn 0.000000 0.000000 0.100000
vn 0.000000 0.000000 0.100000
vn 0.000000 0.000000 0.100000
vn 0.000000 0.000000 0.100000
vn 0.000000 0.000000 0.100000
vn 0.000000 0.000000 0.100000
vn 0.000000 0.000000 0.100000
vn 0.000000 0.000000 0.100000
vn 0.000000 0.000000 0.100000
vn 0.000000 0.000000 0.100000
vn 0.000000 0.000000 0.100000
vn 0.000000 0.000000 0.100000
vn 0.000000 0.000000 0.100000
vn 0.000000 0.000000 0.100000
vn 0.000000 0.000000 0.100000
vn -0.000033 -0.100000 0.000000
vn -0.000033 -0.100000 0.000000
vn -0.000033 -0.100000 0.000000
vn -0.000033 -0.100000 0.000000
vn 0.000000 0.000000 0.100000
vn 0.000000 0.000000 0.100000
vn 0.000000 0.000000 0.100000
vn 0.000000 0.000000 0.100000
vn 0.000000 0.000000 0.100000
vn 0.000000 0.000000 0.100000
vn 0.000000 0.000000 0.100000
vn 0.000000 0.000000 0.100000
vn 0.000000 0.000000 0.100000
vn 0.000000 0.000000 0.100000
vn 0.000000 0.000000 0.100000
vn 0.000000 0.000000 0.100000
vn 0.000000 0.000000 0.100000
vn 0.000000 0.000000 0.100000
vn 0.000000 0.000000 0.100000
vn 0.000000 0.000000 0.100000
vn 0.000000 0.000000 0.100000
vn 0.000000 0.000000 0.100000
vn 0.000000 0.000000 0.100000
vn 0.000000 0.000000 0.100000
vn 0.000000 0.000000 0.100000
vn 0.000000 0.000000 0.100000
vn 0.000000 0.000000 0.100000
vn 0.000000 0.000000 0.100000
vn 0.000000 0.000000 0.100000
vn 0.000000 0.000000 0.100000
vn 0.000000 0.000000 0.100000
vn 0.000000 0.000000 0.100000
vn 0.000000 0.000000 0.100000
vn 0.000000 0.000000 0.100000
vn 0.000000 0.000000 0.100000
vn 0.000000 0.000000 0.100000
vn 0.000000 0.000000 0.100000
vn 0.000000 0.000000 0.100000
vn 0.000000 0.000000 0.100000
vn 0.000000 0.000000 0.100000
vn 0.000000 0.000000 0.100000
vn 0.000000 0.000000 0.100000
vn 0.000000 0.000000 0.100000
vn 0.000000 0.000000 0.100000
vn 0.000000 0.000000 0.100000
vn 0.000000 0.000000 0.100000
vn 0.000000 0.000000 0.100000
vn 0.000000 0.000000 0.100000
vn 0.000000 0.000000 0.100000
vn 0.000000 0.000000 0.100000
vn 0.000000 0.000000 0.100000
vn 0.000000 0.000000 0.100000
vn 0.000000 0.000000 0.100000
vn 0.000000 0.000000 0.100000
vn 0.000000 0.000000 0.100000
vn 0.000000 0.000000 0.100000
vn 0.000000 0.000000 0.100000
vn 0.000000 0.000000 0.100000
vn 0.000000 0.000000 0.100000
vn 0.000000 0.000000 0.100000
vn 0.000000 0.000000 0.100000
vn 0.000000 0.000000 0.100000
vn 0.000000 0.000000 0.100000
vn 0.000000 0.000000 0.100000
vn 0.000000 0.000000 0.100000
vn 0.000000 0.000000 0.100000
vn 0.000000 0.000000 0.100000
vn 0.000000 0.000000 0.100000
vn 0.000000 0.000000 0.100000
vn 0.000000 0.000000 0.100000
vn 0.000000 0.000000 0.100000
vn 0.000000 0.000000 0.100000
vn 0.000000 0.000000 0.100000
vn 0.000000 0.000000 0.100000
vn 0.000000 0.000000 0.100000
vn 0.000000 0.000000 0.100000
vn 0.000000 0.000000 0.100000
vn 0.000000 0.000000 0.100000
vn 0.000000 0.000000 0.100000
vn 0.000000 0.000000 0.100000
vn 0.000000 0.000000 0.100000
vn 0.000000 0.000000 0.100000
vn 0.000000 0.000000 0.100000
vn 0.000000 0.000000 0.100000
vn 0.000000 0.000000 0.100000
vn 0.000000 0.000000 0.100000
vn 0.000000 0.000000 0.100000
vn 0.000000 0.000000 0.100000
vn 0.000000 0.000000 0.100000
vn 0.000000 0.000000 0.100000
vn 0.000000 0.000000 0.100000
vn 0.000000 0.000000 0.100000
vn 0.000000 0.000000 0.100000
vn 0.000000 0.000000 0.100000
vn 0.000000 0.000000 0.100000
vn 0.000000 0.000000 0.100000
vn 0.000000 0.000000 0.100000
vn 0.000000 0.000000 0.100000
vn 0.000000 0.000000 0.100000
vn 0.000000 0.000000 0.100000
vn 0.000000 0.000000 0.100000
vn 0.000000 0.000000 0.100000
vn 0.000000 0.000000 0.100000
vn 0.000000 0.000000 0.100000
vn 0.000000 0.000000 0.100000
vn 0.000000 0.000000 0.100000
vn 0.100000 0.000112 0.000000
vn 0.100000 0.000112 0.000000
vn 0.100000 0.000112 0.000000
vn 0.100000 0.000112 0.000000
vn 0.100000 0.000112 0.000000
vn 0.100000 0.000112 0.000000
vn 0.099997 -0.000712 0.000000
vn 0.099997 -0.000712 0.000000
vn 0.099997 -0.000712 0.000000
vn 0.099997 -0.000712 0.000000
vn -0.000060 -0.100000 0.000000
vn -0.000060 -0.100000 0.000000
vn -0.000060 -0.100000 0.000000
vn -0.000060 -0.100000 0.000000
vn 0.000037 -0.100000 0.000000
vn 0.000037 -0.100000 0.000000
vn 0.000037 -0.100000 0.000000
vn 0.000037 -0.100000 0.000000
vn 0.058475 -0.081121 0.000000
vn 0.058820 -0.080871 0.000000
vn 0.066583 -0.074610 0.000000
vn 0.066953 -0.074279 0.000000
vn 0.066953 -0.074279 0.000000
vn 0.074352 -0.066871 0.000000
vn 0.072009 -0.069388 0.000000
vn 0.074571 -0.066627 0.000000
vn 0.074571 -0.066627 0.000000
vn 0.074352 -0.066871 0.000000
vn 0.080936 -0.058731 0.000000
vn 0.050042 -0.086578 0.000000
vn 0.049735 -0.086755 0.000000
vn 0.040716 -0.091336 0.000000
vn 0.040457 -0.091451 0.000000
vn 0.030944 -0.095092 0.000000
vn 0.030741 -0.095158 0.000000
vn 0.020832 -0.097806 0.000000
vn 0.020694 -0.097835 0.000000
vn 0.010492 -0.099448 0.000000
vn 0.010422 -0.099455 0.000000
vn 0.000037 -0.100000 0.000000
vn 0.000037 -0.100000 0.000000
vn 0.081101 -0.058503 0.000000
vn 0.086633 -0.049947 0.000000
vn 0.086750 -0.049744 0.000000
vn 0.091380 -0.040616 0.000000
vn 0.091456 -0.040445 0.000000
vn 0.095126 -0.030840 0.000000
vn 0.095169 -0.030706 0.000000
vn 0.097829 -0.020725 0.000000
vn 0.097848 -0.020633 0.000000
vn 0.099459 -0.010383 0.000000
vn 0.099464 -0.010337 0.000000
vn 0.100000 0.000072 0.000000
vn 0.100000 0.000072 0.000000
vn 0.069345 -0.072050 0.000000
vn 0.066583 -0.074610 0.000000
vn -0.100000 -0.000000 0.000000
vn -0.100000 -0.000000 0.000000
vn -0.100000 -0.000000 0.000000
vn -0.100000 -0.000000 0.000000
vn 0.000000 0.100000 0.000000
vn 0.000000 0.100000 0.000000
vn 0.000000 0.100000 0.000000
vn 0.000000 0.100000 0.000000
vn 0.000000 0.100000 0.000000
vn 0.000000 0.100000 0.000000
vn 0.000060 0.100000 0.000000
vn 0.000060 0.100000 0.000000
vn 0.000060 0.100000 0.000000
vn 0.000060 0.100000 0.000000
vn 0.060269 -0.079797 0.000000
vn 0.060269 -0.079797 0.000000
vn 0.060269 -0.079797 0.000000
vn 0.060269 -0.079797 0.000000
vn 0.060269 -0.079797 0.000000
vn 0.060269 -0.079797 0.000000
vn 0.000000 -0.100000 0.000000
vn 0.000000 -0.100000 0.000000
vn 0.000000 -0.100000 0.000000
vn 0.000000 -0.100000 0.000000
vn -0.066731 -0.074478 0.000000
vn -0.066731 -0.074478 0.000000
vn -0.066731 -0.074478 0.000000
vn -0.066731 -0.074478 0.000000
vn -0.066731 -0.074478 0.000000
vn -0.066731 -0.074478 0.000000
vn 0.000000 0.000000 0.100000
vn 0.000000 0.000000 0.100000
vn 0.000000 0.000000 0.100000
vn 0.000000 0.000000 0.100000
vn -0.100000 -0.000112 0.000000
vn -0.100000 -0.000112 0.000000
vn -0.100000 -0.000112 0.000000
vn -0.100000 -0.000112 0.000000
vn -0.100000 0.000007 0.000000
vn -0.100000 0.000007 0.000000
vn -0.100000 0.000007 0.000000
vn -0.100000 0.000007 0.000000
vn -0.100000 0.000003 0.000000
vn -0.100000 0.000003 0.000000
vn -0.100000 0.000003 0.000000
vn -0.100000 0.000003 0.000000
vn 0.074618 0.066575 0.000000
vn 0.074618 0.066575 0.000000
vn 0.074618 0.066575 0.000000
vn 0.074618 0.066575 0.000000
vn 0.074618 0.066575 0.000000
vn 0.074618 0.066575 0.000000
vn 0.074618 0.066575 0.000000
vn 0.100000 0.000000 0.000000
vn 0.100000 0.000000 0.000000
vn 0.100000 0.000000 0.000000
vn 0.100000 0.000000 0.000000
vn 0.000000 0.000000 0.100000
vn 0.000000 0.000000 0.100000
vn 0.000000 0.000000 0.100000
vn 0.000000 0.000000 0.100000
vn 0.000000 0.000000 0.100000
vn 0.000000 0.000000 0.100000
vn 0.000000 0.000000 0.100000
vn 0.000000 0.000000 0.100000
vn 0.000000 0.000000 0.100000
vn -0.074618 -0.066575 0.000000
vn -0.063821 -0.076986 0.000000
vn -0.074618 -0.066575 0.000000
vn -0.063821 -0.076986 0.000000
vn -0.051771 -0.085556 0.000000
vn -0.051771 -0.085556 0.000000
vn -0.039087 -0.092045 0.000000
vn -0.039087 -0.092045 0.000000
vn -0.026366 -0.096462 0.000000
vn -0.026366 -0.096462 0.000000
vn -0.014075 -0.099005 0.000000
vn -0.014075 -0.099005 0.000000
vn -0.002517 -0.099968 0.000000
vn -0.002517 -0.099968 0.000000
vn 0.008159 -0.099667 0.000000
vn 0.008159 -0.099667 0.000000
vn 0.017917 -0.098382 0.000000
vn 0.017917 -0.098382 0.000000
vn 0.026790 -0.096345 0.000000
vn 0.026790 -0.096345 0.000000
vn 0.034852 -0.093730 0.000000
vn 0.034852 -0.093730 0.000000
vn 0.042192 -0.090664 0.000000
vn 0.042192 -0.090664 0.000000
vn 0.048898 -0.087229 0.000000
vn 0.048898 -0.087229 0.000000
vn 0.055055 -0.083480 0.000000
vn 0.055055 -0.083480 0.000000
vn 0.060737 -0.079442 0.000000
vn 0.060737 -0.079442 0.000000
vn 0.066006 -0.075121 0.000000
vn 0.066006 -0.075121 0.000000
vn 0.070913 -0.070508 0.000000
vn 0.070913 -0.070508 0.000000
vn 0.075496 -0.065577 0.000000
vn 0.075496 -0.065577 0.000000
vn 0.079780 -0.060293 0.000000
vn 0.079780 -0.060293 0.000000
vn 0.083776 -0.054604 0.000000
vn 0.083776 -0.054604 0.000000
vn 0.087480 -0.048449 0.000000
vn 0.087480 -0.048449 0.000000
vn 0.090865 -0.041756 0.000000
vn 0.090865 -0.041756 0.000000
vn 0.093881 -0.034443 0.000000
vn 0.093881 -0.034443 0.000000
vn 0.096446 -0.026422 0.000000
vn 0.096446 -0.026422 0.000000
vn 0.098438 -0.017604 0.000000
vn 0.098438 -0.017604 0.000000
vn 0.099686 -0.007917 0.000000
vn 0.099686 -0.007917 0.000000
vn 0.099964 0.002677 0.000000
vn 0.099964 0.002677 0.000000
vn 0.098994 0.014145 0.000000
vn 0.098994 0.014145 0.000000
vn 0.096467 0.026348 0.000000
vn 0.096467 0.026348 0.000000
vn 0.092084 0.038994 0.000000
vn 0.092084 0.038994 0.000000
vn 0.085642 0.051628 0.000000
vn 0.085642 0.051628 0.000000
vn 0.077117 0.063663 0.000000
vn 0.077117 0.063663 0.000000
vn 0.066731 0.074478 0.000000
vn 0.066731 0.074478 0.000000
vn -0.068356 0.072989 -0.000000
vn -0.068356 0.072989 -0.000000
vn -0.070690 0.070731 -0.000000
vn -0.070690 0.070731 -0.000000
vn -0.072949 0.068399 -0.000000
vn -0.072949 0.068399 -0.000000
vn -0.075900 -0.065109 0.000000
vn -0.075900 -0.065109 0.000000
vn 0.000000 0.000000 0.100000
vn 0.000000 0.000000 0.100000
vn 0.000000 0.000000 0.100000
vn 0.000000 0.000000 0.100000
vn 0.000000 0.000000 0.100000
vn 0.000000 0.000000 0.100000
vn 0.000000 0.000000 0.100000
vn 0.000000 0.000000 0.100000
vn 0.000000 0.000000 0.100000
vn 0.000000 0.000000 0.100000
vn 0.000000 0.000000 0.100000
vn 0.000000 0.000000 0.100000
vn 0.000000 0.000000 0.100000
vn 0.000000 0.000000 0.100000
vn 0.000000 0.000000 0.100000
vn 0.000000 0.000000 0.100000
vn 0.000000 0.000000 0.100000
vn 0.000000 0.000000 0.100000
vn 0.000000 0.000000 0.100000
vn 0.000000 0.000000 0.100000
vn 0.000000 0.000000 0.100000
vn 0.000000 0.000000 0.100000
vn 0.000000 0.000000 0.100000
vn 0.000000 0.000000 0.100000
vn 0.000000 0.000000 0.100000
vn 0.000000 0.000000 0.100000
vn 0.000000 0.000000 0.100000
vn 0.000000 0.000000 0.100000
vn 0.000000 0.000000 0.100000
vn 0.000000 0.000000 0.100000
vn 0.000000 0.000000 0.100000
vn 0.000000 0.000000 0.100000
vn 0.000000 0.000000 0.100000
vn 0.000000 0.000000 0.100000
vn 0.000000 0.000000 0.100000
vn 0.000000 0.000000 0.100000
vn 0.000000 0.000000 0.100000
vn 0.000000 0.000000 0.100000
vn 0.000000 0.000000 0.100000
vn 0.000000 0.000000 0.100000
vn 0.000000 0.000000 0.100000
vn 0.000000 0.000000 0.100000
vn 0.000000 0.000000 0.100000
vn 0.000000 0.000000 0.100000
vn 0.000000 0.000000 0.100000
vn 0.000000 0.000000 0.100000
vn 0.000000 0.000000 0.100000
vn 0.000000 0.000000 0.100000
vn 0.000000 0.000000 0.100000
vn 0.000000 0.000000 0.100000
vn 0.000000 0.000000 0.100000
vn 0.000000 0.000000 0.100000
vn -0.000000 0.000000 -0.100000
vn -0.000000 0.000000 -0.100000
vn -0.000000 0.000000 -0.100000
vn -0.000000 0.000000 -0.100000
vn -0.000000 0.000000 -0.100000
vn -0.000000 0.000000 -0.100000
vn -0.000000 0.000000 -0.100000
vn -0.000000 0.000000 -0.100000
vn -0.000000 0.000000 -0.100000
vn -0.000000 0.000000 -0.100000
vn -0.000000 0.000000 -0.100000
vn -0.000000 0.000000 -0.100000
vn -0.000000 0.000000 -0.100000
vn -0.000000 0.000000 -0.100000
vn -0.000000 0.000000 -0.100000
vn -0.000000 0.000000 -0.100000
vn -0.000000 0.000000 -0.100000
vn -0.000000 0.000000 -0.100000
vn -0.000000 0.000000 -0.100000
vn -0.000000 0.000000 -0.100000
vn -0.000000 0.000000 -0.100000
vn -0.000000 0.000000 -0.100000
vn -0.000000 0.000000 -0.100000
vn -0.000000 0.000000 -0.100000
vn -0.000000 0.000000 -0.100000
vn -0.000000 0.000000 -0.100000
vn -0.000000 0.000000 -0.100000
vn -0.000000 0.000000 -0.100000
vn -0.000000 0.000000 -0.100000
vn -0.000000 0.000000 -0.100000
vn -0.000000 0.000000 -0.100000
vn -0.000000 0.000000 -0.100000
vn -0.000000 0.000000 -0.100000
vn -0.000000 0.000000 -0.100000
vn -0.000000 0.000000 -0.100000
vn -0.000000 0.000000 -0.100000
vn -0.000000 0.000000 -0.100000
vn -0.000000 0.000000 -0.100000
vn -0.000000 0.000000 -0.100000
vn -0.000000 0.000000 -0.100000
vn -0.000000 0.000000 -0.100000
vn -0.000000 0.000000 -0.100000
vn -0.000000 0.000000 -0.100000
vn -0.000000 0.000000 -0.100000
vn -0.000000 0.000000 -0.100000
vn -0.000000 0.000000 -0.100000
vn -0.000000 0.000000 -0.100000
vn -0.000000 0.000000 -0.100000
vn -0.000000 0.000000 -0.100000
vn -0.000000 0.000000 -0.100000
vn -0.000000 0.000000 -0.100000
vn -0.000000 0.000000 -0.100000
vn -0.000000 0.000000 -0.100000
vn -0.000000 0.000000 -0.100000
vn -0.000000 0.000000 -0.100000
vn -0.000000 0.000000 -0.100000
vn -0.000000 0.000000 -0.100000
vn -0.000000 0.000000 -0.100000
vn -0.000000 0.000000 -0.100000
vn -0.000000 0.000000 -0.100000
vn -0.000000 0.000000 -0.100000
vn -0.000000 0.000000 -0.100000
vn -0.000000 0.000000 -0.100000
vn -0.000000 0.000000 -0.100000
vn -0.000000 0.000000 -0.100000
vn -0.000000 0.000000 -0.100000
vn -0.000000 0.000000 -0.100000
vn -0.000000 0.000000 -0.100000
vn -0.000000 0.000000 -0.100000
vn -0.000000 0.000000 -0.100000
vn -0.000000 0.000000 -0.100000
vn -0.000000 0.000000 -0.100000
vn -0.000000 0.000000 -0.100000
vn -0.000000 0.000000 -0.100000
vn -0.000000 0.000000 -0.100000
vn -0.000000 0.000000 -0.100000
vn -0.000000 0.000000 -0.100000
vn -0.000000 0.000000 -0.100000
vn -0.000000 0.000000 -0.100000
vn -0.000000 0.000000 -0.100000
vn -0.000000 0.000000 -0.100000
vn -0.000000 0.000000 -0.100000
vn -0.000000 0.000000 -0.100000
vn -0.000000 0.000000 -0.100000
vn -0.000000 0.000000 -0.100000
vn -0.000000 0.000000 -0.100000
vn -0.000000 0.000000 -0.100000
vn -0.000000 0.000000 -0.100000
vn -0.000000 0.000000 -0.100000
vn -0.000000 0.000000 -0.100000
vn -0.000000 0.000000 -0.100000
vn -0.000000 0.000000 -0.100000
vn -0.000000 0.000000 -0.100000
vn -0.000000 0.000000 -0.100000
vn -0.000000 0.000000 -0.100000
vn -0.000000 0.000000 -0.100000
vn -0.000000 0.000000 -0.100000
vn -0.000000 0.000000 -0.100000
vn -0.000000 0.000000 -0.100000
vn -0.000000 0.000000 -0.100000
vn -0.000000 0.000000 -0.100000
vn -0.000000 0.000000 -0.100000
vn -0.000000 0.000000 -0.100000
vn -0.000000 0.000000 -0.100000
vn -0.000000 0.000000 -0.100000
vn -0.000000 0.000000 -0.100000
vn -0.000000 0.000000 -0.100000
vn -0.000000 0.000000 -0.100000
vn -0.000000 0.000000 -0.100000
vn -0.000000 0.000000 -0.100000
vn -0.000000 0.000000 -0.100000
vn -0.000000 0.000000 -0.100000
vn -0.000000 0.000000 -0.100000
vn -0.000000 0.000000 -0.100000
vn -0.000000 0.000000 -0.100000
vn -0.000000 0.000000 -0.100000
vn -0.000000 0.000000 -0.100000
vn -0.000000 0.000000 -0.100000
vn -0.000000 0.000000 -0.100000
vn -0.000000 0.000000 -0.100000
vn -0.000000 0.000000 -0.100000
vn -0.000000 0.000000 -0.100000
vn -0.000000 0.000000 -0.100000
vn -0.000000 0.000000 -0.100000
vn -0.000000 0.000000 -0.100000
vn -0.000000 0.000000 -0.100000
vn -0.000000 0.000000 -0.100000
vn -0.000000 0.000000 -0.100000
vn -0.000000 0.000000 -0.100000
vn -0.000000 0.000000 -0.100000
vn -0.000000 0.000000 -0.100000
vn -0.000000 0.000000 -0.100000
vn -0.000000 0.000000 -0.100000
vn -0.000000 0.000000 -0.100000
vn -0.000000 0.000000 -0.100000
vn -0.000000 0.000000 -0.100000
vn -0.000000 0.000000 -0.100000
vn -0.000000 0.000000 -0.100000
vn -0.000000 0.000000 -0.100000
vn -0.000000 0.000000 -0.100000
vn -0.000000 0.000000 -0.100000
vn -0.000000 0.000000 -0.100000
vn -0.000000 0.000000 -0.100000
vn -0.000000 0.000000 -0.100000
vn -0.000000 0.000000 -0.100000
vn -0.000000 0.000000 -0.100000
vn -0.000000 0.000000 -0.100000
vn -0.000000 0.000000 -0.100000
vn -0.000000 0.000000 -0.100000
vn -0.000000 0.000000 -0.100000
vn -0.000000 0.000000 -0.100000
vn -0.000000 0.000000 -0.100000
vn -0.000000 0.000000 -0.100000
vn -0.000000 0.000000 -0.100000
vn -0.000000 0.000000 -0.100000
vn -0.000000 0.000000 -0.100000
vn -0.000000 0.000000 -0.100000
vn -0.000000 0.000000 -0.100000
vn -0.000000 0.000000 -0.100000
vn -0.000000 0.000000 -0.100000
vn -0.000000 0.000000 -0.100000
vn -0.000000 0.000000 -0.100000
vn -0.000000 0.000000 -0.100000
vn -0.000000 0.000000 -0.100000
vn -0.000000 0.000000 -0.100000
vn -0.000000 0.000000 -0.100000
vn -0.000000 0.000000 -0.100000
vn -0.000000 0.000000 -0.100000
vn -0.000000 0.000000 -0.100000
vn -0.000000 0.000000 -0.100000
vn -0.000000 0.000000 -0.100000
vn -0.000000 0.000000 -0.100000
vn -0.000000 0.000000 -0.100000
vn -0.000000 0.000000 -0.100000
vn -0.000000 0.000000 -0.100000
vn -0.000000 0.000000 -0.100000
vn -0.000000 0.000000 -0.100000
vn -0.000000 0.000000 -0.100000
vn -0.000000 0.000000 -0.100000
vn -0.000000 0.000000 -0.100000
vn -0.000000 0.000000 -0.100000
vn -0.000000 0.000000 -0.100000
vn -0.000000 0.000000 -0.100000
vn -0.000000 0.000000 -0.100000
vn -0.000000 0.000000 -0.100000
vn -0.000000 0.000000 -0.100000
vn -0.000000 0.000000 -0.100000
vn -0.000000 0.000000 -0.100000
vn -0.000000 0.000000 -0.100000
vn -0.000000 0.000000 -0.100000
vn -0.000000 0.000000 -0.100000
vn -0.000000 0.000000 -0.100000
vn -0.000000 0.000000 -0.100000
vn -0.000000 0.000000 -0.100000
vn -0.000000 0.000000 -0.100000
vn -0.000000 0.000000 -0.100000
vn -0.000000 0.000000 -0.100000
vn -0.000000 0.000000 -0.100000
vn -0.000000 0.000000 -0.100000
vn -0.000000 0.000000 -0.100000
vn -0.000000 0.000000 -0.100000
vn -0.000000 0.000000 -0.100000
vn -0.000000 0.000000 -0.100000
vn -0.000000 0.000000 -0.100000
vn -0.000000 0.000000 -0.100000
vn -0.000000 0.000000 -0.100000
vn -0.000000 0.000000 -0.100000
vn -0.000000 0.000000 -0.100000
vn -0.000000 0.000000 -0.100000
vn -0.000000 0.000000 -0.100000
vn -0.000000 0.000000 -0.100000
vn -0.000000 0.000000 -0.100000
vn -0.000000 0.000000 -0.100000
vn -0.000000 0.000000 -0.100000
vn -0.000000 0.000000 -0.100000
vn -0.000000 0.000000 -0.100000
vn -0.000000 0.000000 -0.100000
vn -0.000000 0.000000 -0.100000
vn -0.000000 0.000000 -0.100000
vn -0.000000 0.000000 -0.100000
vn -0.000000 0.000000 -0.100000
vn -0.000000 0.000000 -0.100000
vn -0.000000 0.000000 -0.100000
vn -0.000000 0.000000 -0.100000
vn -0.000000 0.000000 -0.100000
vn -0.000000 0.000000 -0.100000
vn -0.000000 0.000000 -0.100000
vn -0.000000 0.000000 -0.100000
vn -0.000000 0.000000 -0.100000
vn -0.000000 0.000000 -0.100000
vn -0.000000 0.000000 -0.100000
vn -0.000000 0.000000 -0.100000
vn -0.000000 0.000000 -0.100000
vn -0.000000 0.000000 -0.100000
vn -0.000000 0.000000 -0.100000
vn -0.000000 0.000000 -0.100000
vn -0.000000 0.000000 -0.100000
vn -0.000000 0.000000 -0.100000
vn -0.000000 0.000000 -0.100000
vn -0.000000 0.000000 -0.100000
vn -0.000000 0.000000 -0.100000
vn -0.000000 0.000000 -0.100000
vn -0.000000 0.000000 -0.100000
vn -0.000000 0.000000 -0.100000
vn -0.000000 0.000000 -0.100000
vn -0.000000 0.000000 -0.100000
vn -0.000000 0.000000 -0.100000
vn -0.000000 0.000000 -0.100000
vn -0.000000 0.000000 -0.100000
vn -0.000000 0.000000 -0.100000
vn -0.000000 0.000000 -0.100000
vn -0.000000 0.000000 -0.100000
vn -0.000000 0.000000 -0.100000
vn -0.000000 0.000000 -0.100000
vn -0.000000 0.000000 -0.100000
vn -0.000000 0.000000 -0.100000
usemtl Rivestimento_a_polvere_-_Ruvido_(nero)
f 1/1/1 2/2/2 40/3/3
f 40/3/3 2/2/2 3/4/4
f 40/3/3 3/4/4 4/5/5
f 5/6/6 38/7/7 4/5/5
f 4/5/5 38/7/7 39/8/8
f 4/5/5 39/8/8 40/3/3
f 5/6/6 6/9/9 38/7/7
f 38/7/7 6/9/9 37/10/10
f 37/10/10 6/9/9 36/11/11
f 36/11/11 6/9/9 7/12/12
f 36/11/11 7/12/12 8/13/13
f 36/11/11 8/13/13 35/14/14
f 35/14/14 8/13/13 9/15/15
f 35/14/14 9/15/15 34/16/16
f 34/16/16 9/15/15 10/17/17
f 34/16/16 10/17/17 33/18/18
f 33/18/18 10/17/17 11/19/19
f 33/18/18 11/19/19 32/20/20
f 32/20/20 11/19/19 12/21/21
f 32/20/20 12/21/21 31/22/22
f 31/22/22 12/21/21 13/23/23
f 31/22/22 13/23/23 30/24/24
f 30/24/24 13/23/23 14/25/25
f 30/24/24 14/25/25 29/26/26
f 29/26/26 14/25/25 15/27/27
f 29/26/26 15/27/27 28/28/28
f 28/28/28 15/27/27 16/29/29
f 28/28/28 16/29/29 27/30/30
f 27/30/30 16/29/29 17/31/31
f 27/30/30 17/31/31 26/32/32
f 26/32/32 17/31/31 18/33/33
f 26/32/32 18/33/33 25/34/34
f 25/34/34 18/33/33 19/35/35
f 25/34/34 19/35/35 24/36/36
f 24/36/36 19/35/35 20/37/37
f 24/36/36 20/37/37 23/38/38
f 23/38/38 20/37/37 21/39/39
f 23/38/38 21/39/39 22/40/40
usemtl Rivestimento_a_polvere_-_Ruvido_(verde)
f 41/41/41 42/42/42 46/43/43
f 46/43/43 42/42/42 45/44/44
f 45/44/44 42/42/42 44/45/45
f 44/45/45 42/42/42 43/46/46
f 43/47/47 47/48/48 44/49/49
f 44/49/49 47/48/48 48/50/50
f 50/51/51 51/52/52 49/53/53
f 49/53/53 51/52/52 52/54/54
f 53/55/55 49/56/56 54/57/57
f 54/57/57 49/56/56 52/58/58
f 56/59/59 67/60/60 55/61/61
f 55/61/61 67/60/60 68/62/62
f 55/61/61 68/62/62 87/63/63
f 87/63/63 68/62/62 88/64/64
f 87/63/63 88/64/64 84/65/65
f 84/65/65 88/64/64 83/66/66
f 83/66/66 88/64/64 82/67/67
f 82/67/67 88/64/64 69/68/68
f 82/67/67 69/68/68 70/69/69
f 67/60/60 56/59/59 66/70/70
f 66/70/70 56/59/59 57/71/71
f 66/70/70 57/71/71 65/72/72
f 65/72/72 57/71/71 58/73/73
f 65/72/72 58/73/73 64/74/74
f 64/74/74 58/73/73 59/75/75
f 64/74/74 59/75/75 63/76/76
f 63/76/76 59/75/75 60/77/77
f 63/76/76 60/77/77 62/78/78
f 62/78/78 60/77/77 61/79/79
f 62/78/78 61/79/79 54/80/80
f 54/80/80 61/79/79 53/81/81
f 68/62/62 69/68/68 88/64/64
f 82/67/67 70/69/69 81/82/82
f 81/82/82 70/69/69 71/83/83
f 81/82/82 71/83/83 80/84/84
f 80/84/84 71/83/83 72/85/85
f 80/84/84 72/85/85 79/86/86
f 79/86/86 72/85/85 73/87/87
f 79/86/86 73/87/87 78/88/88
f 78/88/88 73/87/87 74/89/89
f 78/88/88 74/89/89 77/90/90
f 77/90/90 74/89/89 75/91/91
f 77/90/90 75/91/91 76/92/92
f 76/92/92 75/91/91 48/93/93
f 76/92/92 48/93/93 47/94/94
f 84/65/65 85/95/95 87/63/63
f 87/63/63 85/95/95 86/96/96
f 87/63/63 86/96/96 55/61/61
usemtl Rivestimento_a_polvere_-_Ruvido_(nero)
f 90/97/97 91/98/98 89/99/99
f 89/99/99 91/98/98 21/100/100
usemtl Ciliegio_3D_-_Senza_finitura
f 91/98/101 51/101/102 93/102/103
f 93/102/103 51/101/102 92/103/104
usemtl Rivestimento_a_polvere_-_Ruvido_(verde)
f 22/104/105 21/105/106 94/106/107
f 94/106/107 21/105/106 95/107/108
f 95/107/108 21/105/106 91/108/109
f 95/107/108 91/108/109 93/109/110
f 96/110/111 94/111/112 97/112/113
f 97/112/113 94/111/112 95/113/114
f 98/114/115 96/115/116 50/116/117
f 50/116/117 96/115/116 97/117/118
f 50/116/117 97/117/118 51/118/119
f 51/118/119 97/117/118 92/119/120
f 97/120/121 95/121/122 92/122/123
f 92/122/123 95/121/122 93/123/124
usemtl Ciliegio_3D_-_Senza_finitura
f 45/124/125 99/125/126 101/126/127
f 101/126/127 99/125/126 100/127/128
f 99/128/129 102/129/130 100/130/131
f 100/130/131 102/129/130 103/131/132
f 102/132/133 104/133/134 103/134/135
f 103/134/135 104/133/134 105/135/136
usemtl Rivestimento_a_polvere_-_Ruvido_(verde)
f 106/136/137 46/137/138 109/138/139
f 109/138/139 46/137/138 45/139/140
f 109/138/139 45/139/140 107/140/141
f 107/140/141 45/139/140 101/141/142
f 107/140/141 108/142/143 109/138/139
f 109/138/139 108/142/143 106/136/137
usemtl Rivestimento_a_polvere_-_Ruvido_(nero)
f 106/143/144 110/144/145 109/145/146
f 109/145/146 110/144/145 171/146/147
f 171/146/147 110/144/145 111/147/148
f 171/146/147 111/147/148 170/148/149
f 170/148/149 111/147/148 112/149/150
f 170/148/149 112/149/150 169/150/151
f 169/150/151 112/149/150 113/151/152
f 169/150/151 113/151/152 168/152/153
f 168/152/153 113/151/152 114/153/154
f 168/152/153 114/153/154 167/154/155
f 167/154/155 114/153/154 115/155/156
f 167/154/155 115/155/156 166/156/157
f 166/156/157 115/155/156 116/157/158
f 166/156/157 116/157/158 165/158/159
f 165/158/159 116/157/158 117/159/160
f 165/158/159 117/159/160 164/160/161
f 164/160/161 117/159/160 118/161/162
f 164/160/161 118/161/162 163/162/163
f 163/162/163 118/161/162 119/163/164
f 163/162/163 119/163/164 162/164/165
f 162/164/165 119/163/164 120/165/166
f 162/164/165 120/165/166 161/166/167
f 161/166/167 120/165/166 121/167/168
f 161/166/167 121/167/168 160/168/169
f 160/168/169 121/167/168 122/169/170
f 160/168/169 122/169/170 159/170/171
f 159/170/171 122/169/170 123/171/172
f 159/170/171 123/171/172 158/172/173
f 158/172/173 123/171/172 124/173/174
f 158/172/173 124/173/174 157/174/175
f 157/174/175 124/173/174 125/175/176
f 157/174/175 125/175/176 156/176/177
f 156/176/177 125/175/176 126/177/178
f 156/176/177 126/177/178 155/178/179
f 155/178/179 126/177/178 127/179/180
f 155/178/179 127/179/180 154/180/181
f 154/180/181 127/179/180 128/181/182
f 154/180/181 128/181/182 153/182/183
f 153/182/183 128/181/182 129/183/184
f 153/182/183 129/183/184 152/184/185
f 152/184/185 129/183/184 130/185/186
f 152/184/185 130/185/186 151/186/187
f 151/186/187 130/185/186 131/187/188
f 151/186/187 131/187/188 150/188/189
f 150/188/189 131/187/188 132/189/190
f 150/188/189 132/189/190 149/190/191
f 149/190/191 132/189/190 133/191/192
f 149/190/191 133/191/192 148/192/193
f 148/192/193 133/191/192 134/193/194
f 148/192/193 134/193/194 147/194/195
f 147/194/195 134/193/194 135/195/196
f 147/194/195 135/195/196 146/196/197
f 146/196/197 135/195/196 136/197/198
f 146/196/197 136/197/198 145/198/199
f 145/198/199 136/197/198 137/199/200
f 145/198/199 137/199/200 144/200/201
f 144/200/201 137/199/200 138/201/202
f 144/200/201 138/201/202 143/202/203
f 143/202/203 138/201/202 139/203/204
f 143/202/203 139/203/204 142/204/205
f 142/204/205 139/203/204 140/205/206
f 142/204/205 140/205/206 141/206/207
f 141/206/207 140/205/206 98/207/208
f 141/206/207 98/207/208 50/208/209
usemtl Ciliegio_3D_-_Senza_finitura
f 55/209/210 86/210/211 173/211/212
f 173/211/212 86/210/211 172/212/213
f 173/211/212 172/212/213 83/213/214
f 83/213/214 82/214/215 173/211/212
f 173/211/212 82/214/215 55/209/210
f 106/215/144 109/216/146 41/217/216
f 41/217/216 109/216/146 42/218/217
usemtl Rivestimento_a_polvere_-_Ruvido_(nero)
f 76/219/218 47/220/219 155/221/220
f 155/221/220 47/220/219 43/222/221
f 155/221/220 43/222/221 42/223/222
f 109/224/223 160/225/224 42/223/222
f 42/223/222 160/225/224 159/226/225
f 42/223/222 159/226/225 158/227/226
f 109/224/223 171/228/227 160/225/224
f 160/225/224 171/228/227 161/229/228
f 161/229/228 171/228/227 170/230/229
f 161/229/228 170/230/229 162/231/230
f 162/231/230 170/230/229 169/232/231
f 162/231/230 169/232/231 163/233/232
f 163/233/232 169/232/231 168/234/233
f 163/233/232 168/234/233 164/235/234
f 164/235/234 168/234/233 167/236/235
f 164/235/234 167/236/235 165/237/236
f 165/237/236 167/236/235 166/238/237
f 158/227/226 157/239/238 42/223/222
f 42/223/222 157/239/238 156/240/239
f 42/223/222 156/240/239 155/221/220
f 154/241/240 59/242/241 155/221/220
f 155/221/220 59/242/241 58/243/242
f 155/221/220 58/243/242 57/244/243
f 153/245/244 61/246/245 154/241/240
f 154/241/240 61/246/245 60/247/246
f 154/241/240 60/247/246 59/242/241
f 61/246/245 153/245/244 53/248/247
f 53/248/247 153/245/244 152/249/248
f 53/248/247 152/249/248 151/250/249
f 151/250/249 150/251/250 53/248/247
f 53/248/247 150/251/250 49/252/251
f 49/252/251 150/251/250 149/253/252
f 49/252/251 149/253/252 148/254/253
f 148/254/253 147/255/254 49/252/251
f 49/252/251 147/255/254 146/256/255
f 49/252/251 146/256/255 145/257/256
f 145/257/256 144/258/257 49/252/251
f 49/252/251 144/258/257 143/259/258
f 49/252/251 143/259/258 142/260/259
f 142/260/259 141/261/260 49/252/251
f 49/252/251 141/261/260 50/262/261
f 57/244/243 56/263/262 155/221/220
f 155/221/220 56/263/262 55/264/263
f 155/221/220 55/264/263 82/265/264
f 82/265/264 81/266/265 155/221/220
f 155/221/220 81/266/265 80/267/266
f 155/221/220 80/267/266 79/268/267
f 79/268/267 78/269/268 155/221/220
f 155/221/220 78/269/268 77/270/269
f 155/221/220 77/270/269 76/219/218
f 174/271/270 175/272/271 211/273/272
f 211/273/272 175/272/271 210/274/273
f 210/274/273 175/272/271 176/275/274
f 210/274/273 176/275/274 209/276/275
f 209/276/275 176/275/274 177/277/276
f 209/276/275 177/277/276 208/278/277
f 208/278/277 177/277/276 178/279/278
f 208/278/277 178/279/278 207/280/279
f 207/280/279 178/279/278 179/281/280
f 207/280/279 179/281/280 206/282/281
f 206/282/281 179/281/280 180/283/282
f 206/282/281 180/283/282 205/284/283
f 205/284/283 180/283/282 181/285/284
f 205/284/283 181/285/284 204/286/285
f 204/286/285 181/285/284 182/287/286
f 204/286/285 182/287/286 203/288/287
f 203/288/287 182/287/286 183/289/288
f 203/288/287 183/289/288 202/290/289
f 202/290/289 183/289/288 184/291/290
f 202/290/289 184/291/290 201/292/291
f 201/292/291 184/291/290 185/293/292
f 201/292/291 185/293/292 200/294/293
f 200/294/293 185/293/292 186/295/294
f 200/294/293 186/295/294 199/296/295
f 199/296/295 186/295/294 187/297/296
f 199/296/295 187/297/296 198/298/297
f 198/298/297 187/297/296 188/299/298
f 198/298/297 188/299/298 197/300/299
f 197/300/299 188/299/298 196/301/300
f 196/301/300 188/299/298 189/302/301
f 196/301/300 189/302/301 190/303/302
f 191/304/303 194/305/304 190/303/302
f 190/303/302 194/305/304 195/306/305
f 190/303/302 195/306/305 196/301/300
f 191/304/303 192/307/306 194/305/304
f 194/305/304 192/307/306 193/308/307
f 193/308/307 192/307/306 1/309/308
f 1/309/308 192/307/306 2/310/309
f 174/311/310 89/312/311 175/313/312
f 175/313/312 89/312/311 176/314/313
f 176/314/313 89/312/311 177/315/314
f 177/315/314 89/312/311 178/316/315
f 178/316/315 89/312/311 179/317/316
f 179/317/316 89/312/311 180/318/317
f 180/318/317 89/312/311 15/319/318
f 180/318/317 15/319/318 14/320/319
f 21/321/320 20/322/321 89/312/311
f 89/312/311 20/322/321 19/323/322
f 89/312/311 19/323/322 18/324/323
f 18/324/323 17/325/324 89/312/311
f 89/312/311 17/325/324 16/326/325
f 89/312/311 16/326/325 15/319/318
f 180/318/317 14/320/319 181/327/326
f 181/327/326 14/320/319 13/328/327
f 181/327/326 13/328/327 182/329/328
f 182/329/328 13/328/327 12/330/329
f 182/329/328 12/330/329 183/331/330
f 183/331/330 12/330/329 11/332/331
f 183/331/330 11/332/331 184/333/332
f 184/333/332 11/332/331 10/334/333
f 184/333/332 10/334/333 185/335/334
f 185/335/334 10/334/333 9/336/335
f 185/335/334 9/336/335 186/337/336
f 186/337/336 9/336/335 8/338/337
f 186/337/336 8/338/337 187/339/338
f 187/339/338 8/338/337 7/340/339
f 187/339/338 7/340/339 188/341/340
f 188/341/340 7/340/339 6/342/341
f 188/341/340 6/342/341 189/343/342
f 189/343/342 6/342/341 5/344/343
f 189/343/342 5/344/343 190/345/344
f 190/345/344 5/344/343 4/346/345
f 190/345/344 4/346/345 191/347/346
f 191/347/346 4/346/345 3/348/347
f 191/347/346 3/348/347 192/349/348
f 192/349/348 3/348/347 2/350/349
f 212/351/350 90/352/351 174/353/352
f 174/353/352 90/352/351 89/354/353
usemtl Rivestimento_a_polvere_-_Ruvido_(verde)
f 214/355/354 215/356/355 213/357/356
f 213/357/356 215/356/355 216/358/357
f 213/357/356 216/358/357 217/359/358
f 217/359/358 218/360/359 213/357/356
f 219/361/360 218/362/361 220/363/362
f 220/363/362 218/362/361 217/364/363
f 221/365/364 222/366/365 224/367/366
f 224/367/366 222/366/365 223/368/367
f 222/369/368 225/370/369 223/371/370
f 223/371/370 225/370/369 226/372/371
f 225/373/372 227/374/373 226/375/374
f 226/375/374 227/374/373 258/376/375
f 258/376/375 227/374/373 228/377/376
f 258/376/375 228/377/376 257/378/377
f 257/378/377 228/377/376 229/379/378
f 257/378/377 229/379/378 256/380/379
f 256/380/379 229/379/378 230/381/380
f 256/380/379 230/381/380 255/382/381
f 255/382/381 230/381/380 231/383/382
f 255/382/381 231/383/382 254/384/383
f 254/384/383 231/383/382 232/385/384
f 254/384/383 232/385/384 253/386/385
f 253/386/385 232/385/384 233/387/386
f 253/386/385 233/387/386 252/388/387
f 252/388/387 233/387/386 259/389/388
f 252/388/387 259/389/388 251/390/389
f 251/390/389 259/389/388 260/391/390
f 251/390/389 260/391/390 238/392/391
f 238/392/391 260/391/390 237/393/392
f 237/393/392 260/391/390 236/394/393
f 236/394/393 260/391/390 259/389/388
f 236/394/393 259/389/388 235/395/394
f 235/395/394 259/389/388 234/396/395
f 234/396/395 259/389/388 233/387/386
f 251/390/389 238/392/391 250/397/396
f 250/397/396 238/392/391 239/398/397
f 250/397/396 239/398/397 249/399/398
f 249/399/398 239/398/397 240/400/399
f 249/399/398 240/400/399 248/401/400
f 248/401/400 240/400/399 241/402/401
f 248/401/400 241/402/401 247/403/402
f 247/403/402 241/402/401 242/404/403
f 247/403/402 242/404/403 246/405/404
f 246/405/404 242/404/403 243/406/405
f 246/405/404 243/406/405 245/407/406
f 245/407/406 243/406/405 244/408/407
f 245/407/406 244/408/407 220/409/408
f 220/409/408 244/408/407 219/410/409
usemtl Ciliegio_3D_-_Senza_finitura
f 261/411/410 262/412/411 266/413/412
f 266/413/412 262/412/411 265/414/413
f 265/414/413 262/412/411 263/415/414
f 265/414/413 263/415/414 264/416/415
f 224/417/416 212/418/417 268/419/418
f 268/419/418 212/418/417 267/420/419
usemtl Rivestimento_a_polvere_-_Ruvido_(verde)
f 211/421/420 269/422/421 174/423/422
f 174/423/422 269/422/421 270/424/423
f 174/423/422 270/424/423 212/425/424
f 212/425/424 270/424/423 267/426/425
f 269/427/426 271/428/427 270/429/428
f 270/429/428 271/428/427 272/430/429
f 273/431/430 221/432/431 271/433/432
f 271/433/432 221/432/431 272/434/433
f 272/434/433 221/432/431 224/435/434
f 272/434/433 224/435/434 268/436/435
f 272/437/436 268/438/437 270/439/438
f 270/439/438 268/438/437 267/440/439
usemtl Ciliegio_3D_-_Senza_finitura
f 274/441/440 216/442/441 276/443/442
f 276/443/442 216/442/441 275/444/443
f 277/445/444 274/446/445 278/447/446
f 278/447/446 274/446/445 276/448/447
f 279/449/448 277/450/449 280/451/450
f 280/451/450 277/450/449 278/452/451
usemtl Rivestimento_a_polvere_-_Ruvido_(verde)
f 281/453/452 282/454/453 215/455/454
f 215/455/454 282/454/453 216/456/455
f 216/456/455 282/454/453 284/457/456
f 216/456/455 284/457/456 275/458/457
f 281/453/452 283/459/458 282/454/453
f 282/454/453 283/459/458 284/457/456
usemtl Rivestimento_a_polvere_-_Ruvido_(nero)
f 282/460/459 285/461/460 281/462/461
f 281/462/461 285/461/460 346/463/462
f 346/463/462 285/461/460 286/464/463
f 346/463/462 286/464/463 345/465/464
f 345/465/464 286/464/463 287/466/465
f 345/465/464 287/466/465 344/467/466
f 344/467/466 287/466/465 288/468/467
f 344/467/466 288/468/467 343/469/468
f 343/469/468 288/468/467 289/470/469
f 343/469/468 289/470/469 342/471/470
f 342/471/470 289/470/469 290/472/471
f 342/471/470 290/472/471 341/473/472
f 341/473/472 290/472/471 291/474/473
f 341/473/472 291/474/473 340/475/474
f 340/475/474 291/474/473 292/476/475
f 340/475/474 292/476/475 339/477/476
f 339/477/476 292/476/475 293/478/477
f 339/477/476 293/478/477 338/479/478
f 338/479/478 293/478/477 294/480/479
f 338/479/478 294/480/479 337/481/480
f 337/481/480 294/480/479 295/482/481
f 337/481/480 295/482/481 336/483/482
f 336/483/482 295/482/481 296/484/483
f 336/483/482 296/484/483 335/485/484
f 335/485/484 296/484/483 297/486/485
f 335/485/484 297/486/485 334/487/486
f 334/487/486 297/486/485 298/488/487
f 334/487/486 298/488/487 333/489/488
f 333/489/488 298/488/487 299/490/489
f 333/489/488 299/490/489 332/491/490
f 332/491/490 299/490/489 300/492/491
f 332/491/490 300/492/491 331/493/492
f 331/493/492 300/492/491 301/494/493
f 331/493/492 301/494/493 330/495/494
f 330/495/494 301/494/493 302/496/495
f 330/495/494 302/496/495 329/497/496
f 329/497/496 302/496/495 303/498/497
f 329/497/496 303/498/497 328/499/498
f 328/499/498 303/498/497 304/500/499
f 328/499/498 304/500/499 327/501/500
f 327/501/500 304/500/499 305/502/501
f 327/501/500 305/502/501 326/503/502
f 326/503/502 305/502/501 306/504/503
f 326/503/502 306/504/503 325/505/504
f 325/505/504 306/504/503 307/506/505
f 325/505/504 307/506/505 324/507/506
f 324/507/506 307/506/505 308/508/507
f 324/507/506 308/508/507 323/509/508
f 323/509/508 308/508/507 309/510/509
f 323/509/508 309/510/509 322/511/510
f 322/511/510 309/510/509 310/512/511
f 322/511/510 310/512/511 321/513/512
f 321/513/512 310/512/511 311/514/513
f 321/513/512 311/514/513 320/515/514
f 320/515/514 311/514/513 312/516/515
f 320/515/514 312/516/515 319/517/516
f 319/517/516 312/516/515 313/518/517
f 319/517/516 313/518/517 318/519/518
f 318/519/518 313/518/517 314/520/519
f 318/519/518 314/520/519 317/521/520
f 317/521/520 314/520/519 315/522/521
f 317/521/520 315/522/521 316/523/522
f 316/523/522 315/522/521 221/524/523
f 316/523/522 221/524/523 273/525/524
usemtl Ciliegio_3D_-_Senza_finitura
f 238/526/525 237/527/526 348/528/527
f 348/528/527 237/527/526 347/529/528
f 348/528/527 347/529/528 234/530/529
f 234/530/529 233/531/530 348/528/527
f 348/528/527 233/531/530 238/526/525
f 282/532/459 281/533/461 213/534/531
f 213/534/531 281/533/461 214/535/532
usemtl Rivestimento_a_polvere_-_Ruvido_(nero)
f 213/536/533 218/537/534 301/538/535
f 301/538/535 218/537/534 219/539/536
f 301/538/535 219/539/536 244/540/537
f 244/540/537 243/541/538 301/538/535
f 301/538/535 243/541/538 242/542/539
f 301/538/535 242/542/539 241/543/540
f 241/543/540 240/544/541 301/538/535
f 301/538/535 240/544/541 239/545/542
f 301/538/535 239/545/542 238/546/543
f 238/546/543 233/547/544 301/538/535
f 301/538/535 233/547/544 232/548/545
f 301/538/535 232/548/545 231/549/546
f 231/549/546 230/550/547 301/538/535
f 301/538/535 230/550/547 229/551/548
f 301/538/535 229/551/548 302/552/549
f 302/552/549 229/551/548 228/553/550
f 302/552/549 228/553/550 227/554/551
f 302/552/549 227/554/551 303/555/552
f 303/555/552 227/554/551 225/556/553
f 303/555/552 225/556/553 304/557/554
f 304/557/554 225/556/553 305/558/555
f 305/558/555 225/556/553 306/559/556
f 306/559/556 225/556/553 222/560/557
f 306/559/556 222/560/557 307/561/558
f 307/561/558 222/560/557 308/562/559
f 308/562/559 222/560/557 309/563/560
f 309/563/560 222/560/557 310/564/561
f 310/564/561 222/560/557 311/565/562
f 311/565/562 222/560/557 312/566/563
f 312/566/563 222/560/557 313/567/564
f 313/567/564 222/560/557 314/568/565
f 314/568/565 222/560/557 315/569/566
f 315/569/566 222/560/557 221/570/567
f 301/538/535 300/571/568 213/536/533
f 213/536/533 300/571/568 299/572/569
f 213/536/533 299/572/569 298/573/570
f 298/573/570 297/574/571 213/536/533
f 213/536/533 297/574/571 296/575/572
f 213/536/533 296/575/572 282/576/573
f 282/576/573 296/575/572 285/577/574
f 285/577/574 296/575/572 295/578/575
f 285/577/574 295/578/575 286/579/576
f 286/579/576 295/578/575 294/580/577
f 286/579/576 294/580/577 287/581/578
f 287/581/578 294/580/577 293/582/579
f 287/581/578 293/582/579 288/583/580
f 288/583/580 293/582/579 292/584/581
f 288/583/580 292/584/581 289/585/582
f 289/585/582 292/584/581 291/586/583
f 289/585/582 291/586/583 290/587/584
f 349/588/585 350/589/586 388/590/587
f 388/590/587 350/589/586 351/591/588
f 388/590/587 351/591/588 352/592/589
f 353/593/590 386/594/591 352/592/589
f 352/592/589 386/594/591 387/595/592
f 352/592/589 387/595/592 388/590/587
f 353/593/590 354/596/593 386/594/591
f 386/594/591 354/596/593 385/597/594
f 385/597/594 354/596/593 384/598/595
f 384/598/595 354/596/593 355/599/596
f 384/598/595 355/599/596 356/600/597
f 384/598/595 356/600/597 383/601/598
f 383/601/598 356/600/597 357/602/599
f 383/601/598 357/602/599 382/603/600
f 382/603/600 357/602/599 358/604/601
f 382/603/600 358/604/601 381/605/602
f 381/605/602 358/604/601 359/606/603
f 381/605/602 359/606/603 380/607/604
f 380/607/604 359/606/603 360/608/605
f 380/607/604 360/608/605 379/609/606
f 379/609/606 360/608/605 361/610/607
f 379/609/606 361/610/607 378/611/608
f 378/611/608 361/610/607 362/612/609
f 378/611/608 362/612/609 377/613/610
f 377/613/610 362/612/609 363/614/611
f 377/613/610 363/614/611 376/615/612
f 376/615/612 363/614/611 364/616/613
f 376/615/612 364/616/613 375/617/614
f 375/617/614 364/616/613 365/618/615
f 375/617/614 365/618/615 374/619/616
f 374/619/616 365/618/615 366/620/617
f 374/619/616 366/620/617 373/621/618
f 373/621/618 366/620/617 367/622/619
f 373/621/618 367/622/619 372/623/620
f 372/623/620 367/622/619 368/624/621
f 372/623/620 368/624/621 371/625/622
f 371/625/622 368/624/621 369/626/623
f 371/625/622 369/626/623 370/627/624
usemtl Rivestimento_a_polvere_-_Ruvido_(verde)
f 390/628/625 391/629/626 389/630/627
f 389/630/627 391/629/626 392/631/628
f 389/630/627 392/631/628 393/632/629
f 393/632/629 394/633/630 389/630/627
f 395/634/631 394/635/632 396/636/633
f 396/636/633 394/635/632 393/637/634
f 397/638/635 398/639/636 400/640/637
f 400/640/637 398/639/636 399/641/638
f 398/642/639 401/643/640 399/644/641
f 399/644/641 401/643/640 402/645/642
f 401/646/643 403/647/644 402/648/645
f 402/648/645 403/647/644 434/649/646
f 434/649/646 403/647/644 404/650/647
f 434/649/646 404/650/647 433/651/648
f 433/651/648 404/650/647 405/652/649
f 433/651/648 405/652/649 432/653/650
f 432/653/650 405/652/649 406/654/651
f 432/653/650 406/654/651 431/655/652
f 431/655/652 406/654/651 407/656/653
f 431/655/652 407/656/653 430/657/654
f 430/657/654 407/656/653 408/658/655
f 430/657/654 408/658/655 429/659/656
f 429/659/656 408/658/655 409/660/657
f 429/659/656 409/660/657 428/661/658
f 428/661/658 409/660/657 435/662/659
f 428/661/658 435/662/659 427/663/660
f 427/663/660 435/662/659 436/664/661
f 427/663/660 436/664/661 414/665/662
f 414/665/662 436/664/661 413/666/663
f 413/666/663 436/664/661 412/667/664
f 412/667/664 436/664/661 435/662/659
f 412/667/664 435/662/659 411/668/665
f 411/668/665 435/662/659 410/669/666
f 410/669/666 435/662/659 409/660/657
f 427/663/660 414/665/662 426/670/667
f 426/670/667 414/665/662 415/671/668
f 426/670/667 415/671/668 425/672/669
f 425/672/669 415/671/668 416/673/670
f 425/672/669 416/673/670 424/674/671
f 424/674/671 416/673/670 417/675/672
f 424/674/671 417/675/672 423/676/673
f 423/676/673 417/675/672 418/677/674
f 423/676/673 418/677/674 422/678/675
f 422/678/675 418/677/674 419/679/676
f 422/678/675 419/679/676 421/680/677
f 421/680/677 419/679/676 420/681/678
f 421/680/677 420/681/678 396/682/679
f 396/682/679 420/681/678 395/683/680
usemtl Ciliegio_3D_-_Senza_finitura
f 263/684/681 437/685/682 264/686/683
f 264/686/683 437/685/682 438/687/684
usemtl Rivestimento_a_polvere_-_Ruvido_(nero)
f 440/688/685 370/689/686 439/690/687
f 439/690/687 370/689/686 441/691/688
usemtl Ciliegio_3D_-_Senza_finitura
f 400/692/689 441/693/690 443/694/691
f 443/694/691 441/693/690 442/695/692
usemtl Rivestimento_a_polvere_-_Ruvido_(verde)
f 369/696/693 444/697/694 370/698/695
f 370/698/695 444/697/694 445/699/696
f 370/698/695 445/699/696 441/700/697
f 441/700/697 445/699/696 442/701/698
f 444/702/699 446/703/700 445/704/701
f 445/704/701 446/703/700 447/705/702
f 448/706/703 397/707/704 446/708/705
f 446/708/705 397/707/704 447/709/706
f 447/709/706 397/707/704 400/710/707
f 447/709/706 400/710/707 443/711/708
f 447/712/709 443/713/710 445/714/711
f 445/714/711 443/713/710 442/715/712
usemtl Ciliegio_3D_-_Senza_finitura
f 449/716/713 392/717/714 451/718/715
f 451/718/715 392/717/714 450/719/716
f 452/720/717 449/721/718 453/722/719
f 453/722/719 449/721/718 451/723/720
f 104/724/721 452/725/722 105/726/723
f 105/726/723 452/725/722 453/727/724
usemtl Rivestimento_a_polvere_-_Ruvido_(verde)
f 454/728/725 455/729/726 391/730/727
f 391/730/727 455/729/726 392/731/728
f 392/731/728 455/729/726 457/732/729
f 392/731/728 457/732/729 450/733/730
f 454/728/725 456/734/731 455/729/726
f 455/729/726 456/734/731 457/732/729
f 456/735/732 108/736/733 457/737/734
f 457/737/734 108/736/733 107/738/735
f 453/739/736 457/740/737 105/741/738
f 105/741/738 457/740/737 107/742/739
f 105/741/738 107/742/739 103/743/740
f 103/743/740 107/742/739 100/744/741
f 100/744/741 107/742/739 101/745/742
f 453/739/736 451/746/743 457/740/737
f 457/740/737 451/746/743 450/747/744
usemtl Rivestimento_a_polvere_-_Ruvido_(nero)
f 455/748/745 458/749/746 454/750/747
f 454/750/747 458/749/746 519/751/748
f 519/751/748 458/749/746 459/752/749
f 519/751/748 459/752/749 518/753/750
f 518/753/750 459/752/749 460/754/751
f 518/753/750 460/754/751 517/755/752
f 517/755/752 460/754/751 461/756/753
f 517/755/752 461/756/753 516/757/754
f 516/757/754 461/756/753 462/758/755
f 516/757/754 462/758/755 515/759/756
f 515/759/756 462/758/755 463/760/757
f 515/759/756 463/760/757 514/761/758
f 514/761/758 463/760/757 464/762/759
f 514/761/758 464/762/759 513/763/760
f 513/763/760 464/762/759 465/764/761
f 513/763/760 465/764/761 512/765/762
f 512/765/762 465/764/761 466/766/763
f 512/765/762 466/766/763 511/767/764
f 511/767/764 466/766/763 467/768/765
f 511/767/764 467/768/765 510/769/766
f 510/769/766 467/768/765 468/770/767
f 510/769/766 468/770/767 509/771/768
f 509/771/768 468/770/767 469/772/769
f 509/771/768 469/772/769 508/773/770
f 508/773/770 469/772/769 470/774/771
f 508/773/770 470/774/771 507/775/772
f 507/775/772 470/774/771 471/776/773
f 507/775/772 471/776/773 506/777/774
f 506/777/774 471/776/773 472/778/775
f 506/777/774 472/778/775 505/779/776
f 505/779/776 472/778/775 473/780/777
f 505/779/776 473/780/777 504/781/778
f 504/781/778 473/780/777 474/782/779
f 504/781/778 474/782/779 503/783/780
f 503/783/780 474/782/779 475/784/781
f 503/783/780 475/784/781 502/785/782
f 502/785/782 475/784/781 476/786/783
f 502/785/782 476/786/783 501/787/784
f 501/787/784 476/786/783 477/788/785
f 501/787/784 477/788/785 500/789/786
f 500/789/786 477/788/785 478/790/787
f 500/789/786 478/790/787 499/791/788
f 499/791/788 478/790/787 479/792/789
f 499/791/788 479/792/789 498/793/790
f 498/793/790 479/792/789 480/794/791
f 498/793/790 480/794/791 497/795/792
f 497/795/792 480/794/791 481/796/793
f 497/795/792 481/796/793 496/797/794
f 496/797/794 481/796/793 482/798/795
f 496/797/794 482/798/795 495/799/796
f 495/799/796 482/798/795 483/800/797
f 495/799/796 483/800/797 494/801/798
f 494/801/798 483/800/797 484/802/799
f 494/801/798 484/802/799 493/803/800
f 493/803/800 484/802/799 485/804/801
f 493/803/800 485/804/801 492/805/802
f 492/805/802 485/804/801 486/806/803
f 492/805/802 486/806/803 491/807/804
f 491/807/804 486/806/803 487/808/805
f 491/807/804 487/808/805 490/809/806
f 490/809/806 487/808/805 488/810/807
f 490/809/806 488/810/807 489/811/808
f 489/811/808 488/810/807 397/812/809
f 489/811/808 397/812/809 448/813/810
usemtl Ciliegio_3D_-_Senza_finitura
f 414/814/811 413/815/812 521/816/813
f 521/816/813 413/815/812 520/817/814
f 521/816/813 520/817/814 410/818/815
f 410/818/815 409/819/816 521/816/813
f 521/816/813 409/819/816 414/814/811
f 455/820/745 454/821/747 389/822/817
f 389/822/817 454/821/747 390/823/818
usemtl Rivestimento_a_polvere_-_Ruvido_(nero)
f 389/824/819 394/825/820 474/826/821
f 474/826/821 394/825/820 395/827/822
f 474/826/821 395/827/822 420/828/823
f 420/828/823 419/829/824 474/826/821
f 474/826/821 419/829/824 418/830/825
f 474/826/821 418/830/825 417/831/826
f 417/831/826 416/832/827 474/826/821
f 474/826/821 416/832/827 415/833/828
f 474/826/821 415/833/828 414/834/829
f 414/834/829 409/835/830 474/826/821
f 474/826/821 409/835/830 408/836/831
f 474/826/821 408/836/831 407/837/832
f 407/837/832 406/838/833 474/826/821
f 474/826/821 406/838/833 405/839/834
f 474/826/821 405/839/834 475/840/835
f 475/840/835 405/839/834 404/841/836
f 475/840/835 404/841/836 403/842/837
f 475/840/835 403/842/837 476/843/838
f 476/843/838 403/842/837 401/844/839
f 476/843/838 401/844/839 477/845/840
f 477/845/840 401/844/839 478/846/841
f 478/846/841 401/844/839 479/847/842
f 479/847/842 401/844/839 398/848/843
f 479/847/842 398/848/843 480/849/844
f 480/849/844 398/848/843 481/850/845
f 481/850/845 398/848/843 482/851/846
f 482/851/846 398/848/843 483/852/847
f 483/852/847 398/848/843 484/853/848
f 484/853/848 398/848/843 485/854/849
f 485/854/849 398/848/843 486/855/850
f 486/855/850 398/848/843 487/856/851
f 487/856/851 398/848/843 488/857/852
f 488/857/852 398/848/843 397/858/853
f 474/826/821 473/859/854 389/824/819
f 389/824/819 473/859/854 472/860/855
f 389/824/819 472/860/855 471/861/856
f 471/861/856 470/862/857 389/824/819
f 389/824/819 470/862/857 469/863/858
f 389/824/819 469/863/858 455/864/859
f 455/864/859 469/863/858 458/865/860
f 458/865/860 469/863/858 468/866/861
f 458/865/860 468/866/861 459/867/862
f 459/867/862 468/866/861 467/868/863
f 459/867/862 467/868/863 460/869/864
f 460/869/864 467/868/863 466/870/865
f 460/869/864 466/870/865 461/871/866
f 461/871/866 466/870/865 465/872/867
f 461/871/866 465/872/867 462/873/868
f 462/873/868 465/872/867 464/874/869
f 462/873/868 464/874/869 463/875/870
f 350/876/871 349/877/872 559/878/873
f 559/878/873 349/877/872 522/879/874
f 559/878/873 522/879/874 523/880/875
f 524/881/876 557/882/877 523/880/875
f 523/880/875 557/882/877 558/883/878
f 523/880/875 558/883/878 559/878/873
f 524/881/876 525/884/879 557/882/877
f 557/882/877 525/884/879 556/885/880
f 556/885/880 525/884/879 555/886/881
f 555/886/881 525/884/879 526/887/882
f 555/886/881 526/887/882 527/888/883
f 555/886/881 527/888/883 554/889/884
f 554/889/884 527/888/883 528/890/885
f 554/889/884 528/890/885 553/891/886
f 553/891/886 528/890/885 529/892/887
f 553/891/886 529/892/887 552/893/888
f 552/893/888 529/892/887 530/894/889
f 552/893/888 530/894/889 551/895/890
f 551/895/890 530/894/889 531/896/891
f 551/895/890 531/896/891 550/897/892
f 550/897/892 531/896/891 532/898/893
f 550/897/892 532/898/893 549/899/894
f 549/899/894 532/898/893 533/900/895
f 549/899/894 533/900/895 548/901/896
f 548/901/896 533/900/895 534/902/897
f 548/901/896 534/902/897 547/903/898
f 547/903/898 534/902/897 535/904/899
f 547/903/898 535/904/899 546/905/900
f 546/905/900 535/904/899 536/906/901
f 546/905/900 536/906/901 545/907/902
f 545/907/902 536/906/901 537/908/903
f 545/907/902 537/908/903 544/909/904
f 544/909/904 537/908/903 538/910/905
f 544/909/904 538/910/905 543/911/906
f 543/911/906 538/910/905 539/912/907
f 543/911/906 539/912/907 542/913/908
f 542/913/908 539/912/907 540/914/909
f 542/913/908 540/914/909 541/915/910
f 540/916/911 539/917/912 440/918/913
f 440/918/913 539/917/912 538/919/914
f 440/918/913 538/919/914 537/920/915
f 537/920/915 536/921/916 440/918/913
f 440/918/913 536/921/916 535/922/917
f 440/918/913 535/922/917 534/923/918
f 533/924/919 377/925/920 534/923/918
f 534/923/918 377/925/920 376/926/921
f 534/923/918 376/926/921 440/918/913
f 440/918/913 376/926/921 375/927/922
f 440/918/913 375/927/922 374/928/923
f 377/925/920 533/924/919 378/929/924
f 378/929/924 533/924/919 532/930/925
f 378/929/924 532/930/925 379/931/926
f 379/931/926 532/930/925 531/932/927
f 379/931/926 531/932/927 380/933/928
f 380/933/928 531/932/927 530/934/929
f 380/933/928 530/934/929 381/935/930
f 381/935/930 530/934/929 529/936/931
f 381/935/930 529/936/931 382/937/932
f 382/937/932 529/936/931 528/938/933
f 382/937/932 528/938/933 383/939/934
f 383/939/934 528/938/933 527/940/935
f 383/939/934 527/940/935 384/941/936
f 384/941/936 527/940/935 526/942/937
f 384/941/936 526/942/937 385/943/938
f 385/943/938 526/942/937 525/944/939
f 385/943/938 525/944/939 386/945/940
f 386/945/940 525/944/939 524/946/941
f 386/945/940 524/946/941 387/947/942
f 387/947/942 524/946/941 523/948/943
f 387/947/942 523/948/943 388/949/944
f 388/949/944 523/948/943 522/950/945
f 388/949/944 522/950/945 349/951/946
f 374/928/923 373/952/947 440/918/913
f 440/918/913 373/952/947 372/953/948
f 440/918/913 372/953/948 371/954/949
f 371/954/949 370/955/950 440/918/913
f 439/956/951 560/957/952 440/958/953
f 440/958/953 560/957/952 540/959/954
usemtl Ciliegio_3D_-_Senza_finitura
f 438/960/955 104/961/956 264/962/957
f 264/962/957 104/961/956 102/963/958
f 264/962/957 102/963/958 99/964/959
f 561/965/960 400/966/961 438/960/955
f 438/960/955 400/966/961 399/967/962
f 438/960/955 399/967/962 402/968/963
f 562/969/964 584/970/965 561/965/960
f 561/965/960 584/970/965 560/971/966
f 561/965/960 560/971/966 439/972/967
f 266/973/968 279/974/969 562/969/964
f 562/969/964 279/974/969 563/975/970
f 562/969/964 563/975/970 564/976/971
f 265/977/972 224/978/973 266/973/968
f 266/973/968 224/978/973 223/979/974
f 266/973/968 223/979/974 226/980/975
f 264/962/957 51/981/976 265/977/972
f 265/977/972 51/981/976 91/982/977
f 265/977/972 91/982/977 90/983/978
f 99/964/959 45/984/979 264/962/957
f 264/962/957 45/984/979 44/985/980
f 264/962/957 44/985/980 48/986/981
f 48/986/981 75/987/982 264/962/957
f 264/962/957 75/987/982 74/988/983
f 264/962/957 74/988/983 73/989/984
f 73/989/984 72/990/985 264/962/957
f 264/962/957 72/990/985 71/991/986
f 264/962/957 71/991/986 70/992/987
f 70/992/987 69/993/988 264/962/957
f 264/962/957 69/993/988 68/994/989
f 264/962/957 68/994/989 67/995/990
f 67/995/990 66/996/991 264/962/957
f 264/962/957 66/996/991 65/997/992
f 264/962/957 65/997/992 64/998/993
f 64/998/993 63/999/994 264/962/957
f 264/962/957 63/999/994 62/1000/995
f 264/962/957 62/1000/995 54/1001/996
f 54/1001/996 52/1002/997 264/962/957
f 264/962/957 52/1002/997 51/981/976
f 90/983/978 212/1003/998 265/977/972
f 265/977/972 212/1003/998 224/978/973
f 226/980/975 258/1004/999 266/973/968
f 266/973/968 258/1004/999 257/1005/1000
f 266/973/968 257/1005/1000 256/1006/1001
f 256/1006/1001 255/1007/1002 266/973/968
f 266/973/968 255/1007/1002 254/1008/1003
f 266/973/968 254/1008/1003 253/1009/1004
f 253/1009/1004 252/1010/1005 266/973/968
f 266/973/968 252/1010/1005 251/1011/1006
f 266/973/968 251/1011/1006 250/1012/1007
f 250/1012/1007 249/1013/1008 266/973/968
f 266/973/968 249/1013/1008 248/1014/1009
f 266/973/968 248/1014/1009 247/1015/1010
f 247/1015/1010 246/1016/1011 266/973/968
f 266/973/968 246/1016/1011 245/1017/1012
f 266/973/968 245/1017/1012 220/1018/1013
f 220/1018/1013 217/1019/1014 266/973/968
f 266/973/968 217/1019/1014 216/1020/1015
f 266/973/968 216/1020/1015 274/1021/1016
f 274/1021/1016 277/1022/1017 266/973/968
f 266/973/968 277/1022/1017 279/974/969
f 564/976/971 565/1023/1018 562/969/964
f 562/969/964 565/1023/1018 566/1024/1019
f 562/969/964 566/1024/1019 567/1025/1020
f 567/1025/1020 568/1026/1021 562/969/964
f 562/969/964 568/1026/1021 569/1027/1022
f 562/969/964 569/1027/1022 570/1028/1023
f 570/1028/1023 571/1029/1024 562/969/964
f 562/969/964 571/1029/1024 572/1030/1025
f 562/969/964 572/1030/1025 573/1031/1026
f 573/1031/1026 574/1032/1027 562/969/964
f 562/969/964 574/1032/1027 575/1033/1028
f 562/969/964 575/1033/1028 576/1034/1029
f 576/1034/1029 577/1035/1030 562/969/964
f 562/969/964 577/1035/1030 578/1036/1031
f 562/969/964 578/1036/1031 579/1037/1032
f 579/1037/1032 580/1038/1033 562/969/964
f 562/969/964 580/1038/1033 581/1039/1034
f 562/969/964 581/1039/1034 582/1040/1035
f 582/1040/1035 583/1041/1036 562/969/964
f 562/969/964 583/1041/1036 584/970/965
f 439/972/967 441/1042/1037 561/965/960
f 561/965/960 441/1042/1037 400/966/961
f 402/968/963 434/1043/1038 438/960/955
f 438/960/955 434/1043/1038 433/1044/1039
f 438/960/955 433/1044/1039 432/1045/1040
f 432/1045/1040 431/1046/1041 438/960/955
f 438/960/955 431/1046/1041 430/1047/1042
f 438/960/955 430/1047/1042 429/1048/1043
f 429/1048/1043 428/1049/1044 438/960/955
f 438/960/955 428/1049/1044 427/1050/1045
f 438/960/955 427/1050/1045 426/1051/1046
f 426/1051/1046 425/1052/1047 438/960/955
f 438/960/955 425/1052/1047 424/1053/1048
f 438/960/955 424/1053/1048 423/1054/1049
f 423/1054/1049 422/1055/1050 438/960/955
f 438/960/955 422/1055/1050 421/1056/1051
f 438/960/955 421/1056/1051 396/1057/1052
f 396/1057/1052 393/1058/1053 438/960/955
f 438/960/955 393/1058/1053 392/1059/1054
f 438/960/955 392/1059/1054 449/1060/1055
f 449/1060/1055 452/1061/1056 438/960/955
f 438/960/955 452/1061/1056 104/961/956
usemtl Rivestimento_a_polvere_-_Ruvido_(verde)
f 585/1062/1057 586/1063/1058 588/1064/1059
f 588/1064/1059 586/1063/1058 565/1065/1060
f 565/1065/1060 586/1063/1058 566/1066/1061
f 566/1066/1061 586/1063/1058 587/1067/1062
f 587/1068/1063 589/1069/1064 566/1070/1065
f 566/1070/1065 589/1069/1064 567/1071/1066
f 591/1072/1067 584/1073/1068 590/1074/1069
f 590/1074/1069 584/1073/1068 583/1075/1070
f 592/1076/1071 590/1077/1072 582/1078/1073
f 582/1078/1073 590/1077/1072 583/1079/1074
f 594/1080/1075 576/1081/1076 593/1082/1077
f 593/1082/1077 576/1081/1076 575/1083/1078
f 593/1082/1077 575/1083/1078 611/1084/1079
f 611/1084/1079 575/1083/1078 612/1085/1080
f 611/1084/1079 612/1085/1080 608/1086/1081
f 608/1086/1081 612/1085/1080 607/1087/1082
f 607/1087/1082 612/1085/1080 606/1088/1083
f 606/1088/1083 612/1085/1080 574/1089/1084
f 606/1088/1083 574/1089/1084 573/1090/1085
f 576/1081/1076 594/1080/1075 577/1091/1086
f 577/1091/1086 594/1080/1075 595/1092/1087
f 577/1091/1086 595/1092/1087 578/1093/1088
f 578/1093/1088 595/1092/1087 596/1094/1089
f 578/1093/1088 596/1094/1089 579/1095/1090
f 579/1095/1090 596/1094/1089 597/1096/1091
f 579/1095/1090 597/1096/1091 580/1097/1092
f 580/1097/1092 597/1096/1091 598/1098/1093
f 580/1097/1092 598/1098/1093 581/1099/1094
f 581/1099/1094 598/1098/1093 599/1100/1095
f 581/1099/1094 599/1100/1095 582/1101/1096
f 582/1101/1096 599/1100/1095 592/1102/1097
f 575/1083/1078 574/1089/1084 612/1085/1080
f 606/1088/1083 573/1090/1085 605/1103/1098
f 605/1103/1098 573/1090/1085 572/1104/1099
f 605/1103/1098 572/1104/1099 604/1105/1100
f 604/1105/1100 572/1104/1099 571/1106/1101
f 604/1105/1100 571/1106/1101 603/1107/1102
f 603/1107/1102 571/1106/1101 570/1108/1103
f 603/1107/1102 570/1108/1103 602/1109/1104
f 602/1109/1104 570/1108/1103 569/1110/1105
f 602/1109/1104 569/1110/1105 601/1111/1106
f 601/1111/1106 569/1110/1105 568/1112/1107
f 601/1111/1106 568/1112/1107 600/1113/1108
f 600/1113/1108 568/1112/1107 567/1114/1109
f 600/1113/1108 567/1114/1109 589/1115/1110
f 608/1086/1081 609/1116/1111 611/1084/1079
f 611/1084/1079 609/1116/1111 610/1117/1112
f 611/1084/1079 610/1117/1112 593/1082/1077
usemtl Ciliegio_3D_-_Senza_finitura
f 613/1118/1113 261/1119/1114 562/1120/1115
f 562/1120/1115 261/1119/1114 266/1121/1116
f 613/1122/1117 561/1123/1118 614/1124/1119
f 614/1124/1119 561/1123/1118 438/1125/1120
f 614/1124/1119 438/1125/1120 437/1126/1121
f 613/1122/1117 562/1127/1122 561/1123/1118
f 560/1128/1123 584/1129/1124 616/1130/1125
f 616/1130/1125 584/1129/1124 615/1131/1126
usemtl Rivestimento_a_polvere_-_Ruvido_(verde)
f 541/1132/1127 540/1133/1128 617/1134/1129
f 617/1134/1129 540/1133/1128 618/1135/1130
f 618/1135/1130 540/1133/1128 560/1136/1131
f 618/1135/1130 560/1136/1131 616/1137/1132
f 619/1138/1133 617/1139/1134 620/1140/1135
f 620/1140/1135 617/1139/1134 618/1141/1136
f 621/1142/1137 619/1143/1138 591/1144/1139
f 591/1144/1139 619/1143/1138 620/1145/1140
f 591/1144/1139 620/1145/1140 584/1146/1141
f 584/1146/1141 620/1145/1140 615/1147/1142
f 620/1148/1143 618/1149/1144 615/1150/1145
f 615/1150/1145 618/1149/1144 616/1151/1146
usemtl Ciliegio_3D_-_Senza_finitura
f 565/1152/1147 564/1153/1148 623/1154/1149
f 623/1154/1149 564/1153/1148 622/1155/1150
f 564/1156/1151 563/1157/1152 622/1158/1153
f 622/1158/1153 563/1157/1152 624/1159/1154
f 563/1160/1155 279/1161/1156 624/1162/1157
f 624/1162/1157 279/1161/1156 280/1163/1158
usemtl Rivestimento_a_polvere_-_Ruvido_(verde)
f 625/1164/1159 588/1165/1160 628/1166/1161
f 628/1166/1161 588/1165/1160 565/1167/1162
f 628/1166/1161 565/1167/1162 626/1168/1163
f 626/1168/1163 565/1167/1162 623/1169/1164
f 626/1168/1163 627/1170/1165 628/1166/1161
f 628/1166/1161 627/1170/1165 625/1164/1159
f 283/1171/1166 627/1172/1167 284/1173/1168
f 284/1173/1168 627/1172/1167 626/1174/1169
f 622/1175/1170 624/1176/1171 626/1177/1172
f 626/1177/1172 624/1176/1171 280/1178/1173
f 626/1177/1172 280/1178/1173 284/1179/1174
f 284/1179/1174 280/1178/1173 278/1180/1175
f 284/1179/1174 278/1180/1175 276/1181/1176
f 276/1181/1176 275/1182/1177 284/1179/1174
f 626/1177/1172 623/1183/1178 622/1175/1170
usemtl Rivestimento_a_polvere_-_Ruvido_(nero)
f 625/1184/1179 629/1185/1180 628/1186/1181
f 628/1186/1181 629/1185/1180 690/1187/1182
f 690/1187/1182 629/1185/1180 630/1188/1183
f 690/1187/1182 630/1188/1183 689/1189/1184
f 689/1189/1184 630/1188/1183 631/1190/1185
f 689/1189/1184 631/1190/1185 688/1191/1186
f 688/1191/1186 631/1190/1185 632/1192/1187
f 688/1191/1186 632/1192/1187 687/1193/1188
f 687/1193/1188 632/1192/1187 633/1194/1189
f 687/1193/1188 633/1194/1189 686/1195/1190
f 686/1195/1190 633/1194/1189 634/1196/1191
f 686/1195/1190 634/1196/1191 685/1197/1192
f 685/1197/1192 634/1196/1191 635/1198/1193
f 685/1197/1192 635/1198/1193 684/1199/1194
f 684/1199/1194 635/1198/1193 636/1200/1195
f 684/1199/1194 636/1200/1195 683/1201/1196
f 683/1201/1196 636/1200/1195 637/1202/1197
f 683/1201/1196 637/1202/1197 682/1203/1198
f 682/1203/1198 637/1202/1197 638/1204/1199
f 682/1203/1198 638/1204/1199 681/1205/1200
f 681/1205/1200 638/1204/1199 639/1206/1201
f 681/1205/1200 639/1206/1201 680/1207/1202
f 680/1207/1202 639/1206/1201 640/1208/1203
f 680/1207/1202 640/1208/1203 679/1209/1204
f 679/1209/1204 640/1208/1203 641/1210/1205
f 679/1209/1204 641/1210/1205 678/1211/1206
f 678/1211/1206 641/1210/1205 642/1212/1207
f 678/1211/1206 642/1212/1207 677/1213/1208
f 677/1213/1208 642/1212/1207 643/1214/1209
f 677/1213/1208 643/1214/1209 676/1215/1210
f 676/1215/1210 643/1214/1209 644/1216/1211
f 676/1215/1210 644/1216/1211 675/1217/1212
f 675/1217/1212 644/1216/1211 645/1218/1213
f 675/1217/1212 645/1218/1213 674/1219/1214
f 674/1219/1214 645/1218/1213 646/1220/1215
f 674/1219/1214 646/1220/1215 673/1221/1216
f 673/1221/1216 646/1220/1215 647/1222/1217
f 673/1221/1216 647/1222/1217 672/1223/1218
f 672/1223/1218 647/1222/1217 648/1224/1219
f 672/1223/1218 648/1224/1219 671/1225/1220
f 671/1225/1220 648/1224/1219 649/1226/1221
f 671/1225/1220 649/1226/1221 670/1227/1222
f 670/1227/1222 649/1226/1221 650/1228/1223
f 670/1227/1222 650/1228/1223 669/1229/1224
f 669/1229/1224 650/1228/1223 651/1230/1225
f 669/1229/1224 651/1230/1225 668/1231/1226
f 668/1231/1226 651/1230/1225 652/1232/1227
f 668/1231/1226 652/1232/1227 667/1233/1228
f 667/1233/1228 652/1232/1227 653/1234/1229
f 667/1233/1228 653/1234/1229 666/1235/1230
f 666/1235/1230 653/1234/1229 654/1236/1231
f 666/1235/1230 654/1236/1231 665/1237/1232
f 665/1237/1232 654/1236/1231 655/1238/1233
f 665/1237/1232 655/1238/1233 664/1239/1234
f 664/1239/1234 655/1238/1233 656/1240/1235
f 664/1239/1234 656/1240/1235 663/1241/1236
f 663/1241/1236 656/1240/1235 657/1242/1237
f 663/1241/1236 657/1242/1237 662/1243/1238
f 662/1243/1238 657/1242/1237 658/1244/1239
f 662/1243/1238 658/1244/1239 661/1245/1240
f 661/1245/1240 658/1244/1239 659/1246/1241
f 661/1245/1240 659/1246/1241 660/1247/1242
f 660/1247/1242 659/1246/1241 621/1248/1243
f 660/1247/1242 621/1248/1243 591/1249/1244
usemtl Ciliegio_3D_-_Senza_finitura
f 593/1250/1245 610/1251/1246 692/1252/1247
f 692/1252/1247 610/1251/1246 691/1253/1248
f 692/1252/1247 691/1253/1248 607/1254/1249
f 607/1254/1249 606/1255/1250 692/1252/1247
f 692/1252/1247 606/1255/1250 593/1250/1245
f 625/1256/1179 628/1257/1181 585/1258/1251
f 585/1258/1251 628/1257/1181 586/1259/1252
usemtl Rivestimento_a_polvere_-_Ruvido_(nero)
f 600/1260/1253 589/1261/1254 674/1262/1255
f 674/1262/1255 589/1261/1254 587/1263/1256
f 674/1262/1255 587/1263/1256 586/1264/1257
f 628/1265/1258 679/1266/1259 586/1264/1257
f 586/1264/1257 679/1266/1259 678/1267/1260
f 586/1264/1257 678/1267/1260 677/1268/1261
f 628/1265/1258 690/1269/1262 679/1266/1259
f 679/1266/1259 690/1269/1262 680/1270/1263
f 680/1270/1263 690/1269/1262 689/1271/1264
f 680/1270/1263 689/1271/1264 681/1272/1265
f 681/1272/1265 689/1271/1264 688/1273/1266
f 681/1272/1265 688/1273/1266 682/1274/1267
f 682/1274/1267 688/1273/1266 687/1275/1268
f 682/1274/1267 687/1275/1268 683/1276/1269
f 683/1276/1269 687/1275/1268 686/1277/1270
f 683/1276/1269 686/1277/1270 684/1278/1271
f 684/1278/1271 686/1277/1270 685/1279/1272
f 677/1268/1261 676/1280/1273 586/1264/1257
f 586/1264/1257 676/1280/1273 675/1281/1274
f 586/1264/1257 675/1281/1274 674/1262/1255
f 673/1282/1275 597/1283/1276 674/1262/1255
f 674/1262/1255 597/1283/1276 596/1284/1277
f 674/1262/1255 596/1284/1277 595/1285/1278
f 672/1286/1279 599/1287/1280 673/1282/1275
f 673/1282/1275 599/1287/1280 598/1288/1281
f 673/1282/1275 598/1288/1281 597/1283/1276
f 599/1287/1280 672/1286/1279 592/1289/1282
f 592/1289/1282 672/1286/1279 671/1290/1283
f 592/1289/1282 671/1290/1283 670/1291/1284
f 670/1291/1284 669/1292/1285 592/1289/1282
f 592/1289/1282 669/1292/1285 590/1293/1286
f 590/1293/1286 669/1292/1285 668/1294/1287
f 590/1293/1286 668/1294/1287 667/1295/1288
f 667/1295/1288 666/1296/1289 590/1293/1286
f 590/1293/1286 666/1296/1289 665/1297/1290
f 590/1293/1286 665/1297/1290 664/1298/1291
f 664/1298/1291 663/1299/1292 590/1293/1286
f 590/1293/1286 663/1299/1292 662/1300/1293
f 590/1293/1286 662/1300/1293 661/1301/1294
f 661/1301/1294 660/1302/1295 590/1293/1286
f 590/1293/1286 660/1302/1295 591/1303/1296
f 595/1285/1278 594/1304/1297 674/1262/1255
f 674/1262/1255 594/1304/1297 593/1305/1298
f 674/1262/1255 593/1305/1298 606/1306/1299
f 606/1306/1299 605/1307/1300 674/1262/1255
f 674/1262/1255 605/1307/1300 604/1308/1301
f 674/1262/1255 604/1308/1301 603/1309/1302
f 603/1309/1302 602/1310/1303 674/1262/1255
f 674/1262/1255 602/1310/1303 601/1311/1304
f 674/1262/1255 601/1311/1304 600/1260/1253
usemtl Ciliegio_3D_-_Senza_finitura
f 108/1312/1305 456/1313/1306 106/1314/1307
f 106/1314/1307 456/1313/1306 454/1315/1308
f 106/1314/1307 454/1315/1308 46/1316/1309
f 46/1316/1309 454/1315/1308 391/1317/1310
f 46/1316/1309 391/1317/1310 263/1318/1311
f 263/1318/1311 391/1317/1310 437/1319/1312
f 437/1319/1312 391/1317/1310 390/1320/1313
f 437/1319/1312 390/1320/1313 413/1321/1314
f 413/1321/1314 390/1320/1313 503/1322/1315
f 413/1321/1314 503/1322/1315 502/1323/1316
f 454/1315/1308 511/1324/1317 390/1320/1313
f 390/1320/1313 511/1324/1317 510/1325/1318
f 390/1320/1313 510/1325/1318 509/1326/1319
f 454/1315/1308 519/1327/1320 511/1324/1317
f 511/1324/1317 519/1327/1320 512/1328/1321
f 512/1328/1321 519/1327/1320 518/1329/1322
f 512/1328/1321 518/1329/1322 513/1330/1323
f 513/1330/1323 518/1329/1322 517/1331/1324
f 513/1330/1323 517/1331/1324 514/1332/1325
f 514/1332/1325 517/1331/1324 516/1333/1326
f 514/1332/1325 516/1333/1326 515/1334/1327
f 509/1326/1319 508/1335/1328 390/1320/1313
f 390/1320/1313 508/1335/1328 507/1336/1329
f 390/1320/1313 507/1336/1329 506/1337/1330
f 506/1337/1330 505/1338/1331 390/1320/1313
f 390/1320/1313 505/1338/1331 504/1339/1332
f 390/1320/1313 504/1339/1332 503/1322/1315
f 502/1323/1316 501/1340/1333 413/1321/1314
f 413/1321/1314 501/1340/1333 500/1341/1334
f 413/1321/1314 500/1341/1334 499/1342/1335
f 499/1342/1335 498/1343/1336 413/1321/1314
f 413/1321/1314 498/1343/1336 497/1344/1337
f 413/1321/1314 497/1344/1337 496/1345/1338
f 413/1321/1314 496/1345/1338 520/1346/1339
f 520/1346/1339 496/1345/1338 495/1347/1340
f 520/1346/1339 495/1347/1340 410/1348/1341
f 410/1348/1341 495/1347/1340 494/1349/1342
f 410/1348/1341 494/1349/1342 493/1350/1343
f 493/1350/1343 492/1351/1344 410/1348/1341
f 410/1348/1341 492/1351/1344 491/1352/1345
f 410/1348/1341 491/1352/1345 490/1353/1346
f 490/1353/1346 489/1354/1347 410/1348/1341
f 410/1348/1341 489/1354/1347 448/1355/1348
f 410/1348/1341 448/1355/1348 437/1319/1312
f 437/1319/1312 448/1355/1348 614/1356/1349
f 614/1356/1349 448/1355/1348 369/1357/1350
f 614/1356/1349 369/1357/1350 541/1358/1351
f 541/1358/1351 369/1357/1350 368/1359/1352
f 541/1358/1351 368/1359/1352 542/1360/1353
f 542/1360/1353 368/1359/1352 367/1361/1354
f 542/1360/1353 367/1361/1354 543/1362/1355
f 543/1362/1355 367/1361/1354 366/1363/1356
f 543/1362/1355 366/1363/1356 544/1364/1357
f 544/1364/1357 366/1363/1356 365/1365/1358
f 544/1364/1357 365/1365/1358 545/1366/1359
f 545/1366/1359 365/1365/1358 364/1367/1360
f 545/1366/1359 364/1367/1360 546/1368/1361
f 546/1368/1361 364/1367/1360 363/1369/1362
f 546/1368/1361 363/1369/1362 547/1370/1363
f 547/1370/1363 363/1369/1362 362/1371/1364
f 547/1370/1363 362/1371/1364 548/1372/1365
f 548/1372/1365 362/1371/1364 361/1373/1366
f 548/1372/1365 361/1373/1366 549/1374/1367
f 549/1374/1367 361/1373/1366 360/1375/1368
f 549/1374/1367 360/1375/1368 550/1376/1369
f 550/1376/1369 360/1375/1368 359/1377/1370
f 550/1376/1369 359/1377/1370 551/1378/1371
f 551/1378/1371 359/1377/1370 358/1379/1372
f 551/1378/1371 358/1379/1372 552/1380/1373
f 552/1380/1373 358/1379/1372 357/1381/1374
f 552/1380/1373 357/1381/1374 553/1382/1375
f 553/1382/1375 357/1381/1374 356/1383/1376
f 553/1382/1375 356/1383/1376 554/1384/1377
f 554/1384/1377 356/1383/1376 355/1385/1378
f 554/1384/1377 355/1385/1378 555/1386/1379
f 555/1386/1379 355/1385/1378 354/1387/1380
f 555/1386/1379 354/1387/1380 556/1388/1381
f 556/1388/1381 354/1387/1380 353/1389/1382
f 556/1388/1381 353/1389/1382 557/1390/1383
f 557/1390/1383 353/1389/1382 352/1391/1384
f 557/1390/1383 352/1391/1384 558/1392/1385
f 558/1392/1385 352/1391/1384 351/1393/1386
f 558/1392/1385 351/1393/1386 559/1394/1387
f 559/1394/1387 351/1393/1386 350/1395/1388
f 446/1396/1389 444/1397/1390 448/1355/1348
f 448/1355/1348 444/1397/1390 369/1357/1350
f 614/1356/1349 541/1358/1351 621/1398/1391
f 621/1398/1391 541/1358/1351 617/1399/1392
f 621/1398/1391 617/1399/1392 619/1400/1393
f 659/1401/1394 610/1402/1395 621/1398/1391
f 621/1398/1391 610/1402/1395 613/1403/1396
f 621/1398/1391 613/1403/1396 614/1356/1349
f 659/1401/1394 658/1404/1397 610/1402/1395
f 610/1402/1395 658/1404/1397 657/1405/1398
f 610/1402/1395 657/1405/1398 656/1406/1399
f 656/1406/1399 655/1407/1400 610/1402/1395
f 610/1402/1395 655/1407/1400 654/1408/1401
f 610/1402/1395 654/1408/1401 653/1409/1402
f 610/1402/1395 653/1409/1402 691/1410/1403
f 691/1410/1403 653/1409/1402 652/1411/1404
f 691/1410/1403 652/1411/1404 607/1412/1405
f 607/1412/1405 652/1411/1404 651/1413/1406
f 607/1412/1405 651/1413/1406 650/1414/1407
f 650/1414/1407 649/1415/1408 607/1412/1405
f 607/1412/1405 649/1415/1408 648/1416/1409
f 607/1412/1405 648/1416/1409 647/1417/1410
f 647/1417/1410 646/1418/1411 607/1412/1405
f 607/1412/1405 646/1418/1411 645/1419/1412
f 607/1412/1405 645/1419/1412 585/1420/1413
f 585/1420/1413 645/1419/1412 644/1421/1414
f 585/1420/1413 644/1421/1414 643/1422/1415
f 643/1422/1415 642/1423/1416 585/1420/1413
f 585/1420/1413 642/1423/1416 641/1424/1417
f 585/1420/1413 641/1424/1417 640/1425/1418
f 640/1425/1418 639/1426/1419 585/1420/1413
f 585/1420/1413 639/1426/1419 638/1427/1420
f 585/1420/1413 638/1427/1420 637/1428/1421
f 636/1429/1422 629/1430/1423 637/1428/1421
f 637/1428/1421 629/1430/1423 625/1431/1424
f 637/1428/1421 625/1431/1424 585/1420/1413
f 629/1430/1423 636/1429/1422 630/1432/1425
f 630/1432/1425 636/1429/1422 635/1433/1426
f 630/1432/1425 635/1433/1426 631/1434/1427
f 631/1434/1427 635/1433/1426 634/1435/1428
f 631/1434/1427 634/1435/1428 632/1436/1429
f 632/1436/1429 634/1435/1428 633/1437/1430
f 607/1412/1405 585/1420/1413 613/1403/1396
f 613/1403/1396 585/1420/1413 588/1438/1431
f 613/1403/1396 588/1438/1431 261/1439/1432
f 261/1439/1432 588/1438/1431 215/1440/1433
f 261/1439/1432 215/1440/1433 214/1441/1434
f 588/1438/1431 625/1431/1424 215/1440/1433
f 215/1440/1433 625/1431/1424 281/1442/1435
f 281/1442/1435 625/1431/1424 627/1443/1436
f 281/1442/1435 627/1443/1436 283/1444/1437
f 281/1442/1435 338/1445/1438 214/1441/1434
f 214/1441/1434 338/1445/1438 337/1446/1439
f 214/1441/1434 337/1446/1439 336/1447/1440
f 281/1442/1435 346/1448/1441 338/1445/1438
f 338/1445/1438 346/1448/1441 339/1449/1442
f 339/1449/1442 346/1448/1441 345/1450/1443
f 339/1449/1442 345/1450/1443 340/1451/1444
f 340/1451/1444 345/1450/1443 344/1452/1445
f 340/1451/1444 344/1452/1445 341/1453/1446
f 341/1453/1446 344/1452/1445 343/1454/1447
f 341/1453/1446 343/1454/1447 342/1455/1448
f 336/1447/1440 335/1456/1449 214/1441/1434
f 214/1441/1434 335/1456/1449 334/1457/1450
f 214/1441/1434 334/1457/1450 333/1458/1451
f 333/1458/1451 332/1459/1452 214/1441/1434
f 214/1441/1434 332/1459/1452 331/1460/1453
f 214/1441/1434 331/1460/1453 330/1461/1454
f 214/1441/1434 330/1461/1454 237/1462/1455
f 237/1462/1455 330/1461/1454 329/1463/1456
f 237/1462/1455 329/1463/1456 328/1464/1457
f 328/1464/1457 327/1465/1458 237/1462/1455
f 237/1462/1455 327/1465/1458 326/1466/1459
f 237/1462/1455 326/1466/1459 325/1467/1460
f 325/1467/1460 324/1468/1461 237/1462/1455
f 237/1462/1455 324/1468/1461 323/1469/1462
f 237/1462/1455 323/1469/1462 347/1470/1463
f 347/1470/1463 323/1469/1462 322/1471/1464
f 347/1470/1463 322/1471/1464 234/1472/1465
f 234/1472/1465 322/1471/1464 321/1473/1466
f 234/1472/1465 321/1473/1466 320/1474/1467
f 320/1474/1467 319/1475/1468 234/1472/1465
f 234/1472/1465 319/1475/1468 318/1476/1469
f 234/1472/1465 318/1476/1469 317/1477/1470
f 317/1477/1470 316/1478/1471 234/1472/1465
f 234/1472/1465 316/1478/1471 273/1479/1472
f 234/1472/1465 273/1479/1472 261/1439/1432
f 261/1439/1432 273/1479/1472 262/1480/1473
f 262/1480/1473 273/1479/1472 211/1481/1474
f 262/1480/1473 211/1481/1474 22/1482/1475
f 22/1482/1475 211/1481/1474 23/1483/1476
f 23/1483/1476 211/1481/1474 210/1484/1477
f 23/1483/1476 210/1484/1477 24/1485/1478
f 24/1485/1478 210/1484/1477 209/1486/1479
f 24/1485/1478 209/1486/1479 25/1487/1480
f 25/1487/1480 209/1486/1479 208/1488/1481
f 25/1487/1480 208/1488/1481 26/1489/1482
f 26/1489/1482 208/1488/1481 207/1490/1483
f 26/1489/1482 207/1490/1483 27/1491/1484
f 27/1491/1484 207/1490/1483 206/1492/1485
f 27/1491/1484 206/1492/1485 28/1493/1486
f 28/1493/1486 206/1492/1485 205/1494/1487
f 28/1493/1486 205/1494/1487 29/1495/1488
f 29/1495/1488 205/1494/1487 204/1496/1489
f 29/1495/1488 204/1496/1489 30/1497/1490
f 30/1497/1490 204/1496/1489 203/1498/1491
f 30/1497/1490 203/1498/1491 31/1499/1492
f 31/1499/1492 203/1498/1491 202/1500/1493
f 31/1499/1492 202/1500/1493 32/1501/1494
f 32/1501/1494 202/1500/1493 201/1502/1495
f 32/1501/1494 201/1502/1495 33/1503/1496
f 33/1503/1496 201/1502/1495 200/1504/1497
f 33/1503/1496 200/1504/1497 34/1505/1498
f 34/1505/1498 200/1504/1497 199/1506/1499
f 34/1505/1498 199/1506/1499 35/1507/1500
f 35/1507/1500 199/1506/1499 198/1508/1501
f 35/1507/1500 198/1508/1501 36/1509/1502
f 36/1509/1502 198/1508/1501 197/1510/1503
f 36/1509/1502 197/1510/1503 37/1511/1504
f 37/1511/1504 197/1510/1503 196/1512/1505
f 37/1511/1504 196/1512/1505 38/1513/1506
f 38/1513/1506 196/1512/1505 195/1514/1507
f 38/1513/1506 195/1514/1507 39/1515/1508
f 39/1515/1508 195/1514/1507 194/1516/1509
f 39/1515/1508 194/1516/1509 40/1517/1510
f 40/1517/1510 194/1516/1509 193/1518/1511
f 40/1517/1510 193/1518/1511 1/1519/1512
f 271/1520/1513 269/1521/1514 273/1479/1472
f 273/1479/1472 269/1521/1514 211/1481/1474
f 262/1480/1473 22/1482/1475 98/1522/1515
f 98/1522/1515 22/1482/1475 94/1523/1516
f 98/1522/1515 94/1523/1516 96/1524/1517
f 140/1525/1518 86/1526/1519 98/1522/1515
f 98/1522/1515 86/1526/1519 263/1318/1311
f 98/1522/1515 263/1318/1311 262/1480/1473
f 140/1525/1518 139/1527/1520 86/1526/1519
f 86/1526/1519 139/1527/1520 138/1528/1521
f 86/1526/1519 138/1528/1521 137/1529/1522
f 137/1529/1522 136/1530/1523 86/1526/1519
f 86/1526/1519 136/1530/1523 135/1531/1524
f 86/1526/1519 135/1531/1524 134/1532/1525
f 86/1526/1519 134/1532/1525 172/1533/1526
f 172/1533/1526 134/1532/1525 133/1534/1527
f 172/1533/1526 133/1534/1527 83/1535/1528
f 83/1535/1528 133/1534/1527 132/1536/1529
f 83/1535/1528 132/1536/1529 131/1537/1530
f 131/1537/1530 130/1538/1531 83/1535/1528
f 83/1535/1528 130/1538/1531 129/1539/1532
f 83/1535/1528 129/1539/1532 128/1540/1533
f 128/1540/1533 127/1541/1534 83/1535/1528
f 83/1535/1528 127/1541/1534 126/1542/1535
f 83/1535/1528 126/1542/1535 41/1543/1536
f 41/1543/1536 126/1542/1535 125/1544/1537
f 41/1543/1536 125/1544/1537 124/1545/1538
f 124/1545/1538 123/1546/1539 41/1543/1536
f 41/1543/1536 123/1546/1539 122/1547/1540
f 41/1543/1536 122/1547/1540 121/1548/1541
f 121/1548/1541 120/1549/1542 41/1543/1536
f 41/1543/1536 120/1549/1542 119/1550/1543
f 41/1543/1536 119/1550/1543 118/1551/1544
f 117/1552/1545 110/1553/1546 118/1551/1544
f 118/1551/1544 110/1553/1546 106/1314/1307
f 118/1551/1544 106/1314/1307 41/1543/1536
f 110/1553/1546 117/1552/1545 111/1554/1547
f 111/1554/1547 117/1552/1545 116/1555/1548
f 111/1554/1547 116/1555/1548 112/1556/1549
f 112/1556/1549 116/1555/1548 115/1557/1550
f 112/1556/1549 115/1557/1550 113/1558/1551
f 113/1558/1551 115/1557/1550 114/1559/1552
f 83/1535/1528 41/1543/1536 263/1318/1311
f 263/1318/1311 41/1543/1536 46/1316/1309
f 214/1441/1434 237/1462/1455 261/1439/1432
f 261/1439/1432 237/1462/1455 236/1560/1553
f 261/1439/1432 236/1560/1553 235/1561/1554
f 235/1561/1554 234/1472/1465 261/1439/1432
f 86/1526/1519 85/1562/1555 263/1318/1311
f 263/1318/1311 85/1562/1555 84/1563/1556
f 263/1318/1311 84/1563/1556 83/1535/1528
f 413/1321/1314 412/1564/1557 437/1319/1312
f 437/1319/1312 412/1564/1557 411/1565/1558
f 437/1319/1312 411/1565/1558 410/1348/1341
f 610/1402/1395 609/1566/1559 613/1403/1396
f 613/1403/1396 609/1566/1559 608/1567/1560
f 613/1403/1396 608/1567/1560 607/1412/1405
# 692 vertices
# 1567 texture params
# 1560 normals
# 1416 facets

# 1 groups
