# WaveFront *.obj file (generated by Autodesk ATF)

mtllib cut_rod.mtl

g Corpo14

v -115.000171 -5.032038 80.990783
v -115.270967 -5.008969 80.990833
v -115.548188 -4.942950 80.990884
v -115.828336 -4.830813 80.990935
v -116.107396 -4.670407 80.990987
v -116.380974 -4.460853 80.991037
v -116.644481 -4.202739 80.991085
v -116.893355 -3.898226 80.991131
v -117.123305 -3.551035 80.991173
v -117.330548 -3.166316 80.991211
v -117.512013 -2.750393 80.991245
v -117.665491 -2.310429 80.991273
v -117.789711 -1.854023 80.991296
v -117.884349 -1.388816 80.991313
v -117.949963 -0.922109 80.991325
v -117.987871 -0.460566 80.991332
v -118.000000 -0.009988 80.991334
v -118.000000 -0.009940 80.990354
v -118.000000 -0.009796 80.989383
v -118.000001 -0.009557 80.988431
v -118.000001 -0.009226 80.987508
v -118.000001 -0.008806 80.986621
v -118.000001 -0.008302 80.985779
v -118.000001 -0.007718 80.984991
v -118.000001 -0.007059 80.984263
v -118.000001 -0.006331 80.983605
v -118.000002 -0.005543 80.983021
v -118.000002 -0.004701 80.982517
v -118.000002 -0.003814 80.982097
v -118.000002 -0.002891 80.981765
v -118.000002 -0.001939 80.981527
v -118.000002 -0.000968 80.981384
v -118.000002 0.000012 80.981337
v -118.000002 0.000992 80.981385
v -118.000002 0.001963 80.981528
v -118.000002 0.002915 80.981765
v -118.000002 0.003839 80.982096
v -118.000002 0.004725 80.982517
v -118.000002 0.005566 80.983022
v -118.000001 0.006354 80.983607
v -118.000001 0.007082 80.984264
v -118.000001 0.007742 80.984990
v -118.000001 0.008326 80.985779
v -118.000001 0.008829 80.986621
v -118.000001 0.009246 80.987509
v -118.000001 0.009576 80.988433
v -118.000000 0.009815 80.989385
v -118.000000 0.009961 80.990355
v -118.000000 0.010012 80.991334
v -118.000000 0.009964 80.992314
v -118.000000 0.009818 80.993284
v -117.999999 0.009577 80.994235
v -117.999999 0.009246 80.995159
v -117.999999 0.008827 80.996046
v -117.999999 0.008325 80.996889
v -117.999999 0.007742 80.997678
v -117.999999 0.007083 80.998405
v -117.999999 0.006354 80.999061
v -117.999998 0.005565 80.999644
v -117.999998 0.004723 81.000147
v -117.999998 0.003836 81.000567
v -117.999998 0.002913 81.000900
v -117.999998 0.001963 81.001141
v -117.999998 0.000992 81.001286
v -117.999998 0.000012 81.001332
v -117.999998 -0.000967 81.001281
v -117.999998 -0.001937 81.001136
v -117.999998 -0.002889 81.000897
v -117.999998 -0.003814 81.000569
v -117.999998 -0.004701 81.000152
v -117.999998 -0.005544 80.999649
v -117.999999 -0.006331 80.999063
v -117.999999 -0.007055 80.998403
v -117.999999 -0.007712 80.997674
v -117.999999 -0.008296 80.996886
v -117.999999 -0.008802 80.996045
v -117.999999 -0.009224 80.995159
v -117.999999 -0.009557 80.994237
v -118.000000 -0.009796 80.993285
v -118.000000 -0.009940 80.992314
v -115.000171 -5.032038 80.991332
v -115.000081 -5.007767 81.484548
v -114.999992 -4.935334 81.973027
v -114.999905 -4.815122 82.451913
v -114.999820 -4.647613 82.916146
v -114.999739 -4.435292 83.361750
v -114.999662 -4.180844 83.784870
v -114.999589 -3.886956 84.181651
v -114.999522 -3.556314 84.548239
v -114.999462 -3.191603 84.880778
v -114.999408 -2.795513 85.175414
v -114.999362 -2.371674 85.428508
v -114.999323 -1.924867 85.638303
v -114.999293 -1.459663 85.803693
v -114.999271 -0.980633 85.923570
v -114.999258 -0.492349 85.996829
v -114.999253 0.000619 86.022362
v -114.999258 0.493701 85.999064
v -114.999271 0.981994 85.926121
v -114.999293 1.460437 85.804811
v -114.999324 1.924832 85.637303
v -114.999362 2.371012 85.425771
v -114.999408 2.794808 85.172387
v -114.999462 3.192051 84.879326
v -114.999522 3.558574 84.548760
v -114.999589 3.890188 84.182980
v -114.999661 4.183375 83.785850
v -114.999739 4.436180 83.361813
v -114.999820 4.646812 82.915224
v -114.999905 4.813478 82.450436
v -114.999992 4.934387 81.971803
v -115.000081 5.007749 81.483678
v -115.000171 5.031830 80.990565
v -115.000261 5.006390 80.497655
v -115.000350 4.932732 80.009554
v -115.000438 4.812230 79.530759
v -115.000522 4.646257 79.065770
v -115.000604 4.436185 78.619085
v -115.000681 4.183388 78.195201
v -115.000754 3.889358 77.798635
v -115.000820 3.557247 77.433419
v -115.000881 3.190948 77.102432
v -115.000934 2.794287 76.808431
v -115.000981 2.371091 76.554174
v -115.001019 1.925185 76.342419
v -115.001050 1.460426 76.175918
v -115.001071 0.981414 76.056586
v -115.001085 0.492978 75.984770
v -115.001089 -0.000165 75.960641
v -115.001085 -0.493298 75.984372
v -115.001072 -0.981703 76.056136
v -115.001050 -1.460622 76.176038
v -115.001019 -1.925252 76.342876
v -115.000981 -2.371400 76.554331
v -115.000934 -2.794966 76.808054
v -115.000881 -3.191852 77.101697
v -115.000820 -3.557958 77.432911
v -115.000754 -3.889357 77.798897
v -115.000681 -4.183218 78.195671
v -115.000604 -4.437104 78.619173
v -115.000523 -4.648580 79.065345
v -115.000438 -4.815214 79.530127
v -115.000350 -4.935161 80.009131
v -115.000261 -5.007673 80.497582
v -117.995794 -0.274797 80.969706
v -117.982832 -0.544232 80.948498
v -117.960651 -0.817179 80.927013
v -117.928843 -1.092431 80.905345
v -117.887072 -1.368671 80.883597
v -117.835084 -1.644480 80.861881
v -117.772721 -1.918363 80.840314
v -117.699929 -2.188759 80.819021
v -117.616763 -2.454075 80.798125
v -117.523397 -2.712709 80.777753
v -117.420124 -2.963080 80.758029
v -117.307353 -3.203656 80.739075
v -117.185607 -3.432989 80.721004
v -117.055516 -3.649739 80.703922
v -116.917805 -3.852701 80.687923
v -116.773279 -4.040827 80.673091
v -116.565573 -4.273162 80.654768
v -116.349085 -4.474302 80.638898
v -116.126292 -4.643269 80.625559
v -115.899670 -4.779769 80.614775
v -115.671614 -4.884159 80.606518
v -115.444369 -4.957375 80.600714
v -115.219979 -5.000851 80.597251
v -117.995798 -0.272249 80.948211
v -117.982840 -0.539186 80.905930
v -117.960663 -0.809602 80.863097
v -117.928859 -1.082302 80.819899
v -117.887091 -1.355981 80.776545
v -117.835107 -1.629234 80.733256
v -117.772748 -1.900577 80.690268
v -117.699960 -2.168467 80.647825
v -117.616797 -2.431324 80.606178
v -117.523435 -2.687561 80.565577
v -117.420165 -2.935610 80.526270
v -117.307397 -3.173956 80.488499
v -117.185654 -3.401163 80.452491
v -117.055566 -3.615903 80.418456
v -116.917857 -3.816983 80.386582
v -116.773333 -4.003365 80.357036
v -116.565630 -4.233545 80.320541
v -116.349145 -4.432819 80.288939
v -116.126355 -4.600217 80.262385
v -115.899735 -4.735450 80.240924
v -115.671680 -4.838869 80.224503
v -115.444438 -4.911404 80.212973
v -115.220049 -4.954474 80.206110
v -117.995801 -0.268028 80.926983
v -117.982848 -0.530826 80.863888
v -117.960674 -0.797050 80.799969
v -117.928874 -1.065522 80.735508
v -117.887110 -1.334958 80.670815
v -117.835130 -1.603975 80.606220
v -117.772775 -1.871112 80.542074
v -117.699990 -2.134849 80.478743
v -117.616831 -2.393631 80.416599
v -117.523472 -2.645895 80.356019
v -117.420205 -2.890099 80.297371
v -117.307440 -3.124751 80.241016
v -117.185700 -3.348435 80.187291
v -117.055615 -3.559846 80.136512
v -116.917908 -3.757808 80.088960
v -116.773387 -3.941300 80.044881
v -116.565687 -4.167910 79.990438
v -116.349205 -4.364094 79.943299
v -116.126417 -4.528896 79.903692
v -115.899798 -4.662030 79.871688
v -115.671746 -4.763843 79.847203
v -115.444505 -4.835250 79.830018
v -115.220118 -4.877650 79.819797
v -117.995805 -0.262153 80.906151
v -117.982855 -0.519192 80.822632
v -117.960686 -0.779581 80.738022
v -117.928889 -1.042169 80.652696
v -117.887129 -1.305700 80.567062
v -117.835153 -1.568822 80.481559
v -117.772801 -1.830104 80.396652
v -117.700020 -2.088062 80.312824
v -117.616864 -2.341173 80.230568
v -117.523509 -2.587909 80.150381
v -117.420245 -2.826761 80.072754
v -117.307482 -3.056270 79.998162
v -117.185745 -3.275052 79.927053
v -117.055663 -3.481830 79.859843
v -116.917959 -3.675453 79.796906
v -116.773439 -3.854923 79.738566
v -116.565742 -4.076566 79.666512
v -116.349263 -4.268448 79.604126
v -116.126477 -4.429637 79.551712
v -115.899861 -4.559851 79.509361
v -115.671810 -4.659431 79.476964
v -115.444571 -4.729270 79.454230
v -115.220186 -4.770738 79.440715
v -117.995813 -0.245570 80.866205
v -117.982870 -0.486349 80.743521
v -117.960707 -0.730268 80.619237
v -117.928918 -0.976247 80.493900
v -117.887165 -1.223109 80.368112
v -117.835196 -1.469588 80.242517
v -117.772852 -1.714344 80.117798
v -117.700077 -1.955985 79.994665
v -117.616928 -2.193087 79.873842
v -117.523578 -2.424216 79.756060
v -117.420321 -2.647961 79.642040
v -117.307564 -2.862953 79.532477
v -117.185832 -3.067897 79.428032
v -117.055755 -3.261595 79.329316
v -116.918055 -3.442970 79.236876
v -116.773541 -3.611087 79.151191
v -116.565849 -3.818709 79.045366
v -116.349374 -3.998452 78.953744
v -116.126593 -4.149442 78.876772
v -115.899981 -4.271416 78.814582
v -115.671934 -4.364693 78.767014
v -115.444698 -4.430111 78.733641
v -115.220316 -4.468950 78.713810
v -115.220252 -4.634175 79.071384
v -115.444636 -4.593896 79.088107
v -115.671873 -4.526057 79.116245
v -115.899922 -4.429329 79.156349
v -116.126536 -4.302843 79.208778
v -116.349319 -4.146270 79.273669
v -116.565797 -3.959880 79.350909
v -116.773491 -3.744581 79.440121
v -116.918008 -3.570249 79.512354
v -117.055709 -3.382168 79.590280
v -117.185790 -3.181308 79.673498
v -117.307524 -2.968788 79.761544
v -117.420283 -2.745848 79.853905
v -117.523544 -2.513832 79.950023
v -117.616897 -2.274159 80.049311
v -117.700049 -2.028292 80.151163
v -117.772827 -1.777718 80.254962
v -117.835175 -1.523914 80.360098
v -117.887147 -1.268324 80.465972
v -117.928904 -1.012336 80.572009
v -117.960697 -0.757264 80.677665
v -117.982863 -0.504329 80.782434
v -117.995809 -0.254648 80.885854
v -117.995816 -0.234988 80.847325
v -117.982877 -0.465393 80.706130
v -117.960718 -0.698801 80.563093
v -117.928932 -0.934181 80.418845
v -117.887182 -1.170407 80.274078
v -117.835217 -1.406265 80.129534
v -117.772875 -1.640476 79.985998
v -117.700104 -1.871705 79.844287
v -117.616958 -2.098591 79.705236
v -117.523611 -2.319762 79.569684
v -117.420356 -2.533866 79.438462
v -117.307603 -2.739594 79.312370
v -117.185873 -2.935707 79.192169
v -117.055798 -3.121059 79.078561
v -116.918101 -3.294620 78.972178
v -116.773588 -3.455492 78.873568
v -116.565899 -3.654167 78.751782
v -116.349427 -3.826165 78.646342
v -116.126648 -3.970647 78.557762
v -115.900038 -4.087364 78.486196
v -115.671992 -4.176620 78.431458
v -115.444758 -4.239217 78.393056
v -115.220378 -4.276381 78.370241
v -117.995819 -0.222970 80.829325
v -117.982883 -0.441592 80.670482
v -117.960728 -0.663064 80.509566
v -117.928945 -0.886408 80.347290
v -117.887199 -1.110553 80.184428
v -117.835236 -1.334350 80.021818
v -117.772898 -1.556584 79.860342
v -117.700129 -1.775989 79.700919
v -117.616986 -1.991272 79.544489
v -117.523643 -2.201133 79.391997
v -117.420391 -2.404289 79.244374
v -117.307639 -2.599497 79.102525
v -117.185913 -2.785581 78.967302
v -117.055840 -2.961455 78.839497
v -116.918145 -3.126139 78.719819
v -116.773634 -3.278785 78.608888
v -116.565947 -3.467299 78.471884
v -116.349477 -3.630500 78.353270
v -116.126700 -3.767593 78.253624
v -115.900092 -3.878340 78.173119
v -115.672048 -3.963029 78.111545
v -115.444816 -4.022423 78.068350
v -115.220436 -4.057685 78.042690
v -117.995823 -0.209585 80.812319
v -117.982890 -0.415084 80.636802
v -117.960737 -0.623261 80.458996
v -117.928957 -0.833198 80.279685
v -117.887214 -1.043889 80.099729
v -117.835254 -1.254252 79.920050
v -117.772919 -1.463146 79.741625
v -117.700153 -1.669381 79.565468
v -117.617014 -1.871742 79.392619
v -117.523673 -2.069006 79.224121
v -117.420423 -2.259966 79.061005
v -117.307674 -2.443457 78.904267
v -117.185950 -2.618371 78.754852
v -117.055879 -2.783687 78.613634
v -116.918186 -2.938486 78.481396
v -116.773677 -3.081968 78.358823
v -116.565993 -3.259166 78.207442
v -116.349525 -3.412570 78.076382
v -116.126749 -3.541432 77.966281
v -115.900143 -3.645530 77.877331
v -115.672101 -3.725135 77.809299
v -115.444870 -3.780962 77.761577
v -115.220492 -3.814105 77.733228
v -117.995828 -0.178997 80.781744
v -117.982901 -0.354507 80.576250
v -117.960753 -0.532304 80.368076
v -117.928979 -0.711604 80.158141
v -117.887242 -0.891548 79.947450
v -117.835288 -1.071213 79.737083
v -117.772958 -1.249623 79.528185
v -117.700197 -1.425761 79.321943
v -117.617062 -1.598591 79.119574
v -117.523726 -1.767068 78.922300
v -117.420481 -1.930161 78.731326
v -117.307737 -2.086875 78.547822
v -117.186016 -2.236263 78.372891
v -117.055949 -2.377454 78.207557
v -116.918260 -2.509662 78.052738
v -116.773754 -2.632206 77.909235
v -116.566074 -2.783543 77.732006
v -116.349610 -2.914559 77.578570
v -116.126838 -3.024614 77.449673
v -115.900235 -3.113519 77.345539
v -115.672195 -3.181504 77.265898
v -115.444967 -3.229181 77.210035
v -115.220591 -3.257485 77.176855
v -115.220544 -3.546930 77.443975
v -115.444920 -3.516107 77.474833
v -115.672150 -3.464190 77.526785
v -115.900191 -3.390160 77.600850
v -116.126795 -3.293353 77.697692
v -116.349569 -3.173517 77.817563
v -116.566035 -3.030858 77.960255
v -116.773717 -2.866071 78.125073
v -116.918224 -2.732639 78.258527
v -117.055915 -2.588683 78.402503
v -117.185984 -2.434946 78.556259
v -117.307707 -2.272284 78.718939
v -117.420453 -2.101647 78.889593
v -117.523700 -1.924062 79.067192
v -117.617039 -1.740617 79.250651
v -117.700176 -1.552431 79.438848
v -117.772939 -1.360643 79.630647
v -117.835272 -1.166383 79.824916
v -117.887228 -0.970756 80.020550
v -117.928969 -0.774825 80.216487
v -117.960745 -0.579596 80.411721
v -117.982895 -0.386002 80.605317
v -117.995825 -0.194900 80.796421
v -117.995831 -0.161986 80.768368
v -117.982905 -0.320817 80.549760
v -117.960761 -0.481719 80.328300
v -117.928989 -0.643980 80.104967
v -117.887254 -0.806824 79.880830
v -117.835302 -0.969416 79.657039
v -117.772975 -1.130871 79.434809
v -117.700216 -1.290272 79.215406
v -117.617083 -1.446678 79.000122
v -117.523750 -1.599145 78.790259
v -117.420506 -1.746740 78.587098
v -117.307764 -1.888561 78.391883
v -117.186045 -2.023753 78.205790
v -117.055980 -2.151527 78.029906
v -116.918292 -2.271172 77.865209
v -116.773788 -2.382069 77.712549
v -116.566110 -2.519026 77.524012
v -116.349647 -2.637590 77.360786
v -116.126877 -2.737186 77.223667
v -115.900275 -2.817642 77.112892
v -115.672237 -2.879166 77.028172
v -115.445009 -2.922311 76.968747
v -115.220635 -2.947924 76.933453
v -117.995833 -0.143982 80.756359
v -117.982910 -0.285161 80.525977
v -117.960767 -0.428180 80.292589
v -117.928998 -0.572408 80.057227
v -117.887265 -0.717154 79.821018
v -117.835315 -0.861676 79.585174
v -117.772990 -1.005188 79.350975
v -117.700233 -1.146873 79.119754
v -117.617103 -1.285897 78.892876
v -117.523771 -1.421419 78.671709
v -117.420529 -1.552610 78.457607
v -117.307788 -1.678670 78.251879
v -117.186072 -1.798837 78.055763
v -117.056008 -1.912410 77.870407
v -116.918321 -2.018758 77.696841
v -116.773819 -2.117331 77.535960
v -116.566142 -2.239066 77.337271
v -116.349681 -2.344453 77.165256
v -116.126912 -2.432980 77.020755
v -115.900311 -2.504493 76.904016
v -115.672274 -2.559178 76.814736
v -115.445048 -2.597528 76.752114
v -115.220674 -2.620293 76.714923
v -117.995835 -0.125100 80.745783
v -117.982914 -0.247765 80.505031
v -117.960773 -0.372030 80.261138
v -117.929005 -0.497346 80.015182
v -117.887274 -0.623111 79.768341
v -117.835326 -0.748681 79.521881
v -117.773003 -0.873374 79.277141
v -117.700248 -0.996480 79.035514
v -117.617119 -1.117274 78.798423
v -117.523789 -1.235025 78.567302
v -117.420549 -1.349013 78.343564
v -117.307810 -1.458542 78.128576
v -117.186095 -1.562952 77.923634
v -117.056032 -1.661632 77.729936
v -116.918347 -1.754034 77.548558
v -116.773845 -1.839681 77.380437
v -116.566170 -1.945452 77.172807
v -116.349710 -2.037019 76.993052
v -116.126942 -2.113937 76.842049
v -115.900343 -2.176072 76.720058
v -115.672307 -2.223586 76.626763
v -115.445081 -2.256906 76.561325
v -115.220709 -2.276686 76.522464
v -117.995838 -0.085161 80.729192
v -117.982920 -0.168669 80.472172
v -117.960782 -0.253266 80.211800
v -117.929017 -0.338578 79.949226
v -117.887289 -0.424196 79.685706
v -117.835344 -0.509682 79.422593
v -117.773024 -0.594570 79.161317
v -117.700272 -0.678378 78.903363
v -117.617146 -0.760612 78.650254
v -117.523818 -0.840774 78.403517
v -117.420581 -0.918375 78.164662
v -117.307844 -0.992940 77.935149
v -117.186131 -1.064020 77.716360
v -117.056070 -1.131199 77.509576
v -116.918387 -1.194104 77.315944
v -116.773887 -1.252410 77.136465
v -116.566214 -1.324417 76.914809
v -116.349757 -1.386754 76.722912
v -116.126991 -1.439117 76.561710
v -115.900392 -1.481417 76.431481
v -115.672358 -1.513763 76.331886
v -115.445134 -1.536446 76.262032
v -115.220763 -1.549911 76.220549
v -115.220738 -1.919221 76.357284
v -115.445110 -1.902542 76.397577
v -115.672335 -1.874450 76.465430
v -115.900370 -1.834392 76.562169
v -116.126969 -1.782009 76.688666
v -116.349736 -1.717165 76.845248
v -116.566194 -1.639971 77.031644
v -116.773868 -1.550804 77.246947
v -116.918369 -1.478604 77.421281
v -117.056053 -1.400709 77.609363
v -117.186114 -1.317522 77.810221
v -117.307829 -1.229505 78.022738
v -117.420567 -1.137173 78.245673
v -117.523805 -1.041083 78.477682
v -117.617134 -0.941821 78.717347
v -117.700261 -0.839995 78.963202
v -117.773014 -0.736219 79.213762
v -117.835336 -0.631107 79.467551
v -117.887282 -0.525255 79.723123
v -117.929012 -0.419239 79.979090
v -117.960778 -0.313603 80.234139
v -117.982917 -0.208853 80.487050
v -117.995836 -0.105451 80.736704
v -117.995839 -0.064335 80.723308
v -117.982922 -0.127425 80.460521
v -117.960785 -0.191336 80.194305
v -117.929022 -0.255788 79.925838
v -117.887295 -0.320472 79.656404
v -117.835351 -0.385055 79.387387
v -117.773031 -0.449187 79.120247
v -117.700280 -0.512503 78.856504
v -117.617155 -0.574630 78.597714
v -117.523828 -0.635191 78.345440
v -117.420592 -0.693818 78.101225
v -117.307856 -0.750151 77.866561
v -117.186143 -0.803851 77.642863
v -117.056084 -0.854604 77.431438
v -116.918401 -0.902128 77.233461
v -116.773902 -0.946178 77.049955
v -116.566230 -1.000578 76.823325
v -116.349773 -1.047672 76.627123
v -116.127008 -1.087232 76.462304
v -115.900410 -1.119189 76.329154
v -115.672376 -1.143625 76.227326
v -115.445153 -1.160762 76.155905
v -115.220782 -1.170934 76.113493
v -117.995840 -0.043108 80.719108
v -117.982923 -0.085385 80.452203
v -117.960787 -0.128213 80.181815
v -117.929025 -0.171403 79.909141
v -117.887298 -0.214748 79.635485
v -117.835355 -0.258026 79.362252
v -117.773036 -0.301001 79.090926
v -117.700286 -0.343430 78.823050
v -117.617162 -0.385061 78.560205
v -117.523836 -0.425644 78.303978
v -117.420600 -0.464931 78.055936
v -117.307864 -0.502680 77.817595
v -117.186153 -0.538665 77.590392
v -117.056093 -0.572675 77.375654
v -116.918412 -0.604521 77.174575
v -116.773913 -0.634039 76.988194
v -116.566241 -0.670493 76.758014
v -116.349785 -0.702052 76.558738
v -116.127020 -0.728561 76.391337
v -115.900423 -0.749976 76.256101
v -115.672389 -0.766351 76.152678
v -115.445166 -0.777834 76.080140
v -115.220795 -0.784651 76.037064
v -117.995840 -0.021615 80.716596
v -117.982924 -0.042820 80.447227
v -117.960789 -0.064301 80.174345
v -117.929026 -0.085963 79.899154
v -117.887301 -0.107704 79.622973
v -117.835358 -0.129410 79.347218
v -117.773040 -0.150965 79.073388
v -117.700290 -0.172246 78.803040
v -117.617166 -0.193127 78.537769
v -117.523840 -0.213482 78.279178
v -117.420605 -0.233186 78.028847
v -117.307870 -0.252120 77.788306
v -117.186158 -0.270169 77.559006
v -117.056099 -0.287227 77.342287
v -116.918418 -0.303200 77.139353
v -116.773919 -0.318005 76.951252
v -116.566248 -0.336289 76.718947
v -116.349792 -0.352117 76.517833
v -116.127027 -0.365414 76.348888
v -115.900430 -0.376154 76.212404
v -115.672397 -0.384367 76.108028
v -115.445174 -0.390127 76.034821
v -115.220804 -0.393546 75.991349
v -117.995840 0.021635 80.716615
v -117.982924 0.042836 80.447266
v -117.960789 0.064313 80.174403
v -117.929026 0.085971 79.899231
v -117.887301 0.107707 79.623070
v -117.835358 0.129410 79.347335
v -117.773040 0.150961 79.073524
v -117.700290 0.172238 78.803195
v -117.617166 0.193115 78.537944
v -117.523840 0.213466 78.279370
v -117.420605 0.233167 78.029057
v -117.307870 0.252097 77.788534
v -117.186158 0.270142 77.559250
v -117.056099 0.287197 77.342546
v -116.918418 0.303167 77.139626
v -116.773919 0.317970 76.951539
v -116.566248 0.336250 76.719251
v -116.349792 0.352076 76.518151
v -116.127027 0.365369 76.349217
v -115.900430 0.376108 76.212744
v -115.672397 0.384320 76.108375
v -115.445174 0.390078 76.035172
v -115.220804 0.393497 75.991704
v -115.220806 -0.000197 75.976258
v -115.445177 -0.000188 76.019861
v -115.672400 -0.000178 76.093289
v -115.900433 -0.000168 76.197980
v -116.127030 -0.000156 76.334875
v -116.349794 -0.000144 76.504330
v -116.566250 -0.000131 76.706051
v -116.773921 -0.000117 76.939057
v -116.918420 -0.000108 77.127726
v -117.056101 -0.000098 77.331272
v -117.186160 -0.000088 77.548646
v -117.307871 -0.000078 77.778638
v -117.420606 -0.000068 78.019904
v -117.523842 -0.000058 78.270991
v -117.617167 -0.000049 78.530363
v -117.700291 -0.000040 78.796435
v -117.773041 -0.000032 79.067598
v -117.835359 -0.000024 79.342255
v -117.887301 -0.000017 79.618842
v -117.929027 -0.000010 79.895857
v -117.960789 -0.000003 80.171879
v -117.982925 0.000002 80.445585
v -117.995840 0.000007 80.715767
v -117.995840 0.043129 80.719138
v -117.982923 0.085402 80.452261
v -117.960787 0.128227 80.181903
v -117.929025 0.171414 79.909258
v -117.887298 0.214756 79.635632
v -117.835355 0.258031 79.362428
v -117.773036 0.301004 79.091131
v -117.700286 0.343429 78.823284
v -117.617162 0.385058 78.560467
v -117.523836 0.425638 78.304268
v -117.420600 0.464921 78.056252
v -117.307864 0.502668 77.817937
v -117.186153 0.538650 77.590758
v -117.056093 0.572658 77.376044
v -116.918411 0.604502 77.174987
v -116.773913 0.634018 76.988626
v -116.566241 0.670469 76.758470
v -116.349785 0.702025 76.559215
v -116.127020 0.728533 76.391832
v -115.900423 0.749946 76.256611
v -115.672389 0.766320 76.153200
v -115.445166 0.777802 76.080669
v -115.220795 0.784618 76.037598
v -117.995839 0.064358 80.723328
v -117.982922 0.127446 80.460560
v -117.960785 0.191356 80.194364
v -117.929022 0.255806 79.925917
v -117.887295 0.320488 79.656503
v -117.835351 0.385070 79.387505
v -117.773031 0.449201 79.120385
v -117.700280 0.512515 78.856662
v -117.617155 0.574640 78.597891
v -117.523828 0.635200 78.345636
v -117.420592 0.693825 78.101438
v -117.307856 0.750157 77.866792
v -117.186143 0.803856 77.643110
v -117.056084 0.854607 77.431701
v -116.918401 0.902130 77.233739
v -116.773902 0.946179 77.050246
v -116.566230 1.000578 76.823633
v -116.349773 1.047671 76.627446
v -116.127008 1.087230 76.462639
v -115.900410 1.119186 76.329498
v -115.672376 1.143622 76.227678
v -115.445153 1.160758 76.156262
v -115.220782 1.170930 76.113854
v -117.995838 0.085190 80.729182
v -117.982920 0.168703 80.472154
v -117.960782 0.253305 80.211773
v -117.929017 0.338622 79.949189
v -117.887289 0.424245 79.685660
v -117.835344 0.509735 79.422538
v -117.773024 0.594628 79.161253
v -117.700272 0.678441 78.903290
v -117.617146 0.760680 78.650172
v -117.523818 0.840847 78.403426
v -117.420581 0.918452 78.164563
v -117.307844 0.993021 77.935042
v -117.186131 1.064105 77.716246
v -117.056070 1.131288 77.509453
v -116.918387 1.194197 77.315815
v -116.773887 1.252507 77.136330
v -116.566214 1.324517 76.914666
v -116.349757 1.386858 76.722763
v -116.126991 1.439224 76.561554
v -115.900392 1.481526 76.431321
v -115.672358 1.513874 76.331723
v -115.445134 1.536558 76.261866
v -115.220763 1.550024 76.220382
v -117.995835 0.125123 80.745776
v -117.982914 0.247787 80.505017
v -117.960773 0.372051 80.261118
v -117.929005 0.497365 80.015155
v -117.887274 0.623129 79.768307
v -117.835326 0.748698 79.521840
v -117.773003 0.873390 79.277094
v -117.700248 0.996495 79.035459
v -117.617119 1.117288 78.798363
v -117.523789 1.235037 78.567235
v -117.420549 1.349025 78.343491
v -117.307810 1.458553 78.128497
v -117.186095 1.562962 77.923549
v -117.056032 1.661641 77.729845
v -116.918347 1.754042 77.548463
v -116.773845 1.839688 77.380337
v -116.566170 1.945458 77.172701
v -116.349710 2.037025 76.992941
v -116.126942 2.113942 76.841934
v -115.900343 2.176076 76.719940
v -115.672307 2.223590 76.626642
v -115.445081 2.256910 76.561202
v -115.220709 2.276689 76.522340
v -115.220738 1.919182 76.356840
v -115.445110 1.902517 76.397142
v -115.672335 1.874437 76.465006
v -115.900370 1.834392 76.561760
v -116.126969 1.782022 76.688273
v -116.349736 1.717189 76.844874
v -116.566194 1.640007 77.031292
v -116.773868 1.550850 77.246618
v -116.918369 1.478656 77.420971
v -117.056053 1.400766 77.609071
v -117.186114 1.317583 77.809949
v -117.307829 1.229570 78.022487
v -117.420567 1.137241 78.245443
v -117.523805 1.041152 78.477474
v -117.617134 0.941890 78.717160
v -117.700261 0.840063 78.963037
v -117.773014 0.736286 79.213620
v -117.835336 0.631170 79.467430
v -117.887282 0.525314 79.723023
v -117.929012 0.419294 79.979011
v -117.960778 0.313651 80.234081
v -117.982917 0.208894 80.487011
v -117.995836 0.105484 80.736685
v -117.995833 0.143988 80.756376
v -117.982910 0.285150 80.526010
v -117.960767 0.428151 80.292639
v -117.928998 0.572362 80.057293
v -117.887265 0.717090 79.821101
v -117.835315 0.861594 79.585273
v -117.772990 1.005088 79.351091
v -117.700233 1.146756 79.119887
v -117.617103 1.285763 78.893025
v -117.523770 1.421268 78.671874
v -117.420529 1.552444 78.457787
v -117.307788 1.678487 78.252073
v -117.186071 1.798640 78.055972
v -117.056008 1.912199 77.870629
v -116.918321 2.018534 77.697075
v -116.773818 2.117094 77.536205
v -116.566142 2.238814 77.337530
v -116.349681 2.344189 77.165528
v -116.126912 2.432705 77.021037
v -115.900311 2.504209 76.904306
v -115.672274 2.558888 76.815033
v -115.445047 2.597233 76.752415
v -115.220674 2.619995 76.715227
v -117.995831 0.161977 80.768408
v -117.982905 0.320776 80.549839
v -117.960761 0.481644 80.328418
v -117.928989 0.643873 80.105125
v -117.887254 0.806683 79.881028
v -117.835302 0.969242 79.657277
v -117.772974 1.130664 79.435087
v -117.700216 1.290033 79.215722
v -117.617083 1.446407 79.000477
v -117.523749 1.598842 78.790651
v -117.420506 1.746407 78.587527
v -117.307764 1.888199 78.392346
v -117.186045 2.023364 78.206286
v -117.055980 2.151111 78.030433
v -116.918292 2.270732 77.865766
v -116.773788 2.381607 77.713133
v -116.566110 2.518535 77.524630
v -116.349647 2.637075 77.361433
v -116.126877 2.736651 77.224338
v -115.900275 2.817090 77.113582
v -115.672237 2.878601 77.028878
v -115.445009 2.921738 76.969463
v -115.220635 2.947346 76.934176
v -117.995828 0.178982 80.781795
v -117.982901 0.354452 80.576351
v -117.960753 0.532211 80.368227
v -117.928979 0.711471 80.158343
v -117.887242 0.891375 79.947703
v -117.835287 1.071000 79.737387
v -117.772958 1.249370 79.528540
v -117.700197 1.425470 79.322348
v -117.617062 1.598261 79.120028
v -117.523726 1.766701 78.922801
v -117.420481 1.929758 78.731874
v -117.307736 2.086437 78.548414
v -117.186016 2.235792 78.373526
v -117.055949 2.376952 78.208231
v -116.918260 2.509131 78.053451
v -116.773754 2.631647 77.909982
v -116.566074 2.782951 77.732796
v -116.349610 2.913938 77.579397
v -116.126838 3.023969 77.450531
v -115.900234 3.112853 77.346423
v -115.672195 3.180824 77.266801
v -115.444967 3.228491 77.210951
v -115.220591 3.256788 77.177779
v -117.995823 0.209609 80.812324
v -117.982890 0.415108 80.636812
v -117.960737 0.623286 80.459010
v -117.928957 0.833224 80.279704
v -117.887214 1.043914 80.099753
v -117.835254 1.254278 79.920079
v -117.772919 1.463172 79.741658
v -117.700153 1.669408 79.565506
v -117.617013 1.871769 79.392662
v -117.523673 2.069033 79.224168
v -117.420423 2.259994 79.061056
v -117.307674 2.443485 78.904323
v -117.185950 2.618399 78.754912
v -117.055879 2.783716 78.613697
v -116.918186 2.938515 78.481463
v -116.773677 3.081997 78.358893
v -116.565993 3.259196 78.207516
v -116.349525 3.412599 78.076460
v -116.126749 3.541462 77.966362
v -115.900143 3.645560 77.877414
v -115.672101 3.725165 77.809384
v -115.444870 3.780991 77.761663
v -115.220492 3.814135 77.733315
v -115.220544 3.546311 77.444571
v -115.444920 3.515504 77.475434
v -115.672150 3.463606 77.527387
v -115.900190 3.389599 77.601449
v -116.126795 3.292817 77.698283
v -116.349569 3.173010 77.818141
v -116.566035 3.030383 77.960815
v -116.773717 2.865632 78.125610
v -116.918224 2.732226 78.259044
v -117.055915 2.588299 78.402999
v -117.185984 2.434591 78.556730
v -117.307706 2.271959 78.719383
v -117.420453 2.101352 78.890008
v -117.523700 1.923799 79.067576
v -117.617039 1.740384 79.251002
v -117.700176 1.552230 79.439164
v -117.772939 1.360472 79.630927
v -117.835272 1.166242 79.825158
v -117.887228 0.970645 80.020754
v -117.928969 0.774743 80.216651
v -117.960745 0.579541 80.411845
v -117.982895 0.385975 80.605401
v -117.995825 0.194899 80.796464
v -117.995819 0.223017 80.829311
v -117.982883 0.441661 80.670453
v -117.960728 0.663156 80.509523
v -117.928945 0.886523 80.347232
v -117.887199 1.110691 80.184356
v -117.835236 1.334511 80.021731
v -117.772898 1.556767 79.860241
v -117.700129 1.776195 79.700803
v -117.616986 1.991500 79.544359
v -117.523643 2.201383 79.391853
v -117.420391 2.404559 79.244218
v -117.307639 2.599787 79.102355
v -117.185913 2.785890 78.967120
v -117.055840 2.961781 78.839304
v -116.918145 3.126483 78.719616
v -116.773634 3.279144 78.608674
v -116.565947 3.467678 78.471658
v -116.349477 3.630895 78.353033
v -116.126700 3.768002 78.253378
v -115.900092 3.878760 78.172866
v -115.672048 3.963459 78.111287
v -115.444816 4.022858 78.068088
v -115.220437 4.058123 78.042425
v -117.995816 0.235009 80.847318
v -117.982877 0.465412 80.706116
v -117.960718 0.698818 80.563072
v -117.928932 0.934196 80.418818
v -117.887182 1.170420 80.274044
v -117.835217 1.406276 80.129492
v -117.772875 1.640484 79.985949
v -117.700104 1.871712 79.844231
v -117.616958 2.098595 79.705173
v -117.523611 2.319764 79.569615
v -117.420356 2.533866 79.438387
v -117.307603 2.739592 79.312289
v -117.185873 2.935704 79.192082
v -117.055798 3.121054 79.078469
v -116.918101 3.294613 78.972080
v -116.773588 3.455484 78.873466
v -116.565899 3.654157 78.751673
v -116.349427 3.826153 78.646228
v -116.126648 3.970634 78.557644
v -115.900038 4.087350 78.486074
v -115.671992 4.176605 78.431333
v -115.444758 4.239201 78.392931
v -115.220378 4.276364 78.370114
v -117.995813 0.245533 80.866220
v -117.982870 0.486253 80.743550
v -117.960707 0.730111 80.619279
v -117.928918 0.976030 80.493957
v -117.887165 1.222831 80.368184
v -117.835196 1.469248 80.242603
v -117.772852 1.713944 80.117899
v -117.700077 1.955526 79.994779
v -117.616928 2.192569 79.873970
v -117.523578 2.423641 79.756202
v -117.420320 2.647330 79.642194
v -117.307564 2.862269 79.532644
v -117.185832 3.067162 79.428211
v -117.055755 3.260813 79.329506
v -116.918055 3.442143 79.237078
v -116.773540 3.610219 79.151402
v -116.565849 3.817789 79.045590
v -116.349374 3.997488 78.953978
v -116.126593 4.148440 78.877014
v -115.899981 4.270384 78.814832
v -115.671934 4.363638 78.767269
v -115.444698 4.429040 78.733900
v -115.220316 4.467870 78.714072
v -117.995805 0.262018 80.906200
v -117.982855 0.518901 80.822729
v -117.960686 0.779132 80.738168
v -117.928889 1.041562 80.652891
v -117.887129 1.304933 80.567307
v -117.835153 1.567895 80.481853
v -117.772801 1.829019 80.396995
v -117.700019 2.086820 80.313215
v -117.616864 2.339778 80.231006
v -117.523508 2.586364 80.150866
v -117.420245 2.825072 80.073284
v -117.307482 3.054441 79.998734
v -117.185745 3.273091 79.927666
v -117.055663 3.479743 79.860495
v -116.917959 3.673249 79.797594
v -116.773439 3.852610 79.739288
v -116.565742 4.074119 79.667275
v -116.349263 4.265885 79.604925
v -116.126477 4.426976 79.552541
v -115.899861 4.557111 79.510215
v -115.671810 4.656631 79.477836
v -115.444571 4.726428 79.455116
v -115.220186 4.767870 79.441609
v -115.220252 4.631776 79.071608
v -115.444636 4.591524 79.088341
v -115.671873 4.523725 79.116488
v -115.899922 4.427053 79.156599
v -116.126536 4.300637 79.209033
v -116.349319 4.144150 79.273926
v -116.565796 3.957861 79.351165
v -116.773491 3.742678 79.440373
v -116.918008 3.568438 79.512601
v -117.055709 3.380456 79.590522
v -117.185790 3.179703 79.673731
v -117.307524 2.967293 79.761768
v -117.420283 2.744470 79.854117
v -117.523544 2.512575 79.950223
v -117.616896 2.273025 80.049496
v -117.700048 2.027285 80.151332
v -117.772827 1.776840 80.255114
v -117.835175 1.523166 80.360231
v -117.887147 1.267707 80.466085
v -117.928904 1.011849 80.572101
v -117.960697 0.756907 80.677735
v -117.982863 0.504099 80.782482
v -117.995809 0.254544 80.885878
v -117.995801 0.267903 80.927026
v -117.982848 0.530555 80.863975
v -117.960674 0.796631 80.800099
v -117.928874 1.064954 80.735683
v -117.887110 1.334240 80.671033
v -117.835130 1.603108 80.606482
v -117.772775 1.870097 80.542380
v -117.699990 2.133687 80.479092
v -117.616831 2.392325 80.416991
v -117.523472 2.644450 80.356452
v -117.420205 2.888518 80.297844
v -117.307440 3.123039 80.241527
v -117.185700 3.346599 80.187839
v -117.055615 3.557893 80.137095
v -116.917908 3.755745 80.089575
v -116.773387 3.939135 80.045526
v -116.565687 4.165619 79.991120
v -116.349204 4.361694 79.944013
v -116.126416 4.526404 79.904434
v -115.899798 4.659464 79.872451
v -115.671746 4.761221 79.847983
v -115.444505 4.832588 79.830809
v -115.220118 4.874964 79.820596
v -117.995798 0.272164 80.948242
v -117.982840 0.538995 80.905991
v -117.960663 0.809303 80.863188
v -117.928859 1.081894 80.820021
v -117.887091 1.355463 80.776698
v -117.835107 1.628607 80.733440
v -117.772748 1.899843 80.690482
v -117.699959 2.167625 80.648070
v -117.616797 2.430377 80.606451
v -117.523435 2.686511 80.565879
v -117.420165 2.934462 80.526601
v -117.307396 3.172713 80.488857
v -117.185654 3.399829 80.452874
v -117.055566 3.614483 80.418863
v -116.917857 3.815483 80.387012
v -116.773333 4.001790 80.357487
v -116.565630 4.231878 80.321017
v -116.349145 4.431073 80.289438
v -116.126355 4.598404 80.262903
v -115.899735 4.733583 80.241458
v -115.671680 4.836961 80.225047
v -115.444438 4.909466 80.213526
v -115.220049 4.952519 80.206668
v -117.995794 0.274764 80.969721
v -117.982832 0.544143 80.948528
v -117.960651 0.817033 80.927058
v -117.928843 1.092228 80.905405
v -117.887072 1.368410 80.883672
v -117.835084 1.644163 80.861972
v -117.772721 1.917988 80.840420
v -117.699929 2.188328 80.819142
v -117.616763 2.453589 80.798260
v -117.523397 2.712169 80.777903
v -117.420124 2.962488 80.758193
v -117.307353 3.203014 80.739252
v -117.185607 3.432299 80.721194
v -117.055516 3.649004 80.704124
v -116.917805 3.851924 80.688136
v -116.773279 4.040011 80.673314
v -116.565573 4.272297 80.655004
v -116.349085 4.473396 80.639145
v -116.126292 4.642327 80.625816
v -115.899670 4.778800 80.615039
v -115.671614 4.883167 80.606788
v -115.444369 4.956368 80.600988
v -115.219979 4.999835 80.597527
v -117.995786 0.274825 81.012961
v -117.982817 0.544264 81.034163
v -117.960628 0.817214 81.055640
v -117.928812 1.092469 81.077296
v -117.887032 1.368711 81.099028
v -117.835037 1.644524 81.120725
v -117.772667 1.918409 81.142268
v -117.699867 2.188808 81.163535
v -117.616694 2.454126 81.184400
v -117.523322 2.712762 81.204737
v -117.420042 2.963135 81.224422
v -117.307264 3.203714 81.243334
v -117.185513 3.433050 81.261360
v -117.055417 3.649802 81.278395
v -116.917700 3.852767 81.294343
v -116.773169 4.040896 81.309122
v -116.565457 4.273235 81.327368
v -116.348965 4.474381 81.343158
v -116.126167 4.643353 81.356415
v -115.899540 4.779860 81.367117
v -115.671480 4.884255 81.375291
v -115.444232 4.957477 81.381011
v -115.219838 5.000960 81.384392
v -115.219909 5.016210 80.990676
v -115.444301 4.972598 80.990732
v -115.671547 4.899155 80.990789
v -115.899605 4.794443 80.990847
v -116.126230 4.657522 80.990904
v -116.349025 4.488036 80.990961
v -116.565515 4.286278 80.991016
v -116.773224 4.053230 80.991068
v -116.917752 3.864527 80.991104
v -117.055466 3.660944 80.991138
v -117.185560 3.443530 80.991171
v -117.307308 3.213494 80.991200
v -117.420083 2.972181 80.991228
v -117.523360 2.721044 80.991252
v -117.616729 2.461618 80.991274
v -117.699898 2.195489 80.991292
v -117.772694 1.924264 80.991308
v -117.835061 1.649543 80.991320
v -117.887052 1.372889 80.991330
v -117.928827 1.095803 80.991337
v -117.960639 0.819708 80.991340
v -117.982825 0.545925 80.991341
v -117.995790 0.275663 80.991339
v -117.995782 0.272247 81.034444
v -117.982809 0.539159 81.076708
v -117.960616 0.809549 81.119522
v -117.928796 1.082222 81.162696
v -117.887013 1.355872 81.206023
v -117.835014 1.629097 81.249280
v -117.772640 1.900413 81.292233
v -117.699836 2.168274 81.334637
v -117.616660 2.431104 81.376243
v -117.523284 2.687313 81.416798
v -117.420001 2.935337 81.456055
v -117.307220 3.173659 81.493774
v -117.185466 3.400843 81.529728
v -117.055367 3.615562 81.563706
v -116.917648 3.816623 81.595520
v -116.773115 4.002988 81.625006
v -116.565400 4.233149 81.661415
v -116.348905 4.432409 81.692929
v -116.126105 4.599798 81.719396
v -115.899476 4.735026 81.740768
v -115.671413 4.838444 81.757103
v -115.444163 4.910982 81.768549
v -115.219768 4.954060 81.775329
v -117.995778 0.267978 81.055654
v -117.982801 0.530703 81.118715
v -117.960604 0.796851 81.182596
v -117.928781 1.065247 81.247015
v -117.886994 1.334605 81.311662
v -117.834991 1.603545 81.376208
v -117.772613 1.870604 81.440300
v -117.699806 2.134264 81.503574
v -117.616626 2.392970 81.565657
v -117.523247 2.645160 81.626174
v -117.419961 2.889293 81.684756
v -117.307177 3.123877 81.741043
v -117.185420 3.347497 81.794698
v -117.055318 3.558849 81.845406
v -116.917597 3.756756 81.892885
v -116.773061 3.940198 81.936891
v -116.565343 4.166750 81.991233
v -116.348845 4.362886 82.038273
v -116.126043 4.527651 82.077781
v -115.899412 4.660760 82.109690
v -115.671348 4.762559 82.134084
v -115.444096 4.833961 82.151181
v -115.219699 4.876366 82.161319
v -117.995774 0.262066 81.076471
v -117.982794 0.518995 81.159942
v -117.960593 0.779272 81.244498
v -117.928766 1.041746 81.329767
v -117.886975 1.305161 81.415340
v -117.834968 1.568167 81.500777
v -117.772587 1.829333 81.585615
v -117.699777 2.087176 81.669372
v -117.616593 2.340174 81.751552
v -117.523211 2.586800 81.831661
v -117.419921 2.825547 81.909207
v -117.307135 3.054955 81.983718
v -117.185375 3.273641 82.054745
v -117.055270 3.480330 82.121871
v -116.917546 3.673871 82.184725
v -116.773008 3.853267 82.242982
v -116.565288 4.074821 82.314924
v -116.348787 4.266631 82.377200
v -116.125983 4.427762 82.429509
v -115.899349 4.557936 82.471759
v -115.671283 4.657491 82.504062
v -115.444030 4.727321 82.526707
v -115.219632 4.768793 82.540139
v -117.995767 0.245518 81.116434
v -117.982779 0.486222 81.239087
v -117.960571 0.730063 81.363335
v -117.928737 0.975962 81.488631
v -117.886939 1.222742 81.614374
v -117.834925 1.469138 81.739919
v -117.772537 1.713812 81.864585
v -117.699719 1.955371 81.987661
v -117.616530 2.192392 82.108424
v -117.523141 2.423443 82.226142
v -117.419845 2.647112 82.340097
v -117.307053 2.862032 82.449592
v -117.185288 3.066909 82.553968
v -117.055178 3.260546 82.652614
v -116.917450 3.441865 82.744983
v -116.772907 3.609932 82.830598
v -116.565181 3.817497 82.936327
v -116.348676 3.997196 83.027856
v -116.125867 4.148155 83.104739
v -115.899229 4.270113 83.166842
v -115.671160 4.363385 83.214329
v -115.443903 4.428810 83.247625
v -115.219501 4.467667 83.267384
v -115.219565 4.632365 82.909304
v -115.443965 4.592071 82.892674
v -115.671220 4.524231 82.864636
v -115.899289 4.427517 82.824639
v -116.125924 4.301060 82.772323
v -116.348731 4.144533 82.707551
v -116.565234 3.958206 82.630435
v -116.772957 3.742987 82.541349
v -116.917497 3.568722 82.469209
v -117.055224 3.380717 82.391376
v -117.185330 3.179941 82.308251
v -117.307093 2.967511 82.220296
v -117.419883 2.744667 82.128026
v -117.523175 2.512752 82.031996
v -117.616561 2.273184 81.932792
v -117.699748 2.027427 81.831022
v -117.772562 1.776964 81.727300
v -117.834946 1.523273 81.622237
v -117.886957 1.267796 81.516432
v -117.928751 1.011921 81.410458
v -117.960582 0.756961 81.304861
v -117.982786 0.504136 81.200144
v -117.995770 0.254563 81.096771
v -117.995763 0.234982 81.135337
v -117.982772 0.465356 81.276521
v -117.960561 0.698732 81.419543
v -117.928723 0.934078 81.563771
v -117.886922 1.170268 81.708514
v -117.834905 1.406089 81.853030
v -117.772513 1.640262 81.996534
v -117.699693 1.871454 82.138208
v -117.616500 2.098303 82.277219
v -117.523108 2.319438 82.412726
v -117.419809 2.533508 82.543902
v -117.307014 2.739205 82.669944
v -117.185246 2.935289 82.790094
v -117.055135 3.120615 82.903649
v -116.917404 3.294153 83.009978
v -116.772860 3.455008 83.108532
v -116.565131 3.653666 83.230243
v -116.348623 3.825654 83.335608
v -116.125812 3.970136 83.424114
v -115.899173 4.086861 83.495608
v -115.671101 4.176132 83.550277
v -115.443843 4.238751 83.588612
v -115.219440 4.275944 83.611364
v -117.995760 0.223005 81.153356
v -117.982766 0.441637 81.312208
v -117.960551 0.663117 81.473128
v -117.928710 0.886467 81.635404
v -117.886905 1.110617 81.798260
v -117.834885 1.334418 81.960860
v -117.772491 1.556655 82.122322
v -117.699667 1.776062 82.281726
v -117.616471 1.991347 82.438134
v -117.523076 2.201210 82.590599
v -117.419775 2.404369 82.738192
v -117.306978 2.599580 82.880008
v -117.185207 2.785670 83.015195
v -117.055093 2.961549 83.142963
v -116.917360 3.126242 83.262600
v -116.772814 3.278898 83.373491
v -116.565083 3.467430 83.510437
v -116.348573 3.630653 83.628992
v -116.125759 3.767771 83.728579
v -115.899119 3.878548 83.809026
v -115.671045 3.963271 83.870542
v -115.443786 4.022700 83.913681
v -115.219381 4.057998 83.939287
v -117.995757 0.209638 81.170371
v -117.982760 0.415164 81.345906
v -117.960542 0.623367 81.523725
v -117.928698 0.833328 81.703043
v -117.886890 1.044041 81.883002
v -117.834867 1.254426 82.062679
v -117.772469 1.463340 82.241098
v -117.699643 1.669595 82.417243
v -117.616444 1.871974 82.590077
v -117.523046 2.069256 82.758556
v -117.419743 2.260236 82.921650
v -117.306943 2.443745 83.078361
v -117.185170 2.618679 83.227747
v -117.055054 2.784016 83.368935
v -116.917319 2.938836 83.501139
v -116.772771 3.082341 83.623678
v -116.565037 3.259572 83.775010
v -116.348525 3.413011 83.906020
v -116.125710 3.541911 84.016071
v -115.899067 3.646048 84.104971
v -115.670993 3.725694 84.172953
v -115.443731 3.781562 84.220628
v -115.219326 3.814746 84.248929
v -117.995751 0.179017 81.200901
v -117.982749 0.354521 81.406368
v -117.960525 0.532311 81.614509
v -117.928675 0.711601 81.824406
v -117.886862 0.891534 82.035053
v -117.834834 1.071187 82.245369
v -117.772431 1.249583 82.454214
v -117.699599 1.425708 82.660397
v -117.616395 1.598525 82.862705
v -117.522993 1.766989 83.059915
v -117.419685 1.930070 83.250822
v -117.306880 2.086773 83.434259
v -117.185104 2.236153 83.609122
v -117.054984 2.377338 83.774389
v -116.917245 2.509543 83.929141
v -116.772694 2.632086 84.072580
v -116.564956 2.783429 84.249725
v -116.348440 2.914455 84.403083
v -116.125621 3.024528 84.531908
v -115.898976 3.113455 84.635977
v -115.670898 3.181469 84.715561
v -115.443634 3.229178 84.771375
v -115.219226 3.257518 84.804512
v -115.219274 3.547545 84.537699
v -115.443681 3.516672 84.506897
v -115.670944 3.464704 84.455004
v -115.899020 3.390625 84.381003
v -116.125664 3.293770 84.284229
v -116.348481 3.173889 84.164429
v -116.564995 3.031189 84.021812
v -116.772731 2.866365 83.857070
v -116.917281 2.732908 83.723671
v -117.055018 2.588930 83.579750
v -117.185136 2.435173 83.426049
v -117.306910 2.272492 83.263421
v -117.419713 2.101837 83.092818
v -117.523019 1.924237 82.915266
v -117.616419 1.740777 82.731851
v -117.699620 1.552577 82.543694
v -117.772449 1.360775 82.351931
v -117.834850 1.166501 82.157692
v -117.886876 0.970860 81.962083
v -117.928686 0.774915 81.766165
v -117.960533 0.579671 81.570944
v -117.982754 0.386061 81.377355
v -117.995754 0.194942 81.186252
v -117.995749 0.161988 81.214248
v -117.982744 0.320797 81.432800
v -117.960518 0.481674 81.654197
v -117.928666 0.643909 81.877461
v -117.886850 0.806725 82.101524
v -117.834819 0.969287 82.325235
v -117.772414 1.130712 82.547380
v -117.699580 1.290083 82.766695
v -117.616374 1.446459 82.981887
v -117.522970 1.598897 83.191658
v -117.419659 1.746465 83.394724
v -117.306853 1.888261 83.589844
v -117.185075 2.023431 83.775845
v -117.054953 2.151185 83.951638
v -116.917213 2.270813 84.116248
v -116.772660 2.381699 84.268824
v -116.564920 2.518645 84.457253
v -116.348403 2.637208 84.620381
v -116.125583 2.736809 84.757414
v -115.898936 2.817278 84.868114
v -115.670857 2.878822 84.952770
v -115.443592 2.921994 85.012143
v -115.219183 2.947639 85.047394
v -117.995747 0.143971 81.226234
v -117.982739 0.285114 81.456537
v -117.960512 0.428095 81.689839
v -117.928657 0.572284 81.925108
v -117.886840 0.716988 82.161218
v -117.834806 0.861467 82.396958
v -117.772399 1.004936 82.631047
v -117.699563 1.146579 82.862155
v -117.616355 1.285560 83.088919
v -117.522949 1.421042 83.309969
v -117.419637 1.552194 83.523954
v -117.306829 1.678217 83.729567
v -117.185049 1.798351 83.925570
v -117.054926 1.911894 84.110816
v -116.917184 2.018216 84.284278
v -116.772630 2.116767 84.445059
v -116.564888 2.238480 84.643622
v -116.348369 2.343854 84.815524
v -116.125548 2.432377 84.959928
v -115.898900 2.503895 85.076584
v -115.670820 2.558594 85.165795
v -115.443554 2.596964 85.228364
v -115.219144 2.619757 85.265514
v -117.995745 0.125081 81.236798
v -117.982735 0.247703 81.477459
v -117.960506 0.371923 81.721253
v -117.928649 0.497191 81.967103
v -117.886830 0.622908 82.213831
v -117.834795 0.748428 82.460173
v -117.772386 0.873071 82.704791
v -117.699548 0.996128 82.946293
v -117.616338 1.116872 83.183255
v -117.522930 1.234576 83.414246
v -117.419617 1.348518 83.637856
v -117.306807 1.458005 83.852717
v -117.185026 1.562375 84.057535
v -117.054901 1.661019 84.251114
v -116.917158 1.753389 84.432378
v -116.772603 1.839009 84.600391
v -116.564860 1.944751 84.807886
v -116.348340 2.036298 84.987521
v -116.125517 2.113206 85.138422
v -115.898868 2.175340 85.260327
v -115.670787 2.222862 85.353553
v -115.443520 2.256198 85.418939
v -115.219109 2.276000 85.457763
v -117.995742 0.085151 81.253417
v -117.982729 0.168626 81.510373
v -117.960497 0.253187 81.770673
v -117.928637 0.338462 82.033169
v -117.886815 0.424042 82.296603
v -117.834777 0.509489 82.559624
v -117.772365 0.594339 82.820804
v -117.699524 0.678108 83.078657
v -117.616312 0.760303 83.331664
v -117.522901 0.840429 83.578296
v -117.419585 0.917994 83.817046
v -117.306773 0.992526 84.046456
v -117.184989 1.063575 84.265143
v -117.054863 1.130726 84.471829
v -116.917118 1.193606 84.665368
v -116.772561 1.251891 84.844759
v -116.564816 1.323874 85.066306
v -116.348293 1.386194 85.258107
v -116.125469 1.438549 85.419228
v -115.898818 1.480846 85.549391
v -115.670736 1.513197 85.648934
v -115.443467 1.535891 85.718751
v -115.219055 1.549372 85.760209
v -115.219080 1.918622 85.622979
v -115.443491 1.901911 85.582723
v -115.670759 1.873792 85.514924
v -115.898841 1.833715 85.418254
v -116.125491 1.781323 85.291844
v -116.348314 1.716478 85.135365
v -116.564836 1.639293 84.949089
v -116.772580 1.550146 84.733922
v -116.917136 1.477965 84.559696
v -117.054880 1.400095 84.371728
v -117.185006 1.316938 84.170990
v -117.306789 1.228955 83.958596
v -117.419599 1.136662 83.735788
v -117.522914 1.040613 83.503906
v -117.616324 0.941396 83.264369
v -117.699535 0.839617 83.018640
v -117.772374 0.735890 82.768203
v -117.834785 0.630828 82.514534
v -117.886822 0.525027 82.259077
v -117.928643 0.419062 82.003218
v -117.960501 0.313477 81.748269
v -117.982732 0.208777 81.495452
v -117.995743 0.105425 81.245884
v -117.995741 0.064346 81.259351
v -117.982727 0.127422 81.522124
v -117.960494 0.191319 81.788317
v -117.928633 0.255755 82.056756
v -117.886810 0.320422 82.326154
v -117.834770 0.384988 82.595130
v -117.772357 0.449103 82.862223
v -117.699516 0.512402 83.125914
v -117.616302 0.574511 83.384649
v -117.522891 0.635056 83.636865
v -117.419574 0.693667 83.881020
v -117.306761 0.749985 84.115624
v -117.184977 0.803672 84.339262
v -117.054849 0.854413 84.550629
v -116.917104 0.901928 84.748549
v -116.772546 0.945969 84.932002
v -116.564800 1.000362 85.158566
v -116.348277 1.047453 85.354711
v -116.125452 1.087014 85.519481
v -115.898800 1.118976 85.652593
v -115.670717 1.143421 85.754391
v -115.443449 1.160569 85.825790
v -115.219036 1.170756 85.868188
v -117.995740 0.043136 81.263619
v -117.982726 0.085416 81.530576
v -117.960491 0.128247 81.801009
v -117.928630 0.171440 82.073722
v -117.886806 0.214787 82.347410
v -117.834766 0.258066 82.620669
v -117.772352 0.301043 82.892016
v -117.699509 0.343473 83.159906
v -117.616295 0.385105 83.422761
v -117.522883 0.425690 83.678994
v -117.419566 0.464977 83.927037
v -117.306752 0.502728 84.165377
v -117.184967 0.538715 84.392577
v -117.054839 0.572727 84.607310
v -116.917093 0.604576 84.808383
v -116.772535 0.634098 84.994758
v -116.564789 0.670558 85.224930
v -116.348265 0.702124 85.424199
v -116.125439 0.728642 85.591594
v -115.898787 0.750066 85.726826
v -115.670704 0.766453 85.830247
v -115.443435 0.777947 85.902784
v -115.219022 0.784776 85.945859
v -117.995739 0.021644 81.266162
v -117.982725 0.042852 81.535613
v -117.960490 0.064337 81.808572
v -117.928628 0.086003 82.083832
v -117.886803 0.107747 82.360076
v -117.834763 0.129456 82.635888
v -117.772349 0.151014 82.909769
v -117.699506 0.172298 83.180162
v -117.616291 0.193181 83.445472
v -117.522879 0.213539 83.704098
v -117.419561 0.233246 83.954459
v -117.306747 0.252183 84.195025
v -117.184962 0.270234 84.424347
v -117.054834 0.287295 84.641086
v -116.917087 0.303272 84.844037
v -116.772529 0.318080 85.032153
v -116.564782 0.336369 85.264476
v -116.348258 0.352203 85.465606
v -116.125432 0.365505 85.634566
v -115.898780 0.376252 85.771062
v -115.670696 0.384471 85.875449
v -115.443427 0.390237 85.948665
v -115.219014 0.393663 85.992142
v -117.995739 -0.021594 81.266055
v -117.982725 -0.042777 81.535401
v -117.960490 -0.064237 81.808253
v -117.928628 -0.085877 82.083406
v -117.886803 -0.107595 82.359542
v -117.834763 -0.129279 82.635246
v -117.772349 -0.150812 82.909020
v -117.699506 -0.172070 83.179307
v -117.616292 -0.192929 83.444514
v -117.522879 -0.213262 83.703039
v -117.419561 -0.232946 83.953302
v -117.306747 -0.251860 84.193774
v -117.184962 -0.269891 84.423007
v -117.054834 -0.286932 84.639661
v -116.917087 -0.302889 84.842533
v -116.772529 -0.317680 85.030575
v -116.564782 -0.335947 85.262807
v -116.348258 -0.351763 85.463859
v -116.125432 -0.365049 85.632753
v -115.898780 -0.375783 85.769195
v -115.670697 -0.383993 85.873542
v -115.443427 -0.389752 85.946729
v -115.219014 -0.393173 85.990189
v -115.219011 0.000792 86.006745
v -115.443424 0.000764 85.963140
v -115.670694 0.000733 85.889711
v -115.898777 0.000698 85.785018
v -116.125430 0.000659 85.648124
v -116.348256 0.000616 85.478671
v -116.564780 0.000571 85.276953
v -116.772526 0.000524 85.043951
v -116.917085 0.000489 84.855286
v -117.054832 0.000452 84.651742
v -117.184960 0.000416 84.434370
v -117.306746 0.000379 84.204379
v -117.419559 0.000343 83.963110
v -117.522877 0.000306 83.712018
v -117.616290 0.000271 83.452637
v -117.699505 0.000236 83.186552
v -117.772348 0.000203 82.915370
v -117.834762 0.000170 82.640690
v -117.886803 0.000140 82.364073
v -117.928628 0.000111 82.087022
v -117.960490 0.000083 81.810958
v -117.982725 0.000058 81.537202
v -117.995739 0.000034 81.266964
v -117.995740 -0.043078 81.263464
v -117.982726 -0.085326 81.530270
v -117.960491 -0.128124 81.800549
v -117.928630 -0.171283 82.073107
v -117.886806 -0.214597 82.346640
v -117.834766 -0.257843 82.619744
v -117.772352 -0.300787 82.890937
v -117.699510 -0.343184 83.158675
v -117.616296 -0.384784 83.421380
v -117.522884 -0.425337 83.677467
v -117.419566 -0.464594 83.925370
v -117.306753 -0.502316 84.163574
v -117.184968 -0.538275 84.390645
v -117.054840 -0.572261 84.605256
v -116.917094 -0.604086 84.806215
v -116.772535 -0.633585 84.992484
v -116.564789 -0.670017 85.222526
v -116.348265 -0.701558 85.421681
v -116.125440 -0.728056 85.588981
v -115.898788 -0.749464 85.724137
v -115.670705 -0.765837 85.827499
v -115.443436 -0.777323 85.899995
v -115.219023 -0.784146 85.943045
v -117.995741 -0.064302 81.259224
v -117.982727 -0.127359 81.521872
v -117.960494 -0.191237 81.787939
v -117.928633 -0.255654 82.056250
v -117.886810 -0.320301 82.325520
v -117.834771 -0.384848 82.594369
v -117.772357 -0.448943 82.861335
v -117.699516 -0.512223 83.124901
v -117.616302 -0.574314 83.383513
v -117.522891 -0.634840 83.635609
v -117.419574 -0.693433 83.879649
v -117.306761 -0.749735 84.114141
v -117.184977 -0.803405 84.337674
v -117.054850 -0.854131 84.548940
v -116.917104 -0.901631 84.746767
v -116.772546 -0.945659 84.930133
v -116.564800 -1.000036 85.156589
v -116.348277 -1.047113 85.352640
v -116.125452 -1.086662 85.517333
v -115.898801 -1.118613 85.650381
v -115.670718 -1.143051 85.752131
v -115.443449 -1.160195 85.823496
v -115.219036 -1.170378 85.865874
v -117.995742 -0.085138 81.253364
v -117.982729 -0.168622 81.510268
v -117.960497 -0.253194 81.770515
v -117.928637 -0.338479 82.032958
v -117.886815 -0.424070 82.296338
v -117.834777 -0.509527 82.559306
v -117.772365 -0.594387 82.820433
v -117.699524 -0.678167 83.078234
v -117.616312 -0.760372 83.331189
v -117.522901 -0.840507 83.577772
v -117.419585 -0.918082 83.816473
v -117.306773 -0.992623 84.045836
v -117.184990 -1.063680 84.264479
v -117.054863 -1.130839 84.471124
v -116.917118 -1.193727 84.664623
v -116.772561 -1.252019 84.843978
v -116.564816 -1.324011 85.065480
v -116.348294 -1.386339 85.257242
v -116.125469 -1.438700 85.418331
v -115.898818 -1.481003 85.548467
v -115.670736 -1.513357 85.647990
v -115.443468 -1.536054 85.717793
v -115.219055 -1.549537 85.759242
v -117.995745 -0.125129 81.236913
v -117.982735 -0.247823 81.477687
v -117.960506 -0.372115 81.721595
v -117.928649 -0.497456 81.967560
v -117.886830 -0.623246 82.214404
v -117.834795 -0.748839 82.460861
v -117.772386 -0.873555 82.705594
v -117.699548 -0.996683 82.947208
v -117.616338 -1.117497 83.184281
v -117.522930 -1.235269 83.415381
v -117.419616 -1.349278 83.639096
v -117.306807 -1.458828 83.854057
v -117.185025 -1.563259 84.058971
v -117.054901 -1.661960 84.252641
v -116.917158 -1.754384 84.433990
v -116.772603 -1.840054 84.602082
v -116.564860 -1.945857 84.809674
v -116.348339 -2.037458 84.989393
v -116.125517 -2.114410 85.140365
v -115.898868 -2.176580 85.262327
v -115.670787 -2.224130 85.355597
v -115.443520 -2.257486 85.421013
v -115.219109 -2.277300 85.459855
v -115.219080 -1.919150 85.623772
v -115.443491 -1.902472 85.583493
v -115.670759 -1.874382 85.515667
v -115.898841 -1.834329 85.418966
v -116.125491 -1.781954 85.292521
v -116.348314 -1.717119 85.136004
v -116.564836 -1.639938 84.949685
v -116.772580 -1.550785 84.734473
v -116.917136 -1.478595 84.560212
v -117.054880 -1.400711 84.372209
v -117.185006 -1.317535 84.171434
v -117.306789 -1.229529 83.959003
v -117.419599 -1.137207 83.736157
v -117.522914 -1.041126 83.504238
v -117.616324 -0.941871 83.264664
v -117.699535 -0.840050 83.018898
v -117.772374 -0.736278 82.768424
v -117.834785 -0.631166 82.514720
v -117.886822 -0.525312 82.259228
v -117.928643 -0.419291 82.003336
v -117.960501 -0.313647 81.748356
v -117.982732 -0.208885 81.495509
v -117.995743 -0.105469 81.245912
v -117.995747 -0.144029 81.226383
v -117.982739 -0.285253 81.456833
v -117.960512 -0.428317 81.690283
v -117.928657 -0.572588 81.925701
v -117.886839 -0.717376 82.161961
v -117.834806 -0.861938 82.397851
v -117.772399 -1.005489 82.632089
v -117.699563 -1.147213 82.863343
v -117.616355 -1.286275 83.090251
v -117.522948 -1.421834 83.311441
v -117.419636 -1.553062 83.525563
v -117.306828 -1.679157 83.731307
v -117.185048 -1.799360 83.927434
v -117.054925 -1.912968 84.112798
v -116.917183 -2.019350 84.286370
v -116.772629 -2.117958 84.447253
v -116.564888 -2.239741 84.645943
v -116.348369 -2.345176 84.817954
v -116.125547 -2.433750 84.962449
v -115.898899 -2.505309 85.079179
v -115.670819 -2.560039 85.168448
v -115.443553 -2.598432 85.231056
v -115.219143 -2.621238 85.268230
v -117.995749 -0.162025 81.214361
v -117.982744 -0.320893 81.433024
v -117.960518 -0.481830 81.654534
v -117.928666 -0.644125 81.877912
v -117.886850 -0.807002 82.102088
v -117.834819 -0.969625 82.325913
v -117.772414 -1.131111 82.548171
v -117.699580 -1.290542 82.767598
v -117.616374 -1.446977 82.982899
v -117.522969 -1.599472 83.192776
v -117.419659 -1.747095 83.395946
v -117.306853 -1.888943 83.591166
v -117.185074 -2.024164 83.777261
v -117.054953 -2.151966 83.953144
v -116.917213 -2.271639 84.117837
v -116.772660 -2.382566 84.270490
v -116.564920 -2.519564 84.459015
v -116.348402 -2.638170 84.622226
v -116.125582 -2.737810 84.759329
v -115.898935 -2.818308 84.870085
v -115.670857 -2.879876 84.954785
v -115.443592 -2.923064 85.014188
v -115.219182 -2.948718 85.049457
v -117.995751 -0.178984 81.200929
v -117.982748 -0.354480 81.406422
v -117.960525 -0.532261 81.614591
v -117.928675 -0.711543 81.824515
v -117.886862 -0.891467 82.035189
v -117.834834 -1.071111 82.245534
v -117.772431 -1.249499 82.454405
v -117.699599 -1.425616 82.660616
v -117.616395 -1.598424 82.862950
v -117.522993 -1.766880 83.060185
v -117.419685 -1.929954 83.251118
v -117.306880 -2.086649 83.434579
v -117.185104 -2.236023 83.609465
v -117.054984 -2.377201 83.774753
v -116.917245 -2.509399 83.929526
v -116.772694 -2.631936 84.072984
v -116.564956 -2.783272 84.250152
v -116.348440 -2.914292 84.403530
v -116.125621 -3.024359 84.532372
v -115.898976 -3.113282 84.636454
v -115.670898 -3.181293 84.716049
v -115.443634 -3.229000 84.771870
v -115.219226 -3.257338 84.805011
v -117.995757 -0.209470 81.170267
v -117.982760 -0.414855 81.345698
v -117.960542 -0.622916 81.523413
v -117.928698 -0.832733 81.702626
v -117.886890 -1.043301 81.882480
v -117.834867 -1.253542 82.062052
v -117.772469 -1.462313 82.240366
v -117.699643 -1.668426 82.416409
v -117.616444 -1.870667 82.589141
v -117.523047 -2.067814 82.757521
v -117.419743 -2.258663 82.920519
v -117.306943 -2.442046 83.077139
v -117.185170 -2.616860 83.226438
v -117.055054 -2.782083 83.367543
v -116.917319 -2.936798 83.499670
v -116.772771 -3.080204 83.622137
v -116.565038 -3.257314 83.773380
v -116.348526 -3.410648 83.904314
v -116.125710 -3.539459 84.014300
v -115.899068 -3.643525 84.103148
v -115.670993 -3.723116 84.171090
v -115.443732 -3.778946 84.218737
v -115.219326 -3.812107 84.247021
v -115.219274 -3.545047 84.537424
v -115.443681 -3.514225 84.506595
v -115.670944 -3.462321 84.454678
v -115.899020 -3.388321 84.380655
v -116.125664 -3.291559 84.283864
v -116.348481 -3.171784 84.164051
v -116.564995 -3.029203 84.021425
v -116.772731 -2.864509 83.856680
v -116.917281 -2.731154 83.723284
v -117.055018 -2.587283 83.579367
v -117.185136 -2.433637 83.425674
v -117.306911 -2.271071 83.263058
v -117.419713 -2.100534 83.092469
v -117.523019 -1.923053 82.914935
v -117.616419 -1.739714 82.731541
v -117.699620 -1.551636 82.543408
v -117.772449 -1.359956 82.351672
v -117.834850 -1.165802 82.157463
v -117.886876 -0.970281 81.961886
v -117.928686 -0.774452 81.766003
v -117.960533 -0.579322 81.570820
v -117.982754 -0.385823 81.377269
v -117.995754 -0.194811 81.186208
v -117.995760 -0.222846 81.153253
v -117.982766 -0.441345 81.312004
v -117.960551 -0.662691 81.472821
v -117.928710 -0.885906 81.634994
v -117.886906 -1.109920 81.797747
v -117.834885 -1.333585 81.960244
v -117.772491 -1.555687 82.121603
v -117.699667 -1.774961 82.280905
v -117.616471 -1.990116 82.437213
v -117.523076 -2.199852 82.589582
v -117.419775 -2.402887 82.737080
v -117.306978 -2.597980 82.878807
v -117.185208 -2.783957 83.013908
v -117.055094 -2.959730 83.141594
v -116.917361 -3.124323 83.261155
v -116.772814 -3.276886 83.371975
v -116.565083 -3.465304 83.508834
v -116.348573 -3.628428 83.627314
v -116.125760 -3.765463 83.726838
v -115.899119 -3.876173 83.807233
v -115.671046 -3.960844 83.868710
v -115.443786 -4.020237 83.911821
v -115.219381 -4.055514 83.937411
v -117.995763 -0.234877 81.135262
v -117.982772 -0.465171 81.276374
v -117.960561 -0.698467 81.419323
v -117.928723 -0.933731 81.563476
v -117.886922 -1.169839 81.708145
v -117.834905 -1.405579 81.852586
v -117.772513 -1.639671 81.996016
v -117.699693 -1.870783 82.137617
v -117.616500 -2.097553 82.276556
v -117.523108 -2.318612 82.411994
v -117.419809 -2.532608 82.543102
v -117.307015 -2.738233 82.669079
v -117.185247 -2.934250 82.789167
v -117.055135 -3.119512 82.902663
v -116.917404 -3.292990 83.008938
v -116.772860 -3.453789 83.107442
v -116.565131 -3.652378 83.229090
v -116.348623 -3.824307 83.334400
v -116.125812 -3.968739 83.422861
v -115.899173 -4.085423 83.494318
v -115.671101 -4.174664 83.548959
v -115.443843 -4.237261 83.587274
v -115.219440 -4.274441 83.610014
v -117.995767 -0.245487 81.116402
v -117.982779 -0.486184 81.239023
v -117.960571 -0.730018 81.363239
v -117.928737 -0.975910 81.488503
v -117.886939 -1.222683 81.614213
v -117.834925 -1.469072 81.739726
v -117.772537 -1.713739 81.864360
v -117.699720 -1.955291 81.987405
v -117.616530 -2.192305 82.108136
v -117.523141 -2.423350 82.225824
v -117.419845 -2.647013 82.339750
v -117.307053 -2.861927 82.449217
v -117.185288 -3.066798 82.553566
v -117.055178 -3.260429 82.652187
v -116.917450 -3.441743 82.744532
v -116.772907 -3.609805 82.830124
v -116.565181 -3.817364 82.935827
v -116.348676 -3.997058 83.027332
v -116.125867 -4.148013 83.104195
v -115.899230 -4.269967 83.166282
v -115.671160 -4.363237 83.213757
v -115.443903 -4.428660 83.247045
v -115.219502 -4.467516 83.266799
v -117.995774 -0.262144 81.076506
v -117.982794 -0.519173 81.160012
v -117.960593 -0.779552 81.244603
v -117.928766 -1.042128 81.329907
v -117.886975 -1.305646 81.415515
v -117.834968 -1.568754 81.500988
v -117.772587 -1.830023 81.585861
v -117.699776 -2.087966 81.669652
v -117.616593 -2.341063 81.751867
v -117.523211 -2.587785 81.832008
v -117.419921 -2.826625 81.909587
v -117.307135 -3.056122 81.984129
v -117.185375 -3.274894 82.055184
v -117.055270 -3.481664 82.122339
v -116.917546 -3.675280 82.185218
v -116.773008 -3.854746 82.243499
v -116.565288 -4.076386 82.315471
v -116.348787 -4.268271 82.377774
v -116.125982 -4.429465 82.430104
v -115.899349 -4.559690 82.472372
v -115.671283 -4.659285 82.504687
v -115.444030 -4.729142 82.527342
v -115.219631 -4.770630 82.540780
v -115.219565 -4.633290 82.909923
v -115.443965 -4.593004 82.893250
v -115.671220 -4.525165 82.865166
v -115.899289 -4.428445 82.825121
v -116.125924 -4.301976 82.772755
v -116.348731 -4.145429 82.707933
v -116.565234 -3.959074 82.630767
v -116.772957 -3.743819 82.541632
v -116.917497 -3.569524 82.469458
v -117.055224 -3.381483 82.391591
v -117.185330 -3.180668 82.308434
v -117.307093 -2.968195 82.220450
v -117.419883 -2.745305 82.128151
v -117.523175 -2.513341 82.032095
v -117.616561 -2.273720 81.932869
v -117.699748 -2.027907 81.831078
v -117.772562 -1.777387 81.727338
v -117.834946 -1.523635 81.622261
v -117.886957 -1.268097 81.516444
v -117.928751 -1.012159 81.410462
v -117.960582 -0.757135 81.304859
v -117.982786 -0.504245 81.200140
v -117.995770 -0.254607 81.096768
v -117.995778 -0.268041 81.055687
v -117.982801 -0.530851 81.118780
v -117.960604 -0.797086 81.182693
v -117.928781 -1.065570 81.247145
v -117.886994 -1.335015 81.311825
v -117.834991 -1.604042 81.376403
v -117.772613 -1.871188 81.440528
v -117.699806 -2.134933 81.503834
v -117.616626 -2.393724 81.565949
v -117.523247 -2.645996 81.626497
v -117.419961 -2.890209 81.685108
v -117.307177 -3.124868 81.741424
v -117.185420 -3.348562 81.795106
v -117.055318 -3.559982 81.845840
v -116.917597 -3.757954 81.893343
v -116.773061 -3.941455 81.937371
v -116.565343 -4.168081 81.991741
v -116.348845 -4.364280 82.038805
v -116.126043 -4.529099 82.078333
v -115.899412 -4.662251 82.110259
v -115.671348 -4.764083 82.134665
v -115.444096 -4.835509 82.151771
v -115.219699 -4.877928 82.161913
v -117.995782 -0.272260 81.034457
v -117.982809 -0.539207 81.076735
v -117.960616 -0.809633 81.119562
v -117.928796 -1.082342 81.162749
v -117.887013 -1.356030 81.206090
v -117.835014 -1.629291 81.249360
v -117.772640 -1.900643 81.292327
v -117.699836 -2.168540 81.334744
v -117.616660 -2.431405 81.376363
v -117.523284 -2.687649 81.416931
v -117.420001 -2.935706 81.456200
v -117.307220 -3.174059 81.493931
v -117.185466 -3.401274 81.529896
v -117.055367 -3.616022 81.563885
v -116.917648 -3.817110 81.595709
v -116.773115 -4.003500 81.625204
v -116.565400 -4.233691 81.661624
v -116.348905 -4.432978 81.693149
v -116.126105 -4.600389 81.719623
v -115.899476 -4.735635 81.741002
v -115.671413 -4.839068 81.757343
v -115.444163 -4.911616 81.768791
v -115.219768 -4.954699 81.775574
v -117.995786 -0.274802 81.012962
v -117.982817 -0.544243 81.034165
v -117.960628 -0.817194 81.055642
v -117.928812 -1.092450 81.077299
v -117.887032 -1.368694 81.099033
v -117.835037 -1.644508 81.120730
v -117.772667 -1.918394 81.142274
v -117.699867 -2.188794 81.163541
v -117.616694 -2.454113 81.184407
v -117.523322 -2.712751 81.204745
v -117.420042 -2.963125 81.224431
v -117.307264 -3.203705 81.243344
v -117.185513 -3.433041 81.261371
v -117.055417 -3.649795 81.278406
v -116.917700 -3.852760 81.294354
v -116.773169 -4.040890 81.309134
v -116.565457 -4.273231 81.327381
v -116.348965 -4.474378 81.343172
v -116.126167 -4.643351 81.356430
v -115.899540 -4.779858 81.367131
v -115.671480 -4.884254 81.375306
v -115.444232 -4.957476 81.381027
v -115.219838 -5.000959 81.384407
v -110.062666 -5.084790 80.991328
v -105.125160 -5.137541 80.991324
v -100.187655 -5.190293 80.991321
v -95.250150 -5.243045 80.991317
v -90.312644 -5.295797 80.991313
v -85.375139 -5.348549 80.991309
v -80.437634 -5.401301 80.991305
v -75.500128 -5.454052 80.991302
v -70.562623 -5.506804 80.991298
v -65.625118 -5.559556 80.991294
v -60.687612 -5.612308 80.991290
v -55.750107 -5.665060 80.991287
v -50.812602 -5.717811 80.991283
v -45.875096 -5.770563 80.991279
v -40.937591 -5.823315 80.991275
v -36.000086 -5.876067 80.991272
v -31.062580 -5.928819 80.991268
v -26.125075 -5.981571 80.991264
v -21.187570 -6.034322 80.991260
v -16.250064 -6.087074 80.991257
v -11.312559 -6.139826 80.991253
v -6.375053 -6.192578 80.991249
v -1.437548 -6.245330 80.991245
v 3.499957 -6.298082 80.991242
v 8.437463 -6.350833 80.991238
v 13.374968 -6.403585 80.991234
v 18.312473 -6.456337 80.991230
v 23.249979 -6.509089 80.991226
v 28.187484 -6.561841 80.991223
v 33.124989 -6.614592 80.991219
v 38.062495 -6.667344 80.991215
v 43.000000 -6.720096 80.991211
v 43.000000 -6.687629 81.650979
v 43.000000 -6.647073 81.979187
v 43.000000 -6.590449 82.304852
v 43.000000 -6.429653 82.945496
v 43.000000 -6.325771 83.259310
v 43.000000 -6.206570 83.567668
v 43.000000 -5.924201 84.163505
v 43.000000 -5.585320 84.728027
v 43.000000 -5.192426 85.257160
v 43.000000 -4.748412 85.746438
v 43.000000 -4.259586 86.188853
v 43.000000 -3.730496 86.580749
v 43.000000 -3.164999 86.919308
v 43.000000 -2.567551 87.201462
v 43.000000 -1.946694 87.423153
v 43.000000 -1.307919 87.582784
v 43.000000 -0.655864 87.679211
v 43.000000 0.004085 87.711291
v 43.000000 0.662469 87.678556
v 43.000000 1.313714 87.581628
v 43.000000 1.953093 87.421210
v 43.000000 2.575095 87.198330
v 43.000000 3.170807 86.916192
v 43.000000 3.735408 86.577456
v 43.000000 4.264793 86.184569
v 43.000000 4.754177 85.740656
v 43.000000 5.196569 85.252087
v 43.000000 5.588598 84.723096
v 43.000000 5.927396 84.157502
v 43.000000 6.209678 83.560126
v 43.000000 6.431449 82.939508
v 43.000000 6.591242 82.300767
v 43.000000 6.687853 81.648525
v 43.000000 6.720077 80.988613
v 43.000000 6.687508 80.330413
v 43.000000 6.590742 79.679130
v 43.000000 6.430420 79.039501
v 43.000000 6.207695 78.417497
v 43.000000 5.925778 77.821885
v 43.000000 5.587174 77.257182
v 43.000000 5.194275 76.727524
v 43.000000 4.750518 76.238095
v 43.000000 4.262187 75.795705
v 43.000000 3.733273 75.403526
v 43.000000 3.167558 75.064478
v 43.000000 2.570325 74.782103
v 43.000000 1.949923 74.560241
v 43.000000 1.311189 74.400279
v 43.000000 0.658732 74.303483
v 43.000000 -0.001062 74.271119
v 43.000000 -0.659106 74.303521
v 43.000000 -1.310452 74.400129
v 43.000000 -1.950358 74.560365
v 43.000000 -2.572287 74.782909
v 43.000000 -3.167825 75.064614
v 43.000000 -3.732653 75.403100
v 43.000000 -4.262605 75.796029
v 43.000000 -4.752019 76.239578
v 43.000000 -5.194426 76.727689
v 43.000000 -5.586769 77.256548
v 43.000000 -5.926079 77.822410
v 43.000000 -6.208512 78.419425
v 43.000000 -6.430477 79.039638
v 43.000000 -6.590613 79.678390
v 43.000000 -6.687596 80.331091
v 43.000000 -6.711973 80.660881
v -110.062581 -5.061986 81.468158
v -110.062497 -4.994342 81.940713
v -110.062415 -4.883008 82.404971
v -110.062335 -4.729135 82.856914
v -110.062257 -4.533874 83.292521
v -110.062184 -4.298374 83.707770
v -110.062114 -4.024315 84.098624
v -110.062050 -3.714653 84.461922
v -110.061991 -3.372508 84.794887
v -110.061938 -3.001001 85.094736
v -110.061891 -2.603254 85.358689
v -110.061851 -2.182387 85.583967
v -110.061818 -1.741961 85.768265
v -110.061793 -1.286185 85.910458
v -110.061775 -0.819130 86.009518
v -110.061765 -0.344867 86.064413
v -110.061764 0.132435 86.074145
v -110.061770 0.608513 86.038811
v -110.061784 1.079269 85.959267
v -110.061806 1.540607 85.836378
v -110.061835 1.988432 85.671007
v -110.061872 2.418613 85.464011
v -110.061916 2.826792 85.216748
v -110.061966 3.209800 84.932038
v -110.062023 3.564799 84.612924
v -110.062085 3.888950 84.262451
v -110.062153 4.179413 83.883663
v -110.062224 4.433350 83.479604
v -110.062300 4.647922 83.053318
v -110.062379 4.820731 82.608269
v -110.062460 4.950933 82.148932
v -110.062544 5.037726 81.679441
v -110.062628 5.080296 81.203915
v -110.062713 5.077840 80.726495
v -110.062797 5.030257 80.251467
v -110.062880 4.938481 79.782937
v -110.062962 4.803524 79.324972
v -110.063040 4.626399 78.881640
v -110.063116 4.408141 78.457040
v -110.063187 4.150592 78.055109
v -110.063254 3.856545 77.679006
v -110.063315 3.528844 77.331797
v -110.063371 3.170335 77.016551
v -110.063421 2.783864 76.736333
v -110.063464 2.372437 76.494234
v -110.063500 1.939923 76.292361
v -110.063528 1.490382 76.131751
v -110.063549 1.027864 76.013410
v -110.063563 0.556421 75.938344
v -110.063568 0.080103 75.907560
v -110.063565 -0.397031 75.922067
v -110.063555 -0.870441 75.982445
v -110.063536 -1.335960 76.087430
v -110.063510 -1.789790 76.235316
v -110.063476 -2.228138 76.424398
v -110.063436 -2.647206 76.652972
v -110.063388 -3.043199 76.919333
v -110.063335 -3.412320 77.221775
v -110.063275 -3.750882 77.558346
v -110.063210 -4.056183 77.925408
v -110.063140 -4.325877 78.319389
v -110.063066 -4.557594 78.736823
v -110.062988 -4.748970 79.174221
v -110.062908 -4.898238 79.627714
v -110.062848 -4.979374 79.963111
v -110.062788 -5.037725 80.303213
v -110.062727 -5.072970 80.646469
v -105.125077 -5.114501 81.473101
v -105.124994 -5.046156 81.950558
v -105.124912 -4.933667 82.419633
v -105.124833 -4.778198 82.876265
v -105.124756 -4.580910 83.316390
v -105.124684 -4.342967 83.735948
v -105.124615 -4.066066 84.130856
v -105.124551 -3.753191 84.497924
v -105.124493 -3.407496 84.834342
v -105.124440 -3.032135 85.137302
v -105.124394 -2.630261 85.403994
v -105.124354 -2.205029 85.631609
v -105.124322 -1.760033 85.817818
v -105.124297 -1.299529 85.961487
v -105.124279 -0.827629 86.061574
v -105.124270 -0.348445 86.117039
v -105.124268 0.133808 86.126872
v -105.124274 0.614826 86.091171
v -105.124288 1.090465 86.010802
v -105.124310 1.556589 85.886638
v -105.124339 2.009060 85.719551
v -105.124375 2.443704 85.510408
v -105.124419 2.856117 85.260580
v -105.124469 3.243099 84.972916
v -105.124525 3.601780 84.650492
v -105.124586 3.929294 84.296383
v -105.124653 4.222771 83.913665
v -105.124724 4.479342 83.505414
v -105.124798 4.696140 83.074706
v -105.124877 4.870742 82.625040
v -105.124957 5.002294 82.160937
v -105.125040 5.089988 81.686576
v -105.125123 5.133000 81.206116
v -105.125207 5.130518 80.723744
v -105.125290 5.082441 80.243788
v -105.125373 4.989713 79.770397
v -105.125453 4.853357 79.307681
v -105.125531 4.674394 78.859750
v -105.125605 4.453871 78.430745
v -105.125676 4.193651 78.024644
v -105.125742 3.896553 77.644639
v -105.125803 3.565452 77.293829
v -105.125858 3.203224 76.975312
v -105.125907 2.812744 76.692187
v -105.125950 2.397048 76.447576
v -105.125985 1.960047 76.243609
v -105.126014 1.505842 76.081332
v -105.126034 1.038527 75.961764
v -105.126048 0.562193 75.885919
v -105.126053 0.080934 75.854816
v -105.126050 -0.401151 75.869473
v -105.126040 -0.879472 75.930478
v -105.126021 -1.349820 76.036552
v -105.125995 -1.808359 76.185972
v -105.125962 -2.251254 76.377016
v -105.125922 -2.674669 76.607961
v -105.125875 -3.074770 76.877085
v -105.125822 -3.447722 77.182664
v -105.125763 -3.789795 77.522727
v -105.125699 -4.098264 77.893597
v -105.125630 -4.370756 78.291665
v -105.125556 -4.604876 78.713430
v -105.125479 -4.798238 79.155366
v -105.125400 -4.949054 79.613564
v -105.125341 -5.031032 79.952440
v -105.125281 -5.089988 80.296071
v -105.125221 -5.125599 80.642887
v -100.187572 -5.167017 81.478044
v -100.187490 -5.097969 81.960403
v -100.187410 -4.984325 82.434295
v -100.187331 -4.827260 82.895615
v -100.187255 -4.627947 83.340260
v -100.187183 -4.387561 83.764125
v -100.187115 -4.107816 84.163088
v -100.187052 -3.791728 84.533925
v -100.186995 -3.442484 84.873798
v -100.186943 -3.063269 85.179868
v -100.186897 -2.657269 85.449298
v -100.186858 -2.227670 85.679250
v -100.186826 -1.778105 85.867372
v -100.186801 -1.312873 86.012516
v -100.186784 -0.836128 86.113630
v -100.186774 -0.352024 86.169665
v -100.186772 0.135182 86.179599
v -100.186779 0.621138 86.143531
v -100.186792 1.101661 86.062337
v -100.186814 1.572571 85.936898
v -100.186842 2.029688 85.768096
v -100.186878 2.468794 85.556805
v -100.186921 2.885442 85.304412
v -100.186971 3.276397 85.013794
v -100.187026 3.638762 84.688059
v -100.187087 3.969638 84.330315
v -100.187153 4.266128 83.943667
v -100.187223 4.525334 83.531225
v -100.187297 4.744358 83.096094
v -100.187374 4.920753 82.641810
v -100.187454 5.053656 82.172943
v -100.187536 5.142250 81.693711
v -100.187618 5.185704 81.208318
v -100.187701 5.183197 80.720992
v -100.187784 5.134626 80.236108
v -100.187865 5.040946 79.757857
v -100.187944 4.903189 79.290390
v -100.188021 4.722388 78.837860
v -100.188095 4.499602 78.404450
v -100.188165 4.236709 77.994179
v -100.188230 3.936561 77.610272
v -100.188291 3.602061 77.255860
v -100.188345 3.236114 76.934072
v -100.188394 2.841624 76.648041
v -100.188436 2.421660 76.400918
v -100.188471 1.980172 76.194857
v -100.188499 1.521303 76.030914
v -100.188520 1.049189 75.910118
v -100.188533 0.567965 75.833495
v -100.188538 0.081764 75.802072
v -100.188535 -0.405270 75.816879
v -100.188525 -0.888503 75.878511
v -100.188507 -1.363680 75.985674
v -100.188481 -1.826928 76.136628
v -100.188448 -2.274370 76.329634
v -100.188409 -2.702133 76.562950
v -100.188362 -3.106342 76.834837
v -100.188310 -3.483123 77.143554
v -100.188251 -3.828709 77.487109
v -100.188188 -4.140345 77.861787
v -100.188119 -4.415635 78.263942
v -100.188047 -4.652159 78.690038
v -100.187971 -4.847506 79.136512
v -100.187892 -4.999871 79.599414
v -100.187834 -5.082690 79.941770
v -100.187775 -5.142252 80.288928
v -100.187715 -5.178228 80.639306
v -95.250068 -5.219532 81.482987
v -95.249987 -5.149783 81.970249
v -95.249907 -5.034984 82.448957
v -95.249829 -4.876322 82.914965
v -95.249755 -4.674983 83.364129
v -95.249683 -4.432154 83.792303
v -95.249616 -4.149566 84.195320
v -95.249554 -3.830266 84.569926
v -95.249496 -3.477472 84.913253
v -95.249445 -3.094403 85.222434
v -95.249400 -2.684277 85.494603
v -95.249361 -2.250312 85.726892
v -95.249329 -1.796178 85.916926
v -95.249305 -1.326217 86.063544
v -95.249288 -0.844626 86.165687
v -95.249278 -0.355602 86.222291
v -95.249277 0.136555 86.232326
v -95.249283 0.627450 86.195892
v -95.249296 1.112857 86.113872
v -95.249318 1.588553 85.987159
v -95.249346 2.050315 85.816641
v -95.249382 2.493885 85.603202
v -95.249424 2.914767 85.348244
v -95.249473 3.309696 85.054672
v -95.249528 3.675743 84.725627
v -95.249588 4.009983 84.364246
v -95.249653 4.309486 83.973669
v -95.249722 4.571326 83.557035
v -95.249796 4.792576 83.117482
v -95.249872 4.970764 82.658581
v -95.249951 5.105018 82.184948
v -95.250032 5.194512 81.700846
v -95.250113 5.238407 81.210520
v -95.250195 5.235875 80.718241
v -95.250277 5.186810 80.228429
v -95.250357 5.092178 79.745317
v -95.250436 4.953022 79.273099
v -95.250512 4.770383 78.815969
v -95.250585 4.545332 78.378154
v -95.250654 4.279768 77.963714
v -95.250719 3.976569 77.575905
v -95.250778 3.638669 77.217891
v -95.250832 3.269003 76.892833
v -95.250881 2.870504 76.603895
v -95.250922 2.446271 76.354260
v -95.250957 2.000296 76.146104
v -95.250984 1.536764 75.980496
v -95.251005 1.059852 75.858472
v -95.251018 0.573736 75.781070
v -95.251023 0.082594 75.749328
v -95.251020 -0.409390 75.764285
v -95.251010 -0.897534 75.826543
v -95.250992 -1.377541 75.934796
v -95.250967 -1.845496 76.087284
v -95.250934 -2.297486 76.282251
v -95.250895 -2.729597 76.517939
v -95.250849 -3.137914 76.792589
v -95.250797 -3.518524 77.104444
v -95.250739 -3.867622 77.451490
v -95.250676 -4.182425 77.829976
v -95.250609 -4.460513 78.236219
v -95.250537 -4.699441 78.666645
v -95.250462 -4.896774 79.117657
v -95.250384 -5.050687 79.585264
v -95.250326 -5.134348 79.931099
v -95.250268 -5.194515 80.281786
v -95.250209 -5.230858 80.635725
v -90.312563 -5.272047 81.487930
v -90.312483 -5.201596 81.980094
v -90.312404 -5.085642 82.463618
v -90.312328 -4.925384 82.934316
v -90.312254 -4.722019 83.387999
v -90.312183 -4.476747 83.820480
v -90.312117 -4.191316 84.227552
v -90.312055 -3.868803 84.605927
v -90.311998 -3.512460 84.952708
v -90.311947 -3.125537 85.265000
v -90.311903 -2.711284 85.539907
v -90.311864 -2.272953 85.774534
v -90.311833 -1.814250 85.966479
v -90.311809 -1.339561 86.114573
v -90.311792 -0.853125 86.217743
v -90.311783 -0.359181 86.274917
v -90.311781 0.137928 86.285053
v -90.311787 0.633762 86.248252
v -90.311801 1.124053 86.165408
v -90.311821 1.604535 86.037419
v -90.311850 2.070943 85.865185
v -90.311885 2.518975 85.649599
v -90.311927 2.944092 85.392076
v -90.311975 3.342994 85.095551
v -90.312029 3.712725 84.763195
v -90.312089 4.050327 84.398178
v -90.312153 4.352844 84.003672
v -90.312222 4.617318 83.582845
v -90.312294 4.840794 83.138870
v -90.312370 5.020775 82.675352
v -90.312448 5.156379 82.196954
v -90.312528 5.246774 81.707981
v -90.312608 5.291111 81.212721
v -90.312689 5.288553 80.715490
v -90.312770 5.238995 80.220750
v -90.312850 5.143411 79.732777
v -90.312927 5.002854 79.255808
v -90.313003 4.818378 78.794079
v -90.313075 4.591063 78.351859
v -90.313143 4.322827 77.933249
v -90.313207 4.016577 77.541539
v -90.313266 3.675278 77.179922
v -90.313320 3.301892 76.851594
v -90.313367 2.899384 76.559748
v -90.313408 2.470883 76.307602
v -90.313443 2.020421 76.097352
v -90.313470 1.552225 75.930077
v -90.313490 1.070514 75.806825
v -90.313503 0.579508 75.728645
v -90.313508 0.083424 75.696584
v -90.313505 -0.413510 75.711692
v -90.313495 -0.906565 75.774576
v -90.313477 -1.391401 75.883917
v -90.313452 -1.864065 76.037940
v -90.313420 -2.320602 76.234869
v -90.313381 -2.757060 76.472928
v -90.313336 -3.169486 76.750341
v -90.313285 -3.553925 77.065334
v -90.313228 -3.906536 77.415872
v -90.313165 -4.224506 77.798166
v -90.313098 -4.505392 78.208496
v -90.313027 -4.746724 78.643252
v -90.312953 -4.946042 79.098802
v -90.312876 -5.101504 79.571113
v -90.312819 -5.186007 79.920428
v -90.312761 -5.246779 80.274643
v -90.312703 -5.283487 80.632143
v -85.375059 -5.324562 81.492873
v -85.374980 -5.253410 81.989940
v -85.374902 -5.136301 82.478280
v -85.374826 -4.974446 82.953666
v -85.374753 -4.769056 83.411868
v -85.374683 -4.521341 83.848657
v -85.374617 -4.233066 84.259785
v -85.374556 -3.907341 84.641928
v -85.374500 -3.547448 84.992164
v -85.374450 -3.156671 85.307567
v -85.374406 -2.738292 85.585212
v -85.374368 -2.295595 85.822175
v -85.374337 -1.832323 86.016033
v -85.374313 -1.352905 86.165602
v -85.374296 -0.861624 86.269800
v -85.374287 -0.362759 86.327543
v -85.374285 0.139301 86.337779
v -85.374291 0.640074 86.300612
v -85.374305 1.135249 86.216943
v -85.374325 1.620517 86.087679
v -85.374353 2.091571 85.913730
v -85.374388 2.544066 85.695997
v -85.374429 2.973418 85.435908
v -85.374477 3.376293 85.136429
v -85.374531 3.749706 84.800762
v -85.374590 4.090671 84.432110
v -85.374653 4.396201 84.033674
v -85.374721 4.663311 83.608656
v -85.374793 4.889012 83.160257
v -85.374868 5.070786 82.692123
v -85.374945 5.207741 82.208959
v -85.375023 5.299036 81.715116
v -85.375103 5.343815 81.214923
v -85.375184 5.341231 80.712739
v -85.375263 5.291179 80.213070
v -85.375342 5.194643 79.720237
v -85.375419 5.052686 79.238517
v -85.375493 4.866373 78.772189
v -85.375565 4.636793 78.325564
v -85.375632 4.365885 77.902784
v -85.375695 4.056585 77.507172
v -85.375754 3.711886 77.141953
v -85.375807 3.334781 76.810355
v -85.375854 2.928264 76.515602
v -85.375894 2.495494 76.260944
v -85.375928 2.040545 76.048600
v -85.375955 1.567686 75.879659
v -85.375975 1.081177 75.755179
v -85.375988 0.585280 75.676220
v -85.375993 0.084255 75.643839
v -85.375990 -0.417629 75.659098
v -85.375980 -0.915596 75.722609
v -85.375963 -1.405262 75.833039
v -85.375938 -1.882633 75.988596
v -85.375906 -2.343718 76.187486
v -85.375868 -2.784524 76.427917
v -85.375823 -3.201057 76.708093
v -85.375772 -3.589326 77.026224
v -85.375716 -3.945449 77.380253
v -85.375654 -4.266587 77.766355
v -85.375588 -4.550271 78.180773
v -85.375518 -4.794006 78.619860
v -85.375444 -4.995310 79.079947
v -85.375368 -5.152320 79.556963
v -85.375312 -5.237665 79.909757
v -85.375255 -5.299042 80.267501
v -85.375197 -5.336116 80.628562
v -80.437555 -5.377078 81.497816
v -80.437476 -5.305223 81.999785
v -80.437399 -5.186959 82.492942
v -80.437324 -5.023508 82.973016
v -80.437252 -4.816092 83.435738
v -80.437183 -4.565934 83.876835
v -80.437118 -4.274816 84.292017
v -80.437057 -3.945879 84.677930
v -80.437002 -3.582436 85.031619
v -80.436952 -3.187805 85.350133
v -80.436909 -2.765300 85.630516
v -80.436871 -2.318236 85.869817
v -80.436841 -1.850395 86.065586
v -80.436817 -1.366249 86.216631
v -80.436800 -0.870122 86.321856
v -80.436791 -0.366338 86.380169
v -80.436790 0.140674 86.390506
v -80.436796 0.646386 86.352972
v -80.436809 1.146445 86.268478
v -80.436829 1.636499 86.137939
v -80.436857 2.112199 85.962274
v -80.436891 2.569157 85.742394
v -80.436932 3.002743 85.479740
v -80.436979 3.409592 85.177307
v -80.437032 3.786688 84.838330
v -80.437091 4.131016 84.466042
v -80.437153 4.439559 84.063676
v -80.437221 4.709303 83.634466
v -80.437291 4.937231 83.181645
v -80.437365 5.120797 82.708894
v -80.437442 5.259103 82.220965
v -80.437519 5.351298 81.722251
v -80.437598 5.396518 81.217125
v -80.437678 5.393909 80.709988
v -80.437757 5.343364 80.205391
v -80.437834 5.245876 79.707697
v -80.437910 5.102519 79.221226
v -80.437984 4.914368 78.750299
v -80.438055 4.682524 78.299269
v -80.438121 4.408944 77.872319
v -80.438184 4.096593 77.472805
v -80.438241 3.748495 77.103985
v -80.438294 3.367670 76.769116
v -80.438340 2.957143 76.471456
v -80.438380 2.520106 76.214286
v -80.438414 2.060670 75.999848
v -80.438441 1.583147 75.829240
v -80.438460 1.091840 75.703533
v -80.438473 0.591051 75.623795
v -80.438478 0.085085 75.591095
v -80.438475 -0.421749 75.606504
v -80.438465 -0.924627 75.670641
v -80.438448 -1.419122 75.782161
v -80.438423 -1.901202 75.939252
v -80.438392 -2.366834 76.140104
v -80.438354 -2.811988 76.382905
v -80.438310 -3.232629 76.665846
v -80.438260 -3.624727 76.987114
v -80.438204 -3.984362 77.344635
v -80.438143 -4.308668 77.734545
v -80.438077 -4.595149 78.153049
v -80.438008 -4.841289 78.596467
v -80.437935 -5.044578 79.061092
v -80.437860 -5.203137 79.542813
v -80.437804 -5.289323 79.899087
v -80.437748 -5.351306 80.260358
v -80.437691 -5.388745 80.624980
v -75.500050 -5.429593 81.502759
v -75.499973 -5.357037 82.009630
v -75.499896 -5.237618 82.507604
v -75.499822 -5.072571 82.992367
v -75.499751 -4.863129 83.459607
v -75.499682 -4.610527 83.905012
v -75.499618 -4.316566 84.324249
v -75.499559 -3.984416 84.713931
v -75.499504 -3.617425 85.071075
v -75.499455 -3.218939 85.392699
v -75.499412 -2.792307 85.675821
v -75.499375 -2.340877 85.917458
v -75.499344 -1.868467 86.115140
v -75.499321 -1.379593 86.267659
v -75.499305 -0.878621 86.373912
v -75.499296 -0.369916 86.432795
v -75.499294 0.142047 86.443233
v -75.499300 0.652698 86.405333
v -75.499313 1.157641 86.320013
v -75.499333 1.652481 86.188199
v -75.499360 2.132827 86.010819
v -75.499394 2.594247 85.788791
v -75.499435 3.032068 85.523572
v -75.499482 3.442890 85.218186
v -75.499534 3.823669 84.875898
v -75.499591 4.171360 84.499974
v -75.499654 4.482917 84.093678
v -75.499720 4.755295 83.660276
v -75.499790 4.985449 83.203033
v -75.499863 5.170807 82.725665
v -75.499938 5.310464 82.232971
v -75.500015 5.403560 81.729386
v -75.500093 5.449222 81.219326
v -75.500172 5.446588 80.707236
v -75.500250 5.395549 80.197712
v -75.500327 5.297108 79.695157
v -75.500402 5.152351 79.203935
v -75.500475 4.962363 78.728408
v -75.500544 4.728254 78.272974
v -75.500610 4.452003 77.841854
v -75.500672 4.136601 77.438438
v -75.500729 3.785103 77.066016
v -75.500781 3.400560 76.727876
v -75.500827 2.986023 76.427309
v -75.500867 2.544718 76.167629
v -75.500900 2.080795 75.951096
v -75.500926 1.598608 75.778822
v -75.500945 1.102502 75.651887
v -75.500958 0.596823 75.571370
v -75.500963 0.085915 75.538351
v -75.500960 -0.425869 75.553910
v -75.500951 -0.933658 75.618674
v -75.500933 -1.432982 75.731283
v -75.500909 -1.919770 75.889908
v -75.500878 -2.389950 76.092722
v -75.500840 -2.839451 76.337894
v -75.500797 -3.264201 76.623598
v -75.500747 -3.660128 76.948003
v -75.500692 -4.023276 77.309016
v -75.500632 -4.350748 77.702734
v -75.500567 -4.640028 78.125326
v -75.500498 -4.888571 78.573074
v -75.500427 -5.093846 79.042237
v -75.500352 -5.253953 79.528662
v -75.500297 -5.340981 79.888416
v -75.500241 -5.403570 80.253216
v -75.500185 -5.441374 80.621399
v -70.562546 -5.482108 81.507702
v -70.562469 -5.408850 82.019476
v -70.562394 -5.288276 82.522266
v -70.562320 -5.121633 83.011717
v -70.562250 -4.910165 83.483477
v -70.562182 -4.655121 83.933189
v -70.562119 -4.358317 84.356481
v -70.562060 -4.022954 84.749932
v -70.562006 -3.652413 85.110530
v -70.561957 -3.250073 85.435265
v -70.561914 -2.819315 85.721125
v -70.561878 -2.363519 85.965100
v -70.561848 -1.886540 86.164693
v -70.561825 -1.392937 86.318688
v -70.561809 -0.887120 86.425969
v -70.561800 -0.373495 86.485420
v -70.561798 0.143420 86.495960
v -70.561804 0.659010 86.457693
v -70.561817 1.168836 86.371548
v -70.561837 1.668463 86.238460
v -70.561864 2.153454 86.059363
v -70.561897 2.619338 85.835188
v -70.561938 3.061393 85.567404
v -70.561984 3.476189 85.259064
v -70.562035 3.860651 84.913466
v -70.562092 4.211704 84.533905
v -70.562154 4.526274 84.123680
v -70.562219 4.801287 83.686086
v -70.562288 5.033667 83.224421
v -70.562361 5.220818 82.742436
v -70.562435 5.361826 82.244976
v -70.562511 5.455822 81.736521
v -70.562589 5.501926 81.221528
v -70.562666 5.499266 80.704485
v -70.562743 5.447733 80.190033
v -70.562819 5.348341 79.682617
v -70.562893 5.202184 79.186644
v -70.562965 5.010357 78.706518
v -70.563034 4.773985 78.246678
v -70.563099 4.495061 77.811389
v -70.563160 4.176610 77.404072
v -70.563217 3.821712 77.028047
v -70.563268 3.433449 76.686637
v -70.563313 3.014903 76.383163
v -70.563353 2.569329 76.120971
v -70.563385 2.100919 75.902343
v -70.563411 1.614069 75.728404
v -70.563431 1.113165 75.600241
v -70.563443 0.602595 75.518945
v -70.563448 0.086746 75.485607
v -70.563445 -0.429988 75.501317
v -70.563436 -0.942689 75.566707
v -70.563419 -1.446843 75.680405
v -70.563395 -1.938339 75.840564
v -70.563364 -2.413067 76.045339
v -70.563327 -2.866915 76.292883
v -70.563284 -3.295773 76.581350
v -70.563235 -3.695530 76.908893
v -70.563180 -4.062189 77.273398
v -70.563120 -4.392829 77.670924
v -70.563056 -4.684907 78.097603
v -70.562989 -4.935854 78.549682
v -70.562918 -5.143114 79.023382
v -70.562844 -5.304770 79.514512
v -70.562790 -5.392639 79.877745
v -70.562735 -5.455833 80.246073
v -70.562679 -5.494004 80.617817
v -65.625041 -5.534623 81.512645
v -65.624965 -5.460664 82.029321
v -65.624891 -5.338935 82.536927
v -65.624819 -5.170695 83.031067
v -65.624749 -4.957202 83.507346
v -65.624682 -4.699714 83.961367
v -65.624619 -4.400067 84.388713
v -65.624561 -4.061492 84.785933
v -65.624508 -3.687401 85.149986
v -65.624460 -3.281207 85.477831
v -65.624417 -2.846323 85.766430
v -65.624381 -2.386160 86.012741
v -65.624352 -1.904612 86.214247
v -65.624329 -1.406281 86.369717
v -65.624313 -0.895618 86.478025
v -65.624304 -0.377073 86.538046
v -65.624303 0.144794 86.548687
v -65.624308 0.665323 86.510053
v -65.624321 1.180032 86.423083
v -65.624341 1.684445 86.288720
v -65.624367 2.174082 86.107908
v -65.624401 2.644429 85.881585
v -65.624440 3.090718 85.611236
v -65.624486 3.509488 85.299942
v -65.624537 3.897632 84.951033
v -65.624593 4.252049 84.567837
v -65.624654 4.569632 84.153682
v -65.624719 4.847279 83.711897
v -65.624787 5.081885 83.245809
v -65.624858 5.270829 82.759206
v -65.624932 5.413187 82.256982
v -65.625007 5.508084 81.743656
v -65.625084 5.554629 81.223730
v -65.625160 5.551944 80.701734
v -65.625236 5.499918 80.182353
v -65.625311 5.399573 79.670077
v -65.625385 5.252016 79.169353
v -65.625456 5.058352 78.684628
v -65.625524 4.819715 78.220383
v -65.625588 4.538120 77.780924
v -65.625649 4.216618 77.369705
v -65.625704 3.858320 76.990078
v -65.625755 3.466338 76.645398
v -65.625800 3.043783 76.339017
v -65.625839 2.593941 76.074313
v -65.625871 2.121044 75.853591
v -65.625897 1.629530 75.677985
v -65.625916 1.123827 75.548595
v -65.625928 0.608367 75.466521
v -65.625933 0.087576 75.432862
v -65.625930 -0.434108 75.448723
v -65.625921 -0.951720 75.514739
v -65.625904 -1.460703 75.629526
v -65.625880 -1.956907 75.791220
v -65.625850 -2.436183 75.997957
v -65.625813 -2.894378 76.247872
v -65.625771 -3.327345 76.539102
v -65.625722 -3.730931 76.869783
v -65.625668 -4.101103 77.237779
v -65.625609 -4.434910 77.639113
v -65.625546 -4.729785 78.069880
v -65.625479 -4.983136 78.526289
v -65.625409 -5.192382 79.004527
v -65.625336 -5.355586 79.500362
v -65.625283 -5.444298 79.867074
v -65.625228 -5.508097 80.238931
v -65.625173 -5.546633 80.614236
v -55.750032 -5.639654 81.522531
v -55.749958 -5.564291 82.049012
v -55.749886 -5.440252 82.566251
v -55.749815 -5.268819 83.069768
v -55.749747 -5.051275 83.555085
v -55.749682 -4.788901 84.017722
v -55.749621 -4.483567 84.453178
v -55.749564 -4.138567 84.857935
v -55.749512 -3.757377 85.228897
v -55.749465 -3.343475 85.562964
v -55.749423 -2.900338 85.857039
v -55.749388 -2.431443 86.108025
v -55.749359 -1.940757 86.313354
v -55.749337 -1.432969 86.471774
v -55.749322 -0.912615 86.582138
v -55.749313 -0.384230 86.643298
v -55.749311 0.147540 86.654140
v -55.749317 0.677947 86.614774
v -55.749329 1.202424 86.526153
v -55.749349 1.716409 86.389240
v -55.749375 2.215338 86.204997
v -55.749407 2.694610 85.974379
v -55.749446 3.149369 85.698899
v -55.749490 3.576085 85.381699
v -55.749540 3.971595 85.026169
v -55.749595 4.332737 84.635701
v -55.749654 4.656347 84.213687
v -55.749718 4.939263 83.763517
v -55.749784 5.178321 83.288585
v -55.749854 5.370851 82.792748
v -55.749926 5.515911 82.280993
v -55.749999 5.612608 81.757925
v -55.750074 5.660037 81.228133
v -55.750148 5.657300 80.696231
v -55.750223 5.604287 80.166995
v -55.750296 5.502038 79.644998
v -55.750368 5.351681 79.134771
v -55.750437 5.154342 78.640847
v -55.750504 4.911177 78.167793
v -55.750567 4.624237 77.719994
v -55.750625 4.296634 77.300971
v -55.750680 3.931537 76.914141
v -55.750729 3.532116 76.562919
v -55.750773 3.101543 76.250724
v -55.750811 2.643164 75.980997
v -55.750842 2.161293 75.756087
v -55.750868 1.660451 75.577148
v -55.750886 1.145153 75.445303
v -55.750898 0.619910 75.361671
v -55.750903 0.089236 75.327374
v -55.750900 -0.442347 75.343536
v -55.750891 -0.969782 75.410805
v -55.750875 -1.488424 75.527770
v -55.750851 -1.994045 75.692532
v -55.750822 -2.482415 75.903192
v -55.750786 -2.949306 76.157850
v -55.750744 -3.390488 76.454607
v -55.750697 -3.801733 76.791563
v -55.750644 -4.178930 77.166542
v -55.750587 -4.519072 77.575492
v -55.750525 -4.819542 78.014433
v -55.750460 -5.077701 78.479504
v -55.750391 -5.290918 78.966817
v -55.750320 -5.457219 79.472061
v -55.750268 -5.547614 79.845733
v -55.750215 -5.612624 80.224646
v -55.750161 -5.651891 80.607073
v -45.875023 -5.744684 81.532417
v -45.874951 -5.667918 82.068703
v -45.874880 -5.541569 82.595574
v -45.874811 -5.366944 83.108469
v -45.874745 -5.145348 83.602824
v -45.874681 -4.878087 84.074076
v -45.874622 -4.567067 84.517642
v -45.874566 -4.215642 84.929938
v -45.874515 -3.827353 85.307807
v -45.874470 -3.405743 85.648096
v -45.874429 -2.954353 85.947648
v -45.874395 -2.476726 86.203308
v -45.874367 -1.976901 86.412461
v -45.874345 -1.459657 86.573831
v -45.874330 -0.929613 86.686251
v -45.874322 -0.391387 86.748550
v -45.874320 0.150286 86.759594
v -45.874325 0.690571 86.719494
v -45.874338 1.224816 86.629223
v -45.874356 1.748373 86.489760
v -45.874382 2.256594 86.302086
v -45.874413 2.744791 86.067174
v -45.874451 3.208019 85.786563
v -45.874494 3.642682 85.463455
v -45.874543 4.045558 85.101304
v -45.874597 4.413426 84.703564
v -45.874655 4.743063 84.273691
v -45.874716 5.031247 83.815138
v -45.874781 5.274757 83.331361
v -45.874849 5.470873 82.826290
v -45.874919 5.618634 82.305004
v -45.874991 5.717132 81.772195
v -45.875064 5.765444 81.232536
v -45.875137 5.762657 80.690729
v -45.875209 5.708656 80.151636
v -45.875281 5.604503 79.619918
v -45.875351 5.451345 79.100189
v -45.875418 5.250331 78.597067
v -45.875483 5.002638 78.115203
v -45.875545 4.710355 77.659065
v -45.875602 4.376650 77.232238
v -45.875655 4.004754 76.838203
v -45.875703 3.597895 76.480441
v -45.875746 3.159302 76.162432
v -45.875783 2.692387 75.887681
v -45.875814 2.201542 75.658582
v -45.875838 1.691373 75.476312
v -45.875856 1.166478 75.342010
v -45.875868 0.631453 75.256821
v -45.875873 0.090897 75.221886
v -45.875870 -0.450587 75.238348
v -45.875861 -0.987844 75.306870
v -45.875845 -1.516145 75.426014
v -45.875823 -2.031182 75.593844
v -45.875794 -2.528647 75.808427
v -45.875759 -3.004233 76.067828
v -45.875718 -3.453632 76.370111
v -45.875672 -3.872535 76.713342
v -45.875621 -4.256757 77.095305
v -45.875564 -4.603233 77.511871
v -45.875504 -4.909300 77.958987
v -45.875441 -5.172267 78.432719
v -45.875374 -5.389453 78.929107
v -45.875305 -5.558852 79.443761
v -45.875253 -5.650931 79.824391
v -45.875201 -5.717151 80.210361
v -45.875149 -5.757150 80.599910
v -36.000015 -5.849715 81.542303
v -35.999944 -5.771544 82.088394
v -35.999875 -5.642886 82.624898
v -35.999808 -5.465068 83.147170
v -35.999743 -5.239420 83.650563
v -35.999681 -4.967274 84.130431
v -35.999623 -4.650568 84.582107
v -35.999569 -4.292717 85.001940
v -35.999519 -3.897329 85.386718
v -35.999475 -3.468011 85.733228
v -35.999435 -3.008369 86.038257
v -35.999402 -2.522009 86.298591
v -35.999374 -2.013046 86.511568
v -35.999353 -1.486345 86.675889
v -35.999338 -0.946610 86.790363
v -35.999330 -0.398544 86.853802
v -35.999329 0.153033 86.865048
v -35.999334 0.703195 86.824215
v -35.999346 1.247208 86.732293
v -35.999364 1.780336 86.590281
v -35.999389 2.297849 86.399175
v -35.999420 2.794972 86.159968
v -35.999456 3.266669 85.874227
v -35.999499 3.709279 85.545212
v -35.999546 4.119521 85.176440
v -35.999599 4.494114 84.771428
v -35.999655 4.829778 84.333695
v -35.999715 5.123231 83.866759
v -35.999779 5.371194 83.374137
v -35.999845 5.570895 82.859831
v -35.999913 5.721357 82.329015
v -35.999983 5.821656 81.786465
v -36.000054 5.870852 81.236940
v -36.000125 5.868013 80.685227
v -36.000196 5.813025 80.136277
v -36.000266 5.706968 79.594838
v -36.000334 5.551010 79.065607
v -36.000400 5.346321 78.553286
v -36.000463 5.094099 78.062612
v -36.000523 4.796472 77.598135
v -36.000579 4.456667 77.163504
v -36.000630 4.077971 76.762266
v -36.000677 3.663673 76.397962
v -36.000719 3.217062 76.074139
v -36.000755 2.741610 75.794365
v -36.000785 2.241791 75.561078
v -36.000809 1.722295 75.375475
v -36.000827 1.187803 75.238718
v -36.000838 0.642997 75.151971
v -36.000843 0.092557 75.116397
v -36.000840 -0.458826 75.133161
v -36.000831 -1.005906 75.202935
v -36.000816 -1.543865 75.324257
v -36.000794 -2.068319 75.495156
v -36.000766 -2.574879 75.713662
v -36.000732 -3.059160 75.977805
v -36.000692 -3.516775 76.285615
v -36.000647 -3.943338 76.635122
v -36.000597 -4.334584 77.024068
v -36.000542 -4.687395 77.448250
v -36.000483 -4.999057 77.903540
v -36.000421 -5.266832 78.385933
v -36.000356 -5.487989 78.891397
v -36.000289 -5.660485 79.415460
v -36.000239 -5.754247 79.803050
v -36.000188 -5.821678 80.196076
v -36.000137 -5.862408 80.592747
v -26.125006 -5.954745 81.552189
v -26.124937 -5.875171 82.108085
v -26.124870 -5.744203 82.654222
v -26.124804 -5.563192 83.185870
v -26.124741 -5.333493 83.698302
v -26.124681 -5.056460 84.186786
v -26.124624 -4.734068 84.646571
v -26.124571 -4.369793 85.073942
v -26.124523 -3.967306 85.465629
v -26.124480 -3.530279 85.818361
v -26.124441 -3.062384 86.128866
v -26.124409 -2.567292 86.393874
v -26.124382 -2.049191 86.610675
v -26.124361 -1.513033 86.777946
v -26.124347 -0.963607 86.894476
v -26.124339 -0.405701 86.959053
v -26.124337 0.155779 86.970501
v -26.124343 0.715820 86.928935
v -26.124354 1.269599 86.835363
v -26.124372 1.812300 86.690801
v -26.124396 2.339105 86.496264
v -26.124426 2.845154 86.252762
v -26.124462 3.325320 85.961891
v -26.124503 3.775877 85.626968
v -26.124549 4.193484 85.251575
v -26.124600 4.574803 84.839292
v -26.124655 4.916493 84.393699
v -26.124714 5.215216 83.918379
v -26.124776 5.467630 83.416912
v -26.124840 5.670916 82.893373
v -26.124907 5.824081 82.353026
v -26.124975 5.926180 81.800735
v -26.125044 5.976259 81.241343
v -26.125113 5.973370 80.679724
v -26.125182 5.917394 80.120919
v -26.125250 5.809433 79.569758
v -26.125317 5.650675 79.031025
v -26.125381 5.442311 78.509506
v -26.125443 5.185560 78.010022
v -26.125501 4.882589 77.537205
v -26.125555 4.536683 77.094771
v -26.125606 4.151188 76.686328
v -26.125652 3.729452 76.315484
v -26.125692 3.274822 75.985846
v -26.125727 2.790833 75.701049
v -26.125757 2.282040 75.463574
v -26.125780 1.753217 75.274638
v -26.125797 1.209128 75.135426
v -26.125808 0.654540 75.047122
v -26.125812 0.094218 75.010909
v -26.125810 -0.467065 75.027973
v -26.125802 -1.023968 75.099001
v -26.125786 -1.571586 75.222501
v -26.125765 -2.105456 75.396468
v -26.125737 -2.621111 75.618898
v -26.125704 -3.114087 75.887783
v -26.125666 -3.579919 76.201120
v -26.125622 -4.014140 76.556902
v -26.125573 -4.412411 76.952831
v -26.125520 -4.771556 77.384629
v -26.125463 -5.088814 77.848094
v -26.125402 -5.361397 78.339148
v -26.125339 -5.586525 78.853687
v -26.125273 -5.762118 79.387160
v -26.125224 -5.857563 79.781708
v -26.125175 -5.926205 80.181791
v -26.125125 -5.967666 80.585585
v -16.249997 -6.059776 81.562075
v -16.249930 -5.978798 82.127776
v -16.249864 -5.845520 82.683545
v -16.249801 -5.661316 83.224571
v -16.249739 -5.427566 83.746041
v -16.249680 -5.145647 84.243141
v -16.249625 -4.817568 84.711036
v -16.249574 -4.446868 85.145945
v -16.249527 -4.037282 85.544540
v -16.249484 -3.592547 85.903493
v -16.249447 -3.116399 86.219475
v -16.249415 -2.612575 86.489157
v -16.249389 -2.085336 86.709782
v -16.249369 -1.539721 86.880004
v -16.249355 -0.980605 86.998589
v -16.249347 -0.412858 87.064305
v -16.249346 0.158525 87.075955
v -16.249351 0.728444 87.033656
v -16.249362 1.291991 86.938433
v -16.249380 1.844264 86.791321
v -16.249403 2.380360 86.593354
v -16.249432 2.895335 86.345556
v -16.249467 3.383970 86.049555
v -16.249507 3.842474 85.708725
v -16.249553 4.267447 85.326710
v -16.249602 4.655492 84.907155
v -16.249656 5.003209 84.453704
v -16.249713 5.307200 83.970000
v -16.249773 5.564066 83.459688
v -16.249836 5.770938 82.926915
v -16.249901 5.926804 82.377037
v -16.249967 6.030705 81.815005
v -16.250034 6.081666 81.245746
v -16.250102 6.078726 80.674222
v -16.250169 6.021763 80.105560
v -16.250235 5.911898 79.544678
v -16.250300 5.750340 78.996443
v -16.250362 5.538300 78.465725
v -16.250422 5.277021 77.957431
v -16.250479 4.968707 77.476275
v -16.250532 4.616699 77.026037
v -16.250581 4.224405 76.610390
v -16.250626 3.795230 76.233005
v -16.250665 3.332581 75.897554
v -16.250700 2.840057 75.607734
v -16.250728 2.322289 75.366069
v -16.250751 1.784138 75.173801
v -16.250767 1.230453 75.032134
v -16.250778 0.666084 74.942272
v -16.250782 0.095878 74.905420
v -16.250780 -0.475305 74.922786
v -16.250772 -1.042029 74.995066
v -16.250757 -1.599307 75.120744
v -16.250736 -2.142593 75.297780
v -16.250709 -2.667344 75.524133
v -16.250677 -3.169015 75.797761
v -16.250639 -3.643062 76.116624
v -16.250597 -4.084942 76.478681
v -16.250549 -4.490238 76.881594
v -16.250497 -4.855718 77.321008
v -16.250442 -5.178572 77.792647
v -16.250383 -5.455962 78.292363
v -16.250321 -5.685061 78.815977
v -16.250257 -5.863751 79.358859
v -16.250209 -5.960880 79.760366
v -16.250161 -6.030732 80.167506
v -16.250113 -6.072925 80.578422
v -6.374988 -6.164806 81.571961
v -6.374923 -6.082425 82.147466
v -6.374859 -5.946837 82.712869
v -6.374797 -5.759441 83.263272
v -6.374737 -5.521639 83.793780
v -6.374680 -5.234834 84.299496
v -6.374626 -4.901069 84.775500
v -6.374576 -4.523943 85.217947
v -6.374531 -4.107258 85.623451
v -6.374489 -3.654815 85.988625
v -6.374453 -3.170414 86.310084
v -6.374422 -2.657858 86.584441
v -6.374397 -2.121480 86.808889
v -6.374377 -1.566409 86.982061
v -6.374364 -0.997602 87.102701
v -6.374356 -0.420015 87.169557
v -6.374355 0.161272 87.181409
v -6.374360 0.741068 87.138376
v -6.374371 1.314383 87.041504
v -6.374387 1.876228 86.891842
v -6.374410 2.421616 86.690443
v -6.374439 2.945516 86.438351
v -6.374473 3.442621 86.137219
v -6.374512 3.909071 85.790482
v -6.374556 4.341410 85.401846
v -6.374604 4.736180 84.975019
v -6.374656 5.089924 84.513708
v -6.374711 5.399184 84.021621
v -6.374770 5.660502 83.502464
v -6.374831 5.870960 82.960456
v -6.374894 6.029527 82.401048
v -6.374959 6.135229 81.829275
v -6.375024 6.187074 81.250150
v -6.375090 6.184082 80.668719
v -6.375155 6.126132 80.090202
v -6.375220 6.014362 79.519598
v -6.375283 5.850004 78.961861
v -6.375344 5.634290 78.421945
v -6.375402 5.368482 77.904841
v -6.375457 5.054824 77.415345
v -6.375509 4.696715 76.957304
v -6.375557 4.297622 76.534453
v -6.375600 3.861008 76.150527
v -6.375638 3.390341 75.809261
v -6.375672 2.889280 75.514418
v -6.375699 2.362538 75.268565
v -6.375722 1.815060 75.072964
v -6.375738 1.251779 74.928842
v -6.375748 0.677627 74.837422
v -6.375752 0.097539 74.799932
v -6.375750 -0.483544 74.817598
v -6.375742 -1.060091 74.891131
v -6.375728 -1.627028 75.018988
v -6.375707 -2.179730 75.199092
v -6.375681 -2.713576 75.429368
v -6.375650 -3.223942 75.707739
v -6.375613 -3.706206 76.032129
v -6.375572 -4.155744 76.400461
v -6.375525 -4.568065 76.810357
v -6.375475 -4.939879 77.257387
v -6.375421 -5.268329 77.737201
v -6.375363 -5.550527 78.245577
v -6.375303 -5.783597 78.778268
v -6.375241 -5.965384 79.330559
v -6.375195 -6.064196 79.739025
v -6.375148 -6.135259 80.153221
v -6.375101 -6.178183 80.571259
v 3.500021 -6.269837 81.581847
v 3.500084 -6.186052 82.167157
v 3.500146 -6.048154 82.742192
v 3.500207 -5.857565 83.301973
v 3.500265 -5.615712 83.841519
v 3.500320 -5.324020 84.355850
v 3.500373 -4.984569 84.839964
v 3.500421 -4.601018 85.289950
v 3.500466 -4.177234 85.702362
v 3.500506 -3.717083 86.073758
v 3.500541 -3.224430 86.400693
v 3.500571 -2.703141 86.679724
v 3.500596 -2.157625 86.907997
v 3.500615 -1.593097 87.084118
v 3.500628 -1.014599 87.206814
v 3.500635 -0.427172 87.274809
v 3.500637 0.164018 87.286862
v 3.500632 0.753692 87.243097
v 3.500621 1.336775 87.144574
v 3.500605 1.908192 86.992362
v 3.500583 2.462872 86.787532
v 3.500555 2.995697 86.531145
v 3.500522 3.501271 86.224883
v 3.500484 3.975668 85.872238
v 3.500441 4.415373 85.476981
v 3.500394 4.816869 85.042882
v 3.500344 5.176639 84.573712
v 3.500290 5.491168 84.073241
v 3.500233 5.756938 83.545240
v 3.500173 5.970982 82.993998
v 3.500112 6.132250 82.425059
v 3.500049 6.239753 81.843544
v 3.499986 6.292481 81.254553
v 3.499922 6.289439 80.663217
v 3.499858 6.230502 80.074843
v 3.499796 6.116827 79.494518
v 3.499734 5.949669 78.927279
v 3.499675 5.730280 78.378164
v 3.499618 5.459943 77.852251
v 3.499565 5.140941 77.354415
v 3.499514 4.776732 76.888570
v 3.499468 4.370839 76.458515
v 3.499426 3.926787 76.068048
v 3.499388 3.448101 75.720969
v 3.499356 2.938503 75.421102
v 3.499329 2.402787 75.171061
v 3.499308 1.845982 74.972127
v 3.499292 1.273104 74.825549
v 3.499282 0.689170 74.732573
v 3.499278 0.099199 74.694443
v 3.499280 -0.491783 74.712411
v 3.499288 -1.078153 74.787196
v 3.499302 -1.654748 74.917232
v 3.499322 -2.216867 75.100404
v 3.499347 -2.759808 75.334603
v 3.499377 -3.278869 75.617717
v 3.499413 -3.769349 75.947633
v 3.499453 -4.226547 76.322240
v 3.499498 -4.645892 76.739120
v 3.499547 -5.024041 77.193766
v 3.499600 -5.358086 77.681754
v 3.499656 -5.645092 78.198792
v 3.499714 -5.882133 78.740558
v 3.499775 -6.067017 79.302258
v 3.499820 -6.167513 79.717683
v 3.499865 -6.239786 80.138936
v 3.499911 -6.283442 80.564096
v 13.375030 -6.374867 81.591733
v 13.375091 -6.289679 82.186848
v 13.375151 -6.149470 82.771516
v 13.375210 -5.955689 83.340673
v 13.375267 -5.709785 83.889258
v 13.375321 -5.413207 84.412205
v 13.375371 -5.068069 84.904429
v 13.375419 -4.678094 85.361952
v 13.375462 -4.247211 85.781273
v 13.375501 -3.779351 86.158890
v 13.375535 -3.278445 86.491302
v 13.375564 -2.748424 86.775007
v 13.375588 -2.193770 87.007104
v 13.375607 -1.619785 87.186176
v 13.375620 -1.031597 87.310927
v 13.375627 -0.434329 87.380060
v 13.375628 0.166764 87.392316
v 13.375623 0.766317 87.347817
v 13.375613 1.359167 87.247644
v 13.375597 1.940156 87.092882
v 13.375576 2.504127 86.884621
v 13.375549 3.045879 86.623939
v 13.375517 3.559921 86.312547
v 13.375480 4.042266 85.953995
v 13.375438 4.489336 85.552117
v 13.375393 4.897558 85.110746
v 13.375343 5.263355 84.633717
v 13.375291 5.583152 84.124862
v 13.375236 5.853375 83.588016
v 13.375178 6.071003 83.027540
v 13.375118 6.234974 82.449070
v 13.375057 6.344277 81.857814
v 13.374996 6.397888 81.258956
v 13.374934 6.394795 80.657714
v 13.374872 6.334871 80.059485
v 13.374811 6.219292 79.469438
v 13.374752 6.049334 78.892697
v 13.374694 5.826269 78.334384
v 13.374639 5.551404 77.799660
v 13.374587 5.227059 77.293485
v 13.374538 4.856748 76.819837
v 13.374493 4.444056 76.382578
v 13.374452 3.992565 75.985570
v 13.374415 3.505860 75.632676
v 13.374384 2.987726 75.327786
v 13.374358 2.443037 75.073556
v 13.374337 1.876904 74.871291
v 13.374322 1.294429 74.722257
v 13.374312 0.700714 74.627723
v 13.374308 0.100860 74.588955
v 13.374310 -0.500023 74.607223
v 13.374317 -1.096215 74.683262
v 13.374331 -1.682469 74.815475
v 13.374350 -2.254004 75.001716
v 13.374375 -2.806040 75.239838
v 13.374405 -3.333796 75.527694
v 13.374439 -3.832493 75.863137
v 13.374478 -4.297349 76.244020
v 13.374522 -4.723719 76.667883
v 13.374570 -5.108202 77.130146
v 13.374621 -5.447844 77.626308
v 13.374675 -5.739657 78.152007
v 13.374732 -5.980669 78.702848
v 13.374791 -6.168650 79.273957
v 13.374834 -6.270829 79.696342
v 13.374879 -6.344314 80.124651
v 13.374923 -6.388700 80.556933
v 23.250039 -6.479898 81.601619
v 23.250098 -6.393306 82.206539
v 23.250157 -6.250787 82.800839
v 23.250214 -6.053814 83.379374
v 23.250269 -5.803858 83.936997
v 23.250321 -5.502394 84.468560
v 23.250370 -5.151570 84.968893
v 23.250416 -4.755169 85.433954
v 23.250458 -4.317187 85.860184
v 23.250496 -3.841619 86.244022
v 23.250529 -3.332460 86.581911
v 23.250557 -2.793707 86.870290
v 23.250581 -2.229914 87.106211
v 23.250599 -1.646473 87.288233
v 23.250611 -1.048594 87.415040
v 23.250618 -0.441486 87.485312
v 23.250619 0.169511 87.497770
v 23.250615 0.778941 87.452538
v 23.250605 1.381558 87.350714
v 23.250589 1.972120 87.193403
v 23.250568 2.545383 86.981710
v 23.250542 3.096060 86.716733
v 23.250511 3.618572 86.400211
v 23.250475 4.108863 86.035751
v 23.250435 4.563299 85.627252
v 23.250391 4.978246 85.178610
v 23.250343 5.350070 84.693721
v 23.250292 5.675136 84.176483
v 23.250239 5.949811 83.630791
v 23.250182 6.171025 83.061081
v 23.250125 6.337697 82.473081
v 23.250065 6.448801 81.872084
v 23.250005 6.503296 81.263360
v 23.249945 6.500152 80.652212
v 23.249885 6.439240 80.044126
v 23.249826 6.321757 79.444358
v 23.249769 6.148999 78.858115
v 23.249713 5.922259 78.290603
v 23.249659 5.642865 77.747070
v 23.249609 5.313176 77.232555
v 23.249561 4.936764 76.751104
v 23.249517 4.517273 76.306640
v 23.249478 4.058344 75.903092
v 23.249442 3.563620 75.544383
v 23.249412 3.036949 75.234470
v 23.249386 2.483286 74.976052
v 23.249366 1.907825 74.770454
v 23.249351 1.315754 74.618965
v 23.249342 0.712257 74.522873
v 23.249338 0.102520 74.483466
v 23.249340 -0.508262 74.502036
v 23.249347 -1.114277 74.579327
v 23.249360 -1.710190 74.713719
v 23.249379 -2.291141 74.903028
v 23.249403 -2.852272 75.145074
v 23.249432 -3.388724 75.437672
v 23.249465 -3.895636 75.778642
v 23.249503 -4.368151 76.165800
v 23.249546 -4.801545 76.596646
v 23.249592 -5.192364 77.066525
v 23.249642 -5.537601 77.570862
v 23.249694 -5.834222 78.105221
v 23.249750 -6.079205 78.665138
v 23.249807 -6.270283 79.245657
v 23.249849 -6.374145 79.675000
v 23.249892 -6.448841 80.110366
v 23.249935 -6.493958 80.549770
v 33.125048 -6.584928 81.611505
v 33.125105 -6.496933 82.226230
v 33.125162 -6.352104 82.830163
v 33.125217 -6.151938 83.418075
v 33.125271 -5.897931 83.984736
v 33.125321 -5.591580 84.524915
v 33.125369 -5.235070 85.033358
v 33.125414 -4.832244 85.505957
v 33.125454 -4.387163 85.939095
v 33.125491 -3.903887 86.329155
v 33.125523 -3.386476 86.672520
v 33.125551 -2.838990 86.965573
v 33.125573 -2.266059 87.205318
v 33.125591 -1.673161 87.390291
v 33.125603 -1.065591 87.519152
v 33.125609 -0.448643 87.590564
v 33.125611 0.172257 87.603223
v 33.125606 0.791565 87.557259
v 33.125597 1.403950 87.453784
v 33.125582 2.004084 87.293923
v 33.125561 2.586638 87.078799
v 33.125536 3.146241 86.809528
v 33.125506 3.677222 86.487875
v 33.125471 4.175460 86.117508
v 33.125432 4.637262 85.702387
v 33.125389 5.058935 85.246473
v 33.125343 5.436785 84.753725
v 33.125293 5.767121 84.228103
v 33.125241 6.046247 83.673567
v 33.125187 6.271047 83.094623
v 33.125131 6.440420 82.497093
v 33.125073 6.553325 81.886354
v 33.125015 6.608703 81.267763
v 33.124957 6.605508 80.646709
v 33.124899 6.543609 80.028767
v 33.124842 6.424222 79.419278
v 33.124786 6.248663 78.823533
v 33.124731 6.018249 78.246822
v 33.124680 5.734327 77.694479
v 33.124630 5.399293 77.171625
v 33.124584 5.016780 76.682370
v 33.124542 4.590489 76.230703
v 33.124503 4.124122 75.820613
v 33.124469 3.621380 75.456091
v 33.124440 3.086172 75.141155
v 33.124415 2.523535 74.878547
v 33.124395 1.938747 74.669617
v 33.124381 1.337079 74.515673
v 33.124372 0.723801 74.418023
v 33.124368 0.104181 74.377978
v 33.124370 -0.516501 74.396848
v 33.124377 -1.132339 74.475392
v 33.124390 -1.737911 74.611962
v 33.124408 -2.328279 74.804340
v 33.124431 -2.898505 75.050309
v 33.124459 -3.443651 75.347650
v 33.124492 -3.958780 75.694146
v 33.124529 -4.438954 76.087579
v 33.124570 -4.879372 76.525409
v 33.124615 -5.276525 77.002904
v 33.124663 -5.627358 77.515415
v 33.124714 -5.928787 78.058436
v 33.124767 -6.177740 78.627428
v 33.124823 -6.371916 79.217356
v 33.124864 -6.477462 79.653659
v 33.124905 -6.553368 80.096082
v 33.124947 -6.599217 80.542607
vt 0.000000 -1.080733 0.000000
vt 0.000000 -1.115594 0.000000
vt 0.034775 -1.087705 0.000000
vt 0.042741 -1.115594 0.000000
vt 0.069549 -1.087705 0.000000
vt 0.085483 -1.115594 0.000000
vt 0.104324 -1.087705 0.000000
vt 0.128224 -1.115594 0.000000
vt 0.139098 -1.087705 0.000000
vt 0.170966 -1.115594 0.000000
vt 0.173873 -1.087705 0.000000
vt 0.208647 -1.087705 0.000000
vt 0.173873 -1.059815 0.000000
vt 0.208647 -1.059815 0.000000
vt 0.173873 -1.031925 0.000000
vt 0.208647 -1.031925 0.000000
vt 0.173873 -1.004035 0.000000
vt 0.208647 -1.004035 0.000000
vt 0.173873 -0.976149 0.000000
vt 0.208647 -0.976149 0.000000
vt 0.173873 -0.948255 0.000000
vt 0.208647 -0.948255 0.000000
vt 0.173873 -0.920365 0.000000
vt 0.208647 -0.920365 0.000000
vt 0.173873 -0.892475 0.000000
vt 0.208647 -0.892475 0.000000
vt 0.173873 -0.864586 0.000000
vt 0.208647 -0.864586 0.000000
vt 0.173873 -0.836699 0.000000
vt 0.208647 -0.836699 0.000000
vt 0.173873 -0.808806 0.000000
vt 0.208647 -0.808806 0.000000
vt 0.173873 -0.780916 0.000000
vt 0.208647 -0.780916 0.000000
vt 0.173873 -0.753026 0.000000
vt 0.208647 -0.753026 0.000000
vt 0.173873 -0.725136 0.000000
vt 0.208647 -0.725136 0.000000
vt 0.173873 -0.697247 0.000000
vt 0.208647 -0.697247 0.000000
vt 0.173873 -0.669357 0.000000
vt 0.208647 -0.669357 0.000000
vt 0.173873 -0.641467 0.000000
vt 0.208647 -0.641467 0.000000
vt 0.173873 -0.613577 0.000000
vt 0.208647 -0.613577 0.000000
vt 0.173873 -0.585687 0.000000
vt 0.208647 -0.585687 0.000000
vt 0.173873 -0.557807 0.000000
vt 0.208647 -0.557807 0.000000
vt 0.173873 -0.529907 0.000000
vt 0.208647 -0.529907 0.000000
vt 0.173873 -0.502017 0.000000
vt 0.208647 -0.502017 0.000000
vt 0.173873 -0.474128 0.000000
vt 0.208647 -0.474128 0.000000
vt 0.173873 -0.446238 0.000000
vt 0.208647 -0.446238 0.000000
vt 0.173873 -0.418361 0.000000
vt 0.208647 -0.418360 0.000000
vt 0.173873 -0.390458 0.000000
vt 0.208647 -0.390458 0.000000
vt 0.173873 -0.362568 0.000000
vt 0.208647 -0.362568 0.000000
vt 0.173873 -0.334678 0.000000
vt 0.208647 -0.334678 0.000000
vt 0.173873 -0.306788 0.000000
vt 0.208647 -0.306788 0.000000
vt 0.173873 -0.278901 0.000000
vt 0.208647 -0.278901 0.000000
vt 0.173873 -0.251009 0.000000
vt 0.208647 -0.251009 0.000000
vt 0.173873 -0.223119 0.000000
vt 0.208647 -0.223119 0.000000
vt 0.173873 -0.195229 0.000000
vt 0.208647 -0.195229 0.000000
vt 0.173873 -0.167339 0.000000
vt 0.208647 -0.167339 0.000000
vt 0.173873 -0.139476 0.000000
vt 0.208647 -0.139475 0.000000
vt 0.173873 -0.111559 0.000000
vt 0.208647 -0.111559 0.000000
vt 0.173873 -0.083670 0.000000
vt 0.208647 -0.083670 0.000000
vt 0.173873 -0.055780 0.000000
vt 0.208647 -0.055780 0.000000
vt 0.173873 -0.027890 0.000000
vt 0.208647 -0.027890 0.000000
vt 0.173873 -0.000010 0.000000
vt 0.208647 -0.000010 0.000000
vt 0.173873 0.027890 0.000000
vt 0.208647 0.027890 0.000000
vt 0.173873 0.055780 0.000000
vt 0.208647 0.055780 0.000000
vt 0.173873 0.083670 0.000000
vt 0.208647 0.083670 0.000000
vt 0.173873 0.111559 0.000000
vt 0.208647 0.111559 0.000000
vt 0.173873 0.139433 0.000000
vt 0.208647 0.139434 0.000000
vt 0.173873 0.167339 0.000000
vt 0.208647 0.167339 0.000000
vt 0.173873 0.195229 0.000000
vt 0.208647 0.195229 0.000000
vt 0.173873 0.223119 0.000000
vt 0.208647 0.223119 0.000000
vt 0.173873 0.251009 0.000000
vt 0.208647 0.251009 0.000000
vt 0.173873 0.278876 0.000000
vt 0.208647 0.278877 0.000000
vt 0.173873 0.306788 0.000000
vt 0.208647 0.306788 0.000000
vt 0.173873 0.334678 0.000000
vt 0.208647 0.334678 0.000000
vt 0.173873 0.362568 0.000000
vt 0.208647 0.362568 0.000000
vt 0.173873 0.390458 0.000000
vt 0.208647 0.390458 0.000000
vt 0.173873 0.418344 0.000000
vt 0.208647 0.418345 0.000000
vt 0.173873 0.446238 0.000000
vt 0.208647 0.446238 0.000000
vt 0.173873 0.474128 0.000000
vt 0.208647 0.474128 0.000000
vt 0.173873 0.502017 0.000000
vt 0.208647 0.502017 0.000000
vt 0.173873 0.529907 0.000000
vt 0.208647 0.529907 0.000000
vt 0.173873 0.557762 0.000000
vt 0.208647 0.557763 0.000000
vt 0.173873 0.585687 0.000000
vt 0.208647 0.585687 0.000000
vt 0.173873 0.613577 0.000000
vt 0.208647 0.613577 0.000000
vt 0.173873 0.641467 0.000000
vt 0.208647 0.641467 0.000000
vt 0.173873 0.669357 0.000000
vt 0.208647 0.669357 0.000000
vt 0.173873 0.697242 0.000000
vt 0.208647 0.697244 0.000000
vt 0.173873 0.725136 0.000000
vt 0.208647 0.725136 0.000000
vt 0.173873 0.753026 0.000000
vt 0.208647 0.753026 0.000000
vt 0.173873 0.780916 0.000000
vt 0.208647 0.780916 0.000000
vt 0.173873 0.808806 0.000000
vt 0.208647 0.808806 0.000000
vt 0.173873 0.836648 0.000000
vt 0.208647 0.836650 0.000000
vt 0.173873 0.864586 0.000000
vt 0.208647 0.864586 0.000000
vt 0.173873 0.892475 0.000000
vt 0.208647 0.892475 0.000000
vt 0.173873 0.920365 0.000000
vt 0.208647 0.920365 0.000000
vt 0.173873 0.948255 0.000000
vt 0.208647 0.948255 0.000000
vt 0.173873 0.976138 0.000000
vt 0.208647 0.976140 0.000000
vt 0.173873 1.004035 0.000000
vt 0.208647 1.004035 0.000000
vt 0.173873 1.031925 0.000000
vt 0.208647 1.031925 0.000000
vt 0.173873 1.059815 0.000000
vt 0.208647 1.059815 0.000000
vt 0.173873 1.087705 0.000000
vt 0.208647 1.087705 0.000000
vt 0.170966 1.115594 0.000000
vt 0.213707 1.115594 0.000000
vt 0.243422 1.087705 0.000000
vt 0.256448 1.115594 0.000000
vt 0.278196 1.087705 0.000000
vt 0.299190 1.115594 0.000000
vt 0.303551 1.087705 0.000000
vt 0.328905 1.087705 0.000000
vt 0.328905 1.059815 0.000000
vt 0.354259 1.059815 0.000000
vt 0.354259 1.031925 0.000000
vt 0.379613 1.031925 0.000000
vt 0.379613 1.004035 0.000000
vt 0.404967 1.004035 0.000000
vt 0.404967 0.976150 0.000000
vt 0.430321 0.976151 0.000000
vt 0.430321 0.948255 0.000000
vt 0.455675 0.948255 0.000000
vt 0.455675 0.920365 0.000000
vt 0.481029 0.920365 0.000000
vt 0.481029 0.892475 0.000000
vt 0.506383 0.892475 0.000000
vt 0.506383 0.864586 0.000000
vt 0.531737 0.864586 0.000000
vt 0.531737 0.836666 0.000000
vt 0.557092 0.836667 0.000000
vt 0.557092 0.808806 0.000000
vt 0.582446 0.808806 0.000000
vt 0.582446 0.780916 0.000000
vt 0.607800 0.780916 0.000000
vt 0.607800 0.753026 0.000000
vt 0.633154 0.753026 0.000000
vt 0.633154 0.725136 0.000000
vt 0.658508 0.725136 0.000000
vt 0.658508 0.697265 0.000000
vt 0.683862 0.697266 0.000000
vt 0.658508 0.669357 0.000000
vt 0.683862 0.662394 0.000000
vt 0.658508 0.641467 0.000000
vt 0.683862 0.627514 0.000000
vt 0.658508 0.613577 0.000000
vt 0.683862 0.592641 0.000000
vt 0.658508 0.585687 0.000000
vt 0.683862 0.557783 0.000000
vt 0.658508 0.557782 0.000000
vt 0.658508 0.529907 0.000000
vt 0.633154 0.557781 0.000000
vt 0.633154 0.529907 0.000000
vt 0.607800 0.557780 0.000000
vt 0.607800 0.529907 0.000000
vt 0.582446 0.557779 0.000000
vt 0.582446 0.529907 0.000000
vt 0.557092 0.557778 0.000000
vt 0.557092 0.529907 0.000000
vt 0.531737 0.557777 0.000000
vt 0.531737 0.529907 0.000000
vt 0.506383 0.557776 0.000000
vt 0.506383 0.529907 0.000000
vt 0.481029 0.557775 0.000000
vt 0.481029 0.529907 0.000000
vt 0.455675 0.557774 0.000000
vt 0.455675 0.529907 0.000000
vt 0.430321 0.557773 0.000000
vt 0.430321 0.529907 0.000000
vt 0.404967 0.557772 0.000000
vt 0.404967 0.529907 0.000000
vt 0.379613 0.557770 0.000000
vt 0.379613 0.529907 0.000000
vt 0.354259 0.557769 0.000000
vt 0.354259 0.529907 0.000000
vt 0.328905 0.557768 0.000000
vt 0.328905 0.529907 0.000000
vt 0.303551 0.557767 0.000000
vt 0.303551 0.529907 0.000000
vt 0.278196 0.557766 0.000000
vt 0.278196 0.529907 0.000000
vt 0.243422 0.557765 0.000000
vt 0.243422 0.529907 0.000000
vt 0.213707 -1.115594 0.000000
vt 0.243422 -1.087705 0.000000
vt 0.243422 -1.059815 0.000000
vt 0.243422 -1.031925 0.000000
vt 0.243422 -1.004035 0.000000
vt 0.243422 -0.976149 0.000000
vt 0.243422 -0.948255 0.000000
vt 0.243422 -0.920365 0.000000
vt 0.243422 -0.892475 0.000000
vt 0.243422 -0.864586 0.000000
vt 0.243422 -0.836699 0.000000
vt 0.243422 -0.808806 0.000000
vt 0.243422 -0.780916 0.000000
vt 0.243422 -0.753026 0.000000
vt 0.243422 -0.725136 0.000000
vt 0.243422 -0.697246 0.000000
vt 0.243422 -0.669357 0.000000
vt 0.243422 -0.641467 0.000000
vt 0.243422 -0.613577 0.000000
vt 0.243422 -0.585687 0.000000
vt 0.243422 -0.557806 0.000000
vt 0.243422 -0.529907 0.000000
vt 0.243422 -0.502017 0.000000
vt 0.243422 -0.474128 0.000000
vt 0.243422 -0.446238 0.000000
vt 0.243422 -0.418359 0.000000
vt 0.243422 -0.390458 0.000000
vt 0.243422 -0.362568 0.000000
vt 0.243422 -0.334678 0.000000
vt 0.243422 -0.306788 0.000000
vt 0.243422 -0.278900 0.000000
vt 0.243422 -0.251009 0.000000
vt 0.243422 -0.223119 0.000000
vt 0.243422 -0.195229 0.000000
vt 0.243422 -0.167339 0.000000
vt 0.243422 -0.139474 0.000000
vt 0.243422 -0.111559 0.000000
vt 0.243422 -0.083670 0.000000
vt 0.243422 -0.055780 0.000000
vt 0.243422 -0.027890 0.000000
vt 0.243422 -0.000009 0.000000
vt 0.243422 0.027890 0.000000
vt 0.243422 0.055780 0.000000
vt 0.243422 0.083670 0.000000
vt 0.243422 0.111559 0.000000
vt 0.243422 0.139436 0.000000
vt 0.243422 0.167339 0.000000
vt 0.243422 0.195229 0.000000
vt 0.243422 0.223119 0.000000
vt 0.243422 0.251009 0.000000
vt 0.243422 0.278878 0.000000
vt 0.243422 0.306788 0.000000
vt 0.243422 0.334678 0.000000
vt 0.243422 0.362568 0.000000
vt 0.243422 0.390458 0.000000
vt 0.243422 0.418346 0.000000
vt 0.243422 0.446238 0.000000
vt 0.243422 0.474128 0.000000
vt 0.243422 0.502017 0.000000
vt 0.256448 -1.115594 0.000000
vt 0.278196 -1.087705 0.000000
vt 0.278196 -1.059815 0.000000
vt 0.278196 -1.031925 0.000000
vt 0.278196 -1.004035 0.000000
vt 0.278196 -0.976149 0.000000
vt 0.278196 -0.948255 0.000000
vt 0.278196 -0.920365 0.000000
vt 0.278196 -0.892475 0.000000
vt 0.278196 -0.864586 0.000000
vt 0.278196 -0.836699 0.000000
vt 0.278196 -0.808806 0.000000
vt 0.278196 -0.780916 0.000000
vt 0.278196 -0.753026 0.000000
vt 0.278196 -0.725136 0.000000
vt 0.278196 -0.697246 0.000000
vt 0.278196 -0.669357 0.000000
vt 0.278196 -0.641467 0.000000
vt 0.278196 -0.613577 0.000000
vt 0.278196 -0.585687 0.000000
vt 0.278196 -0.557806 0.000000
vt 0.278196 -0.529907 0.000000
vt 0.278196 -0.502017 0.000000
vt 0.278196 -0.474128 0.000000
vt 0.278196 -0.446238 0.000000
vt 0.278196 -0.418359 0.000000
vt 0.278196 -0.390458 0.000000
vt 0.278196 -0.362568 0.000000
vt 0.278196 -0.334678 0.000000
vt 0.278196 -0.306788 0.000000
vt 0.278196 -0.278899 0.000000
vt 0.278196 -0.251009 0.000000
vt 0.278196 -0.223119 0.000000
vt 0.278196 -0.195229 0.000000
vt 0.278196 -0.167339 0.000000
vt 0.278196 -0.139474 0.000000
vt 0.278196 -0.111559 0.000000
vt 0.278196 -0.083670 0.000000
vt 0.278196 -0.055780 0.000000
vt 0.278196 -0.027890 0.000000
vt 0.278196 -0.000008 0.000000
vt 0.278196 0.027890 0.000000
vt 0.278196 0.055780 0.000000
vt 0.278196 0.083670 0.000000
vt 0.278196 0.111559 0.000000
vt 0.278196 0.139437 0.000000
vt 0.278196 0.167339 0.000000
vt 0.278196 0.195229 0.000000
vt 0.278196 0.223119 0.000000
vt 0.278196 0.251009 0.000000
vt 0.278196 0.278879 0.000000
vt 0.278196 0.306788 0.000000
vt 0.278196 0.334678 0.000000
vt 0.278196 0.362568 0.000000
vt 0.278196 0.390458 0.000000
vt 0.278196 0.418348 0.000000
vt 0.278196 0.446238 0.000000
vt 0.278196 0.474128 0.000000
vt 0.278196 0.502017 0.000000
vt 0.299190 -1.115594 0.000000
vt 0.303551 -1.087705 0.000000
vt 0.303551 -1.059815 0.000000
vt 0.303551 -1.031925 0.000000
vt 0.303551 -1.004035 0.000000
vt 0.303551 -0.976149 0.000000
vt 0.303551 -0.948255 0.000000
vt 0.303551 -0.920365 0.000000
vt 0.303551 -0.892475 0.000000
vt 0.303551 -0.864586 0.000000
vt 0.303551 -0.836698 0.000000
vt 0.303551 -0.808806 0.000000
vt 0.303551 -0.780916 0.000000
vt 0.303551 -0.753026 0.000000
vt 0.303551 -0.725136 0.000000
vt 0.303551 -0.697246 0.000000
vt 0.303551 -0.669357 0.000000
vt 0.303551 -0.641467 0.000000
vt 0.303551 -0.613577 0.000000
vt 0.303551 -0.585687 0.000000
vt 0.303551 -0.557805 0.000000
vt 0.303551 -0.529907 0.000000
vt 0.303551 -0.502017 0.000000
vt 0.303551 -0.474128 0.000000
vt 0.303551 -0.446238 0.000000
vt 0.303551 -0.418358 0.000000
vt 0.303551 -0.390458 0.000000
vt 0.303551 -0.362568 0.000000
vt 0.303551 -0.334678 0.000000
vt 0.303551 -0.306788 0.000000
vt 0.303551 -0.278899 0.000000
vt 0.303551 -0.251009 0.000000
vt 0.303551 -0.223119 0.000000
vt 0.303551 -0.195229 0.000000
vt 0.303551 -0.167339 0.000000
vt 0.303551 -0.139473 0.000000
vt 0.303551 -0.111559 0.000000
vt 0.303551 -0.083670 0.000000
vt 0.303551 -0.055780 0.000000
vt 0.303551 -0.027890 0.000000
vt 0.303551 -0.000007 0.000000
vt 0.303551 0.027890 0.000000
vt 0.303551 0.055780 0.000000
vt 0.303551 0.083670 0.000000
vt 0.303551 0.111559 0.000000
vt 0.303551 0.139437 0.000000
vt 0.303551 0.167339 0.000000
vt 0.303551 0.195229 0.000000
vt 0.303551 0.223119 0.000000
vt 0.303551 0.251009 0.000000
vt 0.303551 0.278880 0.000000
vt 0.303551 0.306788 0.000000
vt 0.303551 0.334678 0.000000
vt 0.303551 0.362568 0.000000
vt 0.303551 0.390458 0.000000
vt 0.303551 0.418349 0.000000
vt 0.303551 0.446238 0.000000
vt 0.303551 0.474128 0.000000
vt 0.303551 0.502017 0.000000
vt 0.328905 -1.087705 0.000000
vt 0.341931 -1.115594 0.000000
vt 0.354259 -1.087705 0.000000
vt 0.384672 -1.115594 0.000000
vt 0.379613 -1.087705 0.000000
vt 0.404967 -1.087705 0.000000
vt 0.379613 -1.059815 0.000000
vt 0.404967 -1.059815 0.000000
vt 0.379613 -1.031925 0.000000
vt 0.404967 -1.031925 0.000000
vt 0.379613 -1.004035 0.000000
vt 0.404967 -1.004035 0.000000
vt 0.379613 -0.976148 0.000000
vt 0.404967 -0.976148 0.000000
vt 0.379613 -0.948255 0.000000
vt 0.404967 -0.948255 0.000000
vt 0.379613 -0.920365 0.000000
vt 0.404967 -0.920365 0.000000
vt 0.379613 -0.892475 0.000000
vt 0.404967 -0.892475 0.000000
vt 0.379613 -0.864586 0.000000
vt 0.404967 -0.864586 0.000000
vt 0.379613 -0.836698 0.000000
vt 0.404967 -0.836698 0.000000
vt 0.379613 -0.808806 0.000000
vt 0.404967 -0.808806 0.000000
vt 0.379613 -0.780916 0.000000
vt 0.404967 -0.780916 0.000000
vt 0.379613 -0.753026 0.000000
vt 0.404967 -0.753026 0.000000
vt 0.379613 -0.725136 0.000000
vt 0.404967 -0.725136 0.000000
vt 0.379613 -0.697245 0.000000
vt 0.404967 -0.697245 0.000000
vt 0.379613 -0.669357 0.000000
vt 0.404967 -0.669357 0.000000
vt 0.379613 -0.641467 0.000000
vt 0.404967 -0.641467 0.000000
vt 0.379613 -0.613577 0.000000
vt 0.404967 -0.613577 0.000000
vt 0.379613 -0.585687 0.000000
vt 0.404967 -0.585687 0.000000
vt 0.379613 -0.557804 0.000000
vt 0.404967 -0.557804 0.000000
vt 0.379613 -0.529907 0.000000
vt 0.404967 -0.529907 0.000000
vt 0.379613 -0.502017 0.000000
vt 0.404967 -0.502017 0.000000
vt 0.379613 -0.474128 0.000000
vt 0.404967 -0.474128 0.000000
vt 0.379613 -0.446238 0.000000
vt 0.404967 -0.446238 0.000000
vt 0.379613 -0.418357 0.000000
vt 0.404967 -0.418357 0.000000
vt 0.379613 -0.390458 0.000000
vt 0.404967 -0.390458 0.000000
vt 0.379613 -0.362568 0.000000
vt 0.404967 -0.362568 0.000000
vt 0.379613 -0.334678 0.000000
vt 0.404967 -0.334678 0.000000
vt 0.379613 -0.306788 0.000000
vt 0.404967 -0.306788 0.000000
vt 0.379613 -0.278897 0.000000
vt 0.404967 -0.278896 0.000000
vt 0.379613 -0.251009 0.000000
vt 0.404967 -0.251009 0.000000
vt 0.379613 -0.223119 0.000000
vt 0.404967 -0.223119 0.000000
vt 0.379613 -0.195229 0.000000
vt 0.404967 -0.195229 0.000000
vt 0.379613 -0.167339 0.000000
vt 0.404967 -0.167339 0.000000
vt 0.379613 -0.139471 0.000000
vt 0.404967 -0.139470 0.000000
vt 0.379613 -0.111559 0.000000
vt 0.404967 -0.111559 0.000000
vt 0.379613 -0.083670 0.000000
vt 0.404967 -0.083670 0.000000
vt 0.379613 -0.055780 0.000000
vt 0.404967 -0.055780 0.000000
vt 0.379613 -0.027890 0.000000
vt 0.404967 -0.027890 0.000000
vt 0.379613 -0.000005 0.000000
vt 0.404967 -0.000004 0.000000
vt 0.379613 0.027890 0.000000
vt 0.404967 0.027890 0.000000
vt 0.379613 0.055780 0.000000
vt 0.404967 0.055780 0.000000
vt 0.379613 0.083670 0.000000
vt 0.404967 0.083670 0.000000
vt 0.379613 0.111559 0.000000
vt 0.404967 0.111559 0.000000
vt 0.379613 0.139440 0.000000
vt 0.404967 0.139441 0.000000
vt 0.379613 0.167339 0.000000
vt 0.404967 0.167339 0.000000
vt 0.379613 0.195229 0.000000
vt 0.404967 0.195229 0.000000
vt 0.379613 0.223119 0.000000
vt 0.404967 0.223119 0.000000
vt 0.379613 0.251009 0.000000
vt 0.404967 0.251009 0.000000
vt 0.379613 0.278883 0.000000
vt 0.404967 0.278884 0.000000
vt 0.379613 0.306788 0.000000
vt 0.404967 0.306788 0.000000
vt 0.379613 0.334678 0.000000
vt 0.404967 0.334678 0.000000
vt 0.379613 0.362568 0.000000
vt 0.404967 0.362568 0.000000
vt 0.379613 0.390458 0.000000
vt 0.404967 0.390458 0.000000
vt 0.379613 0.418352 0.000000
vt 0.404967 0.418353 0.000000
vt 0.379613 0.446238 0.000000
vt 0.404967 0.446238 0.000000
vt 0.379613 0.474128 0.000000
vt 0.404967 0.474128 0.000000
vt 0.379613 0.502017 0.000000
vt 0.404967 0.502017 0.000000
vt 0.427414 -1.115594 0.000000
vt 0.430321 -1.087705 0.000000
vt 0.430321 -1.059815 0.000000
vt 0.430321 -1.031925 0.000000
vt 0.430321 -1.004035 0.000000
vt 0.430321 -0.976148 0.000000
vt 0.430321 -0.948255 0.000000
vt 0.430321 -0.920365 0.000000
vt 0.430321 -0.892475 0.000000
vt 0.430321 -0.864586 0.000000
vt 0.430321 -0.836698 0.000000
vt 0.430321 -0.808806 0.000000
vt 0.430321 -0.780916 0.000000
vt 0.430321 -0.753026 0.000000
vt 0.430321 -0.725136 0.000000
vt 0.430321 -0.697244 0.000000
vt 0.430321 -0.669357 0.000000
vt 0.430321 -0.641467 0.000000
vt 0.430321 -0.613577 0.000000
vt 0.430321 -0.585687 0.000000
vt 0.430321 -0.557804 0.000000
vt 0.430321 -0.529907 0.000000
vt 0.430321 -0.502017 0.000000
vt 0.430321 -0.474128 0.000000
vt 0.430321 -0.446238 0.000000
vt 0.430321 -0.418356 0.000000
vt 0.430321 -0.390458 0.000000
vt 0.430321 -0.362568 0.000000
vt 0.430321 -0.334678 0.000000
vt 0.430321 -0.306788 0.000000
vt 0.430321 -0.278896 0.000000
vt 0.430321 -0.251009 0.000000
vt 0.430321 -0.223119 0.000000
vt 0.430321 -0.195229 0.000000
vt 0.430321 -0.167339 0.000000
vt 0.430321 -0.139470 0.000000
vt 0.430321 -0.111559 0.000000
vt 0.430321 -0.083670 0.000000
vt 0.430321 -0.055780 0.000000
vt 0.430321 -0.027890 0.000000
vt 0.430321 -0.000003 0.000000
vt 0.430321 0.027890 0.000000
vt 0.430321 0.055780 0.000000
vt 0.430321 0.083670 0.000000
vt 0.430321 0.111559 0.000000
vt 0.430321 0.139441 0.000000
vt 0.430321 0.167339 0.000000
vt 0.430321 0.195229 0.000000
vt 0.430321 0.223119 0.000000
vt 0.430321 0.251009 0.000000
vt 0.430321 0.278885 0.000000
vt 0.430321 0.306788 0.000000
vt 0.430321 0.334678 0.000000
vt 0.430321 0.362568 0.000000
vt 0.430321 0.390458 0.000000
vt 0.430321 0.418354 0.000000
vt 0.430321 0.446238 0.000000
vt 0.430321 0.474128 0.000000
vt 0.430321 0.502017 0.000000
vt 0.455675 -1.087705 0.000000
vt 0.470155 -1.115594 0.000000
vt 0.481029 -1.087705 0.000000
vt 0.512897 -1.115594 0.000000
vt 0.506383 -1.087705 0.000000
vt 0.531737 -1.087705 0.000000
vt 0.506383 -1.059815 0.000000
vt 0.531737 -1.059815 0.000000
vt 0.506383 -1.031925 0.000000
vt 0.531737 -1.031925 0.000000
vt 0.506383 -1.004035 0.000000
vt 0.531737 -1.004035 0.000000
vt 0.506383 -0.976148 0.000000
vt 0.531737 -0.976148 0.000000
vt 0.506383 -0.948255 0.000000
vt 0.531737 -0.948255 0.000000
vt 0.506383 -0.920365 0.000000
vt 0.531737 -0.920365 0.000000
vt 0.506383 -0.892475 0.000000
vt 0.531737 -0.892475 0.000000
vt 0.506383 -0.864586 0.000000
vt 0.531737 -0.864586 0.000000
vt 0.506383 -0.836697 0.000000
vt 0.531737 -0.836697 0.000000
vt 0.506383 -0.808806 0.000000
vt 0.531737 -0.808806 0.000000
vt 0.506383 -0.780916 0.000000
vt 0.531737 -0.780916 0.000000
vt 0.506383 -0.753026 0.000000
vt 0.531737 -0.753026 0.000000
vt 0.506383 -0.725136 0.000000
vt 0.531737 -0.725136 0.000000
vt 0.506383 -0.697244 0.000000
vt 0.531737 -0.697243 0.000000
vt 0.506383 -0.669357 0.000000
vt 0.531737 -0.669357 0.000000
vt 0.506383 -0.641467 0.000000
vt 0.531737 -0.641467 0.000000
vt 0.506383 -0.613577 0.000000
vt 0.531737 -0.613577 0.000000
vt 0.506383 -0.585687 0.000000
vt 0.531737 -0.585687 0.000000
vt 0.506383 -0.557802 0.000000
vt 0.531737 -0.557802 0.000000
vt 0.506383 -0.529907 0.000000
vt 0.531737 -0.529907 0.000000
vt 0.506383 -0.502017 0.000000
vt 0.531737 -0.502017 0.000000
vt 0.506383 -0.474128 0.000000
vt 0.531737 -0.474128 0.000000
vt 0.506383 -0.446238 0.000000
vt 0.531737 -0.446238 0.000000
vt 0.506383 -0.418355 0.000000
vt 0.531737 -0.418354 0.000000
vt 0.506383 -0.390458 0.000000
vt 0.531737 -0.390458 0.000000
vt 0.506383 -0.362568 0.000000
vt 0.531737 -0.362568 0.000000
vt 0.506383 -0.334678 0.000000
vt 0.531737 -0.334678 0.000000
vt 0.506383 -0.306788 0.000000
vt 0.531737 -0.306788 0.000000
vt 0.506383 -0.278894 0.000000
vt 0.531737 -0.278894 0.000000
vt 0.506383 -0.251009 0.000000
vt 0.531737 -0.251009 0.000000
vt 0.506383 -0.223119 0.000000
vt 0.531737 -0.223119 0.000000
vt 0.506383 -0.195229 0.000000
vt 0.531737 -0.195229 0.000000
vt 0.506383 -0.167339 0.000000
vt 0.531737 -0.167339 0.000000
vt 0.506383 -0.139468 0.000000
vt 0.531737 -0.139467 0.000000
vt 0.506383 -0.111559 0.000000
vt 0.531737 -0.111559 0.000000
vt 0.506383 -0.083670 0.000000
vt 0.531737 -0.083670 0.000000
vt 0.506383 -0.055780 0.000000
vt 0.531737 -0.055780 0.000000
vt 0.506383 -0.027890 0.000000
vt 0.531737 -0.027890 0.000000
vt 0.506383 -0.000001 0.000000
vt 0.531737 -0.000000 0.000000
vt 0.506383 0.027890 0.000000
vt 0.531737 0.027890 0.000000
vt 0.506383 0.055780 0.000000
vt 0.531737 0.055780 0.000000
vt 0.506383 0.083670 0.000000
vt 0.531737 0.083670 0.000000
vt 0.506383 0.111559 0.000000
vt 0.531737 0.111559 0.000000
vt 0.506383 0.139444 0.000000
vt 0.531737 0.139445 0.000000
vt 0.506383 0.167339 0.000000
vt 0.531737 0.167339 0.000000
vt 0.506383 0.195229 0.000000
vt 0.531737 0.195229 0.000000
vt 0.506383 0.223119 0.000000
vt 0.531737 0.223119 0.000000
vt 0.506383 0.251009 0.000000
vt 0.531737 0.251009 0.000000
vt 0.506383 0.278887 0.000000
vt 0.531737 0.278888 0.000000
vt 0.506383 0.306788 0.000000
vt 0.531737 0.306788 0.000000
vt 0.506383 0.334678 0.000000
vt 0.531737 0.334678 0.000000
vt 0.506383 0.362568 0.000000
vt 0.531737 0.362568 0.000000
vt 0.506383 0.390458 0.000000
vt 0.531737 0.390458 0.000000
vt 0.506383 0.418357 0.000000
vt 0.531737 0.418358 0.000000
vt 0.506383 0.446238 0.000000
vt 0.531737 0.446238 0.000000
vt 0.506383 0.474128 0.000000
vt 0.531737 0.474128 0.000000
vt 0.506383 0.502017 0.000000
vt 0.531737 0.502017 0.000000
vt 0.555638 -1.115594 0.000000
vt 0.557092 -1.087705 0.000000
vt 0.557092 -1.059815 0.000000
vt 0.557092 -1.031925 0.000000
vt 0.557092 -1.004035 0.000000
vt 0.557092 -0.976148 0.000000
vt 0.557092 -0.948255 0.000000
vt 0.557092 -0.920365 0.000000
vt 0.557092 -0.892475 0.000000
vt 0.557092 -0.864586 0.000000
vt 0.557092 -0.836697 0.000000
vt 0.557092 -0.808806 0.000000
vt 0.557092 -0.780916 0.000000
vt 0.557092 -0.753026 0.000000
vt 0.557092 -0.725136 0.000000
vt 0.557092 -0.697243 0.000000
vt 0.557092 -0.669357 0.000000
vt 0.557092 -0.641467 0.000000
vt 0.557092 -0.613577 0.000000
vt 0.557092 -0.585687 0.000000
vt 0.557092 -0.557802 0.000000
vt 0.557092 -0.529907 0.000000
vt 0.557092 -0.502017 0.000000
vt 0.557092 -0.474128 0.000000
vt 0.557092 -0.446238 0.000000
vt 0.557092 -0.418354 0.000000
vt 0.557092 -0.390458 0.000000
vt 0.557092 -0.362568 0.000000
vt 0.557092 -0.334678 0.000000
vt 0.557092 -0.306788 0.000000
vt 0.557092 -0.278893 0.000000
vt 0.557092 -0.251009 0.000000
vt 0.557092 -0.223119 0.000000
vt 0.557092 -0.195229 0.000000
vt 0.557092 -0.167339 0.000000
vt 0.557092 -0.139467 0.000000
vt 0.557092 -0.111559 0.000000
vt 0.557092 -0.083670 0.000000
vt 0.557092 -0.055780 0.000000
vt 0.557092 -0.027890 0.000000
vt 0.557092 0.000000 0.000000
vt 0.557092 0.027890 0.000000
vt 0.557092 0.055780 0.000000
vt 0.557092 0.083670 0.000000
vt 0.557092 0.111559 0.000000
vt 0.557092 0.139445 0.000000
vt 0.557092 0.167339 0.000000
vt 0.557092 0.195229 0.000000
vt 0.557092 0.223119 0.000000
vt 0.557092 0.251009 0.000000
vt 0.557092 0.278889 0.000000
vt 0.557092 0.306788 0.000000
vt 0.557092 0.334678 0.000000
vt 0.557092 0.362568 0.000000
vt 0.557092 0.390458 0.000000
vt 0.557092 0.418359 0.000000
vt 0.557092 0.446238 0.000000
vt 0.557092 0.474128 0.000000
vt 0.557092 0.502017 0.000000
vt 0.582446 -1.087705 0.000000
vt 0.598379 -1.115594 0.000000
vt 0.607800 -1.087705 0.000000
vt 0.641121 -1.115594 0.000000
vt 0.633154 -1.087705 0.000000
vt 0.658508 -1.087705 0.000000
vt 0.633154 -1.059815 0.000000
vt 0.658508 -1.059815 0.000000
vt 0.633154 -1.031925 0.000000
vt 0.658508 -1.031925 0.000000
vt 0.633154 -1.004035 0.000000
vt 0.658508 -1.004035 0.000000
vt 0.633154 -0.976147 0.000000
vt 0.658508 -0.976147 0.000000
vt 0.633154 -0.948255 0.000000
vt 0.658508 -0.948255 0.000000
vt 0.633154 -0.920365 0.000000
vt 0.658508 -0.920365 0.000000
vt 0.633154 -0.892475 0.000000
vt 0.658508 -0.892475 0.000000
vt 0.633154 -0.864586 0.000000
vt 0.658508 -0.864586 0.000000
vt 0.633154 -0.836696 0.000000
vt 0.658508 -0.836696 0.000000
vt 0.633154 -0.808806 0.000000
vt 0.658508 -0.808806 0.000000
vt 0.633154 -0.780916 0.000000
vt 0.658508 -0.780916 0.000000
vt 0.633154 -0.753026 0.000000
vt 0.658508 -0.753026 0.000000
vt 0.633154 -0.725136 0.000000
vt 0.658508 -0.725136 0.000000
vt 0.633154 -0.697242 0.000000
vt 0.658508 -0.697242 0.000000
vt 0.633154 -0.669357 0.000000
vt 0.658508 -0.669357 0.000000
vt 0.633154 -0.641467 0.000000
vt 0.658508 -0.641467 0.000000
vt 0.633154 -0.613577 0.000000
vt 0.658508 -0.613577 0.000000
vt 0.633154 -0.585687 0.000000
vt 0.658508 -0.585687 0.000000
vt 0.633154 -0.557801 0.000000
vt 0.658508 -0.557800 0.000000
vt 0.633154 -0.529907 0.000000
vt 0.658508 -0.529907 0.000000
vt 0.633154 -0.502017 0.000000
vt 0.658508 -0.502017 0.000000
vt 0.633154 -0.474128 0.000000
vt 0.658508 -0.474128 0.000000
vt 0.633154 -0.446238 0.000000
vt 0.658508 -0.446238 0.000000
vt 0.633154 -0.418353 0.000000
vt 0.658508 -0.418352 0.000000
vt 0.633154 -0.390458 0.000000
vt 0.658508 -0.390458 0.000000
vt 0.633154 -0.362568 0.000000
vt 0.658508 -0.362568 0.000000
vt 0.633154 -0.334678 0.000000
vt 0.658508 -0.334678 0.000000
vt 0.633154 -0.306788 0.000000
vt 0.658508 -0.306788 0.000000
vt 0.633154 -0.278892 0.000000
vt 0.658508 -0.278891 0.000000
vt 0.633154 -0.251009 0.000000
vt 0.658508 -0.251009 0.000000
vt 0.633154 -0.223119 0.000000
vt 0.658508 -0.223119 0.000000
vt 0.633154 -0.195229 0.000000
vt 0.658508 -0.195229 0.000000
vt 0.633154 -0.167339 0.000000
vt 0.658508 -0.167339 0.000000
vt 0.633154 -0.139465 0.000000
vt 0.658508 -0.139464 0.000000
vt 0.633154 -0.111559 0.000000
vt 0.658508 -0.111559 0.000000
vt 0.633154 -0.083670 0.000000
vt 0.658508 -0.083670 0.000000
vt 0.633154 -0.055780 0.000000
vt 0.658508 -0.055780 0.000000
vt 0.633154 -0.027890 0.000000
vt 0.658508 -0.027890 0.000000
vt 0.633154 0.000002 0.000000
vt 0.658508 0.000003 0.000000
vt 0.633154 0.027890 0.000000
vt 0.658508 0.027890 0.000000
vt 0.633154 0.055780 0.000000
vt 0.658508 0.055780 0.000000
vt 0.633154 0.083670 0.000000
vt 0.658508 0.083670 0.000000
vt 0.633154 0.111559 0.000000
vt 0.658508 0.111559 0.000000
vt 0.633154 0.139448 0.000000
vt 0.658508 0.139449 0.000000
vt 0.633154 0.167339 0.000000
vt 0.658508 0.167339 0.000000
vt 0.633154 0.195229 0.000000
vt 0.658508 0.195229 0.000000
vt 0.633154 0.223119 0.000000
vt 0.658508 0.223119 0.000000
vt 0.633154 0.251009 0.000000
vt 0.658508 0.251009 0.000000
vt 0.633154 0.278892 0.000000
vt 0.658508 0.278893 0.000000
vt 0.633154 0.306788 0.000000
vt 0.658508 0.306788 0.000000
vt 0.633154 0.334678 0.000000
vt 0.658508 0.334678 0.000000
vt 0.633154 0.362568 0.000000
vt 0.658508 0.362568 0.000000
vt 0.633154 0.390458 0.000000
vt 0.658508 0.390458 0.000000
vt 0.633154 0.418361 0.000000
vt 0.658508 0.418362 0.000000
vt 0.633154 0.446238 0.000000
vt 0.658508 0.446238 0.000000
vt 0.633154 0.474128 0.000000
vt 0.658508 0.474128 0.000000
vt 0.633154 0.502017 0.000000
vt 0.658508 0.502017 0.000000
vt 0.683862 -1.115594 0.000000
vt 0.683862 -1.080732 0.000000
vt 0.683862 -1.045870 0.000000
vt 0.683862 -1.011007 0.000000
vt 0.683862 -0.976147 0.000000
vt 0.683862 -0.941285 0.000000
vt 0.683862 -0.906419 0.000000
vt 0.683862 -0.871556 0.000000
vt 0.683862 -0.836696 0.000000
vt 0.683862 -0.801837 0.000000
vt 0.683862 -0.766975 0.000000
vt 0.683862 -0.732107 0.000000
vt 0.683862 -0.697242 0.000000
vt 0.683862 -0.662383 0.000000
vt 0.683862 -0.627524 0.000000
vt 0.683862 -0.592666 0.000000
vt 0.683862 -0.557800 0.000000
vt 0.683862 -0.522930 0.000000
vt 0.683862 -0.488067 0.000000
vt 0.683862 -0.453209 0.000000
vt 0.683862 -0.418352 0.000000
vt 0.683862 -0.383494 0.000000
vt 0.683862 -0.348627 0.000000
vt 0.683862 -0.313755 0.000000
vt 0.683862 -0.278891 0.000000
vt 0.683862 -0.244035 0.000000
vt 0.683862 -0.209178 0.000000
vt 0.683862 -0.174327 0.000000
vt 0.683862 -0.139464 0.000000
vt 0.683862 -0.104587 0.000000
vt 0.683862 -0.069710 0.000000
vt 0.683862 -0.034847 0.000000
vt 0.683862 0.000004 0.000000
vt 0.683862 0.034860 0.000000
vt 0.683862 0.069711 0.000000
vt 0.683862 0.104574 0.000000
vt 0.683862 0.139449 0.000000
vt 0.683862 0.174324 0.000000
vt 0.683862 0.209187 0.000000
vt 0.683862 0.244039 0.000000
vt 0.683862 0.278894 0.000000
vt 0.683862 0.313742 0.000000
vt 0.683862 0.348605 0.000000
vt 0.683862 0.383483 0.000000
vt 0.683862 0.418363 0.000000
vt 0.683862 0.453230 0.000000
vt 0.683862 0.488081 0.000000
vt 0.683862 0.522934 0.000000
vt 0.683862 0.732120 0.000000
vt 0.658508 0.753026 0.000000
vt 0.633154 0.780916 0.000000
vt 0.607800 0.808806 0.000000
vt 0.582446 0.836668 0.000000
vt 0.557092 0.864586 0.000000
vt 0.531737 0.892475 0.000000
vt 0.506383 0.920365 0.000000
vt 0.481029 0.948255 0.000000
vt 0.455675 0.976153 0.000000
vt 0.430321 1.004035 0.000000
vt 0.404967 1.031925 0.000000
vt 0.379613 1.059815 0.000000
vt 0.354259 1.087705 0.000000
vt 0.341931 1.115594 0.000000
vt 0.683862 0.766971 0.000000
vt 0.658508 0.780916 0.000000
vt 0.633154 0.808806 0.000000
vt 0.607800 0.836670 0.000000
vt 0.582446 0.864586 0.000000
vt 0.557092 0.892475 0.000000
vt 0.531737 0.920365 0.000000
vt 0.506383 0.948255 0.000000
vt 0.481029 0.976154 0.000000
vt 0.455675 1.004035 0.000000
vt 0.430321 1.031925 0.000000
vt 0.404967 1.059815 0.000000
vt 0.379613 1.087705 0.000000
vt 0.384672 1.115594 0.000000
vt 0.683862 0.801822 0.000000
vt 0.658508 0.808806 0.000000
vt 0.633154 0.836671 0.000000
vt 0.607800 0.864586 0.000000
vt 0.582446 0.892475 0.000000
vt 0.557092 0.920365 0.000000
vt 0.531737 0.948255 0.000000
vt 0.506383 0.976155 0.000000
vt 0.481029 1.004035 0.000000
vt 0.455675 1.031925 0.000000
vt 0.430321 1.059815 0.000000
vt 0.404967 1.087705 0.000000
vt 0.683862 0.836673 0.000000
vt 0.658508 0.836672 0.000000
vt 0.633154 0.864586 0.000000
vt 0.607800 0.892475 0.000000
vt 0.582446 0.920365 0.000000
vt 0.557092 0.948255 0.000000
vt 0.531737 0.976157 0.000000
vt 0.506383 1.004035 0.000000
vt 0.481029 1.031925 0.000000
vt 0.455675 1.059815 0.000000
vt 0.430321 1.087705 0.000000
vt 0.427414 1.115594 0.000000
vt 0.658508 0.864586 0.000000
vt 0.683862 0.871543 0.000000
vt 0.658508 0.892475 0.000000
vt 0.683862 0.906425 0.000000
vt 0.658508 0.920365 0.000000
vt 0.683862 0.941303 0.000000
vt 0.658508 0.948255 0.000000
vt 0.683862 0.976165 0.000000
vt 0.658508 0.976164 0.000000
vt 0.658508 1.004035 0.000000
vt 0.633154 1.004035 0.000000
vt 0.633154 1.031925 0.000000
vt 0.607800 1.031925 0.000000
vt 0.607800 1.059815 0.000000
vt 0.582446 1.059815 0.000000
vt 0.582446 1.087705 0.000000
vt 0.557092 1.087705 0.000000
vt 0.555638 1.115594 0.000000
vt 0.531737 1.087705 0.000000
vt 0.512897 1.115594 0.000000
vt 0.506383 1.087705 0.000000
vt 0.481029 1.087705 0.000000
vt 0.506383 1.059815 0.000000
vt 0.481029 1.059815 0.000000
vt 0.506383 1.031925 0.000000
vt 0.683862 1.011012 0.000000
vt 0.658508 1.031925 0.000000
vt 0.633154 1.059815 0.000000
vt 0.607800 1.087705 0.000000
vt 0.598379 1.115594 0.000000
vt 0.683862 1.045870 0.000000
vt 0.658508 1.059815 0.000000
vt 0.633154 1.087705 0.000000
vt 0.641121 1.115594 0.000000
vt 0.683862 1.080732 0.000000
vt 0.658508 1.087705 0.000000
vt 0.683862 1.115594 0.000000
vt 0.470155 1.115594 0.000000
vt 0.455675 1.087705 0.000000
vt 0.139098 1.087705 0.000000
vt 0.128224 1.115594 0.000000
vt 0.104324 1.087705 0.000000
vt 0.085483 1.115594 0.000000
vt 0.069549 1.087705 0.000000
vt 0.042741 1.115594 0.000000
vt 0.034775 1.087705 0.000000
vt 0.000000 1.115556 0.000000
vt 0.000000 1.080694 0.000000
vt 0.000000 1.115594 0.000000
vt 0.034775 1.059815 0.000000
vt 0.000000 1.045832 0.000000
vt 0.034775 1.031925 0.000000
vt 0.000000 1.010975 0.000000
vt 0.034775 1.004035 0.000000
vt 0.000003 0.976129 0.000000
vt 0.034775 0.976130 0.000000
vt 0.034775 0.948255 0.000000
vt 0.069549 0.948255 0.000000
vt 0.069549 0.920365 0.000000
vt 0.104324 0.920365 0.000000
vt 0.104324 0.892475 0.000000
vt 0.139098 0.892475 0.000000
vt 0.139098 0.864586 0.000000
vt 0.000005 0.941267 0.000000
vt 0.034775 0.920365 0.000000
vt 0.069549 0.892475 0.000000
vt 0.104324 0.864586 0.000000
vt 0.139098 0.836646 0.000000
vt 0.000007 0.906389 0.000000
vt 0.034775 0.892475 0.000000
vt 0.069549 0.864586 0.000000
vt 0.104324 0.836645 0.000000
vt 0.139098 0.808806 0.000000
vt 0.000006 0.871508 0.000000
vt 0.034775 0.864586 0.000000
vt 0.069549 0.836643 0.000000
vt 0.104324 0.808806 0.000000
vt 0.139098 0.780916 0.000000
vt 0.000004 0.836639 0.000000
vt 0.034775 0.836641 0.000000
vt 0.069549 0.808806 0.000000
vt 0.104324 0.780916 0.000000
vt 0.139098 0.753026 0.000000
vt 0.034775 0.808806 0.000000
vt 0.000001 0.801789 0.000000
vt 0.034775 0.780916 0.000000
vt 0.000000 0.766939 0.000000
vt 0.034775 0.753026 0.000000
vt 0.000001 0.732088 0.000000
vt 0.034775 0.725136 0.000000
vt 0.000004 0.697234 0.000000
vt 0.034775 0.697236 0.000000
vt 0.034775 0.669357 0.000000
vt 0.069549 0.669357 0.000000
vt 0.069549 0.641467 0.000000
vt 0.104324 0.641467 0.000000
vt 0.104324 0.613577 0.000000
vt 0.139098 0.613577 0.000000
vt 0.139098 0.585687 0.000000
vt 0.000006 0.662364 0.000000
vt 0.034775 0.641467 0.000000
vt 0.069549 0.613577 0.000000
vt 0.104324 0.585687 0.000000
vt 0.139098 0.557760 0.000000
vt 0.000006 0.627484 0.000000
vt 0.034775 0.613577 0.000000
vt 0.069549 0.585687 0.000000
vt 0.104324 0.557759 0.000000
vt 0.139098 0.529907 0.000000
vt 0.000004 0.592611 0.000000
vt 0.034775 0.585687 0.000000
vt 0.069549 0.557757 0.000000
vt 0.104324 0.529907 0.000000
vt 0.139098 0.502017 0.000000
vt 0.000002 0.557754 0.000000
vt 0.034775 0.557756 0.000000
vt 0.069549 0.529907 0.000000
vt 0.104324 0.502017 0.000000
vt 0.139098 0.474128 0.000000
vt 0.034775 0.529907 0.000000
vt 0.000000 0.522906 0.000000
vt 0.034775 0.502017 0.000000
vt 0.000001 0.488053 0.000000
vt 0.034775 0.474128 0.000000
vt 0.000003 0.453203 0.000000
vt 0.034775 0.446238 0.000000
vt 0.000005 0.418337 0.000000
vt 0.034775 0.418338 0.000000
vt 0.034775 0.390458 0.000000
vt 0.069549 0.390458 0.000000
vt 0.069549 0.362568 0.000000
vt 0.104324 0.362568 0.000000
vt 0.104324 0.334678 0.000000
vt 0.139098 0.334678 0.000000
vt 0.139098 0.306788 0.000000
vt 0.000006 0.383458 0.000000
vt 0.034775 0.362568 0.000000
vt 0.069549 0.334678 0.000000
vt 0.104324 0.306788 0.000000
vt 0.139098 0.278874 0.000000
vt 0.000005 0.348580 0.000000
vt 0.034775 0.334678 0.000000
vt 0.069549 0.306788 0.000000
vt 0.104324 0.278873 0.000000
vt 0.139098 0.251009 0.000000
vt 0.000003 0.313718 0.000000
vt 0.034775 0.306788 0.000000
vt 0.069549 0.278872 0.000000
vt 0.104324 0.251009 0.000000
vt 0.139098 0.223119 0.000000
vt 0.000000 0.278869 0.000000
vt 0.034775 0.278871 0.000000
vt 0.069549 0.251009 0.000000
vt 0.104324 0.223119 0.000000
vt 0.139098 0.195229 0.000000
vt 0.034775 0.251009 0.000000
vt 0.000000 0.244015 0.000000
vt 0.034775 0.223119 0.000000
vt 0.000002 0.209164 0.000000
vt 0.034775 0.195229 0.000000
vt 0.000004 0.174302 0.000000
vt 0.034775 0.167339 0.000000
vt 0.000005 0.139428 0.000000
vt 0.034775 0.139429 0.000000
vt 0.034775 0.111559 0.000000
vt 0.069549 0.111559 0.000000
vt 0.069549 0.083670 0.000000
vt 0.104324 0.083670 0.000000
vt 0.104324 0.055780 0.000000
vt 0.139098 0.055780 0.000000
vt 0.139098 0.027890 0.000000
vt 0.000004 0.104553 0.000000
vt 0.034775 0.083670 0.000000
vt 0.069549 0.055780 0.000000
vt 0.104324 0.027890 0.000000
vt 0.139098 -0.000011 0.000000
vt 0.000002 0.069691 0.000000
vt 0.034775 0.055780 0.000000
vt 0.069549 0.027890 0.000000
vt 0.104324 -0.000012 0.000000
vt 0.139098 -0.027890 0.000000
vt 0.000000 0.034840 0.000000
vt 0.034775 0.027890 0.000000
vt 0.069549 -0.000013 0.000000
vt 0.104324 -0.027890 0.000000
vt 0.139098 -0.055780 0.000000
vt 0.000000 -0.000015 0.000000
vt 0.034775 -0.000014 0.000000
vt 0.069549 -0.027890 0.000000
vt 0.104324 -0.055780 0.000000
vt 0.139098 -0.083670 0.000000
vt 0.034775 -0.027890 0.000000
vt 0.000002 -0.034865 0.000000
vt 0.034775 -0.055780 0.000000
vt 0.000004 -0.069728 0.000000
vt 0.034775 -0.083670 0.000000
vt 0.000005 -0.104604 0.000000
vt 0.034775 -0.111559 0.000000
vt 0.000004 -0.139480 0.000000
vt 0.034775 -0.139479 0.000000
vt 0.034775 -0.167339 0.000000
vt 0.069549 -0.167339 0.000000
vt 0.069549 -0.195229 0.000000
vt 0.104324 -0.195229 0.000000
vt 0.104324 -0.223119 0.000000
vt 0.139098 -0.223119 0.000000
vt 0.139098 -0.251009 0.000000
vt 0.000002 -0.174344 0.000000
vt 0.034775 -0.195229 0.000000
vt 0.069549 -0.223119 0.000000
vt 0.104324 -0.251009 0.000000
vt 0.139098 -0.278902 0.000000
vt 0.000000 -0.209194 0.000000
vt 0.034775 -0.223119 0.000000
vt 0.069549 -0.251009 0.000000
vt 0.104324 -0.278903 0.000000
vt 0.139098 -0.306788 0.000000
vt 0.000000 -0.244050 0.000000
vt 0.034775 -0.251009 0.000000
vt 0.069549 -0.278904 0.000000
vt 0.104324 -0.306788 0.000000
vt 0.139098 -0.334678 0.000000
vt 0.000001 -0.278905 0.000000
vt 0.034775 -0.278904 0.000000
vt 0.069549 -0.306788 0.000000
vt 0.104324 -0.334678 0.000000
vt 0.139098 -0.362568 0.000000
vt 0.034775 -0.306788 0.000000
vt 0.000003 -0.313769 0.000000
vt 0.034775 -0.334678 0.000000
vt 0.000003 -0.348640 0.000000
vt 0.034775 -0.362568 0.000000
vt 0.000002 -0.383507 0.000000
vt 0.034775 -0.390458 0.000000
vt 0.000000 -0.418364 0.000000
vt 0.034775 -0.418363 0.000000
vt 0.034775 -0.446238 0.000000
vt 0.069549 -0.446238 0.000000
vt 0.069549 -0.474128 0.000000
vt 0.104324 -0.474128 0.000000
vt 0.104324 -0.502017 0.000000
vt 0.139098 -0.502017 0.000000
vt 0.139098 -0.529907 0.000000
vt 0.000000 -0.453221 0.000000
vt 0.034775 -0.474128 0.000000
vt 0.069549 -0.502017 0.000000
vt 0.104324 -0.529907 0.000000
vt 0.139098 -0.557808 0.000000
vt 0.000001 -0.488077 0.000000
vt 0.034775 -0.502017 0.000000
vt 0.069549 -0.529907 0.000000
vt 0.104324 -0.557808 0.000000
vt 0.139098 -0.585687 0.000000
vt 0.000002 -0.522941 0.000000
vt 0.034775 -0.529907 0.000000
vt 0.069549 -0.557809 0.000000
vt 0.104324 -0.585687 0.000000
vt 0.139098 -0.613577 0.000000
vt 0.000002 -0.557810 0.000000
vt 0.034775 -0.557809 0.000000
vt 0.069549 -0.585687 0.000000
vt 0.104324 -0.613577 0.000000
vt 0.139098 -0.641467 0.000000
vt 0.034775 -0.585687 0.000000
vt 0.000001 -0.592675 0.000000
vt 0.034775 -0.613577 0.000000
vt 0.000000 -0.627532 0.000000
vt 0.034775 -0.641467 0.000000
vt 0.000000 -0.662391 0.000000
vt 0.034775 -0.669357 0.000000
vt 0.000001 -0.697249 0.000000
vt 0.034775 -0.697249 0.000000
vt 0.034775 -0.725136 0.000000
vt 0.069549 -0.725136 0.000000
vt 0.069549 -0.753026 0.000000
vt 0.104324 -0.753026 0.000000
vt 0.104324 -0.780916 0.000000
vt 0.139098 -0.780916 0.000000
vt 0.139098 -0.808806 0.000000
vt 0.000002 -0.732114 0.000000
vt 0.034775 -0.753026 0.000000
vt 0.069549 -0.780916 0.000000
vt 0.104324 -0.808806 0.000000
vt 0.139098 -0.836700 0.000000
vt 0.000002 -0.766981 0.000000
vt 0.034775 -0.780916 0.000000
vt 0.069549 -0.808806 0.000000
vt 0.104324 -0.836700 0.000000
vt 0.139098 -0.864586 0.000000
vt 0.000001 -0.801843 0.000000
vt 0.034775 -0.808806 0.000000
vt 0.069549 -0.836700 0.000000
vt 0.104324 -0.864586 0.000000
vt 0.139098 -0.892475 0.000000
vt 0.000000 -0.836701 0.000000
vt 0.034775 -0.836700 0.000000
vt 0.069549 -0.864586 0.000000
vt 0.104324 -0.892475 0.000000
vt 0.139098 -0.920365 0.000000
vt 0.034775 -0.864586 0.000000
vt 0.000000 -0.871560 0.000000
vt 0.034775 -0.892475 0.000000
vt 0.000001 -0.906422 0.000000
vt 0.034775 -0.920365 0.000000
vt 0.000001 -0.941288 0.000000
vt 0.034775 -0.948255 0.000000
vt 0.000000 -0.976150 0.000000
vt 0.034775 -0.976150 0.000000
vt 0.034775 -1.004035 0.000000
vt 0.069549 -1.004035 0.000000
vt 0.069549 -1.031925 0.000000
vt 0.104324 -1.031925 0.000000
vt 0.104324 -1.059815 0.000000
vt 0.139098 -1.059815 0.000000
vt 0.000000 -1.011009 0.000000
vt 0.034775 -1.031925 0.000000
vt 0.069549 -1.059815 0.000000
vt 0.000000 -1.045871 0.000000
vt 0.034775 -1.059815 0.000000
vt 0.607800 -1.059815 0.000000
vt 0.607800 -1.031925 0.000000
vt 0.607800 -1.004035 0.000000
vt 0.607800 -0.976148 0.000000
vt 0.607800 -0.948255 0.000000
vt 0.607800 -0.920365 0.000000
vt 0.607800 -0.892475 0.000000
vt 0.607800 -0.864586 0.000000
vt 0.607800 -0.836696 0.000000
vt 0.607800 -0.808806 0.000000
vt 0.607800 -0.780916 0.000000
vt 0.607800 -0.753026 0.000000
vt 0.607800 -0.725136 0.000000
vt 0.607800 -0.697242 0.000000
vt 0.607800 -0.669357 0.000000
vt 0.607800 -0.641467 0.000000
vt 0.607800 -0.613577 0.000000
vt 0.607800 -0.585687 0.000000
vt 0.607800 -0.557801 0.000000
vt 0.607800 -0.529907 0.000000
vt 0.607800 -0.502017 0.000000
vt 0.607800 -0.474128 0.000000
vt 0.607800 -0.446238 0.000000
vt 0.607800 -0.418353 0.000000
vt 0.607800 -0.390458 0.000000
vt 0.607800 -0.362568 0.000000
vt 0.607800 -0.334678 0.000000
vt 0.607800 -0.306788 0.000000
vt 0.607800 -0.278892 0.000000
vt 0.607800 -0.251009 0.000000
vt 0.607800 -0.223119 0.000000
vt 0.607800 -0.195229 0.000000
vt 0.607800 -0.167339 0.000000
vt 0.607800 -0.139465 0.000000
vt 0.607800 -0.111559 0.000000
vt 0.607800 -0.083670 0.000000
vt 0.607800 -0.055780 0.000000
vt 0.607800 -0.027890 0.000000
vt 0.607800 0.000002 0.000000
vt 0.607800 0.027890 0.000000
vt 0.607800 0.055780 0.000000
vt 0.607800 0.083670 0.000000
vt 0.607800 0.111559 0.000000
vt 0.607800 0.139447 0.000000
vt 0.607800 0.167339 0.000000
vt 0.607800 0.195229 0.000000
vt 0.607800 0.223119 0.000000
vt 0.607800 0.251009 0.000000
vt 0.607800 0.278891 0.000000
vt 0.607800 0.306788 0.000000
vt 0.607800 0.334678 0.000000
vt 0.607800 0.362568 0.000000
vt 0.607800 0.390458 0.000000
vt 0.607800 0.418360 0.000000
vt 0.607800 0.446238 0.000000
vt 0.607800 0.474128 0.000000
vt 0.607800 0.502017 0.000000
vt 0.582446 -1.059815 0.000000
vt 0.582446 -1.031925 0.000000
vt 0.582446 -1.004035 0.000000
vt 0.582446 -0.976148 0.000000
vt 0.582446 -0.948255 0.000000
vt 0.582446 -0.920365 0.000000
vt 0.582446 -0.892475 0.000000
vt 0.582446 -0.864586 0.000000
vt 0.582446 -0.836696 0.000000
vt 0.582446 -0.808806 0.000000
vt 0.582446 -0.780916 0.000000
vt 0.582446 -0.753026 0.000000
vt 0.582446 -0.725136 0.000000
vt 0.582446 -0.697243 0.000000
vt 0.582446 -0.669357 0.000000
vt 0.582446 -0.641467 0.000000
vt 0.582446 -0.613577 0.000000
vt 0.582446 -0.585687 0.000000
vt 0.582446 -0.557801 0.000000
vt 0.582446 -0.529907 0.000000
vt 0.582446 -0.502017 0.000000
vt 0.582446 -0.474128 0.000000
vt 0.582446 -0.446238 0.000000
vt 0.582446 -0.418353 0.000000
vt 0.582446 -0.390458 0.000000
vt 0.582446 -0.362568 0.000000
vt 0.582446 -0.334678 0.000000
vt 0.582446 -0.306788 0.000000
vt 0.582446 -0.278893 0.000000
vt 0.582446 -0.251009 0.000000
vt 0.582446 -0.223119 0.000000
vt 0.582446 -0.195229 0.000000
vt 0.582446 -0.167339 0.000000
vt 0.582446 -0.139466 0.000000
vt 0.582446 -0.111559 0.000000
vt 0.582446 -0.083670 0.000000
vt 0.582446 -0.055780 0.000000
vt 0.582446 -0.027890 0.000000
vt 0.582446 0.000001 0.000000
vt 0.582446 0.027890 0.000000
vt 0.582446 0.055780 0.000000
vt 0.582446 0.083670 0.000000
vt 0.582446 0.111559 0.000000
vt 0.582446 0.139446 0.000000
vt 0.582446 0.167339 0.000000
vt 0.582446 0.195229 0.000000
vt 0.582446 0.223119 0.000000
vt 0.582446 0.251009 0.000000
vt 0.582446 0.278890 0.000000
vt 0.582446 0.306788 0.000000
vt 0.582446 0.334678 0.000000
vt 0.582446 0.362568 0.000000
vt 0.582446 0.390458 0.000000
vt 0.582446 0.418359 0.000000
vt 0.582446 0.446238 0.000000
vt 0.582446 0.474128 0.000000
vt 0.582446 0.502017 0.000000
vt 0.481029 -1.059815 0.000000
vt 0.481029 -1.031925 0.000000
vt 0.481029 -1.004035 0.000000
vt 0.481029 -0.976148 0.000000
vt 0.481029 -0.948255 0.000000
vt 0.481029 -0.920365 0.000000
vt 0.481029 -0.892475 0.000000
vt 0.481029 -0.864586 0.000000
vt 0.481029 -0.836697 0.000000
vt 0.481029 -0.808806 0.000000
vt 0.481029 -0.780916 0.000000
vt 0.481029 -0.753026 0.000000
vt 0.481029 -0.725136 0.000000
vt 0.481029 -0.697244 0.000000
vt 0.481029 -0.669357 0.000000
vt 0.481029 -0.641467 0.000000
vt 0.481029 -0.613577 0.000000
vt 0.481029 -0.585687 0.000000
vt 0.481029 -0.557803 0.000000
vt 0.481029 -0.529907 0.000000
vt 0.481029 -0.502017 0.000000
vt 0.481029 -0.474128 0.000000
vt 0.481029 -0.446238 0.000000
vt 0.481029 -0.418355 0.000000
vt 0.481029 -0.390458 0.000000
vt 0.481029 -0.362568 0.000000
vt 0.481029 -0.334678 0.000000
vt 0.481029 -0.306788 0.000000
vt 0.481029 -0.278895 0.000000
vt 0.481029 -0.251009 0.000000
vt 0.481029 -0.223119 0.000000
vt 0.481029 -0.195229 0.000000
vt 0.481029 -0.167339 0.000000
vt 0.481029 -0.139469 0.000000
vt 0.481029 -0.111559 0.000000
vt 0.481029 -0.083670 0.000000
vt 0.481029 -0.055780 0.000000
vt 0.481029 -0.027890 0.000000
vt 0.481029 -0.000002 0.000000
vt 0.481029 0.027890 0.000000
vt 0.481029 0.055780 0.000000
vt 0.481029 0.083670 0.000000
vt 0.481029 0.111559 0.000000
vt 0.481029 0.139443 0.000000
vt 0.481029 0.167339 0.000000
vt 0.481029 0.195229 0.000000
vt 0.481029 0.223119 0.000000
vt 0.481029 0.251009 0.000000
vt 0.481029 0.278886 0.000000
vt 0.481029 0.306788 0.000000
vt 0.481029 0.334678 0.000000
vt 0.481029 0.362568 0.000000
vt 0.481029 0.390458 0.000000
vt 0.481029 0.418356 0.000000
vt 0.481029 0.446238 0.000000
vt 0.481029 0.474128 0.000000
vt 0.481029 0.502017 0.000000
vt 0.455675 -1.059815 0.000000
vt 0.455675 -1.031925 0.000000
vt 0.455675 -1.004035 0.000000
vt 0.455675 -0.976148 0.000000
vt 0.455675 -0.948255 0.000000
vt 0.455675 -0.920365 0.000000
vt 0.455675 -0.892475 0.000000
vt 0.455675 -0.864586 0.000000
vt 0.455675 -0.836697 0.000000
vt 0.455675 -0.808806 0.000000
vt 0.455675 -0.780916 0.000000
vt 0.455675 -0.753026 0.000000
vt 0.455675 -0.725136 0.000000
vt 0.455675 -0.697244 0.000000
vt 0.455675 -0.669357 0.000000
vt 0.455675 -0.641467 0.000000
vt 0.455675 -0.613577 0.000000
vt 0.455675 -0.585687 0.000000
vt 0.455675 -0.557803 0.000000
vt 0.455675 -0.529907 0.000000
vt 0.455675 -0.502017 0.000000
vt 0.455675 -0.474128 0.000000
vt 0.455675 -0.446238 0.000000
vt 0.455675 -0.418356 0.000000
vt 0.455675 -0.390458 0.000000
vt 0.455675 -0.362568 0.000000
vt 0.455675 -0.334678 0.000000
vt 0.455675 -0.306788 0.000000
vt 0.455675 -0.278895 0.000000
vt 0.455675 -0.251009 0.000000
vt 0.455675 -0.223119 0.000000
vt 0.455675 -0.195229 0.000000
vt 0.455675 -0.167339 0.000000
vt 0.455675 -0.139469 0.000000
vt 0.455675 -0.111559 0.000000
vt 0.455675 -0.083670 0.000000
vt 0.455675 -0.055780 0.000000
vt 0.455675 -0.027890 0.000000
vt 0.455675 -0.000003 0.000000
vt 0.455675 0.027890 0.000000
vt 0.455675 0.055780 0.000000
vt 0.455675 0.083670 0.000000
vt 0.455675 0.111559 0.000000
vt 0.455675 0.139442 0.000000
vt 0.455675 0.167339 0.000000
vt 0.455675 0.195229 0.000000
vt 0.455675 0.223119 0.000000
vt 0.455675 0.251009 0.000000
vt 0.455675 0.278886 0.000000
vt 0.455675 0.306788 0.000000
vt 0.455675 0.334678 0.000000
vt 0.455675 0.362568 0.000000
vt 0.455675 0.390458 0.000000
vt 0.455675 0.418355 0.000000
vt 0.455675 0.446238 0.000000
vt 0.455675 0.474128 0.000000
vt 0.455675 0.502017 0.000000
vt 0.354259 -1.059815 0.000000
vt 0.354259 -1.031925 0.000000
vt 0.354259 -1.004035 0.000000
vt 0.354259 -0.976148 0.000000
vt 0.354259 -0.948255 0.000000
vt 0.354259 -0.920365 0.000000
vt 0.354259 -0.892475 0.000000
vt 0.354259 -0.864586 0.000000
vt 0.354259 -0.836698 0.000000
vt 0.354259 -0.808806 0.000000
vt 0.354259 -0.780916 0.000000
vt 0.354259 -0.753026 0.000000
vt 0.354259 -0.725136 0.000000
vt 0.354259 -0.697245 0.000000
vt 0.354259 -0.669357 0.000000
vt 0.354259 -0.641467 0.000000
vt 0.354259 -0.613577 0.000000
vt 0.354259 -0.585687 0.000000
vt 0.354259 -0.557805 0.000000
vt 0.354259 -0.529907 0.000000
vt 0.354259 -0.502017 0.000000
vt 0.354259 -0.474128 0.000000
vt 0.354259 -0.446238 0.000000
vt 0.354259 -0.418357 0.000000
vt 0.354259 -0.390458 0.000000
vt 0.354259 -0.362568 0.000000
vt 0.354259 -0.334678 0.000000
vt 0.354259 -0.306788 0.000000
vt 0.354259 -0.278898 0.000000
vt 0.354259 -0.251009 0.000000
vt 0.354259 -0.223119 0.000000
vt 0.354259 -0.195229 0.000000
vt 0.354259 -0.167339 0.000000
vt 0.354259 -0.139472 0.000000
vt 0.354259 -0.111559 0.000000
vt 0.354259 -0.083670 0.000000
vt 0.354259 -0.055780 0.000000
vt 0.354259 -0.027890 0.000000
vt 0.354259 -0.000005 0.000000
vt 0.354259 0.027890 0.000000
vt 0.354259 0.055780 0.000000
vt 0.354259 0.083670 0.000000
vt 0.354259 0.111559 0.000000
vt 0.354259 0.139439 0.000000
vt 0.354259 0.167339 0.000000
vt 0.354259 0.195229 0.000000
vt 0.354259 0.223119 0.000000
vt 0.354259 0.251009 0.000000
vt 0.354259 0.278882 0.000000
vt 0.354259 0.306788 0.000000
vt 0.354259 0.334678 0.000000
vt 0.354259 0.362568 0.000000
vt 0.354259 0.390458 0.000000
vt 0.354259 0.418351 0.000000
vt 0.354259 0.446238 0.000000
vt 0.354259 0.474128 0.000000
vt 0.354259 0.502017 0.000000
vt 0.328905 -1.059815 0.000000
vt 0.328905 -1.031925 0.000000
vt 0.328905 -1.004035 0.000000
vt 0.328905 -0.976149 0.000000
vt 0.328905 -0.948255 0.000000
vt 0.328905 -0.920365 0.000000
vt 0.328905 -0.892475 0.000000
vt 0.328905 -0.864586 0.000000
vt 0.328905 -0.836698 0.000000
vt 0.328905 -0.808806 0.000000
vt 0.328905 -0.780916 0.000000
vt 0.328905 -0.753026 0.000000
vt 0.328905 -0.725136 0.000000
vt 0.328905 -0.697245 0.000000
vt 0.328905 -0.669357 0.000000
vt 0.328905 -0.641467 0.000000
vt 0.328905 -0.613577 0.000000
vt 0.328905 -0.585687 0.000000
vt 0.328905 -0.557805 0.000000
vt 0.328905 -0.529907 0.000000
vt 0.328905 -0.502017 0.000000
vt 0.328905 -0.474128 0.000000
vt 0.328905 -0.446238 0.000000
vt 0.328905 -0.418358 0.000000
vt 0.328905 -0.390458 0.000000
vt 0.328905 -0.362568 0.000000
vt 0.328905 -0.334678 0.000000
vt 0.328905 -0.306788 0.000000
vt 0.328905 -0.278898 0.000000
vt 0.328905 -0.251009 0.000000
vt 0.328905 -0.223119 0.000000
vt 0.328905 -0.195229 0.000000
vt 0.328905 -0.167339 0.000000
vt 0.328905 -0.139472 0.000000
vt 0.328905 -0.111559 0.000000
vt 0.328905 -0.083670 0.000000
vt 0.328905 -0.055780 0.000000
vt 0.328905 -0.027890 0.000000
vt 0.328905 -0.000006 0.000000
vt 0.328905 0.027890 0.000000
vt 0.328905 0.055780 0.000000
vt 0.328905 0.083670 0.000000
vt 0.328905 0.111559 0.000000
vt 0.328905 0.139438 0.000000
vt 0.328905 0.167339 0.000000
vt 0.328905 0.195229 0.000000
vt 0.328905 0.223119 0.000000
vt 0.328905 0.251009 0.000000
vt 0.328905 0.278881 0.000000
vt 0.328905 0.306788 0.000000
vt 0.328905 0.334678 0.000000
vt 0.328905 0.362568 0.000000
vt 0.328905 0.390458 0.000000
vt 0.328905 0.418350 0.000000
vt 0.328905 0.446238 0.000000
vt 0.328905 0.474128 0.000000
vt 0.328905 0.502017 0.000000
vt 0.139098 -1.031925 0.000000
vt 0.139098 -1.004035 0.000000
vt 0.139098 -0.976149 0.000000
vt 0.139098 -0.948255 0.000000
vt 0.104324 -1.004035 0.000000
vt 0.069549 -0.976149 0.000000
vt 0.104324 -0.976149 0.000000
vt 0.104324 -0.948255 0.000000
vt 0.104324 -0.920365 0.000000
vt 0.069549 -0.948255 0.000000
vt 0.069549 -0.920365 0.000000
vt 0.069549 -0.892475 0.000000
vt 0.139098 -0.753026 0.000000
vt 0.139098 -0.725136 0.000000
vt 0.139098 -0.697247 0.000000
vt 0.139098 -0.669357 0.000000
vt 0.104324 -0.725136 0.000000
vt 0.069549 -0.697248 0.000000
vt 0.104324 -0.697248 0.000000
vt 0.104324 -0.669357 0.000000
vt 0.104324 -0.641467 0.000000
vt 0.069549 -0.669357 0.000000
vt 0.069549 -0.641467 0.000000
vt 0.069549 -0.613577 0.000000
vt 0.139098 -0.474128 0.000000
vt 0.139098 -0.446238 0.000000
vt 0.139098 -0.418361 0.000000
vt 0.139098 -0.390458 0.000000
vt 0.104324 -0.446238 0.000000
vt 0.069549 -0.418362 0.000000
vt 0.104324 -0.418362 0.000000
vt 0.104324 -0.390458 0.000000
vt 0.104324 -0.362568 0.000000
vt 0.069549 -0.390458 0.000000
vt 0.069549 -0.362568 0.000000
vt 0.069549 -0.334678 0.000000
vt 0.139098 -0.195229 0.000000
vt 0.139098 -0.167339 0.000000
vt 0.139098 -0.139477 0.000000
vt 0.139098 -0.111559 0.000000
vt 0.104324 -0.167339 0.000000
vt 0.069549 -0.139479 0.000000
vt 0.104324 -0.139478 0.000000
vt 0.104324 -0.111559 0.000000
vt 0.104324 -0.083670 0.000000
vt 0.069549 -0.111559 0.000000
vt 0.069549 -0.083670 0.000000
vt 0.069549 -0.055780 0.000000
vt 0.139098 0.083670 0.000000
vt 0.139098 0.111559 0.000000
vt 0.139098 0.139432 0.000000
vt 0.139098 0.167339 0.000000
vt 0.104324 0.111559 0.000000
vt 0.069549 0.139430 0.000000
vt 0.104324 0.139431 0.000000
vt 0.104324 0.167339 0.000000
vt 0.104324 0.195229 0.000000
vt 0.069549 0.167339 0.000000
vt 0.069549 0.195229 0.000000
vt 0.069549 0.223119 0.000000
vt 0.139098 0.362568 0.000000
vt 0.139098 0.390458 0.000000
vt 0.139098 0.418342 0.000000
vt 0.139098 0.446238 0.000000
vt 0.104324 0.390458 0.000000
vt 0.069549 0.418340 0.000000
vt 0.104324 0.418341 0.000000
vt 0.104324 0.446238 0.000000
vt 0.104324 0.474128 0.000000
vt 0.069549 0.446238 0.000000
vt 0.069549 0.474128 0.000000
vt 0.069549 0.502017 0.000000
vt 0.633154 0.585687 0.000000
vt 0.633154 0.613577 0.000000
vt 0.633154 0.641467 0.000000
vt 0.633154 0.669357 0.000000
vt 0.633154 0.697263 0.000000
vt 0.607800 0.585687 0.000000
vt 0.607800 0.613577 0.000000
vt 0.607800 0.641467 0.000000
vt 0.607800 0.669357 0.000000
vt 0.607800 0.697262 0.000000
vt 0.607800 0.725136 0.000000
vt 0.582446 0.585687 0.000000
vt 0.582446 0.613577 0.000000
vt 0.582446 0.641467 0.000000
vt 0.582446 0.669357 0.000000
vt 0.582446 0.697261 0.000000
vt 0.582446 0.725136 0.000000
vt 0.582446 0.753026 0.000000
vt 0.557092 0.585687 0.000000
vt 0.557092 0.613577 0.000000
vt 0.557092 0.641467 0.000000
vt 0.557092 0.669357 0.000000
vt 0.557092 0.697260 0.000000
vt 0.557092 0.725136 0.000000
vt 0.557092 0.753026 0.000000
vt 0.557092 0.780916 0.000000
vt 0.531737 0.585687 0.000000
vt 0.531737 0.613577 0.000000
vt 0.531737 0.641467 0.000000
vt 0.531737 0.669357 0.000000
vt 0.531737 0.697259 0.000000
vt 0.531737 0.725136 0.000000
vt 0.531737 0.753026 0.000000
vt 0.531737 0.780916 0.000000
vt 0.531737 0.808806 0.000000
vt 0.506383 0.585687 0.000000
vt 0.506383 0.613577 0.000000
vt 0.506383 0.641467 0.000000
vt 0.506383 0.669357 0.000000
vt 0.506383 0.697258 0.000000
vt 0.506383 0.725136 0.000000
vt 0.506383 0.753026 0.000000
vt 0.506383 0.780916 0.000000
vt 0.506383 0.808806 0.000000
vt 0.506383 0.836665 0.000000
vt 0.481029 0.585687 0.000000
vt 0.481029 0.613577 0.000000
vt 0.481029 0.641467 0.000000
vt 0.481029 0.669357 0.000000
vt 0.481029 0.697256 0.000000
vt 0.481029 0.725136 0.000000
vt 0.481029 0.753026 0.000000
vt 0.481029 0.780916 0.000000
vt 0.481029 0.808806 0.000000
vt 0.481029 0.836663 0.000000
vt 0.481029 0.864586 0.000000
vt 0.455675 0.585687 0.000000
vt 0.455675 0.613577 0.000000
vt 0.455675 0.641467 0.000000
vt 0.455675 0.669357 0.000000
vt 0.455675 0.697255 0.000000
vt 0.455675 0.725136 0.000000
vt 0.455675 0.753026 0.000000
vt 0.455675 0.780916 0.000000
vt 0.455675 0.808806 0.000000
vt 0.455675 0.836662 0.000000
vt 0.455675 0.864586 0.000000
vt 0.455675 0.892475 0.000000
vt 0.430321 0.585687 0.000000
vt 0.430321 0.613577 0.000000
vt 0.430321 0.641467 0.000000
vt 0.430321 0.669357 0.000000
vt 0.430321 0.697254 0.000000
vt 0.430321 0.725136 0.000000
vt 0.430321 0.753026 0.000000
vt 0.430321 0.780916 0.000000
vt 0.430321 0.808806 0.000000
vt 0.430321 0.836661 0.000000
vt 0.430321 0.864586 0.000000
vt 0.430321 0.892475 0.000000
vt 0.430321 0.920365 0.000000
vt 0.404967 0.585687 0.000000
vt 0.404967 0.613577 0.000000
vt 0.404967 0.641467 0.000000
vt 0.404967 0.669357 0.000000
vt 0.404967 0.697253 0.000000
vt 0.404967 0.725136 0.000000
vt 0.404967 0.753026 0.000000
vt 0.404967 0.780916 0.000000
vt 0.404967 0.808806 0.000000
vt 0.404967 0.836660 0.000000
vt 0.404967 0.864586 0.000000
vt 0.404967 0.892475 0.000000
vt 0.404967 0.920365 0.000000
vt 0.404967 0.948255 0.000000
vt 0.379613 0.585687 0.000000
vt 0.379613 0.613577 0.000000
vt 0.379613 0.641467 0.000000
vt 0.379613 0.669357 0.000000
vt 0.379613 0.697252 0.000000
vt 0.379613 0.725136 0.000000
vt 0.379613 0.753026 0.000000
vt 0.379613 0.780916 0.000000
vt 0.379613 0.808806 0.000000
vt 0.379613 0.836658 0.000000
vt 0.379613 0.864586 0.000000
vt 0.379613 0.892475 0.000000
vt 0.379613 0.920365 0.000000
vt 0.379613 0.948255 0.000000
vt 0.379613 0.976149 0.000000
vt 0.354259 0.585687 0.000000
vt 0.354259 0.613577 0.000000
vt 0.354259 0.641467 0.000000
vt 0.354259 0.669357 0.000000
vt 0.354259 0.697251 0.000000
vt 0.354259 0.725136 0.000000
vt 0.354259 0.753026 0.000000
vt 0.354259 0.780916 0.000000
vt 0.354259 0.808806 0.000000
vt 0.354259 0.836657 0.000000
vt 0.354259 0.864586 0.000000
vt 0.354259 0.892475 0.000000
vt 0.354259 0.920365 0.000000
vt 0.354259 0.948255 0.000000
vt 0.354259 0.976147 0.000000
vt 0.354259 1.004035 0.000000
vt 0.328905 0.585687 0.000000
vt 0.328905 0.613577 0.000000
vt 0.328905 0.641467 0.000000
vt 0.328905 0.669357 0.000000
vt 0.328905 0.697249 0.000000
vt 0.328905 0.725136 0.000000
vt 0.328905 0.753026 0.000000
vt 0.328905 0.780916 0.000000
vt 0.328905 0.808806 0.000000
vt 0.328905 0.836656 0.000000
vt 0.328905 0.864586 0.000000
vt 0.328905 0.892475 0.000000
vt 0.328905 0.920365 0.000000
vt 0.328905 0.948255 0.000000
vt 0.328905 0.976146 0.000000
vt 0.328905 1.004035 0.000000
vt 0.328905 1.031925 0.000000
vt 0.303551 0.585687 0.000000
vt 0.303551 0.613577 0.000000
vt 0.303551 0.641467 0.000000
vt 0.303551 0.669357 0.000000
vt 0.303551 0.697248 0.000000
vt 0.303551 0.725136 0.000000
vt 0.303551 0.753026 0.000000
vt 0.303551 0.780916 0.000000
vt 0.303551 0.808806 0.000000
vt 0.303551 0.836654 0.000000
vt 0.303551 0.864586 0.000000
vt 0.303551 0.892475 0.000000
vt 0.303551 0.920365 0.000000
vt 0.303551 0.948255 0.000000
vt 0.303551 0.976145 0.000000
vt 0.303551 1.004035 0.000000
vt 0.303551 1.031925 0.000000
vt 0.303551 1.059815 0.000000
vt 0.278196 0.585687 0.000000
vt 0.278196 0.613577 0.000000
vt 0.278196 0.641467 0.000000
vt 0.278196 0.669357 0.000000
vt 0.278196 0.697247 0.000000
vt 0.278196 0.725136 0.000000
vt 0.278196 0.753026 0.000000
vt 0.278196 0.780916 0.000000
vt 0.278196 0.808806 0.000000
vt 0.278196 0.836653 0.000000
vt 0.278196 0.864586 0.000000
vt 0.278196 0.892475 0.000000
vt 0.278196 0.920365 0.000000
vt 0.278196 0.948255 0.000000
vt 0.278196 0.976143 0.000000
vt 0.278196 1.004035 0.000000
vt 0.278196 1.031925 0.000000
vt 0.278196 1.059815 0.000000
vt 0.243422 0.585687 0.000000
vt 0.243422 0.613577 0.000000
vt 0.243422 0.641467 0.000000
vt 0.243422 0.669357 0.000000
vt 0.243422 0.697245 0.000000
vt 0.243422 0.725136 0.000000
vt 0.243422 0.753026 0.000000
vt 0.243422 0.780916 0.000000
vt 0.243422 0.808806 0.000000
vt 0.243422 0.836651 0.000000
vt 0.243422 0.864586 0.000000
vt 0.243422 0.892475 0.000000
vt 0.243422 0.920365 0.000000
vt 0.243422 0.948255 0.000000
vt 0.243422 0.976141 0.000000
vt 0.243422 1.004035 0.000000
vt 0.243422 1.031925 0.000000
vt 0.243422 1.059815 0.000000
vt 0.139098 0.641467 0.000000
vt 0.139098 0.669357 0.000000
vt 0.139098 0.697241 0.000000
vt 0.139098 0.725136 0.000000
vt 0.104324 0.669357 0.000000
vt 0.069549 0.697237 0.000000
vt 0.104324 0.697239 0.000000
vt 0.104324 0.725136 0.000000
vt 0.104324 0.753026 0.000000
vt 0.069549 0.725136 0.000000
vt 0.069549 0.753026 0.000000
vt 0.069549 0.780916 0.000000
vt 0.633154 0.892475 0.000000
vt 0.607800 0.920365 0.000000
vt 0.582446 0.948255 0.000000
vt 0.557092 0.976158 0.000000
vt 0.531737 1.004035 0.000000
vt 0.633154 0.920365 0.000000
vt 0.607800 0.948255 0.000000
vt 0.582446 0.976159 0.000000
vt 0.557092 1.004035 0.000000
vt 0.531737 1.031925 0.000000
vt 0.139098 0.920365 0.000000
vt 0.139098 0.948255 0.000000
vt 0.139098 0.976136 0.000000
vt 0.139098 1.004035 0.000000
vt 0.139098 1.031925 0.000000
vt 0.139098 1.059815 0.000000
vt 0.633154 0.948255 0.000000
vt 0.607800 0.976161 0.000000
vt 0.582446 1.004035 0.000000
vt 0.557092 1.031925 0.000000
vt 0.531737 1.059815 0.000000
vt 0.104324 0.948255 0.000000
vt 0.069549 0.976132 0.000000
vt 0.633154 0.976162 0.000000
vt 0.607800 1.004035 0.000000
vt 0.582446 1.031925 0.000000
vt 0.557092 1.059815 0.000000
vt 0.104324 0.976134 0.000000
vt 0.104324 1.004035 0.000000
vt 0.104324 1.031925 0.000000
vt 0.104324 1.059815 0.000000
vt 0.069549 1.004035 0.000000
vt 0.069549 1.031925 0.000000
vt 0.069549 1.059815 0.000000
vt 0.000000 0.300000 0.000000
vt 0.000064 0.300000 0.000000
vt 0.000000 0.793779 0.000000
vt 0.039885 0.793779 0.000000
vt 0.000000 1.287557 0.000000
vt 0.039885 1.287557 0.000000
vt 0.000000 1.781336 0.000000
vt 0.039885 1.781336 0.000000
vt 0.000000 2.275115 0.000000
vt 0.039885 2.275115 0.000000
vt 0.000000 2.768894 0.000000
vt 0.039885 2.768894 0.000000
vt 0.000000 3.262672 0.000000
vt 0.039885 3.262672 0.000000
vt 0.000000 3.756451 0.000000
vt 0.039885 3.756451 0.000000
vt 0.000000 4.250230 0.000000
vt 0.039885 4.250230 0.000000
vt 0.000000 4.744008 0.000000
vt 0.039885 4.744008 0.000000
vt 0.000000 5.237787 0.000000
vt 0.039885 5.237787 0.000000
vt 0.000000 5.731566 0.000000
vt 0.000000 6.225345 0.000000
vt 0.039885 6.225345 0.000000
vt 0.000000 6.719123 0.000000
vt 0.000000 7.212902 0.000000
vt 0.039885 7.212902 0.000000
vt 0.000000 7.706681 0.000000
vt 0.000000 8.200459 0.000000
vt 0.039885 8.200459 0.000000
vt 0.000000 8.694238 0.000000
vt 0.000000 9.188017 0.000000
vt 0.039885 9.188017 0.000000
vt 0.000000 9.681796 0.000000
vt 0.000000 10.175574 0.000000
vt 0.039885 10.175574 0.000000
vt 0.000000 10.669353 0.000000
vt 0.000000 11.163132 0.000000
vt 0.039885 11.163132 0.000000
vt 0.000000 11.656910 0.000000
vt 0.000000 12.150689 0.000000
vt 0.039885 12.150689 0.000000
vt 0.000000 12.644468 0.000000
vt 0.000000 13.138247 0.000000
vt 0.039885 13.138247 0.000000
vt 0.000000 13.632025 0.000000
vt 0.000000 14.125804 0.000000
vt 0.039885 14.125804 0.000000
vt 0.000000 14.619583 0.000000
vt 0.000000 15.113361 0.000000
vt 0.039885 15.113361 0.000000
vt 0.000000 15.607140 0.000000
vt 0.028896 16.100922 0.000000
vt 0.000000 16.100919 0.000000
vt 0.057751 0.300000 0.000000
vt 0.079771 0.793779 0.000000
vt 0.079771 1.287557 0.000000
vt 0.079771 1.781336 0.000000
vt 0.079771 2.275115 0.000000
vt 0.079771 2.768894 0.000000
vt 0.079771 3.262672 0.000000
vt 0.079771 3.756451 0.000000
vt 0.079771 4.250230 0.000000
vt 0.079771 4.744008 0.000000
vt 0.079771 5.237787 0.000000
vt 0.079771 6.225345 0.000000
vt 0.079771 7.212902 0.000000
vt 0.079771 8.200459 0.000000
vt 0.079771 9.188017 0.000000
vt 0.079771 10.175574 0.000000
vt 0.079771 11.163132 0.000000
vt 0.079771 12.150689 0.000000
vt 0.079771 13.138247 0.000000
vt 0.079771 14.125804 0.000000
vt 0.079771 15.113361 0.000000
vt 0.057814 16.100925 0.000000
vt 0.115537 16.100931 0.000000
vt 0.119656 15.113361 0.000000
vt 0.159541 15.113361 0.000000
vt 0.159541 14.125804 0.000000
vt 0.214737 14.125804 0.000000
vt 0.214737 13.138247 0.000000
vt 0.269932 13.138247 0.000000
vt 0.269932 12.150689 0.000000
vt 0.325127 12.150689 0.000000
vt 0.325127 11.163132 0.000000
vt 0.380323 11.163132 0.000000
vt 0.380323 10.175574 0.000000
vt 0.435518 10.175574 0.000000
vt 0.435518 9.188017 0.000000
vt 0.490713 9.188017 0.000000
vt 0.490713 8.200459 0.000000
vt 0.545909 8.200459 0.000000
vt 0.545909 7.212902 0.000000
vt 0.601104 7.212902 0.000000
vt 0.601104 6.225345 0.000000
vt 0.656300 6.225345 0.000000
vt 0.656300 5.237787 0.000000
vt 0.711495 5.237787 0.000000
vt 0.711495 4.744008 0.000000
vt 0.766690 4.744008 0.000000
vt 0.766690 4.250230 0.000000
vt 0.821886 4.250230 0.000000
vt 0.821886 3.756451 0.000000
vt 0.877081 3.756451 0.000000
vt 0.877081 3.262672 0.000000
vt 0.932276 3.262672 0.000000
vt 0.932276 2.768894 0.000000
vt 0.987472 2.768894 0.000000
vt 0.987472 2.275115 0.000000
vt 1.042667 2.275115 0.000000
vt 1.042667 1.781336 0.000000
vt 1.097862 1.781336 0.000000
vt 1.097862 1.287557 0.000000
vt 1.153058 1.287557 0.000000
vt 1.153058 0.793779 0.000000
vt 1.208253 0.793779 0.000000
vt 1.153713 0.299999 0.000000
vt 1.211387 0.299998 0.000000
vt 0.115438 0.300000 0.000000
vt 0.119656 0.793779 0.000000
vt 0.119656 1.287557 0.000000
vt 0.119656 1.781336 0.000000
vt 0.119656 2.275115 0.000000
vt 0.119656 2.768894 0.000000
vt 0.119656 3.262672 0.000000
vt 0.119656 3.756451 0.000000
vt 0.119656 4.250230 0.000000
vt 0.119656 4.744008 0.000000
vt 0.119656 5.237787 0.000000
vt 0.119656 6.225345 0.000000
vt 0.119656 7.212902 0.000000
vt 0.119656 8.200459 0.000000
vt 0.119656 9.188017 0.000000
vt 0.119656 10.175574 0.000000
vt 0.119656 11.163132 0.000000
vt 0.119656 12.150689 0.000000
vt 0.119656 13.138247 0.000000
vt 0.119656 14.125804 0.000000
vt 0.159541 0.793779 0.000000
vt 0.173123 0.300000 0.000000
vt 0.214737 0.793779 0.000000
vt 0.230804 0.299999 0.000000
vt 0.269932 0.793779 0.000000
vt 0.288490 0.299999 0.000000
vt 0.325127 0.793779 0.000000
vt 0.346179 0.299999 0.000000
vt 0.380323 0.793779 0.000000
vt 0.403864 0.299999 0.000000
vt 0.435518 0.793779 0.000000
vt 0.461543 0.300000 0.000000
vt 0.490713 0.793779 0.000000
vt 0.519219 0.299999 0.000000
vt 0.545909 0.793779 0.000000
vt 0.576901 0.299998 0.000000
vt 0.601104 0.793779 0.000000
vt 0.634592 0.299998 0.000000
vt 0.656300 0.793779 0.000000
vt 0.692279 0.299999 0.000000
vt 0.711495 0.793779 0.000000
vt 0.749954 0.299999 0.000000
vt 0.766690 0.793779 0.000000
vt 0.807630 0.299999 0.000000
vt 0.821886 0.793779 0.000000
vt 0.865304 0.299999 0.000000
vt 0.877081 0.793779 0.000000
vt 0.922990 0.299998 0.000000
vt 0.932276 0.793779 0.000000
vt 0.980683 0.299998 0.000000
vt 0.987472 0.793779 0.000000
vt 1.038367 0.299999 0.000000
vt 1.042667 0.793779 0.000000
vt 1.096039 0.299999 0.000000
vt 1.097862 0.793779 0.000000
vt 1.263449 0.793779 0.000000
vt 1.269077 0.299998 0.000000
vt 1.318644 0.793779 0.000000
vt 1.326774 0.299998 0.000000
vt 1.373839 0.793779 0.000000
vt 1.384461 0.299999 0.000000
vt 1.429035 0.793779 0.000000
vt 1.442133 0.300000 0.000000
vt 1.484230 0.793779 0.000000
vt 1.499807 0.299999 0.000000
vt 1.539425 0.793779 0.000000
vt 1.557472 0.299998 0.000000
vt 1.594621 0.793779 0.000000
vt 1.615159 0.299997 0.000000
vt 1.649816 0.793779 0.000000
vt 1.672868 0.299997 0.000000
vt 1.705011 0.793779 0.000000
vt 1.730577 0.299997 0.000000
vt 1.760207 0.793779 0.000000
vt 1.788265 0.299998 0.000000
vt 1.815402 0.793779 0.000000
vt 1.845933 0.300000 0.000000
vt 1.870598 0.793779 0.000000
vt 1.903609 0.300000 0.000000
vt 1.925793 0.793779 0.000000
vt 1.961280 0.299999 0.000000
vt 1.980988 0.793779 0.000000
vt 2.018970 0.299998 0.000000
vt 2.036184 0.793779 0.000000
vt 2.076680 0.299997 0.000000
vt 2.091379 0.793779 0.000000
vt 2.134391 0.299998 0.000000
vt 2.146574 0.793779 0.000000
vt 2.192082 0.299999 0.000000
vt 2.201770 0.793779 0.000000
vt 2.249755 0.300000 0.000000
vt 2.256965 0.793779 0.000000
vt 2.307434 0.300000 0.000000
vt 2.312160 0.793779 0.000000
vt 2.365103 0.299999 0.000000
vt 2.367356 0.793779 0.000000
vt 2.422797 0.299997 0.000000
vt 2.422551 0.793779 0.000000
vt 2.477746 0.793779 0.000000
vt 2.422551 1.287557 0.000000
vt 2.477746 1.287557 0.000000
vt 2.422551 1.781336 0.000000
vt 2.477746 1.781336 0.000000
vt 2.422551 2.275115 0.000000
vt 2.477746 2.275115 0.000000
vt 2.422551 2.768894 0.000000
vt 2.477746 2.768894 0.000000
vt 2.422551 3.262672 0.000000
vt 2.477746 3.262672 0.000000
vt 2.422551 3.756451 0.000000
vt 2.477746 3.756451 0.000000
vt 2.422551 4.250230 0.000000
vt 2.477746 4.250230 0.000000
vt 2.422551 4.744008 0.000000
vt 2.477746 4.744008 0.000000
vt 2.422551 5.237787 0.000000
vt 2.477746 5.237787 0.000000
vt 2.422551 6.225345 0.000000
vt 2.477746 6.225345 0.000000
vt 2.422551 7.212902 0.000000
vt 2.477746 7.212902 0.000000
vt 2.422551 8.200459 0.000000
vt 2.477746 8.200459 0.000000
vt 2.422551 9.188017 0.000000
vt 2.477746 9.188017 0.000000
vt 2.422551 10.175574 0.000000
vt 2.477746 10.175574 0.000000
vt 2.422551 11.163132 0.000000
vt 2.477746 11.163132 0.000000
vt 2.422551 12.150689 0.000000
vt 2.477746 12.150689 0.000000
vt 2.422551 13.138247 0.000000
vt 2.477746 13.138247 0.000000
vt 2.422551 14.125804 0.000000
vt 2.477746 14.125804 0.000000
vt 2.422551 15.113361 0.000000
vt 2.477746 15.113361 0.000000
vt 2.422700 16.100869 0.000000
vt 2.480296 16.100866 0.000000
vt 2.532942 15.113361 0.000000
vt 2.537955 16.100863 0.000000
vt 2.588137 15.113361 0.000000
vt 2.595753 16.100861 0.000000
vt 2.643333 15.113361 0.000000
vt 2.653416 16.100860 0.000000
vt 2.698528 15.113361 0.000000
vt 2.711012 16.100859 0.000000
vt 2.753723 15.113361 0.000000
vt 2.768675 16.100859 0.000000
vt 2.808919 15.113361 0.000000
vt 2.826473 16.100859 0.000000
vt 2.864114 15.113361 0.000000
vt 2.884132 16.100860 0.000000
vt 2.919309 15.113361 0.000000
vt 2.941728 16.100861 0.000000
vt 2.974505 15.113361 0.000000
vt 2.999396 16.100863 0.000000
vt 3.029700 15.113361 0.000000
vt 3.057193 16.100866 0.000000
vt 3.084895 15.113361 0.000000
vt 3.114848 16.100869 0.000000
vt 3.140091 15.113361 0.000000
vt 3.172444 16.100872 0.000000
vt 3.195286 15.113361 0.000000
vt 3.230117 16.100876 0.000000
vt 3.250482 15.113361 0.000000
vt 3.287913 16.100881 0.000000
vt 3.305677 15.113361 0.000000
vt 3.345564 16.100885 0.000000
vt 3.360872 15.113361 0.000000
vt 3.403160 16.100890 0.000000
vt 3.416068 15.113361 0.000000
vt 3.460838 16.100896 0.000000
vt 3.471263 15.113361 0.000000
vt 3.489748 16.100898 0.000000
vt 3.526458 15.113361 0.000000
vt 3.518656 16.100901 0.000000
vt 3.576435 16.100907 0.000000
vt 3.581654 15.113361 0.000000
vt 3.605341 16.100910 0.000000
vt 3.636849 15.113361 0.000000
vt 3.634261 16.100913 0.000000
vt 3.692044 15.607140 0.000000
vt 3.692044 16.100919 0.000000
vt 2.480516 0.299997 0.000000
vt 2.532942 0.793779 0.000000
vt 2.532942 1.287557 0.000000
vt 2.532942 1.781336 0.000000
vt 2.532942 2.275115 0.000000
vt 2.532942 2.768894 0.000000
vt 2.532942 3.262672 0.000000
vt 2.532942 3.756451 0.000000
vt 2.532942 4.250230 0.000000
vt 2.532942 4.744008 0.000000
vt 2.532942 5.237787 0.000000
vt 2.532942 6.225345 0.000000
vt 2.532942 7.212902 0.000000
vt 2.532942 8.200459 0.000000
vt 2.532942 9.188017 0.000000
vt 2.532942 10.175574 0.000000
vt 2.532942 11.163132 0.000000
vt 2.532942 12.150689 0.000000
vt 2.532942 13.138247 0.000000
vt 2.532942 14.125804 0.000000
vt 2.538238 0.299997 0.000000
vt 2.588137 0.793779 0.000000
vt 2.588137 1.287557 0.000000
vt 2.588137 1.781336 0.000000
vt 2.588137 2.275115 0.000000
vt 2.588137 2.768894 0.000000
vt 2.588137 3.262672 0.000000
vt 2.588137 3.756451 0.000000
vt 2.588137 4.250230 0.000000
vt 2.588137 4.744008 0.000000
vt 2.588137 5.237787 0.000000
vt 2.588137 6.225345 0.000000
vt 2.588137 7.212902 0.000000
vt 2.588137 8.200459 0.000000
vt 2.588137 9.188017 0.000000
vt 2.588137 10.175574 0.000000
vt 2.588137 11.163132 0.000000
vt 2.588137 12.150689 0.000000
vt 2.588137 13.138247 0.000000
vt 2.588137 14.125804 0.000000
vt 2.595938 0.299999 0.000000
vt 2.643333 0.793779 0.000000
vt 2.643333 1.287557 0.000000
vt 2.643333 1.781336 0.000000
vt 2.643333 2.275115 0.000000
vt 2.643333 2.768894 0.000000
vt 2.643333 3.262672 0.000000
vt 2.643333 3.756451 0.000000
vt 2.643333 4.250230 0.000000
vt 2.643333 4.744008 0.000000
vt 2.643333 5.237787 0.000000
vt 2.643333 6.225345 0.000000
vt 2.643333 7.212902 0.000000
vt 2.643333 8.200459 0.000000
vt 2.643333 9.188017 0.000000
vt 2.643333 10.175574 0.000000
vt 2.643333 11.163132 0.000000
vt 2.643333 12.150689 0.000000
vt 2.643333 13.138247 0.000000
vt 2.643333 14.125804 0.000000
vt 2.653612 0.300000 0.000000
vt 2.698528 0.793779 0.000000
vt 2.698528 1.287557 0.000000
vt 2.698528 1.781336 0.000000
vt 2.698528 2.275115 0.000000
vt 2.698528 2.768894 0.000000
vt 2.698528 3.262672 0.000000
vt 2.698528 3.756451 0.000000
vt 2.698528 4.250230 0.000000
vt 2.698528 4.744008 0.000000
vt 2.698528 5.237787 0.000000
vt 2.698528 6.225345 0.000000
vt 2.698528 7.212902 0.000000
vt 2.698528 8.200459 0.000000
vt 2.698528 9.188017 0.000000
vt 2.698528 10.175574 0.000000
vt 2.698528 11.163132 0.000000
vt 2.698528 12.150689 0.000000
vt 2.698528 13.138247 0.000000
vt 2.698528 14.125804 0.000000
vt 2.711290 0.300001 0.000000
vt 2.753723 0.793779 0.000000
vt 2.753723 1.287557 0.000000
vt 2.753723 1.781336 0.000000
vt 2.753723 2.275115 0.000000
vt 2.753723 2.768894 0.000000
vt 2.753723 3.262672 0.000000
vt 2.753723 3.756451 0.000000
vt 2.753723 4.250230 0.000000
vt 2.753723 4.744008 0.000000
vt 2.753723 5.237787 0.000000
vt 2.753723 6.225345 0.000000
vt 2.753723 7.212902 0.000000
vt 2.753723 8.200459 0.000000
vt 2.753723 9.188017 0.000000
vt 2.753723 10.175574 0.000000
vt 2.753723 11.163132 0.000000
vt 2.753723 12.150689 0.000000
vt 2.753723 13.138247 0.000000
vt 2.753723 14.125804 0.000000
vt 2.768962 0.299999 0.000000
vt 2.808919 0.793779 0.000000
vt 2.808919 1.287557 0.000000
vt 2.808919 1.781336 0.000000
vt 2.808919 2.275115 0.000000
vt 2.808919 2.768894 0.000000
vt 2.808919 3.262672 0.000000
vt 2.808919 3.756451 0.000000
vt 2.808919 4.250230 0.000000
vt 2.808919 4.744008 0.000000
vt 2.808919 5.237787 0.000000
vt 2.808919 6.225345 0.000000
vt 2.808919 7.212902 0.000000
vt 2.808919 8.200459 0.000000
vt 2.808919 9.188017 0.000000
vt 2.808919 10.175574 0.000000
vt 2.808919 11.163132 0.000000
vt 2.808919 12.150689 0.000000
vt 2.808919 13.138247 0.000000
vt 2.808919 14.125804 0.000000
vt 2.826647 0.299998 0.000000
vt 2.864114 0.793779 0.000000
vt 2.864114 1.287557 0.000000
vt 2.864114 1.781336 0.000000
vt 2.864114 2.275115 0.000000
vt 2.864114 2.768894 0.000000
vt 2.864114 3.262672 0.000000
vt 2.864114 3.756451 0.000000
vt 2.864114 4.250230 0.000000
vt 2.864114 4.744008 0.000000
vt 2.864114 5.237787 0.000000
vt 2.864114 6.225345 0.000000
vt 2.864114 7.212902 0.000000
vt 2.864114 8.200459 0.000000
vt 2.864114 9.188017 0.000000
vt 2.864114 10.175574 0.000000
vt 2.864114 11.163132 0.000000
vt 2.864114 12.150689 0.000000
vt 2.864114 13.138247 0.000000
vt 2.864114 14.125804 0.000000
vt 2.884359 0.299997 0.000000
vt 2.919309 0.793779 0.000000
vt 2.919309 1.287557 0.000000
vt 2.919309 1.781336 0.000000
vt 2.919309 2.275115 0.000000
vt 2.919309 2.768894 0.000000
vt 2.919309 3.262672 0.000000
vt 2.919309 3.756451 0.000000
vt 2.919309 4.250230 0.000000
vt 2.919309 4.744008 0.000000
vt 2.919309 5.237787 0.000000
vt 2.919309 6.225345 0.000000
vt 2.919309 7.212902 0.000000
vt 2.919309 8.200459 0.000000
vt 2.919309 9.188017 0.000000
vt 2.919309 10.175574 0.000000
vt 2.919309 11.163132 0.000000
vt 2.919309 12.150689 0.000000
vt 2.919309 13.138247 0.000000
vt 2.919309 14.125804 0.000000
vt 2.942082 0.299997 0.000000
vt 2.974505 0.793779 0.000000
vt 2.974505 1.287557 0.000000
vt 2.974505 1.781336 0.000000
vt 2.974505 2.275115 0.000000
vt 2.974505 2.768894 0.000000
vt 2.974505 3.262672 0.000000
vt 2.974505 3.756451 0.000000
vt 2.974505 4.250230 0.000000
vt 2.974505 4.744008 0.000000
vt 2.974505 5.237787 0.000000
vt 2.974505 6.225345 0.000000
vt 2.974505 7.212902 0.000000
vt 2.974505 8.200459 0.000000
vt 2.974505 9.188017 0.000000
vt 2.974505 10.175574 0.000000
vt 2.974505 11.163132 0.000000
vt 2.974505 12.150689 0.000000
vt 2.974505 13.138247 0.000000
vt 2.974505 14.125804 0.000000
vt 2.999790 0.299998 0.000000
vt 3.029700 0.793779 0.000000
vt 3.029700 1.287557 0.000000
vt 3.029700 1.781336 0.000000
vt 3.029700 2.275115 0.000000
vt 3.029700 2.768894 0.000000
vt 3.029700 3.262672 0.000000
vt 3.029700 3.756451 0.000000
vt 3.029700 4.250230 0.000000
vt 3.029700 4.744008 0.000000
vt 3.029700 5.237787 0.000000
vt 3.029700 6.225345 0.000000
vt 3.029700 7.212902 0.000000
vt 3.029700 8.200459 0.000000
vt 3.029700 9.188017 0.000000
vt 3.029700 10.175574 0.000000
vt 3.029700 11.163132 0.000000
vt 3.029700 12.150689 0.000000
vt 3.029700 13.138247 0.000000
vt 3.029700 14.125804 0.000000
vt 3.057471 0.300000 0.000000
vt 3.084895 0.793779 0.000000
vt 3.084895 1.287557 0.000000
vt 3.084895 1.781336 0.000000
vt 3.084895 2.275115 0.000000
vt 3.084895 2.768894 0.000000
vt 3.084895 3.262672 0.000000
vt 3.084895 3.756451 0.000000
vt 3.084895 4.250230 0.000000
vt 3.084895 4.744008 0.000000
vt 3.084895 5.237787 0.000000
vt 3.084895 6.225345 0.000000
vt 3.084895 7.212902 0.000000
vt 3.084895 8.200459 0.000000
vt 3.084895 9.188017 0.000000
vt 3.084895 10.175574 0.000000
vt 3.084895 11.163132 0.000000
vt 3.084895 12.150689 0.000000
vt 3.084895 13.138247 0.000000
vt 3.084895 14.125804 0.000000
vt 3.115144 0.300000 0.000000
vt 3.140091 0.793779 0.000000
vt 3.140091 1.287557 0.000000
vt 3.140091 1.781336 0.000000
vt 3.140091 2.275115 0.000000
vt 3.140091 2.768894 0.000000
vt 3.140091 3.262672 0.000000
vt 3.140091 3.756451 0.000000
vt 3.140091 4.250230 0.000000
vt 3.140091 4.744008 0.000000
vt 3.140091 5.237787 0.000000
vt 3.140091 6.225345 0.000000
vt 3.140091 7.212902 0.000000
vt 3.140091 8.200459 0.000000
vt 3.140091 9.188017 0.000000
vt 3.140091 10.175574 0.000000
vt 3.140091 11.163132 0.000000
vt 3.140091 12.150689 0.000000
vt 3.140091 13.138247 0.000000
vt 3.140091 14.125804 0.000000
vt 3.172817 0.300000 0.000000
vt 3.195286 0.793779 0.000000
vt 3.195286 1.287557 0.000000
vt 3.195286 1.781336 0.000000
vt 3.195286 2.275115 0.000000
vt 3.195286 2.768894 0.000000
vt 3.195286 3.262672 0.000000
vt 3.195286 3.756451 0.000000
vt 3.195286 4.250230 0.000000
vt 3.195286 4.744008 0.000000
vt 3.195286 5.237787 0.000000
vt 3.195286 6.225345 0.000000
vt 3.195286 7.212902 0.000000
vt 3.195286 8.200459 0.000000
vt 3.195286 9.188017 0.000000
vt 3.195286 10.175574 0.000000
vt 3.195286 11.163132 0.000000
vt 3.195286 12.150689 0.000000
vt 3.195286 13.138247 0.000000
vt 3.195286 14.125804 0.000000
vt 3.230491 0.299998 0.000000
vt 3.250482 0.793779 0.000000
vt 3.250482 1.287557 0.000000
vt 3.250482 1.781336 0.000000
vt 3.250482 2.275115 0.000000
vt 3.250482 2.768894 0.000000
vt 3.250482 3.262672 0.000000
vt 3.250482 3.756451 0.000000
vt 3.250482 4.250230 0.000000
vt 3.250482 4.744008 0.000000
vt 3.250482 5.237787 0.000000
vt 3.250482 6.225345 0.000000
vt 3.250482 7.212902 0.000000
vt 3.250482 8.200459 0.000000
vt 3.250482 9.188017 0.000000
vt 3.250482 10.175574 0.000000
vt 3.250482 11.163132 0.000000
vt 3.250482 12.150689 0.000000
vt 3.250482 13.138247 0.000000
vt 3.250482 14.125804 0.000000
vt 3.288194 0.299997 0.000000
vt 3.305677 0.793779 0.000000
vt 3.305677 1.287557 0.000000
vt 3.305677 1.781336 0.000000
vt 3.305677 2.275115 0.000000
vt 3.305677 2.768894 0.000000
vt 3.305677 3.262672 0.000000
vt 3.305677 3.756451 0.000000
vt 3.305677 4.250230 0.000000
vt 3.305677 4.744008 0.000000
vt 3.305677 5.237787 0.000000
vt 3.305677 6.225345 0.000000
vt 3.305677 7.212902 0.000000
vt 3.305677 8.200459 0.000000
vt 3.305677 9.188017 0.000000
vt 3.305677 10.175574 0.000000
vt 3.305677 11.163132 0.000000
vt 3.305677 12.150689 0.000000
vt 3.305677 13.138247 0.000000
vt 3.305677 14.125804 0.000000
vt 3.345917 0.299996 0.000000
vt 3.360872 0.793779 0.000000
vt 3.360872 1.287557 0.000000
vt 3.360872 1.781336 0.000000
vt 3.360872 2.275115 0.000000
vt 3.360872 2.768894 0.000000
vt 3.360872 3.262672 0.000000
vt 3.360872 3.756451 0.000000
vt 3.360872 4.250230 0.000000
vt 3.360872 4.744008 0.000000
vt 3.360872 5.237787 0.000000
vt 3.360872 6.225345 0.000000
vt 3.360872 7.212902 0.000000
vt 3.360872 8.200459 0.000000
vt 3.360872 9.188017 0.000000
vt 3.360872 10.175574 0.000000
vt 3.360872 11.163132 0.000000
vt 3.360872 12.150689 0.000000
vt 3.360872 13.138247 0.000000
vt 3.360872 14.125804 0.000000
vt 3.403634 0.299997 0.000000
vt 3.416068 0.793779 0.000000
vt 3.416068 1.287557 0.000000
vt 3.416068 1.781336 0.000000
vt 3.416068 2.275115 0.000000
vt 3.416068 2.768894 0.000000
vt 3.416068 3.262672 0.000000
vt 3.416068 3.756451 0.000000
vt 3.416068 4.250230 0.000000
vt 3.416068 4.744008 0.000000
vt 3.416068 5.237787 0.000000
vt 3.416068 6.225345 0.000000
vt 3.416068 7.212902 0.000000
vt 3.416068 8.200459 0.000000
vt 3.416068 9.188017 0.000000
vt 3.416068 10.175574 0.000000
vt 3.416068 11.163132 0.000000
vt 3.416068 12.150689 0.000000
vt 3.416068 13.138247 0.000000
vt 3.416068 14.125804 0.000000
vt 3.461323 0.299998 0.000000
vt 3.471263 0.793779 0.000000
vt 3.471263 1.287557 0.000000
vt 3.471263 1.781336 0.000000
vt 3.471263 2.275115 0.000000
vt 3.471263 2.768894 0.000000
vt 3.471263 3.262672 0.000000
vt 3.471263 3.756451 0.000000
vt 3.471263 4.250230 0.000000
vt 3.471263 4.744008 0.000000
vt 3.471263 5.237787 0.000000
vt 3.471263 6.225345 0.000000
vt 3.471263 7.212902 0.000000
vt 3.471263 8.200459 0.000000
vt 3.471263 9.188017 0.000000
vt 3.471263 10.175574 0.000000
vt 3.471263 11.163132 0.000000
vt 3.471263 12.150689 0.000000
vt 3.471263 13.138247 0.000000
vt 3.471263 14.125804 0.000000
vt 3.518988 0.300000 0.000000
vt 3.526458 0.793779 0.000000
vt 3.526458 1.287557 0.000000
vt 3.526458 1.781336 0.000000
vt 3.526458 2.275115 0.000000
vt 3.526458 2.768894 0.000000
vt 3.526458 3.262672 0.000000
vt 3.526458 3.756451 0.000000
vt 3.526458 4.250230 0.000000
vt 3.526458 4.744008 0.000000
vt 3.526458 5.237787 0.000000
vt 3.526458 6.225345 0.000000
vt 3.526458 7.212902 0.000000
vt 3.526458 8.200459 0.000000
vt 3.526458 9.188017 0.000000
vt 3.526458 10.175574 0.000000
vt 3.526458 11.163132 0.000000
vt 3.526458 12.150689 0.000000
vt 3.526458 13.138247 0.000000
vt 3.526458 14.125804 0.000000
vt 3.576669 0.300000 0.000000
vt 3.581654 0.793779 0.000000
vt 3.581654 1.287557 0.000000
vt 3.581654 1.781336 0.000000
vt 3.581654 2.275115 0.000000
vt 3.581654 2.768894 0.000000
vt 3.581654 3.262672 0.000000
vt 3.581654 3.756451 0.000000
vt 3.581654 4.250230 0.000000
vt 3.581654 4.744008 0.000000
vt 3.581654 5.237787 0.000000
vt 3.581654 6.225345 0.000000
vt 3.581654 7.212902 0.000000
vt 3.581654 8.200459 0.000000
vt 3.581654 9.188017 0.000000
vt 3.581654 10.175574 0.000000
vt 3.581654 11.163132 0.000000
vt 3.581654 12.150689 0.000000
vt 3.581654 13.138247 0.000000
vt 3.581654 14.125804 0.000000
vt 3.634357 0.300000 0.000000
vt 3.636849 0.793779 0.000000
vt 3.636849 1.287557 0.000000
vt 3.636849 1.781336 0.000000
vt 3.636849 2.275115 0.000000
vt 3.636849 2.768894 0.000000
vt 3.636849 3.262672 0.000000
vt 3.636849 3.756451 0.000000
vt 3.636849 4.250230 0.000000
vt 3.636849 4.744008 0.000000
vt 3.636849 5.237787 0.000000
vt 3.636849 6.225345 0.000000
vt 3.636849 7.212902 0.000000
vt 3.636849 8.200459 0.000000
vt 3.636849 9.188017 0.000000
vt 3.636849 10.175574 0.000000
vt 3.636849 11.163132 0.000000
vt 3.636849 12.150689 0.000000
vt 3.636849 13.138247 0.000000
vt 3.636849 14.125804 0.000000
vt 3.692044 0.300000 0.000000
vt 3.692044 0.793779 0.000000
vt 3.692044 1.287557 0.000000
vt 3.692044 1.781336 0.000000
vt 3.692044 2.275115 0.000000
vt 3.692044 2.768894 0.000000
vt 3.692044 3.262672 0.000000
vt 3.692044 3.756451 0.000000
vt 3.692044 4.250230 0.000000
vt 3.692044 4.744008 0.000000
vt 3.692044 5.237787 0.000000
vt 3.692044 5.731566 0.000000
vt 3.692044 6.225345 0.000000
vt 3.692044 6.719123 0.000000
vt 3.692044 7.212902 0.000000
vt 3.692044 7.706681 0.000000
vt 3.692044 8.200459 0.000000
vt 3.692044 8.694238 0.000000
vt 3.692044 9.188017 0.000000
vt 3.692044 9.681796 0.000000
vt 3.692044 10.175574 0.000000
vt 3.692044 10.669353 0.000000
vt 3.692044 11.163132 0.000000
vt 3.692044 11.656910 0.000000
vt 3.692044 12.150689 0.000000
vt 3.692044 12.644468 0.000000
vt 3.692044 13.138247 0.000000
vt 3.692044 13.632025 0.000000
vt 3.692044 14.125804 0.000000
vt 3.692044 14.619583 0.000000
vt 3.692044 15.113361 0.000000
vt 2.367356 15.113361 0.000000
vt 2.365032 16.100872 0.000000
vt 2.312160 15.113361 0.000000
vt 2.307235 16.100876 0.000000
vt 2.256965 15.113361 0.000000
vt 2.249580 16.100881 0.000000
vt 2.201770 15.113361 0.000000
vt 2.191984 16.100885 0.000000
vt 2.146574 15.113361 0.000000
vt 2.134311 16.100890 0.000000
vt 2.091379 15.113361 0.000000
vt 2.076515 16.100896 0.000000
vt 2.036184 15.113361 0.000000
vt 2.018864 16.100901 0.000000
vt 1.980988 15.113361 0.000000
vt 1.961268 16.100907 0.000000
vt 1.925793 15.113361 0.000000
vt 1.903590 16.100913 0.000000
vt 1.870598 15.113361 0.000000
vt 1.845795 16.100919 0.000000
vt 1.815402 15.113361 0.000000
vt 1.788148 16.100925 0.000000
vt 1.760207 15.113361 0.000000
vt 1.730552 16.100931 0.000000
vt 1.705011 15.113361 0.000000
vt 1.672869 16.100936 0.000000
vt 1.649816 15.113361 0.000000
vt 1.615076 16.100942 0.000000
vt 1.594621 15.113361 0.000000
vt 1.557433 16.100947 0.000000
vt 1.539425 15.113361 0.000000
vt 1.499835 16.100952 0.000000
vt 1.484230 15.113361 0.000000
vt 1.442147 16.100957 0.000000
vt 1.429035 15.113361 0.000000
vt 1.384357 16.100961 0.000000
vt 1.373839 15.113361 0.000000
vt 1.326717 16.100965 0.000000
vt 1.318644 15.113361 0.000000
vt 1.269119 16.100969 0.000000
vt 1.263449 15.113361 0.000000
vt 1.211426 16.100972 0.000000
vt 1.208253 15.113361 0.000000
vt 1.153638 16.100974 0.000000
vt 1.153058 15.113361 0.000000
vt 1.097862 15.113361 0.000000
vt 1.153058 14.125804 0.000000
vt 1.097862 14.125804 0.000000
vt 1.153058 13.138247 0.000000
vt 1.097862 13.138247 0.000000
vt 1.153058 12.150689 0.000000
vt 1.097862 12.150689 0.000000
vt 1.153058 11.163132 0.000000
vt 1.097862 11.163132 0.000000
vt 1.153058 10.175574 0.000000
vt 1.097862 10.175574 0.000000
vt 1.153058 9.188017 0.000000
vt 1.097862 9.188017 0.000000
vt 1.153058 8.200459 0.000000
vt 1.097862 8.200459 0.000000
vt 1.153058 7.212902 0.000000
vt 1.097862 7.212902 0.000000
vt 1.153058 6.225345 0.000000
vt 1.097862 6.225345 0.000000
vt 1.153058 5.237787 0.000000
vt 1.097862 5.237787 0.000000
vt 1.153058 4.744008 0.000000
vt 1.097862 4.744008 0.000000
vt 1.153058 4.250230 0.000000
vt 1.097862 4.250230 0.000000
vt 1.153058 3.756451 0.000000
vt 1.097862 3.756451 0.000000
vt 1.153058 3.262672 0.000000
vt 1.097862 3.262672 0.000000
vt 1.153058 2.768894 0.000000
vt 1.097862 2.768894 0.000000
vt 1.153058 2.275115 0.000000
vt 1.097862 2.275115 0.000000
vt 1.153058 1.781336 0.000000
vt 1.096002 16.100976 0.000000
vt 1.042667 15.113361 0.000000
vt 1.042667 14.125804 0.000000
vt 1.042667 13.138247 0.000000
vt 1.042667 12.150689 0.000000
vt 1.042667 11.163132 0.000000
vt 1.042667 10.175574 0.000000
vt 1.042667 9.188017 0.000000
vt 1.042667 8.200459 0.000000
vt 1.042667 7.212902 0.000000
vt 1.042667 6.225345 0.000000
vt 1.042667 5.237787 0.000000
vt 1.042667 4.744008 0.000000
vt 1.042667 4.250230 0.000000
vt 1.042667 3.756451 0.000000
vt 1.042667 3.262672 0.000000
vt 1.042667 2.768894 0.000000
vt 1.038403 16.100978 0.000000
vt 0.987472 15.113361 0.000000
vt 0.987472 14.125804 0.000000
vt 0.987472 13.138247 0.000000
vt 0.987472 12.150689 0.000000
vt 0.987472 11.163132 0.000000
vt 0.987472 10.175574 0.000000
vt 0.987472 9.188017 0.000000
vt 0.987472 8.200459 0.000000
vt 0.987472 7.212902 0.000000
vt 0.987472 6.225345 0.000000
vt 0.987472 5.237787 0.000000
vt 0.987472 4.744008 0.000000
vt 0.987472 4.250230 0.000000
vt 0.987472 3.756451 0.000000
vt 0.987472 3.262672 0.000000
vt 0.980704 16.100979 0.000000
vt 0.932276 15.113361 0.000000
vt 0.932276 14.125804 0.000000
vt 0.932276 13.138247 0.000000
vt 0.932276 12.150689 0.000000
vt 0.932276 11.163132 0.000000
vt 0.932276 10.175574 0.000000
vt 0.932276 9.188017 0.000000
vt 0.932276 8.200459 0.000000
vt 0.932276 7.212902 0.000000
vt 0.932276 6.225345 0.000000
vt 0.932276 5.237787 0.000000
vt 0.932276 4.744008 0.000000
vt 0.932276 4.250230 0.000000
vt 0.932276 3.756451 0.000000
vt 0.922919 16.100979 0.000000
vt 0.877081 15.113361 0.000000
vt 0.877081 14.125804 0.000000
vt 0.877081 13.138247 0.000000
vt 0.877081 12.150689 0.000000
vt 0.877081 11.163132 0.000000
vt 0.877081 10.175574 0.000000
vt 0.877081 9.188017 0.000000
vt 0.877081 8.200459 0.000000
vt 0.877081 7.212902 0.000000
vt 0.877081 6.225345 0.000000
vt 0.877081 5.237787 0.000000
vt 0.877081 4.744008 0.000000
vt 0.877081 4.250230 0.000000
vt 0.865287 16.100979 0.000000
vt 0.821886 15.113361 0.000000
vt 0.821886 14.125804 0.000000
vt 0.821886 13.138247 0.000000
vt 0.821886 12.150689 0.000000
vt 0.821886 11.163132 0.000000
vt 0.821886 10.175574 0.000000
vt 0.821886 9.188017 0.000000
vt 0.821886 8.200459 0.000000
vt 0.821886 7.212902 0.000000
vt 0.821886 6.225345 0.000000
vt 0.821886 5.237787 0.000000
vt 0.821886 4.744008 0.000000
vt 0.807687 16.100978 0.000000
vt 0.766690 15.113361 0.000000
vt 0.766690 14.125804 0.000000
vt 0.766690 13.138247 0.000000
vt 0.766690 12.150689 0.000000
vt 0.766690 11.163132 0.000000
vt 0.766690 10.175574 0.000000
vt 0.766690 9.188017 0.000000
vt 0.766690 8.200459 0.000000
vt 0.766690 7.212902 0.000000
vt 0.766690 6.225345 0.000000
vt 0.766690 5.237787 0.000000
vt 0.749982 16.100976 0.000000
vt 0.711495 15.113361 0.000000
vt 0.711495 14.125804 0.000000
vt 0.711495 13.138247 0.000000
vt 0.711495 12.150689 0.000000
vt 0.711495 11.163132 0.000000
vt 0.711495 10.175574 0.000000
vt 0.711495 9.188017 0.000000
vt 0.711495 8.200459 0.000000
vt 0.711495 7.212902 0.000000
vt 0.711495 6.225345 0.000000
vt 0.692201 16.100974 0.000000
vt 0.656300 15.113361 0.000000
vt 0.656300 14.125804 0.000000
vt 0.656300 13.138247 0.000000
vt 0.656300 12.150689 0.000000
vt 0.656300 11.163132 0.000000
vt 0.656300 10.175574 0.000000
vt 0.656300 9.188017 0.000000
vt 0.656300 8.200459 0.000000
vt 0.656300 7.212902 0.000000
vt 0.634571 16.100972 0.000000
vt 0.601104 15.113361 0.000000
vt 0.601104 14.125804 0.000000
vt 0.601104 13.138247 0.000000
vt 0.601104 12.150689 0.000000
vt 0.601104 11.163132 0.000000
vt 0.601104 10.175574 0.000000
vt 0.601104 9.188017 0.000000
vt 0.601104 8.200459 0.000000
vt 0.576970 16.100969 0.000000
vt 0.545909 15.113361 0.000000
vt 0.545909 14.125804 0.000000
vt 0.545909 13.138247 0.000000
vt 0.545909 12.150689 0.000000
vt 0.545909 11.163132 0.000000
vt 0.545909 10.175574 0.000000
vt 0.545909 9.188017 0.000000
vt 0.519260 16.100965 0.000000
vt 0.490713 15.113361 0.000000
vt 0.490713 14.125804 0.000000
vt 0.490713 13.138247 0.000000
vt 0.490713 12.150689 0.000000
vt 0.490713 11.163132 0.000000
vt 0.490713 10.175574 0.000000
vt 0.461482 16.100961 0.000000
vt 0.435518 15.113361 0.000000
vt 0.435518 14.125804 0.000000
vt 0.435518 13.138247 0.000000
vt 0.435518 12.150689 0.000000
vt 0.435518 11.163132 0.000000
vt 0.403856 16.100957 0.000000
vt 0.380323 15.113361 0.000000
vt 0.380323 14.125804 0.000000
vt 0.380323 13.138247 0.000000
vt 0.380323 12.150689 0.000000
vt 0.346253 16.100952 0.000000
vt 0.325127 15.113361 0.000000
vt 0.325127 14.125804 0.000000
vt 0.325127 13.138247 0.000000
vt 0.288537 16.100947 0.000000
vt 0.269932 15.113361 0.000000
vt 0.269932 14.125804 0.000000
vt 0.230764 16.100942 0.000000
vt 0.214737 15.113361 0.000000
vt 0.173141 16.100936 0.000000
vt 2.367356 1.287557 0.000000
vt 2.367356 1.781336 0.000000
vt 2.367356 2.275115 0.000000
vt 2.367356 2.768894 0.000000
vt 2.367356 3.262672 0.000000
vt 2.367356 3.756451 0.000000
vt 2.367356 4.250230 0.000000
vt 2.367356 4.744008 0.000000
vt 2.367356 5.237787 0.000000
vt 2.367356 6.225345 0.000000
vt 2.367356 7.212902 0.000000
vt 2.367356 8.200459 0.000000
vt 2.367356 9.188017 0.000000
vt 2.367356 10.175574 0.000000
vt 2.367356 11.163132 0.000000
vt 2.367356 12.150689 0.000000
vt 2.367356 13.138247 0.000000
vt 2.367356 14.125804 0.000000
vt 2.312160 1.287557 0.000000
vt 2.312160 1.781336 0.000000
vt 2.312160 2.275115 0.000000
vt 2.312160 2.768894 0.000000
vt 2.312160 3.262672 0.000000
vt 2.312160 3.756451 0.000000
vt 2.312160 4.250230 0.000000
vt 2.312160 4.744008 0.000000
vt 2.312160 5.237787 0.000000
vt 2.312160 6.225345 0.000000
vt 2.312160 7.212902 0.000000
vt 2.312160 8.200459 0.000000
vt 2.312160 9.188017 0.000000
vt 2.312160 10.175574 0.000000
vt 2.312160 11.163132 0.000000
vt 2.312160 12.150689 0.000000
vt 2.312160 13.138247 0.000000
vt 2.312160 14.125804 0.000000
vt 2.256965 1.287557 0.000000
vt 2.256965 1.781336 0.000000
vt 2.256965 2.275115 0.000000
vt 2.256965 2.768894 0.000000
vt 2.256965 3.262672 0.000000
vt 2.256965 3.756451 0.000000
vt 2.256965 4.250230 0.000000
vt 2.256965 4.744008 0.000000
vt 2.256965 5.237787 0.000000
vt 2.256965 6.225345 0.000000
vt 2.256965 7.212902 0.000000
vt 2.256965 8.200459 0.000000
vt 2.256965 9.188017 0.000000
vt 2.256965 10.175574 0.000000
vt 2.256965 11.163132 0.000000
vt 2.256965 12.150689 0.000000
vt 2.256965 13.138247 0.000000
vt 2.256965 14.125804 0.000000
vt 2.201770 1.287557 0.000000
vt 2.201770 1.781336 0.000000
vt 2.201770 2.275115 0.000000
vt 2.201770 2.768894 0.000000
vt 2.201770 3.262672 0.000000
vt 2.201770 3.756451 0.000000
vt 2.201770 4.250230 0.000000
vt 2.201770 4.744008 0.000000
vt 2.201770 5.237787 0.000000
vt 2.201770 6.225345 0.000000
vt 2.201770 7.212902 0.000000
vt 2.201770 8.200459 0.000000
vt 2.201770 9.188017 0.000000
vt 2.201770 10.175574 0.000000
vt 2.201770 11.163132 0.000000
vt 2.201770 12.150689 0.000000
vt 2.201770 13.138247 0.000000
vt 2.201770 14.125804 0.000000
vt 2.146574 1.287557 0.000000
vt 2.146574 1.781336 0.000000
vt 2.146574 2.275115 0.000000
vt 2.146574 2.768894 0.000000
vt 2.146574 3.262672 0.000000
vt 2.146574 3.756451 0.000000
vt 2.146574 4.250230 0.000000
vt 2.146574 4.744008 0.000000
vt 2.146574 5.237787 0.000000
vt 2.146574 6.225345 0.000000
vt 2.146574 7.212902 0.000000
vt 2.146574 8.200459 0.000000
vt 2.146574 9.188017 0.000000
vt 2.146574 10.175574 0.000000
vt 2.146574 11.163132 0.000000
vt 2.146574 12.150689 0.000000
vt 2.146574 13.138247 0.000000
vt 2.146574 14.125804 0.000000
vt 2.091379 1.287557 0.000000
vt 2.091379 1.781336 0.000000
vt 2.091379 2.275115 0.000000
vt 2.091379 2.768894 0.000000
vt 2.091379 3.262672 0.000000
vt 2.091379 3.756451 0.000000
vt 2.091379 4.250230 0.000000
vt 2.091379 4.744008 0.000000
vt 2.091379 5.237787 0.000000
vt 2.091379 6.225345 0.000000
vt 2.091379 7.212902 0.000000
vt 2.091379 8.200459 0.000000
vt 2.091379 9.188017 0.000000
vt 2.091379 10.175574 0.000000
vt 2.091379 11.163132 0.000000
vt 2.091379 12.150689 0.000000
vt 2.091379 13.138247 0.000000
vt 2.091379 14.125804 0.000000
vt 2.036184 1.287557 0.000000
vt 2.036184 1.781336 0.000000
vt 2.036184 2.275115 0.000000
vt 2.036184 2.768894 0.000000
vt 2.036184 3.262672 0.000000
vt 2.036184 3.756451 0.000000
vt 2.036184 4.250230 0.000000
vt 2.036184 4.744008 0.000000
vt 2.036184 5.237787 0.000000
vt 2.036184 6.225345 0.000000
vt 2.036184 7.212902 0.000000
vt 2.036184 8.200459 0.000000
vt 2.036184 9.188017 0.000000
vt 2.036184 10.175574 0.000000
vt 2.036184 11.163132 0.000000
vt 2.036184 12.150689 0.000000
vt 2.036184 13.138247 0.000000
vt 2.036184 14.125804 0.000000
vt 1.980988 1.287557 0.000000
vt 1.980988 1.781336 0.000000
vt 1.980988 2.275115 0.000000
vt 1.980988 2.768894 0.000000
vt 1.980988 3.262672 0.000000
vt 1.980988 3.756451 0.000000
vt 1.980988 4.250230 0.000000
vt 1.980988 4.744008 0.000000
vt 1.980988 5.237787 0.000000
vt 1.980988 6.225345 0.000000
vt 1.980988 7.212902 0.000000
vt 1.980988 8.200459 0.000000
vt 1.980988 9.188017 0.000000
vt 1.980988 10.175574 0.000000
vt 1.980988 11.163132 0.000000
vt 1.980988 12.150689 0.000000
vt 1.980988 13.138247 0.000000
vt 1.980988 14.125804 0.000000
vt 1.925793 1.287557 0.000000
vt 1.925793 1.781336 0.000000
vt 1.925793 2.275115 0.000000
vt 1.925793 2.768894 0.000000
vt 1.925793 3.262672 0.000000
vt 1.925793 3.756451 0.000000
vt 1.925793 4.250230 0.000000
vt 1.925793 4.744008 0.000000
vt 1.925793 5.237787 0.000000
vt 1.925793 6.225345 0.000000
vt 1.925793 7.212902 0.000000
vt 1.925793 8.200459 0.000000
vt 1.925793 9.188017 0.000000
vt 1.925793 10.175574 0.000000
vt 1.925793 11.163132 0.000000
vt 1.925793 12.150689 0.000000
vt 1.925793 13.138247 0.000000
vt 1.925793 14.125804 0.000000
vt 1.870598 1.287557 0.000000
vt 1.870598 1.781336 0.000000
vt 1.870598 2.275115 0.000000
vt 1.870598 2.768894 0.000000
vt 1.870598 3.262672 0.000000
vt 1.870598 3.756451 0.000000
vt 1.870598 4.250230 0.000000
vt 1.870598 4.744008 0.000000
vt 1.870598 5.237787 0.000000
vt 1.870598 6.225345 0.000000
vt 1.870598 7.212902 0.000000
vt 1.870598 8.200459 0.000000
vt 1.870598 9.188017 0.000000
vt 1.870598 10.175574 0.000000
vt 1.870598 11.163132 0.000000
vt 1.870598 12.150689 0.000000
vt 1.870598 13.138247 0.000000
vt 1.870598 14.125804 0.000000
vt 1.815402 1.287557 0.000000
vt 1.815402 1.781336 0.000000
vt 1.815402 2.275115 0.000000
vt 1.815402 2.768894 0.000000
vt 1.815402 3.262672 0.000000
vt 1.815402 3.756451 0.000000
vt 1.815402 4.250230 0.000000
vt 1.815402 4.744008 0.000000
vt 1.815402 5.237787 0.000000
vt 1.815402 6.225345 0.000000
vt 1.815402 7.212902 0.000000
vt 1.815402 8.200459 0.000000
vt 1.815402 9.188017 0.000000
vt 1.815402 10.175574 0.000000
vt 1.815402 11.163132 0.000000
vt 1.815402 12.150689 0.000000
vt 1.815402 13.138247 0.000000
vt 1.815402 14.125804 0.000000
vt 1.760207 1.287557 0.000000
vt 1.760207 1.781336 0.000000
vt 1.760207 2.275115 0.000000
vt 1.760207 2.768894 0.000000
vt 1.760207 3.262672 0.000000
vt 1.760207 3.756451 0.000000
vt 1.760207 4.250230 0.000000
vt 1.760207 4.744008 0.000000
vt 1.760207 5.237787 0.000000
vt 1.760207 6.225345 0.000000
vt 1.760207 7.212902 0.000000
vt 1.760207 8.200459 0.000000
vt 1.760207 9.188017 0.000000
vt 1.760207 10.175574 0.000000
vt 1.760207 11.163132 0.000000
vt 1.760207 12.150689 0.000000
vt 1.760207 13.138247 0.000000
vt 1.760207 14.125804 0.000000
vt 1.705011 1.287557 0.000000
vt 1.705011 1.781336 0.000000
vt 1.705011 2.275115 0.000000
vt 1.705011 2.768894 0.000000
vt 1.705011 3.262672 0.000000
vt 1.705011 3.756451 0.000000
vt 1.705011 4.250230 0.000000
vt 1.705011 4.744008 0.000000
vt 1.705011 5.237787 0.000000
vt 1.705011 6.225345 0.000000
vt 1.705011 7.212902 0.000000
vt 1.705011 8.200459 0.000000
vt 1.705011 9.188017 0.000000
vt 1.705011 10.175574 0.000000
vt 1.705011 11.163132 0.000000
vt 1.705011 12.150689 0.000000
vt 1.705011 13.138247 0.000000
vt 1.705011 14.125804 0.000000
vt 1.649816 1.287557 0.000000
vt 1.649816 1.781336 0.000000
vt 1.649816 2.275115 0.000000
vt 1.649816 2.768894 0.000000
vt 1.649816 3.262672 0.000000
vt 1.649816 3.756451 0.000000
vt 1.649816 4.250230 0.000000
vt 1.649816 4.744008 0.000000
vt 1.649816 5.237787 0.000000
vt 1.649816 6.225345 0.000000
vt 1.649816 7.212902 0.000000
vt 1.649816 8.200459 0.000000
vt 1.649816 9.188017 0.000000
vt 1.649816 10.175574 0.000000
vt 1.649816 11.163132 0.000000
vt 1.649816 12.150689 0.000000
vt 1.649816 13.138247 0.000000
vt 1.649816 14.125804 0.000000
vt 1.594621 1.287557 0.000000
vt 1.594621 1.781336 0.000000
vt 1.594621 2.275115 0.000000
vt 1.594621 2.768894 0.000000
vt 1.594621 3.262672 0.000000
vt 1.594621 3.756451 0.000000
vt 1.594621 4.250230 0.000000
vt 1.594621 4.744008 0.000000
vt 1.594621 5.237787 0.000000
vt 1.594621 6.225345 0.000000
vt 1.594621 7.212902 0.000000
vt 1.594621 8.200459 0.000000
vt 1.594621 9.188017 0.000000
vt 1.594621 10.175574 0.000000
vt 1.594621 11.163132 0.000000
vt 1.594621 12.150689 0.000000
vt 1.594621 13.138247 0.000000
vt 1.594621 14.125804 0.000000
vt 1.539425 1.287557 0.000000
vt 1.539425 1.781336 0.000000
vt 1.539425 2.275115 0.000000
vt 1.539425 2.768894 0.000000
vt 1.539425 3.262672 0.000000
vt 1.539425 3.756451 0.000000
vt 1.539425 4.250230 0.000000
vt 1.539425 4.744008 0.000000
vt 1.539425 5.237787 0.000000
vt 1.539425 6.225345 0.000000
vt 1.539425 7.212902 0.000000
vt 1.539425 8.200459 0.000000
vt 1.539425 9.188017 0.000000
vt 1.539425 10.175574 0.000000
vt 1.539425 11.163132 0.000000
vt 1.539425 12.150689 0.000000
vt 1.539425 13.138247 0.000000
vt 1.539425 14.125804 0.000000
vt 1.484230 1.287557 0.000000
vt 1.484230 1.781336 0.000000
vt 1.484230 2.275115 0.000000
vt 1.484230 2.768894 0.000000
vt 1.484230 3.262672 0.000000
vt 1.484230 3.756451 0.000000
vt 1.484230 4.250230 0.000000
vt 1.484230 4.744008 0.000000
vt 1.484230 5.237787 0.000000
vt 1.484230 6.225345 0.000000
vt 1.484230 7.212902 0.000000
vt 1.484230 8.200459 0.000000
vt 1.484230 9.188017 0.000000
vt 1.484230 10.175574 0.000000
vt 1.484230 11.163132 0.000000
vt 1.484230 12.150689 0.000000
vt 1.484230 13.138247 0.000000
vt 1.484230 14.125804 0.000000
vt 1.429035 1.287557 0.000000
vt 1.429035 1.781336 0.000000
vt 1.429035 2.275115 0.000000
vt 1.429035 2.768894 0.000000
vt 1.429035 3.262672 0.000000
vt 1.429035 3.756451 0.000000
vt 1.429035 4.250230 0.000000
vt 1.429035 4.744008 0.000000
vt 1.429035 5.237787 0.000000
vt 1.429035 6.225345 0.000000
vt 1.429035 7.212902 0.000000
vt 1.429035 8.200459 0.000000
vt 1.429035 9.188017 0.000000
vt 1.429035 10.175574 0.000000
vt 1.429035 11.163132 0.000000
vt 1.429035 12.150689 0.000000
vt 1.429035 13.138247 0.000000
vt 1.429035 14.125804 0.000000
vt 1.373839 1.287557 0.000000
vt 1.373839 1.781336 0.000000
vt 1.373839 2.275115 0.000000
vt 1.373839 2.768894 0.000000
vt 1.373839 3.262672 0.000000
vt 1.373839 3.756451 0.000000
vt 1.373839 4.250230 0.000000
vt 1.373839 4.744008 0.000000
vt 1.373839 5.237787 0.000000
vt 1.373839 6.225345 0.000000
vt 1.373839 7.212902 0.000000
vt 1.373839 8.200459 0.000000
vt 1.373839 9.188017 0.000000
vt 1.373839 10.175574 0.000000
vt 1.373839 11.163132 0.000000
vt 1.373839 12.150689 0.000000
vt 1.373839 13.138247 0.000000
vt 1.373839 14.125804 0.000000
vt 1.318644 1.287557 0.000000
vt 1.318644 1.781336 0.000000
vt 1.318644 2.275115 0.000000
vt 1.318644 2.768894 0.000000
vt 1.318644 3.262672 0.000000
vt 1.318644 3.756451 0.000000
vt 1.318644 4.250230 0.000000
vt 1.318644 4.744008 0.000000
vt 1.318644 5.237787 0.000000
vt 1.318644 6.225345 0.000000
vt 1.318644 7.212902 0.000000
vt 1.318644 8.200459 0.000000
vt 1.318644 9.188017 0.000000
vt 1.318644 10.175574 0.000000
vt 1.318644 11.163132 0.000000
vt 1.318644 12.150689 0.000000
vt 1.318644 13.138247 0.000000
vt 1.318644 14.125804 0.000000
vt 1.263449 1.287557 0.000000
vt 1.263449 1.781336 0.000000
vt 1.263449 2.275115 0.000000
vt 1.263449 2.768894 0.000000
vt 1.263449 3.262672 0.000000
vt 1.263449 3.756451 0.000000
vt 1.263449 4.250230 0.000000
vt 1.263449 4.744008 0.000000
vt 1.263449 5.237787 0.000000
vt 1.263449 6.225345 0.000000
vt 1.263449 7.212902 0.000000
vt 1.263449 8.200459 0.000000
vt 1.263449 9.188017 0.000000
vt 1.263449 10.175574 0.000000
vt 1.263449 11.163132 0.000000
vt 1.263449 12.150689 0.000000
vt 1.263449 13.138247 0.000000
vt 1.263449 14.125804 0.000000
vt 1.208253 1.287557 0.000000
vt 1.208253 1.781336 0.000000
vt 1.208253 2.275115 0.000000
vt 1.208253 2.768894 0.000000
vt 1.208253 3.262672 0.000000
vt 1.208253 3.756451 0.000000
vt 1.208253 4.250230 0.000000
vt 1.208253 4.744008 0.000000
vt 1.208253 5.237787 0.000000
vt 1.208253 6.225345 0.000000
vt 1.208253 7.212902 0.000000
vt 1.208253 8.200459 0.000000
vt 1.208253 9.188017 0.000000
vt 1.208253 10.175574 0.000000
vt 1.208253 11.163132 0.000000
vt 1.208253 12.150689 0.000000
vt 1.208253 13.138247 0.000000
vt 1.208253 14.125804 0.000000
vt 1.042667 1.287557 0.000000
vt 0.987472 1.287557 0.000000
vt 0.932276 1.287557 0.000000
vt 0.877081 1.287557 0.000000
vt 0.821886 1.287557 0.000000
vt 0.766690 1.287557 0.000000
vt 0.711495 1.287557 0.000000
vt 0.656300 1.287557 0.000000
vt 0.601104 1.287557 0.000000
vt 0.545909 1.287557 0.000000
vt 0.490713 1.287557 0.000000
vt 0.435518 1.287557 0.000000
vt 0.380323 1.287557 0.000000
vt 0.325127 1.287557 0.000000
vt 0.269932 1.287557 0.000000
vt 0.214737 1.287557 0.000000
vt 0.159541 1.287557 0.000000
vt 0.987472 1.781336 0.000000
vt 0.932276 1.781336 0.000000
vt 0.877081 1.781336 0.000000
vt 0.821886 1.781336 0.000000
vt 0.766690 1.781336 0.000000
vt 0.711495 1.781336 0.000000
vt 0.656300 1.781336 0.000000
vt 0.601104 1.781336 0.000000
vt 0.545909 1.781336 0.000000
vt 0.490713 1.781336 0.000000
vt 0.435518 1.781336 0.000000
vt 0.380323 1.781336 0.000000
vt 0.325127 1.781336 0.000000
vt 0.269932 1.781336 0.000000
vt 0.214737 1.781336 0.000000
vt 0.159541 1.781336 0.000000
vt 0.932276 2.275115 0.000000
vt 0.877081 2.275115 0.000000
vt 0.821886 2.275115 0.000000
vt 0.766690 2.275115 0.000000
vt 0.711495 2.275115 0.000000
vt 0.656300 2.275115 0.000000
vt 0.601104 2.275115 0.000000
vt 0.545909 2.275115 0.000000
vt 0.490713 2.275115 0.000000
vt 0.435518 2.275115 0.000000
vt 0.380323 2.275115 0.000000
vt 0.325127 2.275115 0.000000
vt 0.269932 2.275115 0.000000
vt 0.214737 2.275115 0.000000
vt 0.159541 2.275115 0.000000
vt 0.877081 2.768894 0.000000
vt 0.821886 2.768894 0.000000
vt 0.766690 2.768894 0.000000
vt 0.711495 2.768894 0.000000
vt 0.656300 2.768894 0.000000
vt 0.601104 2.768894 0.000000
vt 0.545909 2.768894 0.000000
vt 0.490713 2.768894 0.000000
vt 0.435518 2.768894 0.000000
vt 0.380323 2.768894 0.000000
vt 0.325127 2.768894 0.000000
vt 0.269932 2.768894 0.000000
vt 0.214737 2.768894 0.000000
vt 0.159541 2.768894 0.000000
vt 0.821886 3.262672 0.000000
vt 0.766690 3.262672 0.000000
vt 0.711495 3.262672 0.000000
vt 0.656300 3.262672 0.000000
vt 0.601104 3.262672 0.000000
vt 0.545909 3.262672 0.000000
vt 0.490713 3.262672 0.000000
vt 0.435518 3.262672 0.000000
vt 0.380323 3.262672 0.000000
vt 0.325127 3.262672 0.000000
vt 0.269932 3.262672 0.000000
vt 0.214737 3.262672 0.000000
vt 0.159541 3.262672 0.000000
vt 0.766690 3.756451 0.000000
vt 0.711495 3.756451 0.000000
vt 0.656300 3.756451 0.000000
vt 0.601104 3.756451 0.000000
vt 0.545909 3.756451 0.000000
vt 0.490713 3.756451 0.000000
vt 0.435518 3.756451 0.000000
vt 0.380323 3.756451 0.000000
vt 0.325127 3.756451 0.000000
vt 0.269932 3.756451 0.000000
vt 0.214737 3.756451 0.000000
vt 0.159541 3.756451 0.000000
vt 0.711495 4.250230 0.000000
vt 0.656300 4.250230 0.000000
vt 0.601104 4.250230 0.000000
vt 0.545909 4.250230 0.000000
vt 0.490713 4.250230 0.000000
vt 0.435518 4.250230 0.000000
vt 0.380323 4.250230 0.000000
vt 0.325127 4.250230 0.000000
vt 0.269932 4.250230 0.000000
vt 0.214737 4.250230 0.000000
vt 0.159541 4.250230 0.000000
vt 0.656300 4.744008 0.000000
vt 0.601104 4.744008 0.000000
vt 0.545909 4.744008 0.000000
vt 0.490713 4.744008 0.000000
vt 0.435518 4.744008 0.000000
vt 0.380323 4.744008 0.000000
vt 0.325127 4.744008 0.000000
vt 0.269932 4.744008 0.000000
vt 0.214737 4.744008 0.000000
vt 0.159541 4.744008 0.000000
vt 0.601104 5.237787 0.000000
vt 0.545909 5.237787 0.000000
vt 0.490713 5.237787 0.000000
vt 0.435518 5.237787 0.000000
vt 0.380323 5.237787 0.000000
vt 0.325127 5.237787 0.000000
vt 0.269932 5.237787 0.000000
vt 0.214737 5.237787 0.000000
vt 0.159541 5.237787 0.000000
vt 0.545909 6.225345 0.000000
vt 0.490713 6.225345 0.000000
vt 0.435518 6.225345 0.000000
vt 0.380323 6.225345 0.000000
vt 0.325127 6.225345 0.000000
vt 0.269932 6.225345 0.000000
vt 0.214737 6.225345 0.000000
vt 0.159541 6.225345 0.000000
vt 0.490713 7.212902 0.000000
vt 0.435518 7.212902 0.000000
vt 0.380323 7.212902 0.000000
vt 0.325127 7.212902 0.000000
vt 0.269932 7.212902 0.000000
vt 0.214737 7.212902 0.000000
vt 0.159541 7.212902 0.000000
vt 0.435518 8.200459 0.000000
vt 0.380323 8.200459 0.000000
vt 0.325127 8.200459 0.000000
vt 0.269932 8.200459 0.000000
vt 0.214737 8.200459 0.000000
vt 0.159541 8.200459 0.000000
vt 0.380323 9.188017 0.000000
vt 0.325127 9.188017 0.000000
vt 0.269932 9.188017 0.000000
vt 0.214737 9.188017 0.000000
vt 0.159541 9.188017 0.000000
vt 0.325127 10.175574 0.000000
vt 0.269932 10.175574 0.000000
vt 0.214737 10.175574 0.000000
vt 0.159541 10.175574 0.000000
vt 0.269932 11.163132 0.000000
vt 0.214737 11.163132 0.000000
vt 0.159541 11.163132 0.000000
vt 0.214737 12.150689 0.000000
vt 0.159541 12.150689 0.000000
vt 0.159541 13.138247 0.000000
vt -0.000000 -0.001000 0.000000
vt 0.000098 -0.000995 0.000000
vt -0.000098 -0.000995 0.000000
vt 0.000195 -0.000981 0.000000
vt 0.000290 -0.000957 0.000000
vt 0.000383 -0.000924 0.000000
vt 0.000471 -0.000881 0.000000
vt -0.000195 -0.000981 0.000000
vt -0.000290 -0.000957 0.000000
vt -0.000383 -0.000924 0.000000
vt -0.000471 -0.000882 0.000000
vt 0.000555 -0.000831 0.000000
vt -0.000556 -0.000831 0.000000
vt -0.000634 -0.000773 0.000000
vt -0.000707 -0.000707 0.000000
vt -0.000773 -0.000634 0.000000
vt 0.000634 -0.000772 0.000000
vt 0.000707 -0.000707 0.000000
vt 0.000773 -0.000634 0.000000
vt 0.000831 -0.000556 0.000000
vt 0.000882 -0.000471 0.000000
vt 0.000923 -0.000383 0.000000
vt 0.000956 -0.000290 0.000000
vt -0.000831 -0.000555 0.000000
vt -0.000882 -0.000471 0.000000
vt -0.000924 -0.000383 0.000000
vt -0.000957 -0.000290 0.000000
vt -0.000981 -0.000195 0.000000
vt -0.000995 -0.000098 0.000000
vt -0.001000 -0.000000 0.000000
vt -0.000995 0.000098 0.000000
vt 0.000980 -0.000195 0.000000
vt 0.000995 -0.000098 0.000000
vt 0.001000 0.000000 0.000000
vt 0.000995 0.000098 0.000000
vt 0.000981 0.000195 0.000000
vt 0.000957 0.000290 0.000000
vt 0.000923 0.000382 0.000000
vt -0.000981 0.000195 0.000000
vt -0.000957 0.000290 0.000000
vt -0.000924 0.000383 0.000000
vt -0.000882 0.000471 0.000000
vt -0.000831 0.000555 0.000000
vt 0.000881 0.000471 0.000000
vt -0.000773 0.000634 0.000000
vt 0.000831 0.000555 0.000000
vt -0.000707 0.000707 0.000000
vt 0.000773 0.000634 0.000000
vt 0.000707 0.000707 0.000000
vt 0.000634 0.000773 0.000000
vt 0.000555 0.000831 0.000000
vt 0.000471 0.000882 0.000000
vt 0.000382 0.000923 0.000000
vt -0.000290 0.000956 0.000000
vt -0.000383 0.000923 0.000000
vt -0.000471 0.000882 0.000000
vt -0.000195 0.000980 0.000000
vt 0.000290 0.000957 0.000000
vt -0.000098 0.000995 0.000000
vt 0.000195 0.000981 0.000000
vt 0.000000 0.001000 0.000000
vt 0.000098 0.000995 0.000000
vt -0.000556 0.000831 0.000000
vt -0.000634 0.000773 0.000000
vt -0.001824 -0.672604 0.000000
vt 0.031209 -0.671791 0.000000
vt -0.067801 -0.669357 0.000000
vt 0.064188 -0.669354 0.000000
vt 0.129458 -0.659655 0.000000
vt 0.193334 -0.643642 0.000000
vt -0.197252 -0.643559 0.000000
vt -0.133188 -0.659639 0.000000
vt -0.100621 -0.665301 0.000000
vt 0.255355 -0.621445 0.000000
vt 0.315056 -0.593202 0.000000
vt 0.371643 -0.559271 0.000000
vt 0.424528 -0.520037 0.000000
vt -0.477346 -0.475435 0.000000
vt -0.428419 -0.519837 0.000000
vt -0.375505 -0.559126 0.000000
vt 0.473340 -0.475796 0.000000
vt 0.517694 -0.426855 0.000000
vt 0.556987 -0.373859 0.000000
vt 0.590836 -0.317377 0.000000
vt -0.622849 -0.257349 0.000000
vt -0.594633 -0.317094 0.000000
vt -0.560777 -0.373644 0.000000
vt 0.619007 -0.257823 0.000000
vt 0.641261 -0.195630 0.000000
vt 0.657285 -0.131639 0.000000
vt 0.666945 -0.066505 0.000000
vt -0.670558 0.065653 0.000000
vt -0.673832 -0.000186 0.000000
vt -0.670624 -0.066181 0.000000
vt -0.660865 0.130777 0.000000
vt 0.670186 -0.000700 0.000000
vt 0.666949 0.065279 0.000000
vt 0.657270 0.130525 0.000000
vt 0.641273 0.194398 0.000000
vt 0.619087 0.256438 0.000000
vt 0.590850 0.316162 0.000000
vt -0.560448 0.372947 0.000000
vt -0.594322 0.316487 0.000000
vt -0.622536 0.256915 0.000000
vt 0.556945 0.372733 0.000000
vt 0.517727 0.425625 0.000000
vt 0.473488 0.474458 0.000000
vt 0.424545 0.518833 0.000000
vt -0.375012 0.558266 0.000000
vt -0.427911 0.519063 0.000000
vt -0.476768 0.474824 0.000000
vt 0.371579 0.558123 0.000000
vt 0.315109 0.591984 0.000000
vt 0.255548 0.620175 0.000000
vt 0.193347 0.642448 0.000000
vt -0.196653 0.642551 0.000000
vt -0.258715 0.620374 0.000000
vt -0.318453 0.592145 0.000000
vt 0.129384 0.658480 0.000000
vt 0.064256 0.668157 0.000000
vt -0.132779 0.658530 0.000000
vt -0.001564 0.671414 0.000000
vt -0.067555 0.668191 0.000000
vt -0.521159 0.425885 0.000000
vt -0.644824 0.194715 0.000000
vt -0.660981 -0.131386 0.000000
vt -0.645018 -0.195264 0.000000
vt -0.521588 -0.426553 0.000000
vt -0.319053 -0.593014 0.000000
vt -0.259469 -0.621251 0.000000
vt -0.228634 -0.633171 0.000000
vn -0.001068 -0.099510 -0.009828
vn -0.001068 -0.099994 -0.000011
vn -0.013057 -0.098836 -0.007807
vn -0.015805 -0.098743 -0.000007
vn -0.024946 -0.096538 -0.007622
vn -0.030244 -0.095317 -0.000003
vn -0.036319 -0.092883 -0.007331
vn -0.043654 -0.089968 0.000000
vn -0.046834 -0.088081 -0.006950
vn -0.055519 -0.083173 0.000003
vn -0.056262 -0.082416 -0.006500
vn -0.064500 -0.076182 -0.006006
vn -0.056262 -0.081655 -0.012927
vn -0.064500 -0.075479 -0.011947
vn -0.056263 -0.080392 -0.019279
vn -0.064501 -0.074311 -0.017818
vn -0.056264 -0.078619 -0.025563
vn -0.064502 -0.072673 -0.023627
vn -0.056262 -0.076352 -0.031700
vn -0.064500 -0.070578 -0.029300
vn -0.056260 -0.073641 -0.037574
vn -0.064499 -0.068072 -0.034730
vn -0.056260 -0.070496 -0.043187
vn -0.064498 -0.065165 -0.039919
vn -0.056262 -0.066920 -0.048542
vn -0.064500 -0.061859 -0.044869
vn -0.056265 -0.062908 -0.053636
vn -0.064503 -0.058150 -0.049577
vn -0.056266 -0.058451 -0.058460
vn -0.064505 -0.054030 -0.054036
vn -0.056264 -0.053618 -0.062924
vn -0.064503 -0.049563 -0.058163
vn -0.056261 -0.048522 -0.066935
vn -0.064500 -0.044853 -0.061871
vn -0.056259 -0.043174 -0.070505
vn -0.064498 -0.039909 -0.065171
vn -0.056260 -0.037576 -0.073640
vn -0.064498 -0.034735 -0.068069
vn -0.056263 -0.031729 -0.076340
vn -0.064501 -0.029330 -0.070565
vn -0.056267 -0.025628 -0.078596
vn -0.064505 -0.023690 -0.072649
vn -0.056268 -0.019271 -0.080390
vn -0.064506 -0.017813 -0.074307
vn -0.056265 -0.012818 -0.081670
vn -0.064504 -0.011848 -0.075491
vn -0.056261 -0.006379 -0.082426
vn -0.064499 -0.005897 -0.076191
vn -0.056258 0.000038 -0.082674
vn -0.064497 0.000035 -0.076421
vn -0.056258 0.006441 -0.082423
vn -0.064497 0.005954 -0.076189
vn -0.056261 0.012824 -0.081672
vn -0.064500 0.011854 -0.075494
vn -0.056265 0.019189 -0.080412
vn -0.064504 0.017737 -0.074328
vn -0.056268 0.025529 -0.078627
vn -0.064506 0.023598 -0.072678
vn -0.056266 0.031742 -0.076333
vn -0.064504 0.029341 -0.070557
vn -0.056260 0.037659 -0.073597
vn -0.064499 0.034812 -0.068030
vn -0.056256 0.043274 -0.070446
vn -0.064494 0.040002 -0.065118
vn -0.056254 0.048595 -0.066888
vn -0.064492 0.044921 -0.061829
vn -0.056255 0.053624 -0.062927
vn -0.064494 0.049570 -0.058167
vn -0.056260 0.058360 -0.058558
vn -0.064498 0.053947 -0.054127
vn -0.056264 0.062794 -0.053771
vn -0.064503 0.058045 -0.049701
vn -0.056265 0.066910 -0.048551
vn -0.064504 0.061850 -0.044877
vn -0.056260 0.070592 -0.043029
vn -0.064498 0.065254 -0.039773
vn -0.056252 0.073766 -0.037341
vn -0.064490 0.068189 -0.034516
vn -0.056244 0.076445 -0.031508
vn -0.064483 0.070666 -0.029124
vn -0.056241 0.078649 -0.025520
vn -0.064479 0.072705 -0.023588
vn -0.056241 0.080379 -0.019393
vn -0.064480 0.074304 -0.017925
vn -0.056246 0.081635 -0.013120
vn -0.064485 0.075463 -0.012126
vn -0.056254 0.082405 -0.006699
vn -0.064492 0.076174 -0.006190
vn -0.056260 0.082673 -0.000132
vn -0.064498 0.076420 -0.000119
vn -0.056261 0.082412 0.006560
vn -0.064499 0.076178 0.006066
vn -0.056255 0.081628 0.013122
vn -0.064493 0.075455 0.012132
vn -0.056247 0.080352 0.019489
vn -0.064485 0.074276 0.018018
vn -0.056241 0.078603 0.025662
vn -0.064479 0.072661 0.023725
vn -0.056239 0.076395 0.031640
vn -0.064477 0.070620 0.029251
vn -0.056240 0.073726 0.037436
vn -0.064478 0.068153 0.034609
vn -0.056246 0.070597 0.043040
vn -0.064484 0.065259 0.039789
vn -0.056253 0.066994 0.048450
vn -0.064490 0.061928 0.044788
vn -0.056257 0.062904 0.053649
vn -0.064495 0.058146 0.049593
vn -0.056255 0.058356 0.058566
vn -0.064492 0.053942 0.054139
vn -0.056247 0.053512 0.063029
vn -0.064484 0.049466 0.058266
vn -0.056238 0.048425 0.067025
vn -0.064476 0.044764 0.061960
vn -0.056231 0.043104 0.070570
vn -0.064469 0.039846 0.065238
vn -0.056229 0.037555 0.073674
vn -0.064467 0.034717 0.068108
vn -0.056232 0.031780 0.076341
vn -0.064470 0.029377 0.070574
vn -0.056239 0.025770 0.078569
vn -0.064476 0.023822 0.072631
vn -0.056248 0.019526 0.080343
vn -0.064485 0.018049 0.074269
vn -0.056255 0.013043 0.081641
vn -0.064492 0.012056 0.075468
vn -0.056254 0.006373 0.082431
vn -0.064491 0.005891 0.076198
vn -0.056248 -0.000216 0.082681
vn -0.064485 -0.000200 0.076431
vn -0.056239 -0.006705 0.082415
vn -0.064476 -0.006198 0.076186
vn -0.056232 -0.013065 0.081653
vn -0.064470 -0.012078 0.075483
vn -0.056230 -0.019307 0.080408
vn -0.064468 -0.017847 0.074333
vn -0.056232 -0.025432 0.078684
vn -0.064470 -0.023510 0.072739
vn -0.056239 -0.031441 0.076476
vn -0.064477 -0.029064 0.070697
vn -0.056248 -0.037333 0.073773
vn -0.064485 -0.034510 0.068196
vn -0.056255 -0.043093 0.070558
vn -0.064492 -0.039833 0.065223
vn -0.056256 -0.048680 0.066825
vn -0.064493 -0.044997 0.061773
vn -0.056249 -0.053877 0.062716
vn -0.064487 -0.049802 0.057976
vn -0.056240 -0.058634 0.058302
vn -0.064478 -0.054201 0.053897
vn -0.056233 -0.062986 0.053579
vn -0.064470 -0.058225 0.049532
vn -0.056229 -0.066920 0.048580
vn -0.064467 -0.061863 0.044911
vn -0.056231 -0.070450 0.043300
vn -0.064469 -0.065126 0.040030
vn -0.056237 -0.073576 0.037736
vn -0.064475 -0.068014 0.034886
vn -0.056247 -0.076287 0.031883
vn -0.064485 -0.070519 0.029474
vn -0.056256 -0.078569 0.025731
vn -0.064494 -0.072627 0.023788
vn -0.056260 -0.080388 0.019301
vn -0.064498 -0.074308 0.017843
vn -0.056261 -0.081655 0.012930
vn -0.064498 -0.075479 0.011954
vn -0.056261 -0.082416 0.006497
vn -0.064499 -0.076183 0.006008
vn -0.065598 -0.075478 0.000006
vn -0.071548 -0.069647 0.005495
vn -0.073896 -0.067375 0.000008
vn -0.077481 -0.063023 0.004975
vn -0.080571 -0.059231 0.000010
vn -0.081169 -0.058227 0.004598
vn -0.084374 -0.053508 0.004227
vn -0.084374 -0.053014 0.008404
vn -0.087146 -0.048442 0.007681
vn -0.087145 -0.047690 0.011460
vn -0.089532 -0.043308 0.010409
vn -0.089530 -0.042330 0.013874
vn -0.091576 -0.038173 0.012514
vn -0.091572 -0.037070 0.015503
vn -0.093317 -0.033159 0.013869
vn -0.093314 -0.031984 0.016417
vn -0.094793 -0.028332 0.014545
vn -0.094791 -0.027131 0.016689
vn -0.096035 -0.023746 0.014609
vn -0.096034 -0.022557 0.016389
vn -0.097069 -0.019444 0.014130
vn -0.097069 -0.018299 0.015581
vn -0.097917 -0.015460 0.013166
vn -0.097917 -0.014390 0.014323
vn -0.098598 -0.011826 0.011774
vn -0.098598 -0.010864 0.012663
vn -0.099129 -0.008576 0.009999
vn -0.099129 -0.007748 0.010652
vn -0.099523 -0.005737 0.007892
vn -0.099523 -0.005078 0.008332
vn -0.099793 -0.003344 0.005493
vn -0.099793 -0.002898 0.005744
vn -0.099949 -0.001432 0.002848
vn -0.099949 -0.001206 0.002952
vn -0.100000 0.000000 0.000018
vn -0.099949 -0.000976 0.003037
vn -0.100000 0.000000 0.000018
vn -0.099949 -0.000741 0.003103
vn -0.100000 0.000000 0.000018
vn -0.099949 -0.000501 0.003151
vn -0.100000 0.000000 0.000018
vn -0.099949 -0.000257 0.003180
vn -0.100000 0.000000 0.000018
vn -0.099949 -0.000008 0.003189
vn -0.099949 0.000244 0.003179
vn -0.099793 -0.000017 0.006435
vn -0.099793 0.000495 0.006415
vn -0.099522 -0.000026 0.009762
vn -0.099523 0.000751 0.009731
vn -0.099128 -0.000035 0.013177
vn -0.099128 0.001014 0.013136
vn -0.098598 -0.000044 0.016689
vn -0.098598 0.001285 0.016636
vn -0.097917 -0.000054 0.020303
vn -0.097918 0.001564 0.020240
vn -0.097070 -0.000064 0.024029
vn -0.097071 0.001851 0.023954
vn -0.096037 -0.000074 0.027874
vn -0.096038 0.002147 0.027787
vn -0.094794 -0.000084 0.031845
vn -0.094796 0.002453 0.031746
vn -0.093315 -0.000095 0.035947
vn -0.093318 0.002770 0.035835
vn -0.091570 -0.000106 0.040185
vn -0.091573 0.003096 0.040060
vn -0.089524 -0.000118 0.044559
vn -0.089527 0.003433 0.044420
vn -0.087136 -0.000129 0.049064
vn -0.087140 0.003781 0.048912
vn -0.084363 -0.000142 0.053693
vn -0.084367 0.004138 0.053526
vn -0.081157 -0.000154 0.058425
vn -0.081162 0.004503 0.058245
vn -0.077468 -0.000166 0.063235
vn -0.077474 0.004873 0.063040
vn -0.071534 -0.000183 0.069878
vn -0.071540 0.005386 0.069664
vn -0.071549 -0.069647 -0.005488
vn -0.071549 -0.069004 -0.010920
vn -0.071550 -0.067936 -0.016287
vn -0.071551 -0.066438 -0.021597
vn -0.071549 -0.064524 -0.026784
vn -0.071548 -0.062233 -0.031749
vn -0.071547 -0.059576 -0.036493
vn -0.071549 -0.056553 -0.041018
vn -0.071552 -0.053162 -0.045322
vn -0.071554 -0.049395 -0.049399
vn -0.071552 -0.045312 -0.053171
vn -0.071549 -0.041006 -0.056562
vn -0.071547 -0.036486 -0.059580
vn -0.071548 -0.031756 -0.062229
vn -0.071551 -0.026814 -0.064510
vn -0.071554 -0.021658 -0.066415
vn -0.071555 -0.016285 -0.067931
vn -0.071553 -0.010832 -0.069013
vn -0.071549 -0.005391 -0.069654
vn -0.071546 0.000032 -0.069865
vn -0.071546 0.005443 -0.069653
vn -0.071549 0.010838 -0.069016
vn -0.071553 0.016216 -0.067950
vn -0.071555 0.021574 -0.066441
vn -0.071553 0.026824 -0.064503
vn -0.071548 0.031826 -0.062193
vn -0.071544 0.036572 -0.059531
vn -0.071542 0.041069 -0.056525
vn -0.071544 0.045319 -0.053176
vn -0.071547 0.049320 -0.049482
vn -0.071552 0.053066 -0.045436
vn -0.071553 0.056544 -0.041025
vn -0.071548 0.059657 -0.036359
vn -0.071540 0.062341 -0.031553
vn -0.071533 0.064608 -0.026624
vn -0.071530 0.066472 -0.021564
vn -0.071530 0.067933 -0.016386
vn -0.071535 0.068992 -0.011084
vn -0.071541 0.069641 -0.005657
vn -0.071547 0.069865 -0.000106
vn -0.071547 0.069643 0.005548
vn -0.071542 0.068983 0.011094
vn -0.071535 0.067907 0.016475
vn -0.071529 0.066431 0.021693
vn -0.071527 0.064565 0.026746
vn -0.071528 0.062309 0.031644
vn -0.071533 0.059662 0.036379
vn -0.071539 0.056616 0.040949
vn -0.071543 0.053158 0.045341
vn -0.071541 0.049314 0.049497
vn -0.071534 0.045223 0.053271
vn -0.071525 0.040926 0.056650
vn -0.071519 0.036430 0.059648
vn -0.071517 0.031741 0.062272
vn -0.071520 0.026858 0.064526
vn -0.071526 0.021779 0.066405
vn -0.071534 0.016501 0.067901
vn -0.071540 0.011022 0.068997
vn -0.077482 -0.063023 -0.004964
vn -0.077483 -0.062441 -0.009879
vn -0.077483 -0.061475 -0.014736
vn -0.077484 -0.060119 -0.019541
vn -0.077483 -0.058387 -0.024234
vn -0.077482 -0.056315 -0.028727
vn -0.077482 -0.053910 -0.033020
vn -0.077483 -0.051175 -0.037115
vn -0.077486 -0.048106 -0.041009
vn -0.077487 -0.044697 -0.044698
vn -0.077486 -0.041002 -0.048112
vn -0.077483 -0.037106 -0.051181
vn -0.077482 -0.033017 -0.053912
vn -0.077482 -0.028736 -0.056309
vn -0.077485 -0.024264 -0.058373
vn -0.077488 -0.019598 -0.060096
vn -0.077489 -0.014736 -0.061468
vn -0.077487 -0.009802 -0.062448
vn -0.077483 -0.004878 -0.063028
vn -0.077481 0.000029 -0.063219
vn -0.077481 0.004926 -0.063027
vn -0.077484 0.009807 -0.062451
vn -0.077487 0.014674 -0.061485
vn -0.077489 0.019522 -0.060119
vn -0.077487 0.024273 -0.058366
vn -0.077483 0.028799 -0.056276
vn -0.077479 0.033094 -0.053868
vn -0.077477 0.037164 -0.051148
vn -0.077479 0.041009 -0.048118
vn -0.077482 0.044630 -0.044774
vn -0.077485 0.048019 -0.041112
vn -0.077486 0.051166 -0.037120
vn -0.077482 0.053984 -0.032899
vn -0.077475 0.056414 -0.028551
vn -0.077469 0.058466 -0.024091
vn -0.077466 0.060153 -0.019511
vn -0.077466 0.061475 -0.014825
vn -0.077470 0.062433 -0.010028
vn -0.077476 0.063019 -0.005116
vn -0.077481 0.063220 -0.000093
vn -0.077481 0.063019 0.005023
vn -0.077476 0.062423 0.010041
vn -0.077470 0.061450 0.014911
vn -0.077465 0.060115 0.019633
vn -0.077462 0.058427 0.024205
vn -0.077464 0.056385 0.028637
vn -0.077468 0.053989 0.032922
vn -0.077473 0.051232 0.037057
vn -0.077477 0.048102 0.041031
vn -0.077475 0.044624 0.044792
vn -0.077468 0.040923 0.048208
vn -0.077461 0.037035 0.051266
vn -0.077455 0.032967 0.053980
vn -0.077454 0.028724 0.056355
vn -0.077456 0.024305 0.058394
vn -0.077461 0.019709 0.060094
vn -0.077468 0.014932 0.061447
vn -0.077474 0.009974 0.062437
vn -0.081170 -0.058227 -0.004584
vn -0.081170 -0.057690 -0.009125
vn -0.081171 -0.056797 -0.013612
vn -0.081172 -0.055545 -0.018052
vn -0.081171 -0.053944 -0.022388
vn -0.081170 -0.052030 -0.026539
vn -0.081170 -0.049808 -0.030506
vn -0.081171 -0.047281 -0.034289
vn -0.081174 -0.044446 -0.037887
vn -0.081175 -0.041296 -0.041295
vn -0.081174 -0.037882 -0.044449
vn -0.081171 -0.034283 -0.047285
vn -0.081170 -0.030505 -0.049808
vn -0.081171 -0.026550 -0.052023
vn -0.081173 -0.022418 -0.053929
vn -0.081176 -0.018107 -0.055522
vn -0.081177 -0.013615 -0.056789
vn -0.081175 -0.009056 -0.057694
vn -0.081172 -0.004507 -0.058231
vn -0.081170 0.000027 -0.058408
vn -0.081170 0.004551 -0.058230
vn -0.081172 0.009061 -0.057698
vn -0.081175 0.013557 -0.056805
vn -0.081177 0.018036 -0.055543
vn -0.081175 0.022427 -0.053923
vn -0.081171 0.026608 -0.051993
vn -0.081168 0.030577 -0.049768
vn -0.081166 0.034337 -0.047255
vn -0.081167 0.037890 -0.044455
vn -0.081170 0.041234 -0.041366
vn -0.081173 0.044365 -0.037982
vn -0.081174 0.047273 -0.034294
vn -0.081170 0.049876 -0.030394
vn -0.081164 0.052122 -0.026377
vn -0.081158 0.054018 -0.022256
vn -0.081155 0.055578 -0.018025
vn -0.081156 0.056799 -0.013696
vn -0.081159 0.057684 -0.009263
vn -0.081164 0.058224 -0.004725
vn -0.081169 0.058409 -0.000084
vn -0.081169 0.058224 0.004642
vn -0.081165 0.057673 0.009279
vn -0.081159 0.056775 0.013779
vn -0.081154 0.055542 0.018141
vn -0.081152 0.053982 0.022366
vn -0.081153 0.052096 0.026461
vn -0.081157 0.049882 0.030419
vn -0.081162 0.047333 0.034239
vn -0.081165 0.044441 0.037911
vn -0.081163 0.041228 0.041386
vn -0.081157 0.037810 0.044542
vn -0.081150 0.034218 0.047368
vn -0.081146 0.030459 0.049876
vn -0.081144 0.026539 0.052071
vn -0.081146 0.022456 0.053954
vn -0.081151 0.018209 0.055524
vn -0.081157 0.013796 0.056773
vn -0.081162 0.009215 0.057687
vn -0.084375 -0.053508 -0.004211
vn -0.085850 -0.051281 0.000012
vn -0.087147 -0.048893 -0.003846
vn -0.089968 -0.043655 0.000013
vn -0.089534 -0.044401 -0.003491
vn -0.091580 -0.040041 -0.003146
vn -0.089535 -0.043991 -0.006953
vn -0.091580 -0.039671 -0.006269
vn -0.089535 -0.043311 -0.010375
vn -0.091581 -0.039057 -0.009354
vn -0.089536 -0.042355 -0.013760
vn -0.091581 -0.038196 -0.012407
vn -0.089535 -0.041135 -0.017067
vn -0.091581 -0.037096 -0.015389
vn -0.089535 -0.039676 -0.020233
vn -0.091580 -0.035780 -0.018244
vn -0.089535 -0.037982 -0.023257
vn -0.091581 -0.034252 -0.020972
vn -0.089536 -0.036055 -0.026142
vn -0.091581 -0.032514 -0.023573
vn -0.089537 -0.033892 -0.028886
vn -0.091583 -0.030564 -0.026047
vn -0.089538 -0.031490 -0.031484
vn -0.091584 -0.028397 -0.028390
vn -0.089538 -0.028887 -0.033890
vn -0.091583 -0.026051 -0.030560
vn -0.089536 -0.026143 -0.036053
vn -0.091582 -0.023576 -0.032510
vn -0.089535 -0.023262 -0.037977
vn -0.091581 -0.020978 -0.034246
vn -0.089536 -0.020246 -0.039666
vn -0.091582 -0.018258 -0.035769
vn -0.089537 -0.017095 -0.041120
vn -0.091583 -0.015416 -0.037080
vn -0.089539 -0.013807 -0.042333
vn -0.091585 -0.012451 -0.038174
vn -0.089540 -0.010382 -0.043299
vn -0.091585 -0.009363 -0.039045
vn -0.089539 -0.006906 -0.043990
vn -0.091584 -0.006228 -0.039668
vn -0.089537 -0.003437 -0.044400
vn -0.091582 -0.003100 -0.040038
vn -0.089535 0.000021 -0.044535
vn -0.091581 0.000019 -0.040160
vn -0.089535 0.003470 -0.044400
vn -0.091581 0.003130 -0.040038
vn -0.089537 0.006910 -0.043993
vn -0.091583 0.006231 -0.039671
vn -0.089539 0.010338 -0.043312
vn -0.091584 0.009323 -0.039057
vn -0.089540 0.013754 -0.042349
vn -0.091585 0.012403 -0.038188
vn -0.089539 0.017102 -0.041114
vn -0.091584 0.015422 -0.037074
vn -0.089536 0.020291 -0.039643
vn -0.091582 0.018298 -0.035748
vn -0.089534 0.023317 -0.037947
vn -0.091580 0.021028 -0.034219
vn -0.089533 0.026185 -0.036031
vn -0.091579 0.023613 -0.032491
vn -0.089534 0.028894 -0.033895
vn -0.091580 0.026057 -0.030565
vn -0.089535 0.031444 -0.031539
vn -0.091581 0.028356 -0.028440
vn -0.089537 0.033831 -0.028958
vn -0.091583 0.030508 -0.026112
vn -0.089538 0.036048 -0.026146
vn -0.091583 0.032508 -0.023576
vn -0.089535 0.038034 -0.023172
vn -0.091581 0.034299 -0.020895
vn -0.089531 0.039747 -0.020110
vn -0.091577 0.035844 -0.018133
vn -0.089527 0.041195 -0.016967
vn -0.091574 0.037150 -0.015299
vn -0.089525 0.042384 -0.013741
vn -0.091572 0.038223 -0.012390
vn -0.089525 0.043316 -0.010440
vn -0.091572 0.039063 -0.009413
vn -0.089527 0.043989 -0.007059
vn -0.091574 0.039670 -0.006364
vn -0.089530 0.044400 -0.003598
vn -0.091577 0.040040 -0.003243
vn -0.089533 0.044540 -0.000059
vn -0.091579 0.040166 -0.000051
vn -0.089533 0.044399 0.003545
vn -0.091579 0.040039 0.003199
vn -0.089530 0.043979 0.007081
vn -0.091576 0.039661 0.006388
vn -0.089526 0.043296 0.010512
vn -0.091573 0.039044 0.009482
vn -0.089523 0.042356 0.013839
vn -0.091570 0.038197 0.012483
vn -0.089522 0.041167 0.017062
vn -0.091569 0.037125 0.015389
vn -0.089522 0.039728 0.020184
vn -0.091570 0.035827 0.018204
vn -0.089525 0.038039 0.023202
vn -0.091572 0.034304 0.020926
vn -0.089528 0.036095 0.026114
vn -0.091574 0.032550 0.023552
vn -0.089530 0.033889 0.028914
vn -0.091575 0.030561 0.026076
vn -0.089528 0.031438 0.031564
vn -0.091574 0.028351 0.028467
vn -0.089524 0.028833 0.033971
vn -0.091571 0.026001 0.030638
vn -0.089520 0.026094 0.036128
vn -0.091567 0.023532 0.032583
vn -0.089517 0.023229 0.038041
vn -0.091565 0.020948 0.034308
vn -0.089516 0.020239 0.039715
vn -0.091564 0.018252 0.035818
vn -0.089517 0.017125 0.041152
vn -0.091565 0.015444 0.037113
vn -0.089520 0.013886 0.042348
vn -0.091567 0.012523 0.038192
vn -0.089524 0.010520 0.043299
vn -0.091571 0.009487 0.039049
vn -0.089527 0.007027 0.043995
vn -0.091573 0.006337 0.039676
vn -0.093138 -0.036406 0.000014
vn -0.093324 -0.035816 -0.002812
vn -0.093324 -0.035485 -0.005605
vn -0.093325 -0.034936 -0.008365
vn -0.093325 -0.034166 -0.011096
vn -0.093325 -0.033182 -0.013764
vn -0.093324 -0.032005 -0.016317
vn -0.093325 -0.030638 -0.018757
vn -0.093325 -0.029084 -0.021084
vn -0.093326 -0.027339 -0.023297
vn -0.093327 -0.025401 -0.025393
vn -0.093327 -0.023302 -0.027334
vn -0.093326 -0.021089 -0.029078
vn -0.093325 -0.018765 -0.030631
vn -0.093326 -0.016332 -0.031993
vn -0.093327 -0.013790 -0.033166
vn -0.093328 -0.011138 -0.034144
vn -0.093329 -0.008375 -0.034923
vn -0.093328 -0.005571 -0.035481
vn -0.093326 -0.002773 -0.035812
vn -0.093326 0.000017 -0.035921
vn -0.093326 0.002800 -0.035812
vn -0.093326 0.005574 -0.035484
vn -0.093328 0.008339 -0.034934
vn -0.093329 0.011094 -0.034157
vn -0.093328 0.013795 -0.033161
vn -0.093326 0.016368 -0.031974
vn -0.093324 0.018809 -0.030607
vn -0.093324 0.021122 -0.029061
vn -0.093324 0.023308 -0.027338
vn -0.093325 0.025365 -0.025437
vn -0.093326 0.027290 -0.023355
vn -0.093327 0.029078 -0.021087
vn -0.093325 0.030680 -0.018688
vn -0.093322 0.032063 -0.016218
vn -0.093319 0.033231 -0.013683
vn -0.093318 0.034191 -0.011081
vn -0.093318 0.034942 -0.008418
vn -0.093319 0.035485 -0.005690
vn -0.093321 0.035816 -0.002899
vn -0.093323 0.035928 -0.000044
vn -0.093323 0.035814 0.002863
vn -0.093321 0.035476 0.005716
vn -0.093318 0.034925 0.008484
vn -0.093316 0.034168 0.011168
vn -0.093315 0.033209 0.013768
vn -0.093315 0.032048 0.016286
vn -0.093317 0.030685 0.018720
vn -0.093319 0.029116 0.021069
vn -0.093320 0.027336 0.023327
vn -0.093319 0.025360 0.025465
vn -0.093316 0.023258 0.027407
vn -0.093313 0.021050 0.029148
vn -0.093311 0.018738 0.030691
vn -0.093310 0.016327 0.032042
vn -0.093311 0.013814 0.033200
vn -0.093313 0.011202 0.034165
vn -0.093316 0.008486 0.034931
vn -0.093318 0.005668 0.035492
vn -0.094801 -0.031726 -0.002489
vn -0.095537 -0.029541 0.000015
vn -0.096043 -0.027768 -0.002176
vn -0.097309 -0.023041 0.000016
vn -0.097075 -0.023935 -0.001873
vn -0.097922 -0.020221 -0.001579
vn -0.097076 -0.023714 -0.003739
vn -0.097922 -0.020034 -0.003156
vn -0.097076 -0.023347 -0.005584
vn -0.097922 -0.019724 -0.004714
vn -0.097076 -0.022832 -0.007409
vn -0.097922 -0.019289 -0.006256
vn -0.097076 -0.022175 -0.009192
vn -0.097922 -0.018733 -0.007762
vn -0.097076 -0.021388 -0.010898
vn -0.097922 -0.018069 -0.009204
vn -0.097076 -0.020475 -0.012529
vn -0.097923 -0.017297 -0.010581
vn -0.097077 -0.019436 -0.014084
vn -0.097923 -0.016420 -0.011895
vn -0.097077 -0.018270 -0.015562
vn -0.097923 -0.015435 -0.013144
vn -0.097078 -0.016975 -0.016963
vn -0.097924 -0.014341 -0.014328
vn -0.097078 -0.015572 -0.018260
vn -0.097924 -0.013156 -0.015423
vn -0.097077 -0.014093 -0.019426
vn -0.097923 -0.011906 -0.016409
vn -0.097077 -0.012540 -0.020464
vn -0.097923 -0.010594 -0.017285
vn -0.097077 -0.010914 -0.021374
vn -0.097924 -0.009221 -0.018054
vn -0.097078 -0.009215 -0.022158
vn -0.097924 -0.007785 -0.018716
vn -0.097079 -0.007443 -0.022811
vn -0.097924 -0.006288 -0.019268
vn -0.097079 -0.005597 -0.023332
vn -0.097925 -0.004728 -0.019708
vn -0.097078 -0.003723 -0.023705
vn -0.097924 -0.003145 -0.020023
vn -0.097078 -0.001853 -0.023926
vn -0.097924 -0.001565 -0.020210
vn -0.097077 0.000011 -0.023999
vn -0.097924 0.000010 -0.020272
vn -0.097077 0.001871 -0.023926
vn -0.097924 0.001581 -0.020210
vn -0.097078 0.003725 -0.023707
vn -0.097924 0.003147 -0.020025
vn -0.097078 0.005573 -0.023339
vn -0.097924 0.004708 -0.019714
vn -0.097079 0.007414 -0.022820
vn -0.097925 0.006263 -0.019276
vn -0.097078 0.009219 -0.022154
vn -0.097924 0.007788 -0.018713
vn -0.097077 0.010938 -0.021362
vn -0.097924 0.009241 -0.018044
vn -0.097077 0.012570 -0.020448
vn -0.097923 0.010619 -0.017272
vn -0.097076 0.014116 -0.019415
vn -0.097923 0.011925 -0.016399
vn -0.097076 0.015576 -0.018264
vn -0.097923 0.013159 -0.015426
vn -0.097077 0.016951 -0.016993
vn -0.097923 0.014320 -0.014353
vn -0.097077 0.018237 -0.015601
vn -0.097923 0.015407 -0.013177
vn -0.097077 0.019432 -0.014085
vn -0.097923 0.016416 -0.011896
vn -0.097076 0.020503 -0.012483
vn -0.097923 0.017321 -0.010543
vn -0.097075 0.021427 -0.010832
vn -0.097922 0.018102 -0.009148
vn -0.097074 0.022208 -0.009138
vn -0.097921 0.018762 -0.007717
vn -0.097073 0.022850 -0.007399
vn -0.097920 0.019304 -0.006248
vn -0.097073 0.023352 -0.005619
vn -0.097920 0.019728 -0.004744
vn -0.097073 0.023714 -0.003796
vn -0.097920 0.020034 -0.003204
vn -0.097074 0.023935 -0.001931
vn -0.097921 0.020221 -0.001628
vn -0.097075 0.024010 -0.000023
vn -0.097921 0.020284 -0.000016
vn -0.097075 0.023934 0.001920
vn -0.097921 0.020219 0.001625
vn -0.097074 0.023708 0.003826
vn -0.097920 0.020029 0.003235
vn -0.097072 0.023340 0.005676
vn -0.097919 0.019718 0.004798
vn -0.097071 0.022834 0.007470
vn -0.097918 0.019291 0.006313
vn -0.097071 0.022193 0.009207
vn -0.097918 0.018749 0.007781
vn -0.097071 0.021417 0.010890
vn -0.097918 0.018094 0.009203
vn -0.097071 0.020506 0.012517
vn -0.097918 0.017324 0.010577
vn -0.097072 0.019458 0.014086
vn -0.097919 0.016438 0.011903
vn -0.097072 0.018268 0.015595
vn -0.097919 0.015433 0.013178
vn -0.097072 0.016947 0.017024
vn -0.097919 0.014317 0.014385
vn -0.097071 0.015543 0.018322
vn -0.097918 0.013131 0.015482
vn -0.097069 0.014067 0.019486
vn -0.097917 0.011884 0.016465
vn -0.097068 0.012523 0.020517
vn -0.097916 0.010580 0.017337
vn -0.097068 0.010911 0.021420
vn -0.097916 0.009218 0.018099
vn -0.097068 0.009232 0.022194
vn -0.097916 0.007799 0.018753
vn -0.097069 0.007486 0.022838
vn -0.097916 0.006324 0.019297
vn -0.097070 0.005671 0.023350
vn -0.097917 0.004791 0.019730
vn -0.097071 0.003788 0.023725
vn -0.097918 0.003200 0.020046
vn -0.098566 -0.016873 0.000017
vn -0.098601 -0.016617 -0.001295
vn -0.098601 -0.016464 -0.002590
vn -0.098602 -0.016209 -0.003871
vn -0.098602 -0.015852 -0.005138
vn -0.098602 -0.015395 -0.006376
vn -0.098602 -0.014849 -0.007560
vn -0.098602 -0.014215 -0.008692
vn -0.098602 -0.013494 -0.009772
vn -0.098603 -0.012684 -0.010799
vn -0.098603 -0.011785 -0.011771
vn -0.098603 -0.010811 -0.012672
vn -0.098603 -0.009784 -0.013481
vn -0.098603 -0.008706 -0.014202
vn -0.098603 -0.007577 -0.014834
vn -0.098603 -0.006398 -0.015378
vn -0.098604 -0.005167 -0.015831
vn -0.098604 -0.003886 -0.016193
vn -0.098604 -0.002585 -0.016452
vn -0.098603 -0.001286 -0.016605
vn -0.098603 0.000008 -0.016656
vn -0.098603 0.001299 -0.016606
vn -0.098603 0.002586 -0.016453
vn -0.098604 0.003869 -0.016198
vn -0.098604 0.005147 -0.015837
vn -0.098603 0.006400 -0.015375
vn -0.098603 0.007594 -0.014825
vn -0.098603 0.008727 -0.014191
vn -0.098602 0.009800 -0.013474
vn -0.098602 0.010814 -0.012674
vn -0.098603 0.011768 -0.011792
vn -0.098603 0.012661 -0.010826
vn -0.098603 0.013491 -0.009773
vn -0.098602 0.014234 -0.008661
vn -0.098601 0.014876 -0.007515
vn -0.098601 0.015419 -0.006339
vn -0.098600 0.015864 -0.005131
vn -0.098600 0.016213 -0.003896
vn -0.098600 0.016464 -0.002630
vn -0.098601 0.016617 -0.001335
vn -0.098601 0.016669 -0.000010
vn -0.098601 0.016616 0.001339
vn -0.098600 0.016460 0.002662
vn -0.098599 0.016204 0.003946
vn -0.098599 0.015853 0.005192
vn -0.098598 0.015408 0.006398
vn -0.098598 0.014870 0.007566
vn -0.098599 0.014237 0.008696
vn -0.098599 0.013509 0.009785
vn -0.098599 0.012683 0.010833
vn -0.098599 0.011766 0.011825
vn -0.098598 0.010791 0.012726
vn -0.098597 0.009767 0.013534
vn -0.098597 0.008694 0.014251
vn -0.098597 0.007575 0.014877
vn -0.098597 0.006409 0.015415
vn -0.098597 0.005197 0.015862
vn -0.098598 0.003937 0.016217
vn -0.098598 0.002630 0.016477
vn -0.099131 -0.013117 -0.001018
vn -0.099393 -0.011001 0.000017
vn -0.099524 -0.009713 -0.000749
vn -0.099855 -0.005388 0.000018
vn -0.099794 -0.006396 -0.000487
vn -0.099950 -0.003161 -0.000231
vn -0.099794 -0.006337 -0.000986
vn -0.099950 -0.003132 -0.000478
vn -0.099794 -0.006239 -0.001479
vn -0.099950 -0.003083 -0.000721
vn -0.099794 -0.006101 -0.001966
vn -0.099950 -0.003015 -0.000962
vn -0.099794 -0.005926 -0.002443
vn -0.099950 -0.002928 -0.001198
vn -0.099794 -0.005716 -0.002899
vn -0.099950 -0.002825 -0.001423
vn -0.099795 -0.005472 -0.003335
vn -0.099950 -0.002704 -0.001639
vn -0.099795 -0.005194 -0.003750
vn -0.099950 -0.002567 -0.001844
vn -0.099795 -0.004882 -0.004145
vn -0.099950 -0.002413 -0.002039
vn -0.099795 -0.004536 -0.004520
vn -0.099950 -0.002242 -0.002224
vn -0.099795 -0.004161 -0.004866
vn -0.099950 -0.002056 -0.002395
vn -0.099795 -0.003766 -0.005178
vn -0.099950 -0.001861 -0.002549
vn -0.099795 -0.003351 -0.005455
vn -0.099950 -0.001656 -0.002687
vn -0.099795 -0.002917 -0.005698
vn -0.099950 -0.001441 -0.002807
vn -0.099795 -0.002463 -0.005908
vn -0.099950 -0.001217 -0.002910
vn -0.099795 -0.001989 -0.006082
vn -0.099950 -0.000983 -0.002996
vn -0.099795 -0.001496 -0.006221
vn -0.099950 -0.000739 -0.003065
vn -0.099795 -0.000995 -0.006321
vn -0.099950 -0.000492 -0.003114
vn -0.099795 -0.000495 -0.006380
vn -0.099950 -0.000245 -0.003144
vn -0.099795 0.000003 -0.006400
vn -0.099950 0.000002 -0.003153
vn -0.099795 0.000500 -0.006380
vn -0.099950 0.000247 -0.003144
vn -0.099795 0.000995 -0.006322
vn -0.099950 0.000492 -0.003115
vn -0.099795 0.001489 -0.006223
vn -0.099950 0.000736 -0.003066
vn -0.099795 0.001981 -0.006085
vn -0.099950 0.000979 -0.002998
vn -0.099795 0.002464 -0.005907
vn -0.099950 0.001217 -0.002910
vn -0.099795 0.002923 -0.005695
vn -0.099950 0.001445 -0.002805
vn -0.099795 0.003359 -0.005451
vn -0.099950 0.001660 -0.002684
vn -0.099795 0.003772 -0.005175
vn -0.099950 0.001864 -0.002548
vn -0.099795 0.004163 -0.004867
vn -0.099950 0.002057 -0.002396
vn -0.099795 0.004530 -0.004528
vn -0.099950 0.002239 -0.002228
vn -0.099795 0.004873 -0.004156
vn -0.099950 0.002408 -0.002044
vn -0.099795 0.005193 -0.003751
vn -0.099950 0.002566 -0.001844
vn -0.099795 0.005479 -0.003322
vn -0.099950 0.002708 -0.001632
vn -0.099794 0.005726 -0.002881
vn -0.099950 0.002830 -0.001415
vn -0.099794 0.005935 -0.002428
vn -0.099950 0.002933 -0.001191
vn -0.099794 0.006106 -0.001964
vn -0.099950 0.003018 -0.000961
vn -0.099794 0.006241 -0.001488
vn -0.099950 0.003084 -0.000726
vn -0.099794 0.006337 -0.001001
vn -0.099950 0.003132 -0.000485
vn -0.099794 0.006396 -0.000502
vn -0.099950 0.003161 -0.000239
vn -0.099794 0.006416 0.000008
vn -0.099950 0.003171 0.000013
vn -0.099794 0.006396 0.000527
vn -0.099950 0.003161 0.000270
vn -0.099794 0.006336 0.001036
vn -0.099950 0.003131 0.000521
vn -0.099794 0.006237 0.001530
vn -0.099950 0.003082 0.000766
vn -0.099793 0.006102 0.002010
vn -0.099949 0.003016 0.001002
vn -0.099793 0.005931 0.002474
vn -0.099949 0.002931 0.001232
vn -0.099793 0.005724 0.002924
vn -0.099949 0.002828 0.001454
vn -0.099793 0.005480 0.003358
vn -0.099949 0.002708 0.001669
vn -0.099793 0.005200 0.003778
vn -0.099949 0.002570 0.001876
vn -0.099793 0.004882 0.004181
vn -0.099949 0.002412 0.002075
vn -0.099793 0.004529 0.004563
vn -0.099949 0.002238 0.002264
vn -0.099793 0.004154 0.004910
vn -0.099949 0.002053 0.002436
vn -0.099793 0.003759 0.005221
vn -0.099949 0.001858 0.002589
vn -0.099793 0.003347 0.005497
vn -0.099949 0.001654 0.002726
vn -0.099793 0.002916 0.005738
vn -0.099949 0.001441 0.002845
vn -0.099793 0.002467 0.005945
vn -0.099949 0.001219 0.002947
vn -0.099793 0.002001 0.006117
vn -0.099949 0.000989 0.003032
vn -0.099793 0.001516 0.006254
vn -0.099949 0.000749 0.003100
vn -0.099793 0.001012 0.006354
vn -0.099949 0.000500 0.003149
vn -0.100000 0.000000 0.000018
vn -0.100000 0.000000 0.000018
vn -0.100000 0.000000 0.000018
vn -0.100000 0.000000 0.000018
vn -0.100000 0.000000 0.000018
vn -0.100000 0.000000 0.000018
vn -0.100000 0.000000 0.000018
vn -0.100000 0.000000 0.000018
vn -0.100000 0.000000 0.000018
vn -0.100000 0.000000 0.000018
vn -0.100000 0.000000 0.000018
vn -0.100000 0.000000 0.000018
vn -0.100000 0.000000 0.000018
vn -0.100000 0.000000 0.000018
vn -0.100000 0.000000 0.000018
vn -0.100000 0.000000 0.000018
vn -0.100000 0.000000 0.000018
vn -0.100000 0.000000 0.000018
vn -0.100000 0.000000 0.000018
vn -0.100000 0.000000 0.000018
vn -0.100000 0.000000 0.000018
vn -0.100000 0.000000 0.000018
vn -0.100000 0.000000 0.000018
vn -0.100000 0.000000 0.000018
vn -0.100000 0.000000 0.000018
vn -0.100000 0.000000 0.000018
vn -0.100000 0.000000 0.000018
vn -0.100000 0.000000 0.000018
vn -0.100000 0.000000 0.000018
vn -0.100000 0.000000 0.000018
vn -0.100000 0.000000 0.000018
vn -0.100000 0.000000 0.000018
vn -0.100000 0.000000 0.000018
vn -0.100000 0.000000 0.000018
vn -0.100000 0.000000 0.000018
vn -0.100000 0.000000 0.000018
vn -0.100000 0.000000 0.000018
vn -0.100000 0.000000 0.000018
vn -0.100000 0.000000 0.000018
vn -0.100000 0.000000 0.000018
vn -0.100000 0.000000 0.000018
vn -0.100000 0.000000 0.000018
vn -0.100000 0.000000 0.000018
vn -0.100000 0.000000 0.000018
vn -0.100000 0.000000 0.000018
vn -0.100000 0.000000 0.000018
vn -0.100000 0.000000 0.000018
vn -0.100000 0.000000 0.000018
vn -0.100000 0.000000 0.000018
vn -0.099949 -0.001653 0.002724
vn -0.099793 -0.003778 0.005204
vn -0.099523 -0.006350 0.007409
vn -0.099128 -0.009335 0.009298
vn -0.098597 -0.012705 0.010823
vn -0.097916 -0.016426 0.011940
vn -0.097069 -0.020469 0.012595
vn -0.096036 -0.024797 0.012732
vn -0.094796 -0.029373 0.012288
vn -0.093321 -0.034146 0.011196
vn -0.091578 -0.039055 0.009389
vn -0.089533 -0.043991 0.006977
vn -0.087146 -0.048893 0.003865
vn -0.100000 0.000000 0.000018
vn -0.099949 -0.001867 0.002581
vn -0.099793 -0.004182 0.004885
vn -0.099523 -0.006912 0.006889
vn -0.099128 -0.010029 0.008548
vn -0.098597 -0.013499 0.009816
vn -0.097917 -0.017292 0.010644
vn -0.097070 -0.021375 0.010978
vn -0.096038 -0.025708 0.010757
vn -0.094798 -0.030247 0.009919
vn -0.093322 -0.034934 0.008400
vn -0.091578 -0.039671 0.006294
vn -0.089533 -0.044401 0.003511
vn -0.100000 0.000000 0.000018
vn -0.099949 -0.002067 0.002424
vn -0.099793 -0.004552 0.004543
vn -0.099523 -0.007426 0.006334
vn -0.099128 -0.010656 0.007752
vn -0.098598 -0.014211 0.008750
vn -0.097918 -0.018058 0.009277
vn -0.097072 -0.022160 0.009275
vn -0.096040 -0.026473 0.008684
vn -0.094800 -0.030945 0.007443
vn -0.093322 -0.035485 0.005632
vn -0.091579 -0.040041 0.003169
vn -0.100000 0.000000 0.000018
vn -0.099949 -0.002250 0.002254
vn -0.099793 -0.004890 0.004177
vn -0.099523 -0.007890 0.005745
vn -0.099128 -0.011218 0.006911
vn -0.098598 -0.014840 0.007627
vn -0.097919 -0.018721 0.007838
vn -0.097073 -0.022819 0.007488
vn -0.096041 -0.027084 0.006517
vn -0.094800 -0.031433 0.004991
vn -0.093323 -0.035816 0.002836
vn -0.099949 -0.002417 0.002074
vn -0.100000 0.000000 0.000018
vn -0.099949 -0.002568 0.001882
vn -0.100000 0.000000 0.000018
vn -0.099949 -0.002703 0.001679
vn -0.100000 0.000000 0.000018
vn -0.099949 -0.002823 0.001466
vn -0.100000 0.000000 0.000018
vn -0.099949 -0.002926 0.001241
vn -0.099950 -0.003013 0.001005
vn -0.099794 -0.006098 0.002015
vn -0.099794 -0.006239 0.001515
vn -0.099524 -0.009473 0.002292
vn -0.099524 -0.009623 0.001541
vn -0.099130 -0.012996 0.002074
vn -0.099130 -0.013117 0.001051
vn -0.098601 -0.016617 0.001326
vn -0.097921 -0.020221 0.001610
vn -0.097075 -0.023935 0.001902
vn -0.096042 -0.027768 0.002203
vn -0.097074 -0.023714 0.003770
vn -0.096042 -0.027511 0.004371
vn -0.097074 -0.023346 0.005620
vn -0.100000 0.000000 0.000018
vn -0.099950 -0.003083 0.000758
vn -0.099794 -0.006337 0.001021
vn -0.099524 -0.009713 0.000783
vn -0.100000 0.000000 0.000018
vn -0.099950 -0.003132 0.000514
vn -0.099794 -0.006396 0.000522
vn -0.100000 0.000000 0.000018
vn -0.099950 -0.003161 0.000267
vn -0.094800 -0.031726 0.002515
vn -0.046833 -0.088082 0.006941
vn -0.036318 -0.092884 0.007317
vn -0.024945 -0.096540 0.007602
vn -0.013057 -0.098838 0.007780
vn -0.001068 -0.099994 0.000000
vn -0.001068 -0.099512 0.009806
vn -0.013057 -0.097926 0.015494
vn -0.001068 -0.098075 0.019497
vn -0.013057 -0.096407 0.023135
vn -0.001068 -0.095635 0.029201
vn -0.013056 -0.094223 0.030846
vn -0.001069 -0.092265 0.038549
vn -0.013053 -0.091480 0.038223
vn -0.013050 -0.088223 0.045236
vn -0.024931 -0.086173 0.044188
vn -0.024927 -0.082510 0.050703
vn -0.036294 -0.079388 0.048788
vn -0.036293 -0.075410 0.054737
vn -0.046803 -0.071516 0.051913
vn -0.046806 -0.067312 0.057256
vn -0.001069 -0.088078 0.047340
vn -0.013047 -0.084472 0.051906
vn -0.024926 -0.078375 0.056886
vn -0.036296 -0.070978 0.060372
vn -0.046813 -0.062662 0.062305
vn -0.001070 -0.083118 0.055590
vn -0.013047 -0.080239 0.058237
vn -0.024929 -0.073769 0.062743
vn -0.036302 -0.066076 0.065698
vn -0.046822 -0.057580 0.067024
vn -0.001070 -0.077398 0.063311
vn -0.013048 -0.075524 0.064233
vn -0.024933 -0.068675 0.068280
vn -0.036309 -0.060718 0.070675
vn -0.046828 -0.052027 0.071417
vn -0.001069 -0.070913 0.070500
vn -0.013051 -0.070309 0.069902
vn -0.024939 -0.063108 0.073454
vn -0.036315 -0.054863 0.075308
vn -0.046828 -0.046056 0.075406
vn -0.013054 -0.064611 0.075200
vn -0.001069 -0.063636 0.077132
vn -0.013056 -0.058382 0.080132
vn -0.001068 -0.055535 0.083155
vn -0.013056 -0.051681 0.084608
vn -0.001069 -0.046909 0.088308
vn -0.013053 -0.044771 0.088460
vn -0.001069 -0.038025 0.092482
vn -0.013050 -0.037701 0.091697
vn -0.013048 -0.030496 0.094339
vn -0.024929 -0.029787 0.092148
vn -0.024927 -0.022612 0.094166
vn -0.036294 -0.021757 0.090606
vn -0.036296 -0.014723 0.092010
vn -0.046806 -0.013963 0.087259
vn -0.046813 -0.007166 0.088075
vn -0.001069 -0.028913 0.095723
vn -0.013047 -0.023150 0.096404
vn -0.024929 -0.015303 0.095626
vn -0.036301 -0.007556 0.092872
vn -0.046821 -0.000231 0.088362
vn -0.001069 -0.019583 0.098058
vn -0.013048 -0.015667 0.097899
vn -0.024933 -0.007854 0.096523
vn -0.036308 -0.000243 0.093175
vn -0.046827 0.006811 0.088096
vn -0.001069 -0.010033 0.099490
vn -0.013051 -0.008041 0.098818
vn -0.024938 -0.000252 0.096840
vn -0.036314 0.007183 0.092896
vn -0.046827 0.013939 0.087252
vn -0.001069 -0.000260 0.099994
vn -0.013053 -0.000258 0.099144
vn -0.024942 0.007466 0.096551
vn -0.036314 0.014699 0.092007
vn -0.046821 0.020868 0.085862
vn -0.013056 0.007643 0.098849
vn -0.001068 0.009734 0.099519
vn -0.013056 0.015642 0.097902
vn -0.001068 0.019739 0.098027
vn -0.013053 0.023416 0.096339
vn -0.001069 0.029310 0.095602
vn -0.013050 0.030903 0.094206
vn -0.001069 0.038436 0.092312
vn -0.013048 0.038108 0.091529
vn -0.013047 0.045032 0.088329
vn -0.024927 0.043985 0.086279
vn -0.024928 0.050484 0.082644
vn -0.036295 0.048574 0.079519
vn -0.036300 0.054572 0.075527
vn -0.046811 0.051752 0.071627
vn -0.046820 0.057190 0.067358
vn -0.001070 0.047128 0.088192
vn -0.013048 0.051685 0.084607
vn -0.024932 0.056718 0.078495
vn -0.036307 0.060307 0.071027
vn -0.046828 0.062368 0.062589
vn -0.001069 0.055393 0.083250
vn -0.013050 0.058068 0.080360
vn -0.024937 0.062681 0.073819
vn -0.036314 0.065768 0.065999
vn -0.046830 0.067229 0.057335
vn -0.001069 0.063222 0.077472
vn -0.013053 0.064173 0.075574
vn -0.024942 0.068358 0.068594
vn -0.036316 0.070894 0.060458
vn -0.046825 0.071600 0.051777
vn -0.001068 0.070588 0.070825
vn -0.013056 0.069986 0.070225
vn -0.024944 0.073685 0.062835
vn -0.036312 0.075502 0.054597
vn -0.046819 0.075448 0.045995
vn -0.013056 0.075441 0.064329
vn -0.001068 0.077386 0.063327
vn -0.013055 0.080343 0.058091
vn -0.001069 0.083283 0.055342
vn -0.013052 0.084658 0.051601
vn -0.001069 0.088274 0.046975
vn -0.013051 0.088406 0.044878
vn -0.001069 0.092390 0.038248
vn -0.013050 0.091604 0.037926
vn -0.013051 0.094253 0.030759
vn -0.024933 0.092062 0.030047
vn -0.024937 0.094114 0.022819
vn -0.036307 0.090552 0.021958
vn -0.036313 0.091994 0.014782
vn -0.046827 0.087239 0.014021
vn -0.046833 0.088077 0.007008
vn -0.001069 0.095646 0.029167
vn -0.013053 0.096354 0.023359
vn -0.024942 0.095614 0.015361
vn -0.036318 0.092879 0.007387
vn -0.046832 0.088356 -0.000144
vn -0.001069 0.098029 0.019726
vn -0.013055 0.097889 0.015724
vn -0.024945 0.096534 0.007675
vn -0.036317 0.093172 -0.000155
vn -0.046826 0.088068 -0.007162
vn -0.001068 0.099501 0.009919
vn -0.013057 0.098832 0.007855
vn -0.024945 0.096839 -0.000164
vn -0.036312 0.092867 -0.007555
vn -0.046819 0.087243 -0.014024
vn -0.001068 0.099994 -0.000176
vn -0.013057 0.099144 -0.000171
vn -0.024941 0.096521 -0.007855
vn -0.036306 0.091995 -0.014791
vn -0.046814 0.085900 -0.020728
vn -0.013055 0.098817 -0.008045
vn -0.001069 0.099485 -0.010076
vn -0.013052 0.097886 -0.015744
vn -0.001069 0.098035 -0.019698
vn -0.013050 0.096377 -0.023265
vn -0.001069 0.095683 -0.029044
vn -0.013050 0.094301 -0.030610
vn -0.001069 0.092444 -0.038119
vn -0.013051 0.091659 -0.037792
vn -0.013054 0.088452 -0.044788
vn -0.024939 0.086397 -0.043744
vn -0.024944 0.082685 -0.050409
vn -0.036317 0.079555 -0.048498
vn -0.036321 0.075407 -0.054722
vn -0.046837 0.071510 -0.051891
vn -0.046835 0.067110 -0.057469
vn -0.001069 0.088303 -0.046920
vn -0.013056 0.084651 -0.051611
vn -0.024947 0.078374 -0.056878
vn -0.036320 0.070767 -0.060604
vn -0.046831 0.062370 -0.062585
vn -0.001068 0.083226 -0.055428
vn -0.013058 0.080239 -0.058234
vn -0.024946 0.073551 -0.062991
vn -0.036316 0.065768 -0.065998
vn -0.046827 0.057308 -0.067253
vn -0.001068 0.077225 -0.063523
vn -0.013058 0.075301 -0.064492
vn -0.024943 0.068355 -0.068596
vn -0.036313 0.060430 -0.070920
vn -0.046825 0.051933 -0.071487
vn -0.001069 0.070579 -0.070835
vn -0.013056 0.069980 -0.070231
vn -0.024941 0.062806 -0.073711
vn -0.036311 0.054762 -0.075383
vn -0.046827 0.046247 -0.075289
vn -0.013055 0.064299 -0.075466
vn -0.001069 0.063359 -0.077359
vn -0.013054 0.058268 -0.080215
vn -0.001069 0.055589 -0.083119
vn -0.013055 0.051889 -0.084482
vn -0.001069 0.047269 -0.088116
vn -0.013056 0.045157 -0.088263
vn -0.001068 0.038388 -0.092332
vn -0.013058 0.038062 -0.091546
vn -0.013059 0.030614 -0.094299
vn -0.024948 0.029902 -0.092106
vn -0.024947 0.022475 -0.094194
vn -0.036320 0.021625 -0.090627
vn -0.036317 0.014452 -0.092045
vn -0.046832 0.013705 -0.087286
vn -0.046829 0.006883 -0.088089
vn -0.001068 0.028959 -0.095709
vn -0.013058 0.023010 -0.096437
vn -0.024944 0.015020 -0.095667
vn -0.036315 0.007258 -0.092890
vn -0.046829 0.000041 -0.088357
vn -0.001069 0.019359 -0.098102
vn -0.013056 0.015377 -0.097944
vn -0.024942 0.007544 -0.096545
vn -0.036314 0.000043 -0.093173
vn -0.046832 -0.006818 -0.088093
vn -0.001069 0.009719 -0.099521
vn -0.013055 0.007723 -0.098843
vn -0.024942 0.000044 -0.096840
vn -0.036317 -0.007189 -0.092895
vn -0.046836 -0.013699 -0.087285
vn -0.001069 0.000045 -0.099994
vn -0.013055 0.000045 -0.099144
vn -0.024944 -0.007472 -0.096550
vn -0.036320 -0.014445 -0.092044
vn -0.046839 -0.020595 -0.085918
vn -0.013056 -0.007649 -0.098849
vn -0.001069 -0.009664 -0.099526
vn -0.013058 -0.015370 -0.097945
vn -0.001068 -0.019405 -0.098093
vn -0.013059 -0.023109 -0.096413
vn -0.001068 -0.029103 -0.095665
vn -0.013058 -0.030732 -0.094260
vn -0.001069 -0.038373 -0.092338
vn -0.013057 -0.038048 -0.091553
vn -0.013056 -0.045058 -0.088314
vn -0.024943 -0.044012 -0.086260
vn -0.024943 -0.050567 -0.082588
vn -0.036316 -0.048654 -0.079461
vn -0.036317 -0.054682 -0.075438
vn -0.046832 -0.051856 -0.071538
vn -0.046836 -0.057303 -0.067252
vn -0.001069 -0.047165 -0.088172
vn -0.013056 -0.051770 -0.084555
vn -0.024944 -0.056833 -0.078408
vn -0.036320 -0.060426 -0.070919
vn -0.046837 -0.062468 -0.062482
vn -0.001069 -0.055487 -0.083187
vn -0.013056 -0.058184 -0.080276
vn -0.024946 -0.062803 -0.073712
vn -0.036322 -0.065873 -0.065890
vn -0.046836 -0.067232 -0.057326
vn -0.001069 -0.063337 -0.077378
vn -0.013058 -0.064297 -0.075468
vn -0.024948 -0.068465 -0.068485
vn -0.036320 -0.070896 -0.060453
vn -0.046833 -0.071519 -0.051881
vn -0.001068 -0.070694 -0.070720
vn -0.013058 -0.070094 -0.070117
vn -0.024947 -0.073685 -0.062834
vn -0.036318 -0.075417 -0.054711
vn -0.046831 -0.075341 -0.046158
vn -0.013058 -0.075438 -0.064332
vn -0.001068 -0.077347 -0.063374
vn -0.013057 -0.080248 -0.058222
vn -0.001069 -0.083162 -0.055524
vn -0.013056 -0.084536 -0.051800
vn -0.001069 -0.088162 -0.047184
vn -0.013056 -0.088308 -0.045070
vn -0.001068 -0.092346 -0.038354
vn -0.013057 -0.091562 -0.038026
vn -0.013058 -0.094282 -0.030667
vn -0.024946 -0.092090 -0.029951
vn -0.024946 -0.094167 -0.022591
vn -0.036319 -0.090601 -0.021733
vn -0.036319 -0.092025 -0.014575
vn -0.046834 -0.087268 -0.013819
vn -0.001068 -0.095687 -0.029032
vn -0.013058 -0.096408 -0.023131
vn -0.024946 -0.095646 -0.015151
vn -0.001068 -0.098074 -0.019503
vn -0.013057 -0.097922 -0.015514
vn -0.099525 -0.009623 -0.001506
vn -0.099525 -0.009474 -0.002255
vn -0.099525 -0.009265 -0.002995
vn -0.099525 -0.008998 -0.003719
vn -0.099525 -0.008679 -0.004411
vn -0.099525 -0.008309 -0.005073
vn -0.099525 -0.007887 -0.005704
vn -0.099525 -0.007414 -0.006304
vn -0.099525 -0.006888 -0.006873
vn -0.099526 -0.006319 -0.007399
vn -0.099526 -0.005719 -0.007872
vn -0.099526 -0.005089 -0.008293
vn -0.099526 -0.004429 -0.008663
vn -0.099526 -0.003739 -0.008980
vn -0.099526 -0.003020 -0.009246
vn -0.099526 -0.002271 -0.009457
vn -0.099526 -0.001511 -0.009608
vn -0.099526 -0.000752 -0.009698
vn -0.099526 0.000005 -0.009728
vn -0.099526 0.000759 -0.009698
vn -0.099526 0.001511 -0.009609
vn -0.099526 0.002261 -0.009460
vn -0.099526 0.003009 -0.009249
vn -0.099526 0.003741 -0.008979
vn -0.099526 0.004439 -0.008657
vn -0.099525 0.005101 -0.008287
vn -0.099525 0.005728 -0.007868
vn -0.099525 0.006321 -0.007400
vn -0.099525 0.006879 -0.006885
vn -0.099525 0.007400 -0.006320
vn -0.099525 0.007885 -0.005705
vn -0.099525 0.008320 -0.005054
vn -0.099525 0.008695 -0.004385
vn -0.099524 0.009012 -0.003697
vn -0.099524 0.009272 -0.002992
vn -0.099524 0.009476 -0.002269
vn -0.099524 0.009623 -0.001530
vn -0.099524 0.009713 -0.000773
vn -0.099524 0.009743 0.000002
vn -0.099524 0.009712 0.000790
vn -0.099524 0.009621 0.001564
vn -0.099524 0.009471 0.002314
vn -0.099523 0.009266 0.003042
vn -0.099523 0.009006 0.003747
vn -0.099523 0.008691 0.004430
vn -0.099523 0.008321 0.005090
vn -0.099523 0.007896 0.005727
vn -0.099523 0.007413 0.006339
vn -0.099523 0.006877 0.006919
vn -0.099523 0.006307 0.007446
vn -0.099522 0.005709 0.007918
vn -0.099522 0.005082 0.008337
vn -0.099522 0.004428 0.008703
vn -0.099522 0.003746 0.009018
vn -0.099522 0.003038 0.009279
vn -0.099522 0.002301 0.009486
vn -0.099523 0.001537 0.009638
vn -0.099131 -0.012996 -0.002041
vn -0.099131 -0.012795 -0.003052
vn -0.099131 -0.012513 -0.004052
vn -0.099131 -0.012152 -0.005029
vn -0.099131 -0.011721 -0.005964
vn -0.099132 -0.011221 -0.006858
vn -0.099132 -0.010652 -0.007710
vn -0.099132 -0.010013 -0.008520
vn -0.099132 -0.009303 -0.009288
vn -0.099132 -0.008534 -0.009999
vn -0.099132 -0.007723 -0.010638
vn -0.099132 -0.006872 -0.011207
vn -0.099132 -0.005981 -0.011705
vn -0.099132 -0.005050 -0.012135
vn -0.099133 -0.004079 -0.012493
vn -0.099133 -0.003067 -0.012778
vn -0.099133 -0.002040 -0.012983
vn -0.099133 -0.001015 -0.013104
vn -0.099132 0.000006 -0.013144
vn -0.099132 0.001025 -0.013104
vn -0.099133 0.002041 -0.012984
vn -0.099133 0.003054 -0.012782
vn -0.099133 0.004063 -0.012498
vn -0.099133 0.005052 -0.012133
vn -0.099132 0.005995 -0.011699
vn -0.099132 0.006889 -0.011198
vn -0.099132 0.007736 -0.010632
vn -0.099132 0.008536 -0.010001
vn -0.099132 0.009290 -0.009304
vn -0.099132 0.009994 -0.008542
vn -0.099132 0.010649 -0.007711
vn -0.099132 0.011236 -0.006833
vn -0.099131 0.011743 -0.005928
vn -0.099131 0.012171 -0.005000
vn -0.099130 0.012523 -0.004047
vn -0.099130 0.012798 -0.003071
vn -0.099130 0.012996 -0.002072
vn -0.099130 0.013117 -0.001050
vn -0.099131 0.013158 -0.000004
vn -0.099130 0.013116 0.001061
vn -0.099130 0.012993 0.002105
vn -0.099129 0.012791 0.003119
vn -0.099129 0.012514 0.004102
vn -0.099129 0.012163 0.005054
vn -0.099129 0.011738 0.005977
vn -0.099129 0.011238 0.006868
vn -0.099129 0.010663 0.007728
vn -0.099129 0.010012 0.008555
vn -0.099129 0.009288 0.009338
vn -0.099128 0.008518 0.010050
vn -0.099128 0.007710 0.010687
vn -0.099128 0.006863 0.011253
vn -0.099127 0.005980 0.011748
vn -0.099127 0.005059 0.012172
vn -0.099128 0.004103 0.012525
vn -0.099128 0.003108 0.012805
vn -0.099128 0.002076 0.013010
vn -0.096043 -0.027512 -0.004341
vn -0.096043 -0.027086 -0.006481
vn -0.096044 -0.026489 -0.008598
vn -0.096044 -0.025726 -0.010667
vn -0.096044 -0.024813 -0.012646
vn -0.096044 -0.023754 -0.014538
vn -0.096044 -0.022548 -0.016342
vn -0.096045 -0.021196 -0.018058
vn -0.096046 -0.019693 -0.019683
vn -0.096045 -0.018066 -0.021187
vn -0.096045 -0.016350 -0.022540
vn -0.096045 -0.014548 -0.023744
vn -0.096045 -0.012662 -0.024800
vn -0.096046 -0.010691 -0.025709
vn -0.096046 -0.008635 -0.026467
vn -0.096047 -0.006493 -0.027071
vn -0.096046 -0.004319 -0.027504
vn -0.096045 -0.002150 -0.027761
vn -0.096045 0.000013 -0.027845
vn -0.096045 0.002170 -0.027761
vn -0.096045 0.004321 -0.027506
vn -0.096046 0.006465 -0.027080
vn -0.096047 0.008601 -0.026477
vn -0.096046 0.010695 -0.025705
vn -0.096045 0.012690 -0.024785
vn -0.096044 0.014583 -0.023725
vn -0.096044 0.016376 -0.022527
vn -0.096044 0.018070 -0.021191
vn -0.096044 0.019665 -0.019717
vn -0.096045 0.021157 -0.018103
vn -0.096045 0.022544 -0.016344
vn -0.096044 0.023786 -0.014485
vn -0.096042 0.024858 -0.012570
vn -0.096040 0.025764 -0.010604
vn -0.096039 0.026509 -0.008587
vn -0.096039 0.027091 -0.006522
vn -0.096040 0.027512 -0.004407
vn -0.096041 0.027768 -0.002243
vn -0.096042 0.027855 -0.000029
vn -0.096042 0.027766 0.002224
vn -0.096041 0.027505 0.004436
vn -0.096039 0.027078 0.006582
vn -0.096037 0.026491 0.008663
vn -0.096037 0.025747 0.010679
vn -0.096037 0.024847 0.012631
vn -0.096038 0.023790 0.014518
vn -0.096039 0.022574 0.016339
vn -0.096040 0.021194 0.018090
vn -0.096039 0.019661 0.019747
vn -0.096037 0.018032 0.021253
vn -0.096035 0.016320 0.022603
vn -0.096034 0.014528 0.023800
vn -0.096033 0.012658 0.024847
vn -0.096034 0.010710 0.025745
vn -0.096035 0.008685 0.026492
vn -0.096037 0.006579 0.027086
vn -0.096038 0.004394 0.027521
vn -0.094801 -0.031434 -0.004963
vn -0.094802 -0.030947 -0.007408
vn -0.094802 -0.030265 -0.009827
vn -0.094802 -0.029393 -0.012190
vn -0.094802 -0.028350 -0.014452
vn -0.094802 -0.027140 -0.016613
vn -0.094803 -0.025763 -0.018674
vn -0.094804 -0.024217 -0.020635
vn -0.094804 -0.022501 -0.022491
vn -0.094804 -0.020641 -0.024210
vn -0.094803 -0.018681 -0.025756
vn -0.094803 -0.016622 -0.027131
vn -0.094803 -0.014467 -0.028338
vn -0.094804 -0.012215 -0.029376
vn -0.094805 -0.009866 -0.030243
vn -0.094806 -0.007418 -0.030933
vn -0.094805 -0.004934 -0.031427
vn -0.094804 -0.002456 -0.031721
vn -0.094803 0.000015 -0.031818
vn -0.094803 0.002480 -0.031721
vn -0.094804 0.004937 -0.031430
vn -0.094805 0.007387 -0.030943
vn -0.094806 0.009828 -0.030254
vn -0.094805 0.012220 -0.029372
vn -0.094803 0.014499 -0.028321
vn -0.094802 0.016662 -0.027110
vn -0.094802 0.018711 -0.025741
vn -0.094802 0.020646 -0.024215
vn -0.094803 0.022469 -0.022531
vn -0.094804 0.024174 -0.020686
vn -0.094804 0.025758 -0.018677
vn -0.094802 0.027177 -0.016552
vn -0.094800 0.028402 -0.014364
vn -0.094798 0.029437 -0.012119
vn -0.094797 0.030287 -0.009814
vn -0.094796 0.030953 -0.007454
vn -0.094797 0.031433 -0.005038
vn -0.094799 0.031726 -0.002566
vn -0.094800 0.031826 -0.000036
vn -0.094800 0.031725 0.002539
vn -0.094799 0.031426 0.005065
vn -0.094796 0.030938 0.007517
vn -0.094795 0.030267 0.009895
vn -0.094794 0.029417 0.012198
vn -0.094794 0.028389 0.014429
vn -0.094795 0.027181 0.016585
vn -0.094797 0.025791 0.018666
vn -0.094798 0.024215 0.020666
vn -0.094797 0.022464 0.022560
vn -0.094795 0.020603 0.024280
vn -0.094792 0.018646 0.025822
vn -0.094790 0.016599 0.027190
vn -0.094790 0.014463 0.028386
vn -0.094790 0.012237 0.029412
vn -0.094792 0.009923 0.030266
vn -0.094794 0.007517 0.030945
vn -0.094796 0.005021 0.031442
vn -0.087148 -0.048442 -0.007659
vn -0.087148 -0.047693 -0.011427
vn -0.087149 -0.046641 -0.015155
vn -0.087149 -0.045297 -0.018796
vn -0.087148 -0.043690 -0.022282
vn -0.087148 -0.041824 -0.025612
vn -0.087149 -0.039702 -0.028789
vn -0.087151 -0.037321 -0.031810
vn -0.087152 -0.034676 -0.034672
vn -0.087151 -0.031810 -0.037321
vn -0.087149 -0.028788 -0.039702
vn -0.087148 -0.025615 -0.041821
vn -0.087149 -0.022295 -0.043681
vn -0.087150 -0.018825 -0.045282
vn -0.087153 -0.015204 -0.046618
vn -0.087154 -0.011433 -0.047682
vn -0.087152 -0.007604 -0.048443
vn -0.087150 -0.003785 -0.048894
vn -0.087148 0.000023 -0.049043
vn -0.087148 0.003822 -0.048894
vn -0.087150 0.007609 -0.048446
vn -0.087152 0.011384 -0.047696
vn -0.087153 0.015145 -0.046636
vn -0.087152 0.018832 -0.045276
vn -0.087149 0.022343 -0.043656
vn -0.087146 0.025676 -0.041788
vn -0.087145 0.028833 -0.039678
vn -0.087146 0.031817 -0.037326
vn -0.087148 0.034625 -0.034732
vn -0.087150 0.037253 -0.031890
vn -0.087151 0.039695 -0.028793
vn -0.087148 0.041882 -0.025519
vn -0.087143 0.043768 -0.022146
vn -0.087139 0.045362 -0.018686
vn -0.087136 0.046671 -0.015133
vn -0.087137 0.047697 -0.011498
vn -0.087139 0.048439 -0.007775
vn -0.087143 0.048892 -0.003964
vn -0.087146 0.049046 -0.000067
vn -0.087146 0.048891 0.003902
vn -0.087143 0.048429 0.007795
vn -0.087138 0.047675 0.011574
vn -0.087135 0.046641 0.015237
vn -0.087133 0.045331 0.018786
vn -0.087134 0.043747 0.022224
vn -0.087137 0.041887 0.025547
vn -0.087140 0.039746 0.028754
vn -0.087143 0.037317 0.031837
vn -0.087141 0.034619 0.034755
vn -0.087136 0.031749 0.037406
vn -0.087131 0.028734 0.039781
vn -0.087128 0.025578 0.041887
vn -0.087126 0.022286 0.043730
vn -0.087128 0.018857 0.045312
vn -0.087131 0.015291 0.046629
vn -0.087136 0.011584 0.047677
vn -0.087140 0.007738 0.048444
vn -0.084376 -0.053014 -0.008384
vn -0.084376 -0.052194 -0.012507
vn -0.084377 -0.051043 -0.016587
vn -0.084376 -0.049572 -0.020572
vn -0.084375 -0.047813 -0.024387
vn -0.084375 -0.045772 -0.028032
vn -0.084377 -0.043449 -0.031508
vn -0.084379 -0.040843 -0.034815
vn -0.084380 -0.037949 -0.037946
vn -0.084379 -0.034812 -0.040845
vn -0.084377 -0.031505 -0.043451
vn -0.084376 -0.028033 -0.045770
vn -0.084376 -0.024399 -0.047806
vn -0.084378 -0.020601 -0.049557
vn -0.084381 -0.016639 -0.051020
vn -0.084382 -0.012512 -0.052184
vn -0.084380 -0.008322 -0.053017
vn -0.084377 -0.004142 -0.053510
vn -0.084375 0.000025 -0.053673
vn -0.084375 0.004182 -0.053510
vn -0.084377 0.008327 -0.053020
vn -0.084380 0.012459 -0.052200
vn -0.084382 0.016575 -0.051039
vn -0.084380 0.020609 -0.049551
vn -0.084377 0.024452 -0.047777
vn -0.084374 0.028099 -0.045733
vn -0.084372 0.031554 -0.043424
vn -0.084373 0.034819 -0.040851
vn -0.084376 0.037893 -0.038012
vn -0.084378 0.040769 -0.034902
vn -0.084379 0.043441 -0.031513
vn -0.084375 0.045834 -0.027929
vn -0.084370 0.047898 -0.024238
vn -0.084365 0.049642 -0.020451
vn -0.084362 0.051075 -0.016563
vn -0.084363 0.052197 -0.012585
vn -0.084366 0.053010 -0.008511
vn -0.084370 0.053506 -0.004340
vn -0.084374 0.053675 -0.000076
vn -0.084374 0.053505 0.004268
vn -0.084370 0.052999 0.008529
vn -0.084365 0.052174 0.012664
vn -0.084361 0.051042 0.016673
vn -0.084359 0.049608 0.020556
vn -0.084360 0.047875 0.024319
vn -0.084363 0.045840 0.027956
vn -0.084367 0.043497 0.031466
vn -0.084370 0.040839 0.034840
vn -0.084369 0.037887 0.038034
vn -0.084363 0.034746 0.040934
vn -0.084357 0.031445 0.043532
vn -0.084353 0.027992 0.045837
vn -0.084352 0.024389 0.047854
vn -0.084353 0.020637 0.049585
vn -0.084358 0.016734 0.051027
vn -0.084363 0.012678 0.052174
vn -0.084367 0.008468 0.053014
vn -0.046835 -0.085918 -0.020607
vn -0.046835 -0.084023 -0.027323
vn -0.046834 -0.081601 -0.033881
vn -0.046832 -0.078702 -0.040159
vn -0.036320 -0.088603 -0.028815
vn -0.024945 -0.089434 -0.037139
vn -0.036319 -0.086048 -0.035731
vn -0.036317 -0.082991 -0.042351
vn -0.036317 -0.079446 -0.048676
vn -0.024944 -0.086256 -0.044020
vn -0.024944 -0.082571 -0.050594
vn -0.024945 -0.078383 -0.056867
vn -0.046830 -0.046140 -0.075352
vn -0.046831 -0.040159 -0.078703
vn -0.046834 -0.033910 -0.081589
vn -0.046837 -0.027389 -0.084000
vn -0.036316 -0.042346 -0.082994
vn -0.024945 -0.037164 -0.089424
vn -0.036318 -0.035758 -0.086037
vn -0.036322 -0.028882 -0.088581
vn -0.036323 -0.021718 -0.090603
vn -0.024947 -0.030018 -0.092068
vn -0.024948 -0.022572 -0.094171
vn -0.024946 -0.015013 -0.095668
vn -0.046836 0.020507 -0.085941
vn -0.046839 0.027284 -0.084034
vn -0.046837 0.033923 -0.081582
vn -0.046832 0.040247 -0.078657
vn -0.036323 0.028771 -0.088617
vn -0.024947 0.037178 -0.089417
vn -0.036321 0.035771 -0.086030
vn -0.036317 0.042440 -0.082946
vn -0.036313 0.048766 -0.079393
vn -0.024944 0.044109 -0.086210
vn -0.024941 0.050684 -0.082517
vn -0.024940 0.056915 -0.078350
vn -0.046832 0.075444 -0.045989
vn -0.046824 0.078834 -0.039910
vn -0.046817 0.081695 -0.033675
vn -0.046813 0.084051 -0.027275
vn -0.036310 0.083128 -0.042087
vn -0.024935 0.089531 -0.036912
vn -0.036304 0.086145 -0.035512
vn -0.036301 0.088628 -0.028763
vn -0.036302 0.090578 -0.021859
vn -0.024932 0.092112 -0.029896
vn -0.024933 0.094139 -0.022722
vn -0.024936 0.095613 -0.015376
vn -0.046820 0.085873 0.020826
vn -0.046814 0.084003 0.027422
vn -0.046812 0.081643 0.033810
vn -0.046814 0.078791 0.040005
vn -0.036302 0.088579 0.028913
vn -0.024932 0.089475 0.037048
vn -0.036300 0.086090 0.035649
vn -0.036302 0.083084 0.042182
vn -0.036306 0.079559 0.048499
vn -0.024933 0.086351 0.043838
vn -0.024937 0.082690 0.050404
vn -0.024941 0.078474 0.056743
vn -0.046805 0.046065 0.075414
vn -0.046803 0.040135 0.078732
vn -0.046806 0.033963 0.081583
vn -0.046812 0.027541 0.083965
vn -0.036293 0.042321 0.083017
vn -0.024928 0.037222 0.089404
vn -0.036295 0.035813 0.086024
vn -0.036301 0.029042 0.088537
vn -0.036308 0.022005 0.090540
vn -0.024933 0.030185 0.092018
vn -0.024938 0.022871 0.094101
vn -0.024942 0.015278 0.095627
vn -0.099793 -0.000521 0.006415
vn -0.099793 -0.001014 0.006357
vn -0.099793 -0.001499 0.006261
vn -0.099793 -0.001975 0.006126
vn -0.099793 -0.002441 0.005954
vn -0.099522 -0.000790 0.009732
vn -0.099522 -0.001540 0.009643
vn -0.099522 -0.002276 0.009497
vn -0.099522 -0.002998 0.009293
vn -0.099522 -0.003707 0.009032
vn -0.099523 -0.004400 0.008712
vn -0.099128 -0.001067 0.013137
vn -0.099127 -0.002080 0.013017
vn -0.099127 -0.003074 0.012819
vn -0.099127 -0.004049 0.012544
vn -0.099128 -0.005006 0.012191
vn -0.099128 -0.005943 0.011759
vn -0.099129 -0.006859 0.011246
vn -0.098597 -0.001352 0.016637
vn -0.098597 -0.002635 0.016486
vn -0.098596 -0.003894 0.016235
vn -0.098597 -0.005130 0.015887
vn -0.098597 -0.006342 0.015439
vn -0.098598 -0.007528 0.014892
vn -0.098598 -0.008689 0.014242
vn -0.098599 -0.009815 0.013490
vn -0.097916 -0.001646 0.020241
vn -0.097916 -0.003207 0.020056
vn -0.097915 -0.004739 0.019751
vn -0.097916 -0.006242 0.019327
vn -0.097916 -0.007717 0.018783
vn -0.097917 -0.009161 0.018118
vn -0.097918 -0.010573 0.017327
vn -0.097919 -0.011943 0.016411
vn -0.097918 -0.013220 0.015404
vn -0.097069 -0.001948 0.023955
vn -0.097068 -0.003796 0.023737
vn -0.097068 -0.005609 0.023376
vn -0.097068 -0.007388 0.022874
vn -0.097069 -0.009134 0.022230
vn -0.097070 -0.010843 0.021442
vn -0.097072 -0.012515 0.020506
vn -0.097072 -0.014137 0.019422
vn -0.097071 -0.015648 0.018231
vn -0.097070 -0.017033 0.016950
vn -0.096035 -0.002260 0.027788
vn -0.096034 -0.004404 0.027535
vn -0.096033 -0.006507 0.027116
vn -0.096034 -0.008572 0.026534
vn -0.096035 -0.010597 0.025787
vn -0.096037 -0.012580 0.024873
vn -0.096038 -0.014519 0.023787
vn -0.096039 -0.016401 0.022529
vn -0.096038 -0.018154 0.021147
vn -0.096036 -0.019761 0.019662
vn -0.096035 -0.021229 0.018073
vn -0.094792 -0.002582 0.031747
vn -0.094790 -0.005031 0.031457
vn -0.094790 -0.007435 0.030978
vn -0.094790 -0.009793 0.030313
vn -0.094792 -0.012107 0.029460
vn -0.094794 -0.014373 0.028416
vn -0.094796 -0.016589 0.027175
vn -0.094797 -0.018739 0.025738
vn -0.094795 -0.020742 0.024159
vn -0.094793 -0.022578 0.022462
vn -0.094791 -0.024256 0.020646
vn -0.094791 -0.025772 0.018722
vn -0.093313 -0.002915 0.035836
vn -0.093311 -0.005680 0.035508
vn -0.093310 -0.008393 0.034968
vn -0.093311 -0.011056 0.034218
vn -0.093313 -0.013668 0.033255
vn -0.093316 -0.016226 0.032076
vn -0.093318 -0.018727 0.030676
vn -0.093319 -0.021155 0.029053
vn -0.093317 -0.023416 0.027270
vn -0.093314 -0.025488 0.025355
vn -0.093312 -0.027382 0.023305
vn -0.093311 -0.029094 0.021133
vn -0.093312 -0.030628 0.018837
vn -0.091567 -0.003258 0.040060
vn -0.091565 -0.006349 0.039694
vn -0.091564 -0.009383 0.039090
vn -0.091565 -0.012359 0.038251
vn -0.091567 -0.015280 0.037174
vn -0.091571 -0.018139 0.035857
vn -0.091574 -0.020936 0.034292
vn -0.091574 -0.023650 0.032478
vn -0.091572 -0.026178 0.030485
vn -0.091569 -0.028494 0.028343
vn -0.091566 -0.030611 0.026051
vn -0.091565 -0.032525 0.023623
vn -0.091566 -0.034240 0.021056
vn -0.091568 -0.035756 0.018351
vn -0.089520 -0.003613 0.044420
vn -0.089517 -0.007041 0.044013
vn -0.089516 -0.010404 0.043343
vn -0.089517 -0.013705 0.042413
vn -0.089520 -0.016943 0.041220
vn -0.089524 -0.020115 0.039759
vn -0.089528 -0.023216 0.038024
vn -0.089528 -0.026226 0.036012
vn -0.089525 -0.029028 0.033802
vn -0.089521 -0.031596 0.031426
vn -0.089518 -0.033943 0.028885
vn -0.089517 -0.036065 0.026192
vn -0.089518 -0.037967 0.023346
vn -0.089521 -0.039649 0.020346
vn -0.089526 -0.041106 0.017189
vn -0.087131 -0.003979 0.048911
vn -0.087128 -0.007753 0.048463
vn -0.087127 -0.011457 0.047725
vn -0.087128 -0.015091 0.046701
vn -0.087132 -0.018657 0.045387
vn -0.087137 -0.022149 0.043779
vn -0.087141 -0.025565 0.041868
vn -0.087141 -0.028879 0.039654
vn -0.087138 -0.031965 0.037219
vn -0.087133 -0.034792 0.034603
vn -0.087129 -0.037377 0.031805
vn -0.087127 -0.039713 0.028839
vn -0.087128 -0.041807 0.025706
vn -0.087132 -0.043659 0.022402
vn -0.087138 -0.045264 0.018926
vn -0.087143 -0.046613 0.015276
vn -0.084357 -0.004354 0.053524
vn -0.084353 -0.008484 0.053033
vn -0.084352 -0.012538 0.052226
vn -0.084353 -0.016515 0.051105
vn -0.084358 -0.020417 0.049668
vn -0.084363 -0.024240 0.047909
vn -0.084368 -0.027978 0.045818
vn -0.084369 -0.031605 0.043394
vn -0.084365 -0.034981 0.040730
vn -0.084359 -0.038074 0.037867
vn -0.084354 -0.040903 0.034803
vn -0.084352 -0.043460 0.031558
vn -0.084354 -0.045752 0.028129
vn -0.084358 -0.047778 0.024514
vn -0.084364 -0.049535 0.020710
vn -0.084370 -0.051012 0.016716
vn -0.084373 -0.052191 0.012540
vn -0.081151 -0.004738 0.058242
vn -0.081146 -0.009232 0.057707
vn -0.081144 -0.013643 0.056828
vn -0.081146 -0.017971 0.055609
vn -0.081151 -0.022217 0.054046
vn -0.081157 -0.026377 0.052132
vn -0.081163 -0.030445 0.049857
vn -0.081163 -0.034392 0.047220
vn -0.081159 -0.038066 0.044320
vn -0.081152 -0.041431 0.041204
vn -0.081147 -0.044509 0.037869
vn -0.081145 -0.047291 0.034338
vn -0.081146 -0.049785 0.030607
vn -0.081151 -0.051991 0.026673
vn -0.081158 -0.053903 0.022535
vn -0.081165 -0.055511 0.018188
vn -0.081168 -0.056794 0.013644
vn -0.081169 -0.057689 0.009143
vn -0.077461 -0.005128 0.063035
vn -0.077456 -0.009993 0.062456
vn -0.077454 -0.014766 0.061505
vn -0.077456 -0.019451 0.060185
vn -0.077462 -0.024046 0.058493
vn -0.077469 -0.028549 0.056423
vn -0.077475 -0.032953 0.053961
vn -0.077475 -0.037225 0.051107
vn -0.077470 -0.041201 0.047967
vn -0.077463 -0.044843 0.044594
vn -0.077457 -0.048173 0.040985
vn -0.077454 -0.051184 0.037163
vn -0.077456 -0.053883 0.033124
vn -0.077461 -0.056271 0.028867
vn -0.077469 -0.058342 0.024388
vn -0.077477 -0.060083 0.019684
vn -0.077480 -0.061472 0.014766
vn -0.077481 -0.062441 0.009894
vn -0.071526 -0.005667 0.069656
vn -0.071520 -0.011042 0.069014
vn -0.071518 -0.016317 0.067963
vn -0.071520 -0.021494 0.066505
vn -0.071526 -0.026572 0.064637
vn -0.071534 -0.031550 0.062350
vn -0.071541 -0.036416 0.059630
vn -0.071542 -0.041137 0.056476
vn -0.071536 -0.045531 0.053006
vn -0.071528 -0.049554 0.049277
vn -0.071521 -0.053234 0.045288
vn -0.071518 -0.056560 0.041064
vn -0.071519 -0.059543 0.036601
vn -0.071525 -0.062183 0.031897
vn -0.071534 -0.064472 0.026949
vn -0.071543 -0.066397 0.021750
vn -0.071547 -0.067933 0.016315
vn -0.071547 -0.069004 0.010931
vn -0.046804 -0.020633 0.085928
vn -0.046806 -0.027179 0.084086
vn -0.046813 -0.033601 0.081728
vn -0.046821 -0.039899 0.078841
vn -0.036296 -0.028659 0.088664
vn -0.024933 -0.036825 0.089567
vn -0.036301 -0.035432 0.086179
vn -0.036308 -0.042074 0.083136
vn -0.036314 -0.048567 0.079515
vn -0.024938 -0.043730 0.086405
vn -0.024942 -0.050479 0.082642
vn -0.024943 -0.057023 0.078270
vn -0.099793 -0.005196 0.003790
vn -0.099523 -0.008306 0.005122
vn -0.099129 -0.011714 0.006025
vn -0.098599 -0.015385 0.006445
vn -0.097920 -0.019278 0.006329
vn -0.099793 -0.005470 0.003380
vn -0.099523 -0.008674 0.004466
vn -0.099129 -0.012144 0.005091
vn -0.098600 -0.015842 0.005204
vn -0.097921 -0.019723 0.004751
vn -0.046805 -0.075288 0.046271
vn -0.046811 -0.078630 0.040325
vn -0.046820 -0.081529 0.034071
vn -0.046828 -0.083970 0.027497
vn -0.046832 -0.085915 0.020625
vn -0.046833 -0.087269 0.013816
vn -0.099793 -0.005712 0.002947
vn -0.099523 -0.008992 0.003775
vn -0.099130 -0.012506 0.004112
vn -0.098600 -0.016208 0.003908
vn -0.097921 -0.020034 0.003188
vn -0.036299 -0.082913 0.042519
vn -0.024937 -0.089354 0.037337
vn -0.099793 -0.005922 0.002492
vn -0.099524 -0.009260 0.003050
vn -0.099130 -0.012794 0.003088
vn -0.098601 -0.016464 0.002623
vn -0.036307 -0.085972 0.035926
vn -0.036314 -0.088547 0.028994
vn -0.036318 -0.090599 0.021747
vn -0.036318 -0.092026 0.014566
vn -0.024942 -0.092032 0.030132
vn -0.024945 -0.094165 0.022600
vn -0.024945 -0.095648 0.015137
vn -0.001068 -0.099994 0.000000
vn -0.001068 -0.099994 -0.000011
vn -0.001068 -0.099994 0.000000
vn -0.001068 -0.099761 -0.006833
vn -0.001068 -0.099994 0.000000
vn -0.001068 -0.099761 -0.006833
vn -0.001068 -0.099994 0.000000
vn -0.001068 -0.099761 -0.006833
vn -0.001068 -0.099994 0.000000
vn -0.001068 -0.099761 -0.006833
vn -0.001068 -0.099994 0.000000
vn -0.001068 -0.099761 -0.006833
vn -0.001068 -0.099994 0.000000
vn -0.001068 -0.099761 -0.006833
vn -0.001068 -0.099994 0.000000
vn -0.001068 -0.099761 -0.006833
vn -0.001068 -0.099994 0.000000
vn -0.001068 -0.099761 -0.006833
vn -0.001068 -0.099994 0.000000
vn -0.001068 -0.099761 -0.006833
vn -0.001068 -0.099994 0.000000
vn -0.001068 -0.099761 -0.006834
vn -0.001068 -0.099994 0.000000
vn -0.001068 -0.099994 0.000000
vn -0.001068 -0.099761 -0.006834
vn -0.001068 -0.099994 0.000000
vn -0.001068 -0.099994 0.000000
vn -0.001068 -0.099761 -0.006834
vn -0.001068 -0.099994 0.000000
vn -0.001068 -0.099994 0.000000
vn -0.001068 -0.099761 -0.006834
vn -0.001068 -0.099994 0.000000
vn -0.001068 -0.099994 0.000000
vn -0.001068 -0.099761 -0.006834
vn -0.001068 -0.099994 0.000000
vn -0.001068 -0.099994 0.000000
vn -0.001068 -0.099761 -0.006834
vn -0.001068 -0.099994 0.000000
vn -0.001068 -0.099994 0.000000
vn -0.001068 -0.099761 -0.006834
vn -0.001068 -0.099994 0.000000
vn -0.001068 -0.099994 0.000000
vn -0.001068 -0.099761 -0.006834
vn -0.001068 -0.099994 0.000000
vn -0.001068 -0.099994 0.000000
vn -0.001068 -0.099761 -0.006834
vn -0.001068 -0.099994 0.000000
vn -0.001068 -0.099994 0.000000
vn -0.001068 -0.099761 -0.006834
vn -0.001068 -0.099994 0.000000
vn -0.001068 -0.099994 0.000000
vn -0.001068 -0.099761 -0.006834
vn -0.001068 -0.099994 0.000000
vn -0.001068 -0.099871 -0.004960
vn -0.001068 -0.099994 0.000000
vn -0.001068 -0.099507 -0.009864
vn -0.001068 -0.099069 -0.013574
vn -0.001068 -0.099069 -0.013574
vn -0.001068 -0.099069 -0.013574
vn -0.001068 -0.099069 -0.013574
vn -0.001068 -0.099069 -0.013574
vn -0.001068 -0.099069 -0.013574
vn -0.001068 -0.099069 -0.013574
vn -0.001068 -0.099069 -0.013574
vn -0.001068 -0.099069 -0.013574
vn -0.001068 -0.099069 -0.013574
vn -0.001068 -0.099069 -0.013574
vn -0.001068 -0.099069 -0.013574
vn -0.001068 -0.099069 -0.013574
vn -0.001068 -0.099069 -0.013574
vn -0.001068 -0.099069 -0.013574
vn -0.001068 -0.099069 -0.013574
vn -0.001068 -0.099069 -0.013574
vn -0.001068 -0.099069 -0.013574
vn -0.001068 -0.099069 -0.013574
vn -0.001068 -0.099069 -0.013574
vn -0.001068 -0.099505 -0.009875
vn -0.001068 -0.098067 -0.019539
vn -0.001068 -0.097928 -0.020222
vn -0.001068 -0.096342 -0.026777
vn -0.001068 -0.096342 -0.026777
vn -0.001068 -0.093406 -0.035696
vn -0.001068 -0.093406 -0.035696
vn -0.001068 -0.089610 -0.044372
vn -0.001068 -0.089610 -0.044372
vn -0.001068 -0.085060 -0.052570
vn -0.001068 -0.085060 -0.052570
vn -0.001068 -0.079787 -0.060273
vn -0.001068 -0.079787 -0.060273
vn -0.001068 -0.073791 -0.067482
vn -0.001068 -0.073791 -0.067482
vn -0.001068 -0.067001 -0.074228
vn -0.001068 -0.067001 -0.074228
vn -0.001068 -0.059633 -0.080267
vn -0.001068 -0.059633 -0.080267
vn -0.001068 -0.051885 -0.085480
vn -0.001068 -0.051885 -0.085480
vn -0.001068 -0.043785 -0.089898
vn -0.001068 -0.043785 -0.089898
vn -0.001068 -0.035339 -0.093541
vn -0.001068 -0.035339 -0.093541
vn -0.001068 -0.026540 -0.096408
vn -0.001068 -0.026540 -0.096408
vn -0.001068 -0.017379 -0.098472
vn -0.001068 -0.017379 -0.098472
vn -0.001068 -0.007853 -0.099685
vn -0.001068 -0.007853 -0.099685
vn -0.001068 0.001740 -0.099979
vn -0.001068 0.001740 -0.099979
vn -0.001068 0.011118 -0.099374
vn -0.001068 0.011118 -0.099374
vn -0.001068 0.020282 -0.097916
vn -0.001068 0.020282 -0.097916
vn -0.001068 0.029238 -0.095624
vn -0.001068 0.029238 -0.095624
vn -0.001068 0.037989 -0.092497
vn -0.001068 0.037989 -0.092497
vn -0.001068 0.046526 -0.088511
vn -0.001068 0.038092 -0.092455
vn -0.001068 0.047004 -0.088258
vn -0.001068 -0.098070 -0.019523
vn -0.001068 -0.097928 -0.020221
vn -0.001068 -0.097928 -0.020221
vn -0.001068 -0.097928 -0.020221
vn -0.001068 -0.097928 -0.020222
vn -0.001068 -0.097928 -0.020222
vn -0.001068 -0.097928 -0.020222
vn -0.001068 -0.097928 -0.020222
vn -0.001068 -0.097928 -0.020222
vn -0.001068 -0.097928 -0.020222
vn -0.001068 -0.097928 -0.020222
vn -0.001068 -0.097928 -0.020222
vn -0.001068 -0.097928 -0.020222
vn -0.001068 -0.097928 -0.020222
vn -0.001068 -0.097928 -0.020222
vn -0.001068 -0.097928 -0.020222
vn -0.001068 -0.097928 -0.020222
vn -0.001068 -0.097928 -0.020222
vn -0.001068 -0.097928 -0.020222
vn -0.001068 -0.097928 -0.020222
vn -0.001068 -0.096342 -0.026777
vn -0.001068 -0.095700 -0.028988
vn -0.001068 -0.093406 -0.035696
vn -0.001068 -0.092386 -0.038258
vn -0.001068 -0.089610 -0.044372
vn -0.001068 -0.088162 -0.047184
vn -0.001068 -0.085060 -0.052570
vn -0.001068 -0.083134 -0.055566
vn -0.001068 -0.079787 -0.060273
vn -0.001068 -0.077319 -0.063409
vn -0.001068 -0.073791 -0.067482
vn -0.001068 -0.070708 -0.070705
vn -0.001068 -0.067001 -0.074228
vn -0.001068 -0.063246 -0.077452
vn -0.001068 -0.059633 -0.080267
vn -0.001068 -0.055327 -0.083293
vn -0.001068 -0.051885 -0.085480
vn -0.001068 -0.047012 -0.088254
vn -0.001068 -0.043785 -0.089898
vn -0.001068 -0.038319 -0.092361
vn -0.001068 -0.035339 -0.093541
vn -0.001068 -0.029246 -0.095622
vn -0.001068 -0.026540 -0.096408
vn -0.001068 -0.019780 -0.098018
vn -0.001068 -0.017379 -0.098472
vn -0.001068 -0.009916 -0.099501
vn -0.001068 -0.007853 -0.099685
vn -0.001068 0.000141 -0.099994
vn -0.001068 0.001740 -0.099979
vn -0.001068 0.009976 -0.099495
vn -0.001068 0.011118 -0.099374
vn -0.001068 0.019576 -0.098059
vn -0.001068 0.020282 -0.097916
vn -0.001068 0.028946 -0.095713
vn -0.001068 0.029238 -0.095624
vn -0.001068 0.054790 -0.083647
vn -0.001068 0.055602 -0.083110
vn -0.001068 0.062450 -0.078095
vn -0.001068 0.063522 -0.077226
vn -0.001068 0.069456 -0.071935
vn -0.001068 0.070731 -0.070682
vn -0.001068 0.075826 -0.065186
vn -0.001068 0.077245 -0.063498
vn -0.001068 0.081563 -0.057848
vn -0.001068 0.083065 -0.055669
vn -0.001068 0.086649 -0.049907
vn -0.001068 0.088165 -0.047178
vn -0.001068 0.091008 -0.041430
vn -0.001068 0.092406 -0.038209
vn -0.001068 0.094494 -0.032706
vn -0.001068 0.095697 -0.028999
vn -0.001068 0.097128 -0.023770
vn -0.001068 0.098063 -0.019560
vn -0.001068 0.098919 -0.014624
vn -0.001068 0.099504 -0.009893
vn -0.001068 0.099856 -0.005266
vn -0.001068 0.099994 -0.000004
vn -0.001068 0.099905 0.004227
vn -0.001068 0.099509 0.009836
vn -0.001068 0.099069 0.013570
vn -0.001068 0.098077 0.019488
vn -0.001068 0.097373 0.022744
vn -0.001068 0.095709 0.028958
vn -0.001068 0.094821 0.031748
vn -0.001068 0.092392 0.038243
vn -0.001068 0.091376 0.040611
vn -0.001068 0.088082 0.047333
vn -0.001068 0.087071 0.049168
vn -0.001068 0.083006 0.055757
vn -0.001068 0.082083 0.057107
vn -0.001068 0.077227 0.063521
vn -0.001068 0.076456 0.064446
vn -0.001068 0.070767 0.070646
vn -0.001068 0.070208 0.071202
vn -0.001068 0.063628 0.077138
vn -0.001068 0.063335 0.077379
vn -0.001068 0.055787 0.082986
vn -0.001068 0.055821 0.082963
vn -0.001068 0.047645 0.087913
vn -0.001068 0.055821 0.082963
vn -0.001068 0.047645 0.087913
vn -0.001068 0.055821 0.082963
vn -0.001068 0.047645 0.087913
vn -0.001068 0.055821 0.082963
vn -0.001068 0.047645 0.087913
vn -0.001068 0.055821 0.082963
vn -0.001068 0.047645 0.087913
vn -0.001068 0.055821 0.082963
vn -0.001068 0.047645 0.087913
vn -0.001068 0.055821 0.082963
vn -0.001068 0.047645 0.087913
vn -0.001068 0.055821 0.082963
vn -0.001068 0.047645 0.087913
vn -0.001068 0.055821 0.082963
vn -0.001068 0.047646 0.087913
vn -0.001068 0.055821 0.082963
vn -0.001068 0.047646 0.087913
vn -0.001068 0.055822 0.082963
vn -0.001068 0.047646 0.087913
vn -0.001068 0.055822 0.082963
vn -0.001068 0.047646 0.087913
vn -0.001068 0.055822 0.082963
vn -0.001068 0.047646 0.087913
vn -0.001068 0.055822 0.082963
vn -0.001068 0.047646 0.087913
vn -0.001068 0.055822 0.082963
vn -0.001068 0.047646 0.087913
vn -0.001068 0.055822 0.082963
vn -0.001068 0.047646 0.087913
vn -0.001068 0.055822 0.082963
vn -0.001068 0.047646 0.087913
vn -0.001068 0.055822 0.082963
vn -0.001068 0.047646 0.087913
vn -0.001068 0.055822 0.082963
vn -0.001068 0.047646 0.087913
vn -0.001068 0.055822 0.082963
vn -0.001068 0.047646 0.087913
vn -0.001068 0.055800 0.082977
vn -0.001068 0.047252 0.088126
vn -0.001068 0.039014 0.092069
vn -0.001068 0.038222 0.092401
vn -0.001068 0.030208 0.095322
vn -0.001068 0.028978 0.095703
vn -0.001068 0.021221 0.097717
vn -0.001068 0.019560 0.098063
vn -0.001068 0.012056 0.099265
vn -0.001068 0.009958 0.099497
vn -0.001068 0.002710 0.099958
vn -0.001068 0.000147 0.099994
vn -0.001068 -0.006798 0.099763
vn -0.001068 -0.009797 0.099513
vn -0.001068 -0.016152 0.098681
vn -0.001068 -0.019491 0.098076
vn -0.001068 -0.025290 0.096743
vn -0.001068 -0.028940 0.095715
vn -0.001068 -0.034214 0.093959
vn -0.001068 -0.038168 0.092423
vn -0.001068 -0.042921 0.090314
vn -0.001068 -0.047181 0.088164
vn -0.001068 -0.051321 0.085820
vn -0.001068 -0.055628 0.083093
vn -0.001068 -0.059123 0.080644
vn -0.001068 -0.063424 0.077306
vn -0.001068 -0.066342 0.074817
vn -0.001068 -0.070604 0.070809
vn -0.001068 -0.072990 0.068347
vn -0.001068 -0.077170 0.063590
vn -0.001068 -0.079058 0.061226
vn -0.001068 -0.083069 0.055663
vn -0.001068 -0.084521 0.053433
vn -0.001068 -0.088204 0.047104
vn -0.001068 -0.089225 0.045141
vn -0.001068 -0.092400 0.038225
vn -0.001068 -0.093059 0.036592
vn -0.001068 -0.094154 0.033674
vn -0.001068 -0.096051 0.027803
vn -0.001068 -0.095679 0.029060
vn -0.001068 -0.098046 0.019641
vn -0.001068 -0.098215 0.018777
vn -0.001068 -0.098888 0.014830
vn -0.001068 -0.099541 0.009510
vn -0.001068 -0.099498 0.009950
vn -0.001068 0.047218 0.088144
vn -0.001068 0.039014 0.092069
vn -0.001068 0.039014 0.092069
vn -0.001068 0.039014 0.092069
vn -0.001068 0.039014 0.092069
vn -0.001068 0.039014 0.092069
vn -0.001068 0.039014 0.092069
vn -0.001068 0.039014 0.092069
vn -0.001068 0.039014 0.092069
vn -0.001068 0.039014 0.092069
vn -0.001068 0.039014 0.092069
vn -0.001068 0.039014 0.092069
vn -0.001068 0.039014 0.092069
vn -0.001068 0.039014 0.092069
vn -0.001068 0.039014 0.092069
vn -0.001068 0.039014 0.092069
vn -0.001068 0.039014 0.092069
vn -0.001068 0.039014 0.092069
vn -0.001068 0.039014 0.092069
vn -0.001068 0.039014 0.092069
vn -0.001068 0.038177 0.092419
vn -0.001068 0.030208 0.095322
vn -0.001068 0.030208 0.095322
vn -0.001068 0.030208 0.095322
vn -0.001068 0.030208 0.095322
vn -0.001068 0.030208 0.095322
vn -0.001068 0.030208 0.095322
vn -0.001068 0.030208 0.095322
vn -0.001068 0.030208 0.095322
vn -0.001068 0.030208 0.095322
vn -0.001068 0.030208 0.095322
vn -0.001068 0.030208 0.095322
vn -0.001068 0.030208 0.095322
vn -0.001068 0.030208 0.095322
vn -0.001068 0.030208 0.095322
vn -0.001068 0.030208 0.095322
vn -0.001068 0.030208 0.095322
vn -0.001068 0.030208 0.095322
vn -0.001068 0.030208 0.095322
vn -0.001068 0.030208 0.095322
vn -0.001068 0.028948 0.095712
vn -0.001068 0.021221 0.097717
vn -0.001068 0.021221 0.097717
vn -0.001068 0.021221 0.097717
vn -0.001068 0.021221 0.097717
vn -0.001068 0.021221 0.097717
vn -0.001068 0.021221 0.097717
vn -0.001068 0.021221 0.097717
vn -0.001068 0.021221 0.097717
vn -0.001068 0.021221 0.097717
vn -0.001068 0.021221 0.097717
vn -0.001068 0.021221 0.097717
vn -0.001068 0.021221 0.097717
vn -0.001068 0.021221 0.097717
vn -0.001068 0.021221 0.097717
vn -0.001068 0.021221 0.097717
vn -0.001068 0.021221 0.097717
vn -0.001068 0.021221 0.097717
vn -0.001068 0.021221 0.097717
vn -0.001068 0.021221 0.097717
vn -0.001068 0.019528 0.098069
vn -0.001068 0.012056 0.099265
vn -0.001068 0.012056 0.099265
vn -0.001068 0.012056 0.099265
vn -0.001068 0.012056 0.099265
vn -0.001068 0.012056 0.099265
vn -0.001068 0.012056 0.099265
vn -0.001068 0.012056 0.099265
vn -0.001068 0.012056 0.099265
vn -0.001068 0.012056 0.099265
vn -0.001068 0.012056 0.099265
vn -0.001068 0.012056 0.099265
vn -0.001068 0.012056 0.099265
vn -0.001068 0.012056 0.099265
vn -0.001068 0.012056 0.099265
vn -0.001068 0.012056 0.099265
vn -0.001068 0.012056 0.099265
vn -0.001068 0.012056 0.099265
vn -0.001068 0.012056 0.099265
vn -0.001068 0.012056 0.099265
vn -0.001068 0.009912 0.099502
vn -0.001068 0.002710 0.099958
vn -0.001068 0.002710 0.099958
vn -0.001068 0.002710 0.099958
vn -0.001068 0.002710 0.099958
vn -0.001068 0.002710 0.099958
vn -0.001068 0.002710 0.099958
vn -0.001068 0.002710 0.099958
vn -0.001068 0.002710 0.099958
vn -0.001068 0.002710 0.099958
vn -0.001068 0.002710 0.099958
vn -0.001068 0.002710 0.099958
vn -0.001068 0.002710 0.099958
vn -0.001068 0.002710 0.099958
vn -0.001068 0.002710 0.099958
vn -0.001068 0.002710 0.099958
vn -0.001068 0.002710 0.099958
vn -0.001068 0.002710 0.099958
vn -0.001068 0.002710 0.099958
vn -0.001068 0.002710 0.099958
vn -0.001068 0.000097 0.099994
vn -0.001068 -0.006798 0.099763
vn -0.001068 -0.006798 0.099763
vn -0.001068 -0.006798 0.099763
vn -0.001068 -0.006798 0.099763
vn -0.001068 -0.006798 0.099763
vn -0.001068 -0.006798 0.099763
vn -0.001068 -0.006798 0.099763
vn -0.001068 -0.006798 0.099763
vn -0.001068 -0.006798 0.099763
vn -0.001068 -0.006798 0.099763
vn -0.001068 -0.006798 0.099763
vn -0.001068 -0.006798 0.099763
vn -0.001068 -0.006798 0.099763
vn -0.001068 -0.006798 0.099763
vn -0.001068 -0.006798 0.099763
vn -0.001068 -0.006798 0.099763
vn -0.001068 -0.006798 0.099763
vn -0.001068 -0.006798 0.099763
vn -0.001068 -0.006798 0.099763
vn -0.001068 -0.009826 0.099510
vn -0.001068 -0.016152 0.098681
vn -0.001068 -0.016152 0.098681
vn -0.001068 -0.016152 0.098681
vn -0.001068 -0.016152 0.098681
vn -0.001068 -0.016152 0.098681
vn -0.001068 -0.016152 0.098681
vn -0.001068 -0.016152 0.098681
vn -0.001068 -0.016152 0.098681
vn -0.001068 -0.016152 0.098681
vn -0.001068 -0.016152 0.098681
vn -0.001068 -0.016152 0.098681
vn -0.001068 -0.016152 0.098681
vn -0.001068 -0.016152 0.098681
vn -0.001068 -0.016152 0.098681
vn -0.001068 -0.016152 0.098681
vn -0.001068 -0.016152 0.098681
vn -0.001068 -0.016152 0.098681
vn -0.001068 -0.016152 0.098681
vn -0.001068 -0.016152 0.098681
vn -0.001068 -0.019529 0.098069
vn -0.001068 -0.025290 0.096743
vn -0.001068 -0.025290 0.096743
vn -0.001068 -0.025290 0.096743
vn -0.001068 -0.025290 0.096743
vn -0.001068 -0.025290 0.096743
vn -0.001068 -0.025290 0.096743
vn -0.001068 -0.025290 0.096743
vn -0.001068 -0.025290 0.096743
vn -0.001068 -0.025290 0.096743
vn -0.001068 -0.025290 0.096743
vn -0.001068 -0.025290 0.096743
vn -0.001068 -0.025290 0.096743
vn -0.001068 -0.025290 0.096743
vn -0.001068 -0.025290 0.096743
vn -0.001068 -0.025290 0.096743
vn -0.001068 -0.025290 0.096743
vn -0.001068 -0.025290 0.096743
vn -0.001068 -0.025290 0.096743
vn -0.001068 -0.025290 0.096743
vn -0.001068 -0.028998 0.095697
vn -0.001068 -0.034214 0.093959
vn -0.001068 -0.034214 0.093959
vn -0.001068 -0.034214 0.093959
vn -0.001068 -0.034214 0.093959
vn -0.001068 -0.034214 0.093959
vn -0.001068 -0.034214 0.093959
vn -0.001068 -0.034214 0.093959
vn -0.001068 -0.034214 0.093959
vn -0.001068 -0.034214 0.093959
vn -0.001068 -0.034214 0.093959
vn -0.001068 -0.034214 0.093959
vn -0.001068 -0.034214 0.093959
vn -0.001068 -0.034214 0.093959
vn -0.001068 -0.034214 0.093959
vn -0.001068 -0.034214 0.093959
vn -0.001068 -0.034214 0.093959
vn -0.001068 -0.034214 0.093959
vn -0.001068 -0.034214 0.093959
vn -0.001068 -0.034214 0.093959
vn -0.001068 -0.038230 0.092398
vn -0.001068 -0.042921 0.090314
vn -0.001068 -0.042921 0.090314
vn -0.001068 -0.042921 0.090314
vn -0.001068 -0.042921 0.090314
vn -0.001068 -0.042921 0.090314
vn -0.001068 -0.042921 0.090314
vn -0.001068 -0.042921 0.090314
vn -0.001068 -0.042921 0.090314
vn -0.001068 -0.042921 0.090314
vn -0.001068 -0.042921 0.090314
vn -0.001068 -0.042921 0.090314
vn -0.001068 -0.042921 0.090314
vn -0.001068 -0.042921 0.090314
vn -0.001068 -0.042921 0.090314
vn -0.001068 -0.042921 0.090314
vn -0.001068 -0.042921 0.090314
vn -0.001068 -0.042921 0.090314
vn -0.001068 -0.042921 0.090314
vn -0.001068 -0.042921 0.090314
vn -0.001068 -0.047223 0.088141
vn -0.001068 -0.051321 0.085820
vn -0.001068 -0.051321 0.085820
vn -0.001068 -0.051321 0.085820
vn -0.001068 -0.051321 0.085820
vn -0.001068 -0.051321 0.085820
vn -0.001068 -0.051321 0.085820
vn -0.001068 -0.051321 0.085820
vn -0.001068 -0.051321 0.085820
vn -0.001068 -0.051321 0.085820
vn -0.001068 -0.051321 0.085820
vn -0.001068 -0.051321 0.085820
vn -0.001068 -0.051321 0.085820
vn -0.001068 -0.051321 0.085820
vn -0.001068 -0.051321 0.085820
vn -0.001068 -0.051321 0.085820
vn -0.001068 -0.051321 0.085820
vn -0.001068 -0.051321 0.085820
vn -0.001068 -0.051321 0.085820
vn -0.001068 -0.051321 0.085820
vn -0.001068 -0.055669 0.083065
vn -0.001068 -0.059122 0.080644
vn -0.001068 -0.059122 0.080644
vn -0.001068 -0.059122 0.080644
vn -0.001068 -0.059122 0.080644
vn -0.001068 -0.059122 0.080644
vn -0.001068 -0.059122 0.080644
vn -0.001068 -0.059123 0.080644
vn -0.001068 -0.059123 0.080644
vn -0.001068 -0.059123 0.080644
vn -0.001068 -0.059123 0.080644
vn -0.001068 -0.059123 0.080644
vn -0.001068 -0.059123 0.080644
vn -0.001068 -0.059123 0.080644
vn -0.001068 -0.059123 0.080644
vn -0.001068 -0.059123 0.080644
vn -0.001068 -0.059123 0.080644
vn -0.001068 -0.059123 0.080644
vn -0.001068 -0.059123 0.080644
vn -0.001068 -0.059123 0.080644
vn -0.001068 -0.063473 0.077266
vn -0.001068 -0.066342 0.074817
vn -0.001068 -0.066342 0.074817
vn -0.001068 -0.066342 0.074817
vn -0.001068 -0.066342 0.074817
vn -0.001068 -0.066342 0.074817
vn -0.001068 -0.066342 0.074817
vn -0.001068 -0.066342 0.074817
vn -0.001068 -0.066342 0.074817
vn -0.001068 -0.066342 0.074817
vn -0.001068 -0.066342 0.074817
vn -0.001068 -0.066342 0.074817
vn -0.001068 -0.066342 0.074817
vn -0.001068 -0.066342 0.074817
vn -0.001068 -0.066342 0.074817
vn -0.001068 -0.066342 0.074817
vn -0.001068 -0.066342 0.074817
vn -0.001068 -0.066342 0.074817
vn -0.001068 -0.066342 0.074817
vn -0.001068 -0.066342 0.074817
vn -0.001068 -0.070648 0.070765
vn -0.001068 -0.072990 0.068348
vn -0.001068 -0.072990 0.068348
vn -0.001068 -0.072990 0.068348
vn -0.001068 -0.072990 0.068348
vn -0.001068 -0.072990 0.068348
vn -0.001068 -0.072990 0.068348
vn -0.001068 -0.072990 0.068348
vn -0.001068 -0.072990 0.068348
vn -0.001068 -0.072990 0.068348
vn -0.001068 -0.072990 0.068348
vn -0.001068 -0.072990 0.068348
vn -0.001068 -0.072990 0.068348
vn -0.001068 -0.072990 0.068348
vn -0.001068 -0.072990 0.068348
vn -0.001068 -0.072990 0.068348
vn -0.001068 -0.072990 0.068347
vn -0.001068 -0.072990 0.068347
vn -0.001068 -0.072990 0.068347
vn -0.001068 -0.072990 0.068347
vn -0.001068 -0.077200 0.063553
vn -0.001068 -0.079058 0.061226
vn -0.001068 -0.079058 0.061226
vn -0.001068 -0.079058 0.061226
vn -0.001068 -0.079058 0.061226
vn -0.001068 -0.079058 0.061226
vn -0.001068 -0.079058 0.061226
vn -0.001068 -0.079058 0.061226
vn -0.001068 -0.079058 0.061226
vn -0.001068 -0.079058 0.061226
vn -0.001068 -0.079058 0.061226
vn -0.001068 -0.079058 0.061226
vn -0.001068 -0.079058 0.061226
vn -0.001068 -0.079058 0.061226
vn -0.001068 -0.079058 0.061226
vn -0.001068 -0.079058 0.061226
vn -0.001068 -0.079058 0.061226
vn -0.001068 -0.079058 0.061226
vn -0.001068 -0.079058 0.061226
vn -0.001068 -0.079058 0.061226
vn -0.001068 -0.083103 0.055612
vn -0.001068 -0.084521 0.053433
vn -0.001068 -0.084521 0.053433
vn -0.001068 -0.084521 0.053433
vn -0.001068 -0.084521 0.053433
vn -0.001068 -0.084521 0.053433
vn -0.001068 -0.084521 0.053433
vn -0.001068 -0.084521 0.053433
vn -0.001068 -0.084521 0.053433
vn -0.001068 -0.084521 0.053433
vn -0.001068 -0.084521 0.053433
vn -0.001068 -0.084521 0.053433
vn -0.001068 -0.084521 0.053433
vn -0.001068 -0.084521 0.053433
vn -0.001068 -0.084521 0.053433
vn -0.001068 -0.084521 0.053433
vn -0.001068 -0.084521 0.053433
vn -0.001068 -0.084521 0.053433
vn -0.001068 -0.084521 0.053433
vn -0.001068 -0.084521 0.053433
vn -0.001068 -0.088243 0.047033
vn -0.001068 -0.089225 0.045141
vn -0.001068 -0.089225 0.045141
vn -0.001068 -0.089225 0.045141
vn -0.001068 -0.089225 0.045141
vn -0.001068 -0.089225 0.045141
vn -0.001068 -0.089225 0.045141
vn -0.001068 -0.089225 0.045141
vn -0.001068 -0.089225 0.045141
vn -0.001068 -0.089225 0.045141
vn -0.001068 -0.089225 0.045141
vn -0.001068 -0.089225 0.045141
vn -0.001068 -0.089225 0.045141
vn -0.001068 -0.089225 0.045141
vn -0.001068 -0.089225 0.045141
vn -0.001068 -0.089225 0.045141
vn -0.001068 -0.089225 0.045141
vn -0.001068 -0.089225 0.045141
vn -0.001068 -0.089225 0.045141
vn -0.001068 -0.089225 0.045141
vn -0.001068 -0.092431 0.038149
vn -0.001068 -0.093059 0.036592
vn -0.001068 -0.093059 0.036592
vn -0.001068 -0.093059 0.036592
vn -0.001068 -0.093059 0.036592
vn -0.001068 -0.093059 0.036592
vn -0.001068 -0.093059 0.036592
vn -0.001068 -0.093059 0.036592
vn -0.001068 -0.093059 0.036592
vn -0.001068 -0.093059 0.036592
vn -0.001068 -0.093059 0.036592
vn -0.001068 -0.093059 0.036592
vn -0.001068 -0.093059 0.036592
vn -0.001068 -0.093059 0.036592
vn -0.001068 -0.093059 0.036592
vn -0.001068 -0.093059 0.036592
vn -0.001068 -0.093059 0.036592
vn -0.001068 -0.093059 0.036592
vn -0.001068 -0.093059 0.036592
vn -0.001068 -0.093059 0.036592
vn -0.001068 -0.095695 0.029006
vn -0.001068 -0.096051 0.027803
vn -0.001068 -0.096051 0.027803
vn -0.001068 -0.096051 0.027803
vn -0.001068 -0.096051 0.027803
vn -0.001068 -0.096051 0.027803
vn -0.001068 -0.096051 0.027803
vn -0.001068 -0.096051 0.027803
vn -0.001068 -0.096051 0.027803
vn -0.001068 -0.096051 0.027803
vn -0.001068 -0.096051 0.027803
vn -0.001068 -0.096051 0.027803
vn -0.001068 -0.096051 0.027803
vn -0.001068 -0.096051 0.027803
vn -0.001068 -0.096051 0.027803
vn -0.001068 -0.096051 0.027803
vn -0.001068 -0.096051 0.027803
vn -0.001068 -0.096051 0.027803
vn -0.001068 -0.096051 0.027803
vn -0.001068 -0.096051 0.027803
vn -0.001068 -0.098054 0.019603
vn -0.001068 -0.098215 0.018778
vn -0.001068 -0.098215 0.018778
vn -0.001068 -0.098215 0.018778
vn -0.001068 -0.098215 0.018778
vn -0.001068 -0.098215 0.018778
vn -0.001068 -0.098215 0.018778
vn -0.001068 -0.098215 0.018778
vn -0.001068 -0.098215 0.018778
vn -0.001068 -0.098215 0.018777
vn -0.001068 -0.098215 0.018777
vn -0.001068 -0.098215 0.018777
vn -0.001068 -0.098215 0.018777
vn -0.001068 -0.098215 0.018777
vn -0.001068 -0.098215 0.018777
vn -0.001068 -0.098215 0.018777
vn -0.001068 -0.098215 0.018777
vn -0.001068 -0.098215 0.018777
vn -0.001068 -0.098215 0.018777
vn -0.001068 -0.098215 0.018777
vn -0.001068 -0.099500 0.009934
vn -0.001068 -0.099541 0.009510
vn -0.001068 -0.099541 0.009510
vn -0.001068 -0.099541 0.009510
vn -0.001068 -0.099541 0.009510
vn -0.001068 -0.099541 0.009510
vn -0.001068 -0.099541 0.009510
vn -0.001068 -0.099541 0.009510
vn -0.001068 -0.099541 0.009510
vn -0.001068 -0.099541 0.009510
vn -0.001068 -0.099541 0.009510
vn -0.001068 -0.099541 0.009510
vn -0.001068 -0.099541 0.009510
vn -0.001068 -0.099541 0.009510
vn -0.001068 -0.099541 0.009510
vn -0.001068 -0.099541 0.009510
vn -0.001068 -0.099541 0.009510
vn -0.001068 -0.099541 0.009510
vn -0.001068 -0.099541 0.009510
vn -0.001068 -0.099541 0.009510
vn -0.001068 0.063335 0.077379
vn -0.001068 0.063637 0.077131
vn -0.001068 0.070208 0.071202
vn -0.001068 0.070791 0.070623
vn -0.001068 0.076456 0.064446
vn -0.001068 0.077245 0.063498
vn -0.001068 0.082083 0.057107
vn -0.001068 0.083015 0.055744
vn -0.001068 0.087071 0.049168
vn -0.001068 0.088089 0.047320
vn -0.001068 0.091376 0.040611
vn -0.001068 0.092403 0.038217
vn -0.001068 0.094821 0.031748
vn -0.001068 0.095715 0.028941
vn -0.001068 0.097373 0.022743
vn -0.001068 0.098077 0.019485
vn -0.001068 0.099069 0.013570
vn -0.001068 0.099510 0.009832
vn -0.001068 0.099905 0.004227
vn -0.001068 0.099994 -0.000027
vn -0.001068 0.099856 -0.005266
vn -0.001068 0.099502 -0.009913
vn -0.001068 0.098919 -0.014624
vn -0.001068 0.098062 -0.019564
vn -0.001068 0.097128 -0.023770
vn -0.001068 0.095697 -0.028999
vn -0.001068 0.094494 -0.032706
vn -0.001068 0.092401 -0.038222
vn -0.001068 0.091008 -0.041430
vn -0.001068 0.088162 -0.047184
vn -0.001068 0.086649 -0.049907
vn -0.001068 0.083068 -0.055665
vn -0.001068 0.081563 -0.057848
vn -0.001068 0.077247 -0.063497
vn -0.001068 0.075826 -0.065186
vn -0.001068 0.070719 -0.070694
vn -0.001068 0.069456 -0.071935
vn -0.001068 0.063515 -0.077232
vn -0.001068 0.062450 -0.078095
vn -0.001068 0.055608 -0.083106
vn -0.001068 0.054790 -0.083647
vn -0.001068 0.047010 -0.088255
vn -0.001068 0.046526 -0.088511
vn -0.001068 0.038080 -0.092460
vn -0.001068 0.037989 -0.092497
vn -0.001068 0.029238 -0.095624
vn -0.001068 0.037989 -0.092497
vn -0.001068 0.029238 -0.095624
vn -0.001068 0.037989 -0.092497
vn -0.001068 0.029238 -0.095624
vn -0.001068 0.037989 -0.092497
vn -0.001068 0.029238 -0.095624
vn -0.001068 0.037989 -0.092497
vn -0.001068 0.029238 -0.095624
vn -0.001068 0.037989 -0.092497
vn -0.001068 0.029238 -0.095624
vn -0.001068 0.037989 -0.092497
vn -0.001068 0.029238 -0.095624
vn -0.001068 0.037989 -0.092497
vn -0.001068 0.029238 -0.095624
vn -0.001068 0.037989 -0.092497
vn -0.001068 0.029238 -0.095624
vn -0.001068 0.037989 -0.092497
vn -0.001068 0.029238 -0.095624
vn -0.001068 0.037989 -0.092497
vn -0.001068 0.029238 -0.095624
vn -0.001068 0.037989 -0.092497
vn -0.001068 0.029238 -0.095624
vn -0.001068 0.037989 -0.092497
vn -0.001068 0.029238 -0.095624
vn -0.001068 0.037989 -0.092497
vn -0.001068 0.029238 -0.095624
vn -0.001068 0.037989 -0.092497
vn -0.001068 0.029238 -0.095624
vn -0.001068 0.037989 -0.092497
vn -0.001068 0.029238 -0.095624
vn -0.001068 0.037989 -0.092497
vn -0.001068 0.029238 -0.095624
vn -0.001068 0.037989 -0.092497
vn -0.001068 0.028940 -0.095715
vn -0.001068 0.020282 -0.097916
vn -0.001068 0.020282 -0.097916
vn -0.001068 0.020282 -0.097916
vn -0.001068 0.020282 -0.097916
vn -0.001068 0.020282 -0.097916
vn -0.001068 0.020282 -0.097916
vn -0.001068 0.020282 -0.097916
vn -0.001068 0.020282 -0.097916
vn -0.001068 0.020282 -0.097916
vn -0.001068 0.020282 -0.097916
vn -0.001068 0.020282 -0.097916
vn -0.001068 0.020282 -0.097916
vn -0.001068 0.020282 -0.097916
vn -0.001068 0.020282 -0.097916
vn -0.001068 0.020282 -0.097916
vn -0.001068 0.020282 -0.097916
vn -0.001068 0.019582 -0.098058
vn -0.001068 0.011118 -0.099374
vn -0.001068 0.011118 -0.099374
vn -0.001068 0.011118 -0.099374
vn -0.001068 0.011118 -0.099374
vn -0.001068 0.011118 -0.099374
vn -0.001068 0.011118 -0.099374
vn -0.001068 0.011118 -0.099374
vn -0.001068 0.011118 -0.099374
vn -0.001068 0.011118 -0.099374
vn -0.001068 0.011118 -0.099374
vn -0.001068 0.011118 -0.099374
vn -0.001068 0.011118 -0.099374
vn -0.001068 0.011118 -0.099374
vn -0.001068 0.011118 -0.099374
vn -0.001068 0.011118 -0.099374
vn -0.001068 0.009980 -0.099495
vn -0.001068 0.001740 -0.099979
vn -0.001068 0.001740 -0.099979
vn -0.001068 0.001740 -0.099979
vn -0.001068 0.001740 -0.099979
vn -0.001068 0.001740 -0.099979
vn -0.001068 0.001740 -0.099979
vn -0.001068 0.001740 -0.099979
vn -0.001068 0.001740 -0.099979
vn -0.001068 0.001740 -0.099979
vn -0.001068 0.001740 -0.099979
vn -0.001068 0.001740 -0.099979
vn -0.001068 0.001740 -0.099979
vn -0.001068 0.001740 -0.099979
vn -0.001068 0.001740 -0.099979
vn -0.001068 0.000129 -0.099994
vn -0.001068 -0.007853 -0.099685
vn -0.001068 -0.007853 -0.099685
vn -0.001068 -0.007853 -0.099685
vn -0.001068 -0.007853 -0.099685
vn -0.001068 -0.007853 -0.099685
vn -0.001068 -0.007853 -0.099685
vn -0.001068 -0.007853 -0.099685
vn -0.001068 -0.007853 -0.099685
vn -0.001068 -0.007853 -0.099685
vn -0.001068 -0.007853 -0.099685
vn -0.001068 -0.007853 -0.099685
vn -0.001068 -0.007853 -0.099685
vn -0.001068 -0.007853 -0.099685
vn -0.001068 -0.009919 -0.099501
vn -0.001068 -0.017379 -0.098472
vn -0.001068 -0.017379 -0.098472
vn -0.001068 -0.017379 -0.098472
vn -0.001068 -0.017379 -0.098472
vn -0.001068 -0.017379 -0.098472
vn -0.001068 -0.017379 -0.098472
vn -0.001068 -0.017379 -0.098472
vn -0.001068 -0.017379 -0.098472
vn -0.001068 -0.017379 -0.098472
vn -0.001068 -0.017379 -0.098472
vn -0.001068 -0.017379 -0.098472
vn -0.001068 -0.017379 -0.098472
vn -0.001068 -0.019771 -0.098020
vn -0.001068 -0.026540 -0.096408
vn -0.001068 -0.026540 -0.096408
vn -0.001068 -0.026540 -0.096408
vn -0.001068 -0.026540 -0.096408
vn -0.001068 -0.026540 -0.096408
vn -0.001068 -0.026540 -0.096408
vn -0.001068 -0.026540 -0.096408
vn -0.001068 -0.026540 -0.096408
vn -0.001068 -0.026540 -0.096408
vn -0.001068 -0.026540 -0.096408
vn -0.001068 -0.026540 -0.096408
vn -0.001068 -0.029242 -0.095623
vn -0.001068 -0.035339 -0.093541
vn -0.001068 -0.035339 -0.093541
vn -0.001068 -0.035339 -0.093541
vn -0.001068 -0.035339 -0.093541
vn -0.001068 -0.035339 -0.093541
vn -0.001068 -0.035339 -0.093541
vn -0.001068 -0.035339 -0.093541
vn -0.001068 -0.035339 -0.093541
vn -0.001068 -0.035339 -0.093541
vn -0.001068 -0.035339 -0.093541
vn -0.001068 -0.038331 -0.092356
vn -0.001068 -0.043785 -0.089898
vn -0.001068 -0.043785 -0.089898
vn -0.001068 -0.043785 -0.089898
vn -0.001068 -0.043785 -0.089898
vn -0.001068 -0.043785 -0.089898
vn -0.001068 -0.043785 -0.089898
vn -0.001068 -0.043785 -0.089898
vn -0.001068 -0.043785 -0.089898
vn -0.001068 -0.043785 -0.089898
vn -0.001068 -0.047015 -0.088252
vn -0.001068 -0.051885 -0.085480
vn -0.001068 -0.051885 -0.085480
vn -0.001068 -0.051885 -0.085480
vn -0.001068 -0.051885 -0.085480
vn -0.001068 -0.051885 -0.085480
vn -0.001068 -0.051885 -0.085480
vn -0.001068 -0.051885 -0.085480
vn -0.001068 -0.051885 -0.085480
vn -0.001068 -0.055317 -0.083300
vn -0.001068 -0.059633 -0.080267
vn -0.001068 -0.059633 -0.080267
vn -0.001068 -0.059633 -0.080267
vn -0.001068 -0.059633 -0.080267
vn -0.001068 -0.059633 -0.080267
vn -0.001068 -0.059633 -0.080267
vn -0.001068 -0.059633 -0.080267
vn -0.001068 -0.063241 -0.077456
vn -0.001068 -0.067001 -0.074228
vn -0.001068 -0.067001 -0.074228
vn -0.001068 -0.067001 -0.074228
vn -0.001068 -0.067001 -0.074228
vn -0.001068 -0.067001 -0.074228
vn -0.001068 -0.067001 -0.074228
vn -0.001068 -0.070716 -0.070698
vn -0.001068 -0.073791 -0.067482
vn -0.001068 -0.073791 -0.067482
vn -0.001068 -0.073791 -0.067482
vn -0.001068 -0.073791 -0.067482
vn -0.001068 -0.073791 -0.067482
vn -0.001068 -0.077320 -0.063408
vn -0.001068 -0.079787 -0.060273
vn -0.001068 -0.079787 -0.060273
vn -0.001068 -0.079787 -0.060273
vn -0.001068 -0.079787 -0.060273
vn -0.001068 -0.083127 -0.055577
vn -0.001068 -0.085060 -0.052570
vn -0.001068 -0.085060 -0.052570
vn -0.001068 -0.085060 -0.052570
vn -0.001068 -0.088158 -0.047192
vn -0.001068 -0.089610 -0.044372
vn -0.001068 -0.089610 -0.044372
vn -0.001068 -0.092389 -0.038251
vn -0.001068 -0.093406 -0.035696
vn -0.001068 -0.095699 -0.028991
vn -0.001068 0.063335 0.077379
vn -0.001068 0.063335 0.077379
vn -0.001068 0.063335 0.077379
vn -0.001068 0.063335 0.077379
vn -0.001068 0.063335 0.077379
vn -0.001068 0.063335 0.077379
vn -0.001068 0.063335 0.077379
vn -0.001068 0.063335 0.077379
vn -0.001068 0.063335 0.077379
vn -0.001068 0.063335 0.077379
vn -0.001068 0.063335 0.077379
vn -0.001068 0.063335 0.077379
vn -0.001068 0.063335 0.077379
vn -0.001068 0.063335 0.077379
vn -0.001068 0.063335 0.077379
vn -0.001068 0.063335 0.077379
vn -0.001068 0.063335 0.077379
vn -0.001068 0.063335 0.077379
vn -0.001068 0.070208 0.071202
vn -0.001068 0.070208 0.071202
vn -0.001068 0.070208 0.071202
vn -0.001068 0.070208 0.071202
vn -0.001068 0.070208 0.071202
vn -0.001068 0.070208 0.071202
vn -0.001068 0.070208 0.071202
vn -0.001068 0.070208 0.071202
vn -0.001068 0.070208 0.071202
vn -0.001068 0.070208 0.071202
vn -0.001068 0.070208 0.071202
vn -0.001068 0.070208 0.071202
vn -0.001068 0.070208 0.071202
vn -0.001068 0.070208 0.071202
vn -0.001068 0.070208 0.071202
vn -0.001068 0.070208 0.071202
vn -0.001068 0.070208 0.071202
vn -0.001068 0.070208 0.071202
vn -0.001068 0.076456 0.064446
vn -0.001068 0.076456 0.064446
vn -0.001068 0.076456 0.064446
vn -0.001068 0.076456 0.064446
vn -0.001068 0.076456 0.064446
vn -0.001068 0.076456 0.064446
vn -0.001068 0.076456 0.064446
vn -0.001068 0.076456 0.064446
vn -0.001068 0.076456 0.064446
vn -0.001068 0.076456 0.064446
vn -0.001068 0.076456 0.064446
vn -0.001068 0.076456 0.064446
vn -0.001068 0.076456 0.064446
vn -0.001068 0.076456 0.064446
vn -0.001068 0.076456 0.064446
vn -0.001068 0.076456 0.064446
vn -0.001068 0.076456 0.064446
vn -0.001068 0.076456 0.064446
vn -0.001068 0.082083 0.057107
vn -0.001068 0.082083 0.057107
vn -0.001068 0.082083 0.057107
vn -0.001068 0.082083 0.057107
vn -0.001068 0.082083 0.057107
vn -0.001068 0.082083 0.057107
vn -0.001068 0.082083 0.057107
vn -0.001068 0.082083 0.057107
vn -0.001068 0.082083 0.057107
vn -0.001068 0.082083 0.057107
vn -0.001068 0.082083 0.057107
vn -0.001068 0.082083 0.057107
vn -0.001068 0.082083 0.057107
vn -0.001068 0.082083 0.057107
vn -0.001068 0.082083 0.057107
vn -0.001068 0.082083 0.057107
vn -0.001068 0.082083 0.057107
vn -0.001068 0.082083 0.057107
vn -0.001068 0.087071 0.049168
vn -0.001068 0.087071 0.049168
vn -0.001068 0.087071 0.049168
vn -0.001068 0.087071 0.049168
vn -0.001068 0.087071 0.049168
vn -0.001068 0.087071 0.049168
vn -0.001068 0.087071 0.049168
vn -0.001068 0.087071 0.049168
vn -0.001068 0.087071 0.049168
vn -0.001068 0.087071 0.049168
vn -0.001068 0.087071 0.049168
vn -0.001068 0.087071 0.049168
vn -0.001068 0.087071 0.049168
vn -0.001068 0.087071 0.049168
vn -0.001068 0.087071 0.049168
vn -0.001068 0.087071 0.049168
vn -0.001068 0.087071 0.049168
vn -0.001068 0.087071 0.049168
vn -0.001068 0.091376 0.040611
vn -0.001068 0.091376 0.040611
vn -0.001068 0.091376 0.040611
vn -0.001068 0.091376 0.040611
vn -0.001068 0.091376 0.040611
vn -0.001068 0.091376 0.040611
vn -0.001068 0.091376 0.040611
vn -0.001068 0.091376 0.040611
vn -0.001068 0.091376 0.040611
vn -0.001068 0.091376 0.040611
vn -0.001068 0.091376 0.040611
vn -0.001068 0.091376 0.040611
vn -0.001068 0.091376 0.040611
vn -0.001068 0.091376 0.040611
vn -0.001068 0.091376 0.040611
vn -0.001068 0.091376 0.040611
vn -0.001068 0.091376 0.040611
vn -0.001068 0.091376 0.040611
vn -0.001068 0.094821 0.031748
vn -0.001068 0.094821 0.031748
vn -0.001068 0.094821 0.031748
vn -0.001068 0.094821 0.031748
vn -0.001068 0.094821 0.031748
vn -0.001068 0.094821 0.031748
vn -0.001068 0.094821 0.031748
vn -0.001068 0.094821 0.031748
vn -0.001068 0.094821 0.031748
vn -0.001068 0.094821 0.031748
vn -0.001068 0.094821 0.031748
vn -0.001068 0.094821 0.031748
vn -0.001068 0.094821 0.031748
vn -0.001068 0.094821 0.031748
vn -0.001068 0.094821 0.031748
vn -0.001068 0.094821 0.031748
vn -0.001068 0.094821 0.031748
vn -0.001068 0.094821 0.031748
vn -0.001068 0.097373 0.022744
vn -0.001068 0.097373 0.022744
vn -0.001068 0.097373 0.022744
vn -0.001068 0.097373 0.022744
vn -0.001068 0.097373 0.022744
vn -0.001068 0.097373 0.022744
vn -0.001068 0.097373 0.022744
vn -0.001068 0.097373 0.022744
vn -0.001068 0.097373 0.022744
vn -0.001068 0.097373 0.022744
vn -0.001068 0.097373 0.022744
vn -0.001068 0.097373 0.022744
vn -0.001068 0.097373 0.022744
vn -0.001068 0.097373 0.022744
vn -0.001068 0.097373 0.022744
vn -0.001068 0.097373 0.022744
vn -0.001068 0.097373 0.022744
vn -0.001068 0.097373 0.022744
vn -0.001068 0.099069 0.013570
vn -0.001068 0.099069 0.013570
vn -0.001068 0.099069 0.013570
vn -0.001068 0.099069 0.013570
vn -0.001068 0.099069 0.013570
vn -0.001068 0.099069 0.013570
vn -0.001068 0.099069 0.013570
vn -0.001068 0.099069 0.013570
vn -0.001068 0.099069 0.013570
vn -0.001068 0.099069 0.013570
vn -0.001068 0.099069 0.013570
vn -0.001068 0.099069 0.013570
vn -0.001068 0.099069 0.013570
vn -0.001068 0.099069 0.013570
vn -0.001068 0.099069 0.013570
vn -0.001068 0.099069 0.013570
vn -0.001068 0.099069 0.013570
vn -0.001068 0.099069 0.013570
vn -0.001068 0.099905 0.004227
vn -0.001068 0.099905 0.004227
vn -0.001068 0.099905 0.004227
vn -0.001068 0.099905 0.004227
vn -0.001068 0.099905 0.004227
vn -0.001068 0.099905 0.004227
vn -0.001068 0.099905 0.004227
vn -0.001068 0.099905 0.004227
vn -0.001068 0.099905 0.004227
vn -0.001068 0.099905 0.004227
vn -0.001068 0.099905 0.004227
vn -0.001068 0.099905 0.004227
vn -0.001068 0.099905 0.004227
vn -0.001068 0.099905 0.004227
vn -0.001068 0.099905 0.004227
vn -0.001068 0.099905 0.004227
vn -0.001068 0.099905 0.004227
vn -0.001068 0.099905 0.004227
vn -0.001068 0.099856 -0.005266
vn -0.001068 0.099856 -0.005266
vn -0.001068 0.099856 -0.005266
vn -0.001068 0.099856 -0.005266
vn -0.001068 0.099856 -0.005266
vn -0.001068 0.099856 -0.005266
vn -0.001068 0.099856 -0.005266
vn -0.001068 0.099856 -0.005266
vn -0.001068 0.099856 -0.005266
vn -0.001068 0.099856 -0.005266
vn -0.001068 0.099856 -0.005266
vn -0.001068 0.099856 -0.005266
vn -0.001068 0.099856 -0.005266
vn -0.001068 0.099856 -0.005266
vn -0.001068 0.099856 -0.005266
vn -0.001068 0.099856 -0.005266
vn -0.001068 0.099856 -0.005266
vn -0.001068 0.099856 -0.005266
vn -0.001068 0.098919 -0.014624
vn -0.001068 0.098919 -0.014624
vn -0.001068 0.098919 -0.014624
vn -0.001068 0.098919 -0.014624
vn -0.001068 0.098919 -0.014624
vn -0.001068 0.098919 -0.014624
vn -0.001068 0.098919 -0.014624
vn -0.001068 0.098919 -0.014624
vn -0.001068 0.098919 -0.014624
vn -0.001068 0.098919 -0.014624
vn -0.001068 0.098919 -0.014624
vn -0.001068 0.098919 -0.014624
vn -0.001068 0.098919 -0.014624
vn -0.001068 0.098919 -0.014624
vn -0.001068 0.098919 -0.014624
vn -0.001068 0.098919 -0.014624
vn -0.001068 0.098919 -0.014624
vn -0.001068 0.098919 -0.014624
vn -0.001068 0.097128 -0.023770
vn -0.001068 0.097128 -0.023770
vn -0.001068 0.097128 -0.023770
vn -0.001068 0.097128 -0.023770
vn -0.001068 0.097128 -0.023770
vn -0.001068 0.097128 -0.023770
vn -0.001068 0.097128 -0.023770
vn -0.001068 0.097128 -0.023770
vn -0.001068 0.097128 -0.023770
vn -0.001068 0.097128 -0.023770
vn -0.001068 0.097128 -0.023770
vn -0.001068 0.097128 -0.023770
vn -0.001068 0.097128 -0.023770
vn -0.001068 0.097128 -0.023770
vn -0.001068 0.097128 -0.023770
vn -0.001068 0.097128 -0.023770
vn -0.001068 0.097128 -0.023770
vn -0.001068 0.097128 -0.023770
vn -0.001068 0.094494 -0.032706
vn -0.001068 0.094494 -0.032706
vn -0.001068 0.094494 -0.032706
vn -0.001068 0.094494 -0.032706
vn -0.001068 0.094494 -0.032706
vn -0.001068 0.094494 -0.032706
vn -0.001068 0.094494 -0.032706
vn -0.001068 0.094494 -0.032706
vn -0.001068 0.094494 -0.032706
vn -0.001068 0.094494 -0.032706
vn -0.001068 0.094494 -0.032706
vn -0.001068 0.094494 -0.032706
vn -0.001068 0.094494 -0.032706
vn -0.001068 0.094494 -0.032706
vn -0.001068 0.094494 -0.032706
vn -0.001068 0.094494 -0.032706
vn -0.001068 0.094494 -0.032706
vn -0.001068 0.094494 -0.032706
vn -0.001068 0.091008 -0.041430
vn -0.001068 0.091008 -0.041430
vn -0.001068 0.091008 -0.041430
vn -0.001068 0.091008 -0.041430
vn -0.001068 0.091008 -0.041430
vn -0.001068 0.091008 -0.041430
vn -0.001068 0.091008 -0.041430
vn -0.001068 0.091008 -0.041430
vn -0.001068 0.091008 -0.041430
vn -0.001068 0.091008 -0.041430
vn -0.001068 0.091008 -0.041430
vn -0.001068 0.091008 -0.041430
vn -0.001068 0.091008 -0.041430
vn -0.001068 0.091008 -0.041430
vn -0.001068 0.091008 -0.041430
vn -0.001068 0.091008 -0.041430
vn -0.001068 0.091008 -0.041430
vn -0.001068 0.091008 -0.041430
vn -0.001068 0.086649 -0.049907
vn -0.001068 0.086649 -0.049907
vn -0.001068 0.086649 -0.049907
vn -0.001068 0.086649 -0.049907
vn -0.001068 0.086649 -0.049907
vn -0.001068 0.086649 -0.049907
vn -0.001068 0.086649 -0.049907
vn -0.001068 0.086649 -0.049907
vn -0.001068 0.086649 -0.049907
vn -0.001068 0.086649 -0.049907
vn -0.001068 0.086649 -0.049907
vn -0.001068 0.086649 -0.049907
vn -0.001068 0.086649 -0.049907
vn -0.001068 0.086649 -0.049907
vn -0.001068 0.086649 -0.049907
vn -0.001068 0.086649 -0.049907
vn -0.001068 0.086649 -0.049907
vn -0.001068 0.086649 -0.049907
vn -0.001068 0.081563 -0.057848
vn -0.001068 0.081563 -0.057848
vn -0.001068 0.081563 -0.057848
vn -0.001068 0.081563 -0.057848
vn -0.001068 0.081563 -0.057848
vn -0.001068 0.081563 -0.057848
vn -0.001068 0.081563 -0.057848
vn -0.001068 0.081563 -0.057848
vn -0.001068 0.081563 -0.057848
vn -0.001068 0.081563 -0.057848
vn -0.001068 0.081563 -0.057848
vn -0.001068 0.081563 -0.057848
vn -0.001068 0.081563 -0.057848
vn -0.001068 0.081563 -0.057848
vn -0.001068 0.081563 -0.057848
vn -0.001068 0.081563 -0.057848
vn -0.001068 0.081563 -0.057848
vn -0.001068 0.081563 -0.057848
vn -0.001068 0.075826 -0.065186
vn -0.001068 0.075826 -0.065186
vn -0.001068 0.075826 -0.065186
vn -0.001068 0.075826 -0.065186
vn -0.001068 0.075826 -0.065186
vn -0.001068 0.075826 -0.065186
vn -0.001068 0.075826 -0.065186
vn -0.001068 0.075826 -0.065186
vn -0.001068 0.075826 -0.065186
vn -0.001068 0.075826 -0.065186
vn -0.001068 0.075826 -0.065186
vn -0.001068 0.075826 -0.065186
vn -0.001068 0.075826 -0.065186
vn -0.001068 0.075826 -0.065186
vn -0.001068 0.075826 -0.065186
vn -0.001068 0.075826 -0.065186
vn -0.001068 0.075826 -0.065186
vn -0.001068 0.075826 -0.065186
vn -0.001068 0.069456 -0.071935
vn -0.001068 0.069456 -0.071935
vn -0.001068 0.069456 -0.071935
vn -0.001068 0.069456 -0.071935
vn -0.001068 0.069456 -0.071935
vn -0.001068 0.069456 -0.071935
vn -0.001068 0.069456 -0.071935
vn -0.001068 0.069456 -0.071935
vn -0.001068 0.069456 -0.071935
vn -0.001068 0.069456 -0.071935
vn -0.001068 0.069456 -0.071935
vn -0.001068 0.069456 -0.071935
vn -0.001068 0.069456 -0.071935
vn -0.001068 0.069456 -0.071935
vn -0.001068 0.069456 -0.071935
vn -0.001068 0.069456 -0.071935
vn -0.001068 0.069456 -0.071935
vn -0.001068 0.069456 -0.071935
vn -0.001068 0.062450 -0.078095
vn -0.001068 0.062450 -0.078095
vn -0.001068 0.062450 -0.078095
vn -0.001068 0.062450 -0.078095
vn -0.001068 0.062450 -0.078095
vn -0.001068 0.062450 -0.078095
vn -0.001068 0.062450 -0.078095
vn -0.001068 0.062450 -0.078095
vn -0.001068 0.062450 -0.078095
vn -0.001068 0.062450 -0.078095
vn -0.001068 0.062450 -0.078095
vn -0.001068 0.062450 -0.078095
vn -0.001068 0.062450 -0.078095
vn -0.001068 0.062450 -0.078095
vn -0.001068 0.062450 -0.078095
vn -0.001068 0.062450 -0.078095
vn -0.001068 0.062450 -0.078095
vn -0.001068 0.062450 -0.078095
vn -0.001068 0.054790 -0.083647
vn -0.001068 0.054790 -0.083647
vn -0.001068 0.054790 -0.083647
vn -0.001068 0.054790 -0.083647
vn -0.001068 0.054790 -0.083647
vn -0.001068 0.054790 -0.083647
vn -0.001068 0.054790 -0.083647
vn -0.001068 0.054790 -0.083647
vn -0.001068 0.054790 -0.083647
vn -0.001068 0.054790 -0.083647
vn -0.001068 0.054790 -0.083647
vn -0.001068 0.054790 -0.083647
vn -0.001068 0.054790 -0.083647
vn -0.001068 0.054790 -0.083647
vn -0.001068 0.054790 -0.083647
vn -0.001068 0.054790 -0.083647
vn -0.001068 0.054790 -0.083647
vn -0.001068 0.054790 -0.083647
vn -0.001068 0.046526 -0.088511
vn -0.001068 0.046526 -0.088511
vn -0.001068 0.046526 -0.088511
vn -0.001068 0.046526 -0.088511
vn -0.001068 0.046526 -0.088511
vn -0.001068 0.046526 -0.088511
vn -0.001068 0.046526 -0.088511
vn -0.001068 0.046526 -0.088511
vn -0.001068 0.046526 -0.088511
vn -0.001068 0.046526 -0.088511
vn -0.001068 0.046526 -0.088511
vn -0.001068 0.046526 -0.088511
vn -0.001068 0.046526 -0.088511
vn -0.001068 0.046526 -0.088511
vn -0.001068 0.046526 -0.088511
vn -0.001068 0.046526 -0.088511
vn -0.001068 0.046526 -0.088511
vn -0.001068 0.046526 -0.088511
vn -0.001068 0.020282 -0.097916
vn -0.001068 0.011118 -0.099374
vn -0.001068 0.001740 -0.099979
vn -0.001068 -0.007853 -0.099685
vn -0.001068 -0.017379 -0.098472
vn -0.001068 -0.026540 -0.096408
vn -0.001068 -0.035339 -0.093541
vn -0.001068 -0.043785 -0.089898
vn -0.001068 -0.051885 -0.085480
vn -0.001068 -0.059633 -0.080267
vn -0.001068 -0.067001 -0.074228
vn -0.001068 -0.073791 -0.067482
vn -0.001068 -0.079787 -0.060273
vn -0.001068 -0.085060 -0.052570
vn -0.001068 -0.089610 -0.044372
vn -0.001068 -0.093406 -0.035696
vn -0.001068 -0.096342 -0.026777
vn -0.001068 0.011118 -0.099374
vn -0.001068 0.001740 -0.099979
vn -0.001068 -0.007853 -0.099685
vn -0.001068 -0.017379 -0.098472
vn -0.001068 -0.026540 -0.096408
vn -0.001068 -0.035339 -0.093541
vn -0.001068 -0.043785 -0.089898
vn -0.001068 -0.051885 -0.085480
vn -0.001068 -0.059633 -0.080267
vn -0.001068 -0.067001 -0.074228
vn -0.001068 -0.073791 -0.067482
vn -0.001068 -0.079787 -0.060273
vn -0.001068 -0.085060 -0.052570
vn -0.001068 -0.089610 -0.044372
vn -0.001068 -0.093406 -0.035696
vn -0.001068 -0.096342 -0.026777
vn -0.001068 0.001740 -0.099979
vn -0.001068 -0.007853 -0.099685
vn -0.001068 -0.017379 -0.098472
vn -0.001068 -0.026540 -0.096408
vn -0.001068 -0.035339 -0.093541
vn -0.001068 -0.043785 -0.089898
vn -0.001068 -0.051885 -0.085480
vn -0.001068 -0.059633 -0.080267
vn -0.001068 -0.067001 -0.074228
vn -0.001068 -0.073791 -0.067482
vn -0.001068 -0.079787 -0.060273
vn -0.001068 -0.085060 -0.052570
vn -0.001068 -0.089610 -0.044372
vn -0.001068 -0.093406 -0.035696
vn -0.001068 -0.096342 -0.026777
vn -0.001068 -0.007853 -0.099685
vn -0.001068 -0.017379 -0.098472
vn -0.001068 -0.026540 -0.096408
vn -0.001068 -0.035339 -0.093541
vn -0.001068 -0.043785 -0.089898
vn -0.001068 -0.051885 -0.085480
vn -0.001068 -0.059633 -0.080267
vn -0.001068 -0.067001 -0.074228
vn -0.001068 -0.073791 -0.067482
vn -0.001068 -0.079787 -0.060273
vn -0.001068 -0.085060 -0.052570
vn -0.001068 -0.089610 -0.044372
vn -0.001068 -0.093406 -0.035696
vn -0.001068 -0.096342 -0.026777
vn -0.001068 -0.017379 -0.098472
vn -0.001068 -0.026540 -0.096408
vn -0.001068 -0.035339 -0.093541
vn -0.001068 -0.043785 -0.089898
vn -0.001068 -0.051885 -0.085480
vn -0.001068 -0.059633 -0.080267
vn -0.001068 -0.067001 -0.074228
vn -0.001068 -0.073791 -0.067482
vn -0.001068 -0.079787 -0.060273
vn -0.001068 -0.085060 -0.052570
vn -0.001068 -0.089610 -0.044372
vn -0.001068 -0.093406 -0.035696
vn -0.001068 -0.096342 -0.026777
vn -0.001068 -0.026540 -0.096408
vn -0.001068 -0.035339 -0.093541
vn -0.001068 -0.043785 -0.089898
vn -0.001068 -0.051885 -0.085480
vn -0.001068 -0.059633 -0.080267
vn -0.001068 -0.067001 -0.074228
vn -0.001068 -0.073791 -0.067482
vn -0.001068 -0.079787 -0.060273
vn -0.001068 -0.085060 -0.052570
vn -0.001068 -0.089610 -0.044372
vn -0.001068 -0.093406 -0.035696
vn -0.001068 -0.096342 -0.026777
vn -0.001068 -0.035339 -0.093541
vn -0.001068 -0.043785 -0.089898
vn -0.001068 -0.051885 -0.085480
vn -0.001068 -0.059633 -0.080267
vn -0.001068 -0.067001 -0.074228
vn -0.001068 -0.073791 -0.067482
vn -0.001068 -0.079787 -0.060273
vn -0.001068 -0.085060 -0.052570
vn -0.001068 -0.089610 -0.044372
vn -0.001068 -0.093406 -0.035696
vn -0.001068 -0.096342 -0.026777
vn -0.001068 -0.043785 -0.089898
vn -0.001068 -0.051885 -0.085480
vn -0.001068 -0.059633 -0.080267
vn -0.001068 -0.067001 -0.074228
vn -0.001068 -0.073791 -0.067482
vn -0.001068 -0.079787 -0.060273
vn -0.001068 -0.085060 -0.052570
vn -0.001068 -0.089610 -0.044372
vn -0.001068 -0.093406 -0.035696
vn -0.001068 -0.096342 -0.026777
vn -0.001068 -0.051885 -0.085480
vn -0.001068 -0.059633 -0.080267
vn -0.001068 -0.067001 -0.074228
vn -0.001068 -0.073791 -0.067482
vn -0.001068 -0.079787 -0.060273
vn -0.001068 -0.085060 -0.052570
vn -0.001068 -0.089610 -0.044372
vn -0.001068 -0.093406 -0.035696
vn -0.001068 -0.096342 -0.026777
vn -0.001068 -0.059633 -0.080267
vn -0.001068 -0.067001 -0.074228
vn -0.001068 -0.073791 -0.067482
vn -0.001068 -0.079787 -0.060273
vn -0.001068 -0.085060 -0.052570
vn -0.001068 -0.089610 -0.044372
vn -0.001068 -0.093406 -0.035696
vn -0.001068 -0.096342 -0.026777
vn -0.001068 -0.067001 -0.074228
vn -0.001068 -0.073791 -0.067482
vn -0.001068 -0.079787 -0.060273
vn -0.001068 -0.085060 -0.052570
vn -0.001068 -0.089610 -0.044372
vn -0.001068 -0.093406 -0.035696
vn -0.001068 -0.096342 -0.026777
vn -0.001068 -0.073791 -0.067482
vn -0.001068 -0.079787 -0.060273
vn -0.001068 -0.085060 -0.052570
vn -0.001068 -0.089610 -0.044372
vn -0.001068 -0.093406 -0.035696
vn -0.001068 -0.096342 -0.026777
vn -0.001068 -0.079787 -0.060273
vn -0.001068 -0.085060 -0.052570
vn -0.001068 -0.089610 -0.044372
vn -0.001068 -0.093406 -0.035696
vn -0.001068 -0.096342 -0.026777
vn -0.001068 -0.085060 -0.052570
vn -0.001068 -0.089610 -0.044372
vn -0.001068 -0.093406 -0.035696
vn -0.001068 -0.096342 -0.026777
vn -0.001068 -0.089610 -0.044372
vn -0.001068 -0.093406 -0.035696
vn -0.001068 -0.096342 -0.026777
vn -0.001068 -0.093406 -0.035696
vn -0.001068 -0.096342 -0.026777
vn -0.001068 -0.096342 -0.026777
vn -0.100000 0.000000 0.000018
vn -0.100000 0.000000 0.000018
vn -0.100000 0.000000 0.000018
vn -0.100000 0.000000 0.000018
vn -0.100000 0.000000 0.000018
vn -0.100000 0.000000 0.000018
vn -0.100000 0.000000 0.000018
vn -0.100000 0.000000 0.000018
vn -0.100000 0.000000 0.000018
vn -0.100000 0.000000 0.000018
vn -0.100000 0.000000 0.000018
vn -0.100000 0.000000 0.000018
vn -0.100000 0.000000 0.000018
vn -0.100000 0.000000 0.000018
vn -0.100000 0.000000 0.000018
vn -0.100000 0.000000 0.000018
vn -0.100000 0.000000 0.000018
vn -0.100000 0.000000 0.000018
vn -0.100000 0.000000 0.000018
vn -0.100000 0.000000 0.000018
vn -0.100000 0.000000 0.000018
vn -0.100000 0.000000 0.000018
vn -0.100000 0.000000 0.000018
vn -0.100000 0.000000 0.000018
vn -0.100000 0.000000 0.000018
vn -0.100000 0.000000 0.000018
vn -0.100000 0.000000 0.000018
vn -0.100000 0.000000 0.000018
vn -0.100000 0.000000 0.000018
vn -0.100000 0.000000 0.000018
vn -0.100000 0.000000 0.000018
vn -0.100000 0.000000 0.000018
vn -0.100000 0.000000 0.000018
vn -0.100000 0.000000 0.000018
vn -0.100000 0.000000 0.000018
vn -0.100000 0.000000 0.000018
vn -0.100000 0.000000 0.000018
vn -0.100000 0.000000 0.000018
vn -0.100000 0.000000 0.000018
vn -0.100000 0.000000 0.000018
vn -0.100000 0.000000 0.000018
vn -0.100000 0.000000 0.000018
vn -0.100000 0.000000 0.000018
vn -0.100000 0.000000 0.000018
vn -0.100000 0.000000 0.000018
vn -0.100000 0.000000 0.000018
vn -0.100000 0.000000 0.000018
vn -0.100000 0.000000 0.000018
vn -0.100000 0.000000 0.000018
vn -0.100000 0.000000 0.000018
vn -0.100000 0.000000 0.000018
vn -0.100000 0.000000 0.000018
vn -0.100000 0.000000 0.000018
vn -0.100000 0.000000 0.000018
vn -0.100000 0.000000 0.000018
vn -0.100000 0.000000 0.000018
vn -0.100000 0.000000 0.000018
vn -0.100000 0.000000 0.000018
vn -0.100000 0.000000 0.000018
vn -0.100000 0.000000 0.000018
vn -0.100000 0.000000 0.000018
vn -0.100000 0.000000 0.000018
vn -0.100000 0.000000 0.000018
vn 0.100000 0.000000 0.000000
vn 0.100000 0.000000 0.000000
vn 0.100000 0.000000 0.000000
vn 0.100000 0.000000 0.000000
vn 0.100000 0.000000 0.000000
vn 0.100000 0.000000 0.000000
vn 0.100000 0.000000 0.000000
vn 0.100000 0.000000 0.000000
vn 0.100000 0.000000 0.000000
vn 0.100000 0.000000 0.000000
vn 0.100000 0.000000 0.000000
vn 0.100000 0.000000 0.000000
vn 0.100000 0.000000 0.000000
vn 0.100000 0.000000 0.000000
vn 0.100000 0.000000 0.000000
vn 0.100000 0.000000 0.000000
vn 0.100000 0.000000 0.000000
vn 0.100000 0.000000 0.000000
vn 0.100000 0.000000 0.000000
vn 0.100000 0.000000 0.000000
vn 0.100000 0.000000 0.000000
vn 0.100000 0.000000 0.000000
vn 0.100000 0.000000 0.000000
vn 0.100000 0.000000 0.000000
vn 0.100000 0.000000 0.000000
vn 0.100000 0.000000 0.000000
vn 0.100000 0.000000 0.000000
vn 0.100000 0.000000 0.000000
vn 0.100000 0.000000 0.000000
vn 0.100000 0.000000 0.000000
vn 0.100000 0.000000 0.000000
vn 0.100000 0.000000 0.000000
vn 0.100000 0.000000 0.000000
vn 0.100000 0.000000 0.000000
vn 0.100000 0.000000 0.000000
vn 0.100000 0.000000 0.000000
vn 0.100000 0.000000 0.000000
vn 0.100000 0.000000 0.000000
vn 0.100000 0.000000 0.000000
vn 0.100000 0.000000 0.000000
vn 0.100000 0.000000 0.000000
vn 0.100000 0.000000 0.000000
vn 0.100000 0.000000 0.000000
vn 0.100000 0.000000 0.000000
vn 0.100000 0.000000 0.000000
vn 0.100000 0.000000 0.000000
vn 0.100000 0.000000 0.000000
vn 0.100000 0.000000 0.000000
vn 0.100000 0.000000 0.000000
vn 0.100000 0.000000 0.000000
vn 0.100000 0.000000 0.000000
vn 0.100000 0.000000 0.000000
vn 0.100000 0.000000 0.000000
vn 0.100000 0.000000 0.000000
vn 0.100000 0.000000 0.000000
vn 0.100000 0.000000 0.000000
vn 0.100000 0.000000 0.000000
vn 0.100000 0.000000 0.000000
vn 0.100000 0.000000 0.000000
vn 0.100000 0.000000 0.000000
vn 0.100000 0.000000 0.000000
vn 0.100000 0.000000 0.000000
vn 0.100000 0.000000 0.000000
vn 0.100000 0.000000 0.000000
vn 0.100000 0.000000 0.000000
vn 0.100000 0.000000 0.000000
vn 0.100000 0.000000 0.000000
usemtl Acciaio_-_Satinato
f 144/1/1 1/2/2 167/3/3
f 167/3/3 1/2/2 2/4/4
f 167/3/3 2/4/4 166/5/5
f 166/5/5 2/4/4 3/6/6
f 166/5/5 3/6/6 165/7/7
f 165/7/7 3/6/6 4/8/8
f 165/7/7 4/8/8 164/9/9
f 164/9/9 4/8/8 5/10/10
f 164/9/9 5/10/10 163/11/11
f 163/11/11 5/10/10 162/12/12
f 163/11/11 162/12/12 186/13/13
f 186/13/13 162/12/12 185/14/14
f 186/13/13 185/14/14 209/15/15
f 209/15/15 185/14/14 208/16/16
f 209/15/15 208/16/16 232/17/17
f 232/17/17 208/16/16 231/18/18
f 232/17/17 231/18/18 264/19/19
f 264/19/19 231/18/18 265/20/20
f 264/19/19 265/20/20 255/21/21
f 255/21/21 265/20/20 254/22/22
f 255/21/21 254/22/22 301/23/23
f 301/23/23 254/22/22 300/24/24
f 301/23/23 300/24/24 324/25/25
f 324/25/25 300/24/24 323/26/26
f 324/25/25 323/26/26 347/27/27
f 347/27/27 323/26/26 346/28/28
f 347/27/27 346/28/28 379/29/29
f 379/29/29 346/28/28 380/30/30
f 379/29/29 380/30/30 370/31/31
f 370/31/31 380/30/30 369/32/32
f 370/31/31 369/32/32 416/33/33
f 416/33/33 369/32/32 415/34/34
f 416/33/33 415/34/34 439/35/35
f 439/35/35 415/34/34 438/36/36
f 439/35/35 438/36/36 462/37/37
f 462/37/37 438/36/36 461/38/38
f 462/37/37 461/38/38 494/39/39
f 494/39/39 461/38/38 495/40/40
f 494/39/39 495/40/40 485/41/41
f 485/41/41 495/40/40 484/42/42
f 485/41/41 484/42/42 531/43/43
f 531/43/43 484/42/42 530/44/44
f 531/43/43 530/44/44 554/45/45
f 554/45/45 530/44/44 553/46/46
f 554/45/45 553/46/46 577/47/47
f 577/47/47 553/46/46 576/48/48
f 577/47/47 576/48/48 609/49/49
f 609/49/49 576/48/48 610/50/50
f 609/49/49 610/50/50 600/51/51
f 600/51/51 610/50/50 599/52/52
f 600/51/51 599/52/52 646/53/53
f 646/53/53 599/52/52 645/54/54
f 646/53/53 645/54/54 669/55/55
f 669/55/55 645/54/54 668/56/56
f 669/55/55 668/56/56 692/57/57
f 692/57/57 668/56/56 691/58/58
f 692/57/57 691/58/58 724/59/59
f 724/59/59 691/58/58 725/60/60
f 724/59/59 725/60/60 715/61/61
f 715/61/61 725/60/60 714/62/62
f 715/61/61 714/62/62 761/63/63
f 761/63/63 714/62/62 760/64/64
f 761/63/63 760/64/64 784/65/65
f 784/65/65 760/64/64 783/66/66
f 784/65/65 783/66/66 807/67/67
f 807/67/67 783/66/66 806/68/68
f 807/67/67 806/68/68 839/69/69
f 839/69/69 806/68/68 840/70/70
f 839/69/69 840/70/70 830/71/71
f 830/71/71 840/70/70 829/72/72
f 830/71/71 829/72/72 876/73/73
f 876/73/73 829/72/72 875/74/74
f 876/73/73 875/74/74 899/75/75
f 899/75/75 875/74/74 898/76/76
f 899/75/75 898/76/76 922/77/77
f 922/77/77 898/76/76 921/78/78
f 922/77/77 921/78/78 954/79/79
f 954/79/79 921/78/78 955/80/80
f 954/79/79 955/80/80 945/81/81
f 945/81/81 955/80/80 944/82/82
f 945/81/81 944/82/82 991/83/83
f 991/83/83 944/82/82 990/84/84
f 991/83/83 990/84/84 1014/85/85
f 1014/85/85 990/84/84 1013/86/86
f 1014/85/85 1013/86/86 1037/87/87
f 1037/87/87 1013/86/86 1036/88/88
f 1037/87/87 1036/88/88 1069/89/89
f 1069/89/89 1036/88/88 1070/90/90
f 1069/89/89 1070/90/90 1060/91/91
f 1060/91/91 1070/90/90 1059/92/92
f 1060/91/91 1059/92/92 1106/93/93
f 1106/93/93 1059/92/92 1105/94/94
f 1106/93/93 1105/94/94 1129/95/95
f 1129/95/95 1105/94/94 1128/96/96
f 1129/95/95 1128/96/96 1152/97/97
f 1152/97/97 1128/96/96 1151/98/98
f 1152/97/97 1151/98/98 1184/99/99
f 1184/99/99 1151/98/98 1185/100/100
f 1184/99/99 1185/100/100 1175/101/101
f 1175/101/101 1185/100/100 1174/102/102
f 1175/101/101 1174/102/102 1221/103/103
f 1221/103/103 1174/102/102 1220/104/104
f 1221/103/103 1220/104/104 1244/105/105
f 1244/105/105 1220/104/104 1243/106/106
f 1244/105/105 1243/106/106 1267/107/107
f 1267/107/107 1243/106/106 1266/108/108
f 1267/107/107 1266/108/108 1299/109/109
f 1299/109/109 1266/108/108 1300/110/110
f 1299/109/109 1300/110/110 1290/111/111
f 1290/111/111 1300/110/110 1289/112/112
f 1290/111/111 1289/112/112 1336/113/113
f 1336/113/113 1289/112/112 1335/114/114
f 1336/113/113 1335/114/114 1359/115/115
f 1359/115/115 1335/114/114 1358/116/116
f 1359/115/115 1358/116/116 1382/117/117
f 1382/117/117 1358/116/116 1381/118/118
f 1382/117/117 1381/118/118 1414/119/119
f 1414/119/119 1381/118/118 1415/120/120
f 1414/119/119 1415/120/120 1405/121/121
f 1405/121/121 1415/120/120 1404/122/122
f 1405/121/121 1404/122/122 1451/123/123
f 1451/123/123 1404/122/122 1450/124/124
f 1451/123/123 1450/124/124 1474/125/125
f 1474/125/125 1450/124/124 1473/126/126
f 1474/125/125 1473/126/126 1497/127/127
f 1497/127/127 1473/126/126 1496/128/128
f 1497/127/127 1496/128/128 1529/129/129
f 1529/129/129 1496/128/128 1530/130/130
f 1529/129/129 1530/130/130 1520/131/131
f 1520/131/131 1530/130/130 1519/132/132
f 1520/131/131 1519/132/132 1566/133/133
f 1566/133/133 1519/132/132 1565/134/134
f 1566/133/133 1565/134/134 1589/135/135
f 1589/135/135 1565/134/134 1588/136/136
f 1589/135/135 1588/136/136 1612/137/137
f 1612/137/137 1588/136/136 1611/138/138
f 1612/137/137 1611/138/138 1644/139/139
f 1644/139/139 1611/138/138 1645/140/140
f 1644/139/139 1645/140/140 1635/141/141
f 1635/141/141 1645/140/140 1634/142/142
f 1635/141/141 1634/142/142 1681/143/143
f 1681/143/143 1634/142/142 1680/144/144
f 1681/143/143 1680/144/144 1704/145/145
f 1704/145/145 1680/144/144 1703/146/146
f 1704/145/145 1703/146/146 1727/147/147
f 1727/147/147 1703/146/146 1726/148/148
f 1727/147/147 1726/148/148 1759/149/149
f 1759/149/149 1726/148/148 1760/150/150
f 1759/149/149 1760/150/150 1750/151/151
f 1750/151/151 1760/150/150 1749/152/152
f 1750/151/151 1749/152/152 1796/153/153
f 1796/153/153 1749/152/152 1795/154/154
f 1796/153/153 1795/154/154 1819/155/155
f 1819/155/155 1795/154/154 1818/156/156
f 1819/155/155 1818/156/156 1842/157/157
f 1842/157/157 1818/156/156 1841/158/158
f 1842/157/157 1841/158/158 1874/159/159
f 1874/159/159 1841/158/158 1875/160/160
f 1874/159/159 1875/160/160 1865/161/161
f 1865/161/161 1875/160/160 1864/162/162
f 1865/161/161 1864/162/162 1911/163/163
f 1911/163/163 1864/162/162 1910/164/164
f 1911/163/163 1910/164/164 1934/165/165
f 1934/165/165 1910/164/164 1933/166/166
f 1934/165/165 1933/166/166 1957/167/167
f 1957/167/167 1933/166/166 1956/168/168
f 1957/167/167 1956/168/168 5/169/10
f 5/169/10 1956/168/168 6/170/169
f 6/170/169 1956/168/168 1955/171/170
f 6/170/169 1955/171/170 7/172/171
f 7/172/171 1955/171/170 1954/173/172
f 7/172/171 1954/173/172 8/174/173
f 8/174/173 1954/173/172 1953/175/174
f 8/174/173 1953/175/174 1952/176/175
f 1952/176/175 1953/175/174 1929/177/176
f 1952/176/175 1929/177/176 1928/178/177
f 1928/178/177 1929/177/176 1905/179/178
f 1928/178/177 1905/179/178 1904/180/179
f 1904/180/179 1905/179/178 1858/181/180
f 1904/180/179 1858/181/180 1857/182/181
f 1857/182/181 1858/181/180 1882/183/182
f 1857/182/181 1882/183/182 1883/184/183
f 1883/184/183 1882/183/182 1833/185/184
f 1883/184/183 1833/185/184 1832/186/185
f 1832/186/185 1833/185/184 1809/187/186
f 1832/186/185 1809/187/186 1808/188/187
f 1808/188/187 1809/187/186 1785/189/188
f 1808/188/187 1785/189/188 1784/190/189
f 1784/190/189 1785/189/188 1738/191/190
f 1784/190/189 1738/191/190 1737/192/191
f 1737/192/191 1738/191/190 1772/193/192
f 1737/192/191 1772/193/192 1773/194/193
f 1773/194/193 1772/193/192 1713/195/194
f 1773/194/193 1713/195/194 1712/196/195
f 1712/196/195 1713/195/194 1689/197/196
f 1712/196/195 1689/197/196 1688/198/197
f 1688/198/197 1689/197/196 1665/199/198
f 1688/198/197 1665/199/198 1664/200/199
f 1664/200/199 1665/199/198 1618/201/200
f 1664/200/199 1618/201/200 1617/202/201
f 1617/202/201 1618/201/200 1662/203/202
f 1617/202/201 1662/203/202 69/204/203
f 69/204/203 1662/203/202 1594/205/204
f 69/204/203 1594/205/204 68/206/205
f 68/206/205 1594/205/204 1571/207/206
f 68/206/205 1571/207/206 67/208/207
f 67/208/207 1571/207/206 1548/209/208
f 67/208/207 1548/209/208 66/210/209
f 66/210/209 1548/209/208 1502/211/210
f 66/210/209 1502/211/210 65/212/211
f 65/212/211 1502/211/210 1547/213/212
f 65/212/211 1547/213/212 1479/214/213
f 1479/214/213 1547/213/212 1546/215/214
f 1479/214/213 1546/215/214 1480/216/215
f 1480/216/215 1546/215/214 1545/217/216
f 1480/216/215 1545/217/216 1481/218/217
f 1481/218/217 1545/217/216 1544/219/218
f 1481/218/217 1544/219/218 1482/220/219
f 1482/220/219 1544/219/218 1543/221/220
f 1482/220/219 1543/221/220 1483/222/221
f 1483/222/221 1543/221/220 1542/223/222
f 1483/222/221 1542/223/222 1484/224/223
f 1484/224/223 1542/223/222 1541/225/224
f 1484/224/223 1541/225/224 1485/226/225
f 1485/226/225 1541/225/224 1540/227/226
f 1485/226/225 1540/227/226 1486/228/227
f 1486/228/227 1540/227/226 1539/229/228
f 1486/228/227 1539/229/228 1487/230/229
f 1487/230/229 1539/229/228 1538/231/230
f 1487/230/229 1538/231/230 1488/232/231
f 1488/232/231 1538/231/230 1537/233/232
f 1488/232/231 1537/233/232 1489/234/233
f 1489/234/233 1537/233/232 1536/235/234
f 1489/234/233 1536/235/234 1490/236/235
f 1490/236/235 1536/235/234 1535/237/236
f 1490/236/235 1535/237/236 1491/238/237
f 1491/238/237 1535/237/236 1534/239/238
f 1491/238/237 1534/239/238 1492/240/239
f 1492/240/239 1534/239/238 1533/241/240
f 1492/240/239 1533/241/240 1493/242/241
f 1493/242/241 1533/241/240 1532/243/242
f 1493/242/241 1532/243/242 1494/244/243
f 1494/244/243 1532/243/242 1531/245/244
f 1494/244/243 1531/245/244 1495/246/245
f 1495/246/245 1531/245/244 1530/130/130
f 1495/246/245 1530/130/130 1496/128/128
f 5/10/10 6/247/169 162/12/12
f 162/12/12 6/247/169 161/248/246
f 162/12/12 161/248/246 185/14/14
f 185/14/14 161/248/246 184/249/247
f 185/14/14 184/249/247 208/16/16
f 208/16/16 184/249/247 207/250/248
f 208/16/16 207/250/248 231/18/18
f 231/18/18 207/250/248 230/251/249
f 231/18/18 230/251/249 265/20/20
f 265/20/20 230/251/249 266/252/250
f 265/20/20 266/252/250 254/22/22
f 254/22/22 266/252/250 253/253/251
f 254/22/22 253/253/251 300/24/24
f 300/24/24 253/253/251 299/254/252
f 300/24/24 299/254/252 323/26/26
f 323/26/26 299/254/252 322/255/253
f 323/26/26 322/255/253 346/28/28
f 346/28/28 322/255/253 345/256/254
f 346/28/28 345/256/254 380/30/30
f 380/30/30 345/256/254 381/257/255
f 380/30/30 381/257/255 369/32/32
f 369/32/32 381/257/255 368/258/256
f 369/32/32 368/258/256 415/34/34
f 415/34/34 368/258/256 414/259/257
f 415/34/34 414/259/257 438/36/36
f 438/36/36 414/259/257 437/260/258
f 438/36/36 437/260/258 461/38/38
f 461/38/38 437/260/258 460/261/259
f 461/38/38 460/261/259 495/40/40
f 495/40/40 460/261/259 496/262/260
f 495/40/40 496/262/260 484/42/42
f 484/42/42 496/262/260 483/263/261
f 484/42/42 483/263/261 530/44/44
f 530/44/44 483/263/261 529/264/262
f 530/44/44 529/264/262 553/46/46
f 553/46/46 529/264/262 552/265/263
f 553/46/46 552/265/263 576/48/48
f 576/48/48 552/265/263 575/266/264
f 576/48/48 575/266/264 610/50/50
f 610/50/50 575/266/264 611/267/265
f 610/50/50 611/267/265 599/52/52
f 599/52/52 611/267/265 598/268/266
f 599/52/52 598/268/266 645/54/54
f 645/54/54 598/268/266 644/269/267
f 645/54/54 644/269/267 668/56/56
f 668/56/56 644/269/267 667/270/268
f 668/56/56 667/270/268 691/58/58
f 691/58/58 667/270/268 690/271/269
f 691/58/58 690/271/269 725/60/60
f 725/60/60 690/271/269 726/272/270
f 725/60/60 726/272/270 714/62/62
f 714/62/62 726/272/270 713/273/271
f 714/62/62 713/273/271 760/64/64
f 760/64/64 713/273/271 759/274/272
f 760/64/64 759/274/272 783/66/66
f 783/66/66 759/274/272 782/275/273
f 783/66/66 782/275/273 806/68/68
f 806/68/68 782/275/273 805/276/274
f 806/68/68 805/276/274 840/70/70
f 840/70/70 805/276/274 841/277/275
f 840/70/70 841/277/275 829/72/72
f 829/72/72 841/277/275 828/278/276
f 829/72/72 828/278/276 875/74/74
f 875/74/74 828/278/276 874/279/277
f 875/74/74 874/279/277 898/76/76
f 898/76/76 874/279/277 897/280/278
f 898/76/76 897/280/278 921/78/78
f 921/78/78 897/280/278 920/281/279
f 921/78/78 920/281/279 955/80/80
f 955/80/80 920/281/279 956/282/280
f 955/80/80 956/282/280 944/82/82
f 944/82/82 956/282/280 943/283/281
f 944/82/82 943/283/281 990/84/84
f 990/84/84 943/283/281 989/284/282
f 990/84/84 989/284/282 1013/86/86
f 1013/86/86 989/284/282 1012/285/283
f 1013/86/86 1012/285/283 1036/88/88
f 1036/88/88 1012/285/283 1035/286/284
f 1036/88/88 1035/286/284 1070/90/90
f 1070/90/90 1035/286/284 1071/287/285
f 1070/90/90 1071/287/285 1059/92/92
f 1059/92/92 1071/287/285 1058/288/286
f 1059/92/92 1058/288/286 1105/94/94
f 1105/94/94 1058/288/286 1104/289/287
f 1105/94/94 1104/289/287 1128/96/96
f 1128/96/96 1104/289/287 1127/290/288
f 1128/96/96 1127/290/288 1151/98/98
f 1151/98/98 1127/290/288 1150/291/289
f 1151/98/98 1150/291/289 1185/100/100
f 1185/100/100 1150/291/289 1186/292/290
f 1185/100/100 1186/292/290 1174/102/102
f 1174/102/102 1186/292/290 1173/293/291
f 1174/102/102 1173/293/291 1220/104/104
f 1220/104/104 1173/293/291 1219/294/292
f 1220/104/104 1219/294/292 1243/106/106
f 1243/106/106 1219/294/292 1242/295/293
f 1243/106/106 1242/295/293 1266/108/108
f 1266/108/108 1242/295/293 1265/296/294
f 1266/108/108 1265/296/294 1300/110/110
f 1300/110/110 1265/296/294 1301/297/295
f 1300/110/110 1301/297/295 1289/112/112
f 1289/112/112 1301/297/295 1288/298/296
f 1289/112/112 1288/298/296 1335/114/114
f 1335/114/114 1288/298/296 1334/299/297
f 1335/114/114 1334/299/297 1358/116/116
f 1358/116/116 1334/299/297 1357/300/298
f 1358/116/116 1357/300/298 1381/118/118
f 1381/118/118 1357/300/298 1380/301/299
f 1381/118/118 1380/301/299 1415/120/120
f 1415/120/120 1380/301/299 1416/302/300
f 1415/120/120 1416/302/300 1404/122/122
f 1404/122/122 1416/302/300 1403/303/301
f 1404/122/122 1403/303/301 1450/124/124
f 1450/124/124 1403/303/301 1449/304/302
f 1450/124/124 1449/304/302 1473/126/126
f 1473/126/126 1449/304/302 1472/305/303
f 1473/126/126 1472/305/303 1496/128/128
f 1496/128/128 1472/305/303 1495/246/245
f 6/247/169 7/306/171 161/248/246
f 161/248/246 7/306/171 160/307/304
f 161/248/246 160/307/304 184/249/247
f 184/249/247 160/307/304 183/308/305
f 184/249/247 183/308/305 207/250/248
f 207/250/248 183/308/305 206/309/306
f 207/250/248 206/309/306 230/251/249
f 230/251/249 206/309/306 229/310/307
f 230/251/249 229/310/307 266/252/250
f 266/252/250 229/310/307 267/311/308
f 266/252/250 267/311/308 253/253/251
f 253/253/251 267/311/308 252/312/309
f 253/253/251 252/312/309 299/254/252
f 299/254/252 252/312/309 298/313/310
f 299/254/252 298/313/310 322/255/253
f 322/255/253 298/313/310 321/314/311
f 322/255/253 321/314/311 345/256/254
f 345/256/254 321/314/311 344/315/312
f 345/256/254 344/315/312 381/257/255
f 381/257/255 344/315/312 382/316/313
f 381/257/255 382/316/313 368/258/256
f 368/258/256 382/316/313 367/317/314
f 368/258/256 367/317/314 414/259/257
f 414/259/257 367/317/314 413/318/315
f 414/259/257 413/318/315 437/260/258
f 437/260/258 413/318/315 436/319/316
f 437/260/258 436/319/316 460/261/259
f 460/261/259 436/319/316 459/320/317
f 460/261/259 459/320/317 496/262/260
f 496/262/260 459/320/317 497/321/318
f 496/262/260 497/321/318 483/263/261
f 483/263/261 497/321/318 482/322/319
f 483/263/261 482/322/319 529/264/262
f 529/264/262 482/322/319 528/323/320
f 529/264/262 528/323/320 552/265/263
f 552/265/263 528/323/320 551/324/321
f 552/265/263 551/324/321 575/266/264
f 575/266/264 551/324/321 574/325/322
f 575/266/264 574/325/322 611/267/265
f 611/267/265 574/325/322 612/326/323
f 611/267/265 612/326/323 598/268/266
f 598/268/266 612/326/323 597/327/324
f 598/268/266 597/327/324 644/269/267
f 644/269/267 597/327/324 643/328/325
f 644/269/267 643/328/325 667/270/268
f 667/270/268 643/328/325 666/329/326
f 667/270/268 666/329/326 690/271/269
f 690/271/269 666/329/326 689/330/327
f 690/271/269 689/330/327 726/272/270
f 726/272/270 689/330/327 727/331/328
f 726/272/270 727/331/328 713/273/271
f 713/273/271 727/331/328 712/332/329
f 713/273/271 712/332/329 759/274/272
f 759/274/272 712/332/329 758/333/330
f 759/274/272 758/333/330 782/275/273
f 782/275/273 758/333/330 781/334/331
f 782/275/273 781/334/331 805/276/274
f 805/276/274 781/334/331 804/335/332
f 805/276/274 804/335/332 841/277/275
f 841/277/275 804/335/332 842/336/333
f 841/277/275 842/336/333 828/278/276
f 828/278/276 842/336/333 827/337/334
f 828/278/276 827/337/334 874/279/277
f 874/279/277 827/337/334 873/338/335
f 874/279/277 873/338/335 897/280/278
f 897/280/278 873/338/335 896/339/336
f 897/280/278 896/339/336 920/281/279
f 920/281/279 896/339/336 919/340/337
f 920/281/279 919/340/337 956/282/280
f 956/282/280 919/340/337 957/341/338
f 956/282/280 957/341/338 943/283/281
f 943/283/281 957/341/338 942/342/339
f 943/283/281 942/342/339 989/284/282
f 989/284/282 942/342/339 988/343/340
f 989/284/282 988/343/340 1012/285/283
f 1012/285/283 988/343/340 1011/344/341
f 1012/285/283 1011/344/341 1035/286/284
f 1035/286/284 1011/344/341 1034/345/342
f 1035/286/284 1034/345/342 1071/287/285
f 1071/287/285 1034/345/342 1072/346/343
f 1071/287/285 1072/346/343 1058/288/286
f 1058/288/286 1072/346/343 1057/347/344
f 1058/288/286 1057/347/344 1104/289/287
f 1104/289/287 1057/347/344 1103/348/345
f 1104/289/287 1103/348/345 1127/290/288
f 1127/290/288 1103/348/345 1126/349/346
f 1127/290/288 1126/349/346 1150/291/289
f 1150/291/289 1126/349/346 1149/350/347
f 1150/291/289 1149/350/347 1186/292/290
f 1186/292/290 1149/350/347 1187/351/348
f 1186/292/290 1187/351/348 1173/293/291
f 1173/293/291 1187/351/348 1172/352/349
f 1173/293/291 1172/352/349 1219/294/292
f 1219/294/292 1172/352/349 1218/353/350
f 1219/294/292 1218/353/350 1242/295/293
f 1242/295/293 1218/353/350 1241/354/351
f 1242/295/293 1241/354/351 1265/296/294
f 1265/296/294 1241/354/351 1264/355/352
f 1265/296/294 1264/355/352 1301/297/295
f 1301/297/295 1264/355/352 1302/356/353
f 1301/297/295 1302/356/353 1288/298/296
f 1288/298/296 1302/356/353 1287/357/354
f 1288/298/296 1287/357/354 1334/299/297
f 1334/299/297 1287/357/354 1333/358/355
f 1334/299/297 1333/358/355 1357/300/298
f 1357/300/298 1333/358/355 1356/359/356
f 1357/300/298 1356/359/356 1380/301/299
f 1380/301/299 1356/359/356 1379/360/357
f 1380/301/299 1379/360/357 1416/302/300
f 1416/302/300 1379/360/357 1417/361/358
f 1416/302/300 1417/361/358 1403/303/301
f 1403/303/301 1417/361/358 1402/362/359
f 1403/303/301 1402/362/359 1449/304/302
f 1449/304/302 1402/362/359 1448/363/360
f 1449/304/302 1448/363/360 1472/305/303
f 1472/305/303 1448/363/360 1471/364/361
f 1472/305/303 1471/364/361 1495/246/245
f 1495/246/245 1471/364/361 1494/244/243
f 7/306/171 8/365/173 160/307/304
f 160/307/304 8/365/173 159/366/362
f 160/307/304 159/366/362 183/308/305
f 183/308/305 159/366/362 182/367/363
f 183/308/305 182/367/363 206/309/306
f 206/309/306 182/367/363 205/368/364
f 206/309/306 205/368/364 229/310/307
f 229/310/307 205/368/364 228/369/365
f 229/310/307 228/369/365 267/311/308
f 267/311/308 228/369/365 268/370/366
f 267/311/308 268/370/366 252/312/309
f 252/312/309 268/370/366 251/371/367
f 252/312/309 251/371/367 298/313/310
f 298/313/310 251/371/367 297/372/368
f 298/313/310 297/372/368 321/314/311
f 321/314/311 297/372/368 320/373/369
f 321/314/311 320/373/369 344/315/312
f 344/315/312 320/373/369 343/374/370
f 344/315/312 343/374/370 382/316/313
f 382/316/313 343/374/370 383/375/371
f 382/316/313 383/375/371 367/317/314
f 367/317/314 383/375/371 366/376/372
f 367/317/314 366/376/372 413/318/315
f 413/318/315 366/376/372 412/377/373
f 413/318/315 412/377/373 436/319/316
f 436/319/316 412/377/373 435/378/374
f 436/319/316 435/378/374 459/320/317
f 459/320/317 435/378/374 458/379/375
f 459/320/317 458/379/375 497/321/318
f 497/321/318 458/379/375 498/380/376
f 497/321/318 498/380/376 482/322/319
f 482/322/319 498/380/376 481/381/377
f 482/322/319 481/381/377 528/323/320
f 528/323/320 481/381/377 527/382/378
f 528/323/320 527/382/378 551/324/321
f 551/324/321 527/382/378 550/383/379
f 551/324/321 550/383/379 574/325/322
f 574/325/322 550/383/379 573/384/380
f 574/325/322 573/384/380 612/326/323
f 612/326/323 573/384/380 613/385/381
f 612/326/323 613/385/381 597/327/324
f 597/327/324 613/385/381 596/386/382
f 597/327/324 596/386/382 643/328/325
f 643/328/325 596/386/382 642/387/383
f 643/328/325 642/387/383 666/329/326
f 666/329/326 642/387/383 665/388/384
f 666/329/326 665/388/384 689/330/327
f 689/330/327 665/388/384 688/389/385
f 689/330/327 688/389/385 727/331/328
f 727/331/328 688/389/385 728/390/386
f 727/331/328 728/390/386 712/332/329
f 712/332/329 728/390/386 711/391/387
f 712/332/329 711/391/387 758/333/330
f 758/333/330 711/391/387 757/392/388
f 758/333/330 757/392/388 781/334/331
f 781/334/331 757/392/388 780/393/389
f 781/334/331 780/393/389 804/335/332
f 804/335/332 780/393/389 803/394/390
f 804/335/332 803/394/390 842/336/333
f 842/336/333 803/394/390 843/395/391
f 842/336/333 843/395/391 827/337/334
f 827/337/334 843/395/391 826/396/392
f 827/337/334 826/396/392 873/338/335
f 873/338/335 826/396/392 872/397/393
f 873/338/335 872/397/393 896/339/336
f 896/339/336 872/397/393 895/398/394
f 896/339/336 895/398/394 919/340/337
f 919/340/337 895/398/394 918/399/395
f 919/340/337 918/399/395 957/341/338
f 957/341/338 918/399/395 958/400/396
f 957/341/338 958/400/396 942/342/339
f 942/342/339 958/400/396 941/401/397
f 942/342/339 941/401/397 988/343/340
f 988/343/340 941/401/397 987/402/398
f 988/343/340 987/402/398 1011/344/341
f 1011/344/341 987/402/398 1010/403/399
f 1011/344/341 1010/403/399 1034/345/342
f 1034/345/342 1010/403/399 1033/404/400
f 1034/345/342 1033/404/400 1072/346/343
f 1072/346/343 1033/404/400 1073/405/401
f 1072/346/343 1073/405/401 1057/347/344
f 1057/347/344 1073/405/401 1056/406/402
f 1057/347/344 1056/406/402 1103/348/345
f 1103/348/345 1056/406/402 1102/407/403
f 1103/348/345 1102/407/403 1126/349/346
f 1126/349/346 1102/407/403 1125/408/404
f 1126/349/346 1125/408/404 1149/350/347
f 1149/350/347 1125/408/404 1148/409/405
f 1149/350/347 1148/409/405 1187/351/348
f 1187/351/348 1148/409/405 1188/410/406
f 1187/351/348 1188/410/406 1172/352/349
f 1172/352/349 1188/410/406 1171/411/407
f 1172/352/349 1171/411/407 1218/353/350
f 1218/353/350 1171/411/407 1217/412/408
f 1218/353/350 1217/412/408 1241/354/351
f 1241/354/351 1217/412/408 1240/413/409
f 1241/354/351 1240/413/409 1264/355/352
f 1264/355/352 1240/413/409 1263/414/410
f 1264/355/352 1263/414/410 1302/356/353
f 1302/356/353 1263/414/410 1303/415/411
f 1302/356/353 1303/415/411 1287/357/354
f 1287/357/354 1303/415/411 1286/416/412
f 1287/357/354 1286/416/412 1333/358/355
f 1333/358/355 1286/416/412 1332/417/413
f 1333/358/355 1332/417/413 1356/359/356
f 1356/359/356 1332/417/413 1355/418/414
f 1356/359/356 1355/418/414 1379/360/357
f 1379/360/357 1355/418/414 1378/419/415
f 1379/360/357 1378/419/415 1417/361/358
f 1417/361/358 1378/419/415 1418/420/416
f 1417/361/358 1418/420/416 1402/362/359
f 1402/362/359 1418/420/416 1401/421/417
f 1402/362/359 1401/421/417 1448/363/360
f 1448/363/360 1401/421/417 1447/422/418
f 1448/363/360 1447/422/418 1471/364/361
f 1471/364/361 1447/422/418 1470/423/419
f 1471/364/361 1470/423/419 1494/244/243
f 1494/244/243 1470/423/419 1493/242/241
f 159/366/362 8/365/173 158/424/420
f 158/424/420 8/365/173 9/425/421
f 158/424/420 9/425/421 157/426/422
f 157/426/422 9/425/421 10/427/423
f 157/426/422 10/427/423 156/428/424
f 156/428/424 10/427/423 155/429/425
f 156/428/424 155/429/425 179/430/426
f 179/430/426 155/429/425 178/431/427
f 179/430/426 178/431/427 202/432/428
f 202/432/428 178/431/427 201/433/429
f 202/432/428 201/433/429 225/434/430
f 225/434/430 201/433/429 224/435/431
f 225/434/430 224/435/431 271/436/432
f 271/436/432 224/435/431 272/437/433
f 271/436/432 272/437/433 248/438/434
f 248/438/434 272/437/433 247/439/435
f 248/438/434 247/439/435 294/440/436
f 294/440/436 247/439/435 293/441/437
f 294/440/436 293/441/437 317/442/438
f 317/442/438 293/441/437 316/443/439
f 317/442/438 316/443/439 340/444/440
f 340/444/440 316/443/439 339/445/441
f 340/444/440 339/445/441 386/446/442
f 386/446/442 339/445/441 387/447/443
f 386/446/442 387/447/443 363/448/444
f 363/448/444 387/447/443 362/449/445
f 363/448/444 362/449/445 409/450/446
f 409/450/446 362/449/445 408/451/447
f 409/450/446 408/451/447 432/452/448
f 432/452/448 408/451/447 431/453/449
f 432/452/448 431/453/449 455/454/450
f 455/454/450 431/453/449 454/455/451
f 455/454/450 454/455/451 501/456/452
f 501/456/452 454/455/451 502/457/453
f 501/456/452 502/457/453 478/458/454
f 478/458/454 502/457/453 477/459/455
f 478/458/454 477/459/455 524/460/456
f 524/460/456 477/459/455 523/461/457
f 524/460/456 523/461/457 547/462/458
f 547/462/458 523/461/457 546/463/459
f 547/462/458 546/463/459 570/464/460
f 570/464/460 546/463/459 569/465/461
f 570/464/460 569/465/461 616/466/462
f 616/466/462 569/465/461 617/467/463
f 616/466/462 617/467/463 593/468/464
f 593/468/464 617/467/463 592/469/465
f 593/468/464 592/469/465 639/470/466
f 639/470/466 592/469/465 638/471/467
f 639/470/466 638/471/467 662/472/468
f 662/472/468 638/471/467 661/473/469
f 662/472/468 661/473/469 685/474/470
f 685/474/470 661/473/469 684/475/471
f 685/474/470 684/475/471 731/476/472
f 731/476/472 684/475/471 732/477/473
f 731/476/472 732/477/473 708/478/474
f 708/478/474 732/477/473 707/479/475
f 708/478/474 707/479/475 754/480/476
f 754/480/476 707/479/475 753/481/477
f 754/480/476 753/481/477 777/482/478
f 777/482/478 753/481/477 776/483/479
f 777/482/478 776/483/479 800/484/480
f 800/484/480 776/483/479 799/485/481
f 800/484/480 799/485/481 846/486/482
f 846/486/482 799/485/481 847/487/483
f 846/486/482 847/487/483 823/488/484
f 823/488/484 847/487/483 822/489/485
f 823/488/484 822/489/485 869/490/486
f 869/490/486 822/489/485 868/491/487
f 869/490/486 868/491/487 892/492/488
f 892/492/488 868/491/487 891/493/489
f 892/492/488 891/493/489 915/494/490
f 915/494/490 891/493/489 914/495/491
f 915/494/490 914/495/491 961/496/492
f 961/496/492 914/495/491 962/497/493
f 961/496/492 962/497/493 938/498/494
f 938/498/494 962/497/493 937/499/495
f 938/498/494 937/499/495 984/500/496
f 984/500/496 937/499/495 983/501/497
f 984/500/496 983/501/497 1007/502/498
f 1007/502/498 983/501/497 1006/503/499
f 1007/502/498 1006/503/499 1030/504/500
f 1030/504/500 1006/503/499 1029/505/501
f 1030/504/500 1029/505/501 1076/506/502
f 1076/506/502 1029/505/501 1077/507/503
f 1076/506/502 1077/507/503 1053/508/504
f 1053/508/504 1077/507/503 1052/509/505
f 1053/508/504 1052/509/505 1099/510/506
f 1099/510/506 1052/509/505 1098/511/507
f 1099/510/506 1098/511/507 1122/512/508
f 1122/512/508 1098/511/507 1121/513/509
f 1122/512/508 1121/513/509 1145/514/510
f 1145/514/510 1121/513/509 1144/515/511
f 1145/514/510 1144/515/511 1191/516/512
f 1191/516/512 1144/515/511 1192/517/513
f 1191/516/512 1192/517/513 1168/518/514
f 1168/518/514 1192/517/513 1167/519/515
f 1168/518/514 1167/519/515 1214/520/516
f 1214/520/516 1167/519/515 1213/521/517
f 1214/520/516 1213/521/517 1237/522/518
f 1237/522/518 1213/521/517 1236/523/519
f 1237/522/518 1236/523/519 1260/524/520
f 1260/524/520 1236/523/519 1259/525/521
f 1260/524/520 1259/525/521 1306/526/522
f 1306/526/522 1259/525/521 1307/527/523
f 1306/526/522 1307/527/523 1283/528/524
f 1283/528/524 1307/527/523 1282/529/525
f 1283/528/524 1282/529/525 1329/530/526
f 1329/530/526 1282/529/525 1328/531/527
f 1329/530/526 1328/531/527 1352/532/528
f 1352/532/528 1328/531/527 1351/533/529
f 1352/532/528 1351/533/529 1375/534/530
f 1375/534/530 1351/533/529 1374/535/531
f 1375/534/530 1374/535/531 1421/536/532
f 1421/536/532 1374/535/531 1422/537/533
f 1421/536/532 1422/537/533 1398/538/534
f 1398/538/534 1422/537/533 1397/539/535
f 1398/538/534 1397/539/535 1444/540/536
f 1444/540/536 1397/539/535 1443/541/537
f 1444/540/536 1443/541/537 1467/542/538
f 1467/542/538 1443/541/537 1466/543/539
f 1467/542/538 1466/543/539 1490/236/235
f 1490/236/235 1466/543/539 1489/234/233
f 10/427/423 11/544/540 155/429/425
f 155/429/425 11/544/540 154/545/541
f 155/429/425 154/545/541 178/431/427
f 178/431/427 154/545/541 177/546/542
f 178/431/427 177/546/542 201/433/429
f 201/433/429 177/546/542 200/547/543
f 201/433/429 200/547/543 224/435/431
f 224/435/431 200/547/543 223/548/544
f 224/435/431 223/548/544 272/437/433
f 272/437/433 223/548/544 273/549/545
f 272/437/433 273/549/545 247/439/435
f 247/439/435 273/549/545 246/550/546
f 247/439/435 246/550/546 293/441/437
f 293/441/437 246/550/546 292/551/547
f 293/441/437 292/551/547 316/443/439
f 316/443/439 292/551/547 315/552/548
f 316/443/439 315/552/548 339/445/441
f 339/445/441 315/552/548 338/553/549
f 339/445/441 338/553/549 387/447/443
f 387/447/443 338/553/549 388/554/550
f 387/447/443 388/554/550 362/449/445
f 362/449/445 388/554/550 361/555/551
f 362/449/445 361/555/551 408/451/447
f 408/451/447 361/555/551 407/556/552
f 408/451/447 407/556/552 431/453/449
f 431/453/449 407/556/552 430/557/553
f 431/453/449 430/557/553 454/455/451
f 454/455/451 430/557/553 453/558/554
f 454/455/451 453/558/554 502/457/453
f 502/457/453 453/558/554 503/559/555
f 502/457/453 503/559/555 477/459/455
f 477/459/455 503/559/555 476/560/556
f 477/459/455 476/560/556 523/461/457
f 523/461/457 476/560/556 522/561/557
f 523/461/457 522/561/557 546/463/459
f 546/463/459 522/561/557 545/562/558
f 546/463/459 545/562/558 569/465/461
f 569/465/461 545/562/558 568/563/559
f 569/465/461 568/563/559 617/467/463
f 617/467/463 568/563/559 618/564/560
f 617/467/463 618/564/560 592/469/465
f 592/469/465 618/564/560 591/565/561
f 592/469/465 591/565/561 638/471/467
f 638/471/467 591/565/561 637/566/562
f 638/471/467 637/566/562 661/473/469
f 661/473/469 637/566/562 660/567/563
f 661/473/469 660/567/563 684/475/471
f 684/475/471 660/567/563 683/568/564
f 684/475/471 683/568/564 732/477/473
f 732/477/473 683/568/564 733/569/565
f 732/477/473 733/569/565 707/479/475
f 707/479/475 733/569/565 706/570/566
f 707/479/475 706/570/566 753/481/477
f 753/481/477 706/570/566 752/571/567
f 753/481/477 752/571/567 776/483/479
f 776/483/479 752/571/567 775/572/568
f 776/483/479 775/572/568 799/485/481
f 799/485/481 775/572/568 798/573/569
f 799/485/481 798/573/569 847/487/483
f 847/487/483 798/573/569 848/574/570
f 847/487/483 848/574/570 822/489/485
f 822/489/485 848/574/570 821/575/571
f 822/489/485 821/575/571 868/491/487
f 868/491/487 821/575/571 867/576/572
f 868/491/487 867/576/572 891/493/489
f 891/493/489 867/576/572 890/577/573
f 891/493/489 890/577/573 914/495/491
f 914/495/491 890/577/573 913/578/574
f 914/495/491 913/578/574 962/497/493
f 962/497/493 913/578/574 963/579/575
f 962/497/493 963/579/575 937/499/495
f 937/499/495 963/579/575 936/580/576
f 937/499/495 936/580/576 983/501/497
f 983/501/497 936/580/576 982/581/577
f 983/501/497 982/581/577 1006/503/499
f 1006/503/499 982/581/577 1005/582/578
f 1006/503/499 1005/582/578 1029/505/501
f 1029/505/501 1005/582/578 1028/583/579
f 1029/505/501 1028/583/579 1077/507/503
f 1077/507/503 1028/583/579 1078/584/580
f 1077/507/503 1078/584/580 1052/509/505
f 1052/509/505 1078/584/580 1051/585/581
f 1052/509/505 1051/585/581 1098/511/507
f 1098/511/507 1051/585/581 1097/586/582
f 1098/511/507 1097/586/582 1121/513/509
f 1121/513/509 1097/586/582 1120/587/583
f 1121/513/509 1120/587/583 1144/515/511
f 1144/515/511 1120/587/583 1143/588/584
f 1144/515/511 1143/588/584 1192/517/513
f 1192/517/513 1143/588/584 1193/589/585
f 1192/517/513 1193/589/585 1167/519/515
f 1167/519/515 1193/589/585 1166/590/586
f 1167/519/515 1166/590/586 1213/521/517
f 1213/521/517 1166/590/586 1212/591/587
f 1213/521/517 1212/591/587 1236/523/519
f 1236/523/519 1212/591/587 1235/592/588
f 1236/523/519 1235/592/588 1259/525/521
f 1259/525/521 1235/592/588 1258/593/589
f 1259/525/521 1258/593/589 1307/527/523
f 1307/527/523 1258/593/589 1308/594/590
f 1307/527/523 1308/594/590 1282/529/525
f 1282/529/525 1308/594/590 1281/595/591
f 1282/529/525 1281/595/591 1328/531/527
f 1328/531/527 1281/595/591 1327/596/592
f 1328/531/527 1327/596/592 1351/533/529
f 1351/533/529 1327/596/592 1350/597/593
f 1351/533/529 1350/597/593 1374/535/531
f 1374/535/531 1350/597/593 1373/598/594
f 1374/535/531 1373/598/594 1422/537/533
f 1422/537/533 1373/598/594 1423/599/595
f 1422/537/533 1423/599/595 1397/539/535
f 1397/539/535 1423/599/595 1396/600/596
f 1397/539/535 1396/600/596 1443/541/537
f 1443/541/537 1396/600/596 1442/601/597
f 1443/541/537 1442/601/597 1466/543/539
f 1466/543/539 1442/601/597 1465/602/598
f 1466/543/539 1465/602/598 1489/234/233
f 1489/234/233 1465/602/598 1488/232/231
f 154/545/541 11/544/540 153/603/599
f 153/603/599 11/544/540 12/604/600
f 153/603/599 12/604/600 152/605/601
f 152/605/601 12/604/600 13/606/602
f 152/605/601 13/606/602 151/607/603
f 151/607/603 13/606/602 150/608/604
f 151/607/603 150/608/604 174/609/605
f 174/609/605 150/608/604 173/610/606
f 174/609/605 173/610/606 197/611/607
f 197/611/607 173/610/606 196/612/608
f 197/611/607 196/612/608 220/613/609
f 220/613/609 196/612/608 219/614/610
f 220/613/609 219/614/610 276/615/611
f 276/615/611 219/614/610 277/616/612
f 276/615/611 277/616/612 243/617/613
f 243/617/613 277/616/612 242/618/614
f 243/617/613 242/618/614 289/619/615
f 289/619/615 242/618/614 288/620/616
f 289/619/615 288/620/616 312/621/617
f 312/621/617 288/620/616 311/622/618
f 312/621/617 311/622/618 335/623/619
f 335/623/619 311/622/618 334/624/620
f 335/623/619 334/624/620 391/625/621
f 391/625/621 334/624/620 392/626/622
f 391/625/621 392/626/622 358/627/623
f 358/627/623 392/626/622 357/628/624
f 358/627/623 357/628/624 404/629/625
f 404/629/625 357/628/624 403/630/626
f 404/629/625 403/630/626 427/631/627
f 427/631/627 403/630/626 426/632/628
f 427/631/627 426/632/628 450/633/629
f 450/633/629 426/632/628 449/634/630
f 450/633/629 449/634/630 506/635/631
f 506/635/631 449/634/630 507/636/632
f 506/635/631 507/636/632 473/637/633
f 473/637/633 507/636/632 472/638/634
f 473/637/633 472/638/634 519/639/635
f 519/639/635 472/638/634 518/640/636
f 519/639/635 518/640/636 542/641/637
f 542/641/637 518/640/636 541/642/638
f 542/641/637 541/642/638 565/643/639
f 565/643/639 541/642/638 564/644/640
f 565/643/639 564/644/640 621/645/641
f 621/645/641 564/644/640 622/646/642
f 621/645/641 622/646/642 588/647/643
f 588/647/643 622/646/642 587/648/644
f 588/647/643 587/648/644 634/649/645
f 634/649/645 587/648/644 633/650/646
f 634/649/645 633/650/646 657/651/647
f 657/651/647 633/650/646 656/652/648
f 657/651/647 656/652/648 680/653/649
f 680/653/649 656/652/648 679/654/650
f 680/653/649 679/654/650 736/655/651
f 736/655/651 679/654/650 737/656/652
f 736/655/651 737/656/652 703/657/653
f 703/657/653 737/656/652 702/658/654
f 703/657/653 702/658/654 749/659/655
f 749/659/655 702/658/654 748/660/656
f 749/659/655 748/660/656 772/661/657
f 772/661/657 748/660/656 771/662/658
f 772/661/657 771/662/658 795/663/659
f 795/663/659 771/662/658 794/664/660
f 795/663/659 794/664/660 851/665/661
f 851/665/661 794/664/660 852/666/662
f 851/665/661 852/666/662 818/667/663
f 818/667/663 852/666/662 817/668/664
f 818/667/663 817/668/664 864/669/665
f 864/669/665 817/668/664 863/670/666
f 864/669/665 863/670/666 887/671/667
f 887/671/667 863/670/666 886/672/668
f 887/671/667 886/672/668 910/673/669
f 910/673/669 886/672/668 909/674/670
f 910/673/669 909/674/670 966/675/671
f 966/675/671 909/674/670 967/676/672
f 966/675/671 967/676/672 933/677/673
f 933/677/673 967/676/672 932/678/674
f 933/677/673 932/678/674 979/679/675
f 979/679/675 932/678/674 978/680/676
f 979/679/675 978/680/676 1002/681/677
f 1002/681/677 978/680/676 1001/682/678
f 1002/681/677 1001/682/678 1025/683/679
f 1025/683/679 1001/682/678 1024/684/680
f 1025/683/679 1024/684/680 1081/685/681
f 1081/685/681 1024/684/680 1082/686/682
f 1081/685/681 1082/686/682 1048/687/683
f 1048/687/683 1082/686/682 1047/688/684
f 1048/687/683 1047/688/684 1094/689/685
f 1094/689/685 1047/688/684 1093/690/686
f 1094/689/685 1093/690/686 1117/691/687
f 1117/691/687 1093/690/686 1116/692/688
f 1117/691/687 1116/692/688 1140/693/689
f 1140/693/689 1116/692/688 1139/694/690
f 1140/693/689 1139/694/690 1196/695/691
f 1196/695/691 1139/694/690 1197/696/692
f 1196/695/691 1197/696/692 1163/697/693
f 1163/697/693 1197/696/692 1162/698/694
f 1163/697/693 1162/698/694 1209/699/695
f 1209/699/695 1162/698/694 1208/700/696
f 1209/699/695 1208/700/696 1232/701/697
f 1232/701/697 1208/700/696 1231/702/698
f 1232/701/697 1231/702/698 1255/703/699
f 1255/703/699 1231/702/698 1254/704/700
f 1255/703/699 1254/704/700 1311/705/701
f 1311/705/701 1254/704/700 1312/706/702
f 1311/705/701 1312/706/702 1278/707/703
f 1278/707/703 1312/706/702 1277/708/704
f 1278/707/703 1277/708/704 1324/709/705
f 1324/709/705 1277/708/704 1323/710/706
f 1324/709/705 1323/710/706 1347/711/707
f 1347/711/707 1323/710/706 1346/712/708
f 1347/711/707 1346/712/708 1370/713/709
f 1370/713/709 1346/712/708 1369/714/710
f 1370/713/709 1369/714/710 1426/715/711
f 1426/715/711 1369/714/710 1427/716/712
f 1426/715/711 1427/716/712 1393/717/713
f 1393/717/713 1427/716/712 1392/718/714
f 1393/717/713 1392/718/714 1439/719/715
f 1439/719/715 1392/718/714 1438/720/716
f 1439/719/715 1438/720/716 1462/721/717
f 1462/721/717 1438/720/716 1461/722/718
f 1462/721/717 1461/722/718 1485/226/225
f 1485/226/225 1461/722/718 1484/224/223
f 13/606/602 14/723/719 150/608/604
f 150/608/604 14/723/719 149/724/720
f 150/608/604 149/724/720 173/610/606
f 173/610/606 149/724/720 172/725/721
f 173/610/606 172/725/721 196/612/608
f 196/612/608 172/725/721 195/726/722
f 196/612/608 195/726/722 219/614/610
f 219/614/610 195/726/722 218/727/723
f 219/614/610 218/727/723 277/616/612
f 277/616/612 218/727/723 278/728/724
f 277/616/612 278/728/724 242/618/614
f 242/618/614 278/728/724 241/729/725
f 242/618/614 241/729/725 288/620/616
f 288/620/616 241/729/725 287/730/726
f 288/620/616 287/730/726 311/622/618
f 311/622/618 287/730/726 310/731/727
f 311/622/618 310/731/727 334/624/620
f 334/624/620 310/731/727 333/732/728
f 334/624/620 333/732/728 392/626/622
f 392/626/622 333/732/728 393/733/729
f 392/626/622 393/733/729 357/628/624
f 357/628/624 393/733/729 356/734/730
f 357/628/624 356/734/730 403/630/626
f 403/630/626 356/734/730 402/735/731
f 403/630/626 402/735/731 426/632/628
f 426/632/628 402/735/731 425/736/732
f 426/632/628 425/736/732 449/634/630
f 449/634/630 425/736/732 448/737/733
f 449/634/630 448/737/733 507/636/632
f 507/636/632 448/737/733 508/738/734
f 507/636/632 508/738/734 472/638/634
f 472/638/634 508/738/734 471/739/735
f 472/638/634 471/739/735 518/640/636
f 518/640/636 471/739/735 517/740/736
f 518/640/636 517/740/736 541/642/638
f 541/642/638 517/740/736 540/741/737
f 541/642/638 540/741/737 564/644/640
f 564/644/640 540/741/737 563/742/738
f 564/644/640 563/742/738 622/646/642
f 622/646/642 563/742/738 623/743/739
f 622/646/642 623/743/739 587/648/644
f 587/648/644 623/743/739 586/744/740
f 587/648/644 586/744/740 633/650/646
f 633/650/646 586/744/740 632/745/741
f 633/650/646 632/745/741 656/652/648
f 656/652/648 632/745/741 655/746/742
f 656/652/648 655/746/742 679/654/650
f 679/654/650 655/746/742 678/747/743
f 679/654/650 678/747/743 737/656/652
f 737/656/652 678/747/743 738/748/744
f 737/656/652 738/748/744 702/658/654
f 702/658/654 738/748/744 701/749/745
f 702/658/654 701/749/745 748/660/656
f 748/660/656 701/749/745 747/750/746
f 748/660/656 747/750/746 771/662/658
f 771/662/658 747/750/746 770/751/747
f 771/662/658 770/751/747 794/664/660
f 794/664/660 770/751/747 793/752/748
f 794/664/660 793/752/748 852/666/662
f 852/666/662 793/752/748 853/753/749
f 852/666/662 853/753/749 817/668/664
f 817/668/664 853/753/749 816/754/750
f 817/668/664 816/754/750 863/670/666
f 863/670/666 816/754/750 862/755/751
f 863/670/666 862/755/751 886/672/668
f 886/672/668 862/755/751 885/756/752
f 886/672/668 885/756/752 909/674/670
f 909/674/670 885/756/752 908/757/753
f 909/674/670 908/757/753 967/676/672
f 967/676/672 908/757/753 968/758/754
f 967/676/672 968/758/754 932/678/674
f 932/678/674 968/758/754 931/759/755
f 932/678/674 931/759/755 978/680/676
f 978/680/676 931/759/755 977/760/756
f 978/680/676 977/760/756 1001/682/678
f 1001/682/678 977/760/756 1000/761/757
f 1001/682/678 1000/761/757 1024/684/680
f 1024/684/680 1000/761/757 1023/762/758
f 1024/684/680 1023/762/758 1082/686/682
f 1082/686/682 1023/762/758 1083/763/759
f 1082/686/682 1083/763/759 1047/688/684
f 1047/688/684 1083/763/759 1046/764/760
f 1047/688/684 1046/764/760 1093/690/686
f 1093/690/686 1046/764/760 1092/765/761
f 1093/690/686 1092/765/761 1116/692/688
f 1116/692/688 1092/765/761 1115/766/762
f 1116/692/688 1115/766/762 1139/694/690
f 1139/694/690 1115/766/762 1138/767/763
f 1139/694/690 1138/767/763 1197/696/692
f 1197/696/692 1138/767/763 1198/768/764
f 1197/696/692 1198/768/764 1162/698/694
f 1162/698/694 1198/768/764 1161/769/765
f 1162/698/694 1161/769/765 1208/700/696
f 1208/700/696 1161/769/765 1207/770/766
f 1208/700/696 1207/770/766 1231/702/698
f 1231/702/698 1207/770/766 1230/771/767
f 1231/702/698 1230/771/767 1254/704/700
f 1254/704/700 1230/771/767 1253/772/768
f 1254/704/700 1253/772/768 1312/706/702
f 1312/706/702 1253/772/768 1313/773/769
f 1312/706/702 1313/773/769 1277/708/704
f 1277/708/704 1313/773/769 1276/774/770
f 1277/708/704 1276/774/770 1323/710/706
f 1323/710/706 1276/774/770 1322/775/771
f 1323/710/706 1322/775/771 1346/712/708
f 1346/712/708 1322/775/771 1345/776/772
f 1346/712/708 1345/776/772 1369/714/710
f 1369/714/710 1345/776/772 1368/777/773
f 1369/714/710 1368/777/773 1427/716/712
f 1427/716/712 1368/777/773 1428/778/774
f 1427/716/712 1428/778/774 1392/718/714
f 1392/718/714 1428/778/774 1391/779/775
f 1392/718/714 1391/779/775 1438/720/716
f 1438/720/716 1391/779/775 1437/780/776
f 1438/720/716 1437/780/776 1461/722/718
f 1461/722/718 1437/780/776 1460/781/777
f 1461/722/718 1460/781/777 1484/224/223
f 1484/224/223 1460/781/777 1483/222/221
f 149/724/720 14/723/719 148/782/778
f 148/782/778 14/723/719 15/783/779
f 148/782/778 15/783/779 147/784/780
f 147/784/780 15/783/779 16/785/781
f 147/784/780 16/785/781 146/786/782
f 146/786/782 16/785/781 145/787/783
f 146/786/782 145/787/783 169/788/784
f 169/788/784 145/787/783 168/789/785
f 169/788/784 168/789/785 192/790/786
f 192/790/786 168/789/785 191/791/787
f 192/790/786 191/791/787 215/792/788
f 215/792/788 191/791/787 214/793/789
f 215/792/788 214/793/789 281/794/790
f 281/794/790 214/793/789 282/795/791
f 281/794/790 282/795/791 238/796/792
f 238/796/792 282/795/791 237/797/793
f 238/796/792 237/797/793 284/798/794
f 284/798/794 237/797/793 283/799/795
f 284/798/794 283/799/795 307/800/796
f 307/800/796 283/799/795 306/801/797
f 307/800/796 306/801/797 330/802/798
f 330/802/798 306/801/797 329/803/799
f 330/802/798 329/803/799 396/804/800
f 396/804/800 329/803/799 397/805/801
f 396/804/800 397/805/801 353/806/802
f 353/806/802 397/805/801 352/807/803
f 353/806/802 352/807/803 399/808/804
f 399/808/804 352/807/803 398/809/805
f 399/808/804 398/809/805 422/810/806
f 422/810/806 398/809/805 421/811/807
f 422/810/806 421/811/807 445/812/808
f 445/812/808 421/811/807 444/813/809
f 445/812/808 444/813/809 511/814/810
f 511/814/810 444/813/809 512/815/811
f 511/814/810 512/815/811 468/816/812
f 468/816/812 512/815/811 467/817/813
f 468/816/812 467/817/813 514/818/814
f 514/818/814 467/817/813 513/819/815
f 514/818/814 513/819/815 537/820/816
f 537/820/816 513/819/815 536/821/817
f 537/820/816 536/821/817 560/822/818
f 560/822/818 536/821/817 559/823/819
f 560/822/818 559/823/819 626/824/820
f 626/824/820 559/823/819 627/825/821
f 626/824/820 627/825/821 583/826/822
f 583/826/822 627/825/821 582/827/823
f 583/826/822 582/827/823 629/828/824
f 629/828/824 582/827/823 628/829/825
f 629/828/824 628/829/825 652/830/826
f 652/830/826 628/829/825 651/831/827
f 652/830/826 651/831/827 675/832/828
f 675/832/828 651/831/827 674/833/829
f 675/832/828 674/833/829 741/834/830
f 741/834/830 674/833/829 742/835/831
f 741/834/830 742/835/831 698/836/832
f 698/836/832 742/835/831 697/837/833
f 698/836/832 697/837/833 744/838/834
f 744/838/834 697/837/833 743/839/835
f 744/838/834 743/839/835 767/840/836
f 767/840/836 743/839/835 766/841/837
f 767/840/836 766/841/837 790/842/838
f 790/842/838 766/841/837 789/843/839
f 790/842/838 789/843/839 856/844/840
f 856/844/840 789/843/839 857/845/841
f 856/844/840 857/845/841 813/846/842
f 813/846/842 857/845/841 812/847/843
f 813/846/842 812/847/843 859/848/844
f 859/848/844 812/847/843 858/849/845
f 859/848/844 858/849/845 882/850/846
f 882/850/846 858/849/845 881/851/847
f 882/850/846 881/851/847 905/852/848
f 905/852/848 881/851/847 904/853/849
f 905/852/848 904/853/849 971/854/850
f 971/854/850 904/853/849 972/855/851
f 971/854/850 972/855/851 928/856/852
f 928/856/852 972/855/851 927/857/853
f 928/856/852 927/857/853 974/858/854
f 974/858/854 927/857/853 973/859/855
f 974/858/854 973/859/855 997/860/856
f 997/860/856 973/859/855 996/861/857
f 997/860/856 996/861/857 1020/862/858
f 1020/862/858 996/861/857 1019/863/859
f 1020/862/858 1019/863/859 1086/864/860
f 1086/864/860 1019/863/859 1087/865/861
f 1086/864/860 1087/865/861 1043/866/862
f 1043/866/862 1087/865/861 1042/867/863
f 1043/866/862 1042/867/863 1089/868/864
f 1089/868/864 1042/867/863 1088/869/865
f 1089/868/864 1088/869/865 1112/870/866
f 1112/870/866 1088/869/865 1111/871/867
f 1112/870/866 1111/871/867 1135/872/868
f 1135/872/868 1111/871/867 1134/873/869
f 1135/872/868 1134/873/869 1201/874/870
f 1201/874/870 1134/873/869 1202/875/871
f 1201/874/870 1202/875/871 1158/876/872
f 1158/876/872 1202/875/871 1157/877/873
f 1158/876/872 1157/877/873 1204/878/874
f 1204/878/874 1157/877/873 1203/879/875
f 1204/878/874 1203/879/875 1227/880/876
f 1227/880/876 1203/879/875 1226/881/877
f 1227/880/876 1226/881/877 1250/882/878
f 1250/882/878 1226/881/877 1249/883/879
f 1250/882/878 1249/883/879 1316/884/880
f 1316/884/880 1249/883/879 1317/885/881
f 1316/884/880 1317/885/881 1273/886/882
f 1273/886/882 1317/885/881 1272/887/883
f 1273/886/882 1272/887/883 1319/888/884
f 1319/888/884 1272/887/883 1318/889/885
f 1319/888/884 1318/889/885 1342/890/886
f 1342/890/886 1318/889/885 1341/891/887
f 1342/890/886 1341/891/887 1365/892/888
f 1365/892/888 1341/891/887 1364/893/889
f 1365/892/888 1364/893/889 1431/894/890
f 1431/894/890 1364/893/889 1432/895/891
f 1431/894/890 1432/895/891 1388/896/892
f 1388/896/892 1432/895/891 1387/897/893
f 1388/896/892 1387/897/893 1434/898/894
f 1434/898/894 1387/897/893 1433/899/895
f 1434/898/894 1433/899/895 1457/900/896
f 1457/900/896 1433/899/895 1456/901/897
f 1457/900/896 1456/901/897 1480/216/215
f 1480/216/215 1456/901/897 1479/214/213
f 16/785/781 17/902/898 145/787/783
f 145/787/783 17/902/898 18/903/899
f 145/787/783 18/903/899 168/789/785
f 168/789/785 18/903/899 19/904/900
f 168/789/785 19/904/900 191/791/787
f 191/791/787 19/904/900 20/905/901
f 191/791/787 20/905/901 214/793/789
f 214/793/789 20/905/901 21/906/902
f 214/793/789 21/906/902 282/795/791
f 282/795/791 21/906/902 237/797/793
f 21/906/902 22/907/903 237/797/793
f 237/797/793 22/907/903 283/799/795
f 22/907/903 23/908/904 283/799/795
f 283/799/795 23/908/904 306/801/797
f 23/908/904 24/909/905 306/801/797
f 306/801/797 24/909/905 329/803/799
f 24/909/905 25/910/906 329/803/799
f 329/803/799 25/910/906 397/805/801
f 397/805/801 25/910/906 352/807/803
f 352/807/803 25/910/906 26/911/907
f 352/807/803 26/911/907 398/809/805
f 398/809/805 26/911/907 27/912/908
f 398/809/805 27/912/908 421/811/807
f 421/811/807 27/912/908 28/913/909
f 421/811/807 28/913/909 444/813/809
f 444/813/809 28/913/909 29/914/910
f 444/813/809 29/914/910 512/815/811
f 512/815/811 29/914/910 467/817/813
f 29/914/910 30/915/911 467/817/813
f 467/817/813 30/915/911 513/819/815
f 30/915/911 31/916/912 513/819/815
f 513/819/815 31/916/912 536/821/817
f 31/916/912 32/917/913 536/821/817
f 536/821/817 32/917/913 559/823/819
f 32/917/913 33/918/914 559/823/819
f 559/823/819 33/918/914 627/825/821
f 627/825/821 33/918/914 582/827/823
f 582/827/823 33/918/914 34/919/915
f 582/827/823 34/919/915 628/829/825
f 628/829/825 34/919/915 35/920/916
f 628/829/825 35/920/916 651/831/827
f 651/831/827 35/920/916 36/921/917
f 651/831/827 36/921/917 674/833/829
f 674/833/829 36/921/917 37/922/918
f 674/833/829 37/922/918 742/835/831
f 742/835/831 37/922/918 697/837/833
f 37/922/918 38/923/919 697/837/833
f 697/837/833 38/923/919 743/839/835
f 38/923/919 39/924/920 743/839/835
f 743/839/835 39/924/920 766/841/837
f 39/924/920 40/925/921 766/841/837
f 766/841/837 40/925/921 789/843/839
f 40/925/921 41/926/922 789/843/839
f 789/843/839 41/926/922 857/845/841
f 857/845/841 41/926/922 812/847/843
f 812/847/843 41/926/922 42/927/923
f 812/847/843 42/927/923 858/849/845
f 858/849/845 42/927/923 43/928/924
f 858/849/845 43/928/924 881/851/847
f 881/851/847 43/928/924 44/929/925
f 881/851/847 44/929/925 904/853/849
f 904/853/849 44/929/925 45/930/926
f 904/853/849 45/930/926 972/855/851
f 972/855/851 45/930/926 927/857/853
f 45/930/926 46/931/927 927/857/853
f 927/857/853 46/931/927 973/859/855
f 46/931/927 47/932/928 973/859/855
f 973/859/855 47/932/928 996/861/857
f 47/932/928 48/933/929 996/861/857
f 996/861/857 48/933/929 1019/863/859
f 48/933/929 49/934/930 1019/863/859
f 1019/863/859 49/934/930 1087/865/861
f 1087/865/861 49/934/930 1042/867/863
f 1042/867/863 49/934/930 50/935/931
f 1042/867/863 50/935/931 1088/869/865
f 1088/869/865 50/935/931 51/936/932
f 1088/869/865 51/936/932 1111/871/867
f 1111/871/867 51/936/932 52/937/933
f 1111/871/867 52/937/933 1134/873/869
f 1134/873/869 52/937/933 53/938/934
f 1134/873/869 53/938/934 1202/875/871
f 1202/875/871 53/938/934 1157/877/873
f 53/938/934 54/939/935 1157/877/873
f 1157/877/873 54/939/935 1203/879/875
f 54/939/935 55/940/936 1203/879/875
f 1203/879/875 55/940/936 1226/881/877
f 55/940/936 56/941/937 1226/881/877
f 1226/881/877 56/941/937 1249/883/879
f 56/941/937 57/942/938 1249/883/879
f 1249/883/879 57/942/938 1317/885/881
f 1317/885/881 57/942/938 1272/887/883
f 1272/887/883 57/942/938 58/943/939
f 1272/887/883 58/943/939 1318/889/885
f 1318/889/885 58/943/939 59/944/940
f 1318/889/885 59/944/940 1341/891/887
f 1341/891/887 59/944/940 60/945/941
f 1341/891/887 60/945/941 1364/893/889
f 1364/893/889 60/945/941 61/946/942
f 1364/893/889 61/946/942 1432/895/891
f 1432/895/891 61/946/942 1387/897/893
f 61/946/942 62/947/943 1387/897/893
f 1387/897/893 62/947/943 1433/899/895
f 62/947/943 63/948/944 1433/899/895
f 1433/899/895 63/948/944 1456/901/897
f 63/948/944 64/949/945 1456/901/897
f 1456/901/897 64/949/945 1479/214/213
f 64/949/945 65/212/211 1479/214/213
f 69/204/203 70/950/946 1617/202/201
f 1617/202/201 70/950/946 1663/951/947
f 1617/202/201 1663/951/947 1664/200/199
f 1664/200/199 1663/951/947 1687/952/948
f 1664/200/199 1687/952/948 1688/198/197
f 1688/198/197 1687/952/948 1711/953/949
f 1688/198/197 1711/953/949 1712/196/195
f 1712/196/195 1711/953/949 1774/954/950
f 1712/196/195 1774/954/950 1773/194/193
f 1773/194/193 1774/954/950 1736/955/951
f 1773/194/193 1736/955/951 1737/192/191
f 1737/192/191 1736/955/951 1783/956/952
f 1737/192/191 1783/956/952 1784/190/189
f 1784/190/189 1783/956/952 1807/957/953
f 1784/190/189 1807/957/953 1808/188/187
f 1808/188/187 1807/957/953 1831/958/954
f 1808/188/187 1831/958/954 1832/186/185
f 1832/186/185 1831/958/954 1884/959/955
f 1832/186/185 1884/959/955 1883/184/183
f 1883/184/183 1884/959/955 1856/960/956
f 1883/184/183 1856/960/956 1857/182/181
f 1857/182/181 1856/960/956 1903/961/957
f 1857/182/181 1903/961/957 1904/180/179
f 1904/180/179 1903/961/957 1927/962/958
f 1904/180/179 1927/962/958 1928/178/177
f 1928/178/177 1927/962/958 1951/963/959
f 1928/178/177 1951/963/959 1952/176/175
f 1952/176/175 1951/963/959 9/964/421
f 1952/176/175 9/964/421 8/174/173
f 70/950/946 71/965/960 1663/951/947
f 1663/951/947 71/965/960 1686/966/961
f 1663/951/947 1686/966/961 1687/952/948
f 1687/952/948 1686/966/961 1710/967/962
f 1687/952/948 1710/967/962 1711/953/949
f 1711/953/949 1710/967/962 1775/968/963
f 1711/953/949 1775/968/963 1774/954/950
f 1774/954/950 1775/968/963 1735/969/964
f 1774/954/950 1735/969/964 1736/955/951
f 1736/955/951 1735/969/964 1782/970/965
f 1736/955/951 1782/970/965 1783/956/952
f 1783/956/952 1782/970/965 1806/971/966
f 1783/956/952 1806/971/966 1807/957/953
f 1807/957/953 1806/971/966 1830/972/967
f 1807/957/953 1830/972/967 1831/958/954
f 1831/958/954 1830/972/967 1885/973/968
f 1831/958/954 1885/973/968 1884/959/955
f 1884/959/955 1885/973/968 1855/974/969
f 1884/959/955 1855/974/969 1856/960/956
f 1856/960/956 1855/974/969 1902/975/970
f 1856/960/956 1902/975/970 1903/961/957
f 1903/961/957 1902/975/970 1926/976/971
f 1903/961/957 1926/976/971 1927/962/958
f 1927/962/958 1926/976/971 1950/977/972
f 1927/962/958 1950/977/972 1951/963/959
f 1951/963/959 1950/977/972 10/978/423
f 1951/963/959 10/978/423 9/964/421
f 71/965/960 72/979/973 1686/966/961
f 1686/966/961 72/979/973 1709/980/974
f 1686/966/961 1709/980/974 1710/967/962
f 1710/967/962 1709/980/974 1776/981/975
f 1710/967/962 1776/981/975 1775/968/963
f 1775/968/963 1776/981/975 1734/982/976
f 1775/968/963 1734/982/976 1735/969/964
f 1735/969/964 1734/982/976 1781/983/977
f 1735/969/964 1781/983/977 1782/970/965
f 1782/970/965 1781/983/977 1805/984/978
f 1782/970/965 1805/984/978 1806/971/966
f 1806/971/966 1805/984/978 1829/985/979
f 1806/971/966 1829/985/979 1830/972/967
f 1830/972/967 1829/985/979 1886/986/980
f 1830/972/967 1886/986/980 1885/973/968
f 1885/973/968 1886/986/980 1854/987/981
f 1885/973/968 1854/987/981 1855/974/969
f 1855/974/969 1854/987/981 1901/988/982
f 1855/974/969 1901/988/982 1902/975/970
f 1902/975/970 1901/988/982 1925/989/983
f 1902/975/970 1925/989/983 1926/976/971
f 1926/976/971 1925/989/983 1949/990/984
f 1926/976/971 1949/990/984 1950/977/972
f 1950/977/972 1949/990/984 10/978/423
f 72/979/973 73/991/985 1709/980/974
f 1709/980/974 73/991/985 1777/992/986
f 1709/980/974 1777/992/986 1776/981/975
f 1776/981/975 1777/992/986 1733/993/987
f 1776/981/975 1733/993/987 1734/982/976
f 1734/982/976 1733/993/987 1780/994/988
f 1734/982/976 1780/994/988 1781/983/977
f 1781/983/977 1780/994/988 1804/995/989
f 1781/983/977 1804/995/989 1805/984/978
f 1805/984/978 1804/995/989 1828/996/990
f 1805/984/978 1828/996/990 1829/985/979
f 1829/985/979 1828/996/990 1887/997/991
f 1829/985/979 1887/997/991 1886/986/980
f 1886/986/980 1887/997/991 1853/998/992
f 1886/986/980 1853/998/992 1854/987/981
f 1854/987/981 1853/998/992 1900/999/993
f 1854/987/981 1900/999/993 1901/988/982
f 1901/988/982 1900/999/993 1924/1000/994
f 1901/988/982 1924/1000/994 1925/989/983
f 1925/989/983 1924/1000/994 1948/1001/995
f 1925/989/983 1948/1001/995 1949/990/984
f 1949/990/984 1948/1001/995 11/1002/540
f 1949/990/984 11/1002/540 10/978/423
f 1777/992/986 73/991/985 1732/1003/996
f 1732/1003/996 73/991/985 74/1004/997
f 1732/1003/996 74/1004/997 1778/1005/998
f 1778/1005/998 74/1004/997 75/1006/999
f 1778/1005/998 75/1006/999 1801/1007/1000
f 1801/1007/1000 75/1006/999 76/1008/1001
f 1801/1007/1000 76/1008/1001 1824/1009/1002
f 1824/1009/1002 76/1008/1001 77/1010/1003
f 1824/1009/1002 77/1010/1003 1892/1011/1004
f 1892/1011/1004 77/1010/1003 1847/1012/1005
f 1892/1011/1004 1847/1012/1005 1848/1013/1006
f 1848/1013/1006 1847/1012/1005 1894/1014/1007
f 1848/1013/1006 1894/1014/1007 1895/1015/1008
f 1895/1015/1008 1894/1014/1007 1918/1016/1009
f 1895/1015/1008 1918/1016/1009 1919/1017/1010
f 1919/1017/1010 1918/1016/1009 1942/1018/1011
f 1919/1017/1010 1942/1018/1011 1943/1019/1012
f 1943/1019/1012 1942/1018/1011 14/1020/719
f 1943/1019/1012 14/1020/719 1944/1021/1013
f 1944/1021/1013 14/1020/719 13/1022/602
f 1944/1021/1013 13/1022/602 1945/1023/1014
f 1945/1023/1014 13/1022/602 1946/1024/1015
f 1945/1023/1014 1946/1024/1015 1922/1025/1016
f 1922/1025/1016 1946/1024/1015 1923/1026/1017
f 1922/1025/1016 1923/1026/1017 1899/1027/1018
f 1899/1027/1018 1923/1026/1017 1900/999/993
f 1899/1027/1018 1900/999/993 1853/998/992
f 77/1010/1003 78/1028/1019 1847/1012/1005
f 1847/1012/1005 78/1028/1019 1893/1029/1020
f 1847/1012/1005 1893/1029/1020 1894/1014/1007
f 1894/1014/1007 1893/1029/1020 1917/1030/1021
f 1894/1014/1007 1917/1030/1021 1918/1016/1009
f 1918/1016/1009 1917/1030/1021 1941/1031/1022
f 1918/1016/1009 1941/1031/1022 1942/1018/1011
f 1942/1018/1011 1941/1031/1022 15/1032/779
f 1942/1018/1011 15/1032/779 14/1020/719
f 78/1028/1019 79/1033/1023 1893/1029/1020
f 1893/1029/1020 79/1033/1023 1916/1034/1024
f 1893/1029/1020 1916/1034/1024 1917/1030/1021
f 1917/1030/1021 1916/1034/1024 1940/1035/1025
f 1917/1030/1021 1940/1035/1025 1941/1031/1022
f 1941/1031/1022 1940/1035/1025 16/1036/781
f 1941/1031/1022 16/1036/781 15/1032/779
f 79/1033/1023 80/1037/1026 1916/1034/1024
f 1916/1034/1024 80/1037/1026 1939/1038/1027
f 1916/1034/1024 1939/1038/1027 1940/1035/1025
f 1940/1035/1025 1939/1038/1027 16/1036/781
f 80/1037/1026 17/1039/898 1939/1038/1027
f 1939/1038/1027 17/1039/898 16/1036/781
f 13/1022/602 12/1040/600 1946/1024/1015
f 1946/1024/1015 12/1040/600 1947/1041/1028
f 1946/1024/1015 1947/1041/1028 1923/1026/1017
f 1923/1026/1017 1947/1041/1028 1924/1000/994
f 1923/1026/1017 1924/1000/994 1900/999/993
f 12/1040/600 11/1002/540 1947/1041/1028
f 1947/1041/1028 11/1002/540 1948/1001/995
f 1947/1041/1028 1948/1001/995 1924/1000/994
f 1957/167/167 5/169/10 1958/1042/1029
f 1958/1042/1029 5/169/10 4/1043/8
f 1958/1042/1029 4/1043/8 1959/1044/1030
f 1959/1044/1030 4/1043/8 3/1045/6
f 1959/1044/1030 3/1045/6 1960/1046/1031
f 1960/1046/1031 3/1045/6 2/1047/4
f 1960/1046/1031 2/1047/4 1961/1048/1032
f 1961/1048/1032 2/1047/4 81/1049/1033
f 1961/1048/1032 81/1049/1033 82/1050/1034
f 2/1047/4 1/1051/2 81/1049/1033
f 1961/1048/1032 82/1050/1034 1938/1052/1035
f 1938/1052/1035 82/1050/1034 83/1053/1036
f 1938/1052/1035 83/1053/1036 1915/1054/1037
f 1915/1054/1037 83/1053/1036 84/1055/1038
f 1915/1054/1037 84/1055/1038 1869/1056/1039
f 1869/1056/1039 84/1055/1038 85/1057/1040
f 1869/1056/1039 85/1057/1040 1870/1058/1041
f 1870/1058/1041 85/1057/1040 1846/1059/1042
f 1870/1058/1041 1846/1059/1042 1845/1060/1043
f 1845/1060/1043 1846/1059/1042 1822/1061/1044
f 1845/1060/1043 1822/1061/1044 1821/1062/1045
f 1821/1062/1045 1822/1061/1044 1798/1063/1046
f 1821/1062/1045 1798/1063/1046 1797/1064/1047
f 1797/1064/1047 1798/1063/1046 1751/1065/1048
f 1797/1064/1047 1751/1065/1048 1750/151/151
f 1750/151/151 1751/1065/1048 1759/149/149
f 85/1057/1040 86/1066/1049 1846/1059/1042
f 1846/1059/1042 86/1066/1049 1823/1067/1050
f 1846/1059/1042 1823/1067/1050 1822/1061/1044
f 1822/1061/1044 1823/1067/1050 1799/1068/1051
f 1822/1061/1044 1799/1068/1051 1798/1063/1046
f 1798/1063/1046 1799/1068/1051 1752/1069/1052
f 1798/1063/1046 1752/1069/1052 1751/1065/1048
f 1751/1065/1048 1752/1069/1052 1758/1070/1053
f 1751/1065/1048 1758/1070/1053 1759/149/149
f 1759/149/149 1758/1070/1053 1727/147/147
f 86/1066/1049 87/1071/1054 1823/1067/1050
f 1823/1067/1050 87/1071/1054 1800/1072/1055
f 1823/1067/1050 1800/1072/1055 1799/1068/1051
f 1799/1068/1051 1800/1072/1055 1753/1073/1056
f 1799/1068/1051 1753/1073/1056 1752/1069/1052
f 1752/1069/1052 1753/1073/1056 1757/1074/1057
f 1752/1069/1052 1757/1074/1057 1758/1070/1053
f 1758/1070/1053 1757/1074/1057 1728/1075/1058
f 1758/1070/1053 1728/1075/1058 1727/147/147
f 1727/147/147 1728/1075/1058 1704/145/145
f 87/1071/1054 88/1076/1059 1800/1072/1055
f 1800/1072/1055 88/1076/1059 1754/1077/1060
f 1800/1072/1055 1754/1077/1060 1753/1073/1056
f 1753/1073/1056 1754/1077/1060 1756/1078/1061
f 1753/1073/1056 1756/1078/1061 1757/1074/1057
f 1757/1074/1057 1756/1078/1061 1729/1079/1062
f 1757/1074/1057 1729/1079/1062 1728/1075/1058
f 1728/1075/1058 1729/1079/1062 1705/1080/1063
f 1728/1075/1058 1705/1080/1063 1704/145/145
f 1704/145/145 1705/1080/1063 1681/143/143
f 88/1076/1059 89/1081/1064 1754/1077/1060
f 1754/1077/1060 89/1081/1064 1755/1082/1065
f 1754/1077/1060 1755/1082/1065 1756/1078/1061
f 1756/1078/1061 1755/1082/1065 1730/1083/1066
f 1756/1078/1061 1730/1083/1066 1729/1079/1062
f 1729/1079/1062 1730/1083/1066 1706/1084/1067
f 1729/1079/1062 1706/1084/1067 1705/1080/1063
f 1705/1080/1063 1706/1084/1067 1682/1085/1068
f 1705/1080/1063 1682/1085/1068 1681/143/143
f 1681/143/143 1682/1085/1068 1635/141/141
f 1755/1082/1065 89/1081/1064 1731/1086/1069
f 1731/1086/1069 89/1081/1064 90/1087/1070
f 1731/1086/1069 90/1087/1070 1708/1088/1071
f 1708/1088/1071 90/1087/1070 91/1089/1072
f 1708/1088/1071 91/1089/1072 1685/1090/1073
f 1685/1090/1073 91/1089/1072 92/1091/1074
f 1685/1090/1073 92/1091/1074 1639/1092/1075
f 1639/1092/1075 92/1091/1074 93/1093/1076
f 1639/1092/1075 93/1093/1076 1640/1094/1077
f 1640/1094/1077 93/1093/1076 1616/1095/1078
f 1640/1094/1077 1616/1095/1078 1615/1096/1079
f 1615/1096/1079 1616/1095/1078 1592/1097/1080
f 1615/1096/1079 1592/1097/1080 1591/1098/1081
f 1591/1098/1081 1592/1097/1080 1568/1099/1082
f 1591/1098/1081 1568/1099/1082 1567/1100/1083
f 1567/1100/1083 1568/1099/1082 1521/1101/1084
f 1567/1100/1083 1521/1101/1084 1520/131/131
f 1520/131/131 1521/1101/1084 1529/129/129
f 93/1093/1076 94/1102/1085 1616/1095/1078
f 1616/1095/1078 94/1102/1085 1593/1103/1086
f 1616/1095/1078 1593/1103/1086 1592/1097/1080
f 1592/1097/1080 1593/1103/1086 1569/1104/1087
f 1592/1097/1080 1569/1104/1087 1568/1099/1082
f 1568/1099/1082 1569/1104/1087 1522/1105/1088
f 1568/1099/1082 1522/1105/1088 1521/1101/1084
f 1521/1101/1084 1522/1105/1088 1528/1106/1089
f 1521/1101/1084 1528/1106/1089 1529/129/129
f 1529/129/129 1528/1106/1089 1497/127/127
f 94/1102/1085 95/1107/1090 1593/1103/1086
f 1593/1103/1086 95/1107/1090 1570/1108/1091
f 1593/1103/1086 1570/1108/1091 1569/1104/1087
f 1569/1104/1087 1570/1108/1091 1523/1109/1092
f 1569/1104/1087 1523/1109/1092 1522/1105/1088
f 1522/1105/1088 1523/1109/1092 1527/1110/1093
f 1522/1105/1088 1527/1110/1093 1528/1106/1089
f 1528/1106/1089 1527/1110/1093 1498/1111/1094
f 1528/1106/1089 1498/1111/1094 1497/127/127
f 1497/127/127 1498/1111/1094 1474/125/125
f 95/1107/1090 96/1112/1095 1570/1108/1091
f 1570/1108/1091 96/1112/1095 1524/1113/1096
f 1570/1108/1091 1524/1113/1096 1523/1109/1092
f 1523/1109/1092 1524/1113/1096 1526/1114/1097
f 1523/1109/1092 1526/1114/1097 1527/1110/1093
f 1527/1110/1093 1526/1114/1097 1499/1115/1098
f 1527/1110/1093 1499/1115/1098 1498/1111/1094
f 1498/1111/1094 1499/1115/1098 1475/1116/1099
f 1498/1111/1094 1475/1116/1099 1474/125/125
f 1474/125/125 1475/1116/1099 1451/123/123
f 96/1112/1095 97/1117/1100 1524/1113/1096
f 1524/1113/1096 97/1117/1100 1525/1118/1101
f 1524/1113/1096 1525/1118/1101 1526/1114/1097
f 1526/1114/1097 1525/1118/1101 1500/1119/1102
f 1526/1114/1097 1500/1119/1102 1499/1115/1098
f 1499/1115/1098 1500/1119/1102 1476/1120/1103
f 1499/1115/1098 1476/1120/1103 1475/1116/1099
f 1475/1116/1099 1476/1120/1103 1452/1121/1104
f 1475/1116/1099 1452/1121/1104 1451/123/123
f 1451/123/123 1452/1121/1104 1405/121/121
f 1525/1118/1101 97/1117/1100 1501/1122/1105
f 1501/1122/1105 97/1117/1100 98/1123/1106
f 1501/1122/1105 98/1123/1106 1478/1124/1107
f 1478/1124/1107 98/1123/1106 99/1125/1108
f 1478/1124/1107 99/1125/1108 1455/1126/1109
f 1455/1126/1109 99/1125/1108 100/1127/1110
f 1455/1126/1109 100/1127/1110 1409/1128/1111
f 1409/1128/1111 100/1127/1110 101/1129/1112
f 1409/1128/1111 101/1129/1112 1410/1130/1113
f 1410/1130/1113 101/1129/1112 1386/1131/1114
f 1410/1130/1113 1386/1131/1114 1385/1132/1115
f 1385/1132/1115 1386/1131/1114 1362/1133/1116
f 1385/1132/1115 1362/1133/1116 1361/1134/1117
f 1361/1134/1117 1362/1133/1116 1338/1135/1118
f 1361/1134/1117 1338/1135/1118 1337/1136/1119
f 1337/1136/1119 1338/1135/1118 1291/1137/1120
f 1337/1136/1119 1291/1137/1120 1290/111/111
f 1290/111/111 1291/1137/1120 1299/109/109
f 101/1129/1112 102/1138/1121 1386/1131/1114
f 1386/1131/1114 102/1138/1121 1363/1139/1122
f 1386/1131/1114 1363/1139/1122 1362/1133/1116
f 1362/1133/1116 1363/1139/1122 1339/1140/1123
f 1362/1133/1116 1339/1140/1123 1338/1135/1118
f 1338/1135/1118 1339/1140/1123 1292/1141/1124
f 1338/1135/1118 1292/1141/1124 1291/1137/1120
f 1291/1137/1120 1292/1141/1124 1298/1142/1125
f 1291/1137/1120 1298/1142/1125 1299/109/109
f 1299/109/109 1298/1142/1125 1267/107/107
f 102/1138/1121 103/1143/1126 1363/1139/1122
f 1363/1139/1122 103/1143/1126 1340/1144/1127
f 1363/1139/1122 1340/1144/1127 1339/1140/1123
f 1339/1140/1123 1340/1144/1127 1293/1145/1128
f 1339/1140/1123 1293/1145/1128 1292/1141/1124
f 1292/1141/1124 1293/1145/1128 1297/1146/1129
f 1292/1141/1124 1297/1146/1129 1298/1142/1125
f 1298/1142/1125 1297/1146/1129 1268/1147/1130
f 1298/1142/1125 1268/1147/1130 1267/107/107
f 1267/107/107 1268/1147/1130 1244/105/105
f 103/1143/1126 104/1148/1131 1340/1144/1127
f 1340/1144/1127 104/1148/1131 1294/1149/1132
f 1340/1144/1127 1294/1149/1132 1293/1145/1128
f 1293/1145/1128 1294/1149/1132 1296/1150/1133
f 1293/1145/1128 1296/1150/1133 1297/1146/1129
f 1297/1146/1129 1296/1150/1133 1269/1151/1134
f 1297/1146/1129 1269/1151/1134 1268/1147/1130
f 1268/1147/1130 1269/1151/1134 1245/1152/1135
f 1268/1147/1130 1245/1152/1135 1244/105/105
f 1244/105/105 1245/1152/1135 1221/103/103
f 104/1148/1131 105/1153/1136 1294/1149/1132
f 1294/1149/1132 105/1153/1136 1295/1154/1137
f 1294/1149/1132 1295/1154/1137 1296/1150/1133
f 1296/1150/1133 1295/1154/1137 1270/1155/1138
f 1296/1150/1133 1270/1155/1138 1269/1151/1134
f 1269/1151/1134 1270/1155/1138 1246/1156/1139
f 1269/1151/1134 1246/1156/1139 1245/1152/1135
f 1245/1152/1135 1246/1156/1139 1222/1157/1140
f 1245/1152/1135 1222/1157/1140 1221/103/103
f 1221/103/103 1222/1157/1140 1175/101/101
f 1295/1154/1137 105/1153/1136 1271/1158/1141
f 1271/1158/1141 105/1153/1136 106/1159/1142
f 1271/1158/1141 106/1159/1142 1248/1160/1143
f 1248/1160/1143 106/1159/1142 107/1161/1144
f 1248/1160/1143 107/1161/1144 1225/1162/1145
f 1225/1162/1145 107/1161/1144 108/1163/1146
f 1225/1162/1145 108/1163/1146 1179/1164/1147
f 1179/1164/1147 108/1163/1146 109/1165/1148
f 1179/1164/1147 109/1165/1148 1180/1166/1149
f 1180/1166/1149 109/1165/1148 1156/1167/1150
f 1180/1166/1149 1156/1167/1150 1155/1168/1151
f 1155/1168/1151 1156/1167/1150 1132/1169/1152
f 1155/1168/1151 1132/1169/1152 1131/1170/1153
f 1131/1170/1153 1132/1169/1152 1108/1171/1154
f 1131/1170/1153 1108/1171/1154 1107/1172/1155
f 1107/1172/1155 1108/1171/1154 1061/1173/1156
f 1107/1172/1155 1061/1173/1156 1060/91/91
f 1060/91/91 1061/1173/1156 1069/89/89
f 109/1165/1148 110/1174/1157 1156/1167/1150
f 1156/1167/1150 110/1174/1157 1133/1175/1158
f 1156/1167/1150 1133/1175/1158 1132/1169/1152
f 1132/1169/1152 1133/1175/1158 1109/1176/1159
f 1132/1169/1152 1109/1176/1159 1108/1171/1154
f 1108/1171/1154 1109/1176/1159 1062/1177/1160
f 1108/1171/1154 1062/1177/1160 1061/1173/1156
f 1061/1173/1156 1062/1177/1160 1068/1178/1161
f 1061/1173/1156 1068/1178/1161 1069/89/89
f 1069/89/89 1068/1178/1161 1037/87/87
f 110/1174/1157 111/1179/1162 1133/1175/1158
f 1133/1175/1158 111/1179/1162 1110/1180/1163
f 1133/1175/1158 1110/1180/1163 1109/1176/1159
f 1109/1176/1159 1110/1180/1163 1063/1181/1164
f 1109/1176/1159 1063/1181/1164 1062/1177/1160
f 1062/1177/1160 1063/1181/1164 1067/1182/1165
f 1062/1177/1160 1067/1182/1165 1068/1178/1161
f 1068/1178/1161 1067/1182/1165 1038/1183/1166
f 1068/1178/1161 1038/1183/1166 1037/87/87
f 1037/87/87 1038/1183/1166 1014/85/85
f 111/1179/1162 112/1184/1167 1110/1180/1163
f 1110/1180/1163 112/1184/1167 1064/1185/1168
f 1110/1180/1163 1064/1185/1168 1063/1181/1164
f 1063/1181/1164 1064/1185/1168 1066/1186/1169
f 1063/1181/1164 1066/1186/1169 1067/1182/1165
f 1067/1182/1165 1066/1186/1169 1039/1187/1170
f 1067/1182/1165 1039/1187/1170 1038/1183/1166
f 1038/1183/1166 1039/1187/1170 1015/1188/1171
f 1038/1183/1166 1015/1188/1171 1014/85/85
f 1014/85/85 1015/1188/1171 991/83/83
f 112/1184/1167 113/1189/1172 1064/1185/1168
f 1064/1185/1168 113/1189/1172 1065/1190/1173
f 1064/1185/1168 1065/1190/1173 1066/1186/1169
f 1066/1186/1169 1065/1190/1173 1040/1191/1174
f 1066/1186/1169 1040/1191/1174 1039/1187/1170
f 1039/1187/1170 1040/1191/1174 1016/1192/1175
f 1039/1187/1170 1016/1192/1175 1015/1188/1171
f 1015/1188/1171 1016/1192/1175 992/1193/1176
f 1015/1188/1171 992/1193/1176 991/83/83
f 991/83/83 992/1193/1176 945/81/81
f 1065/1190/1173 113/1189/1172 1041/1194/1177
f 1041/1194/1177 113/1189/1172 114/1195/1178
f 1041/1194/1177 114/1195/1178 1018/1196/1179
f 1018/1196/1179 114/1195/1178 115/1197/1180
f 1018/1196/1179 115/1197/1180 995/1198/1181
f 995/1198/1181 115/1197/1180 116/1199/1182
f 995/1198/1181 116/1199/1182 949/1200/1183
f 949/1200/1183 116/1199/1182 117/1201/1184
f 949/1200/1183 117/1201/1184 950/1202/1185
f 950/1202/1185 117/1201/1184 926/1203/1186
f 950/1202/1185 926/1203/1186 925/1204/1187
f 925/1204/1187 926/1203/1186 902/1205/1188
f 925/1204/1187 902/1205/1188 901/1206/1189
f 901/1206/1189 902/1205/1188 878/1207/1190
f 901/1206/1189 878/1207/1190 877/1208/1191
f 877/1208/1191 878/1207/1190 831/1209/1192
f 877/1208/1191 831/1209/1192 830/71/71
f 830/71/71 831/1209/1192 839/69/69
f 117/1201/1184 118/1210/1193 926/1203/1186
f 926/1203/1186 118/1210/1193 903/1211/1194
f 926/1203/1186 903/1211/1194 902/1205/1188
f 902/1205/1188 903/1211/1194 879/1212/1195
f 902/1205/1188 879/1212/1195 878/1207/1190
f 878/1207/1190 879/1212/1195 832/1213/1196
f 878/1207/1190 832/1213/1196 831/1209/1192
f 831/1209/1192 832/1213/1196 838/1214/1197
f 831/1209/1192 838/1214/1197 839/69/69
f 839/69/69 838/1214/1197 807/67/67
f 118/1210/1193 119/1215/1198 903/1211/1194
f 903/1211/1194 119/1215/1198 880/1216/1199
f 903/1211/1194 880/1216/1199 879/1212/1195
f 879/1212/1195 880/1216/1199 833/1217/1200
f 879/1212/1195 833/1217/1200 832/1213/1196
f 832/1213/1196 833/1217/1200 837/1218/1201
f 832/1213/1196 837/1218/1201 838/1214/1197
f 838/1214/1197 837/1218/1201 808/1219/1202
f 838/1214/1197 808/1219/1202 807/67/67
f 807/67/67 808/1219/1202 784/65/65
f 119/1215/1198 120/1220/1203 880/1216/1199
f 880/1216/1199 120/1220/1203 834/1221/1204
f 880/1216/1199 834/1221/1204 833/1217/1200
f 833/1217/1200 834/1221/1204 836/1222/1205
f 833/1217/1200 836/1222/1205 837/1218/1201
f 837/1218/1201 836/1222/1205 809/1223/1206
f 837/1218/1201 809/1223/1206 808/1219/1202
f 808/1219/1202 809/1223/1206 785/1224/1207
f 808/1219/1202 785/1224/1207 784/65/65
f 784/65/65 785/1224/1207 761/63/63
f 120/1220/1203 121/1225/1208 834/1221/1204
f 834/1221/1204 121/1225/1208 835/1226/1209
f 834/1221/1204 835/1226/1209 836/1222/1205
f 836/1222/1205 835/1226/1209 810/1227/1210
f 836/1222/1205 810/1227/1210 809/1223/1206
f 809/1223/1206 810/1227/1210 786/1228/1211
f 809/1223/1206 786/1228/1211 785/1224/1207
f 785/1224/1207 786/1228/1211 762/1229/1212
f 785/1224/1207 762/1229/1212 761/63/63
f 761/63/63 762/1229/1212 715/61/61
f 835/1226/1209 121/1225/1208 811/1230/1213
f 811/1230/1213 121/1225/1208 122/1231/1214
f 811/1230/1213 122/1231/1214 788/1232/1215
f 788/1232/1215 122/1231/1214 123/1233/1216
f 788/1232/1215 123/1233/1216 765/1234/1217
f 765/1234/1217 123/1233/1216 124/1235/1218
f 765/1234/1217 124/1235/1218 719/1236/1219
f 719/1236/1219 124/1235/1218 125/1237/1220
f 719/1236/1219 125/1237/1220 720/1238/1221
f 720/1238/1221 125/1237/1220 696/1239/1222
f 720/1238/1221 696/1239/1222 695/1240/1223
f 695/1240/1223 696/1239/1222 672/1241/1224
f 695/1240/1223 672/1241/1224 671/1242/1225
f 671/1242/1225 672/1241/1224 648/1243/1226
f 671/1242/1225 648/1243/1226 647/1244/1227
f 647/1244/1227 648/1243/1226 601/1245/1228
f 647/1244/1227 601/1245/1228 600/51/51
f 600/51/51 601/1245/1228 609/49/49
f 125/1237/1220 126/1246/1229 696/1239/1222
f 696/1239/1222 126/1246/1229 673/1247/1230
f 696/1239/1222 673/1247/1230 672/1241/1224
f 672/1241/1224 673/1247/1230 649/1248/1231
f 672/1241/1224 649/1248/1231 648/1243/1226
f 648/1243/1226 649/1248/1231 602/1249/1232
f 648/1243/1226 602/1249/1232 601/1245/1228
f 601/1245/1228 602/1249/1232 608/1250/1233
f 601/1245/1228 608/1250/1233 609/49/49
f 609/49/49 608/1250/1233 577/47/47
f 126/1246/1229 127/1251/1234 673/1247/1230
f 673/1247/1230 127/1251/1234 650/1252/1235
f 673/1247/1230 650/1252/1235 649/1248/1231
f 649/1248/1231 650/1252/1235 603/1253/1236
f 649/1248/1231 603/1253/1236 602/1249/1232
f 602/1249/1232 603/1253/1236 607/1254/1237
f 602/1249/1232 607/1254/1237 608/1250/1233
f 608/1250/1233 607/1254/1237 578/1255/1238
f 608/1250/1233 578/1255/1238 577/47/47
f 577/47/47 578/1255/1238 554/45/45
f 127/1251/1234 128/1256/1239 650/1252/1235
f 650/1252/1235 128/1256/1239 604/1257/1240
f 650/1252/1235 604/1257/1240 603/1253/1236
f 603/1253/1236 604/1257/1240 606/1258/1241
f 603/1253/1236 606/1258/1241 607/1254/1237
f 607/1254/1237 606/1258/1241 579/1259/1242
f 607/1254/1237 579/1259/1242 578/1255/1238
f 578/1255/1238 579/1259/1242 555/1260/1243
f 578/1255/1238 555/1260/1243 554/45/45
f 554/45/45 555/1260/1243 531/43/43
f 128/1256/1239 129/1261/1244 604/1257/1240
f 604/1257/1240 129/1261/1244 605/1262/1245
f 604/1257/1240 605/1262/1245 606/1258/1241
f 606/1258/1241 605/1262/1245 580/1263/1246
f 606/1258/1241 580/1263/1246 579/1259/1242
f 579/1259/1242 580/1263/1246 556/1264/1247
f 579/1259/1242 556/1264/1247 555/1260/1243
f 555/1260/1243 556/1264/1247 532/1265/1248
f 555/1260/1243 532/1265/1248 531/43/43
f 531/43/43 532/1265/1248 485/41/41
f 605/1262/1245 129/1261/1244 581/1266/1249
f 581/1266/1249 129/1261/1244 130/1267/1250
f 581/1266/1249 130/1267/1250 558/1268/1251
f 558/1268/1251 130/1267/1250 131/1269/1252
f 558/1268/1251 131/1269/1252 535/1270/1253
f 535/1270/1253 131/1269/1252 132/1271/1254
f 535/1270/1253 132/1271/1254 489/1272/1255
f 489/1272/1255 132/1271/1254 133/1273/1256
f 489/1272/1255 133/1273/1256 490/1274/1257
f 490/1274/1257 133/1273/1256 466/1275/1258
f 490/1274/1257 466/1275/1258 465/1276/1259
f 465/1276/1259 466/1275/1258 442/1277/1260
f 465/1276/1259 442/1277/1260 441/1278/1261
f 441/1278/1261 442/1277/1260 418/1279/1262
f 441/1278/1261 418/1279/1262 417/1280/1263
f 417/1280/1263 418/1279/1262 371/1281/1264
f 417/1280/1263 371/1281/1264 370/31/31
f 370/31/31 371/1281/1264 379/29/29
f 133/1273/1256 134/1282/1265 466/1275/1258
f 466/1275/1258 134/1282/1265 443/1283/1266
f 466/1275/1258 443/1283/1266 442/1277/1260
f 442/1277/1260 443/1283/1266 419/1284/1267
f 442/1277/1260 419/1284/1267 418/1279/1262
f 418/1279/1262 419/1284/1267 372/1285/1268
f 418/1279/1262 372/1285/1268 371/1281/1264
f 371/1281/1264 372/1285/1268 378/1286/1269
f 371/1281/1264 378/1286/1269 379/29/29
f 379/29/29 378/1286/1269 347/27/27
f 134/1282/1265 135/1287/1270 443/1283/1266
f 443/1283/1266 135/1287/1270 420/1288/1271
f 443/1283/1266 420/1288/1271 419/1284/1267
f 419/1284/1267 420/1288/1271 373/1289/1272
f 419/1284/1267 373/1289/1272 372/1285/1268
f 372/1285/1268 373/1289/1272 377/1290/1273
f 372/1285/1268 377/1290/1273 378/1286/1269
f 378/1286/1269 377/1290/1273 348/1291/1274
f 378/1286/1269 348/1291/1274 347/27/27
f 347/27/27 348/1291/1274 324/25/25
f 135/1287/1270 136/1292/1275 420/1288/1271
f 420/1288/1271 136/1292/1275 374/1293/1276
f 420/1288/1271 374/1293/1276 373/1289/1272
f 373/1289/1272 374/1293/1276 376/1294/1277
f 373/1289/1272 376/1294/1277 377/1290/1273
f 377/1290/1273 376/1294/1277 349/1295/1278
f 377/1290/1273 349/1295/1278 348/1291/1274
f 348/1291/1274 349/1295/1278 325/1296/1279
f 348/1291/1274 325/1296/1279 324/25/25
f 324/25/25 325/1296/1279 301/23/23
f 136/1292/1275 137/1297/1280 374/1293/1276
f 374/1293/1276 137/1297/1280 375/1298/1281
f 374/1293/1276 375/1298/1281 376/1294/1277
f 376/1294/1277 375/1298/1281 350/1299/1282
f 376/1294/1277 350/1299/1282 349/1295/1278
f 349/1295/1278 350/1299/1282 326/1300/1283
f 349/1295/1278 326/1300/1283 325/1296/1279
f 325/1296/1279 326/1300/1283 302/1301/1284
f 325/1296/1279 302/1301/1284 301/23/23
f 301/23/23 302/1301/1284 255/21/21
f 375/1298/1281 137/1297/1280 351/1302/1285
f 351/1302/1285 137/1297/1280 138/1303/1286
f 351/1302/1285 138/1303/1286 328/1304/1287
f 328/1304/1287 138/1303/1286 139/1305/1288
f 328/1304/1287 139/1305/1288 305/1306/1289
f 305/1306/1289 139/1305/1288 140/1307/1290
f 305/1306/1289 140/1307/1290 259/1308/1291
f 259/1308/1291 140/1307/1290 141/1309/1292
f 259/1308/1291 141/1309/1292 260/1310/1293
f 260/1310/1293 141/1309/1292 236/1311/1294
f 260/1310/1293 236/1311/1294 235/1312/1295
f 235/1312/1295 236/1311/1294 212/1313/1296
f 235/1312/1295 212/1313/1296 211/1314/1297
f 211/1314/1297 212/1313/1296 188/1315/1298
f 211/1314/1297 188/1315/1298 187/1316/1299
f 187/1316/1299 188/1315/1298 164/9/9
f 187/1316/1299 164/9/9 163/11/11
f 141/1309/1292 142/1317/1300 236/1311/1294
f 236/1311/1294 142/1317/1300 213/1318/1301
f 236/1311/1294 213/1318/1301 212/1313/1296
f 212/1313/1296 213/1318/1301 189/1319/1302
f 212/1313/1296 189/1319/1302 188/1315/1298
f 188/1315/1298 189/1319/1302 165/7/7
f 188/1315/1298 165/7/7 164/9/9
f 142/1317/1300 143/1320/1303 213/1318/1301
f 213/1318/1301 143/1320/1303 190/1321/1304
f 213/1318/1301 190/1321/1304 189/1319/1302
f 189/1319/1302 190/1321/1304 166/5/5
f 189/1319/1302 166/5/5 165/7/7
f 143/1320/1303 144/1/1 190/1321/1304
f 190/1321/1304 144/1/1 167/3/3
f 190/1321/1304 167/3/3 166/5/5
f 147/784/780 146/786/782 170/1322/1305
f 170/1322/1305 146/786/782 169/788/784
f 170/1322/1305 169/788/784 193/1323/1306
f 193/1323/1306 169/788/784 192/790/786
f 193/1323/1306 192/790/786 216/1324/1307
f 216/1324/1307 192/790/786 215/792/788
f 216/1324/1307 215/792/788 280/1325/1308
f 280/1325/1308 215/792/788 281/794/790
f 280/1325/1308 281/794/790 239/1326/1309
f 239/1326/1309 281/794/790 238/796/792
f 239/1326/1309 238/796/792 285/1327/1310
f 285/1327/1310 238/796/792 284/798/794
f 285/1327/1310 284/798/794 308/1328/1311
f 308/1328/1311 284/798/794 307/800/796
f 308/1328/1311 307/800/796 331/1329/1312
f 331/1329/1312 307/800/796 330/802/798
f 331/1329/1312 330/802/798 395/1330/1313
f 395/1330/1313 330/802/798 396/804/800
f 395/1330/1313 396/804/800 354/1331/1314
f 354/1331/1314 396/804/800 353/806/802
f 354/1331/1314 353/806/802 400/1332/1315
f 400/1332/1315 353/806/802 399/808/804
f 400/1332/1315 399/808/804 423/1333/1316
f 423/1333/1316 399/808/804 422/810/806
f 423/1333/1316 422/810/806 446/1334/1317
f 446/1334/1317 422/810/806 445/812/808
f 446/1334/1317 445/812/808 510/1335/1318
f 510/1335/1318 445/812/808 511/814/810
f 510/1335/1318 511/814/810 469/1336/1319
f 469/1336/1319 511/814/810 468/816/812
f 469/1336/1319 468/816/812 515/1337/1320
f 515/1337/1320 468/816/812 514/818/814
f 515/1337/1320 514/818/814 538/1338/1321
f 538/1338/1321 514/818/814 537/820/816
f 538/1338/1321 537/820/816 561/1339/1322
f 561/1339/1322 537/820/816 560/822/818
f 561/1339/1322 560/822/818 625/1340/1323
f 625/1340/1323 560/822/818 626/824/820
f 625/1340/1323 626/824/820 584/1341/1324
f 584/1341/1324 626/824/820 583/826/822
f 584/1341/1324 583/826/822 630/1342/1325
f 630/1342/1325 583/826/822 629/828/824
f 630/1342/1325 629/828/824 653/1343/1326
f 653/1343/1326 629/828/824 652/830/826
f 653/1343/1326 652/830/826 676/1344/1327
f 676/1344/1327 652/830/826 675/832/828
f 676/1344/1327 675/832/828 740/1345/1328
f 740/1345/1328 675/832/828 741/834/830
f 740/1345/1328 741/834/830 699/1346/1329
f 699/1346/1329 741/834/830 698/836/832
f 699/1346/1329 698/836/832 745/1347/1330
f 745/1347/1330 698/836/832 744/838/834
f 745/1347/1330 744/838/834 768/1348/1331
f 768/1348/1331 744/838/834 767/840/836
f 768/1348/1331 767/840/836 791/1349/1332
f 791/1349/1332 767/840/836 790/842/838
f 791/1349/1332 790/842/838 855/1350/1333
f 855/1350/1333 790/842/838 856/844/840
f 855/1350/1333 856/844/840 814/1351/1334
f 814/1351/1334 856/844/840 813/846/842
f 814/1351/1334 813/846/842 860/1352/1335
f 860/1352/1335 813/846/842 859/848/844
f 860/1352/1335 859/848/844 883/1353/1336
f 883/1353/1336 859/848/844 882/850/846
f 883/1353/1336 882/850/846 906/1354/1337
f 906/1354/1337 882/850/846 905/852/848
f 906/1354/1337 905/852/848 970/1355/1338
f 970/1355/1338 905/852/848 971/854/850
f 970/1355/1338 971/854/850 929/1356/1339
f 929/1356/1339 971/854/850 928/856/852
f 929/1356/1339 928/856/852 975/1357/1340
f 975/1357/1340 928/856/852 974/858/854
f 975/1357/1340 974/858/854 998/1358/1341
f 998/1358/1341 974/858/854 997/860/856
f 998/1358/1341 997/860/856 1021/1359/1342
f 1021/1359/1342 997/860/856 1020/862/858
f 1021/1359/1342 1020/862/858 1085/1360/1343
f 1085/1360/1343 1020/862/858 1086/864/860
f 1085/1360/1343 1086/864/860 1044/1361/1344
f 1044/1361/1344 1086/864/860 1043/866/862
f 1044/1361/1344 1043/866/862 1090/1362/1345
f 1090/1362/1345 1043/866/862 1089/868/864
f 1090/1362/1345 1089/868/864 1113/1363/1346
f 1113/1363/1346 1089/868/864 1112/870/866
f 1113/1363/1346 1112/870/866 1136/1364/1347
f 1136/1364/1347 1112/870/866 1135/872/868
f 1136/1364/1347 1135/872/868 1200/1365/1348
f 1200/1365/1348 1135/872/868 1201/874/870
f 1200/1365/1348 1201/874/870 1159/1366/1349
f 1159/1366/1349 1201/874/870 1158/876/872
f 1159/1366/1349 1158/876/872 1205/1367/1350
f 1205/1367/1350 1158/876/872 1204/878/874
f 1205/1367/1350 1204/878/874 1228/1368/1351
f 1228/1368/1351 1204/878/874 1227/880/876
f 1228/1368/1351 1227/880/876 1251/1369/1352
f 1251/1369/1352 1227/880/876 1250/882/878
f 1251/1369/1352 1250/882/878 1315/1370/1353
f 1315/1370/1353 1250/882/878 1316/884/880
f 1315/1370/1353 1316/884/880 1274/1371/1354
f 1274/1371/1354 1316/884/880 1273/886/882
f 1274/1371/1354 1273/886/882 1320/1372/1355
f 1320/1372/1355 1273/886/882 1319/888/884
f 1320/1372/1355 1319/888/884 1343/1373/1356
f 1343/1373/1356 1319/888/884 1342/890/886
f 1343/1373/1356 1342/890/886 1366/1374/1357
f 1366/1374/1357 1342/890/886 1365/892/888
f 1366/1374/1357 1365/892/888 1430/1375/1358
f 1430/1375/1358 1365/892/888 1431/894/890
f 1430/1375/1358 1431/894/890 1389/1376/1359
f 1389/1376/1359 1431/894/890 1388/896/892
f 1389/1376/1359 1388/896/892 1435/1377/1360
f 1435/1377/1360 1388/896/892 1434/898/894
f 1435/1377/1360 1434/898/894 1458/1378/1361
f 1458/1378/1361 1434/898/894 1457/900/896
f 1458/1378/1361 1457/900/896 1481/218/217
f 1481/218/217 1457/900/896 1480/216/215
f 172/725/721 149/724/720 148/782/778
f 148/782/778 147/784/780 171/1379/1362
f 171/1379/1362 147/784/780 170/1322/1305
f 171/1379/1362 170/1322/1305 194/1380/1363
f 194/1380/1363 170/1322/1305 193/1323/1306
f 194/1380/1363 193/1323/1306 217/1381/1364
f 217/1381/1364 193/1323/1306 216/1324/1307
f 217/1381/1364 216/1324/1307 279/1382/1365
f 279/1382/1365 216/1324/1307 280/1325/1308
f 279/1382/1365 280/1325/1308 240/1383/1366
f 240/1383/1366 280/1325/1308 239/1326/1309
f 240/1383/1366 239/1326/1309 286/1384/1367
f 286/1384/1367 239/1326/1309 285/1327/1310
f 286/1384/1367 285/1327/1310 309/1385/1368
f 309/1385/1368 285/1327/1310 308/1328/1311
f 309/1385/1368 308/1328/1311 332/1386/1369
f 332/1386/1369 308/1328/1311 331/1329/1312
f 332/1386/1369 331/1329/1312 394/1387/1370
f 394/1387/1370 331/1329/1312 395/1330/1313
f 394/1387/1370 395/1330/1313 355/1388/1371
f 355/1388/1371 395/1330/1313 354/1331/1314
f 355/1388/1371 354/1331/1314 401/1389/1372
f 401/1389/1372 354/1331/1314 400/1332/1315
f 401/1389/1372 400/1332/1315 424/1390/1373
f 424/1390/1373 400/1332/1315 423/1333/1316
f 424/1390/1373 423/1333/1316 447/1391/1374
f 447/1391/1374 423/1333/1316 446/1334/1317
f 447/1391/1374 446/1334/1317 509/1392/1375
f 509/1392/1375 446/1334/1317 510/1335/1318
f 509/1392/1375 510/1335/1318 470/1393/1376
f 470/1393/1376 510/1335/1318 469/1336/1319
f 470/1393/1376 469/1336/1319 516/1394/1377
f 516/1394/1377 469/1336/1319 515/1337/1320
f 516/1394/1377 515/1337/1320 539/1395/1378
f 539/1395/1378 515/1337/1320 538/1338/1321
f 539/1395/1378 538/1338/1321 562/1396/1379
f 562/1396/1379 538/1338/1321 561/1339/1322
f 562/1396/1379 561/1339/1322 624/1397/1380
f 624/1397/1380 561/1339/1322 625/1340/1323
f 624/1397/1380 625/1340/1323 585/1398/1381
f 585/1398/1381 625/1340/1323 584/1341/1324
f 585/1398/1381 584/1341/1324 631/1399/1382
f 631/1399/1382 584/1341/1324 630/1342/1325
f 631/1399/1382 630/1342/1325 654/1400/1383
f 654/1400/1383 630/1342/1325 653/1343/1326
f 654/1400/1383 653/1343/1326 677/1401/1384
f 677/1401/1384 653/1343/1326 676/1344/1327
f 677/1401/1384 676/1344/1327 739/1402/1385
f 739/1402/1385 676/1344/1327 740/1345/1328
f 739/1402/1385 740/1345/1328 700/1403/1386
f 700/1403/1386 740/1345/1328 699/1346/1329
f 700/1403/1386 699/1346/1329 746/1404/1387
f 746/1404/1387 699/1346/1329 745/1347/1330
f 746/1404/1387 745/1347/1330 769/1405/1388
f 769/1405/1388 745/1347/1330 768/1348/1331
f 769/1405/1388 768/1348/1331 792/1406/1389
f 792/1406/1389 768/1348/1331 791/1349/1332
f 792/1406/1389 791/1349/1332 854/1407/1390
f 854/1407/1390 791/1349/1332 855/1350/1333
f 854/1407/1390 855/1350/1333 815/1408/1391
f 815/1408/1391 855/1350/1333 814/1351/1334
f 815/1408/1391 814/1351/1334 861/1409/1392
f 861/1409/1392 814/1351/1334 860/1352/1335
f 861/1409/1392 860/1352/1335 884/1410/1393
f 884/1410/1393 860/1352/1335 883/1353/1336
f 884/1410/1393 883/1353/1336 907/1411/1394
f 907/1411/1394 883/1353/1336 906/1354/1337
f 907/1411/1394 906/1354/1337 969/1412/1395
f 969/1412/1395 906/1354/1337 970/1355/1338
f 969/1412/1395 970/1355/1338 930/1413/1396
f 930/1413/1396 970/1355/1338 929/1356/1339
f 930/1413/1396 929/1356/1339 976/1414/1397
f 976/1414/1397 929/1356/1339 975/1357/1340
f 976/1414/1397 975/1357/1340 999/1415/1398
f 999/1415/1398 975/1357/1340 998/1358/1341
f 999/1415/1398 998/1358/1341 1022/1416/1399
f 1022/1416/1399 998/1358/1341 1021/1359/1342
f 1022/1416/1399 1021/1359/1342 1084/1417/1400
f 1084/1417/1400 1021/1359/1342 1085/1360/1343
f 1084/1417/1400 1085/1360/1343 1045/1418/1401
f 1045/1418/1401 1085/1360/1343 1044/1361/1344
f 1045/1418/1401 1044/1361/1344 1091/1419/1402
f 1091/1419/1402 1044/1361/1344 1090/1362/1345
f 1091/1419/1402 1090/1362/1345 1114/1420/1403
f 1114/1420/1403 1090/1362/1345 1113/1363/1346
f 1114/1420/1403 1113/1363/1346 1137/1421/1404
f 1137/1421/1404 1113/1363/1346 1136/1364/1347
f 1137/1421/1404 1136/1364/1347 1199/1422/1405
f 1199/1422/1405 1136/1364/1347 1200/1365/1348
f 1199/1422/1405 1200/1365/1348 1160/1423/1406
f 1160/1423/1406 1200/1365/1348 1159/1366/1349
f 1160/1423/1406 1159/1366/1349 1206/1424/1407
f 1206/1424/1407 1159/1366/1349 1205/1367/1350
f 1206/1424/1407 1205/1367/1350 1229/1425/1408
f 1229/1425/1408 1205/1367/1350 1228/1368/1351
f 1229/1425/1408 1228/1368/1351 1252/1426/1409
f 1252/1426/1409 1228/1368/1351 1251/1369/1352
f 1252/1426/1409 1251/1369/1352 1314/1427/1410
f 1314/1427/1410 1251/1369/1352 1315/1370/1353
f 1314/1427/1410 1315/1370/1353 1275/1428/1411
f 1275/1428/1411 1315/1370/1353 1274/1371/1354
f 1275/1428/1411 1274/1371/1354 1321/1429/1412
f 1321/1429/1412 1274/1371/1354 1320/1372/1355
f 1321/1429/1412 1320/1372/1355 1344/1430/1413
f 1344/1430/1413 1320/1372/1355 1343/1373/1356
f 1344/1430/1413 1343/1373/1356 1367/1431/1414
f 1367/1431/1414 1343/1373/1356 1366/1374/1357
f 1367/1431/1414 1366/1374/1357 1429/1432/1415
f 1429/1432/1415 1366/1374/1357 1430/1375/1358
f 1429/1432/1415 1430/1375/1358 1390/1433/1416
f 1390/1433/1416 1430/1375/1358 1389/1376/1359
f 1390/1433/1416 1389/1376/1359 1436/1434/1417
f 1436/1434/1417 1389/1376/1359 1435/1377/1360
f 1436/1434/1417 1435/1377/1360 1459/1435/1418
f 1459/1435/1418 1435/1377/1360 1458/1378/1361
f 1459/1435/1418 1458/1378/1361 1482/220/219
f 1482/220/219 1458/1378/1361 1481/218/217
f 152/605/601 151/607/603 175/1436/1419
f 175/1436/1419 151/607/603 174/609/605
f 175/1436/1419 174/609/605 198/1437/1420
f 198/1437/1420 174/609/605 197/611/607
f 198/1437/1420 197/611/607 221/1438/1421
f 221/1438/1421 197/611/607 220/613/609
f 221/1438/1421 220/613/609 275/1439/1422
f 275/1439/1422 220/613/609 276/615/611
f 275/1439/1422 276/615/611 244/1440/1423
f 244/1440/1423 276/615/611 243/617/613
f 244/1440/1423 243/617/613 290/1441/1424
f 290/1441/1424 243/617/613 289/619/615
f 290/1441/1424 289/619/615 313/1442/1425
f 313/1442/1425 289/619/615 312/621/617
f 313/1442/1425 312/621/617 336/1443/1426
f 336/1443/1426 312/621/617 335/623/619
f 336/1443/1426 335/623/619 390/1444/1427
f 390/1444/1427 335/623/619 391/625/621
f 390/1444/1427 391/625/621 359/1445/1428
f 359/1445/1428 391/625/621 358/627/623
f 359/1445/1428 358/627/623 405/1446/1429
f 405/1446/1429 358/627/623 404/629/625
f 405/1446/1429 404/629/625 428/1447/1430
f 428/1447/1430 404/629/625 427/631/627
f 428/1447/1430 427/631/627 451/1448/1431
f 451/1448/1431 427/631/627 450/633/629
f 451/1448/1431 450/633/629 505/1449/1432
f 505/1449/1432 450/633/629 506/635/631
f 505/1449/1432 506/635/631 474/1450/1433
f 474/1450/1433 506/635/631 473/637/633
f 474/1450/1433 473/637/633 520/1451/1434
f 520/1451/1434 473/637/633 519/639/635
f 520/1451/1434 519/639/635 543/1452/1435
f 543/1452/1435 519/639/635 542/641/637
f 543/1452/1435 542/641/637 566/1453/1436
f 566/1453/1436 542/641/637 565/643/639
f 566/1453/1436 565/643/639 620/1454/1437
f 620/1454/1437 565/643/639 621/645/641
f 620/1454/1437 621/645/641 589/1455/1438
f 589/1455/1438 621/645/641 588/647/643
f 589/1455/1438 588/647/643 635/1456/1439
f 635/1456/1439 588/647/643 634/649/645
f 635/1456/1439 634/649/645 658/1457/1440
f 658/1457/1440 634/649/645 657/651/647
f 658/1457/1440 657/651/647 681/1458/1441
f 681/1458/1441 657/651/647 680/653/649
f 681/1458/1441 680/653/649 735/1459/1442
f 735/1459/1442 680/653/649 736/655/651
f 735/1459/1442 736/655/651 704/1460/1443
f 704/1460/1443 736/655/651 703/657/653
f 704/1460/1443 703/657/653 750/1461/1444
f 750/1461/1444 703/657/653 749/659/655
f 750/1461/1444 749/659/655 773/1462/1445
f 773/1462/1445 749/659/655 772/661/657
f 773/1462/1445 772/661/657 796/1463/1446
f 796/1463/1446 772/661/657 795/663/659
f 796/1463/1446 795/663/659 850/1464/1447
f 850/1464/1447 795/663/659 851/665/661
f 850/1464/1447 851/665/661 819/1465/1448
f 819/1465/1448 851/665/661 818/667/663
f 819/1465/1448 818/667/663 865/1466/1449
f 865/1466/1449 818/667/663 864/669/665
f 865/1466/1449 864/669/665 888/1467/1450
f 888/1467/1450 864/669/665 887/671/667
f 888/1467/1450 887/671/667 911/1468/1451
f 911/1468/1451 887/671/667 910/673/669
f 911/1468/1451 910/673/669 965/1469/1452
f 965/1469/1452 910/673/669 966/675/671
f 965/1469/1452 966/675/671 934/1470/1453
f 934/1470/1453 966/675/671 933/677/673
f 934/1470/1453 933/677/673 980/1471/1454
f 980/1471/1454 933/677/673 979/679/675
f 980/1471/1454 979/679/675 1003/1472/1455
f 1003/1472/1455 979/679/675 1002/681/677
f 1003/1472/1455 1002/681/677 1026/1473/1456
f 1026/1473/1456 1002/681/677 1025/683/679
f 1026/1473/1456 1025/683/679 1080/1474/1457
f 1080/1474/1457 1025/683/679 1081/685/681
f 1080/1474/1457 1081/685/681 1049/1475/1458
f 1049/1475/1458 1081/685/681 1048/687/683
f 1049/1475/1458 1048/687/683 1095/1476/1459
f 1095/1476/1459 1048/687/683 1094/689/685
f 1095/1476/1459 1094/689/685 1118/1477/1460
f 1118/1477/1460 1094/689/685 1117/691/687
f 1118/1477/1460 1117/691/687 1141/1478/1461
f 1141/1478/1461 1117/691/687 1140/693/689
f 1141/1478/1461 1140/693/689 1195/1479/1462
f 1195/1479/1462 1140/693/689 1196/695/691
f 1195/1479/1462 1196/695/691 1164/1480/1463
f 1164/1480/1463 1196/695/691 1163/697/693
f 1164/1480/1463 1163/697/693 1210/1481/1464
f 1210/1481/1464 1163/697/693 1209/699/695
f 1210/1481/1464 1209/699/695 1233/1482/1465
f 1233/1482/1465 1209/699/695 1232/701/697
f 1233/1482/1465 1232/701/697 1256/1483/1466
f 1256/1483/1466 1232/701/697 1255/703/699
f 1256/1483/1466 1255/703/699 1310/1484/1467
f 1310/1484/1467 1255/703/699 1311/705/701
f 1310/1484/1467 1311/705/701 1279/1485/1468
f 1279/1485/1468 1311/705/701 1278/707/703
f 1279/1485/1468 1278/707/703 1325/1486/1469
f 1325/1486/1469 1278/707/703 1324/709/705
f 1325/1486/1469 1324/709/705 1348/1487/1470
f 1348/1487/1470 1324/709/705 1347/711/707
f 1348/1487/1470 1347/711/707 1371/1488/1471
f 1371/1488/1471 1347/711/707 1370/713/709
f 1371/1488/1471 1370/713/709 1425/1489/1472
f 1425/1489/1472 1370/713/709 1426/715/711
f 1425/1489/1472 1426/715/711 1394/1490/1473
f 1394/1490/1473 1426/715/711 1393/717/713
f 1394/1490/1473 1393/717/713 1440/1491/1474
f 1440/1491/1474 1393/717/713 1439/719/715
f 1440/1491/1474 1439/719/715 1463/1492/1475
f 1463/1492/1475 1439/719/715 1462/721/717
f 1463/1492/1475 1462/721/717 1486/228/227
f 1486/228/227 1462/721/717 1485/226/225
f 177/546/542 154/545/541 153/603/599
f 153/603/599 152/605/601 176/1493/1476
f 176/1493/1476 152/605/601 175/1436/1419
f 176/1493/1476 175/1436/1419 199/1494/1477
f 199/1494/1477 175/1436/1419 198/1437/1420
f 199/1494/1477 198/1437/1420 222/1495/1478
f 222/1495/1478 198/1437/1420 221/1438/1421
f 222/1495/1478 221/1438/1421 274/1496/1479
f 274/1496/1479 221/1438/1421 275/1439/1422
f 274/1496/1479 275/1439/1422 245/1497/1480
f 245/1497/1480 275/1439/1422 244/1440/1423
f 245/1497/1480 244/1440/1423 291/1498/1481
f 291/1498/1481 244/1440/1423 290/1441/1424
f 291/1498/1481 290/1441/1424 314/1499/1482
f 314/1499/1482 290/1441/1424 313/1442/1425
f 314/1499/1482 313/1442/1425 337/1500/1483
f 337/1500/1483 313/1442/1425 336/1443/1426
f 337/1500/1483 336/1443/1426 389/1501/1484
f 389/1501/1484 336/1443/1426 390/1444/1427
f 389/1501/1484 390/1444/1427 360/1502/1485
f 360/1502/1485 390/1444/1427 359/1445/1428
f 360/1502/1485 359/1445/1428 406/1503/1486
f 406/1503/1486 359/1445/1428 405/1446/1429
f 406/1503/1486 405/1446/1429 429/1504/1487
f 429/1504/1487 405/1446/1429 428/1447/1430
f 429/1504/1487 428/1447/1430 452/1505/1488
f 452/1505/1488 428/1447/1430 451/1448/1431
f 452/1505/1488 451/1448/1431 504/1506/1489
f 504/1506/1489 451/1448/1431 505/1449/1432
f 504/1506/1489 505/1449/1432 475/1507/1490
f 475/1507/1490 505/1449/1432 474/1450/1433
f 475/1507/1490 474/1450/1433 521/1508/1491
f 521/1508/1491 474/1450/1433 520/1451/1434
f 521/1508/1491 520/1451/1434 544/1509/1492
f 544/1509/1492 520/1451/1434 543/1452/1435
f 544/1509/1492 543/1452/1435 567/1510/1493
f 567/1510/1493 543/1452/1435 566/1453/1436
f 567/1510/1493 566/1453/1436 619/1511/1494
f 619/1511/1494 566/1453/1436 620/1454/1437
f 619/1511/1494 620/1454/1437 590/1512/1495
f 590/1512/1495 620/1454/1437 589/1455/1438
f 590/1512/1495 589/1455/1438 636/1513/1496
f 636/1513/1496 589/1455/1438 635/1456/1439
f 636/1513/1496 635/1456/1439 659/1514/1497
f 659/1514/1497 635/1456/1439 658/1457/1440
f 659/1514/1497 658/1457/1440 682/1515/1498
f 682/1515/1498 658/1457/1440 681/1458/1441
f 682/1515/1498 681/1458/1441 734/1516/1499
f 734/1516/1499 681/1458/1441 735/1459/1442
f 734/1516/1499 735/1459/1442 705/1517/1500
f 705/1517/1500 735/1459/1442 704/1460/1443
f 705/1517/1500 704/1460/1443 751/1518/1501
f 751/1518/1501 704/1460/1443 750/1461/1444
f 751/1518/1501 750/1461/1444 774/1519/1502
f 774/1519/1502 750/1461/1444 773/1462/1445
f 774/1519/1502 773/1462/1445 797/1520/1503
f 797/1520/1503 773/1462/1445 796/1463/1446
f 797/1520/1503 796/1463/1446 849/1521/1504
f 849/1521/1504 796/1463/1446 850/1464/1447
f 849/1521/1504 850/1464/1447 820/1522/1505
f 820/1522/1505 850/1464/1447 819/1465/1448
f 820/1522/1505 819/1465/1448 866/1523/1506
f 866/1523/1506 819/1465/1448 865/1466/1449
f 866/1523/1506 865/1466/1449 889/1524/1507
f 889/1524/1507 865/1466/1449 888/1467/1450
f 889/1524/1507 888/1467/1450 912/1525/1508
f 912/1525/1508 888/1467/1450 911/1468/1451
f 912/1525/1508 911/1468/1451 964/1526/1509
f 964/1526/1509 911/1468/1451 965/1469/1452
f 964/1526/1509 965/1469/1452 935/1527/1510
f 935/1527/1510 965/1469/1452 934/1470/1453
f 935/1527/1510 934/1470/1453 981/1528/1511
f 981/1528/1511 934/1470/1453 980/1471/1454
f 981/1528/1511 980/1471/1454 1004/1529/1512
f 1004/1529/1512 980/1471/1454 1003/1472/1455
f 1004/1529/1512 1003/1472/1455 1027/1530/1513
f 1027/1530/1513 1003/1472/1455 1026/1473/1456
f 1027/1530/1513 1026/1473/1456 1079/1531/1514
f 1079/1531/1514 1026/1473/1456 1080/1474/1457
f 1079/1531/1514 1080/1474/1457 1050/1532/1515
f 1050/1532/1515 1080/1474/1457 1049/1475/1458
f 1050/1532/1515 1049/1475/1458 1096/1533/1516
f 1096/1533/1516 1049/1475/1458 1095/1476/1459
f 1096/1533/1516 1095/1476/1459 1119/1534/1517
f 1119/1534/1517 1095/1476/1459 1118/1477/1460
f 1119/1534/1517 1118/1477/1460 1142/1535/1518
f 1142/1535/1518 1118/1477/1460 1141/1478/1461
f 1142/1535/1518 1141/1478/1461 1194/1536/1519
f 1194/1536/1519 1141/1478/1461 1195/1479/1462
f 1194/1536/1519 1195/1479/1462 1165/1537/1520
f 1165/1537/1520 1195/1479/1462 1164/1480/1463
f 1165/1537/1520 1164/1480/1463 1211/1538/1521
f 1211/1538/1521 1164/1480/1463 1210/1481/1464
f 1211/1538/1521 1210/1481/1464 1234/1539/1522
f 1234/1539/1522 1210/1481/1464 1233/1482/1465
f 1234/1539/1522 1233/1482/1465 1257/1540/1523
f 1257/1540/1523 1233/1482/1465 1256/1483/1466
f 1257/1540/1523 1256/1483/1466 1309/1541/1524
f 1309/1541/1524 1256/1483/1466 1310/1484/1467
f 1309/1541/1524 1310/1484/1467 1280/1542/1525
f 1280/1542/1525 1310/1484/1467 1279/1485/1468
f 1280/1542/1525 1279/1485/1468 1326/1543/1526
f 1326/1543/1526 1279/1485/1468 1325/1486/1469
f 1326/1543/1526 1325/1486/1469 1349/1544/1527
f 1349/1544/1527 1325/1486/1469 1348/1487/1470
f 1349/1544/1527 1348/1487/1470 1372/1545/1528
f 1372/1545/1528 1348/1487/1470 1371/1488/1471
f 1372/1545/1528 1371/1488/1471 1424/1546/1529
f 1424/1546/1529 1371/1488/1471 1425/1489/1472
f 1424/1546/1529 1425/1489/1472 1395/1547/1530
f 1395/1547/1530 1425/1489/1472 1394/1490/1473
f 1395/1547/1530 1394/1490/1473 1441/1548/1531
f 1441/1548/1531 1394/1490/1473 1440/1491/1474
f 1441/1548/1531 1440/1491/1474 1464/1549/1532
f 1464/1549/1532 1440/1491/1474 1463/1492/1475
f 1464/1549/1532 1463/1492/1475 1487/230/229
f 1487/230/229 1463/1492/1475 1486/228/227
f 157/426/422 156/428/424 180/1550/1533
f 180/1550/1533 156/428/424 179/430/426
f 180/1550/1533 179/430/426 203/1551/1534
f 203/1551/1534 179/430/426 202/432/428
f 203/1551/1534 202/432/428 226/1552/1535
f 226/1552/1535 202/432/428 225/434/430
f 226/1552/1535 225/434/430 270/1553/1536
f 270/1553/1536 225/434/430 271/436/432
f 270/1553/1536 271/436/432 249/1554/1537
f 249/1554/1537 271/436/432 248/438/434
f 249/1554/1537 248/438/434 295/1555/1538
f 295/1555/1538 248/438/434 294/440/436
f 295/1555/1538 294/440/436 318/1556/1539
f 318/1556/1539 294/440/436 317/442/438
f 318/1556/1539 317/442/438 341/1557/1540
f 341/1557/1540 317/442/438 340/444/440
f 341/1557/1540 340/444/440 385/1558/1541
f 385/1558/1541 340/444/440 386/446/442
f 385/1558/1541 386/446/442 364/1559/1542
f 364/1559/1542 386/446/442 363/448/444
f 364/1559/1542 363/448/444 410/1560/1543
f 410/1560/1543 363/448/444 409/450/446
f 410/1560/1543 409/450/446 433/1561/1544
f 433/1561/1544 409/450/446 432/452/448
f 433/1561/1544 432/452/448 456/1562/1545
f 456/1562/1545 432/452/448 455/454/450
f 456/1562/1545 455/454/450 500/1563/1546
f 500/1563/1546 455/454/450 501/456/452
f 500/1563/1546 501/456/452 479/1564/1547
f 479/1564/1547 501/456/452 478/458/454
f 479/1564/1547 478/458/454 525/1565/1548
f 525/1565/1548 478/458/454 524/460/456
f 525/1565/1548 524/460/456 548/1566/1549
f 548/1566/1549 524/460/456 547/462/458
f 548/1566/1549 547/462/458 571/1567/1550
f 571/1567/1550 547/462/458 570/464/460
f 571/1567/1550 570/464/460 615/1568/1551
f 615/1568/1551 570/464/460 616/466/462
f 615/1568/1551 616/466/462 594/1569/1552
f 594/1569/1552 616/466/462 593/468/464
f 594/1569/1552 593/468/464 640/1570/1553
f 640/1570/1553 593/468/464 639/470/466
f 640/1570/1553 639/470/466 663/1571/1554
f 663/1571/1554 639/470/466 662/472/468
f 663/1571/1554 662/472/468 686/1572/1555
f 686/1572/1555 662/472/468 685/474/470
f 686/1572/1555 685/474/470 730/1573/1556
f 730/1573/1556 685/474/470 731/476/472
f 730/1573/1556 731/476/472 709/1574/1557
f 709/1574/1557 731/476/472 708/478/474
f 709/1574/1557 708/478/474 755/1575/1558
f 755/1575/1558 708/478/474 754/480/476
f 755/1575/1558 754/480/476 778/1576/1559
f 778/1576/1559 754/480/476 777/482/478
f 778/1576/1559 777/482/478 801/1577/1560
f 801/1577/1560 777/482/478 800/484/480
f 801/1577/1560 800/484/480 845/1578/1561
f 845/1578/1561 800/484/480 846/486/482
f 845/1578/1561 846/486/482 824/1579/1562
f 824/1579/1562 846/486/482 823/488/484
f 824/1579/1562 823/488/484 870/1580/1563
f 870/1580/1563 823/488/484 869/490/486
f 870/1580/1563 869/490/486 893/1581/1564
f 893/1581/1564 869/490/486 892/492/488
f 893/1581/1564 892/492/488 916/1582/1565
f 916/1582/1565 892/492/488 915/494/490
f 916/1582/1565 915/494/490 960/1583/1566
f 960/1583/1566 915/494/490 961/496/492
f 960/1583/1566 961/496/492 939/1584/1567
f 939/1584/1567 961/496/492 938/498/494
f 939/1584/1567 938/498/494 985/1585/1568
f 985/1585/1568 938/498/494 984/500/496
f 985/1585/1568 984/500/496 1008/1586/1569
f 1008/1586/1569 984/500/496 1007/502/498
f 1008/1586/1569 1007/502/498 1031/1587/1570
f 1031/1587/1570 1007/502/498 1030/504/500
f 1031/1587/1570 1030/504/500 1075/1588/1571
f 1075/1588/1571 1030/504/500 1076/506/502
f 1075/1588/1571 1076/506/502 1054/1589/1572
f 1054/1589/1572 1076/506/502 1053/508/504
f 1054/1589/1572 1053/508/504 1100/1590/1573
f 1100/1590/1573 1053/508/504 1099/510/506
f 1100/1590/1573 1099/510/506 1123/1591/1574
f 1123/1591/1574 1099/510/506 1122/512/508
f 1123/1591/1574 1122/512/508 1146/1592/1575
f 1146/1592/1575 1122/512/508 1145/514/510
f 1146/1592/1575 1145/514/510 1190/1593/1576
f 1190/1593/1576 1145/514/510 1191/516/512
f 1190/1593/1576 1191/516/512 1169/1594/1577
f 1169/1594/1577 1191/516/512 1168/518/514
f 1169/1594/1577 1168/518/514 1215/1595/1578
f 1215/1595/1578 1168/518/514 1214/520/516
f 1215/1595/1578 1214/520/516 1238/1596/1579
f 1238/1596/1579 1214/520/516 1237/522/518
f 1238/1596/1579 1237/522/518 1261/1597/1580
f 1261/1597/1580 1237/522/518 1260/524/520
f 1261/1597/1580 1260/524/520 1305/1598/1581
f 1305/1598/1581 1260/524/520 1306/526/522
f 1305/1598/1581 1306/526/522 1284/1599/1582
f 1284/1599/1582 1306/526/522 1283/528/524
f 1284/1599/1582 1283/528/524 1330/1600/1583
f 1330/1600/1583 1283/528/524 1329/530/526
f 1330/1600/1583 1329/530/526 1353/1601/1584
f 1353/1601/1584 1329/530/526 1352/532/528
f 1353/1601/1584 1352/532/528 1376/1602/1585
f 1376/1602/1585 1352/532/528 1375/534/530
f 1376/1602/1585 1375/534/530 1420/1603/1586
f 1420/1603/1586 1375/534/530 1421/536/532
f 1420/1603/1586 1421/536/532 1399/1604/1587
f 1399/1604/1587 1421/536/532 1398/538/534
f 1399/1604/1587 1398/538/534 1445/1605/1588
f 1445/1605/1588 1398/538/534 1444/540/536
f 1445/1605/1588 1444/540/536 1468/1606/1589
f 1468/1606/1589 1444/540/536 1467/542/538
f 1468/1606/1589 1467/542/538 1491/238/237
f 1491/238/237 1467/542/538 1490/236/235
f 182/367/363 159/366/362 158/424/420
f 158/424/420 157/426/422 181/1607/1590
f 181/1607/1590 157/426/422 180/1550/1533
f 181/1607/1590 180/1550/1533 204/1608/1591
f 204/1608/1591 180/1550/1533 203/1551/1534
f 204/1608/1591 203/1551/1534 227/1609/1592
f 227/1609/1592 203/1551/1534 226/1552/1535
f 227/1609/1592 226/1552/1535 269/1610/1593
f 269/1610/1593 226/1552/1535 270/1553/1536
f 269/1610/1593 270/1553/1536 250/1611/1594
f 250/1611/1594 270/1553/1536 249/1554/1537
f 250/1611/1594 249/1554/1537 296/1612/1595
f 296/1612/1595 249/1554/1537 295/1555/1538
f 296/1612/1595 295/1555/1538 319/1613/1596
f 319/1613/1596 295/1555/1538 318/1556/1539
f 319/1613/1596 318/1556/1539 342/1614/1597
f 342/1614/1597 318/1556/1539 341/1557/1540
f 342/1614/1597 341/1557/1540 384/1615/1598
f 384/1615/1598 341/1557/1540 385/1558/1541
f 384/1615/1598 385/1558/1541 365/1616/1599
f 365/1616/1599 385/1558/1541 364/1559/1542
f 365/1616/1599 364/1559/1542 411/1617/1600
f 411/1617/1600 364/1559/1542 410/1560/1543
f 411/1617/1600 410/1560/1543 434/1618/1601
f 434/1618/1601 410/1560/1543 433/1561/1544
f 434/1618/1601 433/1561/1544 457/1619/1602
f 457/1619/1602 433/1561/1544 456/1562/1545
f 457/1619/1602 456/1562/1545 499/1620/1603
f 499/1620/1603 456/1562/1545 500/1563/1546
f 499/1620/1603 500/1563/1546 480/1621/1604
f 480/1621/1604 500/1563/1546 479/1564/1547
f 480/1621/1604 479/1564/1547 526/1622/1605
f 526/1622/1605 479/1564/1547 525/1565/1548
f 526/1622/1605 525/1565/1548 549/1623/1606
f 549/1623/1606 525/1565/1548 548/1566/1549
f 549/1623/1606 548/1566/1549 572/1624/1607
f 572/1624/1607 548/1566/1549 571/1567/1550
f 572/1624/1607 571/1567/1550 614/1625/1608
f 614/1625/1608 571/1567/1550 615/1568/1551
f 614/1625/1608 615/1568/1551 595/1626/1609
f 595/1626/1609 615/1568/1551 594/1569/1552
f 595/1626/1609 594/1569/1552 641/1627/1610
f 641/1627/1610 594/1569/1552 640/1570/1553
f 641/1627/1610 640/1570/1553 664/1628/1611
f 664/1628/1611 640/1570/1553 663/1571/1554
f 664/1628/1611 663/1571/1554 687/1629/1612
f 687/1629/1612 663/1571/1554 686/1572/1555
f 687/1629/1612 686/1572/1555 729/1630/1613
f 729/1630/1613 686/1572/1555 730/1573/1556
f 729/1630/1613 730/1573/1556 710/1631/1614
f 710/1631/1614 730/1573/1556 709/1574/1557
f 710/1631/1614 709/1574/1557 756/1632/1615
f 756/1632/1615 709/1574/1557 755/1575/1558
f 756/1632/1615 755/1575/1558 779/1633/1616
f 779/1633/1616 755/1575/1558 778/1576/1559
f 779/1633/1616 778/1576/1559 802/1634/1617
f 802/1634/1617 778/1576/1559 801/1577/1560
f 802/1634/1617 801/1577/1560 844/1635/1618
f 844/1635/1618 801/1577/1560 845/1578/1561
f 844/1635/1618 845/1578/1561 825/1636/1619
f 825/1636/1619 845/1578/1561 824/1579/1562
f 825/1636/1619 824/1579/1562 871/1637/1620
f 871/1637/1620 824/1579/1562 870/1580/1563
f 871/1637/1620 870/1580/1563 894/1638/1621
f 894/1638/1621 870/1580/1563 893/1581/1564
f 894/1638/1621 893/1581/1564 917/1639/1622
f 917/1639/1622 893/1581/1564 916/1582/1565
f 917/1639/1622 916/1582/1565 959/1640/1623
f 959/1640/1623 916/1582/1565 960/1583/1566
f 959/1640/1623 960/1583/1566 940/1641/1624
f 940/1641/1624 960/1583/1566 939/1584/1567
f 940/1641/1624 939/1584/1567 986/1642/1625
f 986/1642/1625 939/1584/1567 985/1585/1568
f 986/1642/1625 985/1585/1568 1009/1643/1626
f 1009/1643/1626 985/1585/1568 1008/1586/1569
f 1009/1643/1626 1008/1586/1569 1032/1644/1627
f 1032/1644/1627 1008/1586/1569 1031/1587/1570
f 1032/1644/1627 1031/1587/1570 1074/1645/1628
f 1074/1645/1628 1031/1587/1570 1075/1588/1571
f 1074/1645/1628 1075/1588/1571 1055/1646/1629
f 1055/1646/1629 1075/1588/1571 1054/1589/1572
f 1055/1646/1629 1054/1589/1572 1101/1647/1630
f 1101/1647/1630 1054/1589/1572 1100/1590/1573
f 1101/1647/1630 1100/1590/1573 1124/1648/1631
f 1124/1648/1631 1100/1590/1573 1123/1591/1574
f 1124/1648/1631 1123/1591/1574 1147/1649/1632
f 1147/1649/1632 1123/1591/1574 1146/1592/1575
f 1147/1649/1632 1146/1592/1575 1189/1650/1633
f 1189/1650/1633 1146/1592/1575 1190/1593/1576
f 1189/1650/1633 1190/1593/1576 1170/1651/1634
f 1170/1651/1634 1190/1593/1576 1169/1594/1577
f 1170/1651/1634 1169/1594/1577 1216/1652/1635
f 1216/1652/1635 1169/1594/1577 1215/1595/1578
f 1216/1652/1635 1215/1595/1578 1239/1653/1636
f 1239/1653/1636 1215/1595/1578 1238/1596/1579
f 1239/1653/1636 1238/1596/1579 1262/1654/1637
f 1262/1654/1637 1238/1596/1579 1261/1597/1580
f 1262/1654/1637 1261/1597/1580 1304/1655/1638
f 1304/1655/1638 1261/1597/1580 1305/1598/1581
f 1304/1655/1638 1305/1598/1581 1285/1656/1639
f 1285/1656/1639 1305/1598/1581 1284/1599/1582
f 1285/1656/1639 1284/1599/1582 1331/1657/1640
f 1331/1657/1640 1284/1599/1582 1330/1600/1583
f 1331/1657/1640 1330/1600/1583 1354/1658/1641
f 1354/1658/1641 1330/1600/1583 1353/1601/1584
f 1354/1658/1641 1353/1601/1584 1377/1659/1642
f 1377/1659/1642 1353/1601/1584 1376/1602/1585
f 1377/1659/1642 1376/1602/1585 1419/1660/1643
f 1419/1660/1643 1376/1602/1585 1420/1603/1586
f 1419/1660/1643 1420/1603/1586 1400/1661/1644
f 1400/1661/1644 1420/1603/1586 1399/1604/1587
f 1400/1661/1644 1399/1604/1587 1446/1662/1645
f 1446/1662/1645 1399/1604/1587 1445/1605/1588
f 1446/1662/1645 1445/1605/1588 1469/1663/1646
f 1469/1663/1646 1445/1605/1588 1468/1606/1589
f 1469/1663/1646 1468/1606/1589 1492/240/239
f 1492/240/239 1468/1606/1589 1491/238/237
f 187/1316/1299 163/11/11 186/13/13
f 195/726/722 172/725/721 171/1379/1362
f 171/1379/1362 172/725/721 148/782/778
f 195/726/722 171/1379/1362 194/1380/1363
f 200/547/543 177/546/542 176/1493/1476
f 176/1493/1476 177/546/542 153/603/599
f 200/547/543 176/1493/1476 199/1494/1477
f 205/368/364 182/367/363 181/1607/1590
f 181/1607/1590 182/367/363 158/424/420
f 205/368/364 181/1607/1590 204/1608/1591
f 187/1316/1299 186/13/13 210/1664/1647
f 210/1664/1647 186/13/13 209/15/15
f 210/1664/1647 209/15/15 233/1665/1648
f 233/1665/1648 209/15/15 232/17/17
f 233/1665/1648 232/17/17 263/1666/1649
f 263/1666/1649 232/17/17 264/19/19
f 263/1666/1649 264/19/19 256/1667/1650
f 256/1667/1650 264/19/19 255/21/21
f 256/1667/1650 255/21/21 302/1301/1284
f 218/727/723 195/726/722 194/1380/1363
f 218/727/723 194/1380/1363 217/1381/1364
f 223/548/544 200/547/543 199/1494/1477
f 223/548/544 199/1494/1477 222/1495/1478
f 228/369/365 205/368/364 204/1608/1591
f 228/369/365 204/1608/1591 227/1609/1592
f 187/1316/1299 210/1664/1647 211/1314/1297
f 211/1314/1297 210/1664/1647 234/1668/1651
f 211/1314/1297 234/1668/1651 235/1312/1295
f 235/1312/1295 234/1668/1651 261/1669/1652
f 235/1312/1295 261/1669/1652 260/1310/1293
f 260/1310/1293 261/1669/1652 259/1308/1291
f 234/1668/1651 210/1664/1647 233/1665/1648
f 278/728/724 218/727/723 217/1381/1364
f 278/728/724 217/1381/1364 279/1382/1365
f 273/549/545 223/548/544 222/1495/1478
f 273/549/545 222/1495/1478 274/1496/1479
f 268/370/366 228/369/365 227/1609/1592
f 268/370/366 227/1609/1592 269/1610/1593
f 234/1668/1651 233/1665/1648 262/1670/1653
f 262/1670/1653 233/1665/1648 263/1666/1649
f 262/1670/1653 263/1666/1649 257/1671/1654
f 257/1671/1654 263/1666/1649 256/1667/1650
f 257/1671/1654 256/1667/1650 303/1672/1655
f 303/1672/1655 256/1667/1650 302/1301/1284
f 303/1672/1655 302/1301/1284 326/1300/1283
f 278/728/724 279/1382/1365 241/729/725
f 241/729/725 279/1382/1365 240/1383/1366
f 241/729/725 240/1383/1366 287/730/726
f 287/730/726 240/1383/1366 286/1384/1367
f 287/730/726 286/1384/1367 310/731/727
f 310/731/727 286/1384/1367 309/1385/1368
f 310/731/727 309/1385/1368 333/732/728
f 333/732/728 309/1385/1368 332/1386/1369
f 333/732/728 332/1386/1369 393/733/729
f 393/733/729 332/1386/1369 394/1387/1370
f 393/733/729 394/1387/1370 356/734/730
f 356/734/730 394/1387/1370 355/1388/1371
f 356/734/730 355/1388/1371 402/735/731
f 402/735/731 355/1388/1371 401/1389/1372
f 402/735/731 401/1389/1372 425/736/732
f 425/736/732 401/1389/1372 424/1390/1373
f 425/736/732 424/1390/1373 448/737/733
f 448/737/733 424/1390/1373 447/1391/1374
f 448/737/733 447/1391/1374 508/738/734
f 508/738/734 447/1391/1374 509/1392/1375
f 508/738/734 509/1392/1375 471/739/735
f 471/739/735 509/1392/1375 470/1393/1376
f 471/739/735 470/1393/1376 517/740/736
f 517/740/736 470/1393/1376 516/1394/1377
f 517/740/736 516/1394/1377 540/741/737
f 540/741/737 516/1394/1377 539/1395/1378
f 540/741/737 539/1395/1378 563/742/738
f 563/742/738 539/1395/1378 562/1396/1379
f 563/742/738 562/1396/1379 623/743/739
f 623/743/739 562/1396/1379 624/1397/1380
f 623/743/739 624/1397/1380 586/744/740
f 586/744/740 624/1397/1380 585/1398/1381
f 586/744/740 585/1398/1381 632/745/741
f 632/745/741 585/1398/1381 631/1399/1382
f 632/745/741 631/1399/1382 655/746/742
f 655/746/742 631/1399/1382 654/1400/1383
f 655/746/742 654/1400/1383 678/747/743
f 678/747/743 654/1400/1383 677/1401/1384
f 678/747/743 677/1401/1384 738/748/744
f 738/748/744 677/1401/1384 739/1402/1385
f 738/748/744 739/1402/1385 701/749/745
f 701/749/745 739/1402/1385 700/1403/1386
f 701/749/745 700/1403/1386 747/750/746
f 747/750/746 700/1403/1386 746/1404/1387
f 747/750/746 746/1404/1387 770/751/747
f 770/751/747 746/1404/1387 769/1405/1388
f 770/751/747 769/1405/1388 793/752/748
f 793/752/748 769/1405/1388 792/1406/1389
f 793/752/748 792/1406/1389 853/753/749
f 853/753/749 792/1406/1389 854/1407/1390
f 853/753/749 854/1407/1390 816/754/750
f 816/754/750 854/1407/1390 815/1408/1391
f 816/754/750 815/1408/1391 862/755/751
f 862/755/751 815/1408/1391 861/1409/1392
f 862/755/751 861/1409/1392 885/756/752
f 885/756/752 861/1409/1392 884/1410/1393
f 885/756/752 884/1410/1393 908/757/753
f 908/757/753 884/1410/1393 907/1411/1394
f 908/757/753 907/1411/1394 968/758/754
f 968/758/754 907/1411/1394 969/1412/1395
f 968/758/754 969/1412/1395 931/759/755
f 931/759/755 969/1412/1395 930/1413/1396
f 931/759/755 930/1413/1396 977/760/756
f 977/760/756 930/1413/1396 976/1414/1397
f 977/760/756 976/1414/1397 1000/761/757
f 1000/761/757 976/1414/1397 999/1415/1398
f 1000/761/757 999/1415/1398 1023/762/758
f 1023/762/758 999/1415/1398 1022/1416/1399
f 1023/762/758 1022/1416/1399 1083/763/759
f 1083/763/759 1022/1416/1399 1084/1417/1400
f 1083/763/759 1084/1417/1400 1046/764/760
f 1046/764/760 1084/1417/1400 1045/1418/1401
f 1046/764/760 1045/1418/1401 1092/765/761
f 1092/765/761 1045/1418/1401 1091/1419/1402
f 1092/765/761 1091/1419/1402 1115/766/762
f 1115/766/762 1091/1419/1402 1114/1420/1403
f 1115/766/762 1114/1420/1403 1138/767/763
f 1138/767/763 1114/1420/1403 1137/1421/1404
f 1138/767/763 1137/1421/1404 1198/768/764
f 1198/768/764 1137/1421/1404 1199/1422/1405
f 1198/768/764 1199/1422/1405 1161/769/765
f 1161/769/765 1199/1422/1405 1160/1423/1406
f 1161/769/765 1160/1423/1406 1207/770/766
f 1207/770/766 1160/1423/1406 1206/1424/1407
f 1207/770/766 1206/1424/1407 1230/771/767
f 1230/771/767 1206/1424/1407 1229/1425/1408
f 1230/771/767 1229/1425/1408 1253/772/768
f 1253/772/768 1229/1425/1408 1252/1426/1409
f 1253/772/768 1252/1426/1409 1313/773/769
f 1313/773/769 1252/1426/1409 1314/1427/1410
f 1313/773/769 1314/1427/1410 1276/774/770
f 1276/774/770 1314/1427/1410 1275/1428/1411
f 1276/774/770 1275/1428/1411 1322/775/771
f 1322/775/771 1275/1428/1411 1321/1429/1412
f 1322/775/771 1321/1429/1412 1345/776/772
f 1345/776/772 1321/1429/1412 1344/1430/1413
f 1345/776/772 1344/1430/1413 1368/777/773
f 1368/777/773 1344/1430/1413 1367/1431/1414
f 1368/777/773 1367/1431/1414 1428/778/774
f 1428/778/774 1367/1431/1414 1429/1432/1415
f 1428/778/774 1429/1432/1415 1391/779/775
f 1391/779/775 1429/1432/1415 1390/1433/1416
f 1391/779/775 1390/1433/1416 1437/780/776
f 1437/780/776 1390/1433/1416 1436/1434/1417
f 1437/780/776 1436/1434/1417 1460/781/777
f 1460/781/777 1436/1434/1417 1459/1435/1418
f 1460/781/777 1459/1435/1418 1483/222/221
f 1483/222/221 1459/1435/1418 1482/220/219
f 273/549/545 274/1496/1479 246/550/546
f 246/550/546 274/1496/1479 245/1497/1480
f 246/550/546 245/1497/1480 292/551/547
f 292/551/547 245/1497/1480 291/1498/1481
f 292/551/547 291/1498/1481 315/552/548
f 315/552/548 291/1498/1481 314/1499/1482
f 315/552/548 314/1499/1482 338/553/549
f 338/553/549 314/1499/1482 337/1500/1483
f 338/553/549 337/1500/1483 388/554/550
f 388/554/550 337/1500/1483 389/1501/1484
f 388/554/550 389/1501/1484 361/555/551
f 361/555/551 389/1501/1484 360/1502/1485
f 361/555/551 360/1502/1485 407/556/552
f 407/556/552 360/1502/1485 406/1503/1486
f 407/556/552 406/1503/1486 430/557/553
f 430/557/553 406/1503/1486 429/1504/1487
f 430/557/553 429/1504/1487 453/558/554
f 453/558/554 429/1504/1487 452/1505/1488
f 453/558/554 452/1505/1488 503/559/555
f 503/559/555 452/1505/1488 504/1506/1489
f 503/559/555 504/1506/1489 476/560/556
f 476/560/556 504/1506/1489 475/1507/1490
f 476/560/556 475/1507/1490 522/561/557
f 522/561/557 475/1507/1490 521/1508/1491
f 522/561/557 521/1508/1491 545/562/558
f 545/562/558 521/1508/1491 544/1509/1492
f 545/562/558 544/1509/1492 568/563/559
f 568/563/559 544/1509/1492 567/1510/1493
f 568/563/559 567/1510/1493 618/564/560
f 618/564/560 567/1510/1493 619/1511/1494
f 618/564/560 619/1511/1494 591/565/561
f 591/565/561 619/1511/1494 590/1512/1495
f 591/565/561 590/1512/1495 637/566/562
f 637/566/562 590/1512/1495 636/1513/1496
f 637/566/562 636/1513/1496 660/567/563
f 660/567/563 636/1513/1496 659/1514/1497
f 660/567/563 659/1514/1497 683/568/564
f 683/568/564 659/1514/1497 682/1515/1498
f 683/568/564 682/1515/1498 733/569/565
f 733/569/565 682/1515/1498 734/1516/1499
f 733/569/565 734/1516/1499 706/570/566
f 706/570/566 734/1516/1499 705/1517/1500
f 706/570/566 705/1517/1500 752/571/567
f 752/571/567 705/1517/1500 751/1518/1501
f 752/571/567 751/1518/1501 775/572/568
f 775/572/568 751/1518/1501 774/1519/1502
f 775/572/568 774/1519/1502 798/573/569
f 798/573/569 774/1519/1502 797/1520/1503
f 798/573/569 797/1520/1503 848/574/570
f 848/574/570 797/1520/1503 849/1521/1504
f 848/574/570 849/1521/1504 821/575/571
f 821/575/571 849/1521/1504 820/1522/1505
f 821/575/571 820/1522/1505 867/576/572
f 867/576/572 820/1522/1505 866/1523/1506
f 867/576/572 866/1523/1506 890/577/573
f 890/577/573 866/1523/1506 889/1524/1507
f 890/577/573 889/1524/1507 913/578/574
f 913/578/574 889/1524/1507 912/1525/1508
f 913/578/574 912/1525/1508 963/579/575
f 963/579/575 912/1525/1508 964/1526/1509
f 963/579/575 964/1526/1509 936/580/576
f 936/580/576 964/1526/1509 935/1527/1510
f 936/580/576 935/1527/1510 982/581/577
f 982/581/577 935/1527/1510 981/1528/1511
f 982/581/577 981/1528/1511 1005/582/578
f 1005/582/578 981/1528/1511 1004/1529/1512
f 1005/582/578 1004/1529/1512 1028/583/579
f 1028/583/579 1004/1529/1512 1027/1530/1513
f 1028/583/579 1027/1530/1513 1078/584/580
f 1078/584/580 1027/1530/1513 1079/1531/1514
f 1078/584/580 1079/1531/1514 1051/585/581
f 1051/585/581 1079/1531/1514 1050/1532/1515
f 1051/585/581 1050/1532/1515 1097/586/582
f 1097/586/582 1050/1532/1515 1096/1533/1516
f 1097/586/582 1096/1533/1516 1120/587/583
f 1120/587/583 1096/1533/1516 1119/1534/1517
f 1120/587/583 1119/1534/1517 1143/588/584
f 1143/588/584 1119/1534/1517 1142/1535/1518
f 1143/588/584 1142/1535/1518 1193/589/585
f 1193/589/585 1142/1535/1518 1194/1536/1519
f 1193/589/585 1194/1536/1519 1166/590/586
f 1166/590/586 1194/1536/1519 1165/1537/1520
f 1166/590/586 1165/1537/1520 1212/591/587
f 1212/591/587 1165/1537/1520 1211/1538/1521
f 1212/591/587 1211/1538/1521 1235/592/588
f 1235/592/588 1211/1538/1521 1234/1539/1522
f 1235/592/588 1234/1539/1522 1258/593/589
f 1258/593/589 1234/1539/1522 1257/1540/1523
f 1258/593/589 1257/1540/1523 1308/594/590
f 1308/594/590 1257/1540/1523 1309/1541/1524
f 1308/594/590 1309/1541/1524 1281/595/591
f 1281/595/591 1309/1541/1524 1280/1542/1525
f 1281/595/591 1280/1542/1525 1327/596/592
f 1327/596/592 1280/1542/1525 1326/1543/1526
f 1327/596/592 1326/1543/1526 1350/597/593
f 1350/597/593 1326/1543/1526 1349/1544/1527
f 1350/597/593 1349/1544/1527 1373/598/594
f 1373/598/594 1349/1544/1527 1372/1545/1528
f 1373/598/594 1372/1545/1528 1423/599/595
f 1423/599/595 1372/1545/1528 1424/1546/1529
f 1423/599/595 1424/1546/1529 1396/600/596
f 1396/600/596 1424/1546/1529 1395/1547/1530
f 1396/600/596 1395/1547/1530 1442/601/597
f 1442/601/597 1395/1547/1530 1441/1548/1531
f 1442/601/597 1441/1548/1531 1465/602/598
f 1465/602/598 1441/1548/1531 1464/1549/1532
f 1465/602/598 1464/1549/1532 1488/232/231
f 1488/232/231 1464/1549/1532 1487/230/229
f 268/370/366 269/1610/1593 251/371/367
f 251/371/367 269/1610/1593 250/1611/1594
f 251/371/367 250/1611/1594 297/372/368
f 297/372/368 250/1611/1594 296/1612/1595
f 297/372/368 296/1612/1595 320/373/369
f 320/373/369 296/1612/1595 319/1613/1596
f 320/373/369 319/1613/1596 343/374/370
f 343/374/370 319/1613/1596 342/1614/1597
f 343/374/370 342/1614/1597 383/375/371
f 383/375/371 342/1614/1597 384/1615/1598
f 383/375/371 384/1615/1598 366/376/372
f 366/376/372 384/1615/1598 365/1616/1599
f 366/376/372 365/1616/1599 412/377/373
f 412/377/373 365/1616/1599 411/1617/1600
f 412/377/373 411/1617/1600 435/378/374
f 435/378/374 411/1617/1600 434/1618/1601
f 435/378/374 434/1618/1601 458/379/375
f 458/379/375 434/1618/1601 457/1619/1602
f 458/379/375 457/1619/1602 498/380/376
f 498/380/376 457/1619/1602 499/1620/1603
f 498/380/376 499/1620/1603 481/381/377
f 481/381/377 499/1620/1603 480/1621/1604
f 481/381/377 480/1621/1604 527/382/378
f 527/382/378 480/1621/1604 526/1622/1605
f 527/382/378 526/1622/1605 550/383/379
f 550/383/379 526/1622/1605 549/1623/1606
f 550/383/379 549/1623/1606 573/384/380
f 573/384/380 549/1623/1606 572/1624/1607
f 573/384/380 572/1624/1607 613/385/381
f 613/385/381 572/1624/1607 614/1625/1608
f 613/385/381 614/1625/1608 596/386/382
f 596/386/382 614/1625/1608 595/1626/1609
f 596/386/382 595/1626/1609 642/387/383
f 642/387/383 595/1626/1609 641/1627/1610
f 642/387/383 641/1627/1610 665/388/384
f 665/388/384 641/1627/1610 664/1628/1611
f 665/388/384 664/1628/1611 688/389/385
f 688/389/385 664/1628/1611 687/1629/1612
f 688/389/385 687/1629/1612 728/390/386
f 728/390/386 687/1629/1612 729/1630/1613
f 728/390/386 729/1630/1613 711/391/387
f 711/391/387 729/1630/1613 710/1631/1614
f 711/391/387 710/1631/1614 757/392/388
f 757/392/388 710/1631/1614 756/1632/1615
f 757/392/388 756/1632/1615 780/393/389
f 780/393/389 756/1632/1615 779/1633/1616
f 780/393/389 779/1633/1616 803/394/390
f 803/394/390 779/1633/1616 802/1634/1617
f 803/394/390 802/1634/1617 843/395/391
f 843/395/391 802/1634/1617 844/1635/1618
f 843/395/391 844/1635/1618 826/396/392
f 826/396/392 844/1635/1618 825/1636/1619
f 826/396/392 825/1636/1619 872/397/393
f 872/397/393 825/1636/1619 871/1637/1620
f 872/397/393 871/1637/1620 895/398/394
f 895/398/394 871/1637/1620 894/1638/1621
f 895/398/394 894/1638/1621 918/399/395
f 918/399/395 894/1638/1621 917/1639/1622
f 918/399/395 917/1639/1622 958/400/396
f 958/400/396 917/1639/1622 959/1640/1623
f 958/400/396 959/1640/1623 941/401/397
f 941/401/397 959/1640/1623 940/1641/1624
f 941/401/397 940/1641/1624 987/402/398
f 987/402/398 940/1641/1624 986/1642/1625
f 987/402/398 986/1642/1625 1010/403/399
f 1010/403/399 986/1642/1625 1009/1643/1626
f 1010/403/399 1009/1643/1626 1033/404/400
f 1033/404/400 1009/1643/1626 1032/1644/1627
f 1033/404/400 1032/1644/1627 1073/405/401
f 1073/405/401 1032/1644/1627 1074/1645/1628
f 1073/405/401 1074/1645/1628 1056/406/402
f 1056/406/402 1074/1645/1628 1055/1646/1629
f 1056/406/402 1055/1646/1629 1102/407/403
f 1102/407/403 1055/1646/1629 1101/1647/1630
f 1102/407/403 1101/1647/1630 1125/408/404
f 1125/408/404 1101/1647/1630 1124/1648/1631
f 1125/408/404 1124/1648/1631 1148/409/405
f 1148/409/405 1124/1648/1631 1147/1649/1632
f 1148/409/405 1147/1649/1632 1188/410/406
f 1188/410/406 1147/1649/1632 1189/1650/1633
f 1188/410/406 1189/1650/1633 1171/411/407
f 1171/411/407 1189/1650/1633 1170/1651/1634
f 1171/411/407 1170/1651/1634 1217/412/408
f 1217/412/408 1170/1651/1634 1216/1652/1635
f 1217/412/408 1216/1652/1635 1240/413/409
f 1240/413/409 1216/1652/1635 1239/1653/1636
f 1240/413/409 1239/1653/1636 1263/414/410
f 1263/414/410 1239/1653/1636 1262/1654/1637
f 1263/414/410 1262/1654/1637 1303/415/411
f 1303/415/411 1262/1654/1637 1304/1655/1638
f 1303/415/411 1304/1655/1638 1286/416/412
f 1286/416/412 1304/1655/1638 1285/1656/1639
f 1286/416/412 1285/1656/1639 1332/417/413
f 1332/417/413 1285/1656/1639 1331/1657/1640
f 1332/417/413 1331/1657/1640 1355/418/414
f 1355/418/414 1331/1657/1640 1354/1658/1641
f 1355/418/414 1354/1658/1641 1378/419/415
f 1378/419/415 1354/1658/1641 1377/1659/1642
f 1378/419/415 1377/1659/1642 1418/420/416
f 1418/420/416 1377/1659/1642 1419/1660/1643
f 1418/420/416 1419/1660/1643 1401/421/417
f 1401/421/417 1419/1660/1643 1400/1661/1644
f 1401/421/417 1400/1661/1644 1447/422/418
f 1447/422/418 1400/1661/1644 1446/1662/1645
f 1447/422/418 1446/1662/1645 1470/423/419
f 1470/423/419 1446/1662/1645 1469/1663/1646
f 1470/423/419 1469/1663/1646 1493/242/241
f 1493/242/241 1469/1663/1646 1492/240/239
f 257/1671/1654 258/1673/1656 262/1670/1653
f 262/1670/1653 258/1673/1656 261/1669/1652
f 262/1670/1653 261/1669/1652 234/1668/1651
f 305/1306/1289 259/1308/1291 258/1673/1656
f 258/1673/1656 259/1308/1291 261/1669/1652
f 258/1673/1656 257/1671/1654 304/1674/1657
f 304/1674/1657 257/1671/1654 303/1672/1655
f 304/1674/1657 303/1672/1655 327/1675/1658
f 327/1675/1658 303/1672/1655 326/1300/1283
f 327/1675/1658 326/1300/1283 350/1299/1282
f 328/1304/1287 305/1306/1289 304/1674/1657
f 304/1674/1657 305/1306/1289 258/1673/1656
f 328/1304/1287 304/1674/1657 327/1675/1658
f 351/1302/1285 328/1304/1287 327/1675/1658
f 351/1302/1285 327/1675/1658 350/1299/1282
f 375/1298/1281 351/1302/1285 350/1299/1282
f 417/1280/1263 370/31/31 416/33/33
f 417/1280/1263 416/33/33 440/1676/1659
f 440/1676/1659 416/33/33 439/35/35
f 440/1676/1659 439/35/35 463/1677/1660
f 463/1677/1660 439/35/35 462/37/37
f 463/1677/1660 462/37/37 493/1678/1661
f 493/1678/1661 462/37/37 494/39/39
f 493/1678/1661 494/39/39 486/1679/1662
f 486/1679/1662 494/39/39 485/41/41
f 486/1679/1662 485/41/41 532/1265/1248
f 417/1280/1263 440/1676/1659 441/1278/1261
f 441/1278/1261 440/1676/1659 464/1680/1663
f 441/1278/1261 464/1680/1663 465/1276/1259
f 465/1276/1259 464/1680/1663 491/1681/1664
f 465/1276/1259 491/1681/1664 490/1274/1257
f 490/1274/1257 491/1681/1664 489/1272/1255
f 464/1680/1663 440/1676/1659 463/1677/1660
f 464/1680/1663 463/1677/1660 492/1682/1665
f 492/1682/1665 463/1677/1660 493/1678/1661
f 492/1682/1665 493/1678/1661 487/1683/1666
f 487/1683/1666 493/1678/1661 486/1679/1662
f 487/1683/1666 486/1679/1662 533/1684/1667
f 533/1684/1667 486/1679/1662 532/1265/1248
f 533/1684/1667 532/1265/1248 556/1264/1247
f 487/1683/1666 488/1685/1668 492/1682/1665
f 492/1682/1665 488/1685/1668 491/1681/1664
f 492/1682/1665 491/1681/1664 464/1680/1663
f 535/1270/1253 489/1272/1255 488/1685/1668
f 488/1685/1668 489/1272/1255 491/1681/1664
f 488/1685/1668 487/1683/1666 534/1686/1669
f 534/1686/1669 487/1683/1666 533/1684/1667
f 534/1686/1669 533/1684/1667 557/1687/1670
f 557/1687/1670 533/1684/1667 556/1264/1247
f 557/1687/1670 556/1264/1247 580/1263/1246
f 558/1268/1251 535/1270/1253 534/1686/1669
f 534/1686/1669 535/1270/1253 488/1685/1668
f 558/1268/1251 534/1686/1669 557/1687/1670
f 581/1266/1249 558/1268/1251 557/1687/1670
f 581/1266/1249 557/1687/1670 580/1263/1246
f 605/1262/1245 581/1266/1249 580/1263/1246
f 647/1244/1227 600/51/51 646/53/53
f 647/1244/1227 646/53/53 670/1688/1671
f 670/1688/1671 646/53/53 669/55/55
f 670/1688/1671 669/55/55 693/1689/1672
f 693/1689/1672 669/55/55 692/57/57
f 693/1689/1672 692/57/57 723/1690/1673
f 723/1690/1673 692/57/57 724/59/59
f 723/1690/1673 724/59/59 716/1691/1674
f 716/1691/1674 724/59/59 715/61/61
f 716/1691/1674 715/61/61 762/1229/1212
f 647/1244/1227 670/1688/1671 671/1242/1225
f 671/1242/1225 670/1688/1671 694/1692/1675
f 671/1242/1225 694/1692/1675 695/1240/1223
f 695/1240/1223 694/1692/1675 721/1693/1676
f 695/1240/1223 721/1693/1676 720/1238/1221
f 720/1238/1221 721/1693/1676 719/1236/1219
f 694/1692/1675 670/1688/1671 693/1689/1672
f 694/1692/1675 693/1689/1672 722/1694/1677
f 722/1694/1677 693/1689/1672 723/1690/1673
f 722/1694/1677 723/1690/1673 717/1695/1678
f 717/1695/1678 723/1690/1673 716/1691/1674
f 717/1695/1678 716/1691/1674 763/1696/1679
f 763/1696/1679 716/1691/1674 762/1229/1212
f 763/1696/1679 762/1229/1212 786/1228/1211
f 717/1695/1678 718/1697/1680 722/1694/1677
f 722/1694/1677 718/1697/1680 721/1693/1676
f 722/1694/1677 721/1693/1676 694/1692/1675
f 765/1234/1217 719/1236/1219 718/1697/1680
f 718/1697/1680 719/1236/1219 721/1693/1676
f 718/1697/1680 717/1695/1678 764/1698/1681
f 764/1698/1681 717/1695/1678 763/1696/1679
f 764/1698/1681 763/1696/1679 787/1699/1682
f 787/1699/1682 763/1696/1679 786/1228/1211
f 787/1699/1682 786/1228/1211 810/1227/1210
f 788/1232/1215 765/1234/1217 764/1698/1681
f 764/1698/1681 765/1234/1217 718/1697/1680
f 788/1232/1215 764/1698/1681 787/1699/1682
f 811/1230/1213 788/1232/1215 787/1699/1682
f 811/1230/1213 787/1699/1682 810/1227/1210
f 835/1226/1209 811/1230/1213 810/1227/1210
f 877/1208/1191 830/71/71 876/73/73
f 877/1208/1191 876/73/73 900/1700/1683
f 900/1700/1683 876/73/73 899/75/75
f 900/1700/1683 899/75/75 923/1701/1684
f 923/1701/1684 899/75/75 922/77/77
f 923/1701/1684 922/77/77 953/1702/1685
f 953/1702/1685 922/77/77 954/79/79
f 953/1702/1685 954/79/79 946/1703/1686
f 946/1703/1686 954/79/79 945/81/81
f 946/1703/1686 945/81/81 992/1193/1176
f 877/1208/1191 900/1700/1683 901/1206/1189
f 901/1206/1189 900/1700/1683 924/1704/1687
f 901/1206/1189 924/1704/1687 925/1204/1187
f 925/1204/1187 924/1704/1687 951/1705/1688
f 925/1204/1187 951/1705/1688 950/1202/1185
f 950/1202/1185 951/1705/1688 949/1200/1183
f 924/1704/1687 900/1700/1683 923/1701/1684
f 924/1704/1687 923/1701/1684 952/1706/1689
f 952/1706/1689 923/1701/1684 953/1702/1685
f 952/1706/1689 953/1702/1685 947/1707/1690
f 947/1707/1690 953/1702/1685 946/1703/1686
f 947/1707/1690 946/1703/1686 993/1708/1691
f 993/1708/1691 946/1703/1686 992/1193/1176
f 993/1708/1691 992/1193/1176 1016/1192/1175
f 947/1707/1690 948/1709/1692 952/1706/1689
f 952/1706/1689 948/1709/1692 951/1705/1688
f 952/1706/1689 951/1705/1688 924/1704/1687
f 995/1198/1181 949/1200/1183 948/1709/1692
f 948/1709/1692 949/1200/1183 951/1705/1688
f 948/1709/1692 947/1707/1690 994/1710/1693
f 994/1710/1693 947/1707/1690 993/1708/1691
f 994/1710/1693 993/1708/1691 1017/1711/1694
f 1017/1711/1694 993/1708/1691 1016/1192/1175
f 1017/1711/1694 1016/1192/1175 1040/1191/1174
f 1018/1196/1179 995/1198/1181 994/1710/1693
f 994/1710/1693 995/1198/1181 948/1709/1692
f 1018/1196/1179 994/1710/1693 1017/1711/1694
f 1041/1194/1177 1018/1196/1179 1017/1711/1694
f 1041/1194/1177 1017/1711/1694 1040/1191/1174
f 1065/1190/1173 1041/1194/1177 1040/1191/1174
f 1107/1172/1155 1060/91/91 1106/93/93
f 1107/1172/1155 1106/93/93 1130/1712/1695
f 1130/1712/1695 1106/93/93 1129/95/95
f 1130/1712/1695 1129/95/95 1153/1713/1696
f 1153/1713/1696 1129/95/95 1152/97/97
f 1153/1713/1696 1152/97/97 1183/1714/1697
f 1183/1714/1697 1152/97/97 1184/99/99
f 1183/1714/1697 1184/99/99 1176/1715/1698
f 1176/1715/1698 1184/99/99 1175/101/101
f 1176/1715/1698 1175/101/101 1222/1157/1140
f 1107/1172/1155 1130/1712/1695 1131/1170/1153
f 1131/1170/1153 1130/1712/1695 1154/1716/1699
f 1131/1170/1153 1154/1716/1699 1155/1168/1151
f 1155/1168/1151 1154/1716/1699 1181/1717/1700
f 1155/1168/1151 1181/1717/1700 1180/1166/1149
f 1180/1166/1149 1181/1717/1700 1179/1164/1147
f 1154/1716/1699 1130/1712/1695 1153/1713/1696
f 1154/1716/1699 1153/1713/1696 1182/1718/1701
f 1182/1718/1701 1153/1713/1696 1183/1714/1697
f 1182/1718/1701 1183/1714/1697 1177/1719/1702
f 1177/1719/1702 1183/1714/1697 1176/1715/1698
f 1177/1719/1702 1176/1715/1698 1223/1720/1703
f 1223/1720/1703 1176/1715/1698 1222/1157/1140
f 1223/1720/1703 1222/1157/1140 1246/1156/1139
f 1177/1719/1702 1178/1721/1704 1182/1718/1701
f 1182/1718/1701 1178/1721/1704 1181/1717/1700
f 1182/1718/1701 1181/1717/1700 1154/1716/1699
f 1225/1162/1145 1179/1164/1147 1178/1721/1704
f 1178/1721/1704 1179/1164/1147 1181/1717/1700
f 1178/1721/1704 1177/1719/1702 1224/1722/1705
f 1224/1722/1705 1177/1719/1702 1223/1720/1703
f 1224/1722/1705 1223/1720/1703 1247/1723/1706
f 1247/1723/1706 1223/1720/1703 1246/1156/1139
f 1247/1723/1706 1246/1156/1139 1270/1155/1138
f 1248/1160/1143 1225/1162/1145 1224/1722/1705
f 1224/1722/1705 1225/1162/1145 1178/1721/1704
f 1248/1160/1143 1224/1722/1705 1247/1723/1706
f 1271/1158/1141 1248/1160/1143 1247/1723/1706
f 1271/1158/1141 1247/1723/1706 1270/1155/1138
f 1295/1154/1137 1271/1158/1141 1270/1155/1138
f 1337/1136/1119 1290/111/111 1336/113/113
f 1337/1136/1119 1336/113/113 1360/1724/1707
f 1360/1724/1707 1336/113/113 1359/115/115
f 1360/1724/1707 1359/115/115 1383/1725/1708
f 1383/1725/1708 1359/115/115 1382/117/117
f 1383/1725/1708 1382/117/117 1413/1726/1709
f 1413/1726/1709 1382/117/117 1414/119/119
f 1413/1726/1709 1414/119/119 1406/1727/1710
f 1406/1727/1710 1414/119/119 1405/121/121
f 1406/1727/1710 1405/121/121 1452/1121/1104
f 1337/1136/1119 1360/1724/1707 1361/1134/1117
f 1361/1134/1117 1360/1724/1707 1384/1728/1711
f 1361/1134/1117 1384/1728/1711 1385/1132/1115
f 1385/1132/1115 1384/1728/1711 1411/1729/1712
f 1385/1132/1115 1411/1729/1712 1410/1130/1113
f 1410/1130/1113 1411/1729/1712 1409/1128/1111
f 1384/1728/1711 1360/1724/1707 1383/1725/1708
f 1384/1728/1711 1383/1725/1708 1412/1730/1713
f 1412/1730/1713 1383/1725/1708 1413/1726/1709
f 1412/1730/1713 1413/1726/1709 1407/1731/1714
f 1407/1731/1714 1413/1726/1709 1406/1727/1710
f 1407/1731/1714 1406/1727/1710 1453/1732/1715
f 1453/1732/1715 1406/1727/1710 1452/1121/1104
f 1453/1732/1715 1452/1121/1104 1476/1120/1103
f 1407/1731/1714 1408/1733/1716 1412/1730/1713
f 1412/1730/1713 1408/1733/1716 1411/1729/1712
f 1412/1730/1713 1411/1729/1712 1384/1728/1711
f 1455/1126/1109 1409/1128/1111 1408/1733/1716
f 1408/1733/1716 1409/1128/1111 1411/1729/1712
f 1408/1733/1716 1407/1731/1714 1454/1734/1717
f 1454/1734/1717 1407/1731/1714 1453/1732/1715
f 1454/1734/1717 1453/1732/1715 1477/1735/1718
f 1477/1735/1718 1453/1732/1715 1476/1120/1103
f 1477/1735/1718 1476/1120/1103 1500/1119/1102
f 1478/1124/1107 1455/1126/1109 1454/1734/1717
f 1454/1734/1717 1455/1126/1109 1408/1733/1716
f 1478/1124/1107 1454/1734/1717 1477/1735/1718
f 1501/1122/1105 1478/1124/1107 1477/1735/1718
f 1501/1122/1105 1477/1735/1718 1500/1119/1102
f 1525/1118/1101 1501/1122/1105 1500/1119/1102
f 1546/215/214 1547/213/212 1503/1736/1719
f 1503/1736/1719 1547/213/212 1502/211/210
f 1503/1736/1719 1502/211/210 1549/1737/1720
f 1549/1737/1720 1502/211/210 1548/209/208
f 1549/1737/1720 1548/209/208 1572/1738/1721
f 1572/1738/1721 1548/209/208 1571/207/206
f 1572/1738/1721 1571/207/206 1595/1739/1722
f 1595/1739/1722 1571/207/206 1594/205/204
f 1595/1739/1722 1594/205/204 1661/1740/1723
f 1661/1740/1723 1594/205/204 1662/203/202
f 1661/1740/1723 1662/203/202 1618/201/200
f 1545/217/216 1546/215/214 1504/1741/1724
f 1504/1741/1724 1546/215/214 1503/1736/1719
f 1504/1741/1724 1503/1736/1719 1550/1742/1725
f 1550/1742/1725 1503/1736/1719 1549/1737/1720
f 1550/1742/1725 1549/1737/1720 1573/1743/1726
f 1573/1743/1726 1549/1737/1720 1572/1738/1721
f 1573/1743/1726 1572/1738/1721 1596/1744/1727
f 1596/1744/1727 1572/1738/1721 1595/1739/1722
f 1596/1744/1727 1595/1739/1722 1660/1745/1728
f 1660/1745/1728 1595/1739/1722 1661/1740/1723
f 1660/1745/1728 1661/1740/1723 1619/1746/1729
f 1619/1746/1729 1661/1740/1723 1618/201/200
f 1619/1746/1729 1618/201/200 1665/199/198
f 1544/219/218 1545/217/216 1505/1747/1730
f 1505/1747/1730 1545/217/216 1504/1741/1724
f 1505/1747/1730 1504/1741/1724 1551/1748/1731
f 1551/1748/1731 1504/1741/1724 1550/1742/1725
f 1551/1748/1731 1550/1742/1725 1574/1749/1732
f 1574/1749/1732 1550/1742/1725 1573/1743/1726
f 1574/1749/1732 1573/1743/1726 1597/1750/1733
f 1597/1750/1733 1573/1743/1726 1596/1744/1727
f 1597/1750/1733 1596/1744/1727 1659/1751/1734
f 1659/1751/1734 1596/1744/1727 1660/1745/1728
f 1659/1751/1734 1660/1745/1728 1620/1752/1735
f 1620/1752/1735 1660/1745/1728 1619/1746/1729
f 1620/1752/1735 1619/1746/1729 1666/1753/1736
f 1666/1753/1736 1619/1746/1729 1665/199/198
f 1666/1753/1736 1665/199/198 1689/197/196
f 1543/221/220 1544/219/218 1506/1754/1737
f 1506/1754/1737 1544/219/218 1505/1747/1730
f 1506/1754/1737 1505/1747/1730 1552/1755/1738
f 1552/1755/1738 1505/1747/1730 1551/1748/1731
f 1552/1755/1738 1551/1748/1731 1575/1756/1739
f 1575/1756/1739 1551/1748/1731 1574/1749/1732
f 1575/1756/1739 1574/1749/1732 1598/1757/1740
f 1598/1757/1740 1574/1749/1732 1597/1750/1733
f 1598/1757/1740 1597/1750/1733 1658/1758/1741
f 1658/1758/1741 1597/1750/1733 1659/1751/1734
f 1658/1758/1741 1659/1751/1734 1621/1759/1742
f 1621/1759/1742 1659/1751/1734 1620/1752/1735
f 1621/1759/1742 1620/1752/1735 1667/1760/1743
f 1667/1760/1743 1620/1752/1735 1666/1753/1736
f 1667/1760/1743 1666/1753/1736 1690/1761/1744
f 1690/1761/1744 1666/1753/1736 1689/197/196
f 1690/1761/1744 1689/197/196 1713/195/194
f 1542/223/222 1543/221/220 1507/1762/1745
f 1507/1762/1745 1543/221/220 1506/1754/1737
f 1507/1762/1745 1506/1754/1737 1553/1763/1746
f 1553/1763/1746 1506/1754/1737 1552/1755/1738
f 1553/1763/1746 1552/1755/1738 1576/1764/1747
f 1576/1764/1747 1552/1755/1738 1575/1756/1739
f 1576/1764/1747 1575/1756/1739 1599/1765/1748
f 1599/1765/1748 1575/1756/1739 1598/1757/1740
f 1599/1765/1748 1598/1757/1740 1657/1766/1749
f 1657/1766/1749 1598/1757/1740 1658/1758/1741
f 1657/1766/1749 1658/1758/1741 1622/1767/1750
f 1622/1767/1750 1658/1758/1741 1621/1759/1742
f 1622/1767/1750 1621/1759/1742 1668/1768/1751
f 1668/1768/1751 1621/1759/1742 1667/1760/1743
f 1668/1768/1751 1667/1760/1743 1691/1769/1752
f 1691/1769/1752 1667/1760/1743 1690/1761/1744
f 1691/1769/1752 1690/1761/1744 1714/1770/1753
f 1714/1770/1753 1690/1761/1744 1713/195/194
f 1714/1770/1753 1713/195/194 1772/193/192
f 1541/225/224 1542/223/222 1508/1771/1754
f 1508/1771/1754 1542/223/222 1507/1762/1745
f 1508/1771/1754 1507/1762/1745 1554/1772/1755
f 1554/1772/1755 1507/1762/1745 1553/1763/1746
f 1554/1772/1755 1553/1763/1746 1577/1773/1756
f 1577/1773/1756 1553/1763/1746 1576/1764/1747
f 1577/1773/1756 1576/1764/1747 1600/1774/1757
f 1600/1774/1757 1576/1764/1747 1599/1765/1748
f 1600/1774/1757 1599/1765/1748 1656/1775/1758
f 1656/1775/1758 1599/1765/1748 1657/1766/1749
f 1656/1775/1758 1657/1766/1749 1623/1776/1759
f 1623/1776/1759 1657/1766/1749 1622/1767/1750
f 1623/1776/1759 1622/1767/1750 1669/1777/1760
f 1669/1777/1760 1622/1767/1750 1668/1768/1751
f 1669/1777/1760 1668/1768/1751 1692/1778/1761
f 1692/1778/1761 1668/1768/1751 1691/1769/1752
f 1692/1778/1761 1691/1769/1752 1715/1779/1762
f 1715/1779/1762 1691/1769/1752 1714/1770/1753
f 1715/1779/1762 1714/1770/1753 1771/1780/1763
f 1771/1780/1763 1714/1770/1753 1772/193/192
f 1771/1780/1763 1772/193/192 1738/191/190
f 1540/227/226 1541/225/224 1509/1781/1764
f 1509/1781/1764 1541/225/224 1508/1771/1754
f 1509/1781/1764 1508/1771/1754 1555/1782/1765
f 1555/1782/1765 1508/1771/1754 1554/1772/1755
f 1555/1782/1765 1554/1772/1755 1578/1783/1766
f 1578/1783/1766 1554/1772/1755 1577/1773/1756
f 1578/1783/1766 1577/1773/1756 1601/1784/1767
f 1601/1784/1767 1577/1773/1756 1600/1774/1757
f 1601/1784/1767 1600/1774/1757 1655/1785/1768
f 1655/1785/1768 1600/1774/1757 1656/1775/1758
f 1655/1785/1768 1656/1775/1758 1624/1786/1769
f 1624/1786/1769 1656/1775/1758 1623/1776/1759
f 1624/1786/1769 1623/1776/1759 1670/1787/1770
f 1670/1787/1770 1623/1776/1759 1669/1777/1760
f 1670/1787/1770 1669/1777/1760 1693/1788/1771
f 1693/1788/1771 1669/1777/1760 1692/1778/1761
f 1693/1788/1771 1692/1778/1761 1716/1789/1772
f 1716/1789/1772 1692/1778/1761 1715/1779/1762
f 1716/1789/1772 1715/1779/1762 1770/1790/1773
f 1770/1790/1773 1715/1779/1762 1771/1780/1763
f 1770/1790/1773 1771/1780/1763 1739/1791/1774
f 1739/1791/1774 1771/1780/1763 1738/191/190
f 1739/1791/1774 1738/191/190 1785/189/188
f 1539/229/228 1540/227/226 1510/1792/1775
f 1510/1792/1775 1540/227/226 1509/1781/1764
f 1510/1792/1775 1509/1781/1764 1556/1793/1776
f 1556/1793/1776 1509/1781/1764 1555/1782/1765
f 1556/1793/1776 1555/1782/1765 1579/1794/1777
f 1579/1794/1777 1555/1782/1765 1578/1783/1766
f 1579/1794/1777 1578/1783/1766 1602/1795/1778
f 1602/1795/1778 1578/1783/1766 1601/1784/1767
f 1602/1795/1778 1601/1784/1767 1654/1796/1779
f 1654/1796/1779 1601/1784/1767 1655/1785/1768
f 1654/1796/1779 1655/1785/1768 1625/1797/1780
f 1625/1797/1780 1655/1785/1768 1624/1786/1769
f 1625/1797/1780 1624/1786/1769 1671/1798/1781
f 1671/1798/1781 1624/1786/1769 1670/1787/1770
f 1671/1798/1781 1670/1787/1770 1694/1799/1782
f 1694/1799/1782 1670/1787/1770 1693/1788/1771
f 1694/1799/1782 1693/1788/1771 1717/1800/1783
f 1717/1800/1783 1693/1788/1771 1716/1789/1772
f 1717/1800/1783 1716/1789/1772 1769/1801/1784
f 1769/1801/1784 1716/1789/1772 1770/1790/1773
f 1769/1801/1784 1770/1790/1773 1740/1802/1785
f 1740/1802/1785 1770/1790/1773 1739/1791/1774
f 1740/1802/1785 1739/1791/1774 1786/1803/1786
f 1786/1803/1786 1739/1791/1774 1785/189/188
f 1786/1803/1786 1785/189/188 1809/187/186
f 1538/231/230 1539/229/228 1511/1804/1787
f 1511/1804/1787 1539/229/228 1510/1792/1775
f 1511/1804/1787 1510/1792/1775 1557/1805/1788
f 1557/1805/1788 1510/1792/1775 1556/1793/1776
f 1557/1805/1788 1556/1793/1776 1580/1806/1789
f 1580/1806/1789 1556/1793/1776 1579/1794/1777
f 1580/1806/1789 1579/1794/1777 1603/1807/1790
f 1603/1807/1790 1579/1794/1777 1602/1795/1778
f 1603/1807/1790 1602/1795/1778 1653/1808/1791
f 1653/1808/1791 1602/1795/1778 1654/1796/1779
f 1653/1808/1791 1654/1796/1779 1626/1809/1792
f 1626/1809/1792 1654/1796/1779 1625/1797/1780
f 1626/1809/1792 1625/1797/1780 1672/1810/1793
f 1672/1810/1793 1625/1797/1780 1671/1798/1781
f 1672/1810/1793 1671/1798/1781 1695/1811/1794
f 1695/1811/1794 1671/1798/1781 1694/1799/1782
f 1695/1811/1794 1694/1799/1782 1718/1812/1795
f 1718/1812/1795 1694/1799/1782 1717/1800/1783
f 1718/1812/1795 1717/1800/1783 1768/1813/1796
f 1768/1813/1796 1717/1800/1783 1769/1801/1784
f 1768/1813/1796 1769/1801/1784 1741/1814/1797
f 1741/1814/1797 1769/1801/1784 1740/1802/1785
f 1741/1814/1797 1740/1802/1785 1787/1815/1798
f 1787/1815/1798 1740/1802/1785 1786/1803/1786
f 1787/1815/1798 1786/1803/1786 1810/1816/1799
f 1810/1816/1799 1786/1803/1786 1809/187/186
f 1810/1816/1799 1809/187/186 1833/185/184
f 1537/233/232 1538/231/230 1512/1817/1800
f 1512/1817/1800 1538/231/230 1511/1804/1787
f 1512/1817/1800 1511/1804/1787 1558/1818/1801
f 1558/1818/1801 1511/1804/1787 1557/1805/1788
f 1558/1818/1801 1557/1805/1788 1581/1819/1802
f 1581/1819/1802 1557/1805/1788 1580/1806/1789
f 1581/1819/1802 1580/1806/1789 1604/1820/1803
f 1604/1820/1803 1580/1806/1789 1603/1807/1790
f 1604/1820/1803 1603/1807/1790 1652/1821/1804
f 1652/1821/1804 1603/1807/1790 1653/1808/1791
f 1652/1821/1804 1653/1808/1791 1627/1822/1805
f 1627/1822/1805 1653/1808/1791 1626/1809/1792
f 1627/1822/1805 1626/1809/1792 1673/1823/1806
f 1673/1823/1806 1626/1809/1792 1672/1810/1793
f 1673/1823/1806 1672/1810/1793 1696/1824/1807
f 1696/1824/1807 1672/1810/1793 1695/1811/1794
f 1696/1824/1807 1695/1811/1794 1719/1825/1808
f 1719/1825/1808 1695/1811/1794 1718/1812/1795
f 1719/1825/1808 1718/1812/1795 1767/1826/1809
f 1767/1826/1809 1718/1812/1795 1768/1813/1796
f 1767/1826/1809 1768/1813/1796 1742/1827/1810
f 1742/1827/1810 1768/1813/1796 1741/1814/1797
f 1742/1827/1810 1741/1814/1797 1788/1828/1811
f 1788/1828/1811 1741/1814/1797 1787/1815/1798
f 1788/1828/1811 1787/1815/1798 1811/1829/1812
f 1811/1829/1812 1787/1815/1798 1810/1816/1799
f 1811/1829/1812 1810/1816/1799 1834/1830/1813
f 1834/1830/1813 1810/1816/1799 1833/185/184
f 1834/1830/1813 1833/185/184 1882/183/182
f 1536/235/234 1537/233/232 1513/1831/1814
f 1513/1831/1814 1537/233/232 1512/1817/1800
f 1513/1831/1814 1512/1817/1800 1559/1832/1815
f 1559/1832/1815 1512/1817/1800 1558/1818/1801
f 1559/1832/1815 1558/1818/1801 1582/1833/1816
f 1582/1833/1816 1558/1818/1801 1581/1819/1802
f 1582/1833/1816 1581/1819/1802 1605/1834/1817
f 1605/1834/1817 1581/1819/1802 1604/1820/1803
f 1605/1834/1817 1604/1820/1803 1651/1835/1818
f 1651/1835/1818 1604/1820/1803 1652/1821/1804
f 1651/1835/1818 1652/1821/1804 1628/1836/1819
f 1628/1836/1819 1652/1821/1804 1627/1822/1805
f 1628/1836/1819 1627/1822/1805 1674/1837/1820
f 1674/1837/1820 1627/1822/1805 1673/1823/1806
f 1674/1837/1820 1673/1823/1806 1697/1838/1821
f 1697/1838/1821 1673/1823/1806 1696/1824/1807
f 1697/1838/1821 1696/1824/1807 1720/1839/1822
f 1720/1839/1822 1696/1824/1807 1719/1825/1808
f 1720/1839/1822 1719/1825/1808 1766/1840/1823
f 1766/1840/1823 1719/1825/1808 1767/1826/1809
f 1766/1840/1823 1767/1826/1809 1743/1841/1824
f 1743/1841/1824 1767/1826/1809 1742/1827/1810
f 1743/1841/1824 1742/1827/1810 1789/1842/1825
f 1789/1842/1825 1742/1827/1810 1788/1828/1811
f 1789/1842/1825 1788/1828/1811 1812/1843/1826
f 1812/1843/1826 1788/1828/1811 1811/1829/1812
f 1812/1843/1826 1811/1829/1812 1835/1844/1827
f 1835/1844/1827 1811/1829/1812 1834/1830/1813
f 1835/1844/1827 1834/1830/1813 1881/1845/1828
f 1881/1845/1828 1834/1830/1813 1882/183/182
f 1881/1845/1828 1882/183/182 1858/181/180
f 1535/237/236 1536/235/234 1514/1846/1829
f 1514/1846/1829 1536/235/234 1513/1831/1814
f 1514/1846/1829 1513/1831/1814 1560/1847/1830
f 1560/1847/1830 1513/1831/1814 1559/1832/1815
f 1560/1847/1830 1559/1832/1815 1583/1848/1831
f 1583/1848/1831 1559/1832/1815 1582/1833/1816
f 1583/1848/1831 1582/1833/1816 1606/1849/1832
f 1606/1849/1832 1582/1833/1816 1605/1834/1817
f 1606/1849/1832 1605/1834/1817 1650/1850/1833
f 1650/1850/1833 1605/1834/1817 1651/1835/1818
f 1650/1850/1833 1651/1835/1818 1629/1851/1834
f 1629/1851/1834 1651/1835/1818 1628/1836/1819
f 1629/1851/1834 1628/1836/1819 1675/1852/1835
f 1675/1852/1835 1628/1836/1819 1674/1837/1820
f 1675/1852/1835 1674/1837/1820 1698/1853/1836
f 1698/1853/1836 1674/1837/1820 1697/1838/1821
f 1698/1853/1836 1697/1838/1821 1721/1854/1837
f 1721/1854/1837 1697/1838/1821 1720/1839/1822
f 1721/1854/1837 1720/1839/1822 1765/1855/1838
f 1765/1855/1838 1720/1839/1822 1766/1840/1823
f 1765/1855/1838 1766/1840/1823 1744/1856/1839
f 1744/1856/1839 1766/1840/1823 1743/1841/1824
f 1744/1856/1839 1743/1841/1824 1790/1857/1840
f 1790/1857/1840 1743/1841/1824 1789/1842/1825
f 1790/1857/1840 1789/1842/1825 1813/1858/1841
f 1813/1858/1841 1789/1842/1825 1812/1843/1826
f 1813/1858/1841 1812/1843/1826 1836/1859/1842
f 1836/1859/1842 1812/1843/1826 1835/1844/1827
f 1836/1859/1842 1835/1844/1827 1880/1860/1843
f 1880/1860/1843 1835/1844/1827 1881/1845/1828
f 1880/1860/1843 1881/1845/1828 1859/1861/1844
f 1859/1861/1844 1881/1845/1828 1858/181/180
f 1859/1861/1844 1858/181/180 1905/179/178
f 1534/239/238 1535/237/236 1515/1862/1845
f 1515/1862/1845 1535/237/236 1514/1846/1829
f 1515/1862/1845 1514/1846/1829 1561/1863/1846
f 1561/1863/1846 1514/1846/1829 1560/1847/1830
f 1561/1863/1846 1560/1847/1830 1584/1864/1847
f 1584/1864/1847 1560/1847/1830 1583/1848/1831
f 1584/1864/1847 1583/1848/1831 1607/1865/1848
f 1607/1865/1848 1583/1848/1831 1606/1849/1832
f 1607/1865/1848 1606/1849/1832 1649/1866/1849
f 1649/1866/1849 1606/1849/1832 1650/1850/1833
f 1649/1866/1849 1650/1850/1833 1630/1867/1850
f 1630/1867/1850 1650/1850/1833 1629/1851/1834
f 1630/1867/1850 1629/1851/1834 1676/1868/1851
f 1676/1868/1851 1629/1851/1834 1675/1852/1835
f 1676/1868/1851 1675/1852/1835 1699/1869/1852
f 1699/1869/1852 1675/1852/1835 1698/1853/1836
f 1699/1869/1852 1698/1853/1836 1722/1870/1853
f 1722/1870/1853 1698/1853/1836 1721/1854/1837
f 1722/1870/1853 1721/1854/1837 1764/1871/1854
f 1764/1871/1854 1721/1854/1837 1765/1855/1838
f 1764/1871/1854 1765/1855/1838 1745/1872/1855
f 1745/1872/1855 1765/1855/1838 1744/1856/1839
f 1745/1872/1855 1744/1856/1839 1791/1873/1856
f 1791/1873/1856 1744/1856/1839 1790/1857/1840
f 1791/1873/1856 1790/1857/1840 1814/1874/1857
f 1814/1874/1857 1790/1857/1840 1813/1858/1841
f 1814/1874/1857 1813/1858/1841 1837/1875/1858
f 1837/1875/1858 1813/1858/1841 1836/1859/1842
f 1837/1875/1858 1836/1859/1842 1879/1876/1859
f 1879/1876/1859 1836/1859/1842 1880/1860/1843
f 1879/1876/1859 1880/1860/1843 1860/1877/1860
f 1860/1877/1860 1880/1860/1843 1859/1861/1844
f 1860/1877/1860 1859/1861/1844 1906/1878/1861
f 1906/1878/1861 1859/1861/1844 1905/179/178
f 1906/1878/1861 1905/179/178 1929/177/176
f 1533/241/240 1534/239/238 1516/1879/1862
f 1516/1879/1862 1534/239/238 1515/1862/1845
f 1516/1879/1862 1515/1862/1845 1562/1880/1863
f 1562/1880/1863 1515/1862/1845 1561/1863/1846
f 1562/1880/1863 1561/1863/1846 1585/1881/1864
f 1585/1881/1864 1561/1863/1846 1584/1864/1847
f 1585/1881/1864 1584/1864/1847 1608/1882/1865
f 1608/1882/1865 1584/1864/1847 1607/1865/1848
f 1608/1882/1865 1607/1865/1848 1648/1883/1866
f 1648/1883/1866 1607/1865/1848 1649/1866/1849
f 1648/1883/1866 1649/1866/1849 1631/1884/1867
f 1631/1884/1867 1649/1866/1849 1630/1867/1850
f 1631/1884/1867 1630/1867/1850 1677/1885/1868
f 1677/1885/1868 1630/1867/1850 1676/1868/1851
f 1677/1885/1868 1676/1868/1851 1700/1886/1869
f 1700/1886/1869 1676/1868/1851 1699/1869/1852
f 1700/1886/1869 1699/1869/1852 1723/1887/1870
f 1723/1887/1870 1699/1869/1852 1722/1870/1853
f 1723/1887/1870 1722/1870/1853 1763/1888/1871
f 1763/1888/1871 1722/1870/1853 1764/1871/1854
f 1763/1888/1871 1764/1871/1854 1746/1889/1872
f 1746/1889/1872 1764/1871/1854 1745/1872/1855
f 1746/1889/1872 1745/1872/1855 1792/1890/1873
f 1792/1890/1873 1745/1872/1855 1791/1873/1856
f 1792/1890/1873 1791/1873/1856 1815/1891/1874
f 1815/1891/1874 1791/1873/1856 1814/1874/1857
f 1815/1891/1874 1814/1874/1857 1838/1892/1875
f 1838/1892/1875 1814/1874/1857 1837/1875/1858
f 1838/1892/1875 1837/1875/1858 1878/1893/1876
f 1878/1893/1876 1837/1875/1858 1879/1876/1859
f 1878/1893/1876 1879/1876/1859 1861/1894/1877
f 1861/1894/1877 1879/1876/1859 1860/1877/1860
f 1861/1894/1877 1860/1877/1860 1907/1895/1878
f 1907/1895/1878 1860/1877/1860 1906/1878/1861
f 1907/1895/1878 1906/1878/1861 1930/1896/1879
f 1930/1896/1879 1906/1878/1861 1929/177/176
f 1930/1896/1879 1929/177/176 1953/175/174
f 1532/243/242 1533/241/240 1517/1897/1880
f 1517/1897/1880 1533/241/240 1516/1879/1862
f 1517/1897/1880 1516/1879/1862 1563/1898/1881
f 1563/1898/1881 1516/1879/1862 1562/1880/1863
f 1563/1898/1881 1562/1880/1863 1586/1899/1882
f 1586/1899/1882 1562/1880/1863 1585/1881/1864
f 1586/1899/1882 1585/1881/1864 1609/1900/1883
f 1609/1900/1883 1585/1881/1864 1608/1882/1865
f 1609/1900/1883 1608/1882/1865 1647/1901/1884
f 1647/1901/1884 1608/1882/1865 1648/1883/1866
f 1647/1901/1884 1648/1883/1866 1632/1902/1885
f 1632/1902/1885 1648/1883/1866 1631/1884/1867
f 1632/1902/1885 1631/1884/1867 1678/1903/1886
f 1678/1903/1886 1631/1884/1867 1677/1885/1868
f 1678/1903/1886 1677/1885/1868 1701/1904/1887
f 1701/1904/1887 1677/1885/1868 1700/1886/1869
f 1701/1904/1887 1700/1886/1869 1724/1905/1888
f 1724/1905/1888 1700/1886/1869 1723/1887/1870
f 1724/1905/1888 1723/1887/1870 1762/1906/1889
f 1762/1906/1889 1723/1887/1870 1763/1888/1871
f 1762/1906/1889 1763/1888/1871 1747/1907/1890
f 1747/1907/1890 1763/1888/1871 1746/1889/1872
f 1747/1907/1890 1746/1889/1872 1793/1908/1891
f 1793/1908/1891 1746/1889/1872 1792/1890/1873
f 1793/1908/1891 1792/1890/1873 1816/1909/1892
f 1816/1909/1892 1792/1890/1873 1815/1891/1874
f 1816/1909/1892 1815/1891/1874 1839/1910/1893
f 1839/1910/1893 1815/1891/1874 1838/1892/1875
f 1839/1910/1893 1838/1892/1875 1877/1911/1894
f 1877/1911/1894 1838/1892/1875 1878/1893/1876
f 1877/1911/1894 1878/1893/1876 1862/1912/1895
f 1862/1912/1895 1878/1893/1876 1861/1894/1877
f 1862/1912/1895 1861/1894/1877 1908/1913/1896
f 1908/1913/1896 1861/1894/1877 1907/1895/1878
f 1908/1913/1896 1907/1895/1878 1931/1914/1897
f 1931/1914/1897 1907/1895/1878 1930/1896/1879
f 1931/1914/1897 1930/1896/1879 1954/173/172
f 1954/173/172 1930/1896/1879 1953/175/174
f 1531/245/244 1532/243/242 1518/1915/1898
f 1518/1915/1898 1532/243/242 1517/1897/1880
f 1518/1915/1898 1517/1897/1880 1564/1916/1899
f 1564/1916/1899 1517/1897/1880 1563/1898/1881
f 1564/1916/1899 1563/1898/1881 1587/1917/1900
f 1587/1917/1900 1563/1898/1881 1586/1899/1882
f 1587/1917/1900 1586/1899/1882 1610/1918/1901
f 1610/1918/1901 1586/1899/1882 1609/1900/1883
f 1610/1918/1901 1609/1900/1883 1646/1919/1902
f 1646/1919/1902 1609/1900/1883 1647/1901/1884
f 1646/1919/1902 1647/1901/1884 1633/1920/1903
f 1633/1920/1903 1647/1901/1884 1632/1902/1885
f 1633/1920/1903 1632/1902/1885 1679/1921/1904
f 1679/1921/1904 1632/1902/1885 1678/1903/1886
f 1679/1921/1904 1678/1903/1886 1702/1922/1905
f 1702/1922/1905 1678/1903/1886 1701/1904/1887
f 1702/1922/1905 1701/1904/1887 1725/1923/1906
f 1725/1923/1906 1701/1904/1887 1724/1905/1888
f 1725/1923/1906 1724/1905/1888 1761/1924/1907
f 1761/1924/1907 1724/1905/1888 1762/1906/1889
f 1761/1924/1907 1762/1906/1889 1748/1925/1908
f 1748/1925/1908 1762/1906/1889 1747/1907/1890
f 1748/1925/1908 1747/1907/1890 1794/1926/1909
f 1794/1926/1909 1747/1907/1890 1793/1908/1891
f 1794/1926/1909 1793/1908/1891 1817/1927/1910
f 1817/1927/1910 1793/1908/1891 1816/1909/1892
f 1817/1927/1910 1816/1909/1892 1840/1928/1911
f 1840/1928/1911 1816/1909/1892 1839/1910/1893
f 1840/1928/1911 1839/1910/1893 1876/1929/1912
f 1876/1929/1912 1839/1910/1893 1877/1911/1894
f 1876/1929/1912 1877/1911/1894 1863/1930/1913
f 1863/1930/1913 1877/1911/1894 1862/1912/1895
f 1863/1930/1913 1862/1912/1895 1909/1931/1914
f 1909/1931/1914 1862/1912/1895 1908/1913/1896
f 1909/1931/1914 1908/1913/1896 1932/1932/1915
f 1932/1932/1915 1908/1913/1896 1931/1914/1897
f 1932/1932/1915 1931/1914/1897 1955/171/170
f 1955/171/170 1931/1914/1897 1954/173/172
f 1530/130/130 1531/245/244 1519/132/132
f 1519/132/132 1531/245/244 1518/1915/1898
f 1519/132/132 1518/1915/1898 1565/134/134
f 1565/134/134 1518/1915/1898 1564/1916/1899
f 1565/134/134 1564/1916/1899 1588/136/136
f 1588/136/136 1564/1916/1899 1587/1917/1900
f 1588/136/136 1587/1917/1900 1611/138/138
f 1611/138/138 1587/1917/1900 1610/1918/1901
f 1611/138/138 1610/1918/1901 1645/140/140
f 1645/140/140 1610/1918/1901 1646/1919/1902
f 1645/140/140 1646/1919/1902 1634/142/142
f 1634/142/142 1646/1919/1902 1633/1920/1903
f 1634/142/142 1633/1920/1903 1680/144/144
f 1680/144/144 1633/1920/1903 1679/1921/1904
f 1680/144/144 1679/1921/1904 1703/146/146
f 1703/146/146 1679/1921/1904 1702/1922/1905
f 1703/146/146 1702/1922/1905 1726/148/148
f 1726/148/148 1702/1922/1905 1725/1923/1906
f 1726/148/148 1725/1923/1906 1760/150/150
f 1760/150/150 1725/1923/1906 1761/1924/1907
f 1760/150/150 1761/1924/1907 1749/152/152
f 1749/152/152 1761/1924/1907 1748/1925/1908
f 1749/152/152 1748/1925/1908 1795/154/154
f 1795/154/154 1748/1925/1908 1794/1926/1909
f 1795/154/154 1794/1926/1909 1818/156/156
f 1818/156/156 1794/1926/1909 1817/1927/1910
f 1818/156/156 1817/1927/1910 1841/158/158
f 1841/158/158 1817/1927/1910 1840/1928/1911
f 1841/158/158 1840/1928/1911 1875/160/160
f 1875/160/160 1840/1928/1911 1876/1929/1912
f 1875/160/160 1876/1929/1912 1864/162/162
f 1864/162/162 1876/1929/1912 1863/1930/1913
f 1864/162/162 1863/1930/1913 1910/164/164
f 1910/164/164 1863/1930/1913 1909/1931/1914
f 1910/164/164 1909/1931/1914 1933/166/166
f 1933/166/166 1909/1931/1914 1932/1932/1915
f 1933/166/166 1932/1932/1915 1956/168/168
f 1956/168/168 1932/1932/1915 1955/171/170
f 1567/1100/1083 1520/131/131 1566/133/133
f 1567/1100/1083 1566/133/133 1590/1933/1916
f 1590/1933/1916 1566/133/133 1589/135/135
f 1590/1933/1916 1589/135/135 1613/1934/1917
f 1613/1934/1917 1589/135/135 1612/137/137
f 1613/1934/1917 1612/137/137 1643/1935/1918
f 1643/1935/1918 1612/137/137 1644/139/139
f 1643/1935/1918 1644/139/139 1636/1936/1919
f 1636/1936/1919 1644/139/139 1635/141/141
f 1636/1936/1919 1635/141/141 1682/1085/1068
f 1567/1100/1083 1590/1933/1916 1591/1098/1081
f 1591/1098/1081 1590/1933/1916 1614/1937/1920
f 1591/1098/1081 1614/1937/1920 1615/1096/1079
f 1615/1096/1079 1614/1937/1920 1641/1938/1921
f 1615/1096/1079 1641/1938/1921 1640/1094/1077
f 1640/1094/1077 1641/1938/1921 1639/1092/1075
f 1614/1937/1920 1590/1933/1916 1613/1934/1917
f 1614/1937/1920 1613/1934/1917 1642/1939/1922
f 1642/1939/1922 1613/1934/1917 1643/1935/1918
f 1642/1939/1922 1643/1935/1918 1637/1940/1923
f 1637/1940/1923 1643/1935/1918 1636/1936/1919
f 1637/1940/1923 1636/1936/1919 1683/1941/1924
f 1683/1941/1924 1636/1936/1919 1682/1085/1068
f 1683/1941/1924 1682/1085/1068 1706/1084/1067
f 1637/1940/1923 1638/1942/1925 1642/1939/1922
f 1642/1939/1922 1638/1942/1925 1641/1938/1921
f 1642/1939/1922 1641/1938/1921 1614/1937/1920
f 1685/1090/1073 1639/1092/1075 1638/1942/1925
f 1638/1942/1925 1639/1092/1075 1641/1938/1921
f 1638/1942/1925 1637/1940/1923 1684/1943/1926
f 1684/1943/1926 1637/1940/1923 1683/1941/1924
f 1684/1943/1926 1683/1941/1924 1707/1944/1927
f 1707/1944/1927 1683/1941/1924 1706/1084/1067
f 1707/1944/1927 1706/1084/1067 1730/1083/1066
f 1708/1088/1071 1685/1090/1073 1684/1943/1926
f 1684/1943/1926 1685/1090/1073 1638/1942/1925
f 1708/1088/1071 1684/1943/1926 1707/1944/1927
f 1731/1086/1069 1708/1088/1071 1707/1944/1927
f 1731/1086/1069 1707/1944/1927 1730/1083/1066
f 1755/1082/1065 1731/1086/1069 1730/1083/1066
f 1777/992/986 1732/1003/996 1733/993/987
f 1733/993/987 1732/1003/996 1779/1945/1928
f 1733/993/987 1779/1945/1928 1780/994/988
f 1780/994/988 1779/1945/1928 1803/1946/1929
f 1780/994/988 1803/1946/1929 1804/995/989
f 1804/995/989 1803/1946/1929 1827/1947/1930
f 1804/995/989 1827/1947/1930 1828/996/990
f 1828/996/990 1827/1947/1930 1888/1948/1931
f 1828/996/990 1888/1948/1931 1887/997/991
f 1887/997/991 1888/1948/1931 1852/1949/1932
f 1887/997/991 1852/1949/1932 1853/998/992
f 1853/998/992 1852/1949/1932 1899/1027/1018
f 1797/1064/1047 1750/151/151 1796/153/153
f 1732/1003/996 1778/1005/998 1779/1945/1928
f 1779/1945/1928 1778/1005/998 1802/1950/1933
f 1779/1945/1928 1802/1950/1933 1803/1946/1929
f 1803/1946/1929 1802/1950/1933 1826/1951/1934
f 1803/1946/1929 1826/1951/1934 1827/1947/1930
f 1827/1947/1930 1826/1951/1934 1889/1952/1935
f 1827/1947/1930 1889/1952/1935 1888/1948/1931
f 1888/1948/1931 1889/1952/1935 1851/1953/1936
f 1888/1948/1931 1851/1953/1936 1852/1949/1932
f 1852/1949/1932 1851/1953/1936 1898/1954/1937
f 1852/1949/1932 1898/1954/1937 1899/1027/1018
f 1899/1027/1018 1898/1954/1937 1922/1025/1016
f 1797/1064/1047 1796/153/153 1820/1955/1938
f 1820/1955/1938 1796/153/153 1819/155/155
f 1820/1955/1938 1819/155/155 1843/1956/1939
f 1843/1956/1939 1819/155/155 1842/157/157
f 1843/1956/1939 1842/157/157 1873/1957/1940
f 1873/1957/1940 1842/157/157 1874/159/159
f 1873/1957/1940 1874/159/159 1866/1958/1941
f 1866/1958/1941 1874/159/159 1865/161/161
f 1866/1958/1941 1865/161/161 1912/1959/1942
f 1912/1959/1942 1865/161/161 1911/163/163
f 1912/1959/1942 1911/163/163 1935/1960/1943
f 1935/1960/1943 1911/163/163 1934/165/165
f 1935/1960/1943 1934/165/165 1958/1042/1029
f 1958/1042/1029 1934/165/165 1957/167/167
f 1778/1005/998 1801/1007/1000 1802/1950/1933
f 1802/1950/1933 1801/1007/1000 1825/1961/1944
f 1802/1950/1933 1825/1961/1944 1826/1951/1934
f 1826/1951/1934 1825/1961/1944 1890/1962/1945
f 1826/1951/1934 1890/1962/1945 1889/1952/1935
f 1889/1952/1935 1890/1962/1945 1850/1963/1946
f 1889/1952/1935 1850/1963/1946 1851/1953/1936
f 1851/1953/1936 1850/1963/1946 1897/1964/1947
f 1851/1953/1936 1897/1964/1947 1898/1954/1937
f 1898/1954/1937 1897/1964/1947 1921/1965/1948
f 1898/1954/1937 1921/1965/1948 1922/1025/1016
f 1922/1025/1016 1921/1965/1948 1945/1023/1014
f 1797/1064/1047 1820/1955/1938 1821/1062/1045
f 1821/1062/1045 1820/1955/1938 1844/1966/1949
f 1821/1062/1045 1844/1966/1949 1845/1060/1043
f 1845/1060/1043 1844/1966/1949 1871/1967/1950
f 1845/1060/1043 1871/1967/1950 1870/1058/1041
f 1870/1058/1041 1871/1967/1950 1869/1056/1039
f 1844/1966/1949 1820/1955/1938 1843/1956/1939
f 1801/1007/1000 1824/1009/1002 1825/1961/1944
f 1825/1961/1944 1824/1009/1002 1891/1968/1951
f 1825/1961/1944 1891/1968/1951 1890/1962/1945
f 1890/1962/1945 1891/1968/1951 1849/1969/1952
f 1890/1962/1945 1849/1969/1952 1850/1963/1946
f 1850/1963/1946 1849/1969/1952 1896/1970/1953
f 1850/1963/1946 1896/1970/1953 1897/1964/1947
f 1897/1964/1947 1896/1970/1953 1920/1971/1954
f 1897/1964/1947 1920/1971/1954 1921/1965/1948
f 1921/1965/1948 1920/1971/1954 1944/1021/1013
f 1921/1965/1948 1944/1021/1013 1945/1023/1014
f 1844/1966/1949 1843/1956/1939 1872/1972/1955
f 1872/1972/1955 1843/1956/1939 1873/1957/1940
f 1872/1972/1955 1873/1957/1940 1867/1973/1956
f 1867/1973/1956 1873/1957/1940 1866/1958/1941
f 1867/1973/1956 1866/1958/1941 1913/1974/1957
f 1913/1974/1957 1866/1958/1941 1912/1959/1942
f 1913/1974/1957 1912/1959/1942 1936/1975/1958
f 1936/1975/1958 1912/1959/1942 1935/1960/1943
f 1936/1975/1958 1935/1960/1943 1959/1044/1030
f 1959/1044/1030 1935/1960/1943 1958/1042/1029
f 1892/1011/1004 1848/1013/1006 1891/1968/1951
f 1891/1968/1951 1848/1013/1006 1849/1969/1952
f 1896/1970/1953 1849/1969/1952 1895/1015/1008
f 1895/1015/1008 1849/1969/1952 1848/1013/1006
f 1867/1973/1956 1868/1976/1959 1872/1972/1955
f 1872/1972/1955 1868/1976/1959 1871/1967/1950
f 1872/1972/1955 1871/1967/1950 1844/1966/1949
f 1915/1054/1037 1869/1056/1039 1868/1976/1959
f 1868/1976/1959 1869/1056/1039 1871/1967/1950
f 1868/1976/1959 1867/1973/1956 1914/1977/1960
f 1914/1977/1960 1867/1973/1956 1913/1974/1957
f 1914/1977/1960 1913/1974/1957 1937/1978/1961
f 1937/1978/1961 1913/1974/1957 1936/1975/1958
f 1937/1978/1961 1936/1975/1958 1960/1046/1031
f 1960/1046/1031 1936/1975/1958 1959/1044/1030
f 1824/1009/1002 1892/1011/1004 1891/1968/1951
f 1920/1971/1954 1896/1970/1953 1919/1017/1010
f 1919/1017/1010 1896/1970/1953 1895/1015/1008
f 1938/1052/1035 1915/1054/1037 1914/1977/1960
f 1914/1977/1960 1915/1054/1037 1868/1976/1959
f 1938/1052/1035 1914/1977/1960 1937/1978/1961
f 1944/1021/1013 1920/1971/1954 1943/1019/1012
f 1943/1019/1012 1920/1971/1954 1919/1017/1010
f 1961/1048/1032 1938/1052/1035 1937/1978/1961
f 1961/1048/1032 1937/1978/1961 1960/1046/1031
f 81/1979/1962 1/1980/1963 1962/1981/1964
f 1962/1981/1964 1/1980/1963 2126/1982/1965
f 1962/1981/1964 2126/1982/1965 1963/1983/1966
f 1963/1983/1966 2126/1982/1965 2193/1984/1967
f 1963/1983/1966 2193/1984/1967 1964/1985/1968
f 1964/1985/1968 2193/1984/1967 2260/1986/1969
f 1964/1985/1968 2260/1986/1969 1965/1987/1970
f 1965/1987/1970 2260/1986/1969 2327/1988/1971
f 1965/1987/1970 2327/1988/1971 1966/1989/1972
f 1966/1989/1972 2327/1988/1971 2394/1990/1973
f 1966/1989/1972 2394/1990/1973 1967/1991/1974
f 1967/1991/1974 2394/1990/1973 2461/1992/1975
f 1967/1991/1974 2461/1992/1975 1968/1993/1976
f 1968/1993/1976 2461/1992/1975 2528/1994/1977
f 1968/1993/1976 2528/1994/1977 1969/1995/1978
f 1969/1995/1978 2528/1994/1977 2595/1996/1979
f 1969/1995/1978 2595/1996/1979 1970/1997/1980
f 1970/1997/1980 2595/1996/1979 2662/1998/1981
f 1970/1997/1980 2662/1998/1981 1971/1999/1982
f 1971/1999/1982 2662/1998/1981 2729/2000/1983
f 1971/1999/1982 2729/2000/1983 1972/2001/1984
f 1972/2001/1984 2729/2000/1983 1973/2002/1985
f 1973/2002/1985 2729/2000/1983 2796/2003/1986
f 1973/2002/1985 2796/2003/1986 1974/2004/1987
f 1974/2004/1987 2796/2003/1986 1975/2005/1988
f 1975/2005/1988 2796/2003/1986 2863/2006/1989
f 1975/2005/1988 2863/2006/1989 1976/2007/1990
f 1976/2007/1990 2863/2006/1989 1977/2008/1991
f 1977/2008/1991 2863/2006/1989 2930/2009/1992
f 1977/2008/1991 2930/2009/1992 1978/2010/1993
f 1978/2010/1993 2930/2009/1992 1979/2011/1994
f 1979/2011/1994 2930/2009/1992 2997/2012/1995
f 1979/2011/1994 2997/2012/1995 1980/2013/1996
f 1980/2013/1996 2997/2012/1995 1981/2014/1997
f 1981/2014/1997 2997/2012/1995 3064/2015/1998
f 1981/2014/1997 3064/2015/1998 1982/2016/1999
f 1982/2016/1999 3064/2015/1998 1983/2017/2000
f 1983/2017/2000 3064/2015/1998 3131/2018/2001
f 1983/2017/2000 3131/2018/2001 1984/2019/2002
f 1984/2019/2002 3131/2018/2001 1985/2020/2003
f 1985/2020/2003 3131/2018/2001 3198/2021/2004
f 1985/2020/2003 3198/2021/2004 1986/2022/2005
f 1986/2022/2005 3198/2021/2004 1987/2023/2006
f 1987/2023/2006 3198/2021/2004 3265/2024/2007
f 1987/2023/2006 3265/2024/2007 1988/2025/2008
f 1988/2025/2008 3265/2024/2007 1989/2026/2009
f 1989/2026/2009 3265/2024/2007 3332/2027/2010
f 1989/2026/2009 3332/2027/2010 1990/2028/2011
f 1990/2028/2011 3332/2027/2010 1991/2029/2012
f 1991/2029/2012 3332/2027/2010 3399/2030/2013
f 1991/2029/2012 3399/2030/2013 1992/2031/2014
f 1992/2031/2014 3399/2030/2013 2059/2032/2015
f 1992/2031/2014 2059/2032/2015 1993/2033/2016
f 1/1980/1963 144/2034/2017 2126/1982/1965
f 2126/1982/1965 144/2034/2017 2125/2035/2018
f 2126/1982/1965 2125/2035/2018 2193/1984/1967
f 2193/1984/1967 2125/2035/2018 2192/2036/2019
f 2193/1984/1967 2192/2036/2019 2260/1986/1969
f 2260/1986/1969 2192/2036/2019 2259/2037/2020
f 2260/1986/1969 2259/2037/2020 2327/1988/1971
f 2327/1988/1971 2259/2037/2020 2326/2038/2021
f 2327/1988/1971 2326/2038/2021 2394/1990/1973
f 2394/1990/1973 2326/2038/2021 2393/2039/2022
f 2394/1990/1973 2393/2039/2022 2461/1992/1975
f 2461/1992/1975 2393/2039/2022 2460/2040/2023
f 2461/1992/1975 2460/2040/2023 2528/1994/1977
f 2528/1994/1977 2460/2040/2023 2527/2041/2024
f 2528/1994/1977 2527/2041/2024 2595/1996/1979
f 2595/1996/1979 2527/2041/2024 2594/2042/2025
f 2595/1996/1979 2594/2042/2025 2662/1998/1981
f 2662/1998/1981 2594/2042/2025 2661/2043/2026
f 2662/1998/1981 2661/2043/2026 2729/2000/1983
f 2729/2000/1983 2661/2043/2026 2728/2044/2027
f 2729/2000/1983 2728/2044/2027 2796/2003/1986
f 2796/2003/1986 2728/2044/2027 2795/2045/2028
f 2796/2003/1986 2795/2045/2028 2863/2006/1989
f 2863/2006/1989 2795/2045/2028 2862/2046/2029
f 2863/2006/1989 2862/2046/2029 2930/2009/1992
f 2930/2009/1992 2862/2046/2029 2929/2047/2030
f 2930/2009/1992 2929/2047/2030 2997/2012/1995
f 2997/2012/1995 2929/2047/2030 2996/2048/2031
f 2997/2012/1995 2996/2048/2031 3064/2015/1998
f 3064/2015/1998 2996/2048/2031 3063/2049/2032
f 3064/2015/1998 3063/2049/2032 3131/2018/2001
f 3131/2018/2001 3063/2049/2032 3130/2050/2033
f 3131/2018/2001 3130/2050/2033 3198/2021/2004
f 3198/2021/2004 3130/2050/2033 3197/2051/2034
f 3198/2021/2004 3197/2051/2034 3265/2024/2007
f 3265/2024/2007 3197/2051/2034 3264/2052/2035
f 3265/2024/2007 3264/2052/2035 3332/2027/2010
f 3332/2027/2010 3264/2052/2035 3331/2053/2036
f 3332/2027/2010 3331/2053/2036 3399/2030/2013
f 3399/2030/2013 3331/2053/2036 3398/2054/2037
f 3399/2030/2013 3398/2054/2037 2058/2055/2038
f 2058/2055/2038 3398/2054/2037 2057/2056/2039
f 2057/2056/2039 3398/2054/2037 3397/2057/2040
f 2057/2056/2039 3397/2057/2040 3396/2058/2041
f 3396/2058/2041 3397/2057/2040 3329/2059/2042
f 3396/2058/2041 3329/2059/2042 3328/2060/2043
f 3328/2060/2043 3329/2059/2042 3261/2061/2044
f 3328/2060/2043 3261/2061/2044 3260/2062/2045
f 3260/2062/2045 3261/2061/2044 3193/2063/2046
f 3260/2062/2045 3193/2063/2046 3192/2064/2047
f 3192/2064/2047 3193/2063/2046 3125/2065/2048
f 3192/2064/2047 3125/2065/2048 3124/2066/2049
f 3124/2066/2049 3125/2065/2048 3057/2067/2050
f 3124/2066/2049 3057/2067/2050 3056/2068/2051
f 3056/2068/2051 3057/2067/2050 2989/2069/2052
f 3056/2068/2051 2989/2069/2052 2988/2070/2053
f 2988/2070/2053 2989/2069/2052 2921/2071/2054
f 2988/2070/2053 2921/2071/2054 2920/2072/2055
f 2920/2072/2055 2921/2071/2054 2853/2073/2056
f 2920/2072/2055 2853/2073/2056 2852/2074/2057
f 2852/2074/2057 2853/2073/2056 2785/2075/2058
f 2852/2074/2057 2785/2075/2058 2784/2076/2059
f 2784/2076/2059 2785/2075/2058 2717/2077/2060
f 2784/2076/2059 2717/2077/2060 2716/2078/2061
f 2716/2078/2061 2717/2077/2060 2649/2079/2062
f 2716/2078/2061 2649/2079/2062 2648/2080/2063
f 2648/2080/2063 2649/2079/2062 2581/2081/2064
f 2648/2080/2063 2581/2081/2064 2580/2082/2065
f 2580/2082/2065 2581/2081/2064 2513/2083/2066
f 2580/2082/2065 2513/2083/2066 2512/2084/2067
f 2512/2084/2067 2513/2083/2066 2445/2085/2068
f 2512/2084/2067 2445/2085/2068 2444/2086/2069
f 2444/2086/2069 2445/2085/2068 2377/2087/2070
f 2444/2086/2069 2377/2087/2070 2376/2088/2071
f 2376/2088/2071 2377/2087/2070 2309/2089/2072
f 2376/2088/2071 2309/2089/2072 2308/2090/2073
f 2308/2090/2073 2309/2089/2072 2241/2091/2074
f 2308/2090/2073 2241/2091/2074 2240/2092/2075
f 2240/2092/2075 2241/2091/2074 2173/2093/2076
f 2240/2092/2075 2173/2093/2076 2172/2094/2077
f 2172/2094/2077 2173/2093/2076 2105/2095/2078
f 2172/2094/2077 2105/2095/2078 2104/2096/2079
f 2104/2096/2079 2105/2095/2078 125/2097/2080
f 2104/2096/2079 125/2097/2080 124/2098/2081
f 144/2034/2017 143/2099/2082 2125/2035/2018
f 2125/2035/2018 143/2099/2082 2124/2100/2083
f 2125/2035/2018 2124/2100/2083 2192/2036/2019
f 2192/2036/2019 2124/2100/2083 2191/2101/2084
f 2192/2036/2019 2191/2101/2084 2259/2037/2020
f 2259/2037/2020 2191/2101/2084 2258/2102/2085
f 2259/2037/2020 2258/2102/2085 2326/2038/2021
f 2326/2038/2021 2258/2102/2085 2325/2103/2086
f 2326/2038/2021 2325/2103/2086 2393/2039/2022
f 2393/2039/2022 2325/2103/2086 2392/2104/2087
f 2393/2039/2022 2392/2104/2087 2460/2040/2023
f 2460/2040/2023 2392/2104/2087 2459/2105/2088
f 2460/2040/2023 2459/2105/2088 2527/2041/2024
f 2527/2041/2024 2459/2105/2088 2526/2106/2089
f 2527/2041/2024 2526/2106/2089 2594/2042/2025
f 2594/2042/2025 2526/2106/2089 2593/2107/2090
f 2594/2042/2025 2593/2107/2090 2661/2043/2026
f 2661/2043/2026 2593/2107/2090 2660/2108/2091
f 2661/2043/2026 2660/2108/2091 2728/2044/2027
f 2728/2044/2027 2660/2108/2091 2727/2109/2092
f 2728/2044/2027 2727/2109/2092 2795/2045/2028
f 2795/2045/2028 2727/2109/2092 2794/2110/2093
f 2795/2045/2028 2794/2110/2093 2862/2046/2029
f 2862/2046/2029 2794/2110/2093 2861/2111/2094
f 2862/2046/2029 2861/2111/2094 2929/2047/2030
f 2929/2047/2030 2861/2111/2094 2928/2112/2095
f 2929/2047/2030 2928/2112/2095 2996/2048/2031
f 2996/2048/2031 2928/2112/2095 2995/2113/2096
f 2996/2048/2031 2995/2113/2096 3063/2049/2032
f 3063/2049/2032 2995/2113/2096 3062/2114/2097
f 3063/2049/2032 3062/2114/2097 3130/2050/2033
f 3130/2050/2033 3062/2114/2097 3129/2115/2098
f 3130/2050/2033 3129/2115/2098 3197/2051/2034
f 3197/2051/2034 3129/2115/2098 3196/2116/2099
f 3197/2051/2034 3196/2116/2099 3264/2052/2035
f 3264/2052/2035 3196/2116/2099 3263/2117/2100
f 3264/2052/2035 3263/2117/2100 3331/2053/2036
f 3331/2053/2036 3263/2117/2100 3330/2118/2101
f 3331/2053/2036 3330/2118/2101 3398/2054/2037
f 3398/2054/2037 3330/2118/2101 3397/2057/2040
f 2124/2100/2083 143/2099/2082 2123/2119/2102
f 2123/2119/2102 143/2099/2082 142/2120/2103
f 2123/2119/2102 142/2120/2103 2122/2121/2104
f 2122/2121/2104 142/2120/2103 141/2122/2105
f 2122/2121/2104 141/2122/2105 2121/2123/2106
f 2121/2123/2106 141/2122/2105 140/2124/2107
f 2121/2123/2106 140/2124/2107 2120/2125/2108
f 2120/2125/2108 140/2124/2107 139/2126/2109
f 2120/2125/2108 139/2126/2109 2119/2127/2110
f 2119/2127/2110 139/2126/2109 138/2128/2111
f 2119/2127/2110 138/2128/2111 2118/2129/2112
f 2118/2129/2112 138/2128/2111 137/2130/2113
f 2118/2129/2112 137/2130/2113 2117/2131/2114
f 2117/2131/2114 137/2130/2113 136/2132/2115
f 2117/2131/2114 136/2132/2115 2116/2133/2116
f 2116/2133/2116 136/2132/2115 135/2134/2117
f 2116/2133/2116 135/2134/2117 2115/2135/2118
f 2115/2135/2118 135/2134/2117 134/2136/2119
f 2115/2135/2118 134/2136/2119 2114/2137/2120
f 2114/2137/2120 134/2136/2119 133/2138/2121
f 2114/2137/2120 133/2138/2121 2113/2139/2122
f 2113/2139/2122 133/2138/2121 132/2140/2123
f 2113/2139/2122 132/2140/2123 2112/2141/2124
f 2112/2141/2124 132/2140/2123 131/2142/2125
f 2112/2141/2124 131/2142/2125 2111/2143/2126
f 2111/2143/2126 131/2142/2125 130/2144/2127
f 2111/2143/2126 130/2144/2127 2110/2145/2128
f 2110/2145/2128 130/2144/2127 129/2146/2129
f 2110/2145/2128 129/2146/2129 2109/2147/2130
f 2109/2147/2130 129/2146/2129 128/2148/2131
f 2109/2147/2130 128/2148/2131 2108/2149/2132
f 2108/2149/2132 128/2148/2131 127/2150/2133
f 2108/2149/2132 127/2150/2133 2107/2151/2134
f 2107/2151/2134 127/2150/2133 126/2152/2135
f 2107/2151/2134 126/2152/2135 2106/2153/2136
f 2106/2153/2136 126/2152/2135 125/2097/2080
f 2106/2153/2136 125/2097/2080 2105/2095/2078
f 2104/2096/2079 124/2098/2081 2103/2154/2137
f 2103/2154/2137 124/2098/2081 123/2155/2138
f 2103/2154/2137 123/2155/2138 2102/2156/2139
f 2102/2156/2139 123/2155/2138 122/2157/2140
f 2102/2156/2139 122/2157/2140 2101/2158/2141
f 2101/2158/2141 122/2157/2140 121/2159/2142
f 2101/2158/2141 121/2159/2142 2100/2160/2143
f 2100/2160/2143 121/2159/2142 120/2161/2144
f 2100/2160/2143 120/2161/2144 2099/2162/2145
f 2099/2162/2145 120/2161/2144 119/2163/2146
f 2099/2162/2145 119/2163/2146 2098/2164/2147
f 2098/2164/2147 119/2163/2146 118/2165/2148
f 2098/2164/2147 118/2165/2148 2097/2166/2149
f 2097/2166/2149 118/2165/2148 117/2167/2150
f 2097/2166/2149 117/2167/2150 2096/2168/2151
f 2096/2168/2151 117/2167/2150 116/2169/2152
f 2096/2168/2151 116/2169/2152 2095/2170/2153
f 2095/2170/2153 116/2169/2152 115/2171/2154
f 2095/2170/2153 115/2171/2154 2094/2172/2155
f 2094/2172/2155 115/2171/2154 114/2173/2156
f 2094/2172/2155 114/2173/2156 2093/2174/2157
f 2093/2174/2157 114/2173/2156 113/2175/2158
f 2093/2174/2157 113/2175/2158 2092/2176/2159
f 2092/2176/2159 113/2175/2158 112/2177/2160
f 2092/2176/2159 112/2177/2160 2091/2178/2161
f 2091/2178/2161 112/2177/2160 111/2179/2162
f 2091/2178/2161 111/2179/2162 2090/2180/2163
f 2090/2180/2163 111/2179/2162 110/2181/2164
f 2090/2180/2163 110/2181/2164 2089/2182/2165
f 2089/2182/2165 110/2181/2164 109/2183/2166
f 2089/2182/2165 109/2183/2166 2088/2184/2167
f 2088/2184/2167 109/2183/2166 108/2185/2168
f 2088/2184/2167 108/2185/2168 2087/2186/2169
f 2087/2186/2169 108/2185/2168 107/2187/2170
f 2087/2186/2169 107/2187/2170 2086/2188/2171
f 2086/2188/2171 107/2187/2170 106/2189/2172
f 2086/2188/2171 106/2189/2172 2085/2190/2173
f 2085/2190/2173 106/2189/2172 105/2191/2174
f 2085/2190/2173 105/2191/2174 2084/2192/2175
f 2084/2192/2175 105/2191/2174 104/2193/2176
f 2084/2192/2175 104/2193/2176 2083/2194/2177
f 2083/2194/2177 104/2193/2176 103/2195/2178
f 2083/2194/2177 103/2195/2178 2082/2196/2179
f 2082/2196/2179 103/2195/2178 2081/2197/2180
f 2082/2196/2179 2081/2197/2180 2149/2198/2181
f 2149/2198/2181 2081/2197/2180 2148/2199/2182
f 2149/2198/2181 2148/2199/2182 2216/2200/2183
f 2216/2200/2183 2148/2199/2182 2215/2201/2184
f 2216/2200/2183 2215/2201/2184 2283/2202/2185
f 2283/2202/2185 2215/2201/2184 2282/2203/2186
f 2283/2202/2185 2282/2203/2186 2350/2204/2187
f 2350/2204/2187 2282/2203/2186 2349/2205/2188
f 2350/2204/2187 2349/2205/2188 2417/2206/2189
f 2417/2206/2189 2349/2205/2188 2416/2207/2190
f 2417/2206/2189 2416/2207/2190 2484/2208/2191
f 2484/2208/2191 2416/2207/2190 2483/2209/2192
f 2484/2208/2191 2483/2209/2192 2551/2210/2193
f 2551/2210/2193 2483/2209/2192 2550/2211/2194
f 2551/2210/2193 2550/2211/2194 2618/2212/2195
f 2618/2212/2195 2550/2211/2194 2617/2213/2196
f 2618/2212/2195 2617/2213/2196 2685/2214/2197
f 2685/2214/2197 2617/2213/2196 2684/2215/2198
f 2685/2214/2197 2684/2215/2198 2752/2216/2199
f 2752/2216/2199 2684/2215/2198 2751/2217/2200
f 2752/2216/2199 2751/2217/2200 2819/2218/2201
f 2819/2218/2201 2751/2217/2200 2818/2219/2202
f 2819/2218/2201 2818/2219/2202 2886/2220/2203
f 2886/2220/2203 2818/2219/2202 2885/2221/2204
f 2886/2220/2203 2885/2221/2204 2953/2222/2205
f 2953/2222/2205 2885/2221/2204 2952/2223/2206
f 2953/2222/2205 2952/2223/2206 3020/2224/2207
f 3020/2224/2207 2952/2223/2206 3019/2225/2208
f 3020/2224/2207 3019/2225/2208 3087/2226/2209
f 3087/2226/2209 3019/2225/2208 3086/2227/2210
f 3087/2226/2209 3086/2227/2210 3154/2228/2211
f 3154/2228/2211 3086/2227/2210 3153/2229/2212
f 3154/2228/2211 3153/2229/2212 3221/2230/2213
f 3221/2230/2213 3153/2229/2212 3220/2231/2214
f 3221/2230/2213 3220/2231/2214 3288/2232/2215
f 3288/2232/2215 3220/2231/2214 3287/2233/2216
f 3288/2232/2215 3287/2233/2216 3355/2234/2217
f 3355/2234/2217 3287/2233/2216 3354/2235/2218
f 3355/2234/2217 3354/2235/2218 2017/2236/2219
f 2017/2236/2219 3354/2235/2218 2016/2237/2220
f 2016/2237/2220 3354/2235/2218 3353/2238/2221
f 2016/2237/2220 3353/2238/2221 2015/2239/2222
f 2015/2239/2222 3353/2238/2221 3352/2240/2223
f 2015/2239/2222 3352/2240/2223 2014/2241/2224
f 2014/2241/2224 3352/2240/2223 3351/2242/2225
f 2014/2241/2224 3351/2242/2225 2013/2243/2226
f 2013/2243/2226 3351/2242/2225 3350/2244/2227
f 2013/2243/2226 3350/2244/2227 2012/2245/2228
f 2012/2245/2228 3350/2244/2227 3349/2246/2229
f 2012/2245/2228 3349/2246/2229 2011/2247/2230
f 2011/2247/2230 3349/2246/2229 3348/2248/2231
f 2011/2247/2230 3348/2248/2231 2010/2249/2232
f 2010/2249/2232 3348/2248/2231 3347/2250/2233
f 2010/2249/2232 3347/2250/2233 2009/2251/2234
f 2009/2251/2234 3347/2250/2233 3346/2252/2235
f 2009/2251/2234 3346/2252/2235 2008/2253/2236
f 2008/2253/2236 3346/2252/2235 3345/2254/2237
f 2008/2253/2236 3345/2254/2237 2007/2255/2238
f 2007/2255/2238 3345/2254/2237 3344/2256/2239
f 2007/2255/2238 3344/2256/2239 2006/2257/2240
f 2006/2257/2240 3344/2256/2239 3343/2258/2241
f 2006/2257/2240 3343/2258/2241 2005/2259/2242
f 2005/2259/2242 3343/2258/2241 3342/2260/2243
f 2005/2259/2242 3342/2260/2243 2004/2261/2244
f 2004/2261/2244 3342/2260/2243 3341/2262/2245
f 2004/2261/2244 3341/2262/2245 2003/2263/2246
f 2003/2263/2246 3341/2262/2245 3340/2264/2247
f 2003/2263/2246 3340/2264/2247 2002/2265/2248
f 2002/2265/2248 3340/2264/2247 3339/2266/2249
f 2002/2265/2248 3339/2266/2249 2001/2267/2250
f 2001/2267/2250 3339/2266/2249 3338/2268/2251
f 2001/2267/2250 3338/2268/2251 2000/2269/2252
f 2000/2269/2252 3338/2268/2251 3337/2270/2253
f 2000/2269/2252 3337/2270/2253 1999/2271/2254
f 1999/2271/2254 3337/2270/2253 3336/2272/2255
f 1999/2271/2254 3336/2272/2255 1998/2273/2256
f 1998/2273/2256 3336/2272/2255 3335/2274/2257
f 1998/2273/2256 3335/2274/2257 1997/2275/2258
f 1997/2275/2258 3335/2274/2257 1996/2276/2259
f 1996/2276/2259 3335/2274/2257 3334/2277/2260
f 1996/2276/2259 3334/2277/2260 1995/2278/2261
f 1995/2278/2261 3334/2277/2260 3333/2279/2262
f 1995/2278/2261 3333/2279/2262 1994/2280/2263
f 1994/2280/2263 3333/2279/2262 1992/2281/2014
f 1994/2280/2263 1992/2281/2014 1993/2282/2016
f 103/2195/2178 102/2283/2264 2081/2197/2180
f 2081/2197/2180 102/2283/2264 2080/2284/2265
f 2081/2197/2180 2080/2284/2265 2148/2199/2182
f 2148/2199/2182 2080/2284/2265 2147/2285/2266
f 2148/2199/2182 2147/2285/2266 2215/2201/2184
f 2215/2201/2184 2147/2285/2266 2214/2286/2267
f 2215/2201/2184 2214/2286/2267 2282/2203/2186
f 2282/2203/2186 2214/2286/2267 2281/2287/2268
f 2282/2203/2186 2281/2287/2268 2349/2205/2188
f 2349/2205/2188 2281/2287/2268 2348/2288/2269
f 2349/2205/2188 2348/2288/2269 2416/2207/2190
f 2416/2207/2190 2348/2288/2269 2415/2289/2270
f 2416/2207/2190 2415/2289/2270 2483/2209/2192
f 2483/2209/2192 2415/2289/2270 2482/2290/2271
f 2483/2209/2192 2482/2290/2271 2550/2211/2194
f 2550/2211/2194 2482/2290/2271 2549/2291/2272
f 2550/2211/2194 2549/2291/2272 2617/2213/2196
f 2617/2213/2196 2549/2291/2272 2616/2292/2273
f 2617/2213/2196 2616/2292/2273 2684/2215/2198
f 2684/2215/2198 2616/2292/2273 2683/2293/2274
f 2684/2215/2198 2683/2293/2274 2751/2217/2200
f 2751/2217/2200 2683/2293/2274 2750/2294/2275
f 2751/2217/2200 2750/2294/2275 2818/2219/2202
f 2818/2219/2202 2750/2294/2275 2817/2295/2276
f 2818/2219/2202 2817/2295/2276 2885/2221/2204
f 2885/2221/2204 2817/2295/2276 2884/2296/2277
f 2885/2221/2204 2884/2296/2277 2952/2223/2206
f 2952/2223/2206 2884/2296/2277 2951/2297/2278
f 2952/2223/2206 2951/2297/2278 3019/2225/2208
f 3019/2225/2208 2951/2297/2278 3018/2298/2279
f 3019/2225/2208 3018/2298/2279 3086/2227/2210
f 3086/2227/2210 3018/2298/2279 3085/2299/2280
f 3086/2227/2210 3085/2299/2280 3153/2229/2212
f 3153/2229/2212 3085/2299/2280 3152/2300/2281
f 3153/2229/2212 3152/2300/2281 3220/2231/2214
f 3220/2231/2214 3152/2300/2281 3219/2301/2282
f 3220/2231/2214 3219/2301/2282 3287/2233/2216
f 3287/2233/2216 3219/2301/2282 3286/2302/2283
f 3287/2233/2216 3286/2302/2283 3354/2235/2218
f 3354/2235/2218 3286/2302/2283 3353/2238/2221
f 102/2283/2264 101/2303/2284 2080/2284/2265
f 2080/2284/2265 101/2303/2284 2079/2304/2285
f 2080/2284/2265 2079/2304/2285 2147/2285/2266
f 2147/2285/2266 2079/2304/2285 2146/2305/2286
f 2147/2285/2266 2146/2305/2286 2214/2286/2267
f 2214/2286/2267 2146/2305/2286 2213/2306/2287
f 2214/2286/2267 2213/2306/2287 2281/2287/2268
f 2281/2287/2268 2213/2306/2287 2280/2307/2288
f 2281/2287/2268 2280/2307/2288 2348/2288/2269
f 2348/2288/2269 2280/2307/2288 2347/2308/2289
f 2348/2288/2269 2347/2308/2289 2415/2289/2270
f 2415/2289/2270 2347/2308/2289 2414/2309/2290
f 2415/2289/2270 2414/2309/2290 2482/2290/2271
f 2482/2290/2271 2414/2309/2290 2481/2310/2291
f 2482/2290/2271 2481/2310/2291 2549/2291/2272
f 2549/2291/2272 2481/2310/2291 2548/2311/2292
f 2549/2291/2272 2548/2311/2292 2616/2292/2273
f 2616/2292/2273 2548/2311/2292 2615/2312/2293
f 2616/2292/2273 2615/2312/2293 2683/2293/2274
f 2683/2293/2274 2615/2312/2293 2682/2313/2294
f 2683/2293/2274 2682/2313/2294 2750/2294/2275
f 2750/2294/2275 2682/2313/2294 2749/2314/2295
f 2750/2294/2275 2749/2314/2295 2817/2295/2276
f 2817/2295/2276 2749/2314/2295 2816/2315/2296
f 2817/2295/2276 2816/2315/2296 2884/2296/2277
f 2884/2296/2277 2816/2315/2296 2883/2316/2297
f 2884/2296/2277 2883/2316/2297 2951/2297/2278
f 2951/2297/2278 2883/2316/2297 2950/2317/2298
f 2951/2297/2278 2950/2317/2298 3018/2298/2279
f 3018/2298/2279 2950/2317/2298 3017/2318/2299
f 3018/2298/2279 3017/2318/2299 3085/2299/2280
f 3085/2299/2280 3017/2318/2299 3084/2319/2300
f 3085/2299/2280 3084/2319/2300 3152/2300/2281
f 3152/2300/2281 3084/2319/2300 3151/2320/2301
f 3152/2300/2281 3151/2320/2301 3219/2301/2282
f 3219/2301/2282 3151/2320/2301 3218/2321/2302
f 3219/2301/2282 3218/2321/2302 3286/2302/2283
f 3286/2302/2283 3218/2321/2302 3285/2322/2303
f 3286/2302/2283 3285/2322/2303 3353/2238/2221
f 3353/2238/2221 3285/2322/2303 3352/2240/2223
f 101/2303/2284 100/2323/2304 2079/2304/2285
f 2079/2304/2285 100/2323/2304 2078/2324/2305
f 2079/2304/2285 2078/2324/2305 2146/2305/2286
f 2146/2305/2286 2078/2324/2305 2145/2325/2306
f 2146/2305/2286 2145/2325/2306 2213/2306/2287
f 2213/2306/2287 2145/2325/2306 2212/2326/2307
f 2213/2306/2287 2212/2326/2307 2280/2307/2288
f 2280/2307/2288 2212/2326/2307 2279/2327/2308
f 2280/2307/2288 2279/2327/2308 2347/2308/2289
f 2347/2308/2289 2279/2327/2308 2346/2328/2309
f 2347/2308/2289 2346/2328/2309 2414/2309/2290
f 2414/2309/2290 2346/2328/2309 2413/2329/2310
f 2414/2309/2290 2413/2329/2310 2481/2310/2291
f 2481/2310/2291 2413/2329/2310 2480/2330/2311
f 2481/2310/2291 2480/2330/2311 2548/2311/2292
f 2548/2311/2292 2480/2330/2311 2547/2331/2312
f 2548/2311/2292 2547/2331/2312 2615/2312/2293
f 2615/2312/2293 2547/2331/2312 2614/2332/2313
f 2615/2312/2293 2614/2332/2313 2682/2313/2294
f 2682/2313/2294 2614/2332/2313 2681/2333/2314
f 2682/2313/2294 2681/2333/2314 2749/2314/2295
f 2749/2314/2295 2681/2333/2314 2748/2334/2315
f 2749/2314/2295 2748/2334/2315 2816/2315/2296
f 2816/2315/2296 2748/2334/2315 2815/2335/2316
f 2816/2315/2296 2815/2335/2316 2883/2316/2297
f 2883/2316/2297 2815/2335/2316 2882/2336/2317
f 2883/2316/2297 2882/2336/2317 2950/2317/2298
f 2950/2317/2298 2882/2336/2317 2949/2337/2318
f 2950/2317/2298 2949/2337/2318 3017/2318/2299
f 3017/2318/2299 2949/2337/2318 3016/2338/2319
f 3017/2318/2299 3016/2338/2319 3084/2319/2300
f 3084/2319/2300 3016/2338/2319 3083/2339/2320
f 3084/2319/2300 3083/2339/2320 3151/2320/2301
f 3151/2320/2301 3083/2339/2320 3150/2340/2321
f 3151/2320/2301 3150/2340/2321 3218/2321/2302
f 3218/2321/2302 3150/2340/2321 3217/2341/2322
f 3218/2321/2302 3217/2341/2322 3285/2322/2303
f 3285/2322/2303 3217/2341/2322 3284/2342/2323
f 3285/2322/2303 3284/2342/2323 3352/2240/2223
f 3352/2240/2223 3284/2342/2323 3351/2242/2225
f 100/2323/2304 99/2343/2324 2078/2324/2305
f 2078/2324/2305 99/2343/2324 2077/2344/2325
f 2078/2324/2305 2077/2344/2325 2145/2325/2306
f 2145/2325/2306 2077/2344/2325 2144/2345/2326
f 2145/2325/2306 2144/2345/2326 2212/2326/2307
f 2212/2326/2307 2144/2345/2326 2211/2346/2327
f 2212/2326/2307 2211/2346/2327 2279/2327/2308
f 2279/2327/2308 2211/2346/2327 2278/2347/2328
f 2279/2327/2308 2278/2347/2328 2346/2328/2309
f 2346/2328/2309 2278/2347/2328 2345/2348/2329
f 2346/2328/2309 2345/2348/2329 2413/2329/2310
f 2413/2329/2310 2345/2348/2329 2412/2349/2330
f 2413/2329/2310 2412/2349/2330 2480/2330/2311
f 2480/2330/2311 2412/2349/2330 2479/2350/2331
f 2480/2330/2311 2479/2350/2331 2547/2331/2312
f 2547/2331/2312 2479/2350/2331 2546/2351/2332
f 2547/2331/2312 2546/2351/2332 2614/2332/2313
f 2614/2332/2313 2546/2351/2332 2613/2352/2333
f 2614/2332/2313 2613/2352/2333 2681/2333/2314
f 2681/2333/2314 2613/2352/2333 2680/2353/2334
f 2681/2333/2314 2680/2353/2334 2748/2334/2315
f 2748/2334/2315 2680/2353/2334 2747/2354/2335
f 2748/2334/2315 2747/2354/2335 2815/2335/2316
f 2815/2335/2316 2747/2354/2335 2814/2355/2336
f 2815/2335/2316 2814/2355/2336 2882/2336/2317
f 2882/2336/2317 2814/2355/2336 2881/2356/2337
f 2882/2336/2317 2881/2356/2337 2949/2337/2318
f 2949/2337/2318 2881/2356/2337 2948/2357/2338
f 2949/2337/2318 2948/2357/2338 3016/2338/2319
f 3016/2338/2319 2948/2357/2338 3015/2358/2339
f 3016/2338/2319 3015/2358/2339 3083/2339/2320
f 3083/2339/2320 3015/2358/2339 3082/2359/2340
f 3083/2339/2320 3082/2359/2340 3150/2340/2321
f 3150/2340/2321 3082/2359/2340 3149/2360/2341
f 3150/2340/2321 3149/2360/2341 3217/2341/2322
f 3217/2341/2322 3149/2360/2341 3216/2361/2342
f 3217/2341/2322 3216/2361/2342 3284/2342/2323
f 3284/2342/2323 3216/2361/2342 3283/2362/2343
f 3284/2342/2323 3283/2362/2343 3351/2242/2225
f 3351/2242/2225 3283/2362/2343 3350/2244/2227
f 99/2343/2324 98/2363/2344 2077/2344/2325
f 2077/2344/2325 98/2363/2344 2076/2364/2345
f 2077/2344/2325 2076/2364/2345 2144/2345/2326
f 2144/2345/2326 2076/2364/2345 2143/2365/2346
f 2144/2345/2326 2143/2365/2346 2211/2346/2327
f 2211/2346/2327 2143/2365/2346 2210/2366/2347
f 2211/2346/2327 2210/2366/2347 2278/2347/2328
f 2278/2347/2328 2210/2366/2347 2277/2367/2348
f 2278/2347/2328 2277/2367/2348 2345/2348/2329
f 2345/2348/2329 2277/2367/2348 2344/2368/2349
f 2345/2348/2329 2344/2368/2349 2412/2349/2330
f 2412/2349/2330 2344/2368/2349 2411/2369/2350
f 2412/2349/2330 2411/2369/2350 2479/2350/2331
f 2479/2350/2331 2411/2369/2350 2478/2370/2351
f 2479/2350/2331 2478/2370/2351 2546/2351/2332
f 2546/2351/2332 2478/2370/2351 2545/2371/2352
f 2546/2351/2332 2545/2371/2352 2613/2352/2333
f 2613/2352/2333 2545/2371/2352 2612/2372/2353
f 2613/2352/2333 2612/2372/2353 2680/2353/2334
f 2680/2353/2334 2612/2372/2353 2679/2373/2354
f 2680/2353/2334 2679/2373/2354 2747/2354/2335
f 2747/2354/2335 2679/2373/2354 2746/2374/2355
f 2747/2354/2335 2746/2374/2355 2814/2355/2336
f 2814/2355/2336 2746/2374/2355 2813/2375/2356
f 2814/2355/2336 2813/2375/2356 2881/2356/2337
f 2881/2356/2337 2813/2375/2356 2880/2376/2357
f 2881/2356/2337 2880/2376/2357 2948/2357/2338
f 2948/2357/2338 2880/2376/2357 2947/2377/2358
f 2948/2357/2338 2947/2377/2358 3015/2358/2339
f 3015/2358/2339 2947/2377/2358 3014/2378/2359
f 3015/2358/2339 3014/2378/2359 3082/2359/2340
f 3082/2359/2340 3014/2378/2359 3081/2379/2360
f 3082/2359/2340 3081/2379/2360 3149/2360/2341
f 3149/2360/2341 3081/2379/2360 3148/2380/2361
f 3149/2360/2341 3148/2380/2361 3216/2361/2342
f 3216/2361/2342 3148/2380/2361 3215/2381/2362
f 3216/2361/2342 3215/2381/2362 3283/2362/2343
f 3283/2362/2343 3215/2381/2362 3282/2382/2363
f 3283/2362/2343 3282/2382/2363 3350/2244/2227
f 3350/2244/2227 3282/2382/2363 3349/2246/2229
f 98/2363/2344 97/2383/2364 2076/2364/2345
f 2076/2364/2345 97/2383/2364 2075/2384/2365
f 2076/2364/2345 2075/2384/2365 2143/2365/2346
f 2143/2365/2346 2075/2384/2365 2142/2385/2366
f 2143/2365/2346 2142/2385/2366 2210/2366/2347
f 2210/2366/2347 2142/2385/2366 2209/2386/2367
f 2210/2366/2347 2209/2386/2367 2277/2367/2348
f 2277/2367/2348 2209/2386/2367 2276/2387/2368
f 2277/2367/2348 2276/2387/2368 2344/2368/2349
f 2344/2368/2349 2276/2387/2368 2343/2388/2369
f 2344/2368/2349 2343/2388/2369 2411/2369/2350
f 2411/2369/2350 2343/2388/2369 2410/2389/2370
f 2411/2369/2350 2410/2389/2370 2478/2370/2351
f 2478/2370/2351 2410/2389/2370 2477/2390/2371
f 2478/2370/2351 2477/2390/2371 2545/2371/2352
f 2545/2371/2352 2477/2390/2371 2544/2391/2372
f 2545/2371/2352 2544/2391/2372 2612/2372/2353
f 2612/2372/2353 2544/2391/2372 2611/2392/2373
f 2612/2372/2353 2611/2392/2373 2679/2373/2354
f 2679/2373/2354 2611/2392/2373 2678/2393/2374
f 2679/2373/2354 2678/2393/2374 2746/2374/2355
f 2746/2374/2355 2678/2393/2374 2745/2394/2375
f 2746/2374/2355 2745/2394/2375 2813/2375/2356
f 2813/2375/2356 2745/2394/2375 2812/2395/2376
f 2813/2375/2356 2812/2395/2376 2880/2376/2357
f 2880/2376/2357 2812/2395/2376 2879/2396/2377
f 2880/2376/2357 2879/2396/2377 2947/2377/2358
f 2947/2377/2358 2879/2396/2377 2946/2397/2378
f 2947/2377/2358 2946/2397/2378 3014/2378/2359
f 3014/2378/2359 2946/2397/2378 3013/2398/2379
f 3014/2378/2359 3013/2398/2379 3081/2379/2360
f 3081/2379/2360 3013/2398/2379 3080/2399/2380
f 3081/2379/2360 3080/2399/2380 3148/2380/2361
f 3148/2380/2361 3080/2399/2380 3147/2400/2381
f 3148/2380/2361 3147/2400/2381 3215/2381/2362
f 3215/2381/2362 3147/2400/2381 3214/2401/2382
f 3215/2381/2362 3214/2401/2382 3282/2382/2363
f 3282/2382/2363 3214/2401/2382 3281/2402/2383
f 3282/2382/2363 3281/2402/2383 3349/2246/2229
f 3349/2246/2229 3281/2402/2383 3348/2248/2231
f 97/2383/2364 96/2403/2384 2075/2384/2365
f 2075/2384/2365 96/2403/2384 2074/2404/2385
f 2075/2384/2365 2074/2404/2385 2142/2385/2366
f 2142/2385/2366 2074/2404/2385 2141/2405/2386
f 2142/2385/2366 2141/2405/2386 2209/2386/2367
f 2209/2386/2367 2141/2405/2386 2208/2406/2387
f 2209/2386/2367 2208/2406/2387 2276/2387/2368
f 2276/2387/2368 2208/2406/2387 2275/2407/2388
f 2276/2387/2368 2275/2407/2388 2343/2388/2369
f 2343/2388/2369 2275/2407/2388 2342/2408/2389
f 2343/2388/2369 2342/2408/2389 2410/2389/2370
f 2410/2389/2370 2342/2408/2389 2409/2409/2390
f 2410/2389/2370 2409/2409/2390 2477/2390/2371
f 2477/2390/2371 2409/2409/2390 2476/2410/2391
f 2477/2390/2371 2476/2410/2391 2544/2391/2372
f 2544/2391/2372 2476/2410/2391 2543/2411/2392
f 2544/2391/2372 2543/2411/2392 2611/2392/2373
f 2611/2392/2373 2543/2411/2392 2610/2412/2393
f 2611/2392/2373 2610/2412/2393 2678/2393/2374
f 2678/2393/2374 2610/2412/2393 2677/2413/2394
f 2678/2393/2374 2677/2413/2394 2745/2394/2375
f 2745/2394/2375 2677/2413/2394 2744/2414/2395
f 2745/2394/2375 2744/2414/2395 2812/2395/2376
f 2812/2395/2376 2744/2414/2395 2811/2415/2396
f 2812/2395/2376 2811/2415/2396 2879/2396/2377
f 2879/2396/2377 2811/2415/2396 2878/2416/2397
f 2879/2396/2377 2878/2416/2397 2946/2397/2378
f 2946/2397/2378 2878/2416/2397 2945/2417/2398
f 2946/2397/2378 2945/2417/2398 3013/2398/2379
f 3013/2398/2379 2945/2417/2398 3012/2418/2399
f 3013/2398/2379 3012/2418/2399 3080/2399/2380
f 3080/2399/2380 3012/2418/2399 3079/2419/2400
f 3080/2399/2380 3079/2419/2400 3147/2400/2381
f 3147/2400/2381 3079/2419/2400 3146/2420/2401
f 3147/2400/2381 3146/2420/2401 3214/2401/2382
f 3214/2401/2382 3146/2420/2401 3213/2421/2402
f 3214/2401/2382 3213/2421/2402 3281/2402/2383
f 3281/2402/2383 3213/2421/2402 3280/2422/2403
f 3281/2402/2383 3280/2422/2403 3348/2248/2231
f 3348/2248/2231 3280/2422/2403 3347/2250/2233
f 96/2403/2384 95/2423/2404 2074/2404/2385
f 2074/2404/2385 95/2423/2404 2073/2424/2405
f 2074/2404/2385 2073/2424/2405 2141/2405/2386
f 2141/2405/2386 2073/2424/2405 2140/2425/2406
f 2141/2405/2386 2140/2425/2406 2208/2406/2387
f 2208/2406/2387 2140/2425/2406 2207/2426/2407
f 2208/2406/2387 2207/2426/2407 2275/2407/2388
f 2275/2407/2388 2207/2426/2407 2274/2427/2408
f 2275/2407/2388 2274/2427/2408 2342/2408/2389
f 2342/2408/2389 2274/2427/2408 2341/2428/2409
f 2342/2408/2389 2341/2428/2409 2409/2409/2390
f 2409/2409/2390 2341/2428/2409 2408/2429/2410
f 2409/2409/2390 2408/2429/2410 2476/2410/2391
f 2476/2410/2391 2408/2429/2410 2475/2430/2411
f 2476/2410/2391 2475/2430/2411 2543/2411/2392
f 2543/2411/2392 2475/2430/2411 2542/2431/2412
f 2543/2411/2392 2542/2431/2412 2610/2412/2393
f 2610/2412/2393 2542/2431/2412 2609/2432/2413
f 2610/2412/2393 2609/2432/2413 2677/2413/2394
f 2677/2413/2394 2609/2432/2413 2676/2433/2414
f 2677/2413/2394 2676/2433/2414 2744/2414/2395
f 2744/2414/2395 2676/2433/2414 2743/2434/2415
f 2744/2414/2395 2743/2434/2415 2811/2415/2396
f 2811/2415/2396 2743/2434/2415 2810/2435/2416
f 2811/2415/2396 2810/2435/2416 2878/2416/2397
f 2878/2416/2397 2810/2435/2416 2877/2436/2417
f 2878/2416/2397 2877/2436/2417 2945/2417/2398
f 2945/2417/2398 2877/2436/2417 2944/2437/2418
f 2945/2417/2398 2944/2437/2418 3012/2418/2399
f 3012/2418/2399 2944/2437/2418 3011/2438/2419
f 3012/2418/2399 3011/2438/2419 3079/2419/2400
f 3079/2419/2400 3011/2438/2419 3078/2439/2420
f 3079/2419/2400 3078/2439/2420 3146/2420/2401
f 3146/2420/2401 3078/2439/2420 3145/2440/2421
f 3146/2420/2401 3145/2440/2421 3213/2421/2402
f 3213/2421/2402 3145/2440/2421 3212/2441/2422
f 3213/2421/2402 3212/2441/2422 3280/2422/2403
f 3280/2422/2403 3212/2441/2422 3279/2442/2423
f 3280/2422/2403 3279/2442/2423 3347/2250/2233
f 3347/2250/2233 3279/2442/2423 3346/2252/2235
f 95/2423/2404 94/2443/2424 2073/2424/2405
f 2073/2424/2405 94/2443/2424 2072/2444/2425
f 2073/2424/2405 2072/2444/2425 2140/2425/2406
f 2140/2425/2406 2072/2444/2425 2139/2445/2426
f 2140/2425/2406 2139/2445/2426 2207/2426/2407
f 2207/2426/2407 2139/2445/2426 2206/2446/2427
f 2207/2426/2407 2206/2446/2427 2274/2427/2408
f 2274/2427/2408 2206/2446/2427 2273/2447/2428
f 2274/2427/2408 2273/2447/2428 2341/2428/2409
f 2341/2428/2409 2273/2447/2428 2340/2448/2429
f 2341/2428/2409 2340/2448/2429 2408/2429/2410
f 2408/2429/2410 2340/2448/2429 2407/2449/2430
f 2408/2429/2410 2407/2449/2430 2475/2430/2411
f 2475/2430/2411 2407/2449/2430 2474/2450/2431
f 2475/2430/2411 2474/2450/2431 2542/2431/2412
f 2542/2431/2412 2474/2450/2431 2541/2451/2432
f 2542/2431/2412 2541/2451/2432 2609/2432/2413
f 2609/2432/2413 2541/2451/2432 2608/2452/2433
f 2609/2432/2413 2608/2452/2433 2676/2433/2414
f 2676/2433/2414 2608/2452/2433 2675/2453/2434
f 2676/2433/2414 2675/2453/2434 2743/2434/2415
f 2743/2434/2415 2675/2453/2434 2742/2454/2435
f 2743/2434/2415 2742/2454/2435 2810/2435/2416
f 2810/2435/2416 2742/2454/2435 2809/2455/2436
f 2810/2435/2416 2809/2455/2436 2877/2436/2417
f 2877/2436/2417 2809/2455/2436 2876/2456/2437
f 2877/2436/2417 2876/2456/2437 2944/2437/2418
f 2944/2437/2418 2876/2456/2437 2943/2457/2438
f 2944/2437/2418 2943/2457/2438 3011/2438/2419
f 3011/2438/2419 2943/2457/2438 3010/2458/2439
f 3011/2438/2419 3010/2458/2439 3078/2439/2420
f 3078/2439/2420 3010/2458/2439 3077/2459/2440
f 3078/2439/2420 3077/2459/2440 3145/2440/2421
f 3145/2440/2421 3077/2459/2440 3144/2460/2441
f 3145/2440/2421 3144/2460/2441 3212/2441/2422
f 3212/2441/2422 3144/2460/2441 3211/2461/2442
f 3212/2441/2422 3211/2461/2442 3279/2442/2423
f 3279/2442/2423 3211/2461/2442 3278/2462/2443
f 3279/2442/2423 3278/2462/2443 3346/2252/2235
f 3346/2252/2235 3278/2462/2443 3345/2254/2237
f 94/2443/2424 93/2463/2444 2072/2444/2425
f 2072/2444/2425 93/2463/2444 2071/2464/2445
f 2072/2444/2425 2071/2464/2445 2139/2445/2426
f 2139/2445/2426 2071/2464/2445 2138/2465/2446
f 2139/2445/2426 2138/2465/2446 2206/2446/2427
f 2206/2446/2427 2138/2465/2446 2205/2466/2447
f 2206/2446/2427 2205/2466/2447 2273/2447/2428
f 2273/2447/2428 2205/2466/2447 2272/2467/2448
f 2273/2447/2428 2272/2467/2448 2340/2448/2429
f 2340/2448/2429 2272/2467/2448 2339/2468/2449
f 2340/2448/2429 2339/2468/2449 2407/2449/2430
f 2407/2449/2430 2339/2468/2449 2406/2469/2450
f 2407/2449/2430 2406/2469/2450 2474/2450/2431
f 2474/2450/2431 2406/2469/2450 2473/2470/2451
f 2474/2450/2431 2473/2470/2451 2541/2451/2432
f 2541/2451/2432 2473/2470/2451 2540/2471/2452
f 2541/2451/2432 2540/2471/2452 2608/2452/2433
f 2608/2452/2433 2540/2471/2452 2607/2472/2453
f 2608/2452/2433 2607/2472/2453 2675/2453/2434
f 2675/2453/2434 2607/2472/2453 2674/2473/2454
f 2675/2453/2434 2674/2473/2454 2742/2454/2435
f 2742/2454/2435 2674/2473/2454 2741/2474/2455
f 2742/2454/2435 2741/2474/2455 2809/2455/2436
f 2809/2455/2436 2741/2474/2455 2808/2475/2456
f 2809/2455/2436 2808/2475/2456 2876/2456/2437
f 2876/2456/2437 2808/2475/2456 2875/2476/2457
f 2876/2456/2437 2875/2476/2457 2943/2457/2438
f 2943/2457/2438 2875/2476/2457 2942/2477/2458
f 2943/2457/2438 2942/2477/2458 3010/2458/2439
f 3010/2458/2439 2942/2477/2458 3009/2478/2459
f 3010/2458/2439 3009/2478/2459 3077/2459/2440
f 3077/2459/2440 3009/2478/2459 3076/2479/2460
f 3077/2459/2440 3076/2479/2460 3144/2460/2441
f 3144/2460/2441 3076/2479/2460 3143/2480/2461
f 3144/2460/2441 3143/2480/2461 3211/2461/2442
f 3211/2461/2442 3143/2480/2461 3210/2481/2462
f 3211/2461/2442 3210/2481/2462 3278/2462/2443
f 3278/2462/2443 3210/2481/2462 3277/2482/2463
f 3278/2462/2443 3277/2482/2463 3345/2254/2237
f 3345/2254/2237 3277/2482/2463 3344/2256/2239
f 93/2463/2444 92/2483/2464 2071/2464/2445
f 2071/2464/2445 92/2483/2464 2070/2484/2465
f 2071/2464/2445 2070/2484/2465 2138/2465/2446
f 2138/2465/2446 2070/2484/2465 2137/2485/2466
f 2138/2465/2446 2137/2485/2466 2205/2466/2447
f 2205/2466/2447 2137/2485/2466 2204/2486/2467
f 2205/2466/2447 2204/2486/2467 2272/2467/2448
f 2272/2467/2448 2204/2486/2467 2271/2487/2468
f 2272/2467/2448 2271/2487/2468 2339/2468/2449
f 2339/2468/2449 2271/2487/2468 2338/2488/2469
f 2339/2468/2449 2338/2488/2469 2406/2469/2450
f 2406/2469/2450 2338/2488/2469 2405/2489/2470
f 2406/2469/2450 2405/2489/2470 2473/2470/2451
f 2473/2470/2451 2405/2489/2470 2472/2490/2471
f 2473/2470/2451 2472/2490/2471 2540/2471/2452
f 2540/2471/2452 2472/2490/2471 2539/2491/2472
f 2540/2471/2452 2539/2491/2472 2607/2472/2453
f 2607/2472/2453 2539/2491/2472 2606/2492/2473
f 2607/2472/2453 2606/2492/2473 2674/2473/2454
f 2674/2473/2454 2606/2492/2473 2673/2493/2474
f 2674/2473/2454 2673/2493/2474 2741/2474/2455
f 2741/2474/2455 2673/2493/2474 2740/2494/2475
f 2741/2474/2455 2740/2494/2475 2808/2475/2456
f 2808/2475/2456 2740/2494/2475 2807/2495/2476
f 2808/2475/2456 2807/2495/2476 2875/2476/2457
f 2875/2476/2457 2807/2495/2476 2874/2496/2477
f 2875/2476/2457 2874/2496/2477 2942/2477/2458
f 2942/2477/2458 2874/2496/2477 2941/2497/2478
f 2942/2477/2458 2941/2497/2478 3009/2478/2459
f 3009/2478/2459 2941/2497/2478 3008/2498/2479
f 3009/2478/2459 3008/2498/2479 3076/2479/2460
f 3076/2479/2460 3008/2498/2479 3075/2499/2480
f 3076/2479/2460 3075/2499/2480 3143/2480/2461
f 3143/2480/2461 3075/2499/2480 3142/2500/2481
f 3143/2480/2461 3142/2500/2481 3210/2481/2462
f 3210/2481/2462 3142/2500/2481 3209/2501/2482
f 3210/2481/2462 3209/2501/2482 3277/2482/2463
f 3277/2482/2463 3209/2501/2482 3276/2502/2483
f 3277/2482/2463 3276/2502/2483 3344/2256/2239
f 3344/2256/2239 3276/2502/2483 3343/2258/2241
f 92/2483/2464 91/2503/2484 2070/2484/2465
f 2070/2484/2465 91/2503/2484 2069/2504/2485
f 2070/2484/2465 2069/2504/2485 2137/2485/2466
f 2137/2485/2466 2069/2504/2485 2136/2505/2486
f 2137/2485/2466 2136/2505/2486 2204/2486/2467
f 2204/2486/2467 2136/2505/2486 2203/2506/2487
f 2204/2486/2467 2203/2506/2487 2271/2487/2468
f 2271/2487/2468 2203/2506/2487 2270/2507/2488
f 2271/2487/2468 2270/2507/2488 2338/2488/2469
f 2338/2488/2469 2270/2507/2488 2337/2508/2489
f 2338/2488/2469 2337/2508/2489 2405/2489/2470
f 2405/2489/2470 2337/2508/2489 2404/2509/2490
f 2405/2489/2470 2404/2509/2490 2472/2490/2471
f 2472/2490/2471 2404/2509/2490 2471/2510/2491
f 2472/2490/2471 2471/2510/2491 2539/2491/2472
f 2539/2491/2472 2471/2510/2491 2538/2511/2492
f 2539/2491/2472 2538/2511/2492 2606/2492/2473
f 2606/2492/2473 2538/2511/2492 2605/2512/2493
f 2606/2492/2473 2605/2512/2493 2673/2493/2474
f 2673/2493/2474 2605/2512/2493 2672/2513/2494
f 2673/2493/2474 2672/2513/2494 2740/2494/2475
f 2740/2494/2475 2672/2513/2494 2739/2514/2495
f 2740/2494/2475 2739/2514/2495 2807/2495/2476
f 2807/2495/2476 2739/2514/2495 2806/2515/2496
f 2807/2495/2476 2806/2515/2496 2874/2496/2477
f 2874/2496/2477 2806/2515/2496 2873/2516/2497
f 2874/2496/2477 2873/2516/2497 2941/2497/2478
f 2941/2497/2478 2873/2516/2497 2940/2517/2498
f 2941/2497/2478 2940/2517/2498 3008/2498/2479
f 3008/2498/2479 2940/2517/2498 3007/2518/2499
f 3008/2498/2479 3007/2518/2499 3075/2499/2480
f 3075/2499/2480 3007/2518/2499 3074/2519/2500
f 3075/2499/2480 3074/2519/2500 3142/2500/2481
f 3142/2500/2481 3074/2519/2500 3141/2520/2501
f 3142/2500/2481 3141/2520/2501 3209/2501/2482
f 3209/2501/2482 3141/2520/2501 3208/2521/2502
f 3209/2501/2482 3208/2521/2502 3276/2502/2483
f 3276/2502/2483 3208/2521/2502 3275/2522/2503
f 3276/2502/2483 3275/2522/2503 3343/2258/2241
f 3343/2258/2241 3275/2522/2503 3342/2260/2243
f 91/2503/2484 90/2523/2504 2069/2504/2485
f 2069/2504/2485 90/2523/2504 2068/2524/2505
f 2069/2504/2485 2068/2524/2505 2136/2505/2486
f 2136/2505/2486 2068/2524/2505 2135/2525/2506
f 2136/2505/2486 2135/2525/2506 2203/2506/2487
f 2203/2506/2487 2135/2525/2506 2202/2526/2507
f 2203/2506/2487 2202/2526/2507 2270/2507/2488
f 2270/2507/2488 2202/2526/2507 2269/2527/2508
f 2270/2507/2488 2269/2527/2508 2337/2508/2489
f 2337/2508/2489 2269/2527/2508 2336/2528/2509
f 2337/2508/2489 2336/2528/2509 2404/2509/2490
f 2404/2509/2490 2336/2528/2509 2403/2529/2510
f 2404/2509/2490 2403/2529/2510 2471/2510/2491
f 2471/2510/2491 2403/2529/2510 2470/2530/2511
f 2471/2510/2491 2470/2530/2511 2538/2511/2492
f 2538/2511/2492 2470/2530/2511 2537/2531/2512
f 2538/2511/2492 2537/2531/2512 2605/2512/2493
f 2605/2512/2493 2537/2531/2512 2604/2532/2513
f 2605/2512/2493 2604/2532/2513 2672/2513/2494
f 2672/2513/2494 2604/2532/2513 2671/2533/2514
f 2672/2513/2494 2671/2533/2514 2739/2514/2495
f 2739/2514/2495 2671/2533/2514 2738/2534/2515
f 2739/2514/2495 2738/2534/2515 2806/2515/2496
f 2806/2515/2496 2738/2534/2515 2805/2535/2516
f 2806/2515/2496 2805/2535/2516 2873/2516/2497
f 2873/2516/2497 2805/2535/2516 2872/2536/2517
f 2873/2516/2497 2872/2536/2517 2940/2517/2498
f 2940/2517/2498 2872/2536/2517 2939/2537/2518
f 2940/2517/2498 2939/2537/2518 3007/2518/2499
f 3007/2518/2499 2939/2537/2518 3006/2538/2519
f 3007/2518/2499 3006/2538/2519 3074/2519/2500
f 3074/2519/2500 3006/2538/2519 3073/2539/2520
f 3074/2519/2500 3073/2539/2520 3141/2520/2501
f 3141/2520/2501 3073/2539/2520 3140/2540/2521
f 3141/2520/2501 3140/2540/2521 3208/2521/2502
f 3208/2521/2502 3140/2540/2521 3207/2541/2522
f 3208/2521/2502 3207/2541/2522 3275/2522/2503
f 3275/2522/2503 3207/2541/2522 3274/2542/2523
f 3275/2522/2503 3274/2542/2523 3342/2260/2243
f 3342/2260/2243 3274/2542/2523 3341/2262/2245
f 90/2523/2504 89/2543/2524 2068/2524/2505
f 2068/2524/2505 89/2543/2524 2067/2544/2525
f 2068/2524/2505 2067/2544/2525 2135/2525/2506
f 2135/2525/2506 2067/2544/2525 2134/2545/2526
f 2135/2525/2506 2134/2545/2526 2202/2526/2507
f 2202/2526/2507 2134/2545/2526 2201/2546/2527
f 2202/2526/2507 2201/2546/2527 2269/2527/2508
f 2269/2527/2508 2201/2546/2527 2268/2547/2528
f 2269/2527/2508 2268/2547/2528 2336/2528/2509
f 2336/2528/2509 2268/2547/2528 2335/2548/2529
f 2336/2528/2509 2335/2548/2529 2403/2529/2510
f 2403/2529/2510 2335/2548/2529 2402/2549/2530
f 2403/2529/2510 2402/2549/2530 2470/2530/2511
f 2470/2530/2511 2402/2549/2530 2469/2550/2531
f 2470/2530/2511 2469/2550/2531 2537/2531/2512
f 2537/2531/2512 2469/2550/2531 2536/2551/2532
f 2537/2531/2512 2536/2551/2532 2604/2532/2513
f 2604/2532/2513 2536/2551/2532 2603/2552/2533
f 2604/2532/2513 2603/2552/2533 2671/2533/2514
f 2671/2533/2514 2603/2552/2533 2670/2553/2534
f 2671/2533/2514 2670/2553/2534 2738/2534/2515
f 2738/2534/2515 2670/2553/2534 2737/2554/2535
f 2738/2534/2515 2737/2554/2535 2805/2535/2516
f 2805/2535/2516 2737/2554/2535 2804/2555/2536
f 2805/2535/2516 2804/2555/2536 2872/2536/2517
f 2872/2536/2517 2804/2555/2536 2871/2556/2537
f 2872/2536/2517 2871/2556/2537 2939/2537/2518
f 2939/2537/2518 2871/2556/2537 2938/2557/2538
f 2939/2537/2518 2938/2557/2538 3006/2538/2519
f 3006/2538/2519 2938/2557/2538 3005/2558/2539
f 3006/2538/2519 3005/2558/2539 3073/2539/2520
f 3073/2539/2520 3005/2558/2539 3072/2559/2540
f 3073/2539/2520 3072/2559/2540 3140/2540/2521
f 3140/2540/2521 3072/2559/2540 3139/2560/2541
f 3140/2540/2521 3139/2560/2541 3207/2541/2522
f 3207/2541/2522 3139/2560/2541 3206/2561/2542
f 3207/2541/2522 3206/2561/2542 3274/2542/2523
f 3274/2542/2523 3206/2561/2542 3273/2562/2543
f 3274/2542/2523 3273/2562/2543 3341/2262/2245
f 3341/2262/2245 3273/2562/2543 3340/2264/2247
f 89/2543/2524 88/2563/2544 2067/2544/2525
f 2067/2544/2525 88/2563/2544 2066/2564/2545
f 2067/2544/2525 2066/2564/2545 2134/2545/2526
f 2134/2545/2526 2066/2564/2545 2133/2565/2546
f 2134/2545/2526 2133/2565/2546 2201/2546/2527
f 2201/2546/2527 2133/2565/2546 2200/2566/2547
f 2201/2546/2527 2200/2566/2547 2268/2547/2528
f 2268/2547/2528 2200/2566/2547 2267/2567/2548
f 2268/2547/2528 2267/2567/2548 2335/2548/2529
f 2335/2548/2529 2267/2567/2548 2334/2568/2549
f 2335/2548/2529 2334/2568/2549 2402/2549/2530
f 2402/2549/2530 2334/2568/2549 2401/2569/2550
f 2402/2549/2530 2401/2569/2550 2469/2550/2531
f 2469/2550/2531 2401/2569/2550 2468/2570/2551
f 2469/2550/2531 2468/2570/2551 2536/2551/2532
f 2536/2551/2532 2468/2570/2551 2535/2571/2552
f 2536/2551/2532 2535/2571/2552 2603/2552/2533
f 2603/2552/2533 2535/2571/2552 2602/2572/2553
f 2603/2552/2533 2602/2572/2553 2670/2553/2534
f 2670/2553/2534 2602/2572/2553 2669/2573/2554
f 2670/2553/2534 2669/2573/2554 2737/2554/2535
f 2737/2554/2535 2669/2573/2554 2736/2574/2555
f 2737/2554/2535 2736/2574/2555 2804/2555/2536
f 2804/2555/2536 2736/2574/2555 2803/2575/2556
f 2804/2555/2536 2803/2575/2556 2871/2556/2537
f 2871/2556/2537 2803/2575/2556 2870/2576/2557
f 2871/2556/2537 2870/2576/2557 2938/2557/2538
f 2938/2557/2538 2870/2576/2557 2937/2577/2558
f 2938/2557/2538 2937/2577/2558 3005/2558/2539
f 3005/2558/2539 2937/2577/2558 3004/2578/2559
f 3005/2558/2539 3004/2578/2559 3072/2559/2540
f 3072/2559/2540 3004/2578/2559 3071/2579/2560
f 3072/2559/2540 3071/2579/2560 3139/2560/2541
f 3139/2560/2541 3071/2579/2560 3138/2580/2561
f 3139/2560/2541 3138/2580/2561 3206/2561/2542
f 3206/2561/2542 3138/2580/2561 3205/2581/2562
f 3206/2561/2542 3205/2581/2562 3273/2562/2543
f 3273/2562/2543 3205/2581/2562 3272/2582/2563
f 3273/2562/2543 3272/2582/2563 3340/2264/2247
f 3340/2264/2247 3272/2582/2563 3339/2266/2249
f 88/2563/2544 87/2583/2564 2066/2564/2545
f 2066/2564/2545 87/2583/2564 2065/2584/2565
f 2066/2564/2545 2065/2584/2565 2133/2565/2546
f 2133/2565/2546 2065/2584/2565 2132/2585/2566
f 2133/2565/2546 2132/2585/2566 2200/2566/2547
f 2200/2566/2547 2132/2585/2566 2199/2586/2567
f 2200/2566/2547 2199/2586/2567 2267/2567/2548
f 2267/2567/2548 2199/2586/2567 2266/2587/2568
f 2267/2567/2548 2266/2587/2568 2334/2568/2549
f 2334/2568/2549 2266/2587/2568 2333/2588/2569
f 2334/2568/2549 2333/2588/2569 2401/2569/2550
f 2401/2569/2550 2333/2588/2569 2400/2589/2570
f 2401/2569/2550 2400/2589/2570 2468/2570/2551
f 2468/2570/2551 2400/2589/2570 2467/2590/2571
f 2468/2570/2551 2467/2590/2571 2535/2571/2552
f 2535/2571/2552 2467/2590/2571 2534/2591/2572
f 2535/2571/2552 2534/2591/2572 2602/2572/2553
f 2602/2572/2553 2534/2591/2572 2601/2592/2573
f 2602/2572/2553 2601/2592/2573 2669/2573/2554
f 2669/2573/2554 2601/2592/2573 2668/2593/2574
f 2669/2573/2554 2668/2593/2574 2736/2574/2555
f 2736/2574/2555 2668/2593/2574 2735/2594/2575
f 2736/2574/2555 2735/2594/2575 2803/2575/2556
f 2803/2575/2556 2735/2594/2575 2802/2595/2576
f 2803/2575/2556 2802/2595/2576 2870/2576/2557
f 2870/2576/2557 2802/2595/2576 2869/2596/2577
f 2870/2576/2557 2869/2596/2577 2937/2577/2558
f 2937/2577/2558 2869/2596/2577 2936/2597/2578
f 2937/2577/2558 2936/2597/2578 3004/2578/2559
f 3004/2578/2559 2936/2597/2578 3003/2598/2579
f 3004/2578/2559 3003/2598/2579 3071/2579/2560
f 3071/2579/2560 3003/2598/2579 3070/2599/2580
f 3071/2579/2560 3070/2599/2580 3138/2580/2561
f 3138/2580/2561 3070/2599/2580 3137/2600/2581
f 3138/2580/2561 3137/2600/2581 3205/2581/2562
f 3205/2581/2562 3137/2600/2581 3204/2601/2582
f 3205/2581/2562 3204/2601/2582 3272/2582/2563
f 3272/2582/2563 3204/2601/2582 3271/2602/2583
f 3272/2582/2563 3271/2602/2583 3339/2266/2249
f 3339/2266/2249 3271/2602/2583 3338/2268/2251
f 87/2583/2564 86/2603/2584 2065/2584/2565
f 2065/2584/2565 86/2603/2584 2064/2604/2585
f 2065/2584/2565 2064/2604/2585 2132/2585/2566
f 2132/2585/2566 2064/2604/2585 2131/2605/2586
f 2132/2585/2566 2131/2605/2586 2199/2586/2567
f 2199/2586/2567 2131/2605/2586 2198/2606/2587
f 2199/2586/2567 2198/2606/2587 2266/2587/2568
f 2266/2587/2568 2198/2606/2587 2265/2607/2588
f 2266/2587/2568 2265/2607/2588 2333/2588/2569
f 2333/2588/2569 2265/2607/2588 2332/2608/2589
f 2333/2588/2569 2332/2608/2589 2400/2589/2570
f 2400/2589/2570 2332/2608/2589 2399/2609/2590
f 2400/2589/2570 2399/2609/2590 2467/2590/2571
f 2467/2590/2571 2399/2609/2590 2466/2610/2591
f 2467/2590/2571 2466/2610/2591 2534/2591/2572
f 2534/2591/2572 2466/2610/2591 2533/2611/2592
f 2534/2591/2572 2533/2611/2592 2601/2592/2573
f 2601/2592/2573 2533/2611/2592 2600/2612/2593
f 2601/2592/2573 2600/2612/2593 2668/2593/2574
f 2668/2593/2574 2600/2612/2593 2667/2613/2594
f 2668/2593/2574 2667/2613/2594 2735/2594/2575
f 2735/2594/2575 2667/2613/2594 2734/2614/2595
f 2735/2594/2575 2734/2614/2595 2802/2595/2576
f 2802/2595/2576 2734/2614/2595 2801/2615/2596
f 2802/2595/2576 2801/2615/2596 2869/2596/2577
f 2869/2596/2577 2801/2615/2596 2868/2616/2597
f 2869/2596/2577 2868/2616/2597 2936/2597/2578
f 2936/2597/2578 2868/2616/2597 2935/2617/2598
f 2936/2597/2578 2935/2617/2598 3003/2598/2579
f 3003/2598/2579 2935/2617/2598 3002/2618/2599
f 3003/2598/2579 3002/2618/2599 3070/2599/2580
f 3070/2599/2580 3002/2618/2599 3069/2619/2600
f 3070/2599/2580 3069/2619/2600 3137/2600/2581
f 3137/2600/2581 3069/2619/2600 3136/2620/2601
f 3137/2600/2581 3136/2620/2601 3204/2601/2582
f 3204/2601/2582 3136/2620/2601 3203/2621/2602
f 3204/2601/2582 3203/2621/2602 3271/2602/2583
f 3271/2602/2583 3203/2621/2602 3270/2622/2603
f 3271/2602/2583 3270/2622/2603 3338/2268/2251
f 3338/2268/2251 3270/2622/2603 3337/2270/2253
f 86/2603/2584 85/2623/2604 2064/2604/2585
f 2064/2604/2585 85/2623/2604 2063/2624/2605
f 2064/2604/2585 2063/2624/2605 2131/2605/2586
f 2131/2605/2586 2063/2624/2605 2130/2625/2606
f 2131/2605/2586 2130/2625/2606 2198/2606/2587
f 2198/2606/2587 2130/2625/2606 2197/2626/2607
f 2198/2606/2587 2197/2626/2607 2265/2607/2588
f 2265/2607/2588 2197/2626/2607 2264/2627/2608
f 2265/2607/2588 2264/2627/2608 2332/2608/2589
f 2332/2608/2589 2264/2627/2608 2331/2628/2609
f 2332/2608/2589 2331/2628/2609 2399/2609/2590
f 2399/2609/2590 2331/2628/2609 2398/2629/2610
f 2399/2609/2590 2398/2629/2610 2466/2610/2591
f 2466/2610/2591 2398/2629/2610 2465/2630/2611
f 2466/2610/2591 2465/2630/2611 2533/2611/2592
f 2533/2611/2592 2465/2630/2611 2532/2631/2612
f 2533/2611/2592 2532/2631/2612 2600/2612/2593
f 2600/2612/2593 2532/2631/2612 2599/2632/2613
f 2600/2612/2593 2599/2632/2613 2667/2613/2594
f 2667/2613/2594 2599/2632/2613 2666/2633/2614
f 2667/2613/2594 2666/2633/2614 2734/2614/2595
f 2734/2614/2595 2666/2633/2614 2733/2634/2615
f 2734/2614/2595 2733/2634/2615 2801/2615/2596
f 2801/2615/2596 2733/2634/2615 2800/2635/2616
f 2801/2615/2596 2800/2635/2616 2868/2616/2597
f 2868/2616/2597 2800/2635/2616 2867/2636/2617
f 2868/2616/2597 2867/2636/2617 2935/2617/2598
f 2935/2617/2598 2867/2636/2617 2934/2637/2618
f 2935/2617/2598 2934/2637/2618 3002/2618/2599
f 3002/2618/2599 2934/2637/2618 3001/2638/2619
f 3002/2618/2599 3001/2638/2619 3069/2619/2600
f 3069/2619/2600 3001/2638/2619 3068/2639/2620
f 3069/2619/2600 3068/2639/2620 3136/2620/2601
f 3136/2620/2601 3068/2639/2620 3135/2640/2621
f 3136/2620/2601 3135/2640/2621 3203/2621/2602
f 3203/2621/2602 3135/2640/2621 3202/2641/2622
f 3203/2621/2602 3202/2641/2622 3270/2622/2603
f 3270/2622/2603 3202/2641/2622 3269/2642/2623
f 3270/2622/2603 3269/2642/2623 3337/2270/2253
f 3337/2270/2253 3269/2642/2623 3336/2272/2255
f 85/2623/2604 84/2643/2624 2063/2624/2605
f 2063/2624/2605 84/2643/2624 2062/2644/2625
f 2063/2624/2605 2062/2644/2625 2130/2625/2606
f 2130/2625/2606 2062/2644/2625 2129/2645/2626
f 2130/2625/2606 2129/2645/2626 2197/2626/2607
f 2197/2626/2607 2129/2645/2626 2196/2646/2627
f 2197/2626/2607 2196/2646/2627 2264/2627/2608
f 2264/2627/2608 2196/2646/2627 2263/2647/2628
f 2264/2627/2608 2263/2647/2628 2331/2628/2609
f 2331/2628/2609 2263/2647/2628 2330/2648/2629
f 2331/2628/2609 2330/2648/2629 2398/2629/2610
f 2398/2629/2610 2330/2648/2629 2397/2649/2630
f 2398/2629/2610 2397/2649/2630 2465/2630/2611
f 2465/2630/2611 2397/2649/2630 2464/2650/2631
f 2465/2630/2611 2464/2650/2631 2532/2631/2612
f 2532/2631/2612 2464/2650/2631 2531/2651/2632
f 2532/2631/2612 2531/2651/2632 2599/2632/2613
f 2599/2632/2613 2531/2651/2632 2598/2652/2633
f 2599/2632/2613 2598/2652/2633 2666/2633/2614
f 2666/2633/2614 2598/2652/2633 2665/2653/2634
f 2666/2633/2614 2665/2653/2634 2733/2634/2615
f 2733/2634/2615 2665/2653/2634 2732/2654/2635
f 2733/2634/2615 2732/2654/2635 2800/2635/2616
f 2800/2635/2616 2732/2654/2635 2799/2655/2636
f 2800/2635/2616 2799/2655/2636 2867/2636/2617
f 2867/2636/2617 2799/2655/2636 2866/2656/2637
f 2867/2636/2617 2866/2656/2637 2934/2637/2618
f 2934/2637/2618 2866/2656/2637 2933/2657/2638
f 2934/2637/2618 2933/2657/2638 3001/2638/2619
f 3001/2638/2619 2933/2657/2638 3000/2658/2639
f 3001/2638/2619 3000/2658/2639 3068/2639/2620
f 3068/2639/2620 3000/2658/2639 3067/2659/2640
f 3068/2639/2620 3067/2659/2640 3135/2640/2621
f 3135/2640/2621 3067/2659/2640 3134/2660/2641
f 3135/2640/2621 3134/2660/2641 3202/2641/2622
f 3202/2641/2622 3134/2660/2641 3201/2661/2642
f 3202/2641/2622 3201/2661/2642 3269/2642/2623
f 3269/2642/2623 3201/2661/2642 3268/2662/2643
f 3269/2642/2623 3268/2662/2643 3336/2272/2255
f 3336/2272/2255 3268/2662/2643 3335/2274/2257
f 84/2643/2624 83/2663/2644 2062/2644/2625
f 2062/2644/2625 83/2663/2644 2061/2664/2645
f 2062/2644/2625 2061/2664/2645 2129/2645/2626
f 2129/2645/2626 2061/2664/2645 2128/2665/2646
f 2129/2645/2626 2128/2665/2646 2196/2646/2627
f 2196/2646/2627 2128/2665/2646 2195/2666/2647
f 2196/2646/2627 2195/2666/2647 2263/2647/2628
f 2263/2647/2628 2195/2666/2647 2262/2667/2648
f 2263/2647/2628 2262/2667/2648 2330/2648/2629
f 2330/2648/2629 2262/2667/2648 2329/2668/2649
f 2330/2648/2629 2329/2668/2649 2397/2649/2630
f 2397/2649/2630 2329/2668/2649 2396/2669/2650
f 2397/2649/2630 2396/2669/2650 2464/2650/2631
f 2464/2650/2631 2396/2669/2650 2463/2670/2651
f 2464/2650/2631 2463/2670/2651 2531/2651/2632
f 2531/2651/2632 2463/2670/2651 2530/2671/2652
f 2531/2651/2632 2530/2671/2652 2598/2652/2633
f 2598/2652/2633 2530/2671/2652 2597/2672/2653
f 2598/2652/2633 2597/2672/2653 2665/2653/2634
f 2665/2653/2634 2597/2672/2653 2664/2673/2654
f 2665/2653/2634 2664/2673/2654 2732/2654/2635
f 2732/2654/2635 2664/2673/2654 2731/2674/2655
f 2732/2654/2635 2731/2674/2655 2799/2655/2636
f 2799/2655/2636 2731/2674/2655 2798/2675/2656
f 2799/2655/2636 2798/2675/2656 2866/2656/2637
f 2866/2656/2637 2798/2675/2656 2865/2676/2657
f 2866/2656/2637 2865/2676/2657 2933/2657/2638
f 2933/2657/2638 2865/2676/2657 2932/2677/2658
f 2933/2657/2638 2932/2677/2658 3000/2658/2639
f 3000/2658/2639 2932/2677/2658 2999/2678/2659
f 3000/2658/2639 2999/2678/2659 3067/2659/2640
f 3067/2659/2640 2999/2678/2659 3066/2679/2660
f 3067/2659/2640 3066/2679/2660 3134/2660/2641
f 3134/2660/2641 3066/2679/2660 3133/2680/2661
f 3134/2660/2641 3133/2680/2661 3201/2661/2642
f 3201/2661/2642 3133/2680/2661 3200/2681/2662
f 3201/2661/2642 3200/2681/2662 3268/2662/2643
f 3268/2662/2643 3200/2681/2662 3267/2682/2663
f 3268/2662/2643 3267/2682/2663 3335/2274/2257
f 3335/2274/2257 3267/2682/2663 3334/2277/2260
f 83/2663/2644 82/2683/2664 2061/2664/2645
f 2061/2664/2645 82/2683/2664 2060/2684/2665
f 2061/2664/2645 2060/2684/2665 2128/2665/2646
f 2128/2665/2646 2060/2684/2665 2127/2685/2666
f 2128/2665/2646 2127/2685/2666 2195/2666/2647
f 2195/2666/2647 2127/2685/2666 2194/2686/2667
f 2195/2666/2647 2194/2686/2667 2262/2667/2648
f 2262/2667/2648 2194/2686/2667 2261/2687/2668
f 2262/2667/2648 2261/2687/2668 2329/2668/2649
f 2329/2668/2649 2261/2687/2668 2328/2688/2669
f 2329/2668/2649 2328/2688/2669 2396/2669/2650
f 2396/2669/2650 2328/2688/2669 2395/2689/2670
f 2396/2669/2650 2395/2689/2670 2463/2670/2651
f 2463/2670/2651 2395/2689/2670 2462/2690/2671
f 2463/2670/2651 2462/2690/2671 2530/2671/2652
f 2530/2671/2652 2462/2690/2671 2529/2691/2672
f 2530/2671/2652 2529/2691/2672 2597/2672/2653
f 2597/2672/2653 2529/2691/2672 2596/2692/2673
f 2597/2672/2653 2596/2692/2673 2664/2673/2654
f 2664/2673/2654 2596/2692/2673 2663/2693/2674
f 2664/2673/2654 2663/2693/2674 2731/2674/2655
f 2731/2674/2655 2663/2693/2674 2730/2694/2675
f 2731/2674/2655 2730/2694/2675 2798/2675/2656
f 2798/2675/2656 2730/2694/2675 2797/2695/2676
f 2798/2675/2656 2797/2695/2676 2865/2676/2657
f 2865/2676/2657 2797/2695/2676 2864/2696/2677
f 2865/2676/2657 2864/2696/2677 2932/2677/2658
f 2932/2677/2658 2864/2696/2677 2931/2697/2678
f 2932/2677/2658 2931/2697/2678 2999/2678/2659
f 2999/2678/2659 2931/2697/2678 2998/2698/2679
f 2999/2678/2659 2998/2698/2679 3066/2679/2660
f 3066/2679/2660 2998/2698/2679 3065/2699/2680
f 3066/2679/2660 3065/2699/2680 3133/2680/2661
f 3133/2680/2661 3065/2699/2680 3132/2700/2681
f 3133/2680/2661 3132/2700/2681 3200/2681/2662
f 3200/2681/2662 3132/2700/2681 3199/2701/2682
f 3200/2681/2662 3199/2701/2682 3267/2682/2663
f 3267/2682/2663 3199/2701/2682 3266/2702/2683
f 3267/2682/2663 3266/2702/2683 3334/2277/2260
f 3334/2277/2260 3266/2702/2683 3333/2279/2262
f 82/2683/2664 81/2703/1962 2060/2684/2665
f 2060/2684/2665 81/2703/1962 1962/2704/1964
f 2060/2684/2665 1962/2704/1964 2127/2685/2666
f 2127/2685/2666 1962/2704/1964 1963/2705/1966
f 2127/2685/2666 1963/2705/1966 2194/2686/2667
f 2194/2686/2667 1963/2705/1966 1964/2706/1968
f 2194/2686/2667 1964/2706/1968 2261/2687/2668
f 2261/2687/2668 1964/2706/1968 1965/2707/1970
f 2261/2687/2668 1965/2707/1970 2328/2688/2669
f 2328/2688/2669 1965/2707/1970 1966/2708/1972
f 2328/2688/2669 1966/2708/1972 2395/2689/2670
f 2395/2689/2670 1966/2708/1972 1967/2709/1974
f 2395/2689/2670 1967/2709/1974 2462/2690/2671
f 2462/2690/2671 1967/2709/1974 1968/2710/1976
f 2462/2690/2671 1968/2710/1976 2529/2691/2672
f 2529/2691/2672 1968/2710/1976 1969/2711/1978
f 2529/2691/2672 1969/2711/1978 2596/2692/2673
f 2596/2692/2673 1969/2711/1978 1970/2712/1980
f 2596/2692/2673 1970/2712/1980 2663/2693/2674
f 2663/2693/2674 1970/2712/1980 1971/2713/1982
f 2663/2693/2674 1971/2713/1982 1972/2714/1984
f 2663/2693/2674 1972/2714/1984 2730/2694/2675
f 2730/2694/2675 1972/2714/1984 1973/2715/1985
f 2730/2694/2675 1973/2715/1985 1974/2716/1987
f 2730/2694/2675 1974/2716/1987 2797/2695/2676
f 2797/2695/2676 1974/2716/1987 1975/2717/1988
f 2797/2695/2676 1975/2717/1988 1976/2718/1990
f 2797/2695/2676 1976/2718/1990 2864/2696/2677
f 2864/2696/2677 1976/2718/1990 1977/2719/1991
f 2864/2696/2677 1977/2719/1991 1978/2720/1993
f 2864/2696/2677 1978/2720/1993 2931/2697/2678
f 2931/2697/2678 1978/2720/1993 1979/2721/1994
f 2931/2697/2678 1979/2721/1994 1980/2722/1996
f 2931/2697/2678 1980/2722/1996 2998/2698/2679
f 2998/2698/2679 1980/2722/1996 1981/2723/1997
f 2998/2698/2679 1981/2723/1997 1982/2724/1999
f 2998/2698/2679 1982/2724/1999 3065/2699/2680
f 3065/2699/2680 1982/2724/1999 1983/2725/2000
f 3065/2699/2680 1983/2725/2000 1984/2726/2002
f 3065/2699/2680 1984/2726/2002 3132/2700/2681
f 3132/2700/2681 1984/2726/2002 1985/2727/2003
f 3132/2700/2681 1985/2727/2003 1986/2728/2005
f 3132/2700/2681 1986/2728/2005 3199/2701/2682
f 3199/2701/2682 1986/2728/2005 1987/2729/2006
f 3199/2701/2682 1987/2729/2006 1988/2730/2008
f 3199/2701/2682 1988/2730/2008 3266/2702/2683
f 3266/2702/2683 1988/2730/2008 1989/2731/2009
f 3266/2702/2683 1989/2731/2009 1990/2732/2011
f 3266/2702/2683 1990/2732/2011 3333/2279/2262
f 3333/2279/2262 1990/2732/2011 1991/2733/2012
f 3333/2279/2262 1991/2733/2012 1992/2281/2014
f 3355/2234/2217 2017/2236/2219 3356/2734/2684
f 3356/2734/2684 2017/2236/2219 2018/2735/2685
f 3356/2734/2684 2018/2735/2685 3357/2736/2686
f 3357/2736/2686 2018/2735/2685 2019/2737/2687
f 3357/2736/2686 2019/2737/2687 3358/2738/2688
f 3358/2738/2688 2019/2737/2687 2020/2739/2689
f 3358/2738/2688 2020/2739/2689 3359/2740/2690
f 3359/2740/2690 2020/2739/2689 2021/2741/2691
f 3359/2740/2690 2021/2741/2691 3360/2742/2692
f 3360/2742/2692 2021/2741/2691 2022/2743/2693
f 3360/2742/2692 2022/2743/2693 3361/2744/2694
f 3361/2744/2694 2022/2743/2693 2023/2745/2695
f 3361/2744/2694 2023/2745/2695 3362/2746/2696
f 3362/2746/2696 2023/2745/2695 2024/2747/2697
f 3362/2746/2696 2024/2747/2697 3363/2748/2698
f 3363/2748/2698 2024/2747/2697 2025/2749/2699
f 3363/2748/2698 2025/2749/2699 3364/2750/2700
f 3364/2750/2700 2025/2749/2699 2026/2751/2701
f 3364/2750/2700 2026/2751/2701 3365/2752/2702
f 3365/2752/2702 2026/2751/2701 2027/2753/2703
f 3365/2752/2702 2027/2753/2703 3366/2754/2704
f 3366/2754/2704 2027/2753/2703 2028/2755/2705
f 3366/2754/2704 2028/2755/2705 3367/2756/2706
f 3367/2756/2706 2028/2755/2705 2029/2757/2707
f 3367/2756/2706 2029/2757/2707 3368/2758/2708
f 3368/2758/2708 2029/2757/2707 2030/2759/2709
f 3368/2758/2708 2030/2759/2709 3369/2760/2710
f 3369/2760/2710 2030/2759/2709 2031/2761/2711
f 3369/2760/2710 2031/2761/2711 3370/2762/2712
f 3370/2762/2712 2031/2761/2711 2032/2763/2713
f 3370/2762/2712 2032/2763/2713 3371/2764/2714
f 3371/2764/2714 2032/2763/2713 2033/2765/2715
f 3371/2764/2714 2033/2765/2715 3372/2766/2716
f 3372/2766/2716 2033/2765/2715 2034/2767/2717
f 3372/2766/2716 2034/2767/2717 3373/2768/2718
f 3373/2768/2718 2034/2767/2717 2035/2769/2719
f 3373/2768/2718 2035/2769/2719 3374/2770/2720
f 3374/2770/2720 2035/2769/2719 2036/2771/2721
f 3374/2770/2720 2036/2771/2721 3375/2772/2722
f 3375/2772/2722 2036/2771/2721 2037/2773/2723
f 3375/2772/2722 2037/2773/2723 3376/2774/2724
f 3376/2774/2724 2037/2773/2723 2038/2775/2725
f 3376/2774/2724 2038/2775/2725 3377/2776/2726
f 3377/2776/2726 2038/2775/2725 2039/2777/2727
f 3377/2776/2726 2039/2777/2727 3378/2778/2728
f 3378/2778/2728 2039/2777/2727 3379/2779/2729
f 3378/2778/2728 3379/2779/2729 3311/2780/2730
f 3311/2780/2730 3379/2779/2729 3312/2781/2731
f 3311/2780/2730 3312/2781/2731 3244/2782/2732
f 3244/2782/2732 3312/2781/2731 3245/2783/2733
f 3244/2782/2732 3245/2783/2733 3177/2784/2734
f 3177/2784/2734 3245/2783/2733 3178/2785/2735
f 3177/2784/2734 3178/2785/2735 3110/2786/2736
f 3110/2786/2736 3178/2785/2735 3111/2787/2737
f 3110/2786/2736 3111/2787/2737 3043/2788/2738
f 3043/2788/2738 3111/2787/2737 3044/2789/2739
f 3043/2788/2738 3044/2789/2739 2976/2790/2740
f 2976/2790/2740 3044/2789/2739 2977/2791/2741
f 2976/2790/2740 2977/2791/2741 2909/2792/2742
f 2909/2792/2742 2977/2791/2741 2910/2793/2743
f 2909/2792/2742 2910/2793/2743 2842/2794/2744
f 2842/2794/2744 2910/2793/2743 2843/2795/2745
f 2842/2794/2744 2843/2795/2745 2775/2796/2746
f 2775/2796/2746 2843/2795/2745 2776/2797/2747
f 2775/2796/2746 2776/2797/2747 2708/2798/2748
f 2708/2798/2748 2776/2797/2747 2709/2799/2749
f 2708/2798/2748 2709/2799/2749 2641/2800/2750
f 2641/2800/2750 2709/2799/2749 2642/2801/2751
f 2641/2800/2750 2642/2801/2751 2574/2802/2752
f 2574/2802/2752 2642/2801/2751 2575/2803/2753
f 2574/2802/2752 2575/2803/2753 2507/2804/2754
f 2507/2804/2754 2575/2803/2753 2508/2805/2755
f 2507/2804/2754 2508/2805/2755 2440/2806/2756
f 2440/2806/2756 2508/2805/2755 2441/2807/2757
f 2440/2806/2756 2441/2807/2757 2373/2808/2758
f 2373/2808/2758 2441/2807/2757 2374/2809/2759
f 2373/2808/2758 2374/2809/2759 2306/2810/2760
f 2306/2810/2760 2374/2809/2759 2307/2811/2761
f 2306/2810/2760 2307/2811/2761 2239/2812/2762
f 2239/2812/2762 2307/2811/2761 2240/2092/2075
f 2239/2812/2762 2240/2092/2075 2172/2094/2077
f 2039/2777/2727 2040/2813/2763 3379/2779/2729
f 3379/2779/2729 2040/2813/2763 3380/2814/2764
f 3379/2779/2729 3380/2814/2764 3312/2781/2731
f 3312/2781/2731 3380/2814/2764 3313/2815/2765
f 3312/2781/2731 3313/2815/2765 3245/2783/2733
f 3245/2783/2733 3313/2815/2765 3246/2816/2766
f 3245/2783/2733 3246/2816/2766 3178/2785/2735
f 3178/2785/2735 3246/2816/2766 3179/2817/2767
f 3178/2785/2735 3179/2817/2767 3111/2787/2737
f 3111/2787/2737 3179/2817/2767 3112/2818/2768
f 3111/2787/2737 3112/2818/2768 3044/2789/2739
f 3044/2789/2739 3112/2818/2768 3045/2819/2769
f 3044/2789/2739 3045/2819/2769 2977/2791/2741
f 2977/2791/2741 3045/2819/2769 2978/2820/2770
f 2977/2791/2741 2978/2820/2770 2910/2793/2743
f 2910/2793/2743 2978/2820/2770 2911/2821/2771
f 2910/2793/2743 2911/2821/2771 2843/2795/2745
f 2843/2795/2745 2911/2821/2771 2844/2822/2772
f 2843/2795/2745 2844/2822/2772 2776/2797/2747
f 2776/2797/2747 2844/2822/2772 2777/2823/2773
f 2776/2797/2747 2777/2823/2773 2709/2799/2749
f 2709/2799/2749 2777/2823/2773 2710/2824/2774
f 2709/2799/2749 2710/2824/2774 2642/2801/2751
f 2642/2801/2751 2710/2824/2774 2643/2825/2775
f 2642/2801/2751 2643/2825/2775 2575/2803/2753
f 2575/2803/2753 2643/2825/2775 2576/2826/2776
f 2575/2803/2753 2576/2826/2776 2508/2805/2755
f 2508/2805/2755 2576/2826/2776 2509/2827/2777
f 2508/2805/2755 2509/2827/2777 2441/2807/2757
f 2441/2807/2757 2509/2827/2777 2442/2828/2778
f 2441/2807/2757 2442/2828/2778 2374/2809/2759
f 2374/2809/2759 2442/2828/2778 2375/2829/2779
f 2374/2809/2759 2375/2829/2779 2307/2811/2761
f 2307/2811/2761 2375/2829/2779 2308/2090/2073
f 2307/2811/2761 2308/2090/2073 2240/2092/2075
f 2040/2813/2763 2041/2830/2780 3380/2814/2764
f 3380/2814/2764 2041/2830/2780 3381/2831/2781
f 3380/2814/2764 3381/2831/2781 3313/2815/2765
f 3313/2815/2765 3381/2831/2781 3314/2832/2782
f 3313/2815/2765 3314/2832/2782 3246/2816/2766
f 3246/2816/2766 3314/2832/2782 3247/2833/2783
f 3246/2816/2766 3247/2833/2783 3179/2817/2767
f 3179/2817/2767 3247/2833/2783 3180/2834/2784
f 3179/2817/2767 3180/2834/2784 3112/2818/2768
f 3112/2818/2768 3180/2834/2784 3113/2835/2785
f 3112/2818/2768 3113/2835/2785 3045/2819/2769
f 3045/2819/2769 3113/2835/2785 3046/2836/2786
f 3045/2819/2769 3046/2836/2786 2978/2820/2770
f 2978/2820/2770 3046/2836/2786 2979/2837/2787
f 2978/2820/2770 2979/2837/2787 2911/2821/2771
f 2911/2821/2771 2979/2837/2787 2912/2838/2788
f 2911/2821/2771 2912/2838/2788 2844/2822/2772
f 2844/2822/2772 2912/2838/2788 2845/2839/2789
f 2844/2822/2772 2845/2839/2789 2777/2823/2773
f 2777/2823/2773 2845/2839/2789 2778/2840/2790
f 2777/2823/2773 2778/2840/2790 2710/2824/2774
f 2710/2824/2774 2778/2840/2790 2711/2841/2791
f 2710/2824/2774 2711/2841/2791 2643/2825/2775
f 2643/2825/2775 2711/2841/2791 2644/2842/2792
f 2643/2825/2775 2644/2842/2792 2576/2826/2776
f 2576/2826/2776 2644/2842/2792 2577/2843/2793
f 2576/2826/2776 2577/2843/2793 2509/2827/2777
f 2509/2827/2777 2577/2843/2793 2510/2844/2794
f 2509/2827/2777 2510/2844/2794 2442/2828/2778
f 2442/2828/2778 2510/2844/2794 2443/2845/2795
f 2442/2828/2778 2443/2845/2795 2375/2829/2779
f 2375/2829/2779 2443/2845/2795 2376/2088/2071
f 2375/2829/2779 2376/2088/2071 2308/2090/2073
f 2041/2830/2780 2042/2846/2796 3381/2831/2781
f 3381/2831/2781 2042/2846/2796 3382/2847/2797
f 3381/2831/2781 3382/2847/2797 3314/2832/2782
f 3314/2832/2782 3382/2847/2797 3315/2848/2798
f 3314/2832/2782 3315/2848/2798 3247/2833/2783
f 3247/2833/2783 3315/2848/2798 3248/2849/2799
f 3247/2833/2783 3248/2849/2799 3180/2834/2784
f 3180/2834/2784 3248/2849/2799 3181/2850/2800
f 3180/2834/2784 3181/2850/2800 3113/2835/2785
f 3113/2835/2785 3181/2850/2800 3114/2851/2801
f 3113/2835/2785 3114/2851/2801 3046/2836/2786
f 3046/2836/2786 3114/2851/2801 3047/2852/2802
f 3046/2836/2786 3047/2852/2802 2979/2837/2787
f 2979/2837/2787 3047/2852/2802 2980/2853/2803
f 2979/2837/2787 2980/2853/2803 2912/2838/2788
f 2912/2838/2788 2980/2853/2803 2913/2854/2804
f 2912/2838/2788 2913/2854/2804 2845/2839/2789
f 2845/2839/2789 2913/2854/2804 2846/2855/2805
f 2845/2839/2789 2846/2855/2805 2778/2840/2790
f 2778/2840/2790 2846/2855/2805 2779/2856/2806
f 2778/2840/2790 2779/2856/2806 2711/2841/2791
f 2711/2841/2791 2779/2856/2806 2712/2857/2807
f 2711/2841/2791 2712/2857/2807 2644/2842/2792
f 2644/2842/2792 2712/2857/2807 2645/2858/2808
f 2644/2842/2792 2645/2858/2808 2577/2843/2793
f 2577/2843/2793 2645/2858/2808 2578/2859/2809
f 2577/2843/2793 2578/2859/2809 2510/2844/2794
f 2510/2844/2794 2578/2859/2809 2511/2860/2810
f 2510/2844/2794 2511/2860/2810 2443/2845/2795
f 2443/2845/2795 2511/2860/2810 2444/2086/2069
f 2443/2845/2795 2444/2086/2069 2376/2088/2071
f 2042/2846/2796 2043/2861/2811 3382/2847/2797
f 3382/2847/2797 2043/2861/2811 3383/2862/2812
f 3382/2847/2797 3383/2862/2812 3315/2848/2798
f 3315/2848/2798 3383/2862/2812 3316/2863/2813
f 3315/2848/2798 3316/2863/2813 3248/2849/2799
f 3248/2849/2799 3316/2863/2813 3249/2864/2814
f 3248/2849/2799 3249/2864/2814 3181/2850/2800
f 3181/2850/2800 3249/2864/2814 3182/2865/2815
f 3181/2850/2800 3182/2865/2815 3114/2851/2801
f 3114/2851/2801 3182/2865/2815 3115/2866/2816
f 3114/2851/2801 3115/2866/2816 3047/2852/2802
f 3047/2852/2802 3115/2866/2816 3048/2867/2817
f 3047/2852/2802 3048/2867/2817 2980/2853/2803
f 2980/2853/2803 3048/2867/2817 2981/2868/2818
f 2980/2853/2803 2981/2868/2818 2913/2854/2804
f 2913/2854/2804 2981/2868/2818 2914/2869/2819
f 2913/2854/2804 2914/2869/2819 2846/2855/2805
f 2846/2855/2805 2914/2869/2819 2847/2870/2820
f 2846/2855/2805 2847/2870/2820 2779/2856/2806
f 2779/2856/2806 2847/2870/2820 2780/2871/2821
f 2779/2856/2806 2780/2871/2821 2712/2857/2807
f 2712/2857/2807 2780/2871/2821 2713/2872/2822
f 2712/2857/2807 2713/2872/2822 2645/2858/2808
f 2645/2858/2808 2713/2872/2822 2646/2873/2823
f 2645/2858/2808 2646/2873/2823 2578/2859/2809
f 2578/2859/2809 2646/2873/2823 2579/2874/2824
f 2578/2859/2809 2579/2874/2824 2511/2860/2810
f 2511/2860/2810 2579/2874/2824 2512/2084/2067
f 2511/2860/2810 2512/2084/2067 2444/2086/2069
f 2043/2861/2811 2044/2875/2825 3383/2862/2812
f 3383/2862/2812 2044/2875/2825 3384/2876/2826
f 3383/2862/2812 3384/2876/2826 3316/2863/2813
f 3316/2863/2813 3384/2876/2826 3317/2877/2827
f 3316/2863/2813 3317/2877/2827 3249/2864/2814
f 3249/2864/2814 3317/2877/2827 3250/2878/2828
f 3249/2864/2814 3250/2878/2828 3182/2865/2815
f 3182/2865/2815 3250/2878/2828 3183/2879/2829
f 3182/2865/2815 3183/2879/2829 3115/2866/2816
f 3115/2866/2816 3183/2879/2829 3116/2880/2830
f 3115/2866/2816 3116/2880/2830 3048/2867/2817
f 3048/2867/2817 3116/2880/2830 3049/2881/2831
f 3048/2867/2817 3049/2881/2831 2981/2868/2818
f 2981/2868/2818 3049/2881/2831 2982/2882/2832
f 2981/2868/2818 2982/2882/2832 2914/2869/2819
f 2914/2869/2819 2982/2882/2832 2915/2883/2833
f 2914/2869/2819 2915/2883/2833 2847/2870/2820
f 2847/2870/2820 2915/2883/2833 2848/2884/2834
f 2847/2870/2820 2848/2884/2834 2780/2871/2821
f 2780/2871/2821 2848/2884/2834 2781/2885/2835
f 2780/2871/2821 2781/2885/2835 2713/2872/2822
f 2713/2872/2822 2781/2885/2835 2714/2886/2836
f 2713/2872/2822 2714/2886/2836 2646/2873/2823
f 2646/2873/2823 2714/2886/2836 2647/2887/2837
f 2646/2873/2823 2647/2887/2837 2579/2874/2824
f 2579/2874/2824 2647/2887/2837 2580/2082/2065
f 2579/2874/2824 2580/2082/2065 2512/2084/2067
f 2044/2875/2825 2045/2888/2838 3384/2876/2826
f 3384/2876/2826 2045/2888/2838 3385/2889/2839
f 3384/2876/2826 3385/2889/2839 3317/2877/2827
f 3317/2877/2827 3385/2889/2839 3318/2890/2840
f 3317/2877/2827 3318/2890/2840 3250/2878/2828
f 3250/2878/2828 3318/2890/2840 3251/2891/2841
f 3250/2878/2828 3251/2891/2841 3183/2879/2829
f 3183/2879/2829 3251/2891/2841 3184/2892/2842
f 3183/2879/2829 3184/2892/2842 3116/2880/2830
f 3116/2880/2830 3184/2892/2842 3117/2893/2843
f 3116/2880/2830 3117/2893/2843 3049/2881/2831
f 3049/2881/2831 3117/2893/2843 3050/2894/2844
f 3049/2881/2831 3050/2894/2844 2982/2882/2832
f 2982/2882/2832 3050/2894/2844 2983/2895/2845
f 2982/2882/2832 2983/2895/2845 2915/2883/2833
f 2915/2883/2833 2983/2895/2845 2916/2896/2846
f 2915/2883/2833 2916/2896/2846 2848/2884/2834
f 2848/2884/2834 2916/2896/2846 2849/2897/2847
f 2848/2884/2834 2849/2897/2847 2781/2885/2835
f 2781/2885/2835 2849/2897/2847 2782/2898/2848
f 2781/2885/2835 2782/2898/2848 2714/2886/2836
f 2714/2886/2836 2782/2898/2848 2715/2899/2849
f 2714/2886/2836 2715/2899/2849 2647/2887/2837
f 2647/2887/2837 2715/2899/2849 2648/2080/2063
f 2647/2887/2837 2648/2080/2063 2580/2082/2065
f 2045/2888/2838 2046/2900/2850 3385/2889/2839
f 3385/2889/2839 2046/2900/2850 3386/2901/2851
f 3385/2889/2839 3386/2901/2851 3318/2890/2840
f 3318/2890/2840 3386/2901/2851 3319/2902/2852
f 3318/2890/2840 3319/2902/2852 3251/2891/2841
f 3251/2891/2841 3319/2902/2852 3252/2903/2853
f 3251/2891/2841 3252/2903/2853 3184/2892/2842
f 3184/2892/2842 3252/2903/2853 3185/2904/2854
f 3184/2892/2842 3185/2904/2854 3117/2893/2843
f 3117/2893/2843 3185/2904/2854 3118/2905/2855
f 3117/2893/2843 3118/2905/2855 3050/2894/2844
f 3050/2894/2844 3118/2905/2855 3051/2906/2856
f 3050/2894/2844 3051/2906/2856 2983/2895/2845
f 2983/2895/2845 3051/2906/2856 2984/2907/2857
f 2983/2895/2845 2984/2907/2857 2916/2896/2846
f 2916/2896/2846 2984/2907/2857 2917/2908/2858
f 2916/2896/2846 2917/2908/2858 2849/2897/2847
f 2849/2897/2847 2917/2908/2858 2850/2909/2859
f 2849/2897/2847 2850/2909/2859 2782/2898/2848
f 2782/2898/2848 2850/2909/2859 2783/2910/2860
f 2782/2898/2848 2783/2910/2860 2715/2899/2849
f 2715/2899/2849 2783/2910/2860 2716/2078/2061
f 2715/2899/2849 2716/2078/2061 2648/2080/2063
f 2046/2900/2850 2047/2911/2861 3386/2901/2851
f 3386/2901/2851 2047/2911/2861 3387/2912/2862
f 3386/2901/2851 3387/2912/2862 3319/2902/2852
f 3319/2902/2852 3387/2912/2862 3320/2913/2863
f 3319/2902/2852 3320/2913/2863 3252/2903/2853
f 3252/2903/2853 3320/2913/2863 3253/2914/2864
f 3252/2903/2853 3253/2914/2864 3185/2904/2854
f 3185/2904/2854 3253/2914/2864 3186/2915/2865
f 3185/2904/2854 3186/2915/2865 3118/2905/2855
f 3118/2905/2855 3186/2915/2865 3119/2916/2866
f 3118/2905/2855 3119/2916/2866 3051/2906/2856
f 3051/2906/2856 3119/2916/2866 3052/2917/2867
f 3051/2906/2856 3052/2917/2867 2984/2907/2857
f 2984/2907/2857 3052/2917/2867 2985/2918/2868
f 2984/2907/2857 2985/2918/2868 2917/2908/2858
f 2917/2908/2858 2985/2918/2868 2918/2919/2869
f 2917/2908/2858 2918/2919/2869 2850/2909/2859
f 2850/2909/2859 2918/2919/2869 2851/2920/2870
f 2850/2909/2859 2851/2920/2870 2783/2910/2860
f 2783/2910/2860 2851/2920/2870 2784/2076/2059
f 2783/2910/2860 2784/2076/2059 2716/2078/2061
f 2047/2911/2861 2048/2921/2871 3387/2912/2862
f 3387/2912/2862 2048/2921/2871 3388/2922/2872
f 3387/2912/2862 3388/2922/2872 3320/2913/2863
f 3320/2913/2863 3388/2922/2872 3321/2923/2873
f 3320/2913/2863 3321/2923/2873 3253/2914/2864
f 3253/2914/2864 3321/2923/2873 3254/2924/2874
f 3253/2914/2864 3254/2924/2874 3186/2915/2865
f 3186/2915/2865 3254/2924/2874 3187/2925/2875
f 3186/2915/2865 3187/2925/2875 3119/2916/2866
f 3119/2916/2866 3187/2925/2875 3120/2926/2876
f 3119/2916/2866 3120/2926/2876 3052/2917/2867
f 3052/2917/2867 3120/2926/2876 3053/2927/2877
f 3052/2917/2867 3053/2927/2877 2985/2918/2868
f 2985/2918/2868 3053/2927/2877 2986/2928/2878
f 2985/2918/2868 2986/2928/2878 2918/2919/2869
f 2918/2919/2869 2986/2928/2878 2919/2929/2879
f 2918/2919/2869 2919/2929/2879 2851/2920/2870
f 2851/2920/2870 2919/2929/2879 2852/2074/2057
f 2851/2920/2870 2852/2074/2057 2784/2076/2059
f 2048/2921/2871 2049/2930/2880 3388/2922/2872
f 3388/2922/2872 2049/2930/2880 3389/2931/2881
f 3388/2922/2872 3389/2931/2881 3321/2923/2873
f 3321/2923/2873 3389/2931/2881 3322/2932/2882
f 3321/2923/2873 3322/2932/2882 3254/2924/2874
f 3254/2924/2874 3322/2932/2882 3255/2933/2883
f 3254/2924/2874 3255/2933/2883 3187/2925/2875
f 3187/2925/2875 3255/2933/2883 3188/2934/2884
f 3187/2925/2875 3188/2934/2884 3120/2926/2876
f 3120/2926/2876 3188/2934/2884 3121/2935/2885
f 3120/2926/2876 3121/2935/2885 3053/2927/2877
f 3053/2927/2877 3121/2935/2885 3054/2936/2886
f 3053/2927/2877 3054/2936/2886 2986/2928/2878
f 2986/2928/2878 3054/2936/2886 2987/2937/2887
f 2986/2928/2878 2987/2937/2887 2919/2929/2879
f 2919/2929/2879 2987/2937/2887 2920/2072/2055
f 2919/2929/2879 2920/2072/2055 2852/2074/2057
f 2049/2930/2880 2050/2938/2888 3389/2931/2881
f 3389/2931/2881 2050/2938/2888 3390/2939/2889
f 3389/2931/2881 3390/2939/2889 3322/2932/2882
f 3322/2932/2882 3390/2939/2889 3323/2940/2890
f 3322/2932/2882 3323/2940/2890 3255/2933/2883
f 3255/2933/2883 3323/2940/2890 3256/2941/2891
f 3255/2933/2883 3256/2941/2891 3188/2934/2884
f 3188/2934/2884 3256/2941/2891 3189/2942/2892
f 3188/2934/2884 3189/2942/2892 3121/2935/2885
f 3121/2935/2885 3189/2942/2892 3122/2943/2893
f 3121/2935/2885 3122/2943/2893 3054/2936/2886
f 3054/2936/2886 3122/2943/2893 3055/2944/2894
f 3054/2936/2886 3055/2944/2894 2987/2937/2887
f 2987/2937/2887 3055/2944/2894 2988/2070/2053
f 2987/2937/2887 2988/2070/2053 2920/2072/2055
f 2050/2938/2888 2051/2945/2895 3390/2939/2889
f 3390/2939/2889 2051/2945/2895 3391/2946/2896
f 3390/2939/2889 3391/2946/2896 3323/2940/2890
f 3323/2940/2890 3391/2946/2896 3324/2947/2897
f 3323/2940/2890 3324/2947/2897 3256/2941/2891
f 3256/2941/2891 3324/2947/2897 3257/2948/2898
f 3256/2941/2891 3257/2948/2898 3189/2942/2892
f 3189/2942/2892 3257/2948/2898 3190/2949/2899
f 3189/2942/2892 3190/2949/2899 3122/2943/2893
f 3122/2943/2893 3190/2949/2899 3123/2950/2900
f 3122/2943/2893 3123/2950/2900 3055/2944/2894
f 3055/2944/2894 3123/2950/2900 3056/2068/2051
f 3055/2944/2894 3056/2068/2051 2988/2070/2053
f 2051/2945/2895 2052/2951/2901 3391/2946/2896
f 3391/2946/2896 2052/2951/2901 3392/2952/2902
f 3391/2946/2896 3392/2952/2902 3324/2947/2897
f 3324/2947/2897 3392/2952/2902 3325/2953/2903
f 3324/2947/2897 3325/2953/2903 3257/2948/2898
f 3257/2948/2898 3325/2953/2903 3258/2954/2904
f 3257/2948/2898 3258/2954/2904 3190/2949/2899
f 3190/2949/2899 3258/2954/2904 3191/2955/2905
f 3190/2949/2899 3191/2955/2905 3123/2950/2900
f 3123/2950/2900 3191/2955/2905 3124/2066/2049
f 3123/2950/2900 3124/2066/2049 3056/2068/2051
f 2052/2951/2901 2053/2956/2906 3392/2952/2902
f 3392/2952/2902 2053/2956/2906 3393/2957/2907
f 3392/2952/2902 3393/2957/2907 3325/2953/2903
f 3325/2953/2903 3393/2957/2907 3326/2958/2908
f 3325/2953/2903 3326/2958/2908 3258/2954/2904
f 3258/2954/2904 3326/2958/2908 3259/2959/2909
f 3258/2954/2904 3259/2959/2909 3191/2955/2905
f 3191/2955/2905 3259/2959/2909 3192/2064/2047
f 3191/2955/2905 3192/2064/2047 3124/2066/2049
f 2053/2956/2906 2054/2960/2910 3393/2957/2907
f 3393/2957/2907 2054/2960/2910 3394/2961/2911
f 3393/2957/2907 3394/2961/2911 3326/2958/2908
f 3326/2958/2908 3394/2961/2911 3327/2962/2912
f 3326/2958/2908 3327/2962/2912 3259/2959/2909
f 3259/2959/2909 3327/2962/2912 3260/2062/2045
f 3259/2959/2909 3260/2062/2045 3192/2064/2047
f 2054/2960/2910 2055/2963/2913 3394/2961/2911
f 3394/2961/2911 2055/2963/2913 3395/2964/2914
f 3394/2961/2911 3395/2964/2914 3327/2962/2912
f 3327/2962/2912 3395/2964/2914 3328/2060/2043
f 3327/2962/2912 3328/2060/2043 3260/2062/2045
f 2055/2963/2913 2056/2965/2915 3395/2964/2914
f 3395/2964/2914 2056/2965/2915 3396/2058/2041
f 3395/2964/2914 3396/2058/2041 3328/2060/2043
f 2056/2965/2915 2057/2056/2039 3396/2058/2041
f 2058/2055/2038 2059/2032/2015 3399/2030/2013
f 2083/2194/2177 2082/2196/2179 2150/2966/2916
f 2150/2966/2916 2082/2196/2179 2149/2198/2181
f 2150/2966/2916 2149/2198/2181 2217/2967/2917
f 2217/2967/2917 2149/2198/2181 2216/2200/2183
f 2217/2967/2917 2216/2200/2183 2284/2968/2918
f 2284/2968/2918 2216/2200/2183 2283/2202/2185
f 2284/2968/2918 2283/2202/2185 2351/2969/2919
f 2351/2969/2919 2283/2202/2185 2350/2204/2187
f 2351/2969/2919 2350/2204/2187 2418/2970/2920
f 2418/2970/2920 2350/2204/2187 2417/2206/2189
f 2418/2970/2920 2417/2206/2189 2485/2971/2921
f 2485/2971/2921 2417/2206/2189 2484/2208/2191
f 2485/2971/2921 2484/2208/2191 2552/2972/2922
f 2552/2972/2922 2484/2208/2191 2551/2210/2193
f 2552/2972/2922 2551/2210/2193 2619/2973/2923
f 2619/2973/2923 2551/2210/2193 2618/2212/2195
f 2619/2973/2923 2618/2212/2195 2686/2974/2924
f 2686/2974/2924 2618/2212/2195 2685/2214/2197
f 2686/2974/2924 2685/2214/2197 2753/2975/2925
f 2753/2975/2925 2685/2214/2197 2752/2216/2199
f 2753/2975/2925 2752/2216/2199 2820/2976/2926
f 2820/2976/2926 2752/2216/2199 2819/2218/2201
f 2820/2976/2926 2819/2218/2201 2887/2977/2927
f 2887/2977/2927 2819/2218/2201 2886/2220/2203
f 2887/2977/2927 2886/2220/2203 2954/2978/2928
f 2954/2978/2928 2886/2220/2203 2953/2222/2205
f 2954/2978/2928 2953/2222/2205 3021/2979/2929
f 3021/2979/2929 2953/2222/2205 3020/2224/2207
f 3021/2979/2929 3020/2224/2207 3088/2980/2930
f 3088/2980/2930 3020/2224/2207 3087/2226/2209
f 3088/2980/2930 3087/2226/2209 3155/2981/2931
f 3155/2981/2931 3087/2226/2209 3154/2228/2211
f 3155/2981/2931 3154/2228/2211 3222/2982/2932
f 3222/2982/2932 3154/2228/2211 3221/2230/2213
f 3222/2982/2932 3221/2230/2213 3289/2983/2933
f 3289/2983/2933 3221/2230/2213 3288/2232/2215
f 3289/2983/2933 3288/2232/2215 3356/2734/2684
f 3356/2734/2684 3288/2232/2215 3355/2234/2217
f 2084/2192/2175 2083/2194/2177 2151/2984/2934
f 2151/2984/2934 2083/2194/2177 2150/2966/2916
f 2151/2984/2934 2150/2966/2916 2218/2985/2935
f 2218/2985/2935 2150/2966/2916 2217/2967/2917
f 2218/2985/2935 2217/2967/2917 2285/2986/2936
f 2285/2986/2936 2217/2967/2917 2284/2968/2918
f 2285/2986/2936 2284/2968/2918 2352/2987/2937
f 2352/2987/2937 2284/2968/2918 2351/2969/2919
f 2352/2987/2937 2351/2969/2919 2419/2988/2938
f 2419/2988/2938 2351/2969/2919 2418/2970/2920
f 2419/2988/2938 2418/2970/2920 2486/2989/2939
f 2486/2989/2939 2418/2970/2920 2485/2971/2921
f 2486/2989/2939 2485/2971/2921 2553/2990/2940
f 2553/2990/2940 2485/2971/2921 2552/2972/2922
f 2553/2990/2940 2552/2972/2922 2620/2991/2941
f 2620/2991/2941 2552/2972/2922 2619/2973/2923
f 2620/2991/2941 2619/2973/2923 2687/2992/2942
f 2687/2992/2942 2619/2973/2923 2686/2974/2924
f 2687/2992/2942 2686/2974/2924 2754/2993/2943
f 2754/2993/2943 2686/2974/2924 2753/2975/2925
f 2754/2993/2943 2753/2975/2925 2821/2994/2944
f 2821/2994/2944 2753/2975/2925 2820/2976/2926
f 2821/2994/2944 2820/2976/2926 2888/2995/2945
f 2888/2995/2945 2820/2976/2926 2887/2977/2927
f 2888/2995/2945 2887/2977/2927 2955/2996/2946
f 2955/2996/2946 2887/2977/2927 2954/2978/2928
f 2955/2996/2946 2954/2978/2928 3022/2997/2947
f 3022/2997/2947 2954/2978/2928 3021/2979/2929
f 3022/2997/2947 3021/2979/2929 3089/2998/2948
f 3089/2998/2948 3021/2979/2929 3088/2980/2930
f 3089/2998/2948 3088/2980/2930 3156/2999/2949
f 3156/2999/2949 3088/2980/2930 3155/2981/2931
f 3156/2999/2949 3155/2981/2931 3223/3000/2950
f 3223/3000/2950 3155/2981/2931 3222/2982/2932
f 3223/3000/2950 3222/2982/2932 3290/3001/2951
f 3290/3001/2951 3222/2982/2932 3289/2983/2933
f 3290/3001/2951 3289/2983/2933 3357/2736/2686
f 3357/2736/2686 3289/2983/2933 3356/2734/2684
f 2085/2190/2173 2084/2192/2175 2152/3002/2952
f 2152/3002/2952 2084/2192/2175 2151/2984/2934
f 2152/3002/2952 2151/2984/2934 2219/3003/2953
f 2219/3003/2953 2151/2984/2934 2218/2985/2935
f 2219/3003/2953 2218/2985/2935 2286/3004/2954
f 2286/3004/2954 2218/2985/2935 2285/2986/2936
f 2286/3004/2954 2285/2986/2936 2353/3005/2955
f 2353/3005/2955 2285/2986/2936 2352/2987/2937
f 2353/3005/2955 2352/2987/2937 2420/3006/2956
f 2420/3006/2956 2352/2987/2937 2419/2988/2938
f 2420/3006/2956 2419/2988/2938 2487/3007/2957
f 2487/3007/2957 2419/2988/2938 2486/2989/2939
f 2487/3007/2957 2486/2989/2939 2554/3008/2958
f 2554/3008/2958 2486/2989/2939 2553/2990/2940
f 2554/3008/2958 2553/2990/2940 2621/3009/2959
f 2621/3009/2959 2553/2990/2940 2620/2991/2941
f 2621/3009/2959 2620/2991/2941 2688/3010/2960
f 2688/3010/2960 2620/2991/2941 2687/2992/2942
f 2688/3010/2960 2687/2992/2942 2755/3011/2961
f 2755/3011/2961 2687/2992/2942 2754/2993/2943
f 2755/3011/2961 2754/2993/2943 2822/3012/2962
f 2822/3012/2962 2754/2993/2943 2821/2994/2944
f 2822/3012/2962 2821/2994/2944 2889/3013/2963
f 2889/3013/2963 2821/2994/2944 2888/2995/2945
f 2889/3013/2963 2888/2995/2945 2956/3014/2964
f 2956/3014/2964 2888/2995/2945 2955/2996/2946
f 2956/3014/2964 2955/2996/2946 3023/3015/2965
f 3023/3015/2965 2955/2996/2946 3022/2997/2947
f 3023/3015/2965 3022/2997/2947 3090/3016/2966
f 3090/3016/2966 3022/2997/2947 3089/2998/2948
f 3090/3016/2966 3089/2998/2948 3157/3017/2967
f 3157/3017/2967 3089/2998/2948 3156/2999/2949
f 3157/3017/2967 3156/2999/2949 3224/3018/2968
f 3224/3018/2968 3156/2999/2949 3223/3000/2950
f 3224/3018/2968 3223/3000/2950 3291/3019/2969
f 3291/3019/2969 3223/3000/2950 3290/3001/2951
f 3291/3019/2969 3290/3001/2951 3358/2738/2688
f 3358/2738/2688 3290/3001/2951 3357/2736/2686
f 2086/2188/2171 2085/2190/2173 2153/3020/2970
f 2153/3020/2970 2085/2190/2173 2152/3002/2952
f 2153/3020/2970 2152/3002/2952 2220/3021/2971
f 2220/3021/2971 2152/3002/2952 2219/3003/2953
f 2220/3021/2971 2219/3003/2953 2287/3022/2972
f 2287/3022/2972 2219/3003/2953 2286/3004/2954
f 2287/3022/2972 2286/3004/2954 2354/3023/2973
f 2354/3023/2973 2286/3004/2954 2353/3005/2955
f 2354/3023/2973 2353/3005/2955 2421/3024/2974
f 2421/3024/2974 2353/3005/2955 2420/3006/2956
f 2421/3024/2974 2420/3006/2956 2488/3025/2975
f 2488/3025/2975 2420/3006/2956 2487/3007/2957
f 2488/3025/2975 2487/3007/2957 2555/3026/2976
f 2555/3026/2976 2487/3007/2957 2554/3008/2958
f 2555/3026/2976 2554/3008/2958 2622/3027/2977
f 2622/3027/2977 2554/3008/2958 2621/3009/2959
f 2622/3027/2977 2621/3009/2959 2689/3028/2978
f 2689/3028/2978 2621/3009/2959 2688/3010/2960
f 2689/3028/2978 2688/3010/2960 2756/3029/2979
f 2756/3029/2979 2688/3010/2960 2755/3011/2961
f 2756/3029/2979 2755/3011/2961 2823/3030/2980
f 2823/3030/2980 2755/3011/2961 2822/3012/2962
f 2823/3030/2980 2822/3012/2962 2890/3031/2981
f 2890/3031/2981 2822/3012/2962 2889/3013/2963
f 2890/3031/2981 2889/3013/2963 2957/3032/2982
f 2957/3032/2982 2889/3013/2963 2956/3014/2964
f 2957/3032/2982 2956/3014/2964 3024/3033/2983
f 3024/3033/2983 2956/3014/2964 3023/3015/2965
f 3024/3033/2983 3023/3015/2965 3091/3034/2984
f 3091/3034/2984 3023/3015/2965 3090/3016/2966
f 3091/3034/2984 3090/3016/2966 3158/3035/2985
f 3158/3035/2985 3090/3016/2966 3157/3017/2967
f 3158/3035/2985 3157/3017/2967 3225/3036/2986
f 3225/3036/2986 3157/3017/2967 3224/3018/2968
f 3225/3036/2986 3224/3018/2968 3292/3037/2987
f 3292/3037/2987 3224/3018/2968 3291/3019/2969
f 3292/3037/2987 3291/3019/2969 3359/2740/2690
f 3359/2740/2690 3291/3019/2969 3358/2738/2688
f 2087/2186/2169 2086/2188/2171 2154/3038/2988
f 2154/3038/2988 2086/2188/2171 2153/3020/2970
f 2154/3038/2988 2153/3020/2970 2221/3039/2989
f 2221/3039/2989 2153/3020/2970 2220/3021/2971
f 2221/3039/2989 2220/3021/2971 2288/3040/2990
f 2288/3040/2990 2220/3021/2971 2287/3022/2972
f 2288/3040/2990 2287/3022/2972 2355/3041/2991
f 2355/3041/2991 2287/3022/2972 2354/3023/2973
f 2355/3041/2991 2354/3023/2973 2422/3042/2992
f 2422/3042/2992 2354/3023/2973 2421/3024/2974
f 2422/3042/2992 2421/3024/2974 2489/3043/2993
f 2489/3043/2993 2421/3024/2974 2488/3025/2975
f 2489/3043/2993 2488/3025/2975 2556/3044/2994
f 2556/3044/2994 2488/3025/2975 2555/3026/2976
f 2556/3044/2994 2555/3026/2976 2623/3045/2995
f 2623/3045/2995 2555/3026/2976 2622/3027/2977
f 2623/3045/2995 2622/3027/2977 2690/3046/2996
f 2690/3046/2996 2622/3027/2977 2689/3028/2978
f 2690/3046/2996 2689/3028/2978 2757/3047/2997
f 2757/3047/2997 2689/3028/2978 2756/3029/2979
f 2757/3047/2997 2756/3029/2979 2824/3048/2998
f 2824/3048/2998 2756/3029/2979 2823/3030/2980
f 2824/3048/2998 2823/3030/2980 2891/3049/2999
f 2891/3049/2999 2823/3030/2980 2890/3031/2981
f 2891/3049/2999 2890/3031/2981 2958/3050/3000
f 2958/3050/3000 2890/3031/2981 2957/3032/2982
f 2958/3050/3000 2957/3032/2982 3025/3051/3001
f 3025/3051/3001 2957/3032/2982 3024/3033/2983
f 3025/3051/3001 3024/3033/2983 3092/3052/3002
f 3092/3052/3002 3024/3033/2983 3091/3034/2984
f 3092/3052/3002 3091/3034/2984 3159/3053/3003
f 3159/3053/3003 3091/3034/2984 3158/3035/2985
f 3159/3053/3003 3158/3035/2985 3226/3054/3004
f 3226/3054/3004 3158/3035/2985 3225/3036/2986
f 3226/3054/3004 3225/3036/2986 3293/3055/3005
f 3293/3055/3005 3225/3036/2986 3292/3037/2987
f 3293/3055/3005 3292/3037/2987 3360/2742/2692
f 3360/2742/2692 3292/3037/2987 3359/2740/2690
f 2088/2184/2167 2087/2186/2169 2155/3056/3006
f 2155/3056/3006 2087/2186/2169 2154/3038/2988
f 2155/3056/3006 2154/3038/2988 2222/3057/3007
f 2222/3057/3007 2154/3038/2988 2221/3039/2989
f 2222/3057/3007 2221/3039/2989 2289/3058/3008
f 2289/3058/3008 2221/3039/2989 2288/3040/2990
f 2289/3058/3008 2288/3040/2990 2356/3059/3009
f 2356/3059/3009 2288/3040/2990 2355/3041/2991
f 2356/3059/3009 2355/3041/2991 2423/3060/3010
f 2423/3060/3010 2355/3041/2991 2422/3042/2992
f 2423/3060/3010 2422/3042/2992 2490/3061/3011
f 2490/3061/3011 2422/3042/2992 2489/3043/2993
f 2490/3061/3011 2489/3043/2993 2557/3062/3012
f 2557/3062/3012 2489/3043/2993 2556/3044/2994
f 2557/3062/3012 2556/3044/2994 2624/3063/3013
f 2624/3063/3013 2556/3044/2994 2623/3045/2995
f 2624/3063/3013 2623/3045/2995 2691/3064/3014
f 2691/3064/3014 2623/3045/2995 2690/3046/2996
f 2691/3064/3014 2690/3046/2996 2758/3065/3015
f 2758/3065/3015 2690/3046/2996 2757/3047/2997
f 2758/3065/3015 2757/3047/2997 2825/3066/3016
f 2825/3066/3016 2757/3047/2997 2824/3048/2998
f 2825/3066/3016 2824/3048/2998 2892/3067/3017
f 2892/3067/3017 2824/3048/2998 2891/3049/2999
f 2892/3067/3017 2891/3049/2999 2959/3068/3018
f 2959/3068/3018 2891/3049/2999 2958/3050/3000
f 2959/3068/3018 2958/3050/3000 3026/3069/3019
f 3026/3069/3019 2958/3050/3000 3025/3051/3001
f 3026/3069/3019 3025/3051/3001 3093/3070/3020
f 3093/3070/3020 3025/3051/3001 3092/3052/3002
f 3093/3070/3020 3092/3052/3002 3160/3071/3021
f 3160/3071/3021 3092/3052/3002 3159/3053/3003
f 3160/3071/3021 3159/3053/3003 3227/3072/3022
f 3227/3072/3022 3159/3053/3003 3226/3054/3004
f 3227/3072/3022 3226/3054/3004 3294/3073/3023
f 3294/3073/3023 3226/3054/3004 3293/3055/3005
f 3294/3073/3023 3293/3055/3005 3361/2744/2694
f 3361/2744/2694 3293/3055/3005 3360/2742/2692
f 2089/2182/2165 2088/2184/2167 2156/3074/3024
f 2156/3074/3024 2088/2184/2167 2155/3056/3006
f 2156/3074/3024 2155/3056/3006 2223/3075/3025
f 2223/3075/3025 2155/3056/3006 2222/3057/3007
f 2223/3075/3025 2222/3057/3007 2290/3076/3026
f 2290/3076/3026 2222/3057/3007 2289/3058/3008
f 2290/3076/3026 2289/3058/3008 2357/3077/3027
f 2357/3077/3027 2289/3058/3008 2356/3059/3009
f 2357/3077/3027 2356/3059/3009 2424/3078/3028
f 2424/3078/3028 2356/3059/3009 2423/3060/3010
f 2424/3078/3028 2423/3060/3010 2491/3079/3029
f 2491/3079/3029 2423/3060/3010 2490/3061/3011
f 2491/3079/3029 2490/3061/3011 2558/3080/3030
f 2558/3080/3030 2490/3061/3011 2557/3062/3012
f 2558/3080/3030 2557/3062/3012 2625/3081/3031
f 2625/3081/3031 2557/3062/3012 2624/3063/3013
f 2625/3081/3031 2624/3063/3013 2692/3082/3032
f 2692/3082/3032 2624/3063/3013 2691/3064/3014
f 2692/3082/3032 2691/3064/3014 2759/3083/3033
f 2759/3083/3033 2691/3064/3014 2758/3065/3015
f 2759/3083/3033 2758/3065/3015 2826/3084/3034
f 2826/3084/3034 2758/3065/3015 2825/3066/3016
f 2826/3084/3034 2825/3066/3016 2893/3085/3035
f 2893/3085/3035 2825/3066/3016 2892/3067/3017
f 2893/3085/3035 2892/3067/3017 2960/3086/3036
f 2960/3086/3036 2892/3067/3017 2959/3068/3018
f 2960/3086/3036 2959/3068/3018 3027/3087/3037
f 3027/3087/3037 2959/3068/3018 3026/3069/3019
f 3027/3087/3037 3026/3069/3019 3094/3088/3038
f 3094/3088/3038 3026/3069/3019 3093/3070/3020
f 3094/3088/3038 3093/3070/3020 3161/3089/3039
f 3161/3089/3039 3093/3070/3020 3160/3071/3021
f 3161/3089/3039 3160/3071/3021 3228/3090/3040
f 3228/3090/3040 3160/3071/3021 3227/3072/3022
f 3228/3090/3040 3227/3072/3022 3295/3091/3041
f 3295/3091/3041 3227/3072/3022 3294/3073/3023
f 3295/3091/3041 3294/3073/3023 3362/2746/2696
f 3362/2746/2696 3294/3073/3023 3361/2744/2694
f 2090/2180/2163 2089/2182/2165 2157/3092/3042
f 2157/3092/3042 2089/2182/2165 2156/3074/3024
f 2157/3092/3042 2156/3074/3024 2224/3093/3043
f 2224/3093/3043 2156/3074/3024 2223/3075/3025
f 2224/3093/3043 2223/3075/3025 2291/3094/3044
f 2291/3094/3044 2223/3075/3025 2290/3076/3026
f 2291/3094/3044 2290/3076/3026 2358/3095/3045
f 2358/3095/3045 2290/3076/3026 2357/3077/3027
f 2358/3095/3045 2357/3077/3027 2425/3096/3046
f 2425/3096/3046 2357/3077/3027 2424/3078/3028
f 2425/3096/3046 2424/3078/3028 2492/3097/3047
f 2492/3097/3047 2424/3078/3028 2491/3079/3029
f 2492/3097/3047 2491/3079/3029 2559/3098/3048
f 2559/3098/3048 2491/3079/3029 2558/3080/3030
f 2559/3098/3048 2558/3080/3030 2626/3099/3049
f 2626/3099/3049 2558/3080/3030 2625/3081/3031
f 2626/3099/3049 2625/3081/3031 2693/3100/3050
f 2693/3100/3050 2625/3081/3031 2692/3082/3032
f 2693/3100/3050 2692/3082/3032 2760/3101/3051
f 2760/3101/3051 2692/3082/3032 2759/3083/3033
f 2760/3101/3051 2759/3083/3033 2827/3102/3052
f 2827/3102/3052 2759/3083/3033 2826/3084/3034
f 2827/3102/3052 2826/3084/3034 2894/3103/3053
f 2894/3103/3053 2826/3084/3034 2893/3085/3035
f 2894/3103/3053 2893/3085/3035 2961/3104/3054
f 2961/3104/3054 2893/3085/3035 2960/3086/3036
f 2961/3104/3054 2960/3086/3036 3028/3105/3055
f 3028/3105/3055 2960/3086/3036 3027/3087/3037
f 3028/3105/3055 3027/3087/3037 3095/3106/3056
f 3095/3106/3056 3027/3087/3037 3094/3088/3038
f 3095/3106/3056 3094/3088/3038 3162/3107/3057
f 3162/3107/3057 3094/3088/3038 3161/3089/3039
f 3162/3107/3057 3161/3089/3039 3229/3108/3058
f 3229/3108/3058 3161/3089/3039 3228/3090/3040
f 3229/3108/3058 3228/3090/3040 3296/3109/3059
f 3296/3109/3059 3228/3090/3040 3295/3091/3041
f 3296/3109/3059 3295/3091/3041 3363/2748/2698
f 3363/2748/2698 3295/3091/3041 3362/2746/2696
f 2091/2178/2161 2090/2180/2163 2158/3110/3060
f 2158/3110/3060 2090/2180/2163 2157/3092/3042
f 2158/3110/3060 2157/3092/3042 2225/3111/3061
f 2225/3111/3061 2157/3092/3042 2224/3093/3043
f 2225/3111/3061 2224/3093/3043 2292/3112/3062
f 2292/3112/3062 2224/3093/3043 2291/3094/3044
f 2292/3112/3062 2291/3094/3044 2359/3113/3063
f 2359/3113/3063 2291/3094/3044 2358/3095/3045
f 2359/3113/3063 2358/3095/3045 2426/3114/3064
f 2426/3114/3064 2358/3095/3045 2425/3096/3046
f 2426/3114/3064 2425/3096/3046 2493/3115/3065
f 2493/3115/3065 2425/3096/3046 2492/3097/3047
f 2493/3115/3065 2492/3097/3047 2560/3116/3066
f 2560/3116/3066 2492/3097/3047 2559/3098/3048
f 2560/3116/3066 2559/3098/3048 2627/3117/3067
f 2627/3117/3067 2559/3098/3048 2626/3099/3049
f 2627/3117/3067 2626/3099/3049 2694/3118/3068
f 2694/3118/3068 2626/3099/3049 2693/3100/3050
f 2694/3118/3068 2693/3100/3050 2761/3119/3069
f 2761/3119/3069 2693/3100/3050 2760/3101/3051
f 2761/3119/3069 2760/3101/3051 2828/3120/3070
f 2828/3120/3070 2760/3101/3051 2827/3102/3052
f 2828/3120/3070 2827/3102/3052 2895/3121/3071
f 2895/3121/3071 2827/3102/3052 2894/3103/3053
f 2895/3121/3071 2894/3103/3053 2962/3122/3072
f 2962/3122/3072 2894/3103/3053 2961/3104/3054
f 2962/3122/3072 2961/3104/3054 3029/3123/3073
f 3029/3123/3073 2961/3104/3054 3028/3105/3055
f 3029/3123/3073 3028/3105/3055 3096/3124/3074
f 3096/3124/3074 3028/3105/3055 3095/3106/3056
f 3096/3124/3074 3095/3106/3056 3163/3125/3075
f 3163/3125/3075 3095/3106/3056 3162/3107/3057
f 3163/3125/3075 3162/3107/3057 3230/3126/3076
f 3230/3126/3076 3162/3107/3057 3229/3108/3058
f 3230/3126/3076 3229/3108/3058 3297/3127/3077
f 3297/3127/3077 3229/3108/3058 3296/3109/3059
f 3297/3127/3077 3296/3109/3059 3364/2750/2700
f 3364/2750/2700 3296/3109/3059 3363/2748/2698
f 2092/2176/2159 2091/2178/2161 2159/3128/3078
f 2159/3128/3078 2091/2178/2161 2158/3110/3060
f 2159/3128/3078 2158/3110/3060 2226/3129/3079
f 2226/3129/3079 2158/3110/3060 2225/3111/3061
f 2226/3129/3079 2225/3111/3061 2293/3130/3080
f 2293/3130/3080 2225/3111/3061 2292/3112/3062
f 2293/3130/3080 2292/3112/3062 2360/3131/3081
f 2360/3131/3081 2292/3112/3062 2359/3113/3063
f 2360/3131/3081 2359/3113/3063 2427/3132/3082
f 2427/3132/3082 2359/3113/3063 2426/3114/3064
f 2427/3132/3082 2426/3114/3064 2494/3133/3083
f 2494/3133/3083 2426/3114/3064 2493/3115/3065
f 2494/3133/3083 2493/3115/3065 2561/3134/3084
f 2561/3134/3084 2493/3115/3065 2560/3116/3066
f 2561/3134/3084 2560/3116/3066 2628/3135/3085
f 2628/3135/3085 2560/3116/3066 2627/3117/3067
f 2628/3135/3085 2627/3117/3067 2695/3136/3086
f 2695/3136/3086 2627/3117/3067 2694/3118/3068
f 2695/3136/3086 2694/3118/3068 2762/3137/3087
f 2762/3137/3087 2694/3118/3068 2761/3119/3069
f 2762/3137/3087 2761/3119/3069 2829/3138/3088
f 2829/3138/3088 2761/3119/3069 2828/3120/3070
f 2829/3138/3088 2828/3120/3070 2896/3139/3089
f 2896/3139/3089 2828/3120/3070 2895/3121/3071
f 2896/3139/3089 2895/3121/3071 2963/3140/3090
f 2963/3140/3090 2895/3121/3071 2962/3122/3072
f 2963/3140/3090 2962/3122/3072 3030/3141/3091
f 3030/3141/3091 2962/3122/3072 3029/3123/3073
f 3030/3141/3091 3029/3123/3073 3097/3142/3092
f 3097/3142/3092 3029/3123/3073 3096/3124/3074
f 3097/3142/3092 3096/3124/3074 3164/3143/3093
f 3164/3143/3093 3096/3124/3074 3163/3125/3075
f 3164/3143/3093 3163/3125/3075 3231/3144/3094
f 3231/3144/3094 3163/3125/3075 3230/3126/3076
f 3231/3144/3094 3230/3126/3076 3298/3145/3095
f 3298/3145/3095 3230/3126/3076 3297/3127/3077
f 3298/3145/3095 3297/3127/3077 3365/2752/2702
f 3365/2752/2702 3297/3127/3077 3364/2750/2700
f 2093/2174/2157 2092/2176/2159 2160/3146/3096
f 2160/3146/3096 2092/2176/2159 2159/3128/3078
f 2160/3146/3096 2159/3128/3078 2227/3147/3097
f 2227/3147/3097 2159/3128/3078 2226/3129/3079
f 2227/3147/3097 2226/3129/3079 2294/3148/3098
f 2294/3148/3098 2226/3129/3079 2293/3130/3080
f 2294/3148/3098 2293/3130/3080 2361/3149/3099
f 2361/3149/3099 2293/3130/3080 2360/3131/3081
f 2361/3149/3099 2360/3131/3081 2428/3150/3100
f 2428/3150/3100 2360/3131/3081 2427/3132/3082
f 2428/3150/3100 2427/3132/3082 2495/3151/3101
f 2495/3151/3101 2427/3132/3082 2494/3133/3083
f 2495/3151/3101 2494/3133/3083 2562/3152/3102
f 2562/3152/3102 2494/3133/3083 2561/3134/3084
f 2562/3152/3102 2561/3134/3084 2629/3153/3103
f 2629/3153/3103 2561/3134/3084 2628/3135/3085
f 2629/3153/3103 2628/3135/3085 2696/3154/3104
f 2696/3154/3104 2628/3135/3085 2695/3136/3086
f 2696/3154/3104 2695/3136/3086 2763/3155/3105
f 2763/3155/3105 2695/3136/3086 2762/3137/3087
f 2763/3155/3105 2762/3137/3087 2830/3156/3106
f 2830/3156/3106 2762/3137/3087 2829/3138/3088
f 2830/3156/3106 2829/3138/3088 2897/3157/3107
f 2897/3157/3107 2829/3138/3088 2896/3139/3089
f 2897/3157/3107 2896/3139/3089 2964/3158/3108
f 2964/3158/3108 2896/3139/3089 2963/3140/3090
f 2964/3158/3108 2963/3140/3090 3031/3159/3109
f 3031/3159/3109 2963/3140/3090 3030/3141/3091
f 3031/3159/3109 3030/3141/3091 3098/3160/3110
f 3098/3160/3110 3030/3141/3091 3097/3142/3092
f 3098/3160/3110 3097/3142/3092 3165/3161/3111
f 3165/3161/3111 3097/3142/3092 3164/3143/3093
f 3165/3161/3111 3164/3143/3093 3232/3162/3112
f 3232/3162/3112 3164/3143/3093 3231/3144/3094
f 3232/3162/3112 3231/3144/3094 3299/3163/3113
f 3299/3163/3113 3231/3144/3094 3298/3145/3095
f 3299/3163/3113 3298/3145/3095 3366/2754/2704
f 3366/2754/2704 3298/3145/3095 3365/2752/2702
f 2094/2172/2155 2093/2174/2157 2161/3164/3114
f 2161/3164/3114 2093/2174/2157 2160/3146/3096
f 2161/3164/3114 2160/3146/3096 2228/3165/3115
f 2228/3165/3115 2160/3146/3096 2227/3147/3097
f 2228/3165/3115 2227/3147/3097 2295/3166/3116
f 2295/3166/3116 2227/3147/3097 2294/3148/3098
f 2295/3166/3116 2294/3148/3098 2362/3167/3117
f 2362/3167/3117 2294/3148/3098 2361/3149/3099
f 2362/3167/3117 2361/3149/3099 2429/3168/3118
f 2429/3168/3118 2361/3149/3099 2428/3150/3100
f 2429/3168/3118 2428/3150/3100 2496/3169/3119
f 2496/3169/3119 2428/3150/3100 2495/3151/3101
f 2496/3169/3119 2495/3151/3101 2563/3170/3120
f 2563/3170/3120 2495/3151/3101 2562/3152/3102
f 2563/3170/3120 2562/3152/3102 2630/3171/3121
f 2630/3171/3121 2562/3152/3102 2629/3153/3103
f 2630/3171/3121 2629/3153/3103 2697/3172/3122
f 2697/3172/3122 2629/3153/3103 2696/3154/3104
f 2697/3172/3122 2696/3154/3104 2764/3173/3123
f 2764/3173/3123 2696/3154/3104 2763/3155/3105
f 2764/3173/3123 2763/3155/3105 2831/3174/3124
f 2831/3174/3124 2763/3155/3105 2830/3156/3106
f 2831/3174/3124 2830/3156/3106 2898/3175/3125
f 2898/3175/3125 2830/3156/3106 2897/3157/3107
f 2898/3175/3125 2897/3157/3107 2965/3176/3126
f 2965/3176/3126 2897/3157/3107 2964/3158/3108
f 2965/3176/3126 2964/3158/3108 3032/3177/3127
f 3032/3177/3127 2964/3158/3108 3031/3159/3109
f 3032/3177/3127 3031/3159/3109 3099/3178/3128
f 3099/3178/3128 3031/3159/3109 3098/3160/3110
f 3099/3178/3128 3098/3160/3110 3166/3179/3129
f 3166/3179/3129 3098/3160/3110 3165/3161/3111
f 3166/3179/3129 3165/3161/3111 3233/3180/3130
f 3233/3180/3130 3165/3161/3111 3232/3162/3112
f 3233/3180/3130 3232/3162/3112 3300/3181/3131
f 3300/3181/3131 3232/3162/3112 3299/3163/3113
f 3300/3181/3131 3299/3163/3113 3367/2756/2706
f 3367/2756/2706 3299/3163/3113 3366/2754/2704
f 2095/2170/2153 2094/2172/2155 2162/3182/3132
f 2162/3182/3132 2094/2172/2155 2161/3164/3114
f 2162/3182/3132 2161/3164/3114 2229/3183/3133
f 2229/3183/3133 2161/3164/3114 2228/3165/3115
f 2229/3183/3133 2228/3165/3115 2296/3184/3134
f 2296/3184/3134 2228/3165/3115 2295/3166/3116
f 2296/3184/3134 2295/3166/3116 2363/3185/3135
f 2363/3185/3135 2295/3166/3116 2362/3167/3117
f 2363/3185/3135 2362/3167/3117 2430/3186/3136
f 2430/3186/3136 2362/3167/3117 2429/3168/3118
f 2430/3186/3136 2429/3168/3118 2497/3187/3137
f 2497/3187/3137 2429/3168/3118 2496/3169/3119
f 2497/3187/3137 2496/3169/3119 2564/3188/3138
f 2564/3188/3138 2496/3169/3119 2563/3170/3120
f 2564/3188/3138 2563/3170/3120 2631/3189/3139
f 2631/3189/3139 2563/3170/3120 2630/3171/3121
f 2631/3189/3139 2630/3171/3121 2698/3190/3140
f 2698/3190/3140 2630/3171/3121 2697/3172/3122
f 2698/3190/3140 2697/3172/3122 2765/3191/3141
f 2765/3191/3141 2697/3172/3122 2764/3173/3123
f 2765/3191/3141 2764/3173/3123 2832/3192/3142
f 2832/3192/3142 2764/3173/3123 2831/3174/3124
f 2832/3192/3142 2831/3174/3124 2899/3193/3143
f 2899/3193/3143 2831/3174/3124 2898/3175/3125
f 2899/3193/3143 2898/3175/3125 2966/3194/3144
f 2966/3194/3144 2898/3175/3125 2965/3176/3126
f 2966/3194/3144 2965/3176/3126 3033/3195/3145
f 3033/3195/3145 2965/3176/3126 3032/3177/3127
f 3033/3195/3145 3032/3177/3127 3100/3196/3146
f 3100/3196/3146 3032/3177/3127 3099/3178/3128
f 3100/3196/3146 3099/3178/3128 3167/3197/3147
f 3167/3197/3147 3099/3178/3128 3166/3179/3129
f 3167/3197/3147 3166/3179/3129 3234/3198/3148
f 3234/3198/3148 3166/3179/3129 3233/3180/3130
f 3234/3198/3148 3233/3180/3130 3301/3199/3149
f 3301/3199/3149 3233/3180/3130 3300/3181/3131
f 3301/3199/3149 3300/3181/3131 3368/2758/2708
f 3368/2758/2708 3300/3181/3131 3367/2756/2706
f 2096/2168/2151 2095/2170/2153 2163/3200/3150
f 2163/3200/3150 2095/2170/2153 2162/3182/3132
f 2163/3200/3150 2162/3182/3132 2230/3201/3151
f 2230/3201/3151 2162/3182/3132 2229/3183/3133
f 2230/3201/3151 2229/3183/3133 2297/3202/3152
f 2297/3202/3152 2229/3183/3133 2296/3184/3134
f 2297/3202/3152 2296/3184/3134 2364/3203/3153
f 2364/3203/3153 2296/3184/3134 2363/3185/3135
f 2364/3203/3153 2363/3185/3135 2431/3204/3154
f 2431/3204/3154 2363/3185/3135 2430/3186/3136
f 2431/3204/3154 2430/3186/3136 2498/3205/3155
f 2498/3205/3155 2430/3186/3136 2497/3187/3137
f 2498/3205/3155 2497/3187/3137 2565/3206/3156
f 2565/3206/3156 2497/3187/3137 2564/3188/3138
f 2565/3206/3156 2564/3188/3138 2632/3207/3157
f 2632/3207/3157 2564/3188/3138 2631/3189/3139
f 2632/3207/3157 2631/3189/3139 2699/3208/3158
f 2699/3208/3158 2631/3189/3139 2698/3190/3140
f 2699/3208/3158 2698/3190/3140 2766/3209/3159
f 2766/3209/3159 2698/3190/3140 2765/3191/3141
f 2766/3209/3159 2765/3191/3141 2833/3210/3160
f 2833/3210/3160 2765/3191/3141 2832/3192/3142
f 2833/3210/3160 2832/3192/3142 2900/3211/3161
f 2900/3211/3161 2832/3192/3142 2899/3193/3143
f 2900/3211/3161 2899/3193/3143 2967/3212/3162
f 2967/3212/3162 2899/3193/3143 2966/3194/3144
f 2967/3212/3162 2966/3194/3144 3034/3213/3163
f 3034/3213/3163 2966/3194/3144 3033/3195/3145
f 3034/3213/3163 3033/3195/3145 3101/3214/3164
f 3101/3214/3164 3033/3195/3145 3100/3196/3146
f 3101/3214/3164 3100/3196/3146 3168/3215/3165
f 3168/3215/3165 3100/3196/3146 3167/3197/3147
f 3168/3215/3165 3167/3197/3147 3235/3216/3166
f 3235/3216/3166 3167/3197/3147 3234/3198/3148
f 3235/3216/3166 3234/3198/3148 3302/3217/3167
f 3302/3217/3167 3234/3198/3148 3301/3199/3149
f 3302/3217/3167 3301/3199/3149 3369/2760/2710
f 3369/2760/2710 3301/3199/3149 3368/2758/2708
f 2097/2166/2149 2096/2168/2151 2164/3218/3168
f 2164/3218/3168 2096/2168/2151 2163/3200/3150
f 2164/3218/3168 2163/3200/3150 2231/3219/3169
f 2231/3219/3169 2163/3200/3150 2230/3201/3151
f 2231/3219/3169 2230/3201/3151 2298/3220/3170
f 2298/3220/3170 2230/3201/3151 2297/3202/3152
f 2298/3220/3170 2297/3202/3152 2365/3221/3171
f 2365/3221/3171 2297/3202/3152 2364/3203/3153
f 2365/3221/3171 2364/3203/3153 2432/3222/3172
f 2432/3222/3172 2364/3203/3153 2431/3204/3154
f 2432/3222/3172 2431/3204/3154 2499/3223/3173
f 2499/3223/3173 2431/3204/3154 2498/3205/3155
f 2499/3223/3173 2498/3205/3155 2566/3224/3174
f 2566/3224/3174 2498/3205/3155 2565/3206/3156
f 2566/3224/3174 2565/3206/3156 2633/3225/3175
f 2633/3225/3175 2565/3206/3156 2632/3207/3157
f 2633/3225/3175 2632/3207/3157 2700/3226/3176
f 2700/3226/3176 2632/3207/3157 2699/3208/3158
f 2700/3226/3176 2699/3208/3158 2767/3227/3177
f 2767/3227/3177 2699/3208/3158 2766/3209/3159
f 2767/3227/3177 2766/3209/3159 2834/3228/3178
f 2834/3228/3178 2766/3209/3159 2833/3210/3160
f 2834/3228/3178 2833/3210/3160 2901/3229/3179
f 2901/3229/3179 2833/3210/3160 2900/3211/3161
f 2901/3229/3179 2900/3211/3161 2968/3230/3180
f 2968/3230/3180 2900/3211/3161 2967/3212/3162
f 2968/3230/3180 2967/3212/3162 3035/3231/3181
f 3035/3231/3181 2967/3212/3162 3034/3213/3163
f 3035/3231/3181 3034/3213/3163 3102/3232/3182
f 3102/3232/3182 3034/3213/3163 3101/3214/3164
f 3102/3232/3182 3101/3214/3164 3169/3233/3183
f 3169/3233/3183 3101/3214/3164 3168/3215/3165
f 3169/3233/3183 3168/3215/3165 3236/3234/3184
f 3236/3234/3184 3168/3215/3165 3235/3216/3166
f 3236/3234/3184 3235/3216/3166 3303/3235/3185
f 3303/3235/3185 3235/3216/3166 3302/3217/3167
f 3303/3235/3185 3302/3217/3167 3370/2762/2712
f 3370/2762/2712 3302/3217/3167 3369/2760/2710
f 2098/2164/2147 2097/2166/2149 2165/3236/3186
f 2165/3236/3186 2097/2166/2149 2164/3218/3168
f 2165/3236/3186 2164/3218/3168 2232/3237/3187
f 2232/3237/3187 2164/3218/3168 2231/3219/3169
f 2232/3237/3187 2231/3219/3169 2299/3238/3188
f 2299/3238/3188 2231/3219/3169 2298/3220/3170
f 2299/3238/3188 2298/3220/3170 2366/3239/3189
f 2366/3239/3189 2298/3220/3170 2365/3221/3171
f 2366/3239/3189 2365/3221/3171 2433/3240/3190
f 2433/3240/3190 2365/3221/3171 2432/3222/3172
f 2433/3240/3190 2432/3222/3172 2500/3241/3191
f 2500/3241/3191 2432/3222/3172 2499/3223/3173
f 2500/3241/3191 2499/3223/3173 2567/3242/3192
f 2567/3242/3192 2499/3223/3173 2566/3224/3174
f 2567/3242/3192 2566/3224/3174 2634/3243/3193
f 2634/3243/3193 2566/3224/3174 2633/3225/3175
f 2634/3243/3193 2633/3225/3175 2701/3244/3194
f 2701/3244/3194 2633/3225/3175 2700/3226/3176
f 2701/3244/3194 2700/3226/3176 2768/3245/3195
f 2768/3245/3195 2700/3226/3176 2767/3227/3177
f 2768/3245/3195 2767/3227/3177 2835/3246/3196
f 2835/3246/3196 2767/3227/3177 2834/3228/3178
f 2835/3246/3196 2834/3228/3178 2902/3247/3197
f 2902/3247/3197 2834/3228/3178 2901/3229/3179
f 2902/3247/3197 2901/3229/3179 2969/3248/3198
f 2969/3248/3198 2901/3229/3179 2968/3230/3180
f 2969/3248/3198 2968/3230/3180 3036/3249/3199
f 3036/3249/3199 2968/3230/3180 3035/3231/3181
f 3036/3249/3199 3035/3231/3181 3103/3250/3200
f 3103/3250/3200 3035/3231/3181 3102/3232/3182
f 3103/3250/3200 3102/3232/3182 3170/3251/3201
f 3170/3251/3201 3102/3232/3182 3169/3233/3183
f 3170/3251/3201 3169/3233/3183 3237/3252/3202
f 3237/3252/3202 3169/3233/3183 3236/3234/3184
f 3237/3252/3202 3236/3234/3184 3304/3253/3203
f 3304/3253/3203 3236/3234/3184 3303/3235/3185
f 3304/3253/3203 3303/3235/3185 3371/2764/2714
f 3371/2764/2714 3303/3235/3185 3370/2762/2712
f 2099/2162/2145 2098/2164/2147 2166/3254/3204
f 2166/3254/3204 2098/2164/2147 2165/3236/3186
f 2166/3254/3204 2165/3236/3186 2233/3255/3205
f 2233/3255/3205 2165/3236/3186 2232/3237/3187
f 2233/3255/3205 2232/3237/3187 2300/3256/3206
f 2300/3256/3206 2232/3237/3187 2299/3238/3188
f 2300/3256/3206 2299/3238/3188 2367/3257/3207
f 2367/3257/3207 2299/3238/3188 2366/3239/3189
f 2367/3257/3207 2366/3239/3189 2434/3258/3208
f 2434/3258/3208 2366/3239/3189 2433/3240/3190
f 2434/3258/3208 2433/3240/3190 2501/3259/3209
f 2501/3259/3209 2433/3240/3190 2500/3241/3191
f 2501/3259/3209 2500/3241/3191 2568/3260/3210
f 2568/3260/3210 2500/3241/3191 2567/3242/3192
f 2568/3260/3210 2567/3242/3192 2635/3261/3211
f 2635/3261/3211 2567/3242/3192 2634/3243/3193
f 2635/3261/3211 2634/3243/3193 2702/3262/3212
f 2702/3262/3212 2634/3243/3193 2701/3244/3194
f 2702/3262/3212 2701/3244/3194 2769/3263/3213
f 2769/3263/3213 2701/3244/3194 2768/3245/3195
f 2769/3263/3213 2768/3245/3195 2836/3264/3214
f 2836/3264/3214 2768/3245/3195 2835/3246/3196
f 2836/3264/3214 2835/3246/3196 2903/3265/3215
f 2903/3265/3215 2835/3246/3196 2902/3247/3197
f 2903/3265/3215 2902/3247/3197 2970/3266/3216
f 2970/3266/3216 2902/3247/3197 2969/3248/3198
f 2970/3266/3216 2969/3248/3198 3037/3267/3217
f 3037/3267/3217 2969/3248/3198 3036/3249/3199
f 3037/3267/3217 3036/3249/3199 3104/3268/3218
f 3104/3268/3218 3036/3249/3199 3103/3250/3200
f 3104/3268/3218 3103/3250/3200 3171/3269/3219
f 3171/3269/3219 3103/3250/3200 3170/3251/3201
f 3171/3269/3219 3170/3251/3201 3238/3270/3220
f 3238/3270/3220 3170/3251/3201 3237/3252/3202
f 3238/3270/3220 3237/3252/3202 3305/3271/3221
f 3305/3271/3221 3237/3252/3202 3304/3253/3203
f 3305/3271/3221 3304/3253/3203 3372/2766/2716
f 3372/2766/2716 3304/3253/3203 3371/2764/2714
f 2100/2160/2143 2099/2162/2145 2167/3272/3222
f 2167/3272/3222 2099/2162/2145 2166/3254/3204
f 2167/3272/3222 2166/3254/3204 2234/3273/3223
f 2234/3273/3223 2166/3254/3204 2233/3255/3205
f 2234/3273/3223 2233/3255/3205 2301/3274/3224
f 2301/3274/3224 2233/3255/3205 2300/3256/3206
f 2301/3274/3224 2300/3256/3206 2368/3275/3225
f 2368/3275/3225 2300/3256/3206 2367/3257/3207
f 2368/3275/3225 2367/3257/3207 2435/3276/3226
f 2435/3276/3226 2367/3257/3207 2434/3258/3208
f 2435/3276/3226 2434/3258/3208 2502/3277/3227
f 2502/3277/3227 2434/3258/3208 2501/3259/3209
f 2502/3277/3227 2501/3259/3209 2569/3278/3228
f 2569/3278/3228 2501/3259/3209 2568/3260/3210
f 2569/3278/3228 2568/3260/3210 2636/3279/3229
f 2636/3279/3229 2568/3260/3210 2635/3261/3211
f 2636/3279/3229 2635/3261/3211 2703/3280/3230
f 2703/3280/3230 2635/3261/3211 2702/3262/3212
f 2703/3280/3230 2702/3262/3212 2770/3281/3231
f 2770/3281/3231 2702/3262/3212 2769/3263/3213
f 2770/3281/3231 2769/3263/3213 2837/3282/3232
f 2837/3282/3232 2769/3263/3213 2836/3264/3214
f 2837/3282/3232 2836/3264/3214 2904/3283/3233
f 2904/3283/3233 2836/3264/3214 2903/3265/3215
f 2904/3283/3233 2903/3265/3215 2971/3284/3234
f 2971/3284/3234 2903/3265/3215 2970/3266/3216
f 2971/3284/3234 2970/3266/3216 3038/3285/3235
f 3038/3285/3235 2970/3266/3216 3037/3267/3217
f 3038/3285/3235 3037/3267/3217 3105/3286/3236
f 3105/3286/3236 3037/3267/3217 3104/3268/3218
f 3105/3286/3236 3104/3268/3218 3172/3287/3237
f 3172/3287/3237 3104/3268/3218 3171/3269/3219
f 3172/3287/3237 3171/3269/3219 3239/3288/3238
f 3239/3288/3238 3171/3269/3219 3238/3270/3220
f 3239/3288/3238 3238/3270/3220 3306/3289/3239
f 3306/3289/3239 3238/3270/3220 3305/3271/3221
f 3306/3289/3239 3305/3271/3221 3373/2768/2718
f 3373/2768/2718 3305/3271/3221 3372/2766/2716
f 2101/2158/2141 2100/2160/2143 2168/3290/3240
f 2168/3290/3240 2100/2160/2143 2167/3272/3222
f 2168/3290/3240 2167/3272/3222 2235/3291/3241
f 2235/3291/3241 2167/3272/3222 2234/3273/3223
f 2235/3291/3241 2234/3273/3223 2302/3292/3242
f 2302/3292/3242 2234/3273/3223 2301/3274/3224
f 2302/3292/3242 2301/3274/3224 2369/3293/3243
f 2369/3293/3243 2301/3274/3224 2368/3275/3225
f 2369/3293/3243 2368/3275/3225 2436/3294/3244
f 2436/3294/3244 2368/3275/3225 2435/3276/3226
f 2436/3294/3244 2435/3276/3226 2503/3295/3245
f 2503/3295/3245 2435/3276/3226 2502/3277/3227
f 2503/3295/3245 2502/3277/3227 2570/3296/3246
f 2570/3296/3246 2502/3277/3227 2569/3278/3228
f 2570/3296/3246 2569/3278/3228 2637/3297/3247
f 2637/3297/3247 2569/3278/3228 2636/3279/3229
f 2637/3297/3247 2636/3279/3229 2704/3298/3248
f 2704/3298/3248 2636/3279/3229 2703/3280/3230
f 2704/3298/3248 2703/3280/3230 2771/3299/3249
f 2771/3299/3249 2703/3280/3230 2770/3281/3231
f 2771/3299/3249 2770/3281/3231 2838/3300/3250
f 2838/3300/3250 2770/3281/3231 2837/3282/3232
f 2838/3300/3250 2837/3282/3232 2905/3301/3251
f 2905/3301/3251 2837/3282/3232 2904/3283/3233
f 2905/3301/3251 2904/3283/3233 2972/3302/3252
f 2972/3302/3252 2904/3283/3233 2971/3284/3234
f 2972/3302/3252 2971/3284/3234 3039/3303/3253
f 3039/3303/3253 2971/3284/3234 3038/3285/3235
f 3039/3303/3253 3038/3285/3235 3106/3304/3254
f 3106/3304/3254 3038/3285/3235 3105/3286/3236
f 3106/3304/3254 3105/3286/3236 3173/3305/3255
f 3173/3305/3255 3105/3286/3236 3172/3287/3237
f 3173/3305/3255 3172/3287/3237 3240/3306/3256
f 3240/3306/3256 3172/3287/3237 3239/3288/3238
f 3240/3306/3256 3239/3288/3238 3307/3307/3257
f 3307/3307/3257 3239/3288/3238 3306/3289/3239
f 3307/3307/3257 3306/3289/3239 3374/2770/2720
f 3374/2770/2720 3306/3289/3239 3373/2768/2718
f 2102/2156/2139 2101/2158/2141 2169/3308/3258
f 2169/3308/3258 2101/2158/2141 2168/3290/3240
f 2169/3308/3258 2168/3290/3240 2236/3309/3259
f 2236/3309/3259 2168/3290/3240 2235/3291/3241
f 2236/3309/3259 2235/3291/3241 2303/3310/3260
f 2303/3310/3260 2235/3291/3241 2302/3292/3242
f 2303/3310/3260 2302/3292/3242 2370/3311/3261
f 2370/3311/3261 2302/3292/3242 2369/3293/3243
f 2370/3311/3261 2369/3293/3243 2437/3312/3262
f 2437/3312/3262 2369/3293/3243 2436/3294/3244
f 2437/3312/3262 2436/3294/3244 2504/3313/3263
f 2504/3313/3263 2436/3294/3244 2503/3295/3245
f 2504/3313/3263 2503/3295/3245 2571/3314/3264
f 2571/3314/3264 2503/3295/3245 2570/3296/3246
f 2571/3314/3264 2570/3296/3246 2638/3315/3265
f 2638/3315/3265 2570/3296/3246 2637/3297/3247
f 2638/3315/3265 2637/3297/3247 2705/3316/3266
f 2705/3316/3266 2637/3297/3247 2704/3298/3248
f 2705/3316/3266 2704/3298/3248 2772/3317/3267
f 2772/3317/3267 2704/3298/3248 2771/3299/3249
f 2772/3317/3267 2771/3299/3249 2839/3318/3268
f 2839/3318/3268 2771/3299/3249 2838/3300/3250
f 2839/3318/3268 2838/3300/3250 2906/3319/3269
f 2906/3319/3269 2838/3300/3250 2905/3301/3251
f 2906/3319/3269 2905/3301/3251 2973/3320/3270
f 2973/3320/3270 2905/3301/3251 2972/3302/3252
f 2973/3320/3270 2972/3302/3252 3040/3321/3271
f 3040/3321/3271 2972/3302/3252 3039/3303/3253
f 3040/3321/3271 3039/3303/3253 3107/3322/3272
f 3107/3322/3272 3039/3303/3253 3106/3304/3254
f 3107/3322/3272 3106/3304/3254 3174/3323/3273
f 3174/3323/3273 3106/3304/3254 3173/3305/3255
f 3174/3323/3273 3173/3305/3255 3241/3324/3274
f 3241/3324/3274 3173/3305/3255 3240/3306/3256
f 3241/3324/3274 3240/3306/3256 3308/3325/3275
f 3308/3325/3275 3240/3306/3256 3307/3307/3257
f 3308/3325/3275 3307/3307/3257 3375/2772/2722
f 3375/2772/2722 3307/3307/3257 3374/2770/2720
f 2103/2154/2137 2102/2156/2139 2170/3326/3276
f 2170/3326/3276 2102/2156/2139 2169/3308/3258
f 2170/3326/3276 2169/3308/3258 2237/3327/3277
f 2237/3327/3277 2169/3308/3258 2236/3309/3259
f 2237/3327/3277 2236/3309/3259 2304/3328/3278
f 2304/3328/3278 2236/3309/3259 2303/3310/3260
f 2304/3328/3278 2303/3310/3260 2371/3329/3279
f 2371/3329/3279 2303/3310/3260 2370/3311/3261
f 2371/3329/3279 2370/3311/3261 2438/3330/3280
f 2438/3330/3280 2370/3311/3261 2437/3312/3262
f 2438/3330/3280 2437/3312/3262 2505/3331/3281
f 2505/3331/3281 2437/3312/3262 2504/3313/3263
f 2505/3331/3281 2504/3313/3263 2572/3332/3282
f 2572/3332/3282 2504/3313/3263 2571/3314/3264
f 2572/3332/3282 2571/3314/3264 2639/3333/3283
f 2639/3333/3283 2571/3314/3264 2638/3315/3265
f 2639/3333/3283 2638/3315/3265 2706/3334/3284
f 2706/3334/3284 2638/3315/3265 2705/3316/3266
f 2706/3334/3284 2705/3316/3266 2773/3335/3285
f 2773/3335/3285 2705/3316/3266 2772/3317/3267
f 2773/3335/3285 2772/3317/3267 2840/3336/3286
f 2840/3336/3286 2772/3317/3267 2839/3318/3268
f 2840/3336/3286 2839/3318/3268 2907/3337/3287
f 2907/3337/3287 2839/3318/3268 2906/3319/3269
f 2907/3337/3287 2906/3319/3269 2974/3338/3288
f 2974/3338/3288 2906/3319/3269 2973/3320/3270
f 2974/3338/3288 2973/3320/3270 3041/3339/3289
f 3041/3339/3289 2973/3320/3270 3040/3321/3271
f 3041/3339/3289 3040/3321/3271 3108/3340/3290
f 3108/3340/3290 3040/3321/3271 3107/3322/3272
f 3108/3340/3290 3107/3322/3272 3175/3341/3291
f 3175/3341/3291 3107/3322/3272 3174/3323/3273
f 3175/3341/3291 3174/3323/3273 3242/3342/3292
f 3242/3342/3292 3174/3323/3273 3241/3324/3274
f 3242/3342/3292 3241/3324/3274 3309/3343/3293
f 3309/3343/3293 3241/3324/3274 3308/3325/3275
f 3309/3343/3293 3308/3325/3275 3376/2774/2724
f 3376/2774/2724 3308/3325/3275 3375/2772/2722
f 2104/2096/2079 2103/2154/2137 2171/3344/3294
f 2171/3344/3294 2103/2154/2137 2170/3326/3276
f 2171/3344/3294 2170/3326/3276 2238/3345/3295
f 2238/3345/3295 2170/3326/3276 2237/3327/3277
f 2238/3345/3295 2237/3327/3277 2305/3346/3296
f 2305/3346/3296 2237/3327/3277 2304/3328/3278
f 2305/3346/3296 2304/3328/3278 2372/3347/3297
f 2372/3347/3297 2304/3328/3278 2371/3329/3279
f 2372/3347/3297 2371/3329/3279 2439/3348/3298
f 2439/3348/3298 2371/3329/3279 2438/3330/3280
f 2439/3348/3298 2438/3330/3280 2506/3349/3299
f 2506/3349/3299 2438/3330/3280 2505/3331/3281
f 2506/3349/3299 2505/3331/3281 2573/3350/3300
f 2573/3350/3300 2505/3331/3281 2572/3332/3282
f 2573/3350/3300 2572/3332/3282 2640/3351/3301
f 2640/3351/3301 2572/3332/3282 2639/3333/3283
f 2640/3351/3301 2639/3333/3283 2707/3352/3302
f 2707/3352/3302 2639/3333/3283 2706/3334/3284
f 2707/3352/3302 2706/3334/3284 2774/3353/3303
f 2774/3353/3303 2706/3334/3284 2773/3335/3285
f 2774/3353/3303 2773/3335/3285 2841/3354/3304
f 2841/3354/3304 2773/3335/3285 2840/3336/3286
f 2841/3354/3304 2840/3336/3286 2908/3355/3305
f 2908/3355/3305 2840/3336/3286 2907/3337/3287
f 2908/3355/3305 2907/3337/3287 2975/3356/3306
f 2975/3356/3306 2907/3337/3287 2974/3338/3288
f 2975/3356/3306 2974/3338/3288 3042/3357/3307
f 3042/3357/3307 2974/3338/3288 3041/3339/3289
f 3042/3357/3307 3041/3339/3289 3109/3358/3308
f 3109/3358/3308 3041/3339/3289 3108/3340/3290
f 3109/3358/3308 3108/3340/3290 3176/3359/3309
f 3176/3359/3309 3108/3340/3290 3175/3341/3291
f 3176/3359/3309 3175/3341/3291 3243/3360/3310
f 3243/3360/3310 3175/3341/3291 3242/3342/3292
f 3243/3360/3310 3242/3342/3292 3310/3361/3311
f 3310/3361/3311 3242/3342/3292 3309/3343/3293
f 3310/3361/3311 3309/3343/3293 3377/2776/2726
f 3377/2776/2726 3309/3343/3293 3376/2774/2724
f 2105/2095/2078 2173/2093/2076 2106/2153/2136
f 2106/2153/2136 2173/2093/2076 2174/3362/3312
f 2106/2153/2136 2174/3362/3312 2107/2151/2134
f 2107/2151/2134 2174/3362/3312 2175/3363/3313
f 2107/2151/2134 2175/3363/3313 2108/2149/2132
f 2108/2149/2132 2175/3363/3313 2176/3364/3314
f 2108/2149/2132 2176/3364/3314 2109/2147/2130
f 2109/2147/2130 2176/3364/3314 2177/3365/3315
f 2109/2147/2130 2177/3365/3315 2110/2145/2128
f 2110/2145/2128 2177/3365/3315 2178/3366/3316
f 2110/2145/2128 2178/3366/3316 2111/2143/2126
f 2111/2143/2126 2178/3366/3316 2179/3367/3317
f 2111/2143/2126 2179/3367/3317 2112/2141/2124
f 2112/2141/2124 2179/3367/3317 2180/3368/3318
f 2112/2141/2124 2180/3368/3318 2113/2139/2122
f 2113/2139/2122 2180/3368/3318 2181/3369/3319
f 2113/2139/2122 2181/3369/3319 2114/2137/2120
f 2114/2137/2120 2181/3369/3319 2182/3370/3320
f 2114/2137/2120 2182/3370/3320 2115/2135/2118
f 2115/2135/2118 2182/3370/3320 2183/3371/3321
f 2115/2135/2118 2183/3371/3321 2116/2133/2116
f 2116/2133/2116 2183/3371/3321 2184/3372/3322
f 2116/2133/2116 2184/3372/3322 2117/2131/2114
f 2117/2131/2114 2184/3372/3322 2185/3373/3323
f 2117/2131/2114 2185/3373/3323 2118/2129/2112
f 2118/2129/2112 2185/3373/3323 2186/3374/3324
f 2118/2129/2112 2186/3374/3324 2119/2127/2110
f 2119/2127/2110 2186/3374/3324 2187/3375/3325
f 2119/2127/2110 2187/3375/3325 2120/2125/2108
f 2120/2125/2108 2187/3375/3325 2188/3376/3326
f 2120/2125/2108 2188/3376/3326 2121/2123/2106
f 2121/2123/2106 2188/3376/3326 2189/3377/3327
f 2121/2123/2106 2189/3377/3327 2122/2121/2104
f 2122/2121/2104 2189/3377/3327 2190/3378/3328
f 2122/2121/2104 2190/3378/3328 2123/2119/2102
f 2123/2119/2102 2190/3378/3328 2191/2101/2084
f 2123/2119/2102 2191/2101/2084 2124/2100/2083
f 2239/2812/2762 2172/2094/2077 2171/3344/3294
f 2171/3344/3294 2172/2094/2077 2104/2096/2079
f 2239/2812/2762 2171/3344/3294 2238/3345/3295
f 2173/2093/2076 2241/2091/2074 2174/3362/3312
f 2174/3362/3312 2241/2091/2074 2242/3379/3329
f 2174/3362/3312 2242/3379/3329 2175/3363/3313
f 2175/3363/3313 2242/3379/3329 2243/3380/3330
f 2175/3363/3313 2243/3380/3330 2176/3364/3314
f 2176/3364/3314 2243/3380/3330 2244/3381/3331
f 2176/3364/3314 2244/3381/3331 2177/3365/3315
f 2177/3365/3315 2244/3381/3331 2245/3382/3332
f 2177/3365/3315 2245/3382/3332 2178/3366/3316
f 2178/3366/3316 2245/3382/3332 2246/3383/3333
f 2178/3366/3316 2246/3383/3333 2179/3367/3317
f 2179/3367/3317 2246/3383/3333 2247/3384/3334
f 2179/3367/3317 2247/3384/3334 2180/3368/3318
f 2180/3368/3318 2247/3384/3334 2248/3385/3335
f 2180/3368/3318 2248/3385/3335 2181/3369/3319
f 2181/3369/3319 2248/3385/3335 2249/3386/3336
f 2181/3369/3319 2249/3386/3336 2182/3370/3320
f 2182/3370/3320 2249/3386/3336 2250/3387/3337
f 2182/3370/3320 2250/3387/3337 2183/3371/3321
f 2183/3371/3321 2250/3387/3337 2251/3388/3338
f 2183/3371/3321 2251/3388/3338 2184/3372/3322
f 2184/3372/3322 2251/3388/3338 2252/3389/3339
f 2184/3372/3322 2252/3389/3339 2185/3373/3323
f 2185/3373/3323 2252/3389/3339 2253/3390/3340
f 2185/3373/3323 2253/3390/3340 2186/3374/3324
f 2186/3374/3324 2253/3390/3340 2254/3391/3341
f 2186/3374/3324 2254/3391/3341 2187/3375/3325
f 2187/3375/3325 2254/3391/3341 2255/3392/3342
f 2187/3375/3325 2255/3392/3342 2188/3376/3326
f 2188/3376/3326 2255/3392/3342 2256/3393/3343
f 2188/3376/3326 2256/3393/3343 2189/3377/3327
f 2189/3377/3327 2256/3393/3343 2257/3394/3344
f 2189/3377/3327 2257/3394/3344 2190/3378/3328
f 2190/3378/3328 2257/3394/3344 2258/2102/2085
f 2190/3378/3328 2258/2102/2085 2191/2101/2084
f 2306/2810/2760 2239/2812/2762 2238/3345/3295
f 2306/2810/2760 2238/3345/3295 2305/3346/3296
f 2241/2091/2074 2309/2089/2072 2242/3379/3329
f 2242/3379/3329 2309/2089/2072 2310/3395/3345
f 2242/3379/3329 2310/3395/3345 2243/3380/3330
f 2243/3380/3330 2310/3395/3345 2311/3396/3346
f 2243/3380/3330 2311/3396/3346 2244/3381/3331
f 2244/3381/3331 2311/3396/3346 2312/3397/3347
f 2244/3381/3331 2312/3397/3347 2245/3382/3332
f 2245/3382/3332 2312/3397/3347 2313/3398/3348
f 2245/3382/3332 2313/3398/3348 2246/3383/3333
f 2246/3383/3333 2313/3398/3348 2314/3399/3349
f 2246/3383/3333 2314/3399/3349 2247/3384/3334
f 2247/3384/3334 2314/3399/3349 2315/3400/3350
f 2247/3384/3334 2315/3400/3350 2248/3385/3335
f 2248/3385/3335 2315/3400/3350 2316/3401/3351
f 2248/3385/3335 2316/3401/3351 2249/3386/3336
f 2249/3386/3336 2316/3401/3351 2317/3402/3352
f 2249/3386/3336 2317/3402/3352 2250/3387/3337
f 2250/3387/3337 2317/3402/3352 2318/3403/3353
f 2250/3387/3337 2318/3403/3353 2251/3388/3338
f 2251/3388/3338 2318/3403/3353 2319/3404/3354
f 2251/3388/3338 2319/3404/3354 2252/3389/3339
f 2252/3389/3339 2319/3404/3354 2320/3405/3355
f 2252/3389/3339 2320/3405/3355 2253/3390/3340
f 2253/3390/3340 2320/3405/3355 2321/3406/3356
f 2253/3390/3340 2321/3406/3356 2254/3391/3341
f 2254/3391/3341 2321/3406/3356 2322/3407/3357
f 2254/3391/3341 2322/3407/3357 2255/3392/3342
f 2255/3392/3342 2322/3407/3357 2323/3408/3358
f 2255/3392/3342 2323/3408/3358 2256/3393/3343
f 2256/3393/3343 2323/3408/3358 2324/3409/3359
f 2256/3393/3343 2324/3409/3359 2257/3394/3344
f 2257/3394/3344 2324/3409/3359 2325/2103/2086
f 2257/3394/3344 2325/2103/2086 2258/2102/2085
f 2373/2808/2758 2306/2810/2760 2305/3346/3296
f 2373/2808/2758 2305/3346/3296 2372/3347/3297
f 2309/2089/2072 2377/2087/2070 2310/3395/3345
f 2310/3395/3345 2377/2087/2070 2378/3410/3360
f 2310/3395/3345 2378/3410/3360 2311/3396/3346
f 2311/3396/3346 2378/3410/3360 2379/3411/3361
f 2311/3396/3346 2379/3411/3361 2312/3397/3347
f 2312/3397/3347 2379/3411/3361 2380/3412/3362
f 2312/3397/3347 2380/3412/3362 2313/3398/3348
f 2313/3398/3348 2380/3412/3362 2381/3413/3363
f 2313/3398/3348 2381/3413/3363 2314/3399/3349
f 2314/3399/3349 2381/3413/3363 2382/3414/3364
f 2314/3399/3349 2382/3414/3364 2315/3400/3350
f 2315/3400/3350 2382/3414/3364 2383/3415/3365
f 2315/3400/3350 2383/3415/3365 2316/3401/3351
f 2316/3401/3351 2383/3415/3365 2384/3416/3366
f 2316/3401/3351 2384/3416/3366 2317/3402/3352
f 2317/3402/3352 2384/3416/3366 2385/3417/3367
f 2317/3402/3352 2385/3417/3367 2318/3403/3353
f 2318/3403/3353 2385/3417/3367 2386/3418/3368
f 2318/3403/3353 2386/3418/3368 2319/3404/3354
f 2319/3404/3354 2386/3418/3368 2387/3419/3369
f 2319/3404/3354 2387/3419/3369 2320/3405/3355
f 2320/3405/3355 2387/3419/3369 2388/3420/3370
f 2320/3405/3355 2388/3420/3370 2321/3406/3356
f 2321/3406/3356 2388/3420/3370 2389/3421/3371
f 2321/3406/3356 2389/3421/3371 2322/3407/3357
f 2322/3407/3357 2389/3421/3371 2390/3422/3372
f 2322/3407/3357 2390/3422/3372 2323/3408/3358
f 2323/3408/3358 2390/3422/3372 2391/3423/3373
f 2323/3408/3358 2391/3423/3373 2324/3409/3359
f 2324/3409/3359 2391/3423/3373 2392/2104/2087
f 2324/3409/3359 2392/2104/2087 2325/2103/2086
f 2440/2806/2756 2373/2808/2758 2372/3347/3297
f 2440/2806/2756 2372/3347/3297 2439/3348/3298
f 2377/2087/2070 2445/2085/2068 2378/3410/3360
f 2378/3410/3360 2445/2085/2068 2446/3424/3374
f 2378/3410/3360 2446/3424/3374 2379/3411/3361
f 2379/3411/3361 2446/3424/3374 2447/3425/3375
f 2379/3411/3361 2447/3425/3375 2380/3412/3362
f 2380/3412/3362 2447/3425/3375 2448/3426/3376
f 2380/3412/3362 2448/3426/3376 2381/3413/3363
f 2381/3413/3363 2448/3426/3376 2449/3427/3377
f 2381/3413/3363 2449/3427/3377 2382/3414/3364
f 2382/3414/3364 2449/3427/3377 2450/3428/3378
f 2382/3414/3364 2450/3428/3378 2383/3415/3365
f 2383/3415/3365 2450/3428/3378 2451/3429/3379
f 2383/3415/3365 2451/3429/3379 2384/3416/3366
f 2384/3416/3366 2451/3429/3379 2452/3430/3380
f 2384/3416/3366 2452/3430/3380 2385/3417/3367
f 2385/3417/3367 2452/3430/3380 2453/3431/3381
f 2385/3417/3367 2453/3431/3381 2386/3418/3368
f 2386/3418/3368 2453/3431/3381 2454/3432/3382
f 2386/3418/3368 2454/3432/3382 2387/3419/3369
f 2387/3419/3369 2454/3432/3382 2455/3433/3383
f 2387/3419/3369 2455/3433/3383 2388/3420/3370
f 2388/3420/3370 2455/3433/3383 2456/3434/3384
f 2388/3420/3370 2456/3434/3384 2389/3421/3371
f 2389/3421/3371 2456/3434/3384 2457/3435/3385
f 2389/3421/3371 2457/3435/3385 2390/3422/3372
f 2390/3422/3372 2457/3435/3385 2458/3436/3386
f 2390/3422/3372 2458/3436/3386 2391/3423/3373
f 2391/3423/3373 2458/3436/3386 2459/2105/2088
f 2391/3423/3373 2459/2105/2088 2392/2104/2087
f 2507/2804/2754 2440/2806/2756 2439/3348/3298
f 2507/2804/2754 2439/3348/3298 2506/3349/3299
f 2445/2085/2068 2513/2083/2066 2446/3424/3374
f 2446/3424/3374 2513/2083/2066 2514/3437/3387
f 2446/3424/3374 2514/3437/3387 2447/3425/3375
f 2447/3425/3375 2514/3437/3387 2515/3438/3388
f 2447/3425/3375 2515/3438/3388 2448/3426/3376
f 2448/3426/3376 2515/3438/3388 2516/3439/3389
f 2448/3426/3376 2516/3439/3389 2449/3427/3377
f 2449/3427/3377 2516/3439/3389 2517/3440/3390
f 2449/3427/3377 2517/3440/3390 2450/3428/3378
f 2450/3428/3378 2517/3440/3390 2518/3441/3391
f 2450/3428/3378 2518/3441/3391 2451/3429/3379
f 2451/3429/3379 2518/3441/3391 2519/3442/3392
f 2451/3429/3379 2519/3442/3392 2452/3430/3380
f 2452/3430/3380 2519/3442/3392 2520/3443/3393
f 2452/3430/3380 2520/3443/3393 2453/3431/3381
f 2453/3431/3381 2520/3443/3393 2521/3444/3394
f 2453/3431/3381 2521/3444/3394 2454/3432/3382
f 2454/3432/3382 2521/3444/3394 2522/3445/3395
f 2454/3432/3382 2522/3445/3395 2455/3433/3383
f 2455/3433/3383 2522/3445/3395 2523/3446/3396
f 2455/3433/3383 2523/3446/3396 2456/3434/3384
f 2456/3434/3384 2523/3446/3396 2524/3447/3397
f 2456/3434/3384 2524/3447/3397 2457/3435/3385
f 2457/3435/3385 2524/3447/3397 2525/3448/3398
f 2457/3435/3385 2525/3448/3398 2458/3436/3386
f 2458/3436/3386 2525/3448/3398 2526/2106/2089
f 2458/3436/3386 2526/2106/2089 2459/2105/2088
f 2574/2802/2752 2507/2804/2754 2506/3349/3299
f 2574/2802/2752 2506/3349/3299 2573/3350/3300
f 2513/2083/2066 2581/2081/2064 2514/3437/3387
f 2514/3437/3387 2581/2081/2064 2582/3449/3399
f 2514/3437/3387 2582/3449/3399 2515/3438/3388
f 2515/3438/3388 2582/3449/3399 2583/3450/3400
f 2515/3438/3388 2583/3450/3400 2516/3439/3389
f 2516/3439/3389 2583/3450/3400 2584/3451/3401
f 2516/3439/3389 2584/3451/3401 2517/3440/3390
f 2517/3440/3390 2584/3451/3401 2585/3452/3402
f 2517/3440/3390 2585/3452/3402 2518/3441/3391
f 2518/3441/3391 2585/3452/3402 2586/3453/3403
f 2518/3441/3391 2586/3453/3403 2519/3442/3392
f 2519/3442/3392 2586/3453/3403 2587/3454/3404
f 2519/3442/3392 2587/3454/3404 2520/3443/3393
f 2520/3443/3393 2587/3454/3404 2588/3455/3405
f 2520/3443/3393 2588/3455/3405 2521/3444/3394
f 2521/3444/3394 2588/3455/3405 2589/3456/3406
f 2521/3444/3394 2589/3456/3406 2522/3445/3395
f 2522/3445/3395 2589/3456/3406 2590/3457/3407
f 2522/3445/3395 2590/3457/3407 2523/3446/3396
f 2523/3446/3396 2590/3457/3407 2591/3458/3408
f 2523/3446/3396 2591/3458/3408 2524/3447/3397
f 2524/3447/3397 2591/3458/3408 2592/3459/3409
f 2524/3447/3397 2592/3459/3409 2525/3448/3398
f 2525/3448/3398 2592/3459/3409 2593/2107/2090
f 2525/3448/3398 2593/2107/2090 2526/2106/2089
f 2641/2800/2750 2574/2802/2752 2573/3350/3300
f 2641/2800/2750 2573/3350/3300 2640/3351/3301
f 2581/2081/2064 2649/2079/2062 2582/3449/3399
f 2582/3449/3399 2649/2079/2062 2650/3460/3410
f 2582/3449/3399 2650/3460/3410 2583/3450/3400
f 2583/3450/3400 2650/3460/3410 2651/3461/3411
f 2583/3450/3400 2651/3461/3411 2584/3451/3401
f 2584/3451/3401 2651/3461/3411 2652/3462/3412
f 2584/3451/3401 2652/3462/3412 2585/3452/3402
f 2585/3452/3402 2652/3462/3412 2653/3463/3413
f 2585/3452/3402 2653/3463/3413 2586/3453/3403
f 2586/3453/3403 2653/3463/3413 2654/3464/3414
f 2586/3453/3403 2654/3464/3414 2587/3454/3404
f 2587/3454/3404 2654/3464/3414 2655/3465/3415
f 2587/3454/3404 2655/3465/3415 2588/3455/3405
f 2588/3455/3405 2655/3465/3415 2656/3466/3416
f 2588/3455/3405 2656/3466/3416 2589/3456/3406
f 2589/3456/3406 2656/3466/3416 2657/3467/3417
f 2589/3456/3406 2657/3467/3417 2590/3457/3407
f 2590/3457/3407 2657/3467/3417 2658/3468/3418
f 2590/3457/3407 2658/3468/3418 2591/3458/3408
f 2591/3458/3408 2658/3468/3418 2659/3469/3419
f 2591/3458/3408 2659/3469/3419 2592/3459/3409
f 2592/3459/3409 2659/3469/3419 2660/2108/2091
f 2592/3459/3409 2660/2108/2091 2593/2107/2090
f 2708/2798/2748 2641/2800/2750 2640/3351/3301
f 2708/2798/2748 2640/3351/3301 2707/3352/3302
f 2649/2079/2062 2717/2077/2060 2650/3460/3410
f 2650/3460/3410 2717/2077/2060 2718/3470/3420
f 2650/3460/3410 2718/3470/3420 2651/3461/3411
f 2651/3461/3411 2718/3470/3420 2719/3471/3421
f 2651/3461/3411 2719/3471/3421 2652/3462/3412
f 2652/3462/3412 2719/3471/3421 2720/3472/3422
f 2652/3462/3412 2720/3472/3422 2653/3463/3413
f 2653/3463/3413 2720/3472/3422 2721/3473/3423
f 2653/3463/3413 2721/3473/3423 2654/3464/3414
f 2654/3464/3414 2721/3473/3423 2722/3474/3424
f 2654/3464/3414 2722/3474/3424 2655/3465/3415
f 2655/3465/3415 2722/3474/3424 2723/3475/3425
f 2655/3465/3415 2723/3475/3425 2656/3466/3416
f 2656/3466/3416 2723/3475/3425 2724/3476/3426
f 2656/3466/3416 2724/3476/3426 2657/3467/3417
f 2657/3467/3417 2724/3476/3426 2725/3477/3427
f 2657/3467/3417 2725/3477/3427 2658/3468/3418
f 2658/3468/3418 2725/3477/3427 2726/3478/3428
f 2658/3468/3418 2726/3478/3428 2659/3469/3419
f 2659/3469/3419 2726/3478/3428 2727/2109/2092
f 2659/3469/3419 2727/2109/2092 2660/2108/2091
f 2775/2796/2746 2708/2798/2748 2707/3352/3302
f 2775/2796/2746 2707/3352/3302 2774/3353/3303
f 2717/2077/2060 2785/2075/2058 2718/3470/3420
f 2718/3470/3420 2785/2075/2058 2786/3479/3429
f 2718/3470/3420 2786/3479/3429 2719/3471/3421
f 2719/3471/3421 2786/3479/3429 2787/3480/3430
f 2719/3471/3421 2787/3480/3430 2720/3472/3422
f 2720/3472/3422 2787/3480/3430 2788/3481/3431
f 2720/3472/3422 2788/3481/3431 2721/3473/3423
f 2721/3473/3423 2788/3481/3431 2789/3482/3432
f 2721/3473/3423 2789/3482/3432 2722/3474/3424
f 2722/3474/3424 2789/3482/3432 2790/3483/3433
f 2722/3474/3424 2790/3483/3433 2723/3475/3425
f 2723/3475/3425 2790/3483/3433 2791/3484/3434
f 2723/3475/3425 2791/3484/3434 2724/3476/3426
f 2724/3476/3426 2791/3484/3434 2792/3485/3435
f 2724/3476/3426 2792/3485/3435 2725/3477/3427
f 2725/3477/3427 2792/3485/3435 2793/3486/3436
f 2725/3477/3427 2793/3486/3436 2726/3478/3428
f 2726/3478/3428 2793/3486/3436 2794/2110/2093
f 2726/3478/3428 2794/2110/2093 2727/2109/2092
f 2842/2794/2744 2775/2796/2746 2774/3353/3303
f 2842/2794/2744 2774/3353/3303 2841/3354/3304
f 2785/2075/2058 2853/2073/2056 2786/3479/3429
f 2786/3479/3429 2853/2073/2056 2854/3487/3437
f 2786/3479/3429 2854/3487/3437 2787/3480/3430
f 2787/3480/3430 2854/3487/3437 2855/3488/3438
f 2787/3480/3430 2855/3488/3438 2788/3481/3431
f 2788/3481/3431 2855/3488/3438 2856/3489/3439
f 2788/3481/3431 2856/3489/3439 2789/3482/3432
f 2789/3482/3432 2856/3489/3439 2857/3490/3440
f 2789/3482/3432 2857/3490/3440 2790/3483/3433
f 2790/3483/3433 2857/3490/3440 2858/3491/3441
f 2790/3483/3433 2858/3491/3441 2791/3484/3434
f 2791/3484/3434 2858/3491/3441 2859/3492/3442
f 2791/3484/3434 2859/3492/3442 2792/3485/3435
f 2792/3485/3435 2859/3492/3442 2860/3493/3443
f 2792/3485/3435 2860/3493/3443 2793/3486/3436
f 2793/3486/3436 2860/3493/3443 2861/2111/2094
f 2793/3486/3436 2861/2111/2094 2794/2110/2093
f 2909/2792/2742 2842/2794/2744 2841/3354/3304
f 2909/2792/2742 2841/3354/3304 2908/3355/3305
f 2853/2073/2056 2921/2071/2054 2854/3487/3437
f 2854/3487/3437 2921/2071/2054 2922/3494/3444
f 2854/3487/3437 2922/3494/3444 2855/3488/3438
f 2855/3488/3438 2922/3494/3444 2923/3495/3445
f 2855/3488/3438 2923/3495/3445 2856/3489/3439
f 2856/3489/3439 2923/3495/3445 2924/3496/3446
f 2856/3489/3439 2924/3496/3446 2857/3490/3440
f 2857/3490/3440 2924/3496/3446 2925/3497/3447
f 2857/3490/3440 2925/3497/3447 2858/3491/3441
f 2858/3491/3441 2925/3497/3447 2926/3498/3448
f 2858/3491/3441 2926/3498/3448 2859/3492/3442
f 2859/3492/3442 2926/3498/3448 2927/3499/3449
f 2859/3492/3442 2927/3499/3449 2860/3493/3443
f 2860/3493/3443 2927/3499/3449 2928/2112/2095
f 2860/3493/3443 2928/2112/2095 2861/2111/2094
f 2976/2790/2740 2909/2792/2742 2908/3355/3305
f 2976/2790/2740 2908/3355/3305 2975/3356/3306
f 2921/2071/2054 2989/2069/2052 2922/3494/3444
f 2922/3494/3444 2989/2069/2052 2990/3500/3450
f 2922/3494/3444 2990/3500/3450 2923/3495/3445
f 2923/3495/3445 2990/3500/3450 2991/3501/3451
f 2923/3495/3445 2991/3501/3451 2924/3496/3446
f 2924/3496/3446 2991/3501/3451 2992/3502/3452
f 2924/3496/3446 2992/3502/3452 2925/3497/3447
f 2925/3497/3447 2992/3502/3452 2993/3503/3453
f 2925/3497/3447 2993/3503/3453 2926/3498/3448
f 2926/3498/3448 2993/3503/3453 2994/3504/3454
f 2926/3498/3448 2994/3504/3454 2927/3499/3449
f 2927/3499/3449 2994/3504/3454 2995/2113/2096
f 2927/3499/3449 2995/2113/2096 2928/2112/2095
f 3043/2788/2738 2976/2790/2740 2975/3356/3306
f 3043/2788/2738 2975/3356/3306 3042/3357/3307
f 2989/2069/2052 3057/2067/2050 2990/3500/3450
f 2990/3500/3450 3057/2067/2050 3058/3505/3455
f 2990/3500/3450 3058/3505/3455 2991/3501/3451
f 2991/3501/3451 3058/3505/3455 3059/3506/3456
f 2991/3501/3451 3059/3506/3456 2992/3502/3452
f 2992/3502/3452 3059/3506/3456 3060/3507/3457
f 2992/3502/3452 3060/3507/3457 2993/3503/3453
f 2993/3503/3453 3060/3507/3457 3061/3508/3458
f 2993/3503/3453 3061/3508/3458 2994/3504/3454
f 2994/3504/3454 3061/3508/3458 3062/2114/2097
f 2994/3504/3454 3062/2114/2097 2995/2113/2096
f 3110/2786/2736 3043/2788/2738 3042/3357/3307
f 3110/2786/2736 3042/3357/3307 3109/3358/3308
f 3057/2067/2050 3125/2065/2048 3058/3505/3455
f 3058/3505/3455 3125/2065/2048 3126/3509/3459
f 3058/3505/3455 3126/3509/3459 3059/3506/3456
f 3059/3506/3456 3126/3509/3459 3127/3510/3460
f 3059/3506/3456 3127/3510/3460 3060/3507/3457
f 3060/3507/3457 3127/3510/3460 3128/3511/3461
f 3060/3507/3457 3128/3511/3461 3061/3508/3458
f 3061/3508/3458 3128/3511/3461 3129/2115/2098
f 3061/3508/3458 3129/2115/2098 3062/2114/2097
f 3177/2784/2734 3110/2786/2736 3109/3358/3308
f 3177/2784/2734 3109/3358/3308 3176/3359/3309
f 3125/2065/2048 3193/2063/2046 3126/3509/3459
f 3126/3509/3459 3193/2063/2046 3194/3512/3462
f 3126/3509/3459 3194/3512/3462 3127/3510/3460
f 3127/3510/3460 3194/3512/3462 3195/3513/3463
f 3127/3510/3460 3195/3513/3463 3128/3511/3461
f 3128/3511/3461 3195/3513/3463 3196/2116/2099
f 3128/3511/3461 3196/2116/2099 3129/2115/2098
f 3244/2782/2732 3177/2784/2734 3176/3359/3309
f 3244/2782/2732 3176/3359/3309 3243/3360/3310
f 3193/2063/2046 3261/2061/2044 3194/3512/3462
f 3194/3512/3462 3261/2061/2044 3262/3514/3464
f 3194/3512/3462 3262/3514/3464 3195/3513/3463
f 3195/3513/3463 3262/3514/3464 3263/2117/2100
f 3195/3513/3463 3263/2117/2100 3196/2116/2099
f 3311/2780/2730 3244/2782/2732 3243/3360/3310
f 3311/2780/2730 3243/3360/3310 3310/3361/3311
f 3330/2118/2101 3263/2117/2100 3262/3514/3464
f 3330/2118/2101 3262/3514/3464 3329/2059/2042
f 3329/2059/2042 3262/3514/3464 3261/2061/2044
f 3378/2778/2728 3311/2780/2730 3310/3361/3311
f 3378/2778/2728 3310/3361/3311 3377/2776/2726
f 3397/2057/2040 3330/2118/2101 3329/2059/2042
f 17/3515/3465 80/3516/3466 18/3517/3467
f 18/3517/3467 80/3516/3466 79/3518/3468
f 18/3517/3467 79/3518/3468 78/3519/3469
f 78/3519/3469 77/3520/3470 18/3517/3467
f 18/3517/3467 77/3520/3470 76/3521/3471
f 18/3517/3467 76/3521/3471 19/3522/3472
f 19/3522/3472 76/3521/3471 20/3523/3473
f 20/3523/3473 76/3521/3471 21/3524/3474
f 21/3524/3474 76/3521/3471 22/3525/3475
f 22/3525/3475 76/3521/3471 75/3526/3476
f 22/3525/3475 75/3526/3476 23/3527/3477
f 23/3527/3477 75/3526/3476 24/3528/3478
f 24/3528/3478 75/3526/3476 25/3529/3479
f 25/3529/3479 75/3526/3476 26/3530/3480
f 26/3530/3480 75/3526/3476 74/3531/3481
f 26/3530/3480 74/3531/3481 73/3532/3482
f 73/3532/3482 72/3533/3483 26/3530/3480
f 26/3530/3480 72/3533/3483 71/3534/3484
f 26/3530/3480 71/3534/3484 70/3535/3485
f 70/3535/3485 69/3536/3486 26/3530/3480
f 26/3530/3480 69/3536/3486 68/3537/3487
f 26/3530/3480 68/3537/3487 27/3538/3488
f 27/3538/3488 68/3537/3487 28/3539/3489
f 28/3539/3489 68/3537/3487 29/3540/3490
f 29/3540/3490 68/3537/3487 30/3541/3491
f 30/3541/3491 68/3537/3487 31/3542/3492
f 31/3542/3492 68/3537/3487 32/3543/3493
f 32/3543/3493 68/3537/3487 33/3544/3494
f 33/3544/3494 68/3537/3487 34/3545/3495
f 34/3545/3495 68/3537/3487 67/3546/3496
f 34/3545/3495 67/3546/3496 66/3547/3497
f 66/3547/3497 65/3548/3498 34/3545/3495
f 34/3545/3495 65/3548/3498 64/3549/3499
f 34/3545/3495 64/3549/3499 63/3550/3500
f 63/3550/3500 62/3551/3501 34/3545/3495
f 34/3545/3495 62/3551/3501 61/3552/3502
f 34/3545/3495 61/3552/3502 35/3553/3503
f 35/3553/3503 61/3552/3502 36/3554/3504
f 36/3554/3504 61/3552/3502 37/3555/918
f 37/3555/918 61/3552/3502 38/3556/3505
f 38/3556/3505 61/3552/3502 39/3557/3506
f 39/3557/3506 61/3552/3502 60/3558/3507
f 39/3557/3506 60/3558/3507 40/3559/3508
f 40/3559/3508 60/3558/3507 59/3560/3509
f 40/3559/3508 59/3560/3509 41/3561/3510
f 41/3561/3510 59/3560/3509 58/3562/3511
f 41/3561/3510 58/3562/3511 57/3563/3512
f 57/3563/3512 56/3564/3513 41/3561/3510
f 41/3561/3510 56/3564/3513 55/3565/3514
f 41/3561/3510 55/3565/3514 54/3566/3515
f 53/3567/3516 46/3568/3517 54/3566/3515
f 54/3566/3515 46/3568/3517 45/3569/3518
f 54/3566/3515 45/3569/3518 44/3570/3519
f 46/3568/3517 53/3567/3516 47/3571/3520
f 47/3571/3520 53/3567/3516 52/3572/3521
f 47/3571/3520 52/3572/3521 48/3573/3522
f 48/3573/3522 52/3572/3521 51/3574/3523
f 48/3573/3522 51/3574/3523 49/3575/3524
f 49/3575/3524 51/3574/3523 50/3576/3525
f 44/3570/3519 43/3577/3526 54/3566/3515
f 54/3566/3515 43/3577/3526 42/3578/3527
f 54/3566/3515 42/3578/3527 41/3561/3510
f 1993/3579/3528 2059/3580/3529 1994/3581/3530
f 1994/3581/3530 2059/3580/3529 2058/3582/3531
f 1994/3581/3530 2058/3582/3531 2057/3583/3532
f 2056/3584/3533 1997/3585/3534 2057/3583/3532
f 2057/3583/3532 1997/3585/3534 1996/3586/3535
f 2057/3583/3532 1996/3586/3535 1995/3587/3536
f 2056/3584/3533 2055/3588/3537 1997/3585/3534
f 1997/3585/3534 2055/3588/3537 2054/3589/3538
f 1997/3585/3534 2054/3589/3538 2053/3590/3539
f 2052/3591/3540 2003/3592/3541 2053/3590/3539
f 2053/3590/3539 2003/3592/3541 2002/3593/3542
f 2053/3590/3539 2002/3593/3542 2001/3594/3543
f 2052/3591/3540 2051/3595/3544 2003/3592/3541
f 2003/3592/3541 2051/3595/3544 2050/3596/3545
f 2003/3592/3541 2050/3596/3545 2049/3597/3546
f 2048/3598/3547 2007/3599/3548 2049/3597/3546
f 2049/3597/3546 2007/3599/3548 2006/3600/3549
f 2049/3597/3546 2006/3600/3549 2005/3601/3550
f 2048/3598/3547 2047/3602/3551 2007/3599/3548
f 2007/3599/3548 2047/3602/3551 2046/3603/3552
f 2007/3599/3548 2046/3603/3552 2045/3604/3553
f 2044/3605/3554 2012/3606/3555 2045/3604/3553
f 2045/3604/3553 2012/3606/3555 2011/3607/3556
f 2045/3604/3553 2011/3607/3556 2010/3608/3557
f 2012/3606/3555 2044/3605/3554 2013/3609/3558
f 2013/3609/3558 2044/3605/3554 2043/3610/3559
f 2013/3609/3558 2043/3610/3559 2042/3611/3560
f 2042/3611/3560 2041/3612/3561 2013/3609/3558
f 2013/3609/3558 2041/3612/3561 2040/3613/3562
f 2013/3609/3558 2040/3613/3562 2039/3614/3563
f 2038/3615/3564 2017/3616/3565 2039/3614/3563
f 2039/3614/3563 2017/3616/3565 2016/3617/3566
f 2039/3614/3563 2016/3617/3566 2015/3618/3567
f 2038/3615/3564 2037/3619/3568 2017/3616/3565
f 2017/3616/3565 2037/3619/3568 2036/3620/3569
f 2017/3616/3565 2036/3620/3569 2035/3621/3570
f 2034/3622/3571 2021/3623/3572 2035/3621/3570
f 2035/3621/3570 2021/3623/3572 2020/3624/3573
f 2035/3621/3570 2020/3624/3573 2019/3625/3574
f 2034/3622/3571 2033/3626/3575 2021/3623/3572
f 2021/3623/3572 2033/3626/3575 2032/3627/3576
f 2021/3623/3572 2032/3627/3576 2031/3628/3577
f 2030/3629/3578 2024/3630/3579 2031/3628/3577
f 2031/3628/3577 2024/3630/3579 2023/3631/3580
f 2031/3628/3577 2023/3631/3580 2022/3632/3581
f 2030/3629/3578 2029/3633/3582 2024/3630/3579
f 2024/3630/3579 2029/3633/3582 2028/3634/3583
f 2024/3630/3579 2028/3634/3583 2025/3635/3584
f 2025/3635/3584 2028/3634/3583 2027/3636/3585
f 2025/3635/3584 2027/3636/3585 2026/3637/3586
f 2022/3632/3581 2021/3623/3572 2031/3628/3577
f 2019/3625/3574 2018/3638/3587 2035/3621/3570
f 2035/3621/3570 2018/3638/3587 2017/3616/3565
f 2015/3618/3567 2014/3639/3588 2039/3614/3563
f 2039/3614/3563 2014/3639/3588 2013/3609/3558
f 2010/3608/3557 2009/3640/3589 2045/3604/3553
f 2045/3604/3553 2009/3640/3589 2008/3641/3590
f 2045/3604/3553 2008/3641/3590 2007/3599/3548
f 2005/3601/3550 2004/3642/3591 2049/3597/3546
f 2049/3597/3546 2004/3642/3591 2003/3592/3541
f 2001/3594/3543 2000/3643/3592 2053/3590/3539
f 2053/3590/3539 2000/3643/3592 1999/3644/3593
f 2053/3590/3539 1999/3644/3593 1998/3645/3594
f 1998/3645/3594 1997/3585/3534 2053/3590/3539
f 1995/3587/3536 1994/3581/3530 2057/3583/3532
# 3399 vertices
# 3645 texture params
# 3594 normals
# 6794 facets

# 1 groups
