# WaveFront *.obj file (generated by Autodesk ATF)

mtllib billiard.mtl

g Corpo51

v 0.000036 -112.500050 60.000000
v 0.000036 -112.500050 40.000000
v 0.981733 -112.530170 40.000000
v 1.961064 -112.620464 40.000000
v 2.935668 -112.770716 40.000000
v 3.903198 -112.980563 40.000000
v 4.861322 -113.249500 40.000000
v 5.807730 -113.576879 40.000000
v 7.656311 -114.403666 40.000000
v 9.431132 -115.452959 40.000000
v 11.115095 -116.714650 40.000000
v 12.691978 -118.176583 40.000000
v 14.146588 -119.824676 40.000000
v 15.464912 -121.643049 40.000000
v 16.634250 -123.614187 40.000000
v 17.643337 -125.719099 40.000000
v 18.482451 -127.937506 40.000000
v 19.143509 -130.248037 40.000000
v 19.620141 -132.628434 40.000000
v 19.907757 -135.055763 40.000000
v 20.003586 -137.506641 40.000000
v 20.003586 -137.506641 60.000000
v 19.907757 -135.055763 60.000000
v 19.620141 -132.628434 60.000000
v 19.143509 -130.248037 60.000000
v 18.482451 -127.937506 60.000000
v 17.643337 -125.719099 60.000000
v 16.634250 -123.614187 60.000000
v 15.464912 -121.643049 60.000000
v 14.146588 -119.824676 60.000000
v 12.691978 -118.176583 60.000000
v 11.115095 -116.714650 60.000000
v 9.431132 -115.452959 60.000000
v 7.656311 -114.403666 60.000000
v 5.807730 -113.576879 60.000000
v 4.861322 -113.249500 60.000000
v 3.903198 -112.980563 60.000000
v 2.935668 -112.770716 60.000000
v 1.961064 -112.620464 60.000000
v 0.981733 -112.530170 60.000000
v 205.756282 -137.618398 40.000000
v 204.710818 -136.529575 40.000000
v 203.831654 -135.287065 40.000000
v 203.127664 -133.903409 40.000000
v 202.605955 -132.392574 40.000000
v 202.271792 -130.769810 40.000000
v 202.128548 -129.051497 40.000000
v 202.177670 -127.254980 40.000000
v 202.418661 -125.398392 40.000000
v 202.849089 -123.500474 40.000000
v 203.464610 -121.580383 40.000000
v 204.259010 -119.657500 40.000000
v 205.224270 -117.751235 40.000000
v 206.350648 -115.880830 40.000000
v 207.626773 -114.065164 40.000000
v 209.039766 -112.322564 40.000000
v 210.575362 -110.670621 40.000000
v 212.218062 -109.126008 40.000000
v 213.951285 -107.704316 40.000000
v 215.757536 -106.419897 40.000000
v 217.618582 -105.285716 40.000000
v 219.515638 -104.313219 40.000000
v 221.429556 -103.512224 40.000000
v 223.341016 -102.890816 40.000000
v 225.230725 -102.455268 40.000000
v 227.079607 -102.209975 40.000000
v 228.869002 -102.157413 40.000000
v 230.580845 -102.298114 40.000000
v 232.197859 -102.630657 40.000000
v 233.703721 -103.151686 40.000000
v 235.083231 -103.855940 40.000000
v 236.322465 -104.736312 40.000000
v 237.408914 -105.783915 40.000000
v 237.408911 -105.783912 60.000000
v 236.322462 -104.736309 60.000000
v 235.083228 -103.855938 60.000000
v 233.703718 -103.151684 60.000000
v 232.197855 -102.630656 60.000000
v 230.580841 -102.298114 60.000000
v 228.868998 -102.157413 60.000000
v 227.079604 -102.209975 60.000000
v 225.230721 -102.455268 60.000000
v 223.341012 -102.890817 60.000000
v 221.429552 -103.512225 60.000000
v 219.515635 -104.313221 60.000000
v 217.618579 -105.285717 60.000000
v 215.757533 -106.419899 60.000000
v 213.951283 -107.704318 60.000000
v 212.218060 -109.126010 60.000000
v 210.575360 -110.670623 60.000000
v 209.039764 -112.322566 60.000000
v 207.626772 -114.065166 60.000000
v 206.350647 -115.880832 60.000000
v 205.224269 -117.751237 60.000000
v 204.259009 -119.657502 60.000000
v 203.464609 -121.580384 60.000000
v 202.849089 -123.500475 60.000000
v 202.418661 -125.398393 60.000000
v 202.177670 -127.254981 60.000000
v 202.128548 -129.051498 60.000000
v 202.271792 -130.769811 60.000000
v 202.605955 -132.392574 60.000000
v 203.127664 -133.903409 60.000000
v 203.831654 -135.287065 60.000000
v 204.710818 -136.529575 60.000000
v 205.756282 -137.618398 60.000000
v 227.957683 -95.190919 60.000000
v 237.408914 -105.783915 0.000000
v 237.538299 -105.928931 0.000000
v 237.538299 -105.928931 75.000000
v 237.538299 -105.928931 75.010000
v 227.957683 -95.190919 75.010000
v 195.593013 -128.512230 60.000000
v 195.593013 -128.512230 75.010000
v 205.756282 -137.618398 75.010000
v 205.756282 -137.618398 75.000000
v 231.054742 -132.719558 0.000000
v 231.838157 -131.961615 0.000000
v 232.596558 -131.178646 0.000000
v 232.596558 -131.178646 40.000000
v 231.054742 -132.719558 40.000000
v 231.838157 -131.961615 20.000000
v 237.538302 -105.931810 40.000000
v 237.538302 -105.931810 0.000000
v 237.504963 -118.304061 40.000000
v 237.545722 -112.578845 40.000000
v 212.605720 -137.622519 40.000000
v 218.209782 -137.620423 40.000000
v 220.214223 -137.515312 40.000000
v 222.196911 -137.202617 40.000000
v 224.136407 -136.685717 40.000000
v 226.011740 -135.970203 40.000000
v 227.802629 -135.063811 40.000000
v 229.489711 -133.976343 40.000000
v 233.856979 -129.610587 40.000000
v 234.947341 -127.919854 40.000000
v 235.855800 -126.124814 40.000000
v 236.572487 -124.244967 40.000000
v 237.089617 -122.300733 40.000000
v 237.401572 -120.313234 40.000000
v 212.605720 -137.622519 75.000000
v 218.209782 -137.620423 75.000000
v 220.227839 -137.513880 75.000000
v 222.223698 -137.196931 75.000000
v 224.175481 -136.673048 75.000000
v 226.061794 -135.947974 75.000000
v 227.861961 -135.029657 75.000000
v 229.556251 -133.928163 75.000000
v 231.126093 -132.655564 75.000000
v 232.554278 -131.225811 75.000000
v 233.825154 -129.654574 75.000000
v 234.924789 -127.959077 75.000000
v 235.841130 -126.157903 75.000000
v 236.564134 -124.270796 75.000000
v 237.085875 -122.318439 75.000000
v 237.400635 -120.322234 75.000000
v 237.504963 -118.304061 75.000000
v 232.102091 -131.711523 0.000000
v 231.587909 -132.225403 0.000000
v 231.126093 -132.655564 37.500000
v 232.554278 -131.225811 37.500000
v 237.545722 -112.578845 75.000000
v 0.000044 -137.500111 40.000000
v 0.000044 -137.500111 75.000000
v 20.003586 -137.506641 75.000000
v 20.003586 -137.506641 75.010000
v 31.912267 -128.512230 60.000000
v 31.912267 -128.512230 75.010000
v 237.461917 -37.500176 75.000000
v 237.461917 -37.500176 75.010000
v 237.462605 -28.000007 75.000000
v 237.462605 -28.000007 75.010000
v 237.463563 0.000001 75.000000
v 237.463563 0.000001 75.010000
v -20.003586 -137.506641 40.000000
v -19.907757 -135.055758 40.000000
v -19.620140 -132.628423 40.000000
v -19.143505 -130.248021 40.000000
v -18.482444 -127.937485 40.000000
v -17.643326 -125.719074 40.000000
v -16.634235 -123.614159 40.000000
v -15.464892 -121.643019 40.000000
v -14.146562 -119.824644 40.000000
v -12.691946 -118.176551 40.000000
v -11.115058 -116.714618 40.000000
v -9.431089 -115.452930 40.000000
v -7.656261 -114.403640 40.000000
v -5.807674 -113.576858 40.000000
v -4.861263 -113.249482 40.000000
v -3.903137 -112.980548 40.000000
v -2.935604 -112.770704 40.000000
v -1.960997 -112.620456 40.000000
v -0.981663 -112.530165 40.000000
v -0.981663 -112.530165 60.000000
v -1.960997 -112.620456 60.000000
v -2.935604 -112.770704 60.000000
v -3.903137 -112.980548 60.000000
v -4.861263 -113.249482 60.000000
v -5.807674 -113.576858 60.000000
v -7.656261 -114.403640 60.000000
v -9.431089 -115.452930 60.000000
v -11.115058 -116.714618 60.000000
v -12.691946 -118.176551 60.000000
v -14.146562 -119.824644 60.000000
v -15.464892 -121.643019 60.000000
v -16.634235 -123.614159 60.000000
v -17.643326 -125.719074 60.000000
v -18.482444 -127.937485 60.000000
v -19.143505 -130.248021 60.000000
v -19.620140 -132.628423 60.000000
v -19.907757 -135.055758 60.000000
v -20.003586 -137.506641 60.000000
v -20.003586 -137.506641 75.000000
v -237.408914 -105.783915 40.000000
v -236.322465 -104.736312 40.000000
v -235.083231 -103.855940 40.000000
v -233.703721 -103.151686 40.000000
v -232.197859 -102.630657 40.000000
v -230.580845 -102.298114 40.000000
v -228.869002 -102.157413 40.000000
v -227.079607 -102.209975 40.000000
v -225.230725 -102.455268 40.000000
v -223.341016 -102.890816 40.000000
v -221.429556 -103.512224 40.000000
v -219.515638 -104.313219 40.000000
v -217.618582 -105.285716 40.000000
v -215.757536 -106.419897 40.000000
v -213.951285 -107.704316 40.000000
v -212.218062 -109.126008 40.000000
v -210.575362 -110.670621 40.000000
v -209.039766 -112.322564 40.000000
v -207.626773 -114.065164 40.000000
v -206.350648 -115.880830 40.000000
v -205.224270 -117.751235 40.000000
v -204.259010 -119.657500 40.000000
v -203.464610 -121.580383 40.000000
v -202.849089 -123.500474 40.000000
v -202.418661 -125.398392 40.000000
v -202.177670 -127.254980 40.000000
v -202.128548 -129.051497 40.000000
v -202.271792 -130.769810 40.000000
v -202.605955 -132.392574 40.000000
v -203.127664 -133.903409 40.000000
v -203.831654 -135.287065 40.000000
v -204.710818 -136.529575 40.000000
v -205.756282 -137.618398 40.000000
v -205.756282 -137.618398 60.000000
v -204.710818 -136.529575 60.000000
v -203.831654 -135.287065 60.000000
v -203.127664 -133.903409 60.000000
v -202.605955 -132.392574 60.000000
v -202.271792 -130.769811 60.000000
v -202.128548 -129.051498 60.000000
v -202.177670 -127.254981 60.000000
v -202.418661 -125.398393 60.000000
v -202.849089 -123.500475 60.000000
v -203.464609 -121.580384 60.000000
v -204.259009 -119.657502 60.000000
v -205.224269 -117.751237 60.000000
v -206.350647 -115.880832 60.000000
v -207.626772 -114.065166 60.000000
v -209.039764 -112.322566 60.000000
v -210.575360 -110.670623 60.000000
v -212.218060 -109.126010 60.000000
v -213.951283 -107.704318 60.000000
v -215.757533 -106.419899 60.000000
v -217.618579 -105.285717 60.000000
v -219.515635 -104.313221 60.000000
v -221.429552 -103.512225 60.000000
v -223.341012 -102.890817 60.000000
v -225.230721 -102.455268 60.000000
v -227.079604 -102.209975 60.000000
v -228.868998 -102.157413 60.000000
v -230.580841 -102.298114 60.000000
v -232.197855 -102.630656 60.000000
v -233.703718 -103.151684 60.000000
v -235.083228 -103.855938 60.000000
v -236.322462 -104.736309 60.000000
v -237.408911 -105.783912 60.000000
v -227.957683 -95.190919 60.000000
v -227.957683 -95.190919 75.010000
v -237.538299 -105.928931 75.010000
v -237.538299 -105.928931 75.000000
v -237.538299 -105.928931 0.000000
v -237.408914 -105.783915 0.000000
v -195.593013 -128.512230 60.000000
v -205.756282 -137.618398 75.000000
v -205.756282 -137.618398 75.010000
v -195.593013 -128.512230 75.010000
v -232.596558 -131.178646 0.000000
v -231.838157 -131.961615 0.000000
v -231.054742 -132.719558 0.000000
v -231.054742 -132.719558 40.000000
v -232.596558 -131.178646 40.000000
v -231.838157 -131.961615 20.000000
v -237.538302 -105.931810 0.000000
v -237.538302 -105.931810 40.000000
v -237.545722 -112.578845 40.000000
v -237.504963 -118.304061 40.000000
v -237.401572 -120.313234 40.000000
v -237.089617 -122.300733 40.000000
v -236.572487 -124.244967 40.000000
v -235.855800 -126.124814 40.000000
v -234.947341 -127.919854 40.000000
v -233.856979 -129.610587 40.000000
v -229.489711 -133.976343 40.000000
v -227.802629 -135.063811 40.000000
v -226.011740 -135.970203 40.000000
v -224.136407 -136.685717 40.000000
v -222.196911 -137.202617 40.000000
v -220.214223 -137.515312 40.000000
v -218.209782 -137.620423 40.000000
v -212.605720 -137.622519 40.000000
v -218.209782 -137.620423 75.000000
v -212.605720 -137.622519 75.000000
v -231.587909 -132.225403 0.000000
v -232.102091 -131.711523 0.000000
v -237.504963 -118.304061 75.000000
v -237.400635 -120.322234 75.000000
v -237.085875 -122.318439 75.000000
v -236.564134 -124.270796 75.000000
v -235.841130 -126.157903 75.000000
v -234.924789 -127.959077 75.000000
v -233.825154 -129.654574 75.000000
v -232.554278 -131.225811 75.000000
v -231.126093 -132.655564 75.000000
v -229.556251 -133.928163 75.000000
v -227.861961 -135.029657 75.000000
v -226.061794 -135.947974 75.000000
v -224.175481 -136.673048 75.000000
v -222.223698 -137.196931 75.000000
v -220.227839 -137.513880 75.000000
v -231.126093 -132.655564 37.500000
v -232.554278 -131.225811 37.500000
v -237.545722 -112.578845 75.000000
v -20.003586 -137.506641 75.010000
v -31.912267 -128.512230 60.000000
v -31.912267 -128.512230 75.010000
v -237.461917 -37.500176 75.000000
v -237.461917 -37.500176 75.010000
v -237.462605 -28.000007 75.000000
v -237.462605 -28.000007 75.010000
v -237.463563 0.000001 75.000000
v -237.463563 0.000001 75.010000
v -251.500000 -151.500000 0.000000
v -0.000003 -151.500000 0.000000
v 251.500000 -151.500000 0.000000
v 251.500000 -151.500000 75.000000
v -0.000003 -151.500000 75.000000
v -251.500000 -151.500000 75.000000
v 0.000036 112.500050 40.000000
v 0.000036 112.500050 60.000000
v 0.981733 112.530170 60.000000
v 1.961064 112.620464 60.000000
v 2.935668 112.770716 60.000000
v 3.903198 112.980563 60.000000
v 4.861322 113.249500 60.000000
v 5.807730 113.576879 60.000000
v 7.656311 114.403666 60.000000
v 9.431132 115.452959 60.000000
v 11.115095 116.714650 60.000000
v 12.691978 118.176583 60.000000
v 14.146588 119.824676 60.000000
v 15.464912 121.643049 60.000000
v 16.634250 123.614187 60.000000
v 17.643337 125.719099 60.000000
v 18.482451 127.937506 60.000000
v 19.143509 130.248037 60.000000
v 19.620141 132.628434 60.000000
v 19.907757 135.055763 60.000000
v 20.003586 137.506641 60.000000
v 20.003586 137.506641 40.000000
v 19.907757 135.055763 40.000000
v 19.620141 132.628434 40.000000
v 19.143509 130.248037 40.000000
v 18.482451 127.937506 40.000000
v 17.643337 125.719099 40.000000
v 16.634250 123.614187 40.000000
v 15.464912 121.643049 40.000000
v 14.146588 119.824676 40.000000
v 12.691978 118.176583 40.000000
v 11.115095 116.714650 40.000000
v 9.431132 115.452959 40.000000
v 7.656311 114.403666 40.000000
v 5.807730 113.576879 40.000000
v 4.861322 113.249500 40.000000
v 3.903198 112.980563 40.000000
v 2.935668 112.770716 40.000000
v 1.961064 112.620464 40.000000
v 0.981733 112.530170 40.000000
v 237.408914 105.783915 40.000000
v 236.322465 104.736312 40.000000
v 235.083231 103.855940 40.000000
v 233.703721 103.151686 40.000000
v 232.197859 102.630657 40.000000
v 230.580845 102.298114 40.000000
v 228.869002 102.157413 40.000000
v 227.079607 102.209975 40.000000
v 225.230725 102.455268 40.000000
v 223.341016 102.890816 40.000000
v 221.429556 103.512224 40.000000
v 219.515638 104.313219 40.000000
v 217.618582 105.285716 40.000000
v 215.757536 106.419897 40.000000
v 213.951285 107.704316 40.000000
v 212.218062 109.126008 40.000000
v 210.575362 110.670621 40.000000
v 209.039766 112.322564 40.000000
v 207.626773 114.065164 40.000000
v 206.350648 115.880830 40.000000
v 205.224270 117.751235 40.000000
v 204.259010 119.657500 40.000000
v 203.464610 121.580383 40.000000
v 202.849089 123.500474 40.000000
v 202.418661 125.398392 40.000000
v 202.177670 127.254980 40.000000
v 202.128548 129.051497 40.000000
v 202.271792 130.769810 40.000000
v 202.605955 132.392574 40.000000
v 203.127664 133.903409 40.000000
v 203.831654 135.287065 40.000000
v 204.710818 136.529575 40.000000
v 205.756282 137.618398 40.000000
v 205.756282 137.618398 60.000000
v 204.710818 136.529575 60.000000
v 203.831654 135.287065 60.000000
v 203.127664 133.903409 60.000000
v 202.605955 132.392574 60.000000
v 202.271792 130.769811 60.000000
v 202.128548 129.051498 60.000000
v 202.177670 127.254981 60.000000
v 202.418661 125.398393 60.000000
v 202.849089 123.500475 60.000000
v 203.464609 121.580384 60.000000
v 204.259009 119.657502 60.000000
v 205.224269 117.751237 60.000000
v 206.350647 115.880832 60.000000
v 207.626772 114.065166 60.000000
v 209.039764 112.322566 60.000000
v 210.575360 110.670623 60.000000
v 212.218060 109.126010 60.000000
v 213.951283 107.704318 60.000000
v 215.757533 106.419899 60.000000
v 217.618579 105.285717 60.000000
v 219.515635 104.313221 60.000000
v 221.429552 103.512225 60.000000
v 223.341012 102.890817 60.000000
v 225.230721 102.455268 60.000000
v 227.079604 102.209975 60.000000
v 228.868998 102.157413 60.000000
v 230.580841 102.298114 60.000000
v 232.197855 102.630656 60.000000
v 233.703718 103.151684 60.000000
v 235.083228 103.855938 60.000000
v 236.322462 104.736309 60.000000
v 237.408911 105.783912 60.000000
v 227.957683 95.190919 60.000000
v 227.957683 95.190919 75.010000
v 237.538299 105.928931 75.010000
v 237.538299 105.928931 75.000000
v 237.538299 105.928931 0.000000
v 237.408914 105.783915 0.000000
v 195.593013 128.512230 60.000000
v 205.756282 137.618398 75.000000
v 205.756282 137.618398 75.010000
v 195.593013 128.512230 75.010000
v 232.596558 131.178646 0.000000
v 231.838157 131.961615 0.000000
v 231.054742 132.719558 0.000000
v 231.054742 132.719558 40.000000
v 232.596558 131.178646 40.000000
v 231.838157 131.961615 20.000000
v 237.538302 105.931810 0.000000
v 237.538302 105.931810 40.000000
v 237.545722 112.578845 40.000000
v 237.504963 118.304061 40.000000
v 237.401572 120.313234 40.000000
v 237.089617 122.300733 40.000000
v 236.572487 124.244967 40.000000
v 235.855800 126.124814 40.000000
v 234.947341 127.919854 40.000000
v 233.856979 129.610587 40.000000
v 229.489711 133.976343 40.000000
v 227.802629 135.063811 40.000000
v 226.011740 135.970203 40.000000
v 224.136407 136.685717 40.000000
v 222.196911 137.202617 40.000000
v 220.214223 137.515312 40.000000
v 218.209782 137.620423 40.000000
v 212.605720 137.622519 40.000000
v 218.209782 137.620423 75.000000
v 212.605720 137.622519 75.000000
v 231.587909 132.225403 0.000000
v 232.102091 131.711523 0.000000
v 237.504963 118.304061 75.000000
v 237.400635 120.322234 75.000000
v 237.085875 122.318439 75.000000
v 236.564134 124.270796 75.000000
v 235.841130 126.157903 75.000000
v 234.924789 127.959077 75.000000
v 233.825154 129.654574 75.000000
v 232.554278 131.225811 75.000000
v 231.126093 132.655564 75.000000
v 229.556251 133.928163 75.000000
v 227.861961 135.029657 75.000000
v 226.061794 135.947974 75.000000
v 224.175481 136.673048 75.000000
v 222.223698 137.196931 75.000000
v 220.227839 137.513880 75.000000
v 231.126093 132.655564 37.500000
v 232.554278 131.225811 37.500000
v 237.545722 112.578845 75.000000
v 0.000044 137.500111 75.000000
v 0.000044 137.500111 40.000000
v 20.003586 137.506641 75.000000
v 20.003586 137.506641 75.010000
v 31.912267 128.512230 60.000000
v 31.912267 128.512230 75.010000
v 237.461917 37.500176 75.000000
v 237.461917 37.500176 75.010000
v 237.462605 28.000007 75.000000
v 237.462605 28.000007 75.010000
v 251.500000 151.500000 0.000000
v 251.500000 151.500000 75.000000
v -0.981663 112.530165 40.000000
v -1.960997 112.620456 40.000000
v -2.935604 112.770704 40.000000
v -3.903137 112.980548 40.000000
v -4.861263 113.249482 40.000000
v -5.807674 113.576858 40.000000
v -7.656261 114.403640 40.000000
v -9.431089 115.452930 40.000000
v -11.115058 116.714618 40.000000
v -12.691946 118.176551 40.000000
v -14.146562 119.824644 40.000000
v -15.464892 121.643019 40.000000
v -16.634235 123.614159 40.000000
v -17.643326 125.719074 40.000000
v -18.482444 127.937485 40.000000
v -19.143505 130.248021 40.000000
v -19.620140 132.628423 40.000000
v -19.907757 135.055758 40.000000
v -20.003586 137.506641 40.000000
v -20.003586 137.506641 60.000000
v -19.907757 135.055758 60.000000
v -19.620140 132.628423 60.000000
v -19.143505 130.248021 60.000000
v -18.482444 127.937485 60.000000
v -17.643326 125.719074 60.000000
v -16.634235 123.614159 60.000000
v -15.464892 121.643019 60.000000
v -14.146562 119.824644 60.000000
v -12.691946 118.176551 60.000000
v -11.115058 116.714618 60.000000
v -9.431089 115.452930 60.000000
v -7.656261 114.403640 60.000000
v -5.807674 113.576858 60.000000
v -4.861263 113.249482 60.000000
v -3.903137 112.980548 60.000000
v -2.935604 112.770704 60.000000
v -1.960997 112.620456 60.000000
v -0.981663 112.530165 60.000000
v -20.003586 137.506641 75.000000
v -0.000003 151.500000 75.000000
v -251.500000 151.500000 75.000000
v -237.462605 28.000007 75.000000
v -237.461917 37.500176 75.000000
v -237.538299 105.928931 75.000000
v -237.545722 112.578845 75.000000
v -237.504963 118.304061 75.000000
v -237.400635 120.322234 75.000000
v -237.085875 122.318439 75.000000
v -236.564134 124.270796 75.000000
v -235.841130 126.157903 75.000000
v -234.924789 127.959077 75.000000
v -233.825154 129.654574 75.000000
v -232.554278 131.225811 75.000000
v -231.126093 132.655564 75.000000
v -229.556251 133.928163 75.000000
v -227.861961 135.029657 75.000000
v -226.061794 135.947974 75.000000
v -224.175481 136.673048 75.000000
v -222.223698 137.196931 75.000000
v -220.227839 137.513880 75.000000
v -218.209782 137.620423 75.000000
v -212.605720 137.622519 75.000000
v -205.756282 137.618398 75.000000
v -205.756282 137.618398 40.000000
v -204.710818 136.529575 40.000000
v -203.831654 135.287065 40.000000
v -203.127664 133.903409 40.000000
v -202.605955 132.392574 40.000000
v -202.271792 130.769810 40.000000
v -202.128548 129.051497 40.000000
v -202.177670 127.254980 40.000000
v -202.418661 125.398392 40.000000
v -202.849089 123.500474 40.000000
v -203.464610 121.580383 40.000000
v -204.259010 119.657500 40.000000
v -205.224270 117.751235 40.000000
v -206.350648 115.880830 40.000000
v -207.626773 114.065164 40.000000
v -209.039766 112.322564 40.000000
v -210.575362 110.670621 40.000000
v -212.218062 109.126008 40.000000
v -213.951285 107.704316 40.000000
v -215.757536 106.419897 40.000000
v -217.618582 105.285716 40.000000
v -219.515638 104.313219 40.000000
v -221.429556 103.512224 40.000000
v -223.341016 102.890816 40.000000
v -225.230725 102.455268 40.000000
v -227.079607 102.209975 40.000000
v -228.869002 102.157413 40.000000
v -230.580845 102.298114 40.000000
v -232.197859 102.630657 40.000000
v -233.703721 103.151686 40.000000
v -235.083231 103.855940 40.000000
v -236.322465 104.736312 40.000000
v -237.408914 105.783915 40.000000
v -237.408911 105.783912 60.000000
v -236.322462 104.736309 60.000000
v -235.083228 103.855938 60.000000
v -233.703718 103.151684 60.000000
v -232.197855 102.630656 60.000000
v -230.580841 102.298114 60.000000
v -228.868998 102.157413 60.000000
v -227.079604 102.209975 60.000000
v -225.230721 102.455268 60.000000
v -223.341012 102.890817 60.000000
v -221.429552 103.512225 60.000000
v -219.515635 104.313221 60.000000
v -217.618579 105.285717 60.000000
v -215.757533 106.419899 60.000000
v -213.951283 107.704318 60.000000
v -212.218060 109.126010 60.000000
v -210.575360 110.670623 60.000000
v -209.039764 112.322566 60.000000
v -207.626772 114.065166 60.000000
v -206.350647 115.880832 60.000000
v -205.224269 117.751237 60.000000
v -204.259009 119.657502 60.000000
v -203.464609 121.580384 60.000000
v -202.849089 123.500475 60.000000
v -202.418661 125.398393 60.000000
v -202.177670 127.254981 60.000000
v -202.128548 129.051498 60.000000
v -202.271792 130.769811 60.000000
v -202.605955 132.392574 60.000000
v -203.127664 133.903409 60.000000
v -203.831654 135.287065 60.000000
v -204.710818 136.529575 60.000000
v -205.756282 137.618398 60.000000
v -31.912267 128.512230 60.000000
v -195.593013 128.512230 60.000000
v -227.957683 95.190919 60.000000
v -227.957683 95.190919 75.010000
v -237.408914 105.783915 0.000000
v -237.538299 105.928931 0.000000
v -237.538299 105.928931 75.010000
v -195.593013 128.512230 75.010000
v -205.756282 137.618398 75.010000
v -231.054742 132.719558 0.000000
v -231.838157 131.961615 0.000000
v -232.596558 131.178646 0.000000
v -232.596558 131.178646 40.000000
v -231.054742 132.719558 40.000000
v -231.838157 131.961615 20.000000
v -237.538302 105.931810 40.000000
v -237.538302 105.931810 0.000000
v -237.504963 118.304061 40.000000
v -237.545722 112.578845 40.000000
v -212.605720 137.622519 40.000000
v -218.209782 137.620423 40.000000
v -220.214223 137.515312 40.000000
v -222.196911 137.202617 40.000000
v -224.136407 136.685717 40.000000
v -226.011740 135.970203 40.000000
v -227.802629 135.063811 40.000000
v -229.489711 133.976343 40.000000
v -233.856979 129.610587 40.000000
v -234.947341 127.919854 40.000000
v -235.855800 126.124814 40.000000
v -236.572487 124.244967 40.000000
v -237.089617 122.300733 40.000000
v -237.401572 120.313234 40.000000
v -232.102091 131.711523 0.000000
v -231.587909 132.225403 0.000000
v -231.126093 132.655564 37.500000
v -232.554278 131.225811 37.500000
v -20.003586 137.506641 75.010000
v -31.912267 128.512230 75.010000
v -237.461917 37.500176 75.010000
v -237.462605 28.000007 75.010000
v -251.500000 151.500000 0.000000
v -0.000003 151.500000 0.000000
vt 6.000000 0.000039 0.000000
vt 4.000000 0.000039 0.000000
vt 6.000000 -0.111116 0.000000
vt 4.000000 -0.111116 0.000000
vt 4.000000 -0.222271 0.000000
vt 4.000000 -0.333425 0.000000
vt 6.000000 -0.333425 0.000000
vt 6.000000 -0.222271 0.000000
vt 4.000000 -0.444580 0.000000
vt 6.000000 -0.444580 0.000000
vt 6.000000 -0.555735 0.000000
vt 4.000000 -0.555735 0.000000
vt 4.000000 -0.666889 0.000000
vt 6.000000 -0.666889 0.000000
vt 4.000000 -0.889199 0.000000
vt 6.000000 -0.889199 0.000000
vt 4.000000 -1.111508 0.000000
vt 6.000000 -1.111508 0.000000
vt 4.000000 -1.333817 0.000000
vt 6.000000 -1.333817 0.000000
vt 4.000000 -1.556127 0.000000
vt 6.000000 -1.556127 0.000000
vt 4.000000 -1.778436 0.000000
vt 6.000000 -1.778436 0.000000
vt 4.000000 -2.000745 0.000000
vt 6.000000 -2.000745 0.000000
vt 4.000000 -2.223054 0.000000
vt 6.000000 -2.223054 0.000000
vt 4.000000 -2.445364 0.000000
vt 6.000000 -2.445364 0.000000
vt 4.000000 -2.667673 0.000000
vt 6.000000 -2.667673 0.000000
vt 4.000000 -2.889982 0.000000
vt 6.000000 -2.889982 0.000000
vt 4.000000 -3.112292 0.000000
vt 6.000000 -3.112292 0.000000
vt 4.000000 -3.334601 0.000000
vt 6.000000 -3.334601 0.000000
vt 4.000000 -3.556910 0.000000
vt 6.000000 -3.556910 0.000000
vt 6.000000 0.073297 0.000000
vt 4.000000 0.073297 0.000000
vt 6.000000 -0.152469 0.000000
vt 4.000000 -0.152469 0.000000
vt 6.000000 -0.378235 0.000000
vt 4.000000 -0.378235 0.000000
vt 6.000000 -0.604001 0.000000
vt 4.000000 -0.604001 0.000000
vt 6.000000 -0.829767 0.000000
vt 4.000000 -0.829767 0.000000
vt 6.000000 -1.055533 0.000000
vt 4.000000 -1.055533 0.000000
vt 6.000000 -1.281299 0.000000
vt 4.000000 -1.281299 0.000000
vt 6.000000 -1.507065 0.000000
vt 4.000000 -1.507065 0.000000
vt 6.000000 -1.732831 0.000000
vt 4.000000 -1.732831 0.000000
vt 6.000000 -1.958597 0.000000
vt 4.000000 -1.958597 0.000000
vt 6.000000 -2.184363 0.000000
vt 4.000000 -2.184363 0.000000
vt 6.000000 -2.410129 0.000000
vt 4.000000 -2.410129 0.000000
vt 6.000000 -2.635895 0.000000
vt 4.000000 -2.635895 0.000000
vt 6.000000 -2.861661 0.000000
vt 4.000000 -2.861661 0.000000
vt 6.000000 -3.087427 0.000000
vt 4.000000 -3.087427 0.000000
vt 6.000000 -3.313193 0.000000
vt 4.000000 -3.313193 0.000000
vt 6.000000 -3.538959 0.000000
vt 4.000000 -3.538959 0.000000
vt 6.000000 -3.764725 0.000000
vt 4.000000 -3.764725 0.000000
vt 6.000000 -3.990491 0.000000
vt 4.000000 -3.990491 0.000000
vt 6.000000 -4.216257 0.000000
vt 4.000000 -4.216257 0.000000
vt 6.000000 -4.442023 0.000000
vt 4.000000 -4.442023 0.000000
vt 6.000000 -4.667789 0.000000
vt 4.000000 -4.667789 0.000000
vt 6.000000 -4.893555 0.000000
vt 4.000000 -4.893555 0.000000
vt 6.000000 -5.119321 0.000000
vt 4.000000 -5.119321 0.000000
vt 6.000000 -5.345087 0.000000
vt 4.000000 -5.345087 0.000000
vt 6.000000 -5.570853 0.000000
vt 4.000000 -5.570853 0.000000
vt 6.000000 -5.796619 0.000000
vt 4.000000 -5.796619 0.000000
vt 6.000000 -6.022384 0.000000
vt 4.000000 -6.022385 0.000000
vt 6.000000 -6.248150 0.000000
vt 4.000000 -6.248151 0.000000
vt 6.000000 -6.473916 0.000000
vt 4.000000 -6.473917 0.000000
vt 6.000000 -6.699682 0.000000
vt 4.000000 -6.699683 0.000000
vt 6.000000 -6.925448 0.000000
vt 4.000000 -6.925449 0.000000
vt 6.000000 -7.151214 0.000000
vt 4.000000 -7.151215 0.000000
vt 0.000000 6.000000 0.000000
vt 1.419638 6.000000 0.000000
vt 0.000000 7.501000 0.000000
vt 1.439073 7.500000 0.000000
vt 1.439073 7.501000 0.000000
vt 1.419638 4.000000 0.000000
vt 1.439073 0.000000 0.000000
vt 1.419638 0.000000 0.000000
vt 0.000000 6.000000 0.000000
vt 1.364604 6.000000 0.000000
vt 0.000000 7.500000 0.000000
vt 1.364604 7.501000 0.000000
vt 0.000000 7.501000 0.000000
vt -4.000000 3.425048 0.000000
vt -0.000000 3.425048 0.000000
vt -2.000000 3.534082 0.000000
vt -0.000000 3.534082 0.000000
vt -0.000000 3.643116 0.000000
vt -4.000000 3.643116 0.000000
vt -0.000000 4.662668 0.000000
vt -4.000000 4.662668 0.000000
vt -0.000000 4.643017 0.000000
vt -4.000000 4.643017 0.000000
vt -1.756732 0.042579 0.000000
vt -1.767071 -0.158339 0.000000
vt 1.079448 -0.756488 0.000000
vt -1.771147 -0.730860 0.000000
vt -1.770405 -1.395564 0.000000
vt -1.757466 -1.410353 0.000000
vt 0.221567 -1.460173 0.000000
vt 0.407671 -1.346755 0.000000
vt 0.588296 -1.218313 0.000000
vt -1.648822 -1.515114 0.000000
vt 0.031861 -1.557423 0.000000
vt -1.524898 -1.603151 0.000000
vt -0.159531 -1.637522 0.000000
vt -1.386947 -1.673576 0.000000
vt -0.350677 -1.699663 0.000000
vt -1.236361 -1.725679 0.000000
vt -0.539647 -1.743218 0.000000
vt -1.074660 -1.758933 0.000000
vt -0.724536 -1.767747 0.000000
vt -0.903475 -1.773003 0.000000
vt 0.761619 -1.076144 0.000000
vt 0.925889 -0.921683 0.000000
vt 1.220748 -0.582228 0.000000
vt -0.430216 1.679827 0.000000
vt -0.617749 1.608276 0.000000
vt -0.796838 1.517636 0.000000
vt 1.348360 -0.400662 0.000000
vt -0.037997 1.762786 0.000000
vt -0.236266 1.731517 0.000000
vt 0.162447 1.773298 0.000000
vt 1.460998 -0.213621 0.000000
vt 1.557524 -0.022995 0.000000
vt 1.636964 0.169293 0.000000
vt 0.722853 1.773507 0.000000
vt 1.698516 0.361303 0.000000
vt 1.741559 0.551094 0.000000
vt 1.765658 0.736753 0.000000
vt 1.770570 0.916405 0.000000
vt 1.756246 1.088236 0.000000
vt 1.722830 1.250513 0.000000
vt 1.670659 1.401596 0.000000
vt 1.600260 1.539962 0.000000
vt 1.512343 1.664213 0.000000
vt 1.407797 1.773095 0.000000
vt -0.965546 1.408890 0.000000
vt -1.122049 1.283211 0.000000
vt -1.276231 1.129120 0.000000
vt -1.402273 0.972314 0.000000
vt -1.511309 0.803241 0.000000
vt -1.602155 0.623737 0.000000
vt -1.673824 0.435752 0.000000
vt -1.725537 0.241329 0.000000
vt 0.000000 4.000000 0.000000
vt 0.560406 4.000000 0.000000
vt 0.000000 7.500000 0.000000
vt 0.560406 7.500000 0.000000
vt 0.684944 4.000000 0.000000
vt 0.684944 6.000000 0.000000
vt 0.000000 4.000000 0.000000
vt 0.000000 7.500000 0.000000
vt 0.684944 7.500000 0.000000
vt -0.000000 1.478370 0.000000
vt 0.000000 1.405670 0.000000
vt 3.750000 1.415255 0.000000
vt 4.000000 1.405670 0.000000
vt 7.500000 1.415255 0.000000
vt 7.500000 1.213075 0.000000
vt 4.000000 1.204860 0.000000
vt 7.500000 1.010896 0.000000
vt 4.000000 1.004050 0.000000
vt 7.500000 0.808717 0.000000
vt 4.000000 0.803240 0.000000
vt 7.500000 0.606538 0.000000
vt 4.000000 0.602430 0.000000
vt 7.500000 0.404358 0.000000
vt 4.000000 0.401620 0.000000
vt 7.500000 0.202179 0.000000
vt 4.000000 0.200810 0.000000
vt 7.500000 0.000000 0.000000
vt 4.000000 0.000000 0.000000
vt 3.750000 1.617434 0.000000
vt 7.500000 1.617434 0.000000
vt 4.000000 1.623768 0.000000
vt 7.500000 1.819613 0.000000
vt 4.000000 1.825042 0.000000
vt 7.500000 2.021792 0.000000
vt 4.000000 2.026317 0.000000
vt 7.500000 2.223972 0.000000
vt 4.000000 2.227591 0.000000
vt 7.500000 2.426151 0.000000
vt 4.000000 2.428866 0.000000
vt 7.500000 2.628330 0.000000
vt 4.000000 2.630140 0.000000
vt 7.500000 2.830509 0.000000
vt 4.000000 2.831414 0.000000
vt 7.500000 3.032689 0.000000
vt 4.000000 3.032689 0.000000
vt 0.000000 1.623768 0.000000
vt 0.000000 1.551069 0.000000
vt 6.843168 0.000000 0.000000
vt 6.843168 4.000000 0.000000
vt 6.842880 0.000000 0.000000
vt 6.842880 7.500000 0.000000
vt 7.507872 7.500000 0.000000
vt 7.507872 4.000000 0.000000
vt 0.000000 4.000000 0.000000
vt 2.000354 4.000000 0.000000
vt 0.000000 6.000000 0.000000
vt 2.000354 7.500000 0.000000
vt 0.000000 7.500000 0.000000
vt 18.575273 7.500000 0.000000
vt 0.000000 7.501000 0.000000
vt 18.575273 7.501000 0.000000
vt 1.492368 6.000000 0.000000
vt 1.492368 7.500000 0.000000
vt 0.000000 6.000000 0.000000
vt 0.000000 7.501000 0.000000
vt 1.492368 7.501000 0.000000
vt 0.000000 6.000000 0.000000
vt 16.368075 6.000000 0.000000
vt 0.000000 7.501000 0.000000
vt 16.368075 7.501000 0.000000
vt -8.271308 -0.455308 0.000000
vt 8.096767 -0.455308 0.000000
vt -9.287635 0.455308 0.000000
vt 9.287635 0.444133 0.000000
vt 0.000000 7.500000 0.000000
vt 6.842880 7.500000 0.000000
vt 0.000000 7.501000 0.000000
vt 6.842880 7.501000 0.000000
vt -0.000000 7.500000 0.000000
vt 0.950017 7.500000 0.000000
vt 0.000000 7.501000 0.000000
vt 0.950017 7.501000 0.000000
vt 0.000000 7.500000 0.000000
vt 2.800001 7.500000 0.000000
vt 0.000000 7.501000 0.000000
vt 2.800001 7.501000 0.000000
vt 0.000000 4.000000 0.000000
vt 0.572536 4.000000 0.000000
vt 0.000000 7.500000 0.000000
vt 0.572536 7.500000 0.000000
vt -4.000000 -3.556909 0.000000
vt -4.000000 -3.334599 0.000000
vt -6.000000 -3.556909 0.000000
vt -6.000000 -3.334599 0.000000
vt -4.000000 -3.112289 0.000000
vt -6.000000 -3.112289 0.000000
vt -4.000000 -2.889980 0.000000
vt -6.000000 -2.889980 0.000000
vt -4.000000 -2.667670 0.000000
vt -6.000000 -2.667670 0.000000
vt -4.000000 -2.445360 0.000000
vt -6.000000 -2.445360 0.000000
vt -4.000000 -2.223051 0.000000
vt -6.000000 -2.223051 0.000000
vt -4.000000 -2.000741 0.000000
vt -6.000000 -2.000741 0.000000
vt -4.000000 -1.778431 0.000000
vt -6.000000 -1.778431 0.000000
vt -4.000000 -1.556121 0.000000
vt -6.000000 -1.556121 0.000000
vt -4.000000 -1.333812 0.000000
vt -6.000000 -1.333812 0.000000
vt -4.000000 -1.111502 0.000000
vt -6.000000 -1.111502 0.000000
vt -4.000000 -0.889192 0.000000
vt -6.000000 -0.889192 0.000000
vt -4.000000 -0.666882 0.000000
vt -6.000000 -0.666882 0.000000
vt -4.000000 -0.555728 0.000000
vt -6.000000 -0.555728 0.000000
vt -6.000000 -0.444573 0.000000
vt -4.000000 -0.444573 0.000000
vt -4.000000 -0.333418 0.000000
vt -4.000000 -0.222263 0.000000
vt -6.000000 -0.222263 0.000000
vt -6.000000 -0.333418 0.000000
vt -4.000000 -0.111108 0.000000
vt -6.000000 -0.111108 0.000000
vt -6.000000 0.000047 0.000000
vt -4.000000 0.000047 0.000000
vt 1.000181 1.250330 0.000000
vt -1.000182 1.249677 0.000000
vt 0.990599 1.005241 0.000000
vt 0.961837 0.762508 0.000000
vt 0.914173 0.524468 0.000000
vt 0.848067 0.293414 0.000000
vt 0.764156 0.071573 0.000000
vt 0.663246 -0.138919 0.000000
vt -2.663602 -0.138916 0.000000
vt -2.546668 -0.336030 0.000000
vt -3.000536 1.250330 0.000000
vt -2.990953 1.005242 0.000000
vt -2.962191 0.762509 0.000000
vt -2.914528 0.524469 0.000000
vt -2.848422 0.293416 0.000000
vt -2.764511 0.071575 0.000000
vt 0.546312 -0.336033 0.000000
vt -2.414836 -0.517867 0.000000
vt 0.414479 -0.517870 0.000000
vt -2.269375 -0.682676 0.000000
vt 0.269018 -0.682679 0.000000
vt -2.111687 -0.828870 0.000000
vt 0.111329 -0.828873 0.000000
vt -1.943290 -0.955039 0.000000
vt -0.057068 -0.955042 0.000000
vt -1.765808 -1.059968 0.000000
vt -0.234551 -1.059971 0.000000
vt -1.580950 -1.142647 0.000000
vt -0.419410 -1.142649 0.000000
vt -1.486309 -1.175385 0.000000
vt -0.514051 -1.175386 0.000000
vt -1.390497 -1.202278 0.000000
vt -0.609863 -1.202280 0.000000
vt -1.293744 -1.223263 0.000000
vt -0.706617 -1.223264 0.000000
vt -1.196283 -1.238288 0.000000
vt -0.804077 -1.238289 0.000000
vt -1.098350 -1.247318 0.000000
vt -0.902011 -1.247318 0.000000
vt -1.000181 -1.250330 0.000000
vt -0.000000 7.500000 0.000000
vt -2.000363 7.500000 0.000000
vt -0.000000 6.000000 0.000000
vt -2.000363 4.000000 0.000000
vt -0.000000 4.000000 0.000000
vt -4.000000 6.961992 0.000000
vt -4.000000 7.187758 0.000000
vt -6.000000 6.961993 0.000000
vt -6.000000 7.187759 0.000000
vt -4.000000 7.413524 0.000000
vt -6.000000 7.413525 0.000000
vt -4.000000 7.639290 0.000000
vt -6.000000 7.639291 0.000000
vt -4.000000 7.865056 0.000000
vt -6.000000 7.865057 0.000000
vt -4.000000 8.090822 0.000000
vt -6.000000 8.090823 0.000000
vt -4.000000 8.316588 0.000000
vt -6.000000 8.316589 0.000000
vt -4.000000 8.542354 0.000000
vt -6.000000 8.542355 0.000000
vt -4.000000 8.768120 0.000000
vt -6.000000 8.768121 0.000000
vt -4.000000 8.993886 0.000000
vt -6.000000 8.993887 0.000000
vt -4.000000 9.219652 0.000000
vt -6.000000 9.219653 0.000000
vt -4.000000 9.445418 0.000000
vt -6.000000 9.445419 0.000000
vt -4.000000 9.671184 0.000000
vt -6.000000 9.671185 0.000000
vt -4.000000 9.896950 0.000000
vt -6.000000 9.896951 0.000000
vt -4.000000 10.122716 0.000000
vt -6.000000 10.122717 0.000000
vt -4.000000 10.348482 0.000000
vt -6.000000 10.348483 0.000000
vt -4.000000 10.574248 0.000000
vt -6.000000 10.574249 0.000000
vt -4.000000 10.800014 0.000000
vt -6.000000 10.800015 0.000000
vt -4.000000 11.025780 0.000000
vt -6.000000 11.025781 0.000000
vt -4.000000 11.251546 0.000000
vt -6.000000 11.251547 0.000000
vt -4.000000 11.477312 0.000000
vt -6.000000 11.477313 0.000000
vt -4.000000 11.703078 0.000000
vt -6.000000 11.703078 0.000000
vt -4.000000 11.928844 0.000000
vt -6.000000 11.928844 0.000000
vt -4.000000 12.154610 0.000000
vt -6.000000 12.154610 0.000000
vt -4.000000 12.380376 0.000000
vt -6.000000 12.380376 0.000000
vt -4.000000 12.606142 0.000000
vt -6.000000 12.606142 0.000000
vt -4.000000 12.831908 0.000000
vt -6.000000 12.831908 0.000000
vt -4.000000 13.057674 0.000000
vt -6.000000 13.057674 0.000000
vt -4.000000 13.283440 0.000000
vt -6.000000 13.283440 0.000000
vt -4.000000 13.509206 0.000000
vt -6.000000 13.509206 0.000000
vt -4.000000 13.734972 0.000000
vt -6.000000 13.734972 0.000000
vt -4.000000 13.960738 0.000000
vt -6.000000 13.960738 0.000000
vt -4.000000 14.186504 0.000000
vt -6.000000 14.186504 0.000000
vt -0.000000 6.000000 0.000000
vt -0.000000 7.501000 0.000000
vt -1.419638 6.000000 0.000000
vt -1.439073 7.500000 0.000000
vt -1.419638 4.000000 0.000000
vt -1.439073 0.000000 0.000000
vt -1.419638 0.000000 0.000000
vt -1.439073 7.501000 0.000000
vt -0.000000 6.000000 0.000000
vt -0.000000 7.500000 0.000000
vt -1.364604 6.000000 0.000000
vt -1.364604 7.501000 0.000000
vt -0.000000 7.501000 0.000000
vt 4.000000 3.643116 0.000000
vt -0.000000 3.643116 0.000000
vt 2.000000 3.534082 0.000000
vt -0.000000 3.534082 0.000000
vt -0.000000 3.425048 0.000000
vt 4.000000 3.425048 0.000000
vt 4.000000 4.662668 0.000000
vt -0.000000 4.662668 0.000000
vt 4.000000 4.643017 0.000000
vt -0.000000 4.643017 0.000000
vt 1.770405 -1.395564 0.000000
vt 1.771147 -0.730860 0.000000
vt -1.079448 -0.756488 0.000000
vt 1.767071 -0.158339 0.000000
vt 1.756732 0.042579 0.000000
vt 1.725537 0.241329 0.000000
vt 1.673824 0.435752 0.000000
vt 1.602155 0.623737 0.000000
vt 1.511309 0.803241 0.000000
vt 1.402273 0.972314 0.000000
vt 1.276231 1.129120 0.000000
vt 1.122049 1.283211 0.000000
vt 0.965546 1.408890 0.000000
vt 0.796838 1.517636 0.000000
vt 0.617749 1.608276 0.000000
vt 0.430216 1.679827 0.000000
vt -1.220748 -0.582228 0.000000
vt 0.236266 1.731517 0.000000
vt 0.037997 1.762786 0.000000
vt -1.348360 -0.400662 0.000000
vt -0.162447 1.773298 0.000000
vt -1.460998 -0.213621 0.000000
vt -1.557524 -0.022995 0.000000
vt -1.636964 0.169293 0.000000
vt -0.722853 1.773507 0.000000
vt -1.698516 0.361303 0.000000
vt -1.741559 0.551094 0.000000
vt -1.765658 0.736753 0.000000
vt -1.770570 0.916405 0.000000
vt -1.756246 1.088236 0.000000
vt -1.722830 1.250513 0.000000
vt -1.670659 1.401596 0.000000
vt -1.600260 1.539962 0.000000
vt -1.512343 1.664213 0.000000
vt -1.407797 1.773095 0.000000
vt -0.925889 -0.921683 0.000000
vt -0.761619 -1.076144 0.000000
vt -0.588296 -1.218313 0.000000
vt -0.407671 -1.346755 0.000000
vt -0.221567 -1.460173 0.000000
vt 1.757466 -1.410353 0.000000
vt 1.648822 -1.515114 0.000000
vt -0.031861 -1.557423 0.000000
vt 1.524898 -1.603151 0.000000
vt 0.159531 -1.637522 0.000000
vt 1.386947 -1.673576 0.000000
vt 0.350677 -1.699663 0.000000
vt 1.236361 -1.725679 0.000000
vt 0.539647 -1.743218 0.000000
vt 1.074660 -1.758933 0.000000
vt 0.724536 -1.767747 0.000000
vt 0.903475 -1.773003 0.000000
vt -0.560406 4.000000 0.000000
vt -0.000000 4.000000 0.000000
vt -0.560406 7.500000 0.000000
vt -0.000000 7.500000 0.000000
vt -0.684944 4.000000 0.000000
vt -0.000000 4.000000 0.000000
vt -0.684944 6.000000 0.000000
vt -0.000000 7.500000 0.000000
vt -0.684944 7.500000 0.000000
vt -0.000000 1.405670 0.000000
vt -3.750000 1.415255 0.000000
vt -4.000000 1.405670 0.000000
vt -7.500000 1.415255 0.000000
vt -7.500000 1.213075 0.000000
vt 0.000000 1.478370 0.000000
vt -0.000000 1.551069 0.000000
vt -3.750000 1.617434 0.000000
vt -0.000000 1.623768 0.000000
vt -4.000000 1.623768 0.000000
vt -4.000000 1.825042 0.000000
vt -7.500000 1.819613 0.000000
vt -7.500000 1.617434 0.000000
vt -7.500000 2.021792 0.000000
vt -4.000000 2.026317 0.000000
vt -7.500000 2.223972 0.000000
vt -4.000000 2.227591 0.000000
vt -7.500000 2.426151 0.000000
vt -4.000000 2.428866 0.000000
vt -7.500000 2.628330 0.000000
vt -4.000000 2.630140 0.000000
vt -7.500000 2.830509 0.000000
vt -4.000000 2.831414 0.000000
vt -7.500000 3.032689 0.000000
vt -4.000000 3.032689 0.000000
vt -4.000000 1.204860 0.000000
vt -7.500000 1.010896 0.000000
vt -4.000000 1.004050 0.000000
vt -7.500000 0.808717 0.000000
vt -4.000000 0.803240 0.000000
vt -7.500000 0.606538 0.000000
vt -4.000000 0.602430 0.000000
vt -7.500000 0.404358 0.000000
vt -4.000000 0.401620 0.000000
vt -7.500000 0.202179 0.000000
vt -4.000000 0.200810 0.000000
vt -7.500000 0.000000 0.000000
vt -4.000000 0.000000 0.000000
vt -6.843168 0.000000 0.000000
vt -6.842880 0.000000 0.000000
vt -6.843168 4.000000 0.000000
vt -6.842880 7.500000 0.000000
vt -7.507872 7.500000 0.000000
vt -7.507872 4.000000 0.000000
vt -18.575273 7.500000 0.000000
vt -0.000000 7.500000 0.000000
vt -18.575273 7.501000 0.000000
vt -0.000000 7.501000 0.000000
vt -1.492368 6.000000 0.000000
vt -0.000000 6.000000 0.000000
vt -1.492368 7.500000 0.000000
vt -0.000000 7.501000 0.000000
vt -1.492368 7.501000 0.000000
vt -16.368075 6.000000 0.000000
vt -0.000000 6.000000 0.000000
vt -16.368075 7.501000 0.000000
vt -0.000000 7.501000 0.000000
vt 8.271308 -0.455308 0.000000
vt 9.287635 0.455308 0.000000
vt -8.096767 -0.455308 0.000000
vt -9.287635 0.444133 0.000000
vt -6.842880 7.500000 0.000000
vt -0.000000 7.500000 0.000000
vt -6.842880 7.501000 0.000000
vt -0.000000 7.501000 0.000000
vt -0.950017 7.500000 0.000000
vt 0.000000 7.500000 0.000000
vt -0.950017 7.501000 0.000000
vt -0.000000 7.501000 0.000000
vt -2.800001 7.500000 0.000000
vt -0.000000 7.500000 0.000000
vt -2.800001 7.501000 0.000000
vt -0.000000 7.501000 0.000000
vt -0.572536 4.000000 0.000000
vt -0.000000 4.000000 0.000000
vt -0.572536 7.500000 0.000000
vt -0.000000 7.500000 0.000000
vt -25.150000 0.000000 0.000000
vt -0.000000 0.000000 0.000000
vt -25.150000 7.500000 0.000000
vt -0.000000 7.500000 0.000000
vt 25.150000 0.000000 0.000000
vt 25.150000 7.500000 0.000000
vt -4.000000 0.000039 0.000000
vt -6.000000 0.000039 0.000000
vt -4.000000 -0.111116 0.000000
vt -6.000000 -0.111116 0.000000
vt -6.000000 -0.222271 0.000000
vt -6.000000 -0.333425 0.000000
vt -4.000000 -0.333425 0.000000
vt -4.000000 -0.222271 0.000000
vt -6.000000 -0.444580 0.000000
vt -4.000000 -0.444580 0.000000
vt -4.000000 -0.555735 0.000000
vt -6.000000 -0.555735 0.000000
vt -6.000000 -0.666889 0.000000
vt -4.000000 -0.666889 0.000000
vt -6.000000 -0.889199 0.000000
vt -4.000000 -0.889199 0.000000
vt -6.000000 -1.111508 0.000000
vt -4.000000 -1.111508 0.000000
vt -6.000000 -1.333817 0.000000
vt -4.000000 -1.333817 0.000000
vt -6.000000 -1.556127 0.000000
vt -4.000000 -1.556127 0.000000
vt -6.000000 -1.778436 0.000000
vt -4.000000 -1.778436 0.000000
vt -6.000000 -2.000745 0.000000
vt -4.000000 -2.000745 0.000000
vt -6.000000 -2.223054 0.000000
vt -4.000000 -2.223054 0.000000
vt -6.000000 -2.445364 0.000000
vt -4.000000 -2.445364 0.000000
vt -6.000000 -2.667673 0.000000
vt -4.000000 -2.667673 0.000000
vt -6.000000 -2.889982 0.000000
vt -4.000000 -2.889982 0.000000
vt -6.000000 -3.112292 0.000000
vt -4.000000 -3.112292 0.000000
vt -6.000000 -3.334601 0.000000
vt -4.000000 -3.334601 0.000000
vt -6.000000 -3.556910 0.000000
vt -4.000000 -3.556910 0.000000
vt -4.000000 6.961992 0.000000
vt -4.000000 7.187758 0.000000
vt -6.000000 6.961993 0.000000
vt -6.000000 7.187759 0.000000
vt -4.000000 7.413524 0.000000
vt -6.000000 7.413525 0.000000
vt -4.000000 7.639290 0.000000
vt -6.000000 7.639291 0.000000
vt -4.000000 7.865056 0.000000
vt -6.000000 7.865057 0.000000
vt -4.000000 8.090822 0.000000
vt -6.000000 8.090823 0.000000
vt -4.000000 8.316588 0.000000
vt -6.000000 8.316589 0.000000
vt -4.000000 8.542354 0.000000
vt -6.000000 8.542355 0.000000
vt -4.000000 8.768120 0.000000
vt -6.000000 8.768121 0.000000
vt -4.000000 8.993886 0.000000
vt -6.000000 8.993887 0.000000
vt -4.000000 9.219652 0.000000
vt -6.000000 9.219653 0.000000
vt -4.000000 9.445418 0.000000
vt -6.000000 9.445419 0.000000
vt -4.000000 9.671184 0.000000
vt -6.000000 9.671185 0.000000
vt -4.000000 9.896950 0.000000
vt -6.000000 9.896951 0.000000
vt -4.000000 10.122716 0.000000
vt -6.000000 10.122717 0.000000
vt -4.000000 10.348482 0.000000
vt -6.000000 10.348483 0.000000
vt -4.000000 10.574248 0.000000
vt -6.000000 10.574249 0.000000
vt -4.000000 10.800014 0.000000
vt -6.000000 10.800015 0.000000
vt -4.000000 11.025780 0.000000
vt -6.000000 11.025781 0.000000
vt -4.000000 11.251546 0.000000
vt -6.000000 11.251547 0.000000
vt -4.000000 11.477312 0.000000
vt -6.000000 11.477313 0.000000
vt -4.000000 11.703078 0.000000
vt -6.000000 11.703078 0.000000
vt -4.000000 11.928844 0.000000
vt -6.000000 11.928844 0.000000
vt -4.000000 12.154610 0.000000
vt -6.000000 12.154610 0.000000
vt -4.000000 12.380376 0.000000
vt -6.000000 12.380376 0.000000
vt -4.000000 12.606142 0.000000
vt -6.000000 12.606142 0.000000
vt -4.000000 12.831908 0.000000
vt -6.000000 12.831908 0.000000
vt -4.000000 13.057674 0.000000
vt -6.000000 13.057674 0.000000
vt -4.000000 13.283440 0.000000
vt -6.000000 13.283440 0.000000
vt -4.000000 13.509206 0.000000
vt -6.000000 13.509206 0.000000
vt -4.000000 13.734972 0.000000
vt -6.000000 13.734972 0.000000
vt -4.000000 13.960738 0.000000
vt -6.000000 13.960738 0.000000
vt -4.000000 14.186504 0.000000
vt -6.000000 14.186504 0.000000
vt -9.519092 6.000000 0.000000
vt 9.519092 6.000000 0.000000
vt -9.519092 7.501000 0.000000
vt 9.519092 7.501000 0.000000
vt -0.000000 6.000000 0.000000
vt -0.000000 7.501000 0.000000
vt -1.419638 6.000000 0.000000
vt -1.439073 7.500000 0.000000
vt -1.419638 4.000000 0.000000
vt -1.439073 0.000000 0.000000
vt -1.419638 0.000000 0.000000
vt -1.439073 7.501000 0.000000
vt -0.000000 6.000000 0.000000
vt -0.000000 7.500000 0.000000
vt -1.364604 6.000000 0.000000
vt -1.364604 7.501000 0.000000
vt -0.000000 7.501000 0.000000
vt 4.000000 3.643116 0.000000
vt -0.000000 3.643116 0.000000
vt 2.000000 3.534082 0.000000
vt -0.000000 3.534082 0.000000
vt -0.000000 3.425048 0.000000
vt 4.000000 3.425048 0.000000
vt 4.000000 4.662668 0.000000
vt -0.000000 4.662668 0.000000
vt 4.000000 4.643017 0.000000
vt -0.000000 4.643017 0.000000
vt 1.770405 -1.395564 0.000000
vt 1.771147 -0.730860 0.000000
vt -1.079448 -0.756488 0.000000
vt 1.767071 -0.158339 0.000000
vt 1.756732 0.042579 0.000000
vt 1.725537 0.241329 0.000000
vt 1.673824 0.435752 0.000000
vt 1.602155 0.623737 0.000000
vt 1.511309 0.803241 0.000000
vt 1.402273 0.972314 0.000000
vt 1.276231 1.129120 0.000000
vt 1.122049 1.283211 0.000000
vt 0.965546 1.408890 0.000000
vt 0.796838 1.517636 0.000000
vt 0.617749 1.608276 0.000000
vt 0.430216 1.679827 0.000000
vt -1.220748 -0.582228 0.000000
vt 0.236266 1.731517 0.000000
vt 0.037997 1.762786 0.000000
vt -1.348360 -0.400662 0.000000
vt -0.162447 1.773298 0.000000
vt -1.460998 -0.213621 0.000000
vt -1.557524 -0.022995 0.000000
vt -1.636964 0.169293 0.000000
vt -0.722853 1.773507 0.000000
vt -1.698516 0.361303 0.000000
vt -1.741559 0.551094 0.000000
vt -1.765658 0.736753 0.000000
vt -1.770570 0.916405 0.000000
vt -1.756246 1.088236 0.000000
vt -1.722830 1.250513 0.000000
vt -1.670659 1.401596 0.000000
vt -1.600260 1.539962 0.000000
vt -1.512343 1.664213 0.000000
vt -1.407797 1.773095 0.000000
vt -0.925889 -0.921683 0.000000
vt -0.761619 -1.076144 0.000000
vt -0.588296 -1.218313 0.000000
vt -0.407671 -1.346755 0.000000
vt -0.221567 -1.460173 0.000000
vt 1.757466 -1.410353 0.000000
vt 1.648822 -1.515114 0.000000
vt -0.031861 -1.557423 0.000000
vt 1.524898 -1.603151 0.000000
vt 0.159531 -1.637522 0.000000
vt 1.386947 -1.673576 0.000000
vt 0.350677 -1.699663 0.000000
vt 1.236361 -1.725679 0.000000
vt 0.539647 -1.743218 0.000000
vt 1.074660 -1.758933 0.000000
vt 0.724536 -1.767747 0.000000
vt 0.903475 -1.773003 0.000000
vt -0.560406 4.000000 0.000000
vt -0.000000 4.000000 0.000000
vt -0.560406 7.500000 0.000000
vt -0.000000 7.500000 0.000000
vt -0.684944 4.000000 0.000000
vt -0.000000 4.000000 0.000000
vt -0.684944 6.000000 0.000000
vt -0.000000 7.500000 0.000000
vt -0.684944 7.500000 0.000000
vt -0.000000 1.405670 0.000000
vt -3.750000 1.415255 0.000000
vt -4.000000 1.405670 0.000000
vt -7.500000 1.415255 0.000000
vt -7.500000 1.213075 0.000000
vt 0.000000 1.478370 0.000000
vt -0.000000 1.551069 0.000000
vt -3.750000 1.617434 0.000000
vt -0.000000 1.623768 0.000000
vt -4.000000 1.623768 0.000000
vt -4.000000 1.825042 0.000000
vt -7.500000 1.819613 0.000000
vt -7.500000 1.617434 0.000000
vt -7.500000 2.021792 0.000000
vt -4.000000 2.026317 0.000000
vt -7.500000 2.223972 0.000000
vt -4.000000 2.227591 0.000000
vt -7.500000 2.426151 0.000000
vt -4.000000 2.428866 0.000000
vt -7.500000 2.628330 0.000000
vt -4.000000 2.630140 0.000000
vt -7.500000 2.830509 0.000000
vt -4.000000 2.831414 0.000000
vt -7.500000 3.032689 0.000000
vt -4.000000 3.032689 0.000000
vt -4.000000 1.204860 0.000000
vt -7.500000 1.010896 0.000000
vt -4.000000 1.004050 0.000000
vt -7.500000 0.808717 0.000000
vt -4.000000 0.803240 0.000000
vt -7.500000 0.606538 0.000000
vt -4.000000 0.602430 0.000000
vt -7.500000 0.404358 0.000000
vt -4.000000 0.401620 0.000000
vt -7.500000 0.202179 0.000000
vt -4.000000 0.200810 0.000000
vt -7.500000 0.000000 0.000000
vt -4.000000 0.000000 0.000000
vt -6.843168 0.000000 0.000000
vt -6.842880 0.000000 0.000000
vt -6.843168 4.000000 0.000000
vt -6.842880 7.500000 0.000000
vt -7.507872 7.500000 0.000000
vt -7.507872 4.000000 0.000000
vt -0.000000 7.500000 0.000000
vt -2.000354 7.500000 0.000000
vt -0.000000 6.000000 0.000000
vt -2.000354 4.000000 0.000000
vt -0.000000 4.000000 0.000000
vt -18.575273 7.500000 0.000000
vt -0.000000 7.500000 0.000000
vt -18.575273 7.501000 0.000000
vt -0.000000 7.501000 0.000000
vt -1.492368 6.000000 0.000000
vt -0.000000 6.000000 0.000000
vt -1.492368 7.500000 0.000000
vt -0.000000 7.501000 0.000000
vt -1.492368 7.501000 0.000000
vt -16.368075 6.000000 0.000000
vt -0.000000 6.000000 0.000000
vt -16.368075 7.501000 0.000000
vt -0.000000 7.501000 0.000000
vt 8.271308 -0.455308 0.000000
vt 9.287635 0.455308 0.000000
vt -8.096767 -0.455308 0.000000
vt -9.287635 0.444133 0.000000
vt -6.842880 7.500000 0.000000
vt -0.000000 7.500000 0.000000
vt -6.842880 7.501000 0.000000
vt -0.000000 7.501000 0.000000
vt -0.950017 7.500000 0.000000
vt 0.000000 7.500000 0.000000
vt -0.950017 7.501000 0.000000
vt -0.000000 7.501000 0.000000
vt -2.800001 7.500000 0.000000
vt -0.000000 7.500000 0.000000
vt -2.800001 7.501000 0.000000
vt -0.000000 7.501000 0.000000
vt 0.471461 -2.496446 0.000000
vt -0.479031 4.222645 0.000000
vt 0.471557 -5.296446 0.000000
vt -0.479031 -14.815538 0.000000
vt 0.471461 -8.096447 0.000000
vt 0.471393 -9.046464 0.000000
vt 0.479031 -15.889340 0.000000
vt 0.471393 -1.546429 0.000000
vt 0.479031 5.296447 0.000000
vt -0.572536 4.000000 0.000000
vt -0.000000 4.000000 0.000000
vt -0.572536 7.500000 0.000000
vt -0.000000 7.500000 0.000000
vt -30.300000 0.000000 0.000000
vt -0.000000 0.000000 0.000000
vt -30.300000 7.500000 0.000000
vt -0.000000 7.500000 0.000000
vt 6.000000 0.000047 0.000000
vt 4.000000 0.000047 0.000000
vt 6.000000 -0.111108 0.000000
vt 4.000000 -0.111108 0.000000
vt 4.000000 -0.222263 0.000000
vt 4.000000 -0.333418 0.000000
vt 6.000000 -0.333418 0.000000
vt 6.000000 -0.222263 0.000000
vt 4.000000 -0.444573 0.000000
vt 6.000000 -0.444573 0.000000
vt 6.000000 -0.555728 0.000000
vt 4.000000 -0.555728 0.000000
vt 4.000000 -0.666882 0.000000
vt 6.000000 -0.666882 0.000000
vt 4.000000 -0.889192 0.000000
vt 6.000000 -0.889192 0.000000
vt 4.000000 -1.111502 0.000000
vt 6.000000 -1.111502 0.000000
vt 4.000000 -1.333812 0.000000
vt 6.000000 -1.333812 0.000000
vt 4.000000 -1.556121 0.000000
vt 6.000000 -1.556121 0.000000
vt 4.000000 -1.778431 0.000000
vt 6.000000 -1.778431 0.000000
vt 4.000000 -2.000741 0.000000
vt 6.000000 -2.000741 0.000000
vt 4.000000 -2.223051 0.000000
vt 6.000000 -2.223051 0.000000
vt 4.000000 -2.445360 0.000000
vt 6.000000 -2.445360 0.000000
vt 4.000000 -2.667670 0.000000
vt 6.000000 -2.667670 0.000000
vt 4.000000 -2.889980 0.000000
vt 6.000000 -2.889980 0.000000
vt 4.000000 -3.112289 0.000000
vt 6.000000 -3.112289 0.000000
vt 4.000000 -3.334599 0.000000
vt 6.000000 -3.334599 0.000000
vt 4.000000 -3.556909 0.000000
vt 6.000000 -3.556909 0.000000
vt -1.000181 1.250330 0.000000
vt -0.990599 1.005241 0.000000
vt 1.000182 1.249677 0.000000
vt -0.961837 0.762508 0.000000
vt -0.914173 0.524468 0.000000
vt -0.848067 0.293414 0.000000
vt -0.764156 0.071573 0.000000
vt -0.663246 -0.138919 0.000000
vt -0.546312 -0.336033 0.000000
vt 2.546668 -0.336030 0.000000
vt 2.663602 -0.138916 0.000000
vt 2.764511 0.071575 0.000000
vt 2.848422 0.293416 0.000000
vt 2.414836 -0.517867 0.000000
vt -0.414479 -0.517870 0.000000
vt 2.269375 -0.682676 0.000000
vt -0.269018 -0.682679 0.000000
vt 2.111687 -0.828870 0.000000
vt -0.111329 -0.828873 0.000000
vt 1.943290 -0.955039 0.000000
vt 0.057068 -0.955042 0.000000
vt 1.765808 -1.059968 0.000000
vt 0.234551 -1.059971 0.000000
vt 1.580950 -1.142647 0.000000
vt 0.419410 -1.142649 0.000000
vt 1.486309 -1.175385 0.000000
vt 0.514051 -1.175386 0.000000
vt 1.390497 -1.202278 0.000000
vt 0.609863 -1.202280 0.000000
vt 1.293744 -1.223263 0.000000
vt 0.706617 -1.223264 0.000000
vt 1.196283 -1.238288 0.000000
vt 0.804077 -1.238289 0.000000
vt 1.098350 -1.247318 0.000000
vt 0.902011 -1.247318 0.000000
vt 1.000181 -1.250330 0.000000
vt 2.914528 0.524469 0.000000
vt 2.962191 0.762509 0.000000
vt 2.990953 1.005242 0.000000
vt 3.000536 1.250330 0.000000
vt 0.000000 7.500000 0.000000
vt 0.000000 6.000000 0.000000
vt 2.000363 7.500000 0.000000
vt 2.000363 4.000000 0.000000
vt 0.000000 4.000000 0.000000
vt 37.724998 7.575000 0.000000
vt 36.321354 -7.575000 0.000000
vt 37.724998 -22.725000 0.000000
vt 36.321258 -10.375001 0.000000
vt 36.321190 -11.325018 0.000000
vt 12.574997 7.575000 0.000000
vt 33.150626 6.186840 0.000000
vt 33.835570 6.187252 0.000000
vt 34.395976 6.187042 0.000000
vt -12.575002 7.575000 0.000000
vt -8.000630 6.186840 0.000000
vt 10.574639 6.175664 0.000000
vt 12.575002 6.175011 0.000000
vt -12.575002 -22.725000 0.000000
vt -11.171359 -7.575000 0.000000
vt -11.171263 -4.774999 0.000000
vt -11.171194 -3.824982 0.000000
vt 12.574997 -22.725000 0.000000
vt -8.000630 -21.336840 0.000000
vt -8.685574 -21.337252 0.000000
vt -9.245980 -21.337042 0.000000
vt 33.150626 -21.336840 0.000000
vt 14.575356 -21.325664 0.000000
vt 12.575002 -21.325011 0.000000
vt 36.328828 -18.167893 0.000000
vt 36.329570 -18.832884 0.000000
vt 36.325494 -19.405406 0.000000
vt 36.315061 -19.607223 0.000000
vt 36.283585 -19.806844 0.000000
vt 36.231411 -20.002080 0.000000
vt 36.159111 -20.190790 0.000000
vt 36.067477 -20.370908 0.000000
vt 35.957513 -20.540457 0.000000
vt 35.830426 -20.697581 0.000000
vt 35.687607 -20.840556 0.000000
vt 35.530623 -20.967816 0.000000
vt 35.361194 -21.077966 0.000000
vt 35.181177 -21.169797 0.000000
vt 34.992546 -21.242305 0.000000
vt 34.797368 -21.294693 0.000000
vt 34.597782 -21.326388 0.000000
vt 34.395976 -21.337042 0.000000
vt 33.835570 -21.337252 0.000000
vt 10.574639 -21.325664 0.000000
vt -9.447786 -21.326388 0.000000
vt -9.647372 -21.294693 0.000000
vt -9.842550 -21.242305 0.000000
vt -10.031182 -21.169797 0.000000
vt -10.211198 -21.077966 0.000000
vt -10.380627 -20.967816 0.000000
vt -10.537611 -20.840556 0.000000
vt -10.680430 -20.697581 0.000000
vt -10.807518 -20.540457 0.000000
vt -10.917481 -20.370908 0.000000
vt -11.009115 -20.190790 0.000000
vt -11.081416 -20.002080 0.000000
vt -11.133590 -19.806844 0.000000
vt -11.165066 -19.607223 0.000000
vt -11.175498 -19.405406 0.000000
vt -11.179574 -18.832884 0.000000
vt -11.178832 -18.167893 0.000000
vt -11.171194 -11.325018 0.000000
vt -11.171263 -10.375001 0.000000
vt -11.178832 3.017893 0.000000
vt -11.179574 3.682885 0.000000
vt -11.175498 4.255406 0.000000
vt -11.165066 4.457223 0.000000
vt -11.133590 4.656844 0.000000
vt -11.081416 4.852080 0.000000
vt -11.009115 5.040790 0.000000
vt -10.917481 5.220908 0.000000
vt -10.807518 5.390457 0.000000
vt -10.680430 5.547581 0.000000
vt -10.537611 5.690556 0.000000
vt -10.380627 5.817816 0.000000
vt -10.211198 5.927966 0.000000
vt -10.031182 6.019797 0.000000
vt -9.842550 6.092305 0.000000
vt -9.647372 6.144693 0.000000
vt -9.447786 6.176388 0.000000
vt -9.245980 6.187042 0.000000
vt -8.685574 6.187252 0.000000
vt 14.575356 6.175664 0.000000
vt 34.597782 6.176388 0.000000
vt 34.797368 6.144693 0.000000
vt 34.992546 6.092305 0.000000
vt 35.181177 6.019797 0.000000
vt 35.361194 5.927966 0.000000
vt 35.530623 5.817816 0.000000
vt 35.687607 5.690556 0.000000
vt 35.830426 5.547581 0.000000
vt 35.957513 5.390457 0.000000
vt 36.067477 5.220908 0.000000
vt 36.159111 5.040790 0.000000
vt 36.231411 4.852080 0.000000
vt 36.283585 4.656844 0.000000
vt 36.315061 4.457223 0.000000
vt 36.325494 4.255406 0.000000
vt 36.329570 3.682885 0.000000
vt 36.328828 3.017893 0.000000
vt 36.321190 -3.824982 0.000000
vt 36.321258 -4.774999 0.000000
vt 6.000000 0.073297 0.000000
vt 4.000000 0.073297 0.000000
vt 6.000000 -0.152469 0.000000
vt 4.000000 -0.152469 0.000000
vt 6.000000 -0.378235 0.000000
vt 4.000000 -0.378235 0.000000
vt 6.000000 -0.604001 0.000000
vt 4.000000 -0.604001 0.000000
vt 6.000000 -0.829767 0.000000
vt 4.000000 -0.829767 0.000000
vt 6.000000 -1.055533 0.000000
vt 4.000000 -1.055533 0.000000
vt 6.000000 -1.281299 0.000000
vt 4.000000 -1.281299 0.000000
vt 6.000000 -1.507065 0.000000
vt 4.000000 -1.507065 0.000000
vt 6.000000 -1.732831 0.000000
vt 4.000000 -1.732831 0.000000
vt 6.000000 -1.958597 0.000000
vt 4.000000 -1.958597 0.000000
vt 6.000000 -2.184363 0.000000
vt 4.000000 -2.184363 0.000000
vt 6.000000 -2.410129 0.000000
vt 4.000000 -2.410129 0.000000
vt 6.000000 -2.635895 0.000000
vt 4.000000 -2.635895 0.000000
vt 6.000000 -2.861661 0.000000
vt 4.000000 -2.861661 0.000000
vt 6.000000 -3.087427 0.000000
vt 4.000000 -3.087427 0.000000
vt 6.000000 -3.313193 0.000000
vt 4.000000 -3.313193 0.000000
vt 6.000000 -3.538959 0.000000
vt 4.000000 -3.538959 0.000000
vt 6.000000 -3.764725 0.000000
vt 4.000000 -3.764725 0.000000
vt 6.000000 -3.990491 0.000000
vt 4.000000 -3.990491 0.000000
vt 6.000000 -4.216257 0.000000
vt 4.000000 -4.216257 0.000000
vt 6.000000 -4.442023 0.000000
vt 4.000000 -4.442023 0.000000
vt 6.000000 -4.667789 0.000000
vt 4.000000 -4.667789 0.000000
vt 6.000000 -4.893555 0.000000
vt 4.000000 -4.893555 0.000000
vt 6.000000 -5.119321 0.000000
vt 4.000000 -5.119321 0.000000
vt 6.000000 -5.345087 0.000000
vt 4.000000 -5.345087 0.000000
vt 6.000000 -5.570853 0.000000
vt 4.000000 -5.570853 0.000000
vt 6.000000 -5.796619 0.000000
vt 4.000000 -5.796619 0.000000
vt 6.000000 -6.022384 0.000000
vt 4.000000 -6.022385 0.000000
vt 6.000000 -6.248150 0.000000
vt 4.000000 -6.248151 0.000000
vt 6.000000 -6.473916 0.000000
vt 4.000000 -6.473917 0.000000
vt 6.000000 -6.699682 0.000000
vt 4.000000 -6.699683 0.000000
vt 6.000000 -6.925448 0.000000
vt 4.000000 -6.925449 0.000000
vt 6.000000 -7.151214 0.000000
vt 4.000000 -7.151215 0.000000
vt 11.772277 4.372097 0.000000
vt 11.870447 -18.130925 0.000000
vt 11.870447 4.369085 0.000000
vt 11.968617 -18.133937 0.000000
vt 11.968617 4.372097 0.000000
vt 12.066550 -18.142966 0.000000
vt 12.066550 4.381127 0.000000
vt 12.164011 -18.157992 0.000000
vt 12.164011 4.396152 0.000000
vt 12.260764 -18.178976 0.000000
vt 12.260764 4.417136 0.000000
vt 34.666212 -16.400012 0.000000
vt 34.666212 2.638172 0.000000
vt 11.772277 -18.133936 0.000000
vt 11.674344 4.381126 0.000000
vt 11.674344 -18.142965 0.000000
vt 11.576883 4.396151 0.000000
vt 11.576883 -18.157990 0.000000
vt 11.480130 4.417135 0.000000
vt 11.480130 -18.178975 0.000000
vt -10.925325 2.638172 0.000000
vt -10.925325 -16.400012 0.000000
vt 11.384317 4.444028 0.000000
vt 11.289676 4.476766 0.000000
vt 11.104818 4.559444 0.000000
vt -9.524685 3.889512 0.000000
vt 10.927335 4.664373 0.000000
vt -9.351362 4.031681 0.000000
vt 8.679217 5.970303 0.000000
vt -9.187092 4.186142 0.000000
vt -9.033533 4.351337 0.000000
vt -8.892233 4.525597 0.000000
vt -8.764621 4.707163 0.000000
vt -7.688858 5.970303 0.000000
vt -8.651983 4.894204 0.000000
vt -8.555457 5.084830 0.000000
vt -8.476017 5.277119 0.000000
vt -8.414465 5.469128 0.000000
vt -8.371422 5.658919 0.000000
vt -8.347323 5.844578 0.000000
vt -8.342411 6.024230 0.000000
vt -8.356735 6.196061 0.000000
vt -8.390152 6.358338 0.000000
vt -8.442323 6.509421 0.000000
vt -8.512722 6.647787 0.000000
vt -8.600638 6.772038 0.000000
vt -8.705184 6.880920 0.000000
vt 10.758938 4.790542 0.000000
vt 10.601249 4.936735 0.000000
vt 10.455788 5.101544 0.000000
vt 10.323955 5.283382 0.000000
vt 10.207020 5.480496 0.000000
vt 10.106111 5.690987 0.000000
vt 10.022199 5.912829 0.000000
vt 9.956093 6.143882 0.000000
vt 9.908430 6.381922 0.000000
vt 9.879668 6.624656 0.000000
vt 9.870085 6.869744 0.000000
vt -9.705310 3.761070 0.000000
vt -9.891414 3.647652 0.000000
vt -10.081120 3.550402 0.000000
vt -10.272511 3.470303 0.000000
vt -10.463657 3.408162 0.000000
vt -10.652628 3.364607 0.000000
vt -10.837517 3.340078 0.000000
vt -11.016456 3.334821 0.000000
vt -11.187640 3.348891 0.000000
vt -11.349342 3.382146 0.000000
vt -11.499928 3.434249 0.000000
vt -11.637879 3.504674 0.000000
vt -11.761802 3.592711 0.000000
vt -11.870447 3.697471 0.000000
vt -11.870447 -17.459311 0.000000
vt -11.761802 -17.354551 0.000000
vt -11.637879 -17.266514 0.000000
vt -11.499928 -17.196088 0.000000
vt -11.349342 -17.143986 0.000000
vt -11.187640 -17.110731 0.000000
vt -11.016456 -17.096661 0.000000
vt -10.837517 -17.101917 0.000000
vt -10.652628 -17.126447 0.000000
vt -10.463657 -17.170002 0.000000
vt -10.272511 -17.232142 0.000000
vt -10.081120 -17.312242 0.000000
vt -9.891414 -17.409492 0.000000
vt -9.705310 -17.522910 0.000000
vt -9.524685 -17.651352 0.000000
vt 11.104818 -18.321284 0.000000
vt 10.927335 -18.426213 0.000000
vt -9.351362 -17.793521 0.000000
vt 8.679217 -19.732143 0.000000
vt -9.187092 -17.947982 0.000000
vt -9.033533 -18.113177 0.000000
vt -8.892233 -18.287436 0.000000
vt -8.764621 -18.469003 0.000000
vt -7.688858 -19.732143 0.000000
vt -8.651983 -18.656044 0.000000
vt -8.555457 -18.846670 0.000000
vt -8.476017 -19.038958 0.000000
vt -8.414465 -19.230967 0.000000
vt -8.371422 -19.420759 0.000000
vt -8.347323 -19.606418 0.000000
vt -8.342411 -19.786070 0.000000
vt -8.356735 -19.957901 0.000000
vt -8.390152 -20.120177 0.000000
vt -8.442323 -20.271261 0.000000
vt -8.512722 -20.409626 0.000000
vt -8.600638 -20.533877 0.000000
vt -8.705184 -20.642760 0.000000
vt 9.870085 -20.631584 0.000000
vt 9.879668 -20.386496 0.000000
vt 9.908430 -20.143762 0.000000
vt 9.956093 -19.905722 0.000000
vt 10.022199 -19.674668 0.000000
vt 10.106111 -19.452827 0.000000
vt 10.207020 -19.242336 0.000000
vt 10.323955 -19.045222 0.000000
vt 10.455788 -18.863384 0.000000
vt 10.601249 -18.698575 0.000000
vt 10.758938 -18.552382 0.000000
vt 11.289676 -18.238606 0.000000
vt 11.384317 -18.205868 0.000000
vt 12.356576 -18.205870 0.000000
vt 12.451217 -18.238608 0.000000
vt 12.636075 -18.321286 0.000000
vt 33.265572 -17.651352 0.000000
vt 12.813557 -18.426216 0.000000
vt 33.092250 -17.793521 0.000000
vt 15.061670 -19.732143 0.000000
vt 32.927980 -17.947982 0.000000
vt 32.774420 -18.113177 0.000000
vt 32.633121 -18.287436 0.000000
vt 32.505508 -18.469003 0.000000
vt 31.429745 -19.732143 0.000000
vt 32.392871 -18.656044 0.000000
vt 32.296345 -18.846670 0.000000
vt 32.216905 -19.038958 0.000000
vt 32.155353 -19.230967 0.000000
vt 32.112310 -19.420759 0.000000
vt 32.088211 -19.606418 0.000000
vt 32.083299 -19.786070 0.000000
vt 32.097623 -19.957901 0.000000
vt 32.131039 -20.120177 0.000000
vt 32.183210 -20.271261 0.000000
vt 32.253609 -20.409626 0.000000
vt 32.341526 -20.533877 0.000000
vt 32.446072 -20.642760 0.000000
vt 12.981953 -18.552385 0.000000
vt 13.139642 -18.698578 0.000000
vt 13.285103 -18.863387 0.000000
vt 13.416935 -19.045225 0.000000
vt 13.533869 -19.242339 0.000000
vt 13.634777 -19.452830 0.000000
vt 13.718689 -19.674670 0.000000
vt 13.784795 -19.905724 0.000000
vt 13.832458 -20.143763 0.000000
vt 13.861219 -20.386496 0.000000
vt 13.870802 -20.631584 0.000000
vt 33.446197 -17.522910 0.000000
vt 33.632302 -17.409492 0.000000
vt 33.822007 -17.312242 0.000000
vt 34.013399 -17.232142 0.000000
vt 34.204545 -17.170002 0.000000
vt 34.393516 -17.126447 0.000000
vt 34.578404 -17.101917 0.000000
vt 34.757344 -17.096661 0.000000
vt 34.928528 -17.110731 0.000000
vt 35.090229 -17.143986 0.000000
vt 35.240816 -17.196088 0.000000
vt 35.378767 -17.266514 0.000000
vt 35.502690 -17.354551 0.000000
vt 35.611335 -17.459311 0.000000
vt 35.611335 3.697471 0.000000
vt 35.502690 3.592711 0.000000
vt 35.378767 3.504674 0.000000
vt 35.240816 3.434249 0.000000
vt 35.090229 3.382146 0.000000
vt 34.928528 3.348891 0.000000
vt 34.757344 3.334821 0.000000
vt 34.578404 3.340078 0.000000
vt 34.393516 3.364607 0.000000
vt 34.204545 3.408162 0.000000
vt 34.013399 3.470303 0.000000
vt 33.822007 3.550402 0.000000
vt 33.632302 3.647652 0.000000
vt 33.446197 3.761070 0.000000
vt 33.265572 3.889512 0.000000
vt 12.636075 4.559447 0.000000
vt 12.813557 4.664376 0.000000
vt 33.092250 4.031681 0.000000
vt 15.061670 5.970303 0.000000
vt 32.927980 4.186142 0.000000
vt 32.774420 4.351337 0.000000
vt 32.633121 4.525597 0.000000
vt 32.505508 4.707163 0.000000
vt 31.429745 5.970303 0.000000
vt 32.392871 4.894204 0.000000
vt 32.296345 5.084830 0.000000
vt 32.216905 5.277119 0.000000
vt 32.155353 5.469128 0.000000
vt 32.112310 5.658919 0.000000
vt 32.088211 5.844578 0.000000
vt 32.083299 6.024230 0.000000
vt 32.097623 6.196061 0.000000
vt 32.131039 6.358338 0.000000
vt 32.183210 6.509421 0.000000
vt 32.253609 6.647787 0.000000
vt 32.341526 6.772038 0.000000
vt 32.446072 6.880920 0.000000
vt 13.870802 6.869744 0.000000
vt 13.861219 6.624656 0.000000
vt 13.832458 6.381924 0.000000
vt 13.784795 6.143884 0.000000
vt 13.718689 5.912831 0.000000
vt 13.634777 5.690990 0.000000
vt 13.533869 5.480499 0.000000
vt 13.416935 5.283385 0.000000
vt 13.285103 5.101548 0.000000
vt 13.139642 4.936738 0.000000
vt 12.981953 4.790545 0.000000
vt 12.451217 4.476768 0.000000
vt 12.356576 4.444030 0.000000
vt -9.519092 6.000000 0.000000
vt 9.519092 6.000000 0.000000
vt -9.519092 7.501000 0.000000
vt 9.519092 7.501000 0.000000
vt 0.000000 6.000000 0.000000
vt 1.419638 6.000000 0.000000
vt 0.000000 7.501000 0.000000
vt 1.439073 7.500000 0.000000
vt 1.439073 7.501000 0.000000
vt 1.419638 4.000000 0.000000
vt 1.439073 0.000000 0.000000
vt 1.419638 0.000000 0.000000
vt 0.000000 6.000000 0.000000
vt 1.364604 6.000000 0.000000
vt 0.000000 7.500000 0.000000
vt 1.364604 7.501000 0.000000
vt 0.000000 7.501000 0.000000
vt -4.000000 3.425048 0.000000
vt -0.000000 3.425048 0.000000
vt -2.000000 3.534082 0.000000
vt -0.000000 3.534082 0.000000
vt -0.000000 3.643116 0.000000
vt -4.000000 3.643116 0.000000
vt -0.000000 4.662668 0.000000
vt -4.000000 4.662668 0.000000
vt -0.000000 4.643017 0.000000
vt -4.000000 4.643017 0.000000
vt -1.756732 0.042579 0.000000
vt -1.767071 -0.158339 0.000000
vt 1.079448 -0.756488 0.000000
vt -1.771147 -0.730860 0.000000
vt -1.770405 -1.395564 0.000000
vt -1.757466 -1.410353 0.000000
vt 0.221567 -1.460173 0.000000
vt 0.407671 -1.346755 0.000000
vt 0.588296 -1.218313 0.000000
vt -1.648822 -1.515114 0.000000
vt 0.031861 -1.557423 0.000000
vt -1.524898 -1.603151 0.000000
vt -0.159531 -1.637522 0.000000
vt -1.386947 -1.673576 0.000000
vt -0.350677 -1.699663 0.000000
vt -1.236361 -1.725679 0.000000
vt -0.539647 -1.743218 0.000000
vt -1.074660 -1.758933 0.000000
vt -0.724536 -1.767747 0.000000
vt -0.903475 -1.773003 0.000000
vt 0.761619 -1.076144 0.000000
vt 0.925889 -0.921683 0.000000
vt 1.220748 -0.582228 0.000000
vt -0.430216 1.679827 0.000000
vt -0.617749 1.608276 0.000000
vt -0.796838 1.517636 0.000000
vt 1.348360 -0.400662 0.000000
vt -0.037997 1.762786 0.000000
vt -0.236266 1.731517 0.000000
vt 0.162447 1.773298 0.000000
vt 1.460998 -0.213621 0.000000
vt 1.557524 -0.022995 0.000000
vt 1.636964 0.169293 0.000000
vt 0.722853 1.773507 0.000000
vt 1.698516 0.361303 0.000000
vt 1.741559 0.551094 0.000000
vt 1.765658 0.736753 0.000000
vt 1.770570 0.916405 0.000000
vt 1.756246 1.088236 0.000000
vt 1.722830 1.250513 0.000000
vt 1.670659 1.401596 0.000000
vt 1.600260 1.539962 0.000000
vt 1.512343 1.664213 0.000000
vt 1.407797 1.773095 0.000000
vt -0.965546 1.408890 0.000000
vt -1.122049 1.283211 0.000000
vt -1.276231 1.129120 0.000000
vt -1.402273 0.972314 0.000000
vt -1.511309 0.803241 0.000000
vt -1.602155 0.623737 0.000000
vt -1.673824 0.435752 0.000000
vt -1.725537 0.241329 0.000000
vt 0.000000 4.000000 0.000000
vt 0.560406 4.000000 0.000000
vt 0.000000 7.500000 0.000000
vt 0.560406 7.500000 0.000000
vt 0.684944 4.000000 0.000000
vt 0.684944 6.000000 0.000000
vt 0.000000 4.000000 0.000000
vt 0.000000 7.500000 0.000000
vt 0.684944 7.500000 0.000000
vt -0.000000 1.478370 0.000000
vt 0.000000 1.405670 0.000000
vt 3.750000 1.415255 0.000000
vt 4.000000 1.405670 0.000000
vt 7.500000 1.415255 0.000000
vt 7.500000 1.213075 0.000000
vt 4.000000 1.204860 0.000000
vt 7.500000 1.010896 0.000000
vt 4.000000 1.004050 0.000000
vt 7.500000 0.808717 0.000000
vt 4.000000 0.803240 0.000000
vt 7.500000 0.606538 0.000000
vt 4.000000 0.602430 0.000000
vt 7.500000 0.404358 0.000000
vt 4.000000 0.401620 0.000000
vt 7.500000 0.202179 0.000000
vt 4.000000 0.200810 0.000000
vt 7.500000 0.000000 0.000000
vt 4.000000 0.000000 0.000000
vt 3.750000 1.617434 0.000000
vt 7.500000 1.617434 0.000000
vt 4.000000 1.623768 0.000000
vt 7.500000 1.819613 0.000000
vt 4.000000 1.825042 0.000000
vt 7.500000 2.021792 0.000000
vt 4.000000 2.026317 0.000000
vt 7.500000 2.223972 0.000000
vt 4.000000 2.227591 0.000000
vt 7.500000 2.426151 0.000000
vt 4.000000 2.428866 0.000000
vt 7.500000 2.628330 0.000000
vt 4.000000 2.630140 0.000000
vt 7.500000 2.830509 0.000000
vt 4.000000 2.831414 0.000000
vt 7.500000 3.032689 0.000000
vt 4.000000 3.032689 0.000000
vt 0.000000 1.623768 0.000000
vt 0.000000 1.551069 0.000000
vt 6.843168 0.000000 0.000000
vt 6.843168 4.000000 0.000000
vt 6.842880 0.000000 0.000000
vt 6.842880 7.500000 0.000000
vt 7.507872 7.500000 0.000000
vt 7.507872 4.000000 0.000000
vt 0.000000 7.500000 0.000000
vt 18.575273 7.500000 0.000000
vt 0.000000 7.501000 0.000000
vt 18.575273 7.501000 0.000000
vt 1.492368 6.000000 0.000000
vt 1.492368 7.500000 0.000000
vt 0.000000 6.000000 0.000000
vt 0.000000 7.501000 0.000000
vt 1.492368 7.501000 0.000000
vt 0.000000 6.000000 0.000000
vt 16.368075 6.000000 0.000000
vt 0.000000 7.501000 0.000000
vt 16.368075 7.501000 0.000000
vt -8.271308 -0.455308 0.000000
vt 8.096767 -0.455308 0.000000
vt -9.287635 0.455308 0.000000
vt 9.287635 0.444133 0.000000
vt 0.000000 7.500000 0.000000
vt 6.842880 7.500000 0.000000
vt 0.000000 7.501000 0.000000
vt 6.842880 7.501000 0.000000
vt -0.000000 7.500000 0.000000
vt 0.950017 7.500000 0.000000
vt -0.000000 7.501000 0.000000
vt 0.950017 7.501000 0.000000
vt -0.000000 7.500000 0.000000
vt 2.800001 7.500000 0.000000
vt -0.000000 7.501000 0.000000
vt 2.800001 7.501000 0.000000
vt -0.471393 -1.546429 0.000000
vt -0.471461 -2.496446 0.000000
vt 0.479031 4.222645 0.000000
vt -0.471557 -5.296446 0.000000
vt 0.479031 -14.815538 0.000000
vt -0.471461 -8.096447 0.000000
vt -0.471393 -9.046464 0.000000
vt -0.479031 -15.889340 0.000000
vt -0.479031 5.296447 0.000000
vt 0.000000 4.000000 0.000000
vt 0.572536 4.000000 0.000000
vt 0.000000 7.500000 0.000000
vt 0.572536 7.500000 0.000000
vt 0.000000 0.000000 0.000000
vt 30.300000 0.000000 0.000000
vt 0.000000 7.500000 0.000000
vt 30.300000 7.500000 0.000000
vt 25.150000 0.000000 0.000000
vt -0.000000 7.500000 0.000000
vt -0.000000 0.000000 0.000000
vt -25.150000 7.500000 0.000000
vt -25.150000 0.000000 0.000000
vt 25.150000 7.500000 0.000000
vt 11.165894 -18.153391 0.000000
vt 10.684658 -20.692865 0.000000
vt 11.178832 -18.168181 0.000000
vt 12.575002 -22.725000 0.000000
vt 11.178832 -18.167893 0.000000
vt 11.178832 3.017893 0.000000
vt 11.165894 3.003391 0.000000
vt -12.574997 7.575000 0.000000
vt -12.574997 -22.725000 0.000000
vt -36.315889 -18.153391 0.000000
vt -35.680472 -20.846956 0.000000
vt -35.758813 -20.771162 0.000000
vt -35.834654 -20.692865 0.000000
vt -36.328828 -18.168181 0.000000
vt -37.724998 -22.725000 0.000000
vt -36.328828 -18.167893 0.000000
vt -36.328828 3.017893 0.000000
vt -36.315889 3.003391 0.000000
vt 10.635211 -20.746152 0.000000
vt 10.583793 -20.797540 0.000000
vt 10.530476 -20.846956 0.000000
vt 10.608818 -20.771162 0.000000
vt -35.733789 -20.797540 0.000000
vt -35.785207 -20.746152 0.000000
vt -35.785207 5.596152 0.000000
vt -37.724998 7.575000 0.000000
vt -35.834654 5.542865 0.000000
vt -36.328828 3.018181 0.000000
vt -35.733789 5.647540 0.000000
vt -35.680472 5.696956 0.000000
vt -35.758813 5.621162 0.000000
vt 12.575002 7.575000 0.000000
vt 11.178832 3.018181 0.000000
vt 10.684658 5.542865 0.000000
vt 10.608818 5.621162 0.000000
vt 10.530476 5.696956 0.000000
vt 10.583793 5.647540 0.000000
vt 10.635211 5.596152 0.000000
vn 0.000000 -0.100000 0.000000
vn 0.000000 -0.100000 0.000000
vn -0.006129 -0.099812 0.000000
vn -0.006129 -0.099812 0.000000
vn -0.012219 -0.099251 0.000000
vn -0.018231 -0.098324 0.000000
vn -0.018231 -0.098324 0.000000
vn -0.012219 -0.099251 0.000000
vn -0.024129 -0.097045 0.000000
vn -0.024129 -0.097045 0.000000
vn -0.029880 -0.095432 0.000000
vn -0.029880 -0.095432 0.000000
vn -0.035455 -0.093504 0.000000
vn -0.035455 -0.093504 0.000000
vn -0.045979 -0.088803 0.000000
vn -0.045979 -0.088803 0.000000
vn -0.055555 -0.083148 0.000000
vn -0.055555 -0.083148 0.000000
vn -0.064105 -0.076750 0.000000
vn -0.064105 -0.076750 0.000000
vn -0.071609 -0.069801 0.000000
vn -0.071609 -0.069801 0.000000
vn -0.078090 -0.062466 0.000000
vn -0.078090 -0.062466 0.000000
vn -0.083597 -0.054878 0.000000
vn -0.083597 -0.054878 0.000000
vn -0.088195 -0.047135 0.000000
vn -0.088195 -0.047135 0.000000
vn -0.091950 -0.039308 0.000000
vn -0.091950 -0.039308 0.000000
vn -0.094928 -0.031444 0.000000
vn -0.094928 -0.031444 0.000000
vn -0.097183 -0.023570 0.000000
vn -0.097183 -0.023570 0.000000
vn -0.098760 -0.015699 0.000000
vn -0.098760 -0.015699 0.000000
vn -0.099692 -0.007836 0.000000
vn -0.099692 -0.007836 0.000000
vn -0.100000 0.000022 -0.000000
vn -0.100000 0.000022 -0.000000
vn 0.066731 0.074478 0.000000
vn 0.066731 0.074478 0.000000
vn 0.077117 0.063663 0.000000
vn 0.077117 0.063663 0.000000
vn 0.085642 0.051628 0.000000
vn 0.085642 0.051628 0.000000
vn 0.092084 0.038994 0.000000
vn 0.092084 0.038994 0.000000
vn 0.096467 0.026348 0.000000
vn 0.096467 0.026348 0.000000
vn 0.098994 0.014145 0.000000
vn 0.098994 0.014145 0.000000
vn 0.099964 0.002677 0.000000
vn 0.099964 0.002677 0.000000
vn 0.099686 -0.007917 0.000000
vn 0.099686 -0.007917 0.000000
vn 0.098438 -0.017604 0.000000
vn 0.098438 -0.017604 0.000000
vn 0.096446 -0.026422 0.000000
vn 0.096446 -0.026422 0.000000
vn 0.093881 -0.034443 0.000000
vn 0.093881 -0.034443 0.000000
vn 0.090865 -0.041756 0.000000
vn 0.090865 -0.041756 0.000000
vn 0.087480 -0.048449 0.000000
vn 0.087480 -0.048449 0.000000
vn 0.083776 -0.054604 0.000000
vn 0.083776 -0.054604 0.000000
vn 0.079780 -0.060293 0.000000
vn 0.079780 -0.060293 0.000000
vn 0.075496 -0.065577 0.000000
vn 0.075496 -0.065577 0.000000
vn 0.070913 -0.070508 0.000000
vn 0.070913 -0.070508 0.000000
vn 0.066006 -0.075121 0.000000
vn 0.066006 -0.075121 0.000000
vn 0.060737 -0.079442 0.000000
vn 0.060737 -0.079442 0.000000
vn 0.055055 -0.083480 0.000000
vn 0.055055 -0.083480 0.000000
vn 0.048898 -0.087229 0.000000
vn 0.048898 -0.087229 0.000000
vn 0.042192 -0.090664 0.000000
vn 0.042192 -0.090664 0.000000
vn 0.034852 -0.093730 0.000000
vn 0.034852 -0.093730 0.000000
vn 0.026790 -0.096345 0.000000
vn 0.026790 -0.096345 0.000000
vn 0.017917 -0.098382 0.000000
vn 0.017917 -0.098382 0.000000
vn 0.008159 -0.099667 0.000000
vn 0.008159 -0.099667 0.000000
vn -0.002517 -0.099968 0.000000
vn -0.002517 -0.099968 0.000000
vn -0.014075 -0.099005 0.000000
vn -0.014075 -0.099005 0.000000
vn -0.026366 -0.096462 0.000000
vn -0.026366 -0.096462 0.000000
vn -0.039087 -0.092045 0.000000
vn -0.039087 -0.092045 0.000000
vn -0.051771 -0.085556 0.000000
vn -0.051771 -0.085556 0.000000
vn -0.063821 -0.076986 0.000000
vn -0.063821 -0.076986 0.000000
vn -0.074618 -0.066575 0.000000
vn -0.074618 -0.066575 0.000000
vn -0.074618 -0.066575 0.000000
vn -0.074618 -0.066575 0.000000
vn -0.074618 -0.066575 0.000000
vn -0.074618 -0.066575 0.000000
vn -0.074618 -0.066575 0.000000
vn -0.074618 -0.066575 0.000000
vn -0.074618 -0.066575 0.000000
vn 0.066731 0.074478 0.000000
vn 0.066731 0.074478 0.000000
vn 0.066731 0.074478 0.000000
vn 0.066731 0.074478 0.000000
vn 0.066731 0.074478 0.000000
vn 0.068356 -0.072989 0.000000
vn 0.068356 -0.072989 0.000000
vn 0.070690 -0.070731 0.000000
vn 0.070690 -0.070731 0.000000
vn 0.072949 -0.068399 0.000000
vn 0.072949 -0.068399 0.000000
vn 0.074618 0.066575 0.000000
vn 0.074618 0.066575 0.000000
vn 0.075900 0.065109 0.000000
vn 0.075900 0.065109 0.000000
vn 0.000000 0.000000 0.100000
vn 0.000000 0.000000 0.100000
vn 0.000000 0.000000 0.100000
vn 0.000000 0.000000 0.100000
vn 0.000000 0.000000 0.100000
vn 0.000000 0.000000 0.100000
vn 0.000000 0.000000 0.100000
vn 0.000000 0.000000 0.100000
vn 0.000000 0.000000 0.100000
vn 0.000000 0.000000 0.100000
vn 0.000000 0.000000 0.100000
vn 0.000000 0.000000 0.100000
vn 0.000000 0.000000 0.100000
vn 0.000000 0.000000 0.100000
vn 0.000000 0.000000 0.100000
vn 0.000000 0.000000 0.100000
vn 0.000000 0.000000 0.100000
vn 0.000000 0.000000 0.100000
vn 0.000000 0.000000 0.100000
vn 0.000000 0.000000 0.100000
vn 0.000000 0.000000 0.100000
vn 0.000000 0.000000 0.100000
vn 0.000000 0.000000 0.100000
vn 0.000000 0.000000 0.100000
vn 0.000000 0.000000 0.100000
vn 0.000000 0.000000 0.100000
vn 0.000000 0.000000 0.100000
vn 0.000000 0.000000 0.100000
vn 0.000000 0.000000 0.100000
vn 0.000000 0.000000 0.100000
vn 0.000000 0.000000 0.100000
vn 0.000000 0.000000 0.100000
vn 0.000000 0.000000 0.100000
vn 0.000000 0.000000 0.100000
vn 0.000000 0.000000 0.100000
vn 0.000000 0.000000 0.100000
vn 0.000000 0.000000 0.100000
vn 0.000000 0.000000 0.100000
vn 0.000000 0.000000 0.100000
vn 0.000000 0.000000 0.100000
vn 0.000000 0.000000 0.100000
vn 0.000000 0.000000 0.100000
vn 0.000000 0.000000 0.100000
vn 0.000000 0.000000 0.100000
vn 0.000000 0.000000 0.100000
vn 0.000000 0.000000 0.100000
vn 0.000000 0.000000 0.100000
vn 0.000000 0.000000 0.100000
vn 0.000000 0.000000 0.100000
vn 0.000000 0.000000 0.100000
vn 0.000000 0.000000 0.100000
vn 0.000000 0.000000 0.100000
vn -0.000037 0.100000 0.000000
vn -0.000037 0.100000 0.000000
vn -0.000037 0.100000 0.000000
vn -0.000037 0.100000 0.000000
vn 0.000060 0.100000 0.000000
vn 0.000060 0.100000 0.000000
vn 0.000060 0.100000 0.000000
vn 0.000060 0.100000 0.000000
vn 0.000060 0.100000 0.000000
vn -0.069345 0.072050 -0.000000
vn -0.066583 0.074610 -0.000000
vn -0.066953 0.074279 -0.000000
vn -0.066583 0.074610 -0.000000
vn -0.066953 0.074279 -0.000000
vn -0.058820 0.080871 -0.000000
vn -0.058475 0.081121 -0.000000
vn -0.050042 0.086578 -0.000000
vn -0.049735 0.086755 -0.000000
vn -0.040716 0.091336 -0.000000
vn -0.040457 0.091451 -0.000000
vn -0.030944 0.095092 -0.000000
vn -0.030741 0.095158 -0.000000
vn -0.020832 0.097806 -0.000000
vn -0.020694 0.097835 -0.000000
vn -0.010492 0.099448 -0.000000
vn -0.010422 0.099455 -0.000000
vn -0.000037 0.100000 -0.000000
vn -0.000037 0.100000 -0.000000
vn -0.074352 0.066871 -0.000000
vn -0.074352 0.066871 -0.000000
vn -0.074571 0.066627 -0.000000
vn -0.080936 0.058731 -0.000000
vn -0.081101 0.058503 -0.000000
vn -0.086633 0.049947 -0.000000
vn -0.086750 0.049744 -0.000000
vn -0.091380 0.040616 -0.000000
vn -0.091456 0.040445 -0.000000
vn -0.095126 0.030840 -0.000000
vn -0.095169 0.030706 -0.000000
vn -0.097829 0.020725 -0.000000
vn -0.097848 0.020633 -0.000000
vn -0.099459 0.010383 -0.000000
vn -0.099464 0.010337 -0.000000
vn -0.100000 -0.000072 0.000000
vn -0.100000 -0.000072 0.000000
vn -0.074571 0.066627 -0.000000
vn -0.072009 0.069388 -0.000000
vn -0.100000 -0.000112 0.000000
vn -0.100000 -0.000112 0.000000
vn -0.100000 -0.000112 0.000000
vn -0.100000 -0.000112 0.000000
vn -0.100000 -0.000112 0.000000
vn -0.100000 -0.000112 0.000000
vn 0.000033 0.100000 0.000000
vn 0.000033 0.100000 0.000000
vn 0.000033 0.100000 0.000000
vn 0.000033 0.100000 0.000000
vn 0.000033 0.100000 0.000000
vn -0.000060 -0.100000 0.000000
vn -0.000060 -0.100000 0.000000
vn -0.000060 -0.100000 0.000000
vn -0.000060 -0.100000 0.000000
vn -0.060269 0.079797 0.000000
vn -0.060269 0.079797 0.000000
vn -0.060269 0.079797 0.000000
vn -0.060269 0.079797 0.000000
vn -0.060269 0.079797 0.000000
vn 0.000000 0.100000 0.000000
vn 0.000000 0.100000 0.000000
vn 0.000000 0.100000 0.000000
vn 0.000000 0.100000 0.000000
vn 0.000000 0.000000 0.100000
vn 0.000000 0.000000 0.100000
vn 0.000000 0.000000 0.100000
vn 0.000000 0.000000 0.100000
vn 0.100000 0.000112 0.000000
vn 0.100000 0.000112 0.000000
vn 0.100000 0.000112 0.000000
vn 0.100000 0.000112 0.000000
vn 0.100000 -0.000007 0.000000
vn 0.100000 -0.000007 0.000000
vn 0.100000 -0.000007 0.000000
vn 0.100000 -0.000007 0.000000
vn 0.100000 -0.000003 0.000000
vn 0.100000 -0.000003 0.000000
vn 0.100000 -0.000003 0.000000
vn 0.100000 -0.000003 0.000000
vn -0.099997 0.000712 0.000000
vn -0.099997 0.000712 0.000000
vn -0.099997 0.000712 0.000000
vn -0.099997 0.000712 0.000000
vn 0.100000 0.000022 0.000000
vn 0.099692 -0.007836 0.000000
vn 0.100000 0.000022 0.000000
vn 0.099692 -0.007836 0.000000
vn 0.098760 -0.015699 0.000000
vn 0.098760 -0.015699 0.000000
vn 0.097183 -0.023570 0.000000
vn 0.097183 -0.023570 0.000000
vn 0.094928 -0.031444 0.000000
vn 0.094928 -0.031444 0.000000
vn 0.091950 -0.039308 0.000000
vn 0.091950 -0.039308 0.000000
vn 0.088194 -0.047135 0.000000
vn 0.088194 -0.047135 0.000000
vn 0.083597 -0.054878 0.000000
vn 0.083597 -0.054878 0.000000
vn 0.078089 -0.062466 0.000000
vn 0.078089 -0.062466 0.000000
vn 0.071609 -0.069801 0.000000
vn 0.071609 -0.069801 0.000000
vn 0.064105 -0.076750 0.000000
vn 0.064105 -0.076750 0.000000
vn 0.055555 -0.083148 0.000000
vn 0.055555 -0.083148 0.000000
vn 0.045979 -0.088803 0.000000
vn 0.045979 -0.088803 0.000000
vn 0.035454 -0.093504 0.000000
vn 0.035454 -0.093504 0.000000
vn 0.029880 -0.095432 0.000000
vn 0.029880 -0.095432 0.000000
vn 0.024128 -0.097045 0.000000
vn 0.024128 -0.097045 0.000000
vn 0.018230 -0.098324 0.000000
vn 0.012218 -0.099251 0.000000
vn 0.012218 -0.099251 0.000000
vn 0.018230 -0.098324 0.000000
vn 0.006128 -0.099812 0.000000
vn 0.006128 -0.099812 0.000000
vn -0.000001 -0.100000 0.000000
vn -0.000001 -0.100000 0.000000
vn 0.000000 -0.000000 0.100000
vn 0.000000 -0.000000 0.100000
vn 0.000000 -0.000000 0.100000
vn 0.000000 -0.000000 0.100000
vn 0.000000 -0.000000 0.100000
vn 0.000000 -0.000000 0.100000
vn 0.000000 -0.000000 0.100000
vn 0.000000 -0.000000 0.100000
vn 0.000000 -0.000000 0.100000
vn 0.000000 -0.000000 0.100000
vn 0.000000 -0.000000 0.100000
vn 0.000000 -0.000000 0.100000
vn 0.000000 -0.000000 0.100000
vn 0.000000 -0.000000 0.100000
vn 0.000000 -0.000000 0.100000
vn 0.000000 -0.000000 0.100000
vn 0.000000 -0.000000 0.100000
vn 0.000000 -0.000000 0.100000
vn 0.000000 -0.000000 0.100000
vn 0.000000 -0.000000 0.100000
vn 0.000000 -0.000000 0.100000
vn 0.000000 -0.000000 0.100000
vn 0.000000 -0.000000 0.100000
vn 0.000000 -0.000000 0.100000
vn 0.000000 -0.000000 0.100000
vn 0.000000 -0.000000 0.100000
vn 0.000000 -0.000000 0.100000
vn 0.000000 -0.000000 0.100000
vn 0.000000 -0.000000 0.100000
vn 0.000000 -0.000000 0.100000
vn 0.000000 -0.000000 0.100000
vn 0.000000 -0.000000 0.100000
vn 0.000000 -0.000000 0.100000
vn 0.000000 -0.000000 0.100000
vn 0.000000 -0.000000 0.100000
vn 0.000000 -0.000000 0.100000
vn 0.000000 -0.000000 0.100000
vn 0.000000 -0.000000 0.100000
vn 0.000000 -0.000000 0.100000
vn 0.000000 -0.000000 0.100000
vn -0.000033 0.100000 0.000000
vn -0.000033 0.100000 0.000000
vn -0.000033 0.100000 0.000000
vn -0.000033 0.100000 0.000000
vn -0.000033 0.100000 0.000000
vn 0.074618 -0.066575 0.000000
vn 0.063821 -0.076986 0.000000
vn 0.074618 -0.066575 0.000000
vn 0.063821 -0.076986 0.000000
vn 0.051771 -0.085556 0.000000
vn 0.051771 -0.085556 0.000000
vn 0.039087 -0.092045 0.000000
vn 0.039087 -0.092045 0.000000
vn 0.026366 -0.096462 0.000000
vn 0.026366 -0.096462 0.000000
vn 0.014075 -0.099005 0.000000
vn 0.014075 -0.099005 0.000000
vn 0.002517 -0.099968 0.000000
vn 0.002517 -0.099968 0.000000
vn -0.008159 -0.099667 0.000000
vn -0.008159 -0.099667 0.000000
vn -0.017917 -0.098382 0.000000
vn -0.017917 -0.098382 0.000000
vn -0.026790 -0.096345 0.000000
vn -0.026790 -0.096345 0.000000
vn -0.034852 -0.093730 0.000000
vn -0.034852 -0.093730 0.000000
vn -0.042192 -0.090664 0.000000
vn -0.042192 -0.090664 0.000000
vn -0.048898 -0.087229 0.000000
vn -0.048898 -0.087229 0.000000
vn -0.055055 -0.083480 0.000000
vn -0.055055 -0.083480 0.000000
vn -0.060737 -0.079442 0.000000
vn -0.060737 -0.079442 0.000000
vn -0.066006 -0.075121 0.000000
vn -0.066006 -0.075121 0.000000
vn -0.070913 -0.070508 0.000000
vn -0.070913 -0.070508 0.000000
vn -0.075496 -0.065577 0.000000
vn -0.075496 -0.065577 0.000000
vn -0.079780 -0.060293 0.000000
vn -0.079780 -0.060293 0.000000
vn -0.083776 -0.054604 0.000000
vn -0.083776 -0.054604 0.000000
vn -0.087480 -0.048449 0.000000
vn -0.087480 -0.048449 0.000000
vn -0.090865 -0.041756 0.000000
vn -0.090865 -0.041756 0.000000
vn -0.093881 -0.034443 0.000000
vn -0.093881 -0.034443 0.000000
vn -0.096446 -0.026422 0.000000
vn -0.096446 -0.026422 0.000000
vn -0.098438 -0.017604 0.000000
vn -0.098438 -0.017604 0.000000
vn -0.099686 -0.007917 0.000000
vn -0.099686 -0.007917 0.000000
vn -0.099964 0.002677 -0.000000
vn -0.099964 0.002677 -0.000000
vn -0.098994 0.014145 -0.000000
vn -0.098994 0.014145 -0.000000
vn -0.096467 0.026348 -0.000000
vn -0.096467 0.026348 -0.000000
vn -0.092084 0.038994 -0.000000
vn -0.092084 0.038994 -0.000000
vn -0.085642 0.051628 -0.000000
vn -0.085642 0.051628 -0.000000
vn -0.077117 0.063663 -0.000000
vn -0.077117 0.063663 -0.000000
vn -0.066731 0.074478 -0.000000
vn -0.066731 0.074478 -0.000000
vn 0.074618 -0.066575 0.000000
vn 0.074618 -0.066575 0.000000
vn 0.074618 -0.066575 0.000000
vn 0.074618 -0.066575 0.000000
vn 0.074618 -0.066575 0.000000
vn 0.074618 -0.066575 0.000000
vn 0.074618 -0.066575 0.000000
vn -0.066731 0.074478 0.000000
vn -0.066731 0.074478 0.000000
vn -0.066731 0.074478 0.000000
vn -0.066731 0.074478 0.000000
vn -0.066731 0.074478 0.000000
vn -0.072949 -0.068399 0.000000
vn -0.072949 -0.068399 0.000000
vn -0.070690 -0.070731 0.000000
vn -0.070690 -0.070731 0.000000
vn -0.068356 -0.072989 0.000000
vn -0.068356 -0.072989 0.000000
vn -0.074618 0.066575 0.000000
vn -0.074618 0.066575 0.000000
vn -0.075900 0.065109 0.000000
vn -0.075900 0.065109 0.000000
vn 0.000000 -0.000000 0.100000
vn 0.000000 -0.000000 0.100000
vn 0.000000 -0.000000 0.100000
vn 0.000000 -0.000000 0.100000
vn 0.000000 -0.000000 0.100000
vn 0.000000 -0.000000 0.100000
vn 0.000000 -0.000000 0.100000
vn 0.000000 -0.000000 0.100000
vn 0.000000 -0.000000 0.100000
vn 0.000000 -0.000000 0.100000
vn 0.000000 -0.000000 0.100000
vn 0.000000 -0.000000 0.100000
vn 0.000000 -0.000000 0.100000
vn 0.000000 -0.000000 0.100000
vn 0.000000 -0.000000 0.100000
vn 0.000000 -0.000000 0.100000
vn 0.000000 -0.000000 0.100000
vn 0.000000 -0.000000 0.100000
vn 0.000000 -0.000000 0.100000
vn 0.000000 -0.000000 0.100000
vn 0.000000 -0.000000 0.100000
vn 0.000000 -0.000000 0.100000
vn 0.000000 -0.000000 0.100000
vn 0.000000 -0.000000 0.100000
vn 0.000000 -0.000000 0.100000
vn 0.000000 -0.000000 0.100000
vn 0.000000 -0.000000 0.100000
vn 0.000000 -0.000000 0.100000
vn 0.000000 -0.000000 0.100000
vn 0.000000 -0.000000 0.100000
vn 0.000000 -0.000000 0.100000
vn 0.000000 -0.000000 0.100000
vn 0.000000 -0.000000 0.100000
vn 0.000000 -0.000000 0.100000
vn 0.000000 -0.000000 0.100000
vn 0.000000 -0.000000 0.100000
vn 0.000000 -0.000000 0.100000
vn 0.000000 -0.000000 0.100000
vn 0.000000 -0.000000 0.100000
vn 0.000000 -0.000000 0.100000
vn 0.000000 -0.000000 0.100000
vn 0.000000 -0.000000 0.100000
vn 0.000000 -0.000000 0.100000
vn 0.000000 -0.000000 0.100000
vn 0.000000 -0.000000 0.100000
vn 0.000000 -0.000000 0.100000
vn 0.000000 -0.000000 0.100000
vn 0.000000 -0.000000 0.100000
vn 0.000000 -0.000000 0.100000
vn 0.000000 -0.000000 0.100000
vn 0.000000 -0.000000 0.100000
vn 0.000000 -0.000000 0.100000
vn 0.000037 0.100000 0.000000
vn 0.000037 0.100000 0.000000
vn 0.000037 0.100000 0.000000
vn 0.000037 0.100000 0.000000
vn -0.000060 0.100000 0.000000
vn -0.000060 0.100000 0.000000
vn -0.000060 0.100000 0.000000
vn -0.000060 0.100000 0.000000
vn -0.000060 0.100000 0.000000
vn 0.066583 0.074610 0.000000
vn 0.066953 0.074279 0.000000
vn 0.066583 0.074610 0.000000
vn 0.066953 0.074279 0.000000
vn 0.058820 0.080871 0.000000
vn 0.069345 0.072050 0.000000
vn 0.072009 0.069388 0.000000
vn 0.074352 0.066871 0.000000
vn 0.074571 0.066627 0.000000
vn 0.074571 0.066627 0.000000
vn 0.081101 0.058503 0.000000
vn 0.080936 0.058731 0.000000
vn 0.074352 0.066871 0.000000
vn 0.086633 0.049947 0.000000
vn 0.086750 0.049744 0.000000
vn 0.091380 0.040616 0.000000
vn 0.091456 0.040445 0.000000
vn 0.095126 0.030840 0.000000
vn 0.095169 0.030706 0.000000
vn 0.097829 0.020725 0.000000
vn 0.097848 0.020633 0.000000
vn 0.099459 0.010383 0.000000
vn 0.099464 0.010337 0.000000
vn 0.100000 -0.000072 0.000000
vn 0.100000 -0.000072 0.000000
vn 0.058475 0.081121 0.000000
vn 0.050042 0.086578 0.000000
vn 0.049735 0.086755 0.000000
vn 0.040716 0.091336 0.000000
vn 0.040457 0.091451 0.000000
vn 0.030944 0.095092 0.000000
vn 0.030741 0.095158 0.000000
vn 0.020832 0.097806 0.000000
vn 0.020694 0.097835 0.000000
vn 0.010492 0.099448 0.000000
vn 0.010422 0.099455 0.000000
vn 0.000037 0.100000 0.000000
vn 0.000037 0.100000 0.000000
vn 0.100000 -0.000112 0.000000
vn 0.100000 -0.000112 0.000000
vn 0.100000 -0.000112 0.000000
vn 0.100000 -0.000112 0.000000
vn 0.100000 -0.000112 0.000000
vn 0.100000 -0.000112 0.000000
vn 0.000060 -0.100000 0.000000
vn 0.000060 -0.100000 0.000000
vn 0.000060 -0.100000 0.000000
vn 0.000060 -0.100000 0.000000
vn 0.060269 0.079797 0.000000
vn 0.060269 0.079797 0.000000
vn 0.060269 0.079797 0.000000
vn 0.060269 0.079797 0.000000
vn 0.060269 0.079797 0.000000
vn 0.000000 0.100000 0.000000
vn 0.000000 0.100000 0.000000
vn 0.000000 0.100000 0.000000
vn 0.000000 0.100000 0.000000
vn 0.000000 -0.000000 0.100000
vn 0.000000 -0.000000 0.100000
vn 0.000000 -0.000000 0.100000
vn 0.000000 -0.000000 0.100000
vn -0.100000 0.000112 0.000000
vn -0.100000 0.000112 0.000000
vn -0.100000 0.000112 0.000000
vn -0.100000 0.000112 0.000000
vn -0.100000 -0.000007 0.000000
vn -0.100000 -0.000007 0.000000
vn -0.100000 -0.000007 0.000000
vn -0.100000 -0.000007 0.000000
vn -0.100000 -0.000003 0.000000
vn -0.100000 -0.000003 0.000000
vn -0.100000 -0.000003 0.000000
vn -0.100000 -0.000003 0.000000
vn 0.099997 0.000712 0.000000
vn 0.099997 0.000712 0.000000
vn 0.099997 0.000712 0.000000
vn 0.099997 0.000712 0.000000
vn 0.000000 -0.100000 0.000000
vn 0.000000 -0.100000 0.000000
vn 0.000000 -0.100000 0.000000
vn 0.000000 -0.100000 0.000000
vn 0.000000 -0.100000 0.000000
vn 0.000000 -0.100000 0.000000
vn 0.000000 0.100000 0.000000
vn 0.000000 0.100000 0.000000
vn -0.006129 0.099812 -0.000000
vn -0.006129 0.099812 -0.000000
vn -0.012219 0.099251 -0.000000
vn -0.018231 0.098324 -0.000000
vn -0.018231 0.098324 -0.000000
vn -0.012219 0.099251 -0.000000
vn -0.024129 0.097045 -0.000000
vn -0.024129 0.097045 -0.000000
vn -0.029880 0.095432 -0.000000
vn -0.029880 0.095432 -0.000000
vn -0.035455 0.093504 -0.000000
vn -0.035455 0.093504 -0.000000
vn -0.045979 0.088803 -0.000000
vn -0.045979 0.088803 -0.000000
vn -0.055555 0.083148 -0.000000
vn -0.055555 0.083148 -0.000000
vn -0.064105 0.076750 -0.000000
vn -0.064105 0.076750 -0.000000
vn -0.071609 0.069801 -0.000000
vn -0.071609 0.069801 -0.000000
vn -0.078090 0.062466 -0.000000
vn -0.078090 0.062466 -0.000000
vn -0.083597 0.054878 -0.000000
vn -0.083597 0.054878 -0.000000
vn -0.088195 0.047135 -0.000000
vn -0.088195 0.047135 -0.000000
vn -0.091950 0.039308 -0.000000
vn -0.091950 0.039308 -0.000000
vn -0.094928 0.031444 -0.000000
vn -0.094928 0.031444 -0.000000
vn -0.097183 0.023570 -0.000000
vn -0.097183 0.023570 -0.000000
vn -0.098760 0.015699 -0.000000
vn -0.098760 0.015699 -0.000000
vn -0.099692 0.007836 -0.000000
vn -0.099692 0.007836 -0.000000
vn -0.100000 -0.000022 0.000000
vn -0.100000 -0.000022 0.000000
vn -0.074618 0.066575 -0.000000
vn -0.063821 0.076986 -0.000000
vn -0.074618 0.066575 -0.000000
vn -0.063821 0.076986 -0.000000
vn -0.051771 0.085556 -0.000000
vn -0.051771 0.085556 -0.000000
vn -0.039087 0.092045 -0.000000
vn -0.039087 0.092045 -0.000000
vn -0.026366 0.096462 -0.000000
vn -0.026366 0.096462 -0.000000
vn -0.014075 0.099005 -0.000000
vn -0.014075 0.099005 -0.000000
vn -0.002517 0.099968 -0.000000
vn -0.002517 0.099968 -0.000000
vn 0.008159 0.099667 0.000000
vn 0.008159 0.099667 0.000000
vn 0.017917 0.098382 0.000000
vn 0.017917 0.098382 0.000000
vn 0.026790 0.096345 0.000000
vn 0.026790 0.096345 0.000000
vn 0.034852 0.093730 0.000000
vn 0.034852 0.093730 0.000000
vn 0.042192 0.090664 0.000000
vn 0.042192 0.090664 0.000000
vn 0.048898 0.087229 0.000000
vn 0.048898 0.087229 0.000000
vn 0.055055 0.083480 0.000000
vn 0.055055 0.083480 0.000000
vn 0.060737 0.079442 0.000000
vn 0.060737 0.079442 0.000000
vn 0.066006 0.075121 0.000000
vn 0.066006 0.075121 0.000000
vn 0.070913 0.070508 0.000000
vn 0.070913 0.070508 0.000000
vn 0.075496 0.065577 0.000000
vn 0.075496 0.065577 0.000000
vn 0.079780 0.060293 0.000000
vn 0.079780 0.060293 0.000000
vn 0.083776 0.054604 0.000000
vn 0.083776 0.054604 0.000000
vn 0.087480 0.048449 0.000000
vn 0.087480 0.048449 0.000000
vn 0.090865 0.041756 0.000000
vn 0.090865 0.041756 0.000000
vn 0.093881 0.034443 0.000000
vn 0.093881 0.034443 0.000000
vn 0.096446 0.026422 0.000000
vn 0.096446 0.026422 0.000000
vn 0.098438 0.017604 0.000000
vn 0.098438 0.017604 0.000000
vn 0.099686 0.007917 0.000000
vn 0.099686 0.007917 0.000000
vn 0.099964 -0.002677 0.000000
vn 0.099964 -0.002677 0.000000
vn 0.098994 -0.014145 0.000000
vn 0.098994 -0.014145 0.000000
vn 0.096467 -0.026348 0.000000
vn 0.096467 -0.026348 0.000000
vn 0.092084 -0.038994 0.000000
vn 0.092084 -0.038994 0.000000
vn 0.085642 -0.051628 0.000000
vn 0.085642 -0.051628 0.000000
vn 0.077117 -0.063663 0.000000
vn 0.077117 -0.063663 0.000000
vn 0.066731 -0.074478 0.000000
vn 0.066731 -0.074478 0.000000
vn -0.100000 0.000000 -0.000000
vn -0.100000 0.000000 -0.000000
vn -0.100000 0.000000 -0.000000
vn -0.100000 0.000000 -0.000000
vn -0.074618 0.066575 -0.000000
vn -0.074618 0.066575 -0.000000
vn -0.074618 0.066575 -0.000000
vn -0.074618 0.066575 -0.000000
vn -0.074618 0.066575 -0.000000
vn -0.074618 0.066575 -0.000000
vn -0.074618 0.066575 -0.000000
vn 0.066731 -0.074478 0.000000
vn 0.066731 -0.074478 0.000000
vn 0.066731 -0.074478 0.000000
vn 0.066731 -0.074478 0.000000
vn 0.066731 -0.074478 0.000000
vn 0.072949 0.068399 0.000000
vn 0.072949 0.068399 0.000000
vn 0.070690 0.070731 0.000000
vn 0.070690 0.070731 0.000000
vn 0.068356 0.072989 0.000000
vn 0.068356 0.072989 0.000000
vn 0.074618 -0.066575 0.000000
vn 0.074618 -0.066575 0.000000
vn 0.075900 -0.065109 0.000000
vn 0.075900 -0.065109 0.000000
vn 0.000000 0.000000 0.100000
vn 0.000000 0.000000 0.100000
vn 0.000000 0.000000 0.100000
vn 0.000000 0.000000 0.100000
vn 0.000000 0.000000 0.100000
vn 0.000000 0.000000 0.100000
vn 0.000000 0.000000 0.100000
vn 0.000000 0.000000 0.100000
vn 0.000000 0.000000 0.100000
vn 0.000000 0.000000 0.100000
vn 0.000000 0.000000 0.100000
vn 0.000000 0.000000 0.100000
vn 0.000000 0.000000 0.100000
vn 0.000000 0.000000 0.100000
vn 0.000000 0.000000 0.100000
vn 0.000000 0.000000 0.100000
vn 0.000000 0.000000 0.100000
vn 0.000000 0.000000 0.100000
vn 0.000000 0.000000 0.100000
vn 0.000000 0.000000 0.100000
vn 0.000000 0.000000 0.100000
vn 0.000000 0.000000 0.100000
vn 0.000000 0.000000 0.100000
vn 0.000000 0.000000 0.100000
vn 0.000000 0.000000 0.100000
vn 0.000000 0.000000 0.100000
vn 0.000000 0.000000 0.100000
vn 0.000000 0.000000 0.100000
vn 0.000000 0.000000 0.100000
vn 0.000000 0.000000 0.100000
vn 0.000000 0.000000 0.100000
vn 0.000000 0.000000 0.100000
vn 0.000000 0.000000 0.100000
vn 0.000000 0.000000 0.100000
vn 0.000000 0.000000 0.100000
vn 0.000000 0.000000 0.100000
vn 0.000000 0.000000 0.100000
vn 0.000000 0.000000 0.100000
vn 0.000000 0.000000 0.100000
vn 0.000000 0.000000 0.100000
vn 0.000000 0.000000 0.100000
vn 0.000000 0.000000 0.100000
vn 0.000000 0.000000 0.100000
vn 0.000000 0.000000 0.100000
vn 0.000000 0.000000 0.100000
vn 0.000000 0.000000 0.100000
vn 0.000000 0.000000 0.100000
vn 0.000000 0.000000 0.100000
vn 0.000000 0.000000 0.100000
vn 0.000000 0.000000 0.100000
vn 0.000000 0.000000 0.100000
vn 0.000000 0.000000 0.100000
vn -0.000037 -0.100000 0.000000
vn -0.000037 -0.100000 0.000000
vn -0.000037 -0.100000 0.000000
vn -0.000037 -0.100000 0.000000
vn 0.000060 -0.100000 0.000000
vn 0.000060 -0.100000 0.000000
vn 0.000060 -0.100000 0.000000
vn 0.000060 -0.100000 0.000000
vn 0.000060 -0.100000 0.000000
vn -0.066583 -0.074610 0.000000
vn -0.066953 -0.074279 0.000000
vn -0.066583 -0.074610 0.000000
vn -0.066953 -0.074279 0.000000
vn -0.058820 -0.080871 0.000000
vn -0.069345 -0.072050 0.000000
vn -0.072009 -0.069388 0.000000
vn -0.074352 -0.066871 0.000000
vn -0.074571 -0.066627 0.000000
vn -0.074571 -0.066627 0.000000
vn -0.081101 -0.058503 0.000000
vn -0.080936 -0.058731 0.000000
vn -0.074352 -0.066871 0.000000
vn -0.086633 -0.049947 0.000000
vn -0.086750 -0.049744 0.000000
vn -0.091380 -0.040616 0.000000
vn -0.091456 -0.040445 0.000000
vn -0.095126 -0.030840 0.000000
vn -0.095169 -0.030706 0.000000
vn -0.097829 -0.020725 0.000000
vn -0.097848 -0.020633 0.000000
vn -0.099459 -0.010383 0.000000
vn -0.099464 -0.010337 0.000000
vn -0.100000 0.000072 -0.000000
vn -0.100000 0.000072 -0.000000
vn -0.058475 -0.081121 0.000000
vn -0.050042 -0.086578 0.000000
vn -0.049735 -0.086755 0.000000
vn -0.040716 -0.091336 0.000000
vn -0.040457 -0.091451 0.000000
vn -0.030944 -0.095092 0.000000
vn -0.030741 -0.095158 0.000000
vn -0.020832 -0.097806 0.000000
vn -0.020694 -0.097835 0.000000
vn -0.010492 -0.099448 0.000000
vn -0.010422 -0.099455 0.000000
vn -0.000037 -0.100000 0.000000
vn -0.000037 -0.100000 0.000000
vn -0.100000 0.000112 -0.000000
vn -0.100000 0.000112 -0.000000
vn -0.100000 0.000112 -0.000000
vn -0.100000 0.000112 -0.000000
vn -0.100000 0.000112 -0.000000
vn -0.100000 0.000112 -0.000000
vn 0.000033 -0.100000 0.000000
vn 0.000033 -0.100000 0.000000
vn 0.000033 -0.100000 0.000000
vn 0.000033 -0.100000 0.000000
vn 0.000033 -0.100000 0.000000
vn -0.000060 0.100000 -0.000000
vn -0.000060 0.100000 -0.000000
vn -0.000060 0.100000 -0.000000
vn -0.000060 0.100000 -0.000000
vn -0.060269 -0.079797 0.000000
vn -0.060269 -0.079797 0.000000
vn -0.060269 -0.079797 0.000000
vn -0.060269 -0.079797 0.000000
vn -0.060269 -0.079797 0.000000
vn 0.000000 -0.100000 0.000000
vn 0.000000 -0.100000 0.000000
vn 0.000000 -0.100000 0.000000
vn 0.000000 -0.100000 0.000000
vn 0.000000 0.000000 0.100000
vn 0.000000 0.000000 0.100000
vn 0.000000 0.000000 0.100000
vn 0.000000 0.000000 0.100000
vn 0.100000 -0.000112 0.000000
vn 0.100000 -0.000112 0.000000
vn 0.100000 -0.000112 0.000000
vn 0.100000 -0.000112 0.000000
vn 0.100000 0.000007 0.000000
vn 0.100000 0.000007 0.000000
vn 0.100000 0.000007 0.000000
vn 0.100000 0.000007 0.000000
vn 0.100000 0.000003 0.000000
vn 0.100000 0.000003 0.000000
vn 0.100000 0.000003 0.000000
vn 0.100000 0.000003 0.000000
vn 0.000000 0.000000 0.100000
vn 0.000000 0.000000 0.100000
vn 0.000000 0.000000 0.100000
vn 0.000000 0.000000 0.100000
vn 0.000000 0.000000 0.100000
vn 0.000000 0.000000 0.100000
vn 0.000000 0.000000 0.100000
vn 0.000000 0.000000 0.100000
vn 0.000000 0.000000 0.100000
vn -0.099997 -0.000712 0.000000
vn -0.099997 -0.000712 0.000000
vn -0.099997 -0.000712 0.000000
vn -0.099997 -0.000712 0.000000
vn 0.100000 -0.000000 0.000000
vn 0.100000 -0.000000 0.000000
vn 0.100000 -0.000000 0.000000
vn 0.100000 -0.000000 0.000000
vn -0.000001 0.100000 0.000000
vn -0.000001 0.100000 0.000000
vn 0.006128 0.099812 0.000000
vn 0.006128 0.099812 0.000000
vn 0.012218 0.099251 0.000000
vn 0.018230 0.098324 0.000000
vn 0.018230 0.098324 0.000000
vn 0.012218 0.099251 0.000000
vn 0.024128 0.097045 0.000000
vn 0.024128 0.097045 0.000000
vn 0.029880 0.095432 0.000000
vn 0.029880 0.095432 0.000000
vn 0.035454 0.093504 0.000000
vn 0.035454 0.093504 0.000000
vn 0.045979 0.088803 0.000000
vn 0.045979 0.088803 0.000000
vn 0.055555 0.083148 0.000000
vn 0.055555 0.083148 0.000000
vn 0.064105 0.076750 0.000000
vn 0.064105 0.076750 0.000000
vn 0.071609 0.069801 0.000000
vn 0.071609 0.069801 0.000000
vn 0.078089 0.062466 0.000000
vn 0.078089 0.062466 0.000000
vn 0.083597 0.054878 0.000000
vn 0.083597 0.054878 0.000000
vn 0.088194 0.047135 0.000000
vn 0.088194 0.047135 0.000000
vn 0.091950 0.039308 0.000000
vn 0.091950 0.039308 0.000000
vn 0.094928 0.031444 0.000000
vn 0.094928 0.031444 0.000000
vn 0.097183 0.023570 0.000000
vn 0.097183 0.023570 0.000000
vn 0.098760 0.015699 0.000000
vn 0.098760 0.015699 0.000000
vn 0.099692 0.007836 0.000000
vn 0.099692 0.007836 0.000000
vn 0.100000 -0.000022 0.000000
vn 0.100000 -0.000022 0.000000
vn 0.000000 0.000000 0.100000
vn 0.000000 0.000000 0.100000
vn 0.000000 0.000000 0.100000
vn 0.000000 0.000000 0.100000
vn 0.000000 0.000000 0.100000
vn 0.000000 0.000000 0.100000
vn 0.000000 0.000000 0.100000
vn 0.000000 0.000000 0.100000
vn 0.000000 0.000000 0.100000
vn 0.000000 0.000000 0.100000
vn 0.000000 0.000000 0.100000
vn 0.000000 0.000000 0.100000
vn 0.000000 0.000000 0.100000
vn 0.000000 0.000000 0.100000
vn 0.000000 0.000000 0.100000
vn 0.000000 0.000000 0.100000
vn 0.000000 0.000000 0.100000
vn 0.000000 0.000000 0.100000
vn 0.000000 0.000000 0.100000
vn 0.000000 0.000000 0.100000
vn 0.000000 0.000000 0.100000
vn 0.000000 0.000000 0.100000
vn 0.000000 0.000000 0.100000
vn 0.000000 0.000000 0.100000
vn 0.000000 0.000000 0.100000
vn 0.000000 0.000000 0.100000
vn 0.000000 0.000000 0.100000
vn 0.000000 0.000000 0.100000
vn 0.000000 0.000000 0.100000
vn 0.000000 0.000000 0.100000
vn 0.000000 0.000000 0.100000
vn 0.000000 0.000000 0.100000
vn 0.000000 0.000000 0.100000
vn 0.000000 0.000000 0.100000
vn 0.000000 0.000000 0.100000
vn 0.000000 0.000000 0.100000
vn 0.000000 0.000000 0.100000
vn 0.000000 0.000000 0.100000
vn 0.000000 0.000000 0.100000
vn 0.000000 0.000000 0.100000
vn -0.000033 -0.100000 0.000000
vn -0.000033 -0.100000 0.000000
vn -0.000033 -0.100000 0.000000
vn -0.000033 -0.100000 0.000000
vn -0.000033 -0.100000 0.000000
vn 0.000000 0.000000 0.100000
vn 0.000000 0.000000 0.100000
vn 0.000000 0.000000 0.100000
vn 0.000000 0.000000 0.100000
vn 0.000000 0.000000 0.100000
vn 0.000000 0.000000 0.100000
vn 0.000000 0.000000 0.100000
vn 0.000000 0.000000 0.100000
vn 0.000000 0.000000 0.100000
vn 0.000000 0.000000 0.100000
vn 0.000000 0.000000 0.100000
vn 0.000000 0.000000 0.100000
vn 0.000000 0.000000 0.100000
vn 0.000000 0.000000 0.100000
vn 0.000000 0.000000 0.100000
vn 0.000000 0.000000 0.100000
vn 0.000000 0.000000 0.100000
vn 0.000000 0.000000 0.100000
vn 0.000000 0.000000 0.100000
vn 0.000000 0.000000 0.100000
vn 0.000000 0.000000 0.100000
vn 0.000000 0.000000 0.100000
vn 0.000000 0.000000 0.100000
vn 0.000000 0.000000 0.100000
vn 0.000000 0.000000 0.100000
vn 0.000000 0.000000 0.100000
vn 0.000000 0.000000 0.100000
vn 0.000000 0.000000 0.100000
vn 0.000000 0.000000 0.100000
vn 0.000000 0.000000 0.100000
vn 0.000000 0.000000 0.100000
vn 0.000000 0.000000 0.100000
vn 0.000000 0.000000 0.100000
vn 0.000000 0.000000 0.100000
vn 0.000000 0.000000 0.100000
vn 0.000000 0.000000 0.100000
vn 0.000000 0.000000 0.100000
vn 0.000000 0.000000 0.100000
vn 0.000000 0.000000 0.100000
vn 0.000000 0.000000 0.100000
vn 0.000000 0.000000 0.100000
vn 0.000000 0.000000 0.100000
vn 0.000000 0.000000 0.100000
vn 0.000000 0.000000 0.100000
vn 0.000000 0.000000 0.100000
vn 0.000000 0.000000 0.100000
vn 0.000000 0.000000 0.100000
vn 0.000000 0.000000 0.100000
vn 0.000000 0.000000 0.100000
vn 0.000000 0.000000 0.100000
vn 0.000000 0.000000 0.100000
vn 0.000000 0.000000 0.100000
vn 0.000000 0.000000 0.100000
vn 0.000000 0.000000 0.100000
vn 0.000000 0.000000 0.100000
vn 0.000000 0.000000 0.100000
vn 0.000000 0.000000 0.100000
vn 0.000000 0.000000 0.100000
vn 0.000000 0.000000 0.100000
vn 0.000000 0.000000 0.100000
vn 0.000000 0.000000 0.100000
vn 0.000000 0.000000 0.100000
vn 0.000000 0.000000 0.100000
vn 0.000000 0.000000 0.100000
vn 0.000000 0.000000 0.100000
vn 0.000000 0.000000 0.100000
vn 0.000000 0.000000 0.100000
vn 0.000000 0.000000 0.100000
vn 0.000000 0.000000 0.100000
vn 0.000000 0.000000 0.100000
vn 0.000000 0.000000 0.100000
vn 0.000000 0.000000 0.100000
vn 0.000000 0.000000 0.100000
vn 0.000000 0.000000 0.100000
vn 0.000000 0.000000 0.100000
vn 0.000000 0.000000 0.100000
vn 0.000000 0.000000 0.100000
vn 0.000000 0.000000 0.100000
vn 0.000000 0.000000 0.100000
vn 0.000000 0.000000 0.100000
vn 0.000000 0.000000 0.100000
vn 0.000000 0.000000 0.100000
vn 0.000000 0.000000 0.100000
vn 0.000000 0.000000 0.100000
vn 0.000000 0.000000 0.100000
vn 0.000000 0.000000 0.100000
vn 0.000000 0.000000 0.100000
vn 0.000000 0.000000 0.100000
vn 0.000000 0.000000 0.100000
vn 0.000000 0.000000 0.100000
vn 0.000000 0.000000 0.100000
vn 0.000000 0.000000 0.100000
vn 0.000000 0.000000 0.100000
vn 0.000000 0.000000 0.100000
vn 0.000000 0.000000 0.100000
vn 0.000000 0.000000 0.100000
vn 0.000000 0.000000 0.100000
vn 0.000000 0.000000 0.100000
vn 0.000000 0.000000 0.100000
vn 0.000000 0.000000 0.100000
vn 0.000000 0.000000 0.100000
vn 0.000000 0.000000 0.100000
vn -0.066731 -0.074478 0.000000
vn -0.066731 -0.074478 0.000000
vn -0.077117 -0.063663 0.000000
vn -0.077117 -0.063663 0.000000
vn -0.085642 -0.051628 0.000000
vn -0.085642 -0.051628 0.000000
vn -0.092084 -0.038994 0.000000
vn -0.092084 -0.038994 0.000000
vn -0.096467 -0.026348 0.000000
vn -0.096467 -0.026348 0.000000
vn -0.098994 -0.014145 0.000000
vn -0.098994 -0.014145 0.000000
vn -0.099964 -0.002677 0.000000
vn -0.099964 -0.002677 0.000000
vn -0.099686 0.007917 0.000000
vn -0.099686 0.007917 0.000000
vn -0.098438 0.017604 0.000000
vn -0.098438 0.017604 0.000000
vn -0.096446 0.026422 0.000000
vn -0.096446 0.026422 0.000000
vn -0.093881 0.034443 0.000000
vn -0.093881 0.034443 0.000000
vn -0.090865 0.041756 0.000000
vn -0.090865 0.041756 0.000000
vn -0.087480 0.048449 0.000000
vn -0.087480 0.048449 0.000000
vn -0.083776 0.054604 0.000000
vn -0.083776 0.054604 0.000000
vn -0.079780 0.060293 0.000000
vn -0.079780 0.060293 0.000000
vn -0.075496 0.065577 0.000000
vn -0.075496 0.065577 0.000000
vn -0.070913 0.070508 0.000000
vn -0.070913 0.070508 0.000000
vn -0.066006 0.075121 0.000000
vn -0.066006 0.075121 0.000000
vn -0.060737 0.079442 0.000000
vn -0.060737 0.079442 0.000000
vn -0.055055 0.083480 0.000000
vn -0.055055 0.083480 0.000000
vn -0.048898 0.087229 0.000000
vn -0.048898 0.087229 0.000000
vn -0.042192 0.090664 0.000000
vn -0.042192 0.090664 0.000000
vn -0.034852 0.093730 0.000000
vn -0.034852 0.093730 0.000000
vn -0.026790 0.096345 0.000000
vn -0.026790 0.096345 0.000000
vn -0.017917 0.098382 0.000000
vn -0.017917 0.098382 0.000000
vn -0.008159 0.099667 0.000000
vn -0.008159 0.099667 0.000000
vn 0.002517 0.099968 0.000000
vn 0.002517 0.099968 0.000000
vn 0.014075 0.099005 0.000000
vn 0.014075 0.099005 0.000000
vn 0.026366 0.096462 0.000000
vn 0.026366 0.096462 0.000000
vn 0.039087 0.092045 0.000000
vn 0.039087 0.092045 0.000000
vn 0.051771 0.085556 0.000000
vn 0.051771 0.085556 0.000000
vn 0.063821 0.076986 0.000000
vn 0.063821 0.076986 0.000000
vn 0.074618 0.066575 0.000000
vn 0.074618 0.066575 0.000000
vn 0.000000 0.000000 0.100000
vn 0.000000 0.000000 0.100000
vn 0.000000 0.000000 0.100000
vn 0.000000 0.000000 0.100000
vn 0.000000 0.000000 0.100000
vn 0.000000 0.000000 0.100000
vn 0.000000 0.000000 0.100000
vn 0.000000 0.000000 0.100000
vn 0.000000 0.000000 0.100000
vn 0.000000 0.000000 0.100000
vn 0.000000 0.000000 0.100000
vn 0.000000 0.000000 0.100000
vn 0.000000 0.000000 0.100000
vn 0.000000 0.000000 0.100000
vn 0.000000 0.000000 0.100000
vn 0.000000 0.000000 0.100000
vn 0.000000 0.000000 0.100000
vn 0.000000 0.000000 0.100000
vn 0.000000 0.000000 0.100000
vn 0.000000 0.000000 0.100000
vn 0.000000 0.000000 0.100000
vn 0.000000 0.000000 0.100000
vn 0.000000 0.000000 0.100000
vn 0.000000 0.000000 0.100000
vn 0.000000 0.000000 0.100000
vn 0.000000 0.000000 0.100000
vn 0.000000 0.000000 0.100000
vn 0.000000 0.000000 0.100000
vn 0.000000 0.000000 0.100000
vn 0.000000 0.000000 0.100000
vn 0.000000 0.000000 0.100000
vn 0.000000 0.000000 0.100000
vn 0.000000 0.000000 0.100000
vn 0.000000 0.000000 0.100000
vn 0.000000 0.000000 0.100000
vn 0.000000 0.000000 0.100000
vn 0.000000 0.000000 0.100000
vn 0.000000 0.000000 0.100000
vn 0.000000 0.000000 0.100000
vn 0.000000 0.000000 0.100000
vn 0.000000 0.000000 0.100000
vn 0.000000 0.000000 0.100000
vn 0.000000 0.000000 0.100000
vn 0.000000 0.000000 0.100000
vn 0.000000 0.000000 0.100000
vn 0.000000 0.000000 0.100000
vn 0.000000 0.000000 0.100000
vn 0.000000 0.000000 0.100000
vn 0.000000 0.000000 0.100000
vn 0.000000 0.000000 0.100000
vn 0.000000 0.000000 0.100000
vn 0.000000 0.000000 0.100000
vn 0.000000 0.000000 0.100000
vn 0.000000 0.000000 0.100000
vn 0.000000 0.000000 0.100000
vn 0.000000 0.000000 0.100000
vn 0.000000 0.000000 0.100000
vn 0.000000 0.000000 0.100000
vn 0.000000 0.000000 0.100000
vn 0.000000 0.000000 0.100000
vn 0.000000 0.000000 0.100000
vn 0.000000 0.000000 0.100000
vn 0.000000 0.000000 0.100000
vn 0.000000 0.000000 0.100000
vn 0.000000 0.000000 0.100000
vn 0.000000 0.000000 0.100000
vn 0.000000 0.000000 0.100000
vn 0.000000 0.000000 0.100000
vn 0.000000 0.000000 0.100000
vn 0.000000 0.000000 0.100000
vn 0.000000 0.000000 0.100000
vn 0.000000 0.000000 0.100000
vn 0.000000 0.000000 0.100000
vn 0.000000 0.000000 0.100000
vn 0.000000 0.000000 0.100000
vn 0.000000 0.000000 0.100000
vn 0.000000 0.000000 0.100000
vn 0.000000 0.000000 0.100000
vn 0.000000 0.000000 0.100000
vn 0.000000 0.000000 0.100000
vn 0.000000 0.000000 0.100000
vn 0.000000 0.000000 0.100000
vn 0.000000 0.000000 0.100000
vn 0.000000 0.000000 0.100000
vn 0.000000 0.000000 0.100000
vn 0.000000 0.000000 0.100000
vn 0.000000 0.000000 0.100000
vn 0.000000 0.000000 0.100000
vn 0.000000 0.000000 0.100000
vn 0.000000 0.000000 0.100000
vn 0.000000 0.000000 0.100000
vn 0.000000 0.000000 0.100000
vn 0.000000 0.000000 0.100000
vn 0.000000 0.000000 0.100000
vn 0.000000 0.000000 0.100000
vn 0.000000 0.000000 0.100000
vn 0.000000 0.000000 0.100000
vn 0.000000 0.000000 0.100000
vn 0.000000 0.000000 0.100000
vn 0.000000 0.000000 0.100000
vn 0.000000 0.000000 0.100000
vn 0.000000 0.000000 0.100000
vn 0.000000 0.000000 0.100000
vn 0.000000 0.000000 0.100000
vn 0.000000 0.000000 0.100000
vn 0.000000 0.000000 0.100000
vn 0.000000 0.000000 0.100000
vn 0.000000 0.000000 0.100000
vn 0.000000 0.000000 0.100000
vn 0.000000 0.000000 0.100000
vn 0.000000 0.000000 0.100000
vn 0.000000 0.000000 0.100000
vn 0.000000 0.000000 0.100000
vn 0.000000 0.000000 0.100000
vn 0.000000 0.000000 0.100000
vn 0.000000 0.000000 0.100000
vn 0.000000 0.000000 0.100000
vn 0.000000 0.000000 0.100000
vn 0.000000 0.000000 0.100000
vn 0.000000 0.000000 0.100000
vn 0.000000 0.000000 0.100000
vn 0.000000 0.000000 0.100000
vn 0.000000 0.000000 0.100000
vn 0.000000 0.000000 0.100000
vn 0.000000 0.000000 0.100000
vn 0.000000 0.000000 0.100000
vn 0.000000 0.000000 0.100000
vn 0.000000 0.000000 0.100000
vn 0.000000 0.000000 0.100000
vn 0.000000 0.000000 0.100000
vn 0.000000 0.000000 0.100000
vn 0.000000 0.000000 0.100000
vn 0.000000 0.000000 0.100000
vn 0.000000 0.000000 0.100000
vn 0.000000 0.000000 0.100000
vn 0.000000 0.000000 0.100000
vn 0.000000 0.000000 0.100000
vn 0.000000 0.000000 0.100000
vn 0.000000 0.000000 0.100000
vn 0.000000 0.000000 0.100000
vn 0.000000 0.000000 0.100000
vn 0.000000 0.000000 0.100000
vn 0.000000 0.000000 0.100000
vn 0.000000 0.000000 0.100000
vn 0.000000 0.000000 0.100000
vn 0.000000 0.000000 0.100000
vn 0.000000 0.000000 0.100000
vn 0.000000 0.000000 0.100000
vn 0.000000 0.000000 0.100000
vn 0.000000 0.000000 0.100000
vn 0.000000 0.000000 0.100000
vn 0.000000 0.000000 0.100000
vn 0.000000 0.000000 0.100000
vn 0.000000 0.000000 0.100000
vn 0.000000 0.000000 0.100000
vn 0.000000 0.000000 0.100000
vn 0.000000 0.000000 0.100000
vn 0.000000 0.000000 0.100000
vn 0.000000 0.000000 0.100000
vn 0.000000 0.000000 0.100000
vn 0.000000 0.000000 0.100000
vn 0.000000 0.000000 0.100000
vn 0.000000 0.000000 0.100000
vn 0.000000 0.000000 0.100000
vn 0.000000 0.000000 0.100000
vn 0.000000 0.000000 0.100000
vn 0.000000 0.000000 0.100000
vn 0.000000 0.000000 0.100000
vn 0.000000 0.000000 0.100000
vn 0.000000 0.000000 0.100000
vn 0.000000 0.000000 0.100000
vn 0.000000 0.000000 0.100000
vn 0.000000 0.000000 0.100000
vn 0.000000 0.000000 0.100000
vn 0.000000 0.000000 0.100000
vn 0.000000 0.000000 0.100000
vn 0.000000 0.000000 0.100000
vn 0.000000 0.000000 0.100000
vn 0.000000 0.000000 0.100000
vn 0.000000 0.000000 0.100000
vn 0.000000 0.000000 0.100000
vn 0.000000 0.000000 0.100000
vn 0.000000 0.000000 0.100000
vn 0.000000 0.000000 0.100000
vn 0.000000 0.000000 0.100000
vn 0.000000 0.000000 0.100000
vn 0.000000 0.000000 0.100000
vn 0.000000 0.000000 0.100000
vn 0.000000 0.000000 0.100000
vn 0.000000 0.000000 0.100000
vn 0.000000 0.000000 0.100000
vn 0.000000 0.000000 0.100000
vn 0.000000 0.000000 0.100000
vn 0.000000 0.000000 0.100000
vn 0.000000 0.000000 0.100000
vn 0.000000 0.000000 0.100000
vn 0.000000 0.000000 0.100000
vn 0.000000 0.000000 0.100000
vn 0.000000 0.000000 0.100000
vn 0.000000 0.000000 0.100000
vn 0.000000 0.000000 0.100000
vn 0.000000 0.000000 0.100000
vn 0.000000 0.000000 0.100000
vn 0.000000 0.000000 0.100000
vn 0.000000 0.000000 0.100000
vn 0.000000 0.000000 0.100000
vn 0.000000 0.000000 0.100000
vn 0.000000 0.000000 0.100000
vn 0.000000 0.000000 0.100000
vn 0.000000 0.000000 0.100000
vn 0.000000 0.000000 0.100000
vn 0.000000 0.000000 0.100000
vn 0.000000 0.000000 0.100000
vn 0.000000 0.000000 0.100000
vn 0.000000 0.000000 0.100000
vn 0.000000 0.000000 0.100000
vn 0.000000 0.000000 0.100000
vn 0.000000 0.000000 0.100000
vn 0.000000 0.000000 0.100000
vn 0.000000 0.000000 0.100000
vn 0.000000 0.000000 0.100000
vn 0.000000 0.000000 0.100000
vn 0.100000 0.000000 0.000000
vn 0.100000 0.000000 0.000000
vn 0.100000 0.000000 0.000000
vn 0.100000 0.000000 0.000000
vn 0.074618 0.066575 0.000000
vn 0.074618 0.066575 0.000000
vn 0.074618 0.066575 0.000000
vn 0.074618 0.066575 0.000000
vn 0.074618 0.066575 0.000000
vn 0.074618 0.066575 0.000000
vn 0.074618 0.066575 0.000000
vn -0.066731 -0.074478 0.000000
vn -0.066731 -0.074478 0.000000
vn -0.066731 -0.074478 0.000000
vn -0.066731 -0.074478 0.000000
vn -0.066731 -0.074478 0.000000
vn -0.068356 0.072989 -0.000000
vn -0.068356 0.072989 -0.000000
vn -0.070690 0.070731 -0.000000
vn -0.070690 0.070731 -0.000000
vn -0.072949 0.068399 -0.000000
vn -0.072949 0.068399 -0.000000
vn -0.074618 -0.066575 0.000000
vn -0.074618 -0.066575 0.000000
vn -0.075900 -0.065109 0.000000
vn -0.075900 -0.065109 0.000000
vn 0.000000 0.000000 0.100000
vn 0.000000 0.000000 0.100000
vn 0.000000 0.000000 0.100000
vn 0.000000 0.000000 0.100000
vn 0.000000 0.000000 0.100000
vn 0.000000 0.000000 0.100000
vn 0.000000 0.000000 0.100000
vn 0.000000 0.000000 0.100000
vn 0.000000 0.000000 0.100000
vn 0.000000 0.000000 0.100000
vn 0.000000 0.000000 0.100000
vn 0.000000 0.000000 0.100000
vn 0.000000 0.000000 0.100000
vn 0.000000 0.000000 0.100000
vn 0.000000 0.000000 0.100000
vn 0.000000 0.000000 0.100000
vn 0.000000 0.000000 0.100000
vn 0.000000 0.000000 0.100000
vn 0.000000 0.000000 0.100000
vn 0.000000 0.000000 0.100000
vn 0.000000 0.000000 0.100000
vn 0.000000 0.000000 0.100000
vn 0.000000 0.000000 0.100000
vn 0.000000 0.000000 0.100000
vn 0.000000 0.000000 0.100000
vn 0.000000 0.000000 0.100000
vn 0.000000 0.000000 0.100000
vn 0.000000 0.000000 0.100000
vn 0.000000 0.000000 0.100000
vn 0.000000 0.000000 0.100000
vn 0.000000 0.000000 0.100000
vn 0.000000 0.000000 0.100000
vn 0.000000 0.000000 0.100000
vn 0.000000 0.000000 0.100000
vn 0.000000 0.000000 0.100000
vn 0.000000 0.000000 0.100000
vn 0.000000 0.000000 0.100000
vn 0.000000 0.000000 0.100000
vn 0.000000 0.000000 0.100000
vn 0.000000 0.000000 0.100000
vn 0.000000 0.000000 0.100000
vn 0.000000 0.000000 0.100000
vn 0.000000 0.000000 0.100000
vn 0.000000 0.000000 0.100000
vn 0.000000 0.000000 0.100000
vn 0.000000 0.000000 0.100000
vn 0.000000 0.000000 0.100000
vn 0.000000 0.000000 0.100000
vn 0.000000 0.000000 0.100000
vn 0.000000 0.000000 0.100000
vn 0.000000 0.000000 0.100000
vn 0.000000 0.000000 0.100000
vn 0.000037 -0.100000 0.000000
vn 0.000037 -0.100000 0.000000
vn 0.000037 -0.100000 0.000000
vn 0.000037 -0.100000 0.000000
vn -0.000060 -0.100000 0.000000
vn -0.000060 -0.100000 0.000000
vn -0.000060 -0.100000 0.000000
vn -0.000060 -0.100000 0.000000
vn -0.000060 -0.100000 0.000000
vn 0.069345 -0.072050 0.000000
vn 0.066583 -0.074610 0.000000
vn 0.066953 -0.074279 0.000000
vn 0.066583 -0.074610 0.000000
vn 0.066953 -0.074279 0.000000
vn 0.058820 -0.080871 0.000000
vn 0.058475 -0.081121 0.000000
vn 0.050042 -0.086578 0.000000
vn 0.049735 -0.086755 0.000000
vn 0.040716 -0.091336 0.000000
vn 0.040457 -0.091451 0.000000
vn 0.030944 -0.095092 0.000000
vn 0.030741 -0.095158 0.000000
vn 0.020832 -0.097806 0.000000
vn 0.020694 -0.097835 0.000000
vn 0.010492 -0.099448 0.000000
vn 0.010422 -0.099455 0.000000
vn 0.000037 -0.100000 0.000000
vn 0.000037 -0.100000 0.000000
vn 0.074352 -0.066871 0.000000
vn 0.074352 -0.066871 0.000000
vn 0.074571 -0.066627 0.000000
vn 0.080936 -0.058731 0.000000
vn 0.081101 -0.058503 0.000000
vn 0.086633 -0.049947 0.000000
vn 0.086750 -0.049744 0.000000
vn 0.091380 -0.040616 0.000000
vn 0.091456 -0.040445 0.000000
vn 0.095126 -0.030840 0.000000
vn 0.095169 -0.030706 0.000000
vn 0.097829 -0.020725 0.000000
vn 0.097848 -0.020633 0.000000
vn 0.099459 -0.010383 0.000000
vn 0.099464 -0.010337 0.000000
vn 0.100000 0.000072 0.000000
vn 0.100000 0.000072 0.000000
vn 0.074571 -0.066627 0.000000
vn 0.072009 -0.069388 0.000000
vn 0.100000 0.000112 0.000000
vn 0.100000 0.000112 0.000000
vn 0.100000 0.000112 0.000000
vn 0.100000 0.000112 0.000000
vn 0.100000 0.000112 0.000000
vn 0.100000 0.000112 0.000000
vn 0.000060 0.100000 0.000000
vn 0.000060 0.100000 0.000000
vn 0.000060 0.100000 0.000000
vn 0.000060 0.100000 0.000000
vn 0.060269 -0.079797 0.000000
vn 0.060269 -0.079797 0.000000
vn 0.060269 -0.079797 0.000000
vn 0.060269 -0.079797 0.000000
vn 0.060269 -0.079797 0.000000
vn 0.000000 -0.100000 0.000000
vn 0.000000 -0.100000 0.000000
vn 0.000000 -0.100000 0.000000
vn 0.000000 -0.100000 0.000000
vn 0.000000 0.000000 0.100000
vn 0.000000 0.000000 0.100000
vn 0.000000 0.000000 0.100000
vn 0.000000 0.000000 0.100000
vn -0.100000 -0.000112 0.000000
vn -0.100000 -0.000112 0.000000
vn -0.100000 -0.000112 0.000000
vn -0.100000 -0.000112 0.000000
vn -0.100000 0.000007 0.000000
vn -0.100000 0.000007 0.000000
vn -0.100000 0.000007 0.000000
vn -0.100000 0.000007 0.000000
vn -0.100000 0.000003 0.000000
vn -0.100000 0.000003 0.000000
vn -0.100000 0.000003 0.000000
vn -0.100000 0.000003 0.000000
vn 0.000000 0.000000 0.100000
vn 0.000000 0.000000 0.100000
vn 0.000000 0.000000 0.100000
vn 0.000000 0.000000 0.100000
vn 0.000000 0.000000 0.100000
vn 0.000000 0.000000 0.100000
vn 0.000000 0.000000 0.100000
vn 0.000000 0.000000 0.100000
vn 0.000000 0.000000 0.100000
vn 0.099997 -0.000712 0.000000
vn 0.099997 -0.000712 0.000000
vn 0.099997 -0.000712 0.000000
vn 0.099997 -0.000712 0.000000
vn -0.100000 -0.000000 0.000000
vn -0.100000 -0.000000 0.000000
vn -0.100000 -0.000000 0.000000
vn -0.100000 -0.000000 0.000000
vn 0.000000 0.100000 0.000000
vn 0.000000 0.100000 0.000000
vn 0.000000 0.100000 0.000000
vn 0.000000 0.100000 0.000000
vn 0.000000 0.100000 0.000000
vn 0.000000 0.100000 0.000000
vn 0.000000 0.000000 -0.100000
vn 0.000000 0.000000 -0.100000
vn 0.000000 0.000000 -0.100000
vn 0.000000 0.000000 -0.100000
vn 0.000000 0.000000 -0.100000
vn 0.000000 0.000000 -0.100000
vn 0.000000 0.000000 -0.100000
vn 0.000000 0.000000 -0.100000
vn 0.000000 0.000000 -0.100000
vn 0.000000 0.000000 -0.100000
vn 0.000000 0.000000 -0.100000
vn 0.000000 0.000000 -0.100000
vn 0.000000 0.000000 -0.100000
vn 0.000000 0.000000 -0.100000
vn 0.000000 0.000000 -0.100000
vn 0.000000 0.000000 -0.100000
vn 0.000000 0.000000 -0.100000
vn 0.000000 0.000000 -0.100000
vn 0.000000 0.000000 -0.100000
vn 0.000000 0.000000 -0.100000
vn 0.000000 0.000000 -0.100000
vn 0.000000 0.000000 -0.100000
vn 0.000000 0.000000 -0.100000
vn 0.000000 0.000000 -0.100000
vn 0.000000 0.000000 -0.100000
vn 0.000000 0.000000 -0.100000
vn 0.000000 0.000000 -0.100000
vn 0.000000 0.000000 -0.100000
vn 0.000000 0.000000 -0.100000
vn 0.000000 0.000000 -0.100000
vn 0.000000 0.000000 -0.100000
vn 0.000000 0.000000 -0.100000
vn 0.000000 0.000000 -0.100000
vn 0.000000 0.000000 -0.100000
vn 0.000000 0.000000 -0.100000
vn 0.000000 0.000000 -0.100000
vn 0.000000 0.000000 -0.100000
vn 0.000000 0.000000 -0.100000
usemtl Rivestimento_a_polvere_-_Ruvido_(nero)
f 1/1/1 2/2/2 40/3/3
f 40/3/3 2/2/2 3/4/4
f 40/3/3 3/4/4 4/5/5
f 5/6/6 38/7/7 4/5/5
f 4/5/5 38/7/7 39/8/8
f 4/5/5 39/8/8 40/3/3
f 5/6/6 6/9/9 38/7/7
f 38/7/7 6/9/9 37/10/10
f 37/10/10 6/9/9 36/11/11
f 36/11/11 6/9/9 7/12/12
f 36/11/11 7/12/12 8/13/13
f 36/11/11 8/13/13 35/14/14
f 35/14/14 8/13/13 9/15/15
f 35/14/14 9/15/15 34/16/16
f 34/16/16 9/15/15 10/17/17
f 34/16/16 10/17/17 33/18/18
f 33/18/18 10/17/17 11/19/19
f 33/18/18 11/19/19 32/20/20
f 32/20/20 11/19/19 12/21/21
f 32/20/20 12/21/21 31/22/22
f 31/22/22 12/21/21 13/23/23
f 31/22/22 13/23/23 30/24/24
f 30/24/24 13/23/23 14/25/25
f 30/24/24 14/25/25 29/26/26
f 29/26/26 14/25/25 15/27/27
f 29/26/26 15/27/27 28/28/28
f 28/28/28 15/27/27 16/29/29
f 28/28/28 16/29/29 27/30/30
f 27/30/30 16/29/29 17/31/31
f 27/30/30 17/31/31 26/32/32
f 26/32/32 17/31/31 18/33/33
f 26/32/32 18/33/33 25/34/34
f 25/34/34 18/33/33 19/35/35
f 25/34/34 19/35/35 24/36/36
f 24/36/36 19/35/35 20/37/37
f 24/36/36 20/37/37 23/38/38
f 23/38/38 20/37/37 21/39/39
f 23/38/38 21/39/39 22/40/40
f 106/41/41 41/42/42 105/43/43
f 105/43/43 41/42/42 42/44/44
f 105/43/43 42/44/44 104/45/45
f 104/45/45 42/44/44 43/46/46
f 104/45/45 43/46/46 103/47/47
f 103/47/47 43/46/46 44/48/48
f 103/47/47 44/48/48 102/49/49
f 102/49/49 44/48/48 45/50/50
f 102/49/49 45/50/50 101/51/51
f 101/51/51 45/50/50 46/52/52
f 101/51/51 46/52/52 100/53/53
f 100/53/53 46/52/52 47/54/54
f 100/53/53 47/54/54 99/55/55
f 99/55/55 47/54/54 48/56/56
f 99/55/55 48/56/56 98/57/57
f 98/57/57 48/56/56 49/58/58
f 98/57/57 49/58/58 97/59/59
f 97/59/59 49/58/58 50/60/60
f 97/59/59 50/60/60 96/61/61
f 96/61/61 50/60/60 51/62/62
f 96/61/61 51/62/62 95/63/63
f 95/63/63 51/62/62 52/64/64
f 95/63/63 52/64/64 94/65/65
f 94/65/65 52/64/64 53/66/66
f 94/65/65 53/66/66 93/67/67
f 93/67/67 53/66/66 54/68/68
f 93/67/67 54/68/68 92/69/69
f 92/69/69 54/68/68 55/70/70
f 92/69/69 55/70/70 91/71/71
f 91/71/71 55/70/70 56/72/72
f 91/71/71 56/72/72 90/73/73
f 90/73/73 56/72/72 57/74/74
f 90/73/73 57/74/74 89/75/75
f 89/75/75 57/74/74 58/76/76
f 89/75/75 58/76/76 88/77/77
f 88/77/77 58/76/76 59/78/78
f 88/77/77 59/78/78 87/79/79
f 87/79/79 59/78/78 60/80/80
f 87/79/79 60/80/80 86/81/81
f 86/81/81 60/80/80 61/82/82
f 86/81/81 61/82/82 85/83/83
f 85/83/83 61/82/82 62/84/84
f 85/83/83 62/84/84 84/85/85
f 84/85/85 62/84/84 63/86/86
f 84/85/85 63/86/86 83/87/87
f 83/87/87 63/86/86 64/88/88
f 83/87/87 64/88/88 82/89/89
f 82/89/89 64/88/88 65/90/90
f 82/89/89 65/90/90 81/91/91
f 81/91/91 65/90/90 66/92/92
f 81/91/91 66/92/92 80/93/93
f 80/93/93 66/92/92 67/94/94
f 80/93/93 67/94/94 79/95/95
f 79/95/95 67/94/94 68/96/96
f 79/95/95 68/96/96 78/97/97
f 78/97/97 68/96/96 69/98/98
f 78/97/97 69/98/98 77/99/99
f 77/99/99 69/98/98 70/100/100
f 77/99/99 70/100/100 76/101/101
f 76/101/101 70/100/100 71/102/102
f 76/101/101 71/102/102 75/103/103
f 75/103/103 71/102/102 72/104/104
f 75/103/103 72/104/104 74/105/105
f 74/105/105 72/104/104 73/106/106
usemtl Rivestimento_a_polvere_-_Ruvido_(verde)
f 107/107/107 74/108/108 112/109/109
f 112/109/109 74/108/108 110/110/110
f 112/109/109 110/110/110 111/111/111
f 74/108/108 73/112/106 110/110/110
f 110/110/110 73/112/106 109/113/112
f 109/113/112 73/112/106 108/114/113
f 106/115/114 113/116/115 116/117/116
f 116/117/116 113/116/115 114/118/117
f 116/117/116 114/118/117 115/119/118
usemtl Ciliegio_3D_-_Senza_finitura
f 121/120/119 117/121/120 122/122/121
f 122/122/121 117/121/120 118/123/122
f 122/122/121 118/123/122 119/124/123
f 119/124/123 120/125/124 122/122/121
f 122/122/121 120/125/124 121/120/119
f 108/126/125 73/127/126 124/128/127
f 124/128/127 73/127/126 123/129/128
usemtl Rivestimento_a_polvere_-_Ruvido_(nero)
f 140/130/129 125/131/130 56/132/131
f 56/132/131 125/131/130 126/133/132
f 56/132/131 126/133/132 123/134/133
f 73/135/134 61/136/135 123/134/133
f 123/134/133 61/136/135 60/137/136
f 123/134/133 60/137/136 59/138/137
f 73/135/134 72/139/138 61/136/135
f 61/136/135 72/139/138 62/140/139
f 62/140/139 72/139/138 71/141/140
f 62/140/139 71/141/140 63/142/141
f 63/142/141 71/141/140 70/143/142
f 63/142/141 70/143/142 64/144/143
f 64/144/143 70/143/142 69/145/144
f 64/144/143 69/145/144 65/146/145
f 65/146/145 69/145/144 68/147/146
f 65/146/145 68/147/146 66/148/147
f 66/148/147 68/147/146 67/149/148
f 59/138/137 58/150/149 123/134/133
f 123/134/133 58/150/149 57/151/150
f 123/134/133 57/151/150 56/132/131
f 55/152/151 131/153/152 56/132/131
f 56/132/131 131/153/152 132/154/153
f 56/132/131 132/154/153 133/155/154
f 54/156/155 129/157/156 55/152/151
f 55/152/151 129/157/156 130/158/157
f 55/152/151 130/158/157 131/153/152
f 129/157/156 54/156/155 128/159/158
f 128/159/158 54/156/155 53/160/159
f 128/159/158 53/160/159 52/161/160
f 52/161/160 51/162/161 128/159/158
f 128/159/158 51/162/161 127/163/162
f 127/163/162 51/162/161 50/164/163
f 127/163/162 50/164/163 49/165/164
f 49/165/164 48/166/165 127/163/162
f 127/163/162 48/166/165 47/167/166
f 127/163/162 47/167/166 46/168/167
f 46/168/167 45/169/168 127/163/162
f 127/163/162 45/169/168 44/170/169
f 127/163/162 44/170/169 43/171/170
f 43/171/170 42/172/171 127/163/162
f 127/163/162 42/172/171 41/173/172
f 133/155/154 134/174/173 56/132/131
f 56/132/131 134/174/173 121/175/174
f 56/132/131 121/175/174 120/176/175
f 120/176/175 135/177/176 56/132/131
f 56/132/131 135/177/176 136/178/177
f 56/132/131 136/178/177 137/179/178
f 137/179/178 138/180/179 56/132/131
f 56/132/131 138/180/179 139/181/180
f 56/132/131 139/181/180 140/130/129
f 128/182/181 127/183/182 142/184/183
f 142/184/183 127/183/182 141/185/184
f 41/186/185 106/187/186 127/188/187
f 127/188/187 106/187/186 141/189/188
f 141/189/188 106/187/186 116/190/189
f 159/191/190 117/192/191 160/193/192
f 160/193/192 117/192/191 121/194/193
f 160/193/192 121/194/193 149/195/194
f 149/195/194 121/194/193 148/196/195
f 148/196/195 121/194/193 134/197/196
f 148/196/195 134/197/196 147/198/197
f 147/198/197 134/197/196 133/199/198
f 147/198/197 133/199/198 146/200/199
f 146/200/199 133/199/198 132/201/200
f 146/200/199 132/201/200 145/202/201
f 145/202/201 132/201/200 131/203/202
f 145/202/201 131/203/202 144/204/203
f 144/204/203 131/203/202 130/205/204
f 144/204/203 130/205/204 143/206/205
f 143/206/205 130/205/204 129/207/206
f 143/206/205 129/207/206 142/208/207
f 142/208/207 129/207/206 128/209/208
f 160/193/192 149/195/194 161/210/209
f 161/210/209 149/195/194 150/211/210
f 161/210/209 150/211/210 120/212/211
f 120/212/211 150/211/210 151/213/212
f 120/212/211 151/213/212 135/214/213
f 135/214/213 151/213/212 152/215/214
f 135/214/213 152/215/214 136/216/215
f 136/216/215 152/215/214 153/217/216
f 136/216/215 153/217/216 137/218/217
f 137/218/217 153/217/216 154/219/218
f 137/218/217 154/219/218 138/220/219
f 138/220/219 154/219/218 155/221/220
f 138/220/219 155/221/220 139/222/221
f 139/222/221 155/221/220 156/223/222
f 139/222/221 156/223/222 140/224/223
f 140/224/223 156/223/222 157/225/224
f 140/224/223 157/225/224 125/226/225
f 120/212/211 119/227/226 161/210/209
f 161/210/209 119/227/226 158/228/227
f 161/210/209 158/228/227 160/193/192
f 160/193/192 158/228/227 159/191/190
f 124/229/228 123/230/229 109/231/230
f 109/231/230 123/230/229 110/232/231
f 110/232/231 123/230/229 162/233/232
f 162/233/232 123/230/229 126/234/233
f 21/235/234 163/236/235 22/237/236
f 22/237/236 163/236/235 164/238/237
f 22/237/236 164/238/237 165/239/238
usemtl Ciliegio_3D_-_Senza_finitura
f 165/239/239 116/240/240 166/241/241
f 166/241/241 116/240/240 115/242/242
usemtl Rivestimento_a_polvere_-_Ruvido_(verde)
f 22/243/243 165/244/244 167/245/245
f 167/245/245 165/244/244 168/246/246
f 168/246/246 165/244/244 166/247/247
f 113/248/248 167/249/249 114/250/250
f 114/250/250 167/249/249 168/251/251
f 114/252/252 168/253/253 115/254/254
f 115/254/254 168/253/253 166/255/255
usemtl Ciliegio_3D_-_Senza_finitura
f 110/256/256 169/257/257 111/258/258
f 111/258/258 169/257/257 170/259/259
f 169/260/260 171/261/261 170/262/262
f 170/262/262 171/261/261 172/263/263
f 171/264/264 173/265/265 172/266/266
f 172/266/266 173/265/265 174/267/267
usemtl Rivestimento_a_polvere_-_Ruvido_(nero)
f 126/268/268 125/269/269 162/270/270
f 162/270/270 125/269/269 157/271/271
f 175/272/272 176/273/273 212/274/274
f 212/274/274 176/273/273 211/275/275
f 211/275/275 176/273/273 177/276/276
f 211/275/275 177/276/276 210/277/277
f 210/277/277 177/276/276 178/278/278
f 210/277/277 178/278/278 209/279/279
f 209/279/279 178/278/278 179/280/280
f 209/279/279 179/280/280 208/281/281
f 208/281/281 179/280/280 180/282/282
f 208/281/281 180/282/282 207/283/283
f 207/283/283 180/282/282 181/284/284
f 207/283/283 181/284/284 206/285/285
f 206/285/285 181/284/284 182/286/286
f 206/285/285 182/286/286 205/287/287
f 205/287/287 182/286/286 183/288/288
f 205/287/287 183/288/288 204/289/289
f 204/289/289 183/288/288 184/290/290
f 204/289/289 184/290/290 203/291/291
f 203/291/291 184/290/290 185/292/292
f 203/291/291 185/292/292 202/293/293
f 202/293/293 185/292/292 186/294/294
f 202/293/293 186/294/294 201/295/295
f 201/295/295 186/294/294 187/296/296
f 201/295/295 187/296/296 200/297/297
f 200/297/297 187/296/296 188/298/298
f 200/297/297 188/298/298 199/299/299
f 199/299/299 188/298/298 189/300/300
f 199/299/299 189/300/300 198/301/301
f 198/301/301 189/300/300 197/302/302
f 197/302/302 189/300/300 190/303/303
f 197/302/302 190/303/303 191/304/304
f 192/305/305 195/306/306 191/304/304
f 191/304/304 195/306/306 196/307/307
f 191/304/304 196/307/307 197/302/302
f 192/305/305 193/308/308 195/306/306
f 195/306/306 193/308/308 194/309/309
f 194/309/309 193/308/308 1/310/310
f 1/310/310 193/308/308 2/311/311
f 175/312/312 163/313/313 176/314/314
f 176/314/314 163/313/313 177/315/315
f 177/315/315 163/313/313 178/316/316
f 178/316/316 163/313/313 179/317/317
f 179/317/317 163/313/313 180/318/318
f 180/318/318 163/313/313 181/319/319
f 181/319/319 163/313/313 15/320/320
f 181/319/319 15/320/320 14/321/321
f 21/322/322 20/323/323 163/313/313
f 163/313/313 20/323/323 19/324/324
f 163/313/313 19/324/324 18/325/325
f 18/325/325 17/326/326 163/313/313
f 163/313/313 17/326/326 16/327/327
f 163/313/313 16/327/327 15/320/320
f 181/319/319 14/321/321 182/328/328
f 182/328/328 14/321/321 13/329/329
f 182/328/328 13/329/329 183/330/330
f 183/330/330 13/329/329 12/331/331
f 183/330/330 12/331/331 184/332/332
f 184/332/332 12/331/331 11/333/333
f 184/332/332 11/333/333 185/334/334
f 185/334/334 11/333/333 10/335/335
f 185/334/334 10/335/335 186/336/336
f 186/336/336 10/335/335 9/337/337
f 186/336/336 9/337/337 187/338/338
f 187/338/338 9/337/337 8/339/339
f 187/338/338 8/339/339 188/340/340
f 188/340/340 8/339/339 7/341/341
f 188/340/340 7/341/341 189/342/342
f 189/342/342 7/341/341 6/343/343
f 189/342/342 6/343/343 190/344/344
f 190/344/344 6/343/343 5/345/345
f 190/344/344 5/345/345 191/346/346
f 191/346/346 5/345/345 4/347/347
f 191/346/346 4/347/347 192/348/348
f 192/348/348 4/347/347 3/349/349
f 192/348/348 3/349/349 193/350/350
f 193/350/350 3/349/349 2/351/351
f 213/352/352 164/353/353 212/354/354
f 212/354/354 164/353/353 163/355/355
f 212/354/354 163/355/355 175/356/356
f 214/357/357 215/358/358 279/359/359
f 279/359/359 215/358/358 278/360/360
f 278/360/360 215/358/358 216/361/361
f 278/360/360 216/361/361 277/362/362
f 277/362/362 216/361/361 217/363/363
f 277/362/362 217/363/363 276/364/364
f 276/364/364 217/363/363 218/365/365
f 276/364/364 218/365/365 275/366/366
f 275/366/366 218/365/365 219/367/367
f 275/366/366 219/367/367 274/368/368
f 274/368/368 219/367/367 220/369/369
f 274/368/368 220/369/369 273/370/370
f 273/370/370 220/369/369 221/371/371
f 273/370/370 221/371/371 272/372/372
f 272/372/372 221/371/371 222/373/373
f 272/372/372 222/373/373 271/374/374
f 271/374/374 222/373/373 223/375/375
f 271/374/374 223/375/375 270/376/376
f 270/376/376 223/375/375 224/377/377
f 270/376/376 224/377/377 269/378/378
f 269/378/378 224/377/377 225/379/379
f 269/378/378 225/379/379 268/380/380
f 268/380/380 225/379/379 226/381/381
f 268/380/380 226/381/381 267/382/382
f 267/382/382 226/381/381 227/383/383
f 267/382/382 227/383/383 266/384/384
f 266/384/384 227/383/383 228/385/385
f 266/384/384 228/385/385 265/386/386
f 265/386/386 228/385/385 229/387/387
f 265/386/386 229/387/387 264/388/388
f 264/388/388 229/387/387 230/389/389
f 264/388/388 230/389/389 263/390/390
f 263/390/390 230/389/389 231/391/391
f 263/390/390 231/391/391 262/392/392
f 262/392/392 231/391/391 232/393/393
f 262/392/392 232/393/393 261/394/394
f 261/394/394 232/393/393 233/395/395
f 261/394/394 233/395/395 260/396/396
f 260/396/396 233/395/395 234/397/397
f 260/396/396 234/397/397 259/398/398
f 259/398/398 234/397/397 235/399/399
f 259/398/398 235/399/399 258/400/400
f 258/400/400 235/399/399 236/401/401
f 258/400/400 236/401/401 257/402/402
f 257/402/402 236/401/401 237/403/403
f 257/402/402 237/403/403 256/404/404
f 256/404/404 237/403/403 238/405/405
f 256/404/404 238/405/405 255/406/406
f 255/406/406 238/405/405 239/407/407
f 255/406/406 239/407/407 254/408/408
f 254/408/408 239/407/407 240/409/409
f 254/408/408 240/409/409 253/410/410
f 253/410/410 240/409/409 241/411/411
f 253/410/410 241/411/411 252/412/412
f 252/412/412 241/411/411 242/413/413
f 252/412/412 242/413/413 251/414/414
f 251/414/414 242/413/413 243/415/415
f 251/414/414 243/415/415 250/416/416
f 250/416/416 243/415/415 244/417/417
f 250/416/416 244/417/417 249/418/418
f 249/418/418 244/417/417 245/419/419
f 249/418/418 245/419/419 248/420/420
f 248/420/420 245/419/419 246/421/421
f 248/420/420 246/421/421 247/422/422
usemtl Rivestimento_a_polvere_-_Ruvido_(verde)
f 280/423/423 281/424/424 279/425/425
f 279/425/425 281/424/424 283/426/426
f 279/425/425 283/426/426 214/427/357
f 214/427/357 283/426/426 284/428/427
f 214/427/357 284/428/427 285/429/428
f 281/424/424 282/430/429 283/426/426
f 247/431/430 287/432/431 286/433/432
f 286/433/432 287/432/431 289/434/433
f 289/434/433 287/432/431 288/435/434
usemtl Ciliegio_3D_-_Senza_finitura
f 294/436/435 290/437/436 295/438/437
f 295/438/437 290/437/436 291/439/438
f 295/438/437 291/439/438 292/440/439
f 292/440/439 293/441/440 295/438/437
f 295/438/437 293/441/440 294/436/435
f 214/442/441 285/443/442 297/444/443
f 297/444/443 285/443/442 296/445/444
usemtl Rivestimento_a_polvere_-_Ruvido_(nero)
f 297/446/445 298/447/446 231/448/447
f 231/448/447 298/447/446 299/449/448
f 231/448/447 299/449/448 300/450/449
f 300/450/449 301/451/450 231/448/447
f 231/448/447 301/451/450 302/452/451
f 231/448/447 302/452/451 303/453/452
f 303/453/452 304/454/453 231/448/447
f 231/448/447 304/454/453 305/455/454
f 231/448/447 305/455/454 294/456/455
f 294/456/455 293/457/456 231/448/447
f 231/448/447 293/457/456 306/458/457
f 231/448/447 306/458/457 307/459/458
f 307/459/458 308/460/459 231/448/447
f 231/448/447 308/460/459 309/461/460
f 231/448/447 309/461/460 232/462/461
f 232/462/461 309/461/460 310/463/462
f 232/462/461 310/463/462 311/464/463
f 232/462/461 311/464/463 233/465/464
f 233/465/464 311/464/463 312/466/465
f 233/465/464 312/466/465 234/467/466
f 234/467/466 312/466/465 235/468/467
f 235/468/467 312/466/465 236/469/468
f 236/469/468 312/466/465 313/470/469
f 236/469/468 313/470/469 237/471/470
f 237/471/470 313/470/469 238/472/471
f 238/472/471 313/470/469 239/473/472
f 239/473/472 313/470/469 240/474/473
f 240/474/473 313/470/469 241/475/474
f 241/475/474 313/470/469 242/476/475
f 242/476/475 313/470/469 243/477/476
f 243/477/476 313/470/469 244/478/477
f 244/478/477 313/470/469 245/479/478
f 245/479/478 313/470/469 246/480/479
f 231/448/447 230/481/480 297/446/445
f 297/446/445 230/481/480 229/482/481
f 297/446/445 229/482/481 228/483/482
f 228/483/482 227/484/483 297/446/445
f 297/446/445 227/484/483 226/485/484
f 297/446/445 226/485/484 214/486/485
f 214/486/485 226/485/484 215/487/486
f 215/487/486 226/485/484 225/488/487
f 215/487/486 225/488/487 216/489/488
f 216/489/488 225/488/487 224/490/489
f 216/489/488 224/490/489 217/491/490
f 217/491/490 224/490/489 223/492/491
f 217/491/490 223/492/491 218/493/492
f 218/493/492 223/492/491 222/494/493
f 218/493/492 222/494/493 219/495/494
f 219/495/494 222/494/493 221/496/495
f 219/495/494 221/496/495 220/497/496
f 313/498/497 312/499/498 315/500/499
f 315/500/499 312/499/498 314/501/500
f 246/502/501 313/503/502 247/504/503
f 247/504/503 313/503/502 315/505/504
f 247/504/503 315/505/504 287/506/505
f 292/507/506 333/508/507 293/509/508
f 293/509/508 333/508/507 326/510/509
f 293/509/508 326/510/509 327/511/510
f 292/507/506 316/512/511 333/508/507
f 333/508/507 316/512/511 317/513/512
f 333/508/507 317/513/512 334/514/513
f 334/514/513 317/513/512 290/515/514
f 334/514/513 290/515/514 294/516/515
f 305/517/516 324/518/517 294/516/515
f 294/516/515 324/518/517 325/519/518
f 294/516/515 325/519/518 334/514/513
f 334/514/513 325/519/518 333/508/507
f 324/518/517 305/517/516 323/520/519
f 323/520/519 305/517/516 304/521/520
f 323/520/519 304/521/520 322/522/521
f 322/522/521 304/521/520 303/523/522
f 322/522/521 303/523/522 321/524/523
f 321/524/523 303/523/522 302/525/524
f 321/524/523 302/525/524 320/526/525
f 320/526/525 302/525/524 301/527/526
f 320/526/525 301/527/526 319/528/527
f 319/528/527 301/527/526 300/529/528
f 319/528/527 300/529/528 318/530/529
f 318/530/529 300/529/528 299/531/530
f 325/519/518 326/510/509 333/508/507
f 293/509/508 327/511/510 306/532/531
f 306/532/531 327/511/510 328/533/532
f 306/532/531 328/533/532 307/534/533
f 307/534/533 328/533/532 329/535/534
f 307/534/533 329/535/534 308/536/535
f 308/536/535 329/535/534 330/537/536
f 308/536/535 330/537/536 309/538/537
f 309/538/537 330/537/536 331/539/538
f 309/538/537 331/539/538 310/540/539
f 310/540/539 331/539/538 332/541/540
f 310/540/539 332/541/540 311/542/541
f 311/542/541 332/541/540 314/543/542
f 311/542/541 314/543/542 312/544/543
f 296/545/544 284/546/545 297/547/546
f 297/547/546 284/546/545 283/548/547
f 297/547/546 283/548/547 335/549/548
f 335/549/548 298/550/549 297/547/546
usemtl Ciliegio_3D_-_Senza_finitura
f 287/551/550 213/552/551 288/553/552
f 288/553/552 213/552/551 336/554/553
usemtl Rivestimento_a_polvere_-_Ruvido_(verde)
f 212/555/554 337/556/555 213/557/556
f 213/557/556 337/556/555 338/558/557
f 213/557/556 338/558/557 336/559/558
f 337/560/559 286/561/560 338/562/561
f 338/562/561 286/561/560 289/563/562
f 289/564/563 288/565/564 338/566/565
f 338/566/565 288/565/564 336/567/566
usemtl Ciliegio_3D_-_Senza_finitura
f 339/568/567 283/569/568 340/570/569
f 340/570/569 283/569/568 282/571/570
f 341/572/571 339/573/572 342/574/573
f 342/574/573 339/573/572 340/575/574
f 343/576/575 341/577/576 344/578/577
f 344/578/577 341/577/576 342/579/578
usemtl Rivestimento_a_polvere_-_Ruvido_(nero)
f 299/580/579 298/581/580 318/582/581
f 318/582/581 298/581/580 335/583/582
usemtl Ciliegio_3D_-_Senza_finitura
f 345/584/583 346/585/584 350/586/585
f 350/586/585 346/585/584 349/587/586
f 349/587/586 346/585/584 347/588/587
f 349/587/586 347/588/587 348/589/588
usemtl Rivestimento_a_polvere_-_Ruvido_(nero)
f 351/590/589 352/591/590 390/592/591
f 390/592/591 352/591/590 353/593/592
f 390/592/591 353/593/592 354/594/593
f 355/595/594 388/596/595 354/594/593
f 354/594/593 388/596/595 389/597/596
f 354/594/593 389/597/596 390/592/591
f 355/595/594 356/598/597 388/596/595
f 388/596/595 356/598/597 387/599/598
f 387/599/598 356/598/597 386/600/599
f 386/600/599 356/598/597 357/601/600
f 386/600/599 357/601/600 358/602/601
f 386/600/599 358/602/601 385/603/602
f 385/603/602 358/602/601 359/604/603
f 385/603/602 359/604/603 384/605/604
f 384/605/604 359/604/603 360/606/605
f 384/605/604 360/606/605 383/607/606
f 383/607/606 360/606/605 361/608/607
f 383/607/606 361/608/607 382/609/608
f 382/609/608 361/608/607 362/610/609
f 382/609/608 362/610/609 381/611/610
f 381/611/610 362/610/609 363/612/611
f 381/611/610 363/612/611 380/613/612
f 380/613/612 363/612/611 364/614/613
f 380/613/612 364/614/613 379/615/614
f 379/615/614 364/614/613 365/616/615
f 379/615/614 365/616/615 378/617/616
f 378/617/616 365/616/615 366/618/617
f 378/617/616 366/618/617 377/619/618
f 377/619/618 366/618/617 367/620/619
f 377/619/618 367/620/619 376/621/620
f 376/621/620 367/620/619 368/622/621
f 376/621/620 368/622/621 375/623/622
f 375/623/622 368/622/621 369/624/623
f 375/623/622 369/624/623 374/625/624
f 374/625/624 369/624/623 370/626/625
f 374/625/624 370/626/625 373/627/626
f 373/627/626 370/626/625 371/628/627
f 373/627/626 371/628/627 372/629/628
f 391/630/629 392/631/630 456/632/631
f 456/632/631 392/631/630 455/633/632
f 455/633/632 392/631/630 393/634/633
f 455/633/632 393/634/633 454/635/634
f 454/635/634 393/634/633 394/636/635
f 454/635/634 394/636/635 453/637/636
f 453/637/636 394/636/635 395/638/637
f 453/637/636 395/638/637 452/639/638
f 452/639/638 395/638/637 396/640/639
f 452/639/638 396/640/639 451/641/640
f 451/641/640 396/640/639 397/642/641
f 451/641/640 397/642/641 450/643/642
f 450/643/642 397/642/641 398/644/643
f 450/643/642 398/644/643 449/645/644
f 449/645/644 398/644/643 399/646/645
f 449/645/644 399/646/645 448/647/646
f 448/647/646 399/646/645 400/648/647
f 448/647/646 400/648/647 447/649/648
f 447/649/648 400/648/647 401/650/649
f 447/649/648 401/650/649 446/651/650
f 446/651/650 401/650/649 402/652/651
f 446/651/650 402/652/651 445/653/652
f 445/653/652 402/652/651 403/654/653
f 445/653/652 403/654/653 444/655/654
f 444/655/654 403/654/653 404/656/655
f 444/655/654 404/656/655 443/657/656
f 443/657/656 404/656/655 405/658/657
f 443/657/656 405/658/657 442/659/658
f 442/659/658 405/658/657 406/660/659
f 442/659/658 406/660/659 441/661/660
f 441/661/660 406/660/659 407/662/661
f 441/661/660 407/662/661 440/663/662
f 440/663/662 407/662/661 408/664/663
f 440/663/662 408/664/663 439/665/664
f 439/665/664 408/664/663 409/666/665
f 439/665/664 409/666/665 438/667/666
f 438/667/666 409/666/665 410/668/667
f 438/667/666 410/668/667 437/669/668
f 437/669/668 410/668/667 411/670/669
f 437/669/668 411/670/669 436/671/670
f 436/671/670 411/670/669 412/672/671
f 436/671/670 412/672/671 435/673/672
f 435/673/672 412/672/671 413/674/673
f 435/673/672 413/674/673 434/675/674
f 434/675/674 413/674/673 414/676/675
f 434/675/674 414/676/675 433/677/676
f 433/677/676 414/676/675 415/678/677
f 433/677/676 415/678/677 432/679/678
f 432/679/678 415/678/677 416/680/679
f 432/679/678 416/680/679 431/681/680
f 431/681/680 416/680/679 417/682/681
f 431/681/680 417/682/681 430/683/682
f 430/683/682 417/682/681 418/684/683
f 430/683/682 418/684/683 429/685/684
f 429/685/684 418/684/683 419/686/685
f 429/685/684 419/686/685 428/687/686
f 428/687/686 419/686/685 420/688/687
f 428/687/686 420/688/687 427/689/688
f 427/689/688 420/688/687 421/690/689
f 427/689/688 421/690/689 426/691/690
f 426/691/690 421/690/689 422/692/691
f 426/691/690 422/692/691 425/693/692
f 425/693/692 422/692/691 423/694/693
f 425/693/692 423/694/693 424/695/694
usemtl Rivestimento_a_polvere_-_Ruvido_(verde)
f 457/696/695 107/697/696 458/698/697
f 458/698/697 107/697/696 112/699/698
f 457/700/699 458/701/700 456/702/701
f 456/702/701 458/701/700 460/703/702
f 456/702/701 460/703/702 391/704/629
f 391/704/629 460/703/702 461/705/703
f 391/704/629 461/705/703 462/706/704
f 458/701/700 459/707/705 460/703/702
f 424/708/706 464/709/707 463/710/708
f 463/710/708 464/709/707 466/711/709
f 466/711/709 464/709/707 465/712/710
usemtl Ciliegio_3D_-_Senza_finitura
f 471/713/711 467/714/712 472/715/713
f 472/715/713 467/714/712 468/716/714
f 472/715/713 468/716/714 469/717/715
f 469/717/715 470/718/716 472/715/713
f 472/715/713 470/718/716 471/713/711
f 391/719/717 462/720/718 474/721/719
f 474/721/719 462/720/718 473/722/720
usemtl Rivestimento_a_polvere_-_Ruvido_(nero)
f 474/723/721 475/724/722 408/725/723
f 408/725/723 475/724/722 476/726/724
f 408/725/723 476/726/724 477/727/725
f 477/727/725 478/728/726 408/725/723
f 408/725/723 478/728/726 479/729/727
f 408/725/723 479/729/727 480/730/728
f 480/730/728 481/731/729 408/725/723
f 408/725/723 481/731/729 482/732/730
f 408/725/723 482/732/730 471/733/731
f 471/733/731 470/734/732 408/725/723
f 408/725/723 470/734/732 483/735/733
f 408/725/723 483/735/733 484/736/734
f 484/736/734 485/737/735 408/725/723
f 408/725/723 485/737/735 486/738/736
f 408/725/723 486/738/736 409/739/737
f 409/739/737 486/738/736 487/740/738
f 409/739/737 487/740/738 488/741/739
f 409/739/737 488/741/739 410/742/740
f 410/742/740 488/741/739 489/743/741
f 410/742/740 489/743/741 411/744/742
f 411/744/742 489/743/741 412/745/743
f 412/745/743 489/743/741 413/746/744
f 413/746/744 489/743/741 490/747/745
f 413/746/744 490/747/745 414/748/746
f 414/748/746 490/747/745 415/749/747
f 415/749/747 490/747/745 416/750/748
f 416/750/748 490/747/745 417/751/749
f 417/751/749 490/747/745 418/752/750
f 418/752/750 490/747/745 419/753/751
f 419/753/751 490/747/745 420/754/752
f 420/754/752 490/747/745 421/755/753
f 421/755/753 490/747/745 422/756/754
f 422/756/754 490/747/745 423/757/755
f 408/725/723 407/758/756 474/723/721
f 474/723/721 407/758/756 406/759/757
f 474/723/721 406/759/757 405/760/758
f 405/760/758 404/761/759 474/723/721
f 474/723/721 404/761/759 403/762/760
f 474/723/721 403/762/760 391/763/761
f 391/763/761 403/762/760 392/764/762
f 392/764/762 403/762/760 402/765/763
f 392/764/762 402/765/763 393/766/764
f 393/766/764 402/765/763 401/767/765
f 393/766/764 401/767/765 394/768/766
f 394/768/766 401/767/765 400/769/767
f 394/768/766 400/769/767 395/770/768
f 395/770/768 400/769/767 399/771/769
f 395/770/768 399/771/769 396/772/770
f 396/772/770 399/771/769 398/773/771
f 396/772/770 398/773/771 397/774/772
f 490/775/773 489/776/774 492/777/775
f 492/777/775 489/776/774 491/778/776
f 423/779/777 490/780/778 424/781/779
f 424/781/779 490/780/778 492/782/780
f 424/781/779 492/782/780 464/783/781
f 469/784/782 510/785/783 470/786/784
f 470/786/784 510/785/783 503/787/785
f 470/786/784 503/787/785 504/788/786
f 469/784/782 493/789/787 510/785/783
f 510/785/783 493/789/787 494/790/788
f 510/785/783 494/790/788 511/791/789
f 511/791/789 494/790/788 467/792/790
f 511/791/789 467/792/790 471/793/791
f 482/794/792 501/795/793 471/793/791
f 471/793/791 501/795/793 502/796/794
f 471/793/791 502/796/794 511/791/789
f 511/791/789 502/796/794 510/785/783
f 501/795/793 482/794/792 500/797/795
f 500/797/795 482/794/792 481/798/796
f 500/797/795 481/798/796 499/799/797
f 499/799/797 481/798/796 480/800/798
f 499/799/797 480/800/798 498/801/799
f 498/801/799 480/800/798 479/802/800
f 498/801/799 479/802/800 497/803/801
f 497/803/801 479/802/800 478/804/802
f 497/803/801 478/804/802 496/805/803
f 496/805/803 478/804/802 477/806/804
f 496/805/803 477/806/804 495/807/805
f 495/807/805 477/806/804 476/808/806
f 502/796/794 503/787/785 510/785/783
f 470/786/784 504/788/786 483/809/807
f 483/809/807 504/788/786 505/810/808
f 483/809/807 505/810/808 484/811/809
f 484/811/809 505/810/808 506/812/810
f 484/811/809 506/812/810 485/813/811
f 485/813/811 506/812/810 507/814/812
f 485/813/811 507/814/812 486/815/813
f 486/815/813 507/814/812 508/816/814
f 486/815/813 508/816/814 487/817/815
f 487/817/815 508/816/814 509/818/816
f 487/817/815 509/818/816 488/819/817
f 488/819/817 509/818/816 491/820/818
f 488/819/817 491/820/818 489/821/819
f 473/822/820 461/823/821 474/824/822
f 474/824/822 461/823/821 460/825/823
f 474/824/822 460/825/823 512/826/824
f 512/826/824 475/827/825 474/824/822
f 515/828/826 513/829/827 371/830/828
f 371/830/828 513/829/827 514/831/829
f 371/830/828 514/831/829 372/832/830
usemtl Ciliegio_3D_-_Senza_finitura
f 464/833/831 515/834/832 465/835/833
f 465/835/833 515/834/832 516/836/834
usemtl Rivestimento_a_polvere_-_Ruvido_(verde)
f 371/837/835 517/838/836 515/839/837
f 515/839/837 517/838/836 518/840/838
f 515/839/837 518/840/838 516/841/839
f 517/842/840 463/843/841 518/844/842
f 518/844/842 463/843/841 466/845/843
f 466/846/844 465/847/845 518/848/846
f 518/848/846 465/847/845 516/849/847
usemtl Ciliegio_3D_-_Senza_finitura
f 519/850/848 460/851/849 520/852/850
f 520/852/850 460/851/849 459/853/851
f 521/854/852 519/855/853 522/856/854
f 522/856/854 519/855/853 520/857/855
f 173/858/856 521/859/857 174/860/858
f 174/860/858 521/859/857 522/861/859
usemtl Rivestimento_a_polvere_-_Ruvido_(verde)
f 522/862/860 458/863/861 174/864/862
f 174/864/862 458/863/861 112/865/863
f 174/864/862 112/865/863 172/866/864
f 172/866/864 112/865/863 170/867/865
f 170/867/865 112/865/863 111/868/866
f 522/862/860 520/869/867 458/863/861
f 458/863/861 520/869/867 459/870/868
usemtl Rivestimento_a_polvere_-_Ruvido_(nero)
f 476/871/869 475/872/870 495/873/871
f 495/873/871 475/872/870 512/874/872
usemtl Ciliegio_3D_-_Senza_finitura
f 347/875/873 523/876/874 348/877/875
f 348/877/875 523/876/874 524/878/876
usemtl Rivestimento_a_polvere_-_Ruvido_(nero)
f 352/879/877 351/880/878 562/881/879
f 562/881/879 351/880/878 525/882/880
f 562/881/879 525/882/880 526/883/881
f 527/884/882 560/885/883 526/883/881
f 526/883/881 560/885/883 561/886/884
f 526/883/881 561/886/884 562/881/879
f 527/884/882 528/887/885 560/885/883
f 560/885/883 528/887/885 559/888/886
f 559/888/886 528/887/885 558/889/887
f 558/889/887 528/887/885 529/890/888
f 558/889/887 529/890/888 530/891/889
f 558/889/887 530/891/889 557/892/890
f 557/892/890 530/891/889 531/893/891
f 557/892/890 531/893/891 556/894/892
f 556/894/892 531/893/891 532/895/893
f 556/894/892 532/895/893 555/896/894
f 555/896/894 532/895/893 533/897/895
f 555/896/894 533/897/895 554/898/896
f 554/898/896 533/897/895 534/899/897
f 554/898/896 534/899/897 553/900/898
f 553/900/898 534/899/897 535/901/899
f 553/900/898 535/901/899 552/902/900
f 552/902/900 535/901/899 536/903/901
f 552/902/900 536/903/901 551/904/902
f 551/904/902 536/903/901 537/905/903
f 551/904/902 537/905/903 550/906/904
f 550/906/904 537/905/903 538/907/905
f 550/906/904 538/907/905 549/908/906
f 549/908/906 538/907/905 539/909/907
f 549/908/906 539/909/907 548/910/908
f 548/910/908 539/909/907 540/911/909
f 548/910/908 540/911/909 547/912/910
f 547/912/910 540/911/909 541/913/911
f 547/912/910 541/913/911 546/914/912
f 546/914/912 541/913/911 542/915/913
f 546/914/912 542/915/913 545/916/914
f 545/916/914 542/915/913 543/917/915
f 545/916/914 543/917/915 544/918/916
f 543/919/917 542/920/918 514/921/919
f 514/921/919 542/920/918 541/922/920
f 514/921/919 541/922/920 540/923/921
f 540/923/921 539/924/922 514/921/919
f 514/921/919 539/924/922 538/925/923
f 514/921/919 538/925/923 537/926/924
f 536/927/925 379/928/926 537/926/924
f 537/926/924 379/928/926 378/929/927
f 537/926/924 378/929/927 514/921/919
f 514/921/919 378/929/927 377/930/928
f 514/921/919 377/930/928 376/931/929
f 379/928/926 536/927/925 380/932/930
f 380/932/930 536/927/925 535/933/931
f 380/932/930 535/933/931 381/934/932
f 381/934/932 535/933/931 534/935/933
f 381/934/932 534/935/933 382/936/934
f 382/936/934 534/935/933 533/937/935
f 382/936/934 533/937/935 383/938/936
f 383/938/936 533/937/935 532/939/937
f 383/938/936 532/939/937 384/940/938
f 384/940/938 532/939/937 531/941/939
f 384/940/938 531/941/939 385/942/940
f 385/942/940 531/941/939 530/943/941
f 385/942/940 530/943/941 386/944/942
f 386/944/942 530/943/941 529/945/943
f 386/944/942 529/945/943 387/946/944
f 387/946/944 529/945/943 528/947/945
f 387/946/944 528/947/945 388/948/946
f 388/948/946 528/947/945 527/949/947
f 388/948/946 527/949/947 389/950/948
f 389/950/948 527/949/947 526/951/949
f 389/950/948 526/951/949 390/952/950
f 390/952/950 526/951/949 525/953/951
f 390/952/950 525/953/951 351/954/952
f 376/931/929 375/955/953 514/921/919
f 514/921/919 375/955/953 374/956/954
f 514/921/919 374/956/954 373/957/955
f 373/957/955 372/958/956 514/921/919
f 563/959/957 544/960/958 513/961/959
f 513/961/959 544/960/958 514/962/960
f 514/962/960 544/960/958 543/963/961
usemtl Ciliegio_3D_-_Senza_finitura
f 524/964/962 173/965/963 348/966/964
f 348/966/964 173/965/963 171/967/965
f 348/966/964 171/967/965 169/968/966
f 564/969/967 464/970/968 524/964/962
f 524/964/962 464/970/968 492/971/969
f 524/964/962 492/971/969 491/972/970
f 565/973/971 587/974/972 564/969/967
f 564/969/967 587/974/972 563/975/973
f 564/969/967 563/975/973 513/976/974
f 350/977/975 343/978/976 565/973/971
f 565/973/971 343/978/976 566/979/977
f 565/973/971 566/979/977 567/980/978
f 349/981/979 287/982/980 350/977/975
f 350/977/975 287/982/980 315/983/981
f 350/977/975 315/983/981 314/984/982
f 348/966/964 116/985/983 349/981/979
f 349/981/979 116/985/983 165/986/984
f 349/981/979 165/986/984 164/987/985
f 169/968/966 110/988/986 348/966/964
f 348/966/964 110/988/986 162/989/987
f 348/966/964 162/989/987 157/990/988
f 157/990/988 156/991/989 348/966/964
f 348/966/964 156/991/989 155/992/990
f 348/966/964 155/992/990 154/993/991
f 154/993/991 153/994/992 348/966/964
f 348/966/964 153/994/992 152/995/993
f 348/966/964 152/995/993 151/996/994
f 151/996/994 150/997/995 348/966/964
f 348/966/964 150/997/995 149/998/996
f 348/966/964 149/998/996 148/999/997
f 148/999/997 147/1000/998 348/966/964
f 348/966/964 147/1000/998 146/1001/999
f 348/966/964 146/1001/999 145/1002/1000
f 145/1002/1000 144/1003/1001 348/966/964
f 348/966/964 144/1003/1001 143/1004/1002
f 348/966/964 143/1004/1002 142/1005/1003
f 142/1005/1003 141/1006/1004 348/966/964
f 348/966/964 141/1006/1004 116/985/983
f 164/987/985 213/1007/1005 349/981/979
f 349/981/979 213/1007/1005 287/982/980
f 314/984/982 332/1008/1006 350/977/975
f 350/977/975 332/1008/1006 331/1009/1007
f 350/977/975 331/1009/1007 330/1010/1008
f 330/1010/1008 329/1011/1009 350/977/975
f 350/977/975 329/1011/1009 328/1012/1010
f 350/977/975 328/1012/1010 327/1013/1011
f 327/1013/1011 326/1014/1012 350/977/975
f 350/977/975 326/1014/1012 325/1015/1013
f 350/977/975 325/1015/1013 324/1016/1014
f 324/1016/1014 323/1017/1015 350/977/975
f 350/977/975 323/1017/1015 322/1018/1016
f 350/977/975 322/1018/1016 321/1019/1017
f 321/1019/1017 320/1020/1018 350/977/975
f 350/977/975 320/1020/1018 319/1021/1019
f 350/977/975 319/1021/1019 318/1022/1020
f 318/1022/1020 335/1023/1021 350/977/975
f 350/977/975 335/1023/1021 283/1024/1022
f 350/977/975 283/1024/1022 339/1025/1023
f 339/1025/1023 341/1026/1024 350/977/975
f 350/977/975 341/1026/1024 343/978/976
f 567/980/978 568/1027/1025 565/973/971
f 565/973/971 568/1027/1025 569/1028/1026
f 565/973/971 569/1028/1026 570/1029/1027
f 570/1029/1027 571/1030/1028 565/973/971
f 565/973/971 571/1030/1028 572/1031/1029
f 565/973/971 572/1031/1029 573/1032/1030
f 573/1032/1030 574/1033/1031 565/973/971
f 565/973/971 574/1033/1031 575/1034/1032
f 565/973/971 575/1034/1032 576/1035/1033
f 576/1035/1033 577/1036/1034 565/973/971
f 565/973/971 577/1036/1034 578/1037/1035
f 565/973/971 578/1037/1035 579/1038/1036
f 579/1038/1036 580/1039/1037 565/973/971
f 565/973/971 580/1039/1037 581/1040/1038
f 565/973/971 581/1040/1038 582/1041/1039
f 582/1041/1039 583/1042/1040 565/973/971
f 565/973/971 583/1042/1040 584/1043/1041
f 565/973/971 584/1043/1041 585/1044/1042
f 585/1044/1042 586/1045/1043 565/973/971
f 565/973/971 586/1045/1043 587/974/972
f 513/976/974 515/1046/1044 564/969/967
f 564/969/967 515/1046/1044 464/970/968
f 491/972/970 509/1047/1045 524/964/962
f 524/964/962 509/1047/1045 508/1048/1046
f 524/964/962 508/1048/1046 507/1049/1047
f 507/1049/1047 506/1050/1048 524/964/962
f 524/964/962 506/1050/1048 505/1051/1049
f 524/964/962 505/1051/1049 504/1052/1050
f 504/1052/1050 503/1053/1051 524/964/962
f 524/964/962 503/1053/1051 502/1054/1052
f 524/964/962 502/1054/1052 501/1055/1053
f 501/1055/1053 500/1056/1054 524/964/962
f 524/964/962 500/1056/1054 499/1057/1055
f 524/964/962 499/1057/1055 498/1058/1056
f 498/1058/1056 497/1059/1057 524/964/962
f 524/964/962 497/1059/1057 496/1060/1058
f 524/964/962 496/1060/1058 495/1061/1059
f 495/1061/1059 512/1062/1060 524/964/962
f 524/964/962 512/1062/1060 460/1063/1061
f 524/964/962 460/1063/1061 519/1064/1062
f 519/1064/1062 521/1065/1063 524/964/962
f 524/964/962 521/1065/1063 173/965/963
usemtl Rivestimento_a_polvere_-_Ruvido_(nero)
f 653/1066/1064 588/1067/1065 652/1068/1066
f 652/1068/1066 588/1067/1065 589/1069/1067
f 652/1068/1066 589/1069/1067 651/1070/1068
f 651/1070/1068 589/1069/1067 590/1071/1069
f 651/1070/1068 590/1071/1069 650/1072/1070
f 650/1072/1070 590/1071/1069 591/1073/1071
f 650/1072/1070 591/1073/1071 649/1074/1072
f 649/1074/1072 591/1073/1071 592/1075/1073
f 649/1074/1072 592/1075/1073 648/1076/1074
f 648/1076/1074 592/1075/1073 593/1077/1075
f 648/1076/1074 593/1077/1075 647/1078/1076
f 647/1078/1076 593/1077/1075 594/1079/1077
f 647/1078/1076 594/1079/1077 646/1080/1078
f 646/1080/1078 594/1079/1077 595/1081/1079
f 646/1080/1078 595/1081/1079 645/1082/1080
f 645/1082/1080 595/1081/1079 596/1083/1081
f 645/1082/1080 596/1083/1081 644/1084/1082
f 644/1084/1082 596/1083/1081 597/1085/1083
f 644/1084/1082 597/1085/1083 643/1086/1084
f 643/1086/1084 597/1085/1083 598/1087/1085
f 643/1086/1084 598/1087/1085 642/1088/1086
f 642/1088/1086 598/1087/1085 599/1089/1087
f 642/1088/1086 599/1089/1087 641/1090/1088
f 641/1090/1088 599/1089/1087 600/1091/1089
f 641/1090/1088 600/1091/1089 640/1092/1090
f 640/1092/1090 600/1091/1089 601/1093/1091
f 640/1092/1090 601/1093/1091 639/1094/1092
f 639/1094/1092 601/1093/1091 602/1095/1093
f 639/1094/1092 602/1095/1093 638/1096/1094
f 638/1096/1094 602/1095/1093 603/1097/1095
f 638/1096/1094 603/1097/1095 637/1098/1096
f 637/1098/1096 603/1097/1095 604/1099/1097
f 637/1098/1096 604/1099/1097 636/1100/1098
f 636/1100/1098 604/1099/1097 605/1101/1099
f 636/1100/1098 605/1101/1099 635/1102/1100
f 635/1102/1100 605/1101/1099 606/1103/1101
f 635/1102/1100 606/1103/1101 634/1104/1102
f 634/1104/1102 606/1103/1101 607/1105/1103
f 634/1104/1102 607/1105/1103 633/1106/1104
f 633/1106/1104 607/1105/1103 608/1107/1105
f 633/1106/1104 608/1107/1105 632/1108/1106
f 632/1108/1106 608/1107/1105 609/1109/1107
f 632/1108/1106 609/1109/1107 631/1110/1108
f 631/1110/1108 609/1109/1107 610/1111/1109
f 631/1110/1108 610/1111/1109 630/1112/1110
f 630/1112/1110 610/1111/1109 611/1113/1111
f 630/1112/1110 611/1113/1111 629/1114/1112
f 629/1114/1112 611/1113/1111 612/1115/1113
f 629/1114/1112 612/1115/1113 628/1116/1114
f 628/1116/1114 612/1115/1113 613/1117/1115
f 628/1116/1114 613/1117/1115 627/1118/1116
f 627/1118/1116 613/1117/1115 614/1119/1117
f 627/1118/1116 614/1119/1117 626/1120/1118
f 626/1120/1118 614/1119/1117 615/1121/1119
f 626/1120/1118 615/1121/1119 625/1122/1120
f 625/1122/1120 615/1121/1119 616/1123/1121
f 625/1122/1120 616/1123/1121 624/1124/1122
f 624/1124/1122 616/1123/1121 617/1125/1123
f 624/1124/1122 617/1125/1123 623/1126/1124
f 623/1126/1124 617/1125/1123 618/1127/1125
f 623/1126/1124 618/1127/1125 622/1128/1126
f 622/1128/1126 618/1127/1125 619/1129/1127
f 622/1128/1126 619/1129/1127 621/1130/1128
f 621/1130/1128 619/1129/1127 620/1131/1129
usemtl Rivestimento_a_polvere_-_Ruvido_(verde)
f 562/1132/1130 1/1133/1131 352/1134/1132
f 352/1134/1132 1/1133/1131 40/1135/1133
f 352/1134/1132 40/1135/1133 353/1136/1134
f 353/1136/1134 40/1135/1133 39/1137/1135
f 353/1136/1134 39/1137/1135 354/1138/1136
f 354/1138/1136 39/1137/1135 38/1139/1137
f 354/1138/1136 38/1139/1137 355/1140/1138
f 355/1140/1138 38/1139/1137 37/1141/1139
f 355/1140/1138 37/1141/1139 356/1142/1140
f 356/1142/1140 37/1141/1139 107/1143/1141
f 356/1142/1140 107/1143/1141 457/1144/1142
f 1/1133/1131 562/1132/1130 194/1145/1143
f 194/1145/1143 562/1132/1130 561/1146/1144
f 194/1145/1143 561/1146/1144 195/1147/1145
f 195/1147/1145 561/1146/1144 560/1148/1146
f 195/1147/1145 560/1148/1146 196/1149/1147
f 196/1149/1147 560/1148/1146 559/1150/1148
f 196/1149/1147 559/1150/1148 197/1151/1149
f 197/1151/1149 559/1150/1148 656/1152/1150
f 197/1151/1149 656/1152/1150 280/1153/1151
f 559/1150/1148 558/1154/1152 656/1152/1150
f 656/1152/1150 558/1154/1152 557/1155/1153
f 656/1152/1150 557/1155/1153 556/1156/1154
f 656/1152/1150 556/1156/1154 635/1157/1155
f 635/1157/1155 556/1156/1154 555/1158/1156
f 635/1157/1155 555/1158/1156 636/1159/1157
f 636/1159/1157 555/1158/1156 654/1160/1158
f 636/1159/1157 654/1160/1158 637/1161/1159
f 637/1161/1159 654/1160/1158 638/1162/1160
f 638/1162/1160 654/1160/1158 639/1163/1161
f 639/1163/1161 654/1160/1158 640/1164/1162
f 640/1164/1162 654/1160/1158 655/1165/1163
f 640/1164/1162 655/1165/1163 641/1166/1164
f 641/1166/1164 655/1165/1163 642/1167/1165
f 642/1167/1165 655/1165/1163 643/1168/1166
f 643/1168/1166 655/1165/1163 644/1169/1167
f 644/1169/1167 655/1165/1163 645/1170/1168
f 645/1170/1168 655/1165/1163 646/1171/1169
f 646/1171/1169 655/1165/1163 647/1172/1170
f 647/1172/1170 655/1165/1163 648/1173/1171
f 648/1173/1171 655/1165/1163 649/1174/1172
f 649/1174/1172 655/1165/1163 650/1175/1173
f 650/1175/1173 655/1165/1163 651/1176/1174
f 651/1176/1174 655/1165/1163 652/1177/1175
f 652/1177/1175 655/1165/1163 653/1178/1176
f 555/1158/1156 554/1179/1177 654/1160/1158
f 654/1160/1158 554/1179/1177 553/1180/1178
f 654/1160/1158 553/1180/1178 552/1181/1179
f 552/1181/1179 551/1182/1180 654/1160/1158
f 654/1160/1158 551/1182/1180 550/1183/1181
f 654/1160/1158 550/1183/1181 549/1184/1182
f 549/1184/1182 548/1185/1183 654/1160/1158
f 654/1160/1158 548/1185/1183 547/1186/1184
f 654/1160/1158 547/1186/1184 546/1187/1185
f 546/1187/1185 545/1188/1186 654/1160/1158
f 654/1160/1158 545/1188/1186 544/1189/1187
f 635/1157/1155 634/1190/1188 656/1152/1150
f 656/1152/1150 634/1190/1188 633/1191/1189
f 656/1152/1150 633/1191/1189 632/1192/1190
f 632/1192/1190 631/1193/1191 656/1152/1150
f 656/1152/1150 631/1193/1191 630/1194/1192
f 656/1152/1150 630/1194/1192 629/1195/1193
f 629/1195/1193 628/1196/1194 656/1152/1150
f 656/1152/1150 628/1196/1194 627/1197/1195
f 656/1152/1150 627/1197/1195 626/1198/1196
f 626/1198/1196 625/1199/1197 656/1152/1150
f 656/1152/1150 625/1199/1197 624/1200/1198
f 656/1152/1150 624/1200/1198 623/1201/1199
f 623/1201/1199 622/1202/1200 656/1152/1150
f 656/1152/1150 622/1202/1200 621/1203/1201
f 279/1204/1202 278/1205/1203 280/1153/1151
f 280/1153/1151 278/1205/1203 277/1206/1204
f 280/1153/1151 277/1206/1204 276/1207/1205
f 276/1207/1205 275/1208/1206 280/1153/1151
f 280/1153/1151 275/1208/1206 274/1209/1207
f 280/1153/1151 274/1209/1207 273/1210/1208
f 273/1210/1208 272/1211/1209 280/1153/1151
f 280/1153/1151 272/1211/1209 271/1212/1210
f 280/1153/1151 271/1212/1210 270/1213/1211
f 270/1213/1211 269/1214/1212 280/1153/1151
f 280/1153/1151 269/1214/1212 268/1215/1213
f 280/1153/1151 268/1215/1213 267/1216/1214
f 267/1216/1214 266/1217/1215 280/1153/1151
f 280/1153/1151 266/1217/1215 265/1218/1216
f 280/1153/1151 265/1218/1216 200/1219/1217
f 200/1219/1217 265/1218/1216 201/1220/1218
f 201/1220/1218 265/1218/1216 264/1221/1219
f 201/1220/1218 264/1221/1219 337/1222/1220
f 337/1222/1220 264/1221/1219 263/1223/1221
f 337/1222/1220 263/1223/1221 262/1224/1222
f 262/1224/1222 261/1225/1223 337/1222/1220
f 337/1222/1220 261/1225/1223 260/1226/1224
f 337/1222/1220 260/1226/1224 286/1227/1225
f 286/1227/1225 260/1226/1224 259/1228/1226
f 286/1227/1225 259/1228/1226 258/1229/1227
f 258/1229/1227 257/1230/1228 286/1227/1225
f 286/1227/1225 257/1230/1228 256/1231/1229
f 286/1227/1225 256/1231/1229 255/1232/1230
f 255/1232/1230 254/1233/1231 286/1227/1225
f 286/1227/1225 254/1233/1231 253/1234/1232
f 286/1227/1225 253/1234/1232 252/1235/1233
f 252/1235/1233 251/1236/1234 286/1227/1225
f 286/1227/1225 251/1236/1234 250/1237/1235
f 286/1227/1225 250/1237/1235 249/1238/1236
f 249/1238/1236 248/1239/1237 286/1227/1225
f 286/1227/1225 248/1239/1237 247/1240/1238
f 212/1241/1239 211/1242/1240 337/1222/1220
f 337/1222/1220 211/1242/1240 210/1243/1241
f 337/1222/1220 210/1243/1241 209/1244/1242
f 209/1244/1242 208/1245/1243 337/1222/1220
f 337/1222/1220 208/1245/1243 207/1246/1244
f 337/1222/1220 207/1246/1244 206/1247/1245
f 206/1247/1245 205/1248/1246 337/1222/1220
f 337/1222/1220 205/1248/1246 204/1249/1247
f 337/1222/1220 204/1249/1247 203/1250/1248
f 203/1250/1248 202/1251/1249 337/1222/1220
f 337/1222/1220 202/1251/1249 201/1220/1218
f 200/1219/1217 199/1252/1250 280/1153/1151
f 280/1153/1151 199/1252/1250 198/1253/1251
f 280/1153/1151 198/1253/1251 197/1151/1149
f 37/1141/1139 36/1254/1252 107/1143/1141
f 107/1143/1141 36/1254/1252 35/1255/1253
f 107/1143/1141 35/1255/1253 34/1256/1254
f 107/1143/1141 34/1256/1254 88/1257/1255
f 88/1257/1255 34/1256/1254 33/1258/1256
f 88/1257/1255 33/1258/1256 89/1259/1257
f 89/1259/1257 33/1258/1256 167/1260/1258
f 89/1259/1257 167/1260/1258 90/1261/1259
f 90/1261/1259 167/1260/1258 91/1262/1260
f 91/1262/1260 167/1260/1258 92/1263/1261
f 92/1263/1261 167/1260/1258 93/1264/1262
f 93/1264/1262 167/1260/1258 113/1265/1263
f 93/1264/1262 113/1265/1263 94/1266/1264
f 94/1266/1264 113/1265/1263 95/1267/1265
f 95/1267/1265 113/1265/1263 96/1268/1266
f 96/1268/1266 113/1265/1263 97/1269/1267
f 97/1269/1267 113/1265/1263 98/1270/1268
f 98/1270/1268 113/1265/1263 99/1271/1269
f 99/1271/1269 113/1265/1263 100/1272/1270
f 100/1272/1270 113/1265/1263 101/1273/1271
f 101/1273/1271 113/1265/1263 102/1274/1272
f 102/1274/1272 113/1265/1263 103/1275/1273
f 103/1275/1273 113/1265/1263 104/1276/1274
f 104/1276/1274 113/1265/1263 105/1277/1275
f 105/1277/1275 113/1265/1263 106/1278/1276
f 33/1258/1256 32/1279/1277 167/1260/1258
f 167/1260/1258 32/1279/1277 31/1280/1278
f 167/1260/1258 31/1280/1278 30/1281/1279
f 30/1281/1279 29/1282/1280 167/1260/1258
f 167/1260/1258 29/1282/1280 28/1283/1281
f 167/1260/1258 28/1283/1281 27/1284/1282
f 27/1284/1282 26/1285/1283 167/1260/1258
f 167/1260/1258 26/1285/1283 25/1286/1284
f 167/1260/1258 25/1286/1284 24/1287/1285
f 24/1287/1285 23/1288/1286 167/1260/1258
f 167/1260/1258 23/1288/1286 22/1289/1287
f 88/1257/1255 87/1290/1288 107/1143/1141
f 107/1143/1141 87/1290/1288 86/1291/1289
f 107/1143/1141 86/1291/1289 85/1292/1290
f 85/1292/1290 84/1293/1291 107/1143/1141
f 107/1143/1141 84/1293/1291 83/1294/1292
f 107/1143/1141 83/1294/1292 82/1295/1293
f 82/1295/1293 81/1296/1294 107/1143/1141
f 107/1143/1141 81/1296/1294 80/1297/1295
f 107/1143/1141 80/1297/1295 79/1298/1296
f 79/1298/1296 78/1299/1297 107/1143/1141
f 107/1143/1141 78/1299/1297 77/1300/1298
f 107/1143/1141 77/1300/1298 76/1301/1299
f 76/1301/1299 75/1302/1300 107/1143/1141
f 107/1143/1141 75/1302/1300 74/1303/1301
f 456/1304/1302 455/1305/1303 457/1144/1142
f 457/1144/1142 455/1305/1303 454/1306/1304
f 457/1144/1142 454/1306/1304 453/1307/1305
f 453/1307/1305 452/1308/1306 457/1144/1142
f 457/1144/1142 452/1308/1306 451/1309/1307
f 457/1144/1142 451/1309/1307 450/1310/1308
f 450/1310/1308 449/1311/1309 457/1144/1142
f 457/1144/1142 449/1311/1309 448/1312/1310
f 457/1144/1142 448/1312/1310 447/1313/1311
f 447/1313/1311 446/1314/1312 457/1144/1142
f 457/1144/1142 446/1314/1312 445/1315/1313
f 457/1144/1142 445/1315/1313 444/1316/1314
f 444/1316/1314 443/1317/1315 457/1144/1142
f 457/1144/1142 443/1317/1315 442/1318/1316
f 457/1144/1142 442/1318/1316 359/1319/1317
f 359/1319/1317 442/1318/1316 360/1320/1318
f 360/1320/1318 442/1318/1316 441/1321/1319
f 360/1320/1318 441/1321/1319 517/1322/1320
f 517/1322/1320 441/1321/1319 440/1323/1321
f 517/1322/1320 440/1323/1321 439/1324/1322
f 439/1324/1322 438/1325/1323 517/1322/1320
f 517/1322/1320 438/1325/1323 437/1326/1324
f 517/1322/1320 437/1326/1324 463/1327/1325
f 463/1327/1325 437/1326/1324 436/1328/1326
f 463/1327/1325 436/1328/1326 435/1329/1327
f 435/1329/1327 434/1330/1328 463/1327/1325
f 463/1327/1325 434/1330/1328 433/1331/1329
f 463/1327/1325 433/1331/1329 432/1332/1330
f 432/1332/1330 431/1333/1331 463/1327/1325
f 463/1327/1325 431/1333/1331 430/1334/1332
f 463/1327/1325 430/1334/1332 429/1335/1333
f 429/1335/1333 428/1336/1334 463/1327/1325
f 463/1327/1325 428/1336/1334 427/1337/1335
f 463/1327/1325 427/1337/1335 426/1338/1336
f 426/1338/1336 425/1339/1337 463/1327/1325
f 463/1327/1325 425/1339/1337 424/1340/1338
f 371/1341/1339 370/1342/1340 517/1322/1320
f 517/1322/1320 370/1342/1340 369/1343/1341
f 517/1322/1320 369/1343/1341 368/1344/1342
f 368/1344/1342 367/1345/1343 517/1322/1320
f 517/1322/1320 367/1345/1343 366/1346/1344
f 517/1322/1320 366/1346/1344 365/1347/1345
f 365/1347/1345 364/1348/1346 517/1322/1320
f 517/1322/1320 364/1348/1346 363/1349/1347
f 517/1322/1320 363/1349/1347 362/1350/1348
f 362/1350/1348 361/1351/1349 517/1322/1320
f 517/1322/1320 361/1351/1349 360/1320/1318
f 359/1319/1317 358/1352/1350 457/1144/1142
f 457/1144/1142 358/1352/1350 357/1353/1351
f 457/1144/1142 357/1353/1351 356/1142/1140
f 280/1354/1352 656/1355/1353 281/1356/1354
f 281/1356/1354 656/1355/1353 657/1357/1355
f 656/1358/1356 621/1359/1357 657/1360/1358
f 657/1360/1358 621/1359/1357 568/1361/1359
f 657/1360/1358 568/1361/1359 660/1362/1360
f 621/1359/1357 620/1363/1129 568/1361/1359
f 568/1361/1359 620/1363/1129 659/1364/1361
f 659/1364/1361 620/1363/1129 658/1365/1362
f 653/1366/1363 655/1367/1364 587/1368/1365
f 587/1368/1365 655/1367/1364 661/1369/1366
f 587/1368/1365 661/1369/1366 662/1370/1367
usemtl Ciliegio_3D_-_Senza_finitura
f 667/1371/1368 663/1372/1369 668/1373/1370
f 668/1373/1370 663/1372/1369 664/1374/1371
f 668/1373/1370 664/1374/1371 665/1375/1372
f 665/1375/1372 666/1376/1373 668/1373/1370
f 668/1373/1370 666/1376/1373 667/1371/1368
f 658/1377/1374 620/1378/1375 670/1379/1376
f 670/1379/1376 620/1378/1375 669/1380/1377
usemtl Rivestimento_a_polvere_-_Ruvido_(nero)
f 686/1381/1378 671/1382/1379 603/1383/1380
f 603/1383/1380 671/1382/1379 672/1384/1381
f 603/1383/1380 672/1384/1381 669/1385/1382
f 620/1386/1383 608/1387/1384 669/1385/1382
f 669/1385/1382 608/1387/1384 607/1388/1385
f 669/1385/1382 607/1388/1385 606/1389/1386
f 620/1386/1383 619/1390/1387 608/1387/1384
f 608/1387/1384 619/1390/1387 609/1391/1388
f 609/1391/1388 619/1390/1387 618/1392/1389
f 609/1391/1388 618/1392/1389 610/1393/1390
f 610/1393/1390 618/1392/1389 617/1394/1391
f 610/1393/1390 617/1394/1391 611/1395/1392
f 611/1395/1392 617/1394/1391 616/1396/1393
f 611/1395/1392 616/1396/1393 612/1397/1394
f 612/1397/1394 616/1396/1393 615/1398/1395
f 612/1397/1394 615/1398/1395 613/1399/1396
f 613/1399/1396 615/1398/1395 614/1400/1397
f 606/1389/1386 605/1401/1398 669/1385/1382
f 669/1385/1382 605/1401/1398 604/1402/1399
f 669/1385/1382 604/1402/1399 603/1383/1380
f 602/1403/1400 677/1404/1401 603/1383/1380
f 603/1383/1380 677/1404/1401 678/1405/1402
f 603/1383/1380 678/1405/1402 679/1406/1403
f 601/1407/1404 675/1408/1405 602/1403/1400
f 602/1403/1400 675/1408/1405 676/1409/1406
f 602/1403/1400 676/1409/1406 677/1404/1401
f 675/1408/1405 601/1407/1404 674/1410/1407
f 674/1410/1407 601/1407/1404 600/1411/1408
f 674/1410/1407 600/1411/1408 599/1412/1409
f 599/1412/1409 598/1413/1410 674/1410/1407
f 674/1410/1407 598/1413/1410 673/1414/1411
f 673/1414/1411 598/1413/1410 597/1415/1412
f 673/1414/1411 597/1415/1412 596/1416/1413
f 596/1416/1413 595/1417/1414 673/1414/1411
f 673/1414/1411 595/1417/1414 594/1418/1415
f 673/1414/1411 594/1418/1415 593/1419/1416
f 593/1419/1416 592/1420/1417 673/1414/1411
f 673/1414/1411 592/1420/1417 591/1421/1418
f 673/1414/1411 591/1421/1418 590/1422/1419
f 590/1422/1419 589/1423/1420 673/1414/1411
f 673/1414/1411 589/1423/1420 588/1424/1421
f 679/1406/1403 680/1425/1422 603/1383/1380
f 603/1383/1380 680/1425/1422 667/1426/1423
f 603/1383/1380 667/1426/1423 666/1427/1424
f 666/1427/1424 681/1428/1425 603/1383/1380
f 603/1383/1380 681/1428/1425 682/1429/1426
f 603/1383/1380 682/1429/1426 683/1430/1427
f 683/1430/1427 684/1431/1428 603/1383/1380
f 603/1383/1380 684/1431/1428 685/1432/1429
f 603/1383/1380 685/1432/1429 686/1381/1378
f 674/1433/1430 673/1434/1431 585/1435/1432
f 585/1435/1432 673/1434/1431 586/1436/1433
f 588/1437/1434 653/1438/1435 673/1439/1436
f 673/1439/1436 653/1438/1435 586/1440/1437
f 586/1440/1437 653/1438/1435 587/1441/1438
f 688/1442/1439 663/1443/1440 689/1444/1441
f 689/1444/1441 663/1443/1440 667/1445/1442
f 689/1444/1441 667/1445/1442 578/1446/1443
f 578/1446/1443 667/1445/1442 579/1447/1444
f 579/1447/1444 667/1445/1442 680/1448/1445
f 579/1447/1444 680/1448/1445 580/1449/1446
f 580/1449/1446 680/1448/1445 679/1450/1447
f 580/1449/1446 679/1450/1447 581/1451/1448
f 581/1451/1448 679/1450/1447 678/1452/1449
f 581/1451/1448 678/1452/1449 582/1453/1450
f 582/1453/1450 678/1452/1449 677/1454/1451
f 582/1453/1450 677/1454/1451 583/1455/1452
f 583/1455/1452 677/1454/1451 676/1456/1453
f 583/1455/1452 676/1456/1453 584/1457/1454
f 584/1457/1454 676/1456/1453 675/1458/1455
f 584/1457/1454 675/1458/1455 585/1459/1456
f 585/1459/1456 675/1458/1455 674/1460/1457
f 689/1444/1441 578/1446/1443 690/1461/1458
f 690/1461/1458 578/1446/1443 577/1462/1459
f 690/1461/1458 577/1462/1459 666/1463/1460
f 666/1463/1460 577/1462/1459 576/1464/1461
f 666/1463/1460 576/1464/1461 681/1465/1462
f 681/1465/1462 576/1464/1461 575/1466/1463
f 681/1465/1462 575/1466/1463 682/1467/1464
f 682/1467/1464 575/1466/1463 574/1468/1465
f 682/1467/1464 574/1468/1465 683/1469/1466
f 683/1469/1466 574/1468/1465 573/1470/1467
f 683/1469/1466 573/1470/1467 684/1471/1468
f 684/1471/1468 573/1470/1467 572/1472/1469
f 684/1471/1468 572/1472/1469 685/1473/1470
f 685/1473/1470 572/1472/1469 571/1474/1471
f 685/1473/1470 571/1474/1471 686/1475/1472
f 686/1475/1472 571/1474/1471 570/1476/1473
f 686/1475/1472 570/1476/1473 671/1477/1474
f 666/1463/1460 665/1478/1475 690/1461/1458
f 690/1461/1458 665/1478/1475 687/1479/1476
f 690/1461/1458 687/1479/1476 689/1444/1441
f 689/1444/1441 687/1479/1476 688/1442/1439
f 670/1480/1477 669/1481/1478 659/1482/1479
f 659/1482/1479 669/1481/1478 568/1483/1480
f 568/1483/1480 669/1481/1478 569/1484/1481
f 569/1484/1481 669/1481/1478 672/1485/1482
usemtl Ciliegio_3D_-_Senza_finitura
f 563/1486/1483 587/1487/1484 691/1488/1485
f 691/1488/1485 587/1487/1484 662/1489/1486
usemtl Rivestimento_a_polvere_-_Ruvido_(verde)
f 544/1490/1487 563/1491/1488 654/1492/1489
f 654/1492/1489 563/1491/1488 692/1493/1490
f 692/1493/1490 563/1491/1488 691/1494/1491
f 655/1495/1492 654/1496/1493 661/1497/1494
f 661/1497/1494 654/1496/1493 692/1498/1495
f 661/1499/1496 692/1500/1497 662/1501/1498
f 662/1501/1498 692/1500/1497 691/1502/1499
usemtl Ciliegio_3D_-_Senza_finitura
f 568/1503/1500 567/1504/1501 660/1505/1502
f 660/1505/1502 567/1504/1501 693/1506/1503
f 567/1507/1504 566/1508/1505 693/1509/1506
f 693/1509/1506 566/1508/1505 694/1510/1507
f 566/1511/1508 343/1512/1509 694/1513/1510
f 694/1513/1510 343/1512/1509 344/1514/1511
usemtl Rivestimento_a_polvere_-_Ruvido_(verde)
f 693/1515/1512 694/1516/1513 657/1517/1514
f 657/1517/1514 694/1516/1513 344/1518/1515
f 657/1517/1514 344/1518/1515 281/1519/1516
f 281/1519/1516 344/1518/1515 342/1520/1517
f 281/1519/1516 342/1520/1517 340/1521/1518
f 340/1521/1518 282/1522/1519 281/1519/1516
f 657/1517/1514 660/1523/1520 693/1515/1512
usemtl Rivestimento_a_polvere_-_Ruvido_(nero)
f 672/1524/1521 671/1525/1522 569/1526/1523
f 569/1526/1523 671/1525/1522 570/1527/1524
usemtl Ciliegio_3D_-_Senza_finitura
f 695/1528/1525 345/1529/1526 565/1530/1527
f 565/1530/1527 345/1529/1526 350/1531/1528
f 695/1532/1529 564/1533/1530 696/1534/1531
f 696/1534/1531 564/1533/1530 524/1535/1532
f 696/1534/1531 524/1535/1532 523/1536/1533
f 695/1532/1529 565/1537/1534 564/1533/1530
f 285/1538/1535 290/1539/1536 296/1540/1537
f 296/1540/1537 290/1539/1536 345/1541/1538
f 296/1540/1537 345/1541/1538 284/1542/1539
f 284/1542/1539 345/1541/1538 659/1543/1540
f 284/1542/1539 659/1543/1540 658/1544/1541
f 284/1542/1539 658/1544/1541 285/1538/1535
f 285/1538/1535 658/1544/1541 696/1545/1542
f 285/1538/1535 696/1545/1542 346/1546/1543
f 346/1546/1543 696/1545/1542 108/1547/1544
f 346/1546/1543 108/1547/1544 117/1548/1545
f 117/1548/1545 108/1547/1544 118/1549/1546
f 118/1549/1546 108/1547/1544 119/1550/1547
f 119/1550/1547 108/1547/1544 124/1551/1548
f 119/1550/1547 124/1551/1548 347/1552/1549
f 347/1552/1549 124/1551/1548 109/1553/1550
f 347/1552/1549 109/1553/1550 461/1554/1551
f 461/1554/1551 109/1553/1550 462/1555/1552
f 462/1555/1552 109/1553/1550 108/1547/1544
f 462/1555/1552 108/1547/1544 696/1545/1542
f 290/1539/1536 317/1556/1553 345/1541/1538
f 345/1541/1538 317/1556/1553 316/1557/1554
f 345/1541/1538 316/1557/1554 292/1558/1555
f 291/1559/1556 285/1538/1535 292/1558/1555
f 292/1558/1555 285/1538/1535 346/1546/1543
f 292/1558/1555 346/1546/1543 345/1541/1538
f 291/1559/1556 290/1539/1536 285/1538/1535
f 346/1546/1543 117/1548/1545 347/1552/1549
f 347/1552/1549 117/1548/1545 159/1560/1557
f 347/1552/1549 159/1560/1557 158/1561/1558
f 158/1561/1558 119/1550/1547 347/1552/1549
f 494/1562/1559 523/1563/1560 467/1564/1561
f 467/1564/1561 523/1563/1560 473/1565/1562
f 467/1564/1561 473/1565/1562 462/1555/1552
f 494/1562/1559 493/1566/1563 523/1563/1560
f 523/1563/1560 493/1566/1563 469/1567/1564
f 523/1563/1560 469/1567/1564 696/1545/1542
f 696/1545/1542 469/1567/1564 462/1555/1552
f 469/1567/1564 468/1568/1565 462/1555/1552
f 462/1555/1552 468/1568/1565 467/1564/1561
f 347/1552/1549 461/1554/1551 523/1563/1560
f 523/1563/1560 461/1554/1551 473/1565/1562
f 345/1541/1538 695/1569/1566 659/1543/1540
f 659/1543/1540 695/1569/1566 670/1570/1567
f 670/1570/1567 695/1569/1566 665/1571/1568
f 670/1570/1567 665/1571/1568 658/1544/1541
f 658/1544/1541 665/1571/1568 664/1572/1569
f 658/1544/1541 664/1572/1569 663/1573/1570
f 696/1545/1542 663/1573/1570 695/1569/1566
f 695/1569/1566 663/1573/1570 688/1574/1571
f 695/1569/1566 688/1574/1571 687/1575/1572
f 687/1575/1572 665/1571/1568 695/1569/1566
f 663/1573/1570 696/1545/1542 658/1544/1541
# 696 vertices
# 1575 texture params
# 1572 normals
# 1420 facets

# 1 groups
