# WaveFront *.obj file (generated by Autodesk ATF)

mtllib piano_verde.mtl

g Corpo53

v 0.000036 -112.500050 60.000000
v 0.000036 -112.500050 0.000000
v 0.981733 -112.530170 0.000000
v 1.961064 -112.620464 0.000000
v 2.935668 -112.770716 0.000000
v 3.903198 -112.980563 0.000000
v 4.861322 -113.249500 0.000000
v 5.807730 -113.576879 0.000000
v 6.740142 -113.961910 0.000000
v 7.656311 -114.403666 0.000000
v 8.554029 -114.901082 0.000000
v 9.431132 -115.452959 0.000000
v 10.285507 -116.057967 0.000000
v 11.115095 -116.714650 0.000000
v 12.691978 -118.176583 0.000000
v 14.146588 -119.824676 0.000000
v 15.464912 -121.643049 0.000000
v 16.634250 -123.614187 0.000000
v 17.643337 -125.719099 0.000000
v 18.482451 -127.937506 0.000000
v 19.143509 -130.248037 0.000000
v 19.620141 -132.628434 0.000000
v 19.907757 -135.055763 0.000000
v 20.003586 -137.506641 0.000000
v 20.003586 -137.506641 60.000000
v 19.907757 -135.055763 60.000000
v 19.620141 -132.628434 60.000000
v 19.143509 -130.248037 60.000000
v 18.482451 -127.937506 60.000000
v 17.643337 -125.719099 60.000000
v 16.634250 -123.614187 60.000000
v 15.464912 -121.643049 60.000000
v 14.146588 -119.824676 60.000000
v 12.691978 -118.176583 60.000000
v 11.115095 -116.714650 60.000000
v 10.285507 -116.057967 60.000000
v 9.431132 -115.452959 60.000000
v 8.554029 -114.901082 60.000000
v 7.656311 -114.403666 60.000000
v 6.740142 -113.961910 60.000000
v 5.807730 -113.576879 60.000000
v 4.861322 -113.249500 60.000000
v 3.903198 -112.980563 60.000000
v 2.935668 -112.770716 60.000000
v 1.961064 -112.620464 60.000000
v 0.981733 -112.530170 60.000000
v 16.748198 -123.829799 30.000000
v 1.652200 -112.585460 30.000000
v 3.293074 -112.841119 30.000000
v 4.911445 -113.265280 30.000000
v 6.496254 -113.855046 30.000000
v 8.036672 -114.606386 30.000000
v 9.522173 -115.514166 30.000000
v 10.942605 -116.572183 30.000000
v 12.288263 -117.773207 30.000000
v 13.549951 -119.109032 30.000000
v 14.719047 -120.570528 30.000000
v 15.787563 -122.147710 30.000000
v 17.594386 -125.605302 30.000000
v 18.320346 -127.462086 30.000000
v 18.921118 -129.387463 30.000000
v 19.392595 -131.368276 30.000000
v 19.731555 -133.390990 30.000000
v 19.935684 -135.441783 30.000000
v 31.912267 -128.512230 0.000000
v 31.912267 -128.512230 60.000000
v 237.408911 -105.783912 0.000000
v 227.957683 -95.190919 0.000000
v 227.957683 -95.190919 60.000000
v 237.408911 -105.783912 60.000000
v 205.756282 -137.618398 0.000000
v 204.710818 -136.529575 0.000000
v 203.831654 -135.287065 0.000000
v 203.127664 -133.903409 0.000000
v 202.605955 -132.392574 0.000000
v 202.271792 -130.769811 0.000000
v 202.128548 -129.051498 0.000000
v 202.177670 -127.254981 0.000000
v 202.418661 -125.398393 0.000000
v 202.849089 -123.500475 0.000000
v 203.464609 -121.580384 0.000000
v 204.259009 -119.657502 0.000000
v 205.224269 -117.751237 0.000000
v 206.350647 -115.880832 0.000000
v 207.626772 -114.065166 0.000000
v 209.039764 -112.322566 0.000000
v 210.575360 -110.670623 0.000000
v 212.218060 -109.126010 0.000000
v 213.951283 -107.704318 0.000000
v 215.757533 -106.419899 0.000000
v 217.618579 -105.285717 0.000000
v 219.515635 -104.313221 0.000000
v 221.429552 -103.512225 0.000000
v 223.341012 -102.890817 0.000000
v 225.230721 -102.455268 0.000000
v 227.079604 -102.209975 0.000000
v 228.868998 -102.157413 0.000000
v 230.580841 -102.298114 0.000000
v 232.197855 -102.630656 0.000000
v 233.703718 -103.151684 0.000000
v 235.083228 -103.855938 0.000000
v 236.322462 -104.736309 0.000000
v 236.322462 -104.736309 60.000000
v 235.083228 -103.855938 60.000000
v 233.703718 -103.151684 60.000000
v 232.197855 -102.630656 60.000000
v 230.580841 -102.298114 60.000000
v 228.868998 -102.157413 60.000000
v 227.079604 -102.209975 60.000000
v 225.230721 -102.455268 60.000000
v 223.341012 -102.890817 60.000000
v 221.429552 -103.512225 60.000000
v 219.515635 -104.313221 60.000000
v 217.618579 -105.285717 60.000000
v 215.757533 -106.419899 60.000000
v 213.951283 -107.704318 60.000000
v 212.218060 -109.126010 60.000000
v 210.575360 -110.670623 60.000000
v 209.039764 -112.322566 60.000000
v 207.626772 -114.065166 60.000000
v 206.350647 -115.880832 60.000000
v 205.224269 -117.751237 60.000000
v 204.259009 -119.657502 60.000000
v 203.464609 -121.580384 60.000000
v 202.849089 -123.500475 60.000000
v 202.418661 -125.398393 60.000000
v 202.177670 -127.254981 60.000000
v 202.128548 -129.051498 60.000000
v 202.271792 -130.769811 60.000000
v 202.605955 -132.392574 60.000000
v 203.127664 -133.903409 60.000000
v 203.831654 -135.287065 60.000000
v 204.710818 -136.529575 60.000000
v 205.756282 -137.618398 60.000000
v 232.036856 -102.587803 30.000000
v 221.724267 -103.404757 30.000000
v 215.522511 -106.576431 30.000000
v 206.506140 -115.644604 30.000000
v 203.358094 -121.876451 30.000000
v 202.562978 -132.231020 30.000000
v 204.886504 -136.736661 30.000000
v 204.127522 -135.750019 30.000000
v 203.484496 -134.665180 30.000000
v 202.961797 -133.489516 30.000000
v 202.290750 -130.898246 30.000000
v 202.146963 -129.500254 30.000000
v 202.132594 -128.046546 30.000000
v 202.247743 -126.547005 30.000000
v 202.491624 -125.011823 30.000000
v 202.862582 -123.451436 30.000000
v 203.974792 -120.297573 30.000000
v 204.708484 -118.725535 30.000000
v 205.554183 -117.171023 30.000000
v 207.557884 -114.156653 30.000000
v 208.702266 -112.717285 30.000000
v 209.931507 -111.336285 30.000000
v 211.237252 -110.023038 30.000000
v 212.610623 -108.786473 30.000000
v 214.042287 -107.634995 30.000000
v 217.041233 -105.617976 30.000000
v 218.588129 -104.766146 30.000000
v 220.152686 -104.026731 30.000000
v 223.292190 -102.904452 30.000000
v 224.845797 -102.529217 30.000000
v 226.374527 -102.281603 30.000000
v 227.867989 -102.163292 30.000000
v 229.316030 -102.175089 30.000000
v 230.708808 -102.316914 30.000000
v 233.291145 -102.985914 30.000000
v 234.463150 -103.508541 30.000000
v 235.544904 -104.152131 30.000000
v 236.529055 -104.912311 30.000000
v 195.593013 -128.512230 0.000000
v 195.593013 -128.512230 60.000000
v -20.003586 -137.506641 0.000000
v -19.907757 -135.055758 0.000000
v -19.620140 -132.628423 0.000000
v -19.143505 -130.248021 0.000000
v -18.482444 -127.937485 0.000000
v -17.643326 -125.719074 0.000000
v -16.634235 -123.614159 0.000000
v -15.464892 -121.643019 0.000000
v -14.146562 -119.824644 0.000000
v -12.691946 -118.176551 0.000000
v -11.115058 -116.714618 0.000000
v -10.285467 -116.057937 0.000000
v -9.431089 -115.452930 0.000000
v -8.553982 -114.901054 0.000000
v -7.656261 -114.403640 0.000000
v -6.740089 -113.961886 0.000000
v -5.807674 -113.576858 0.000000
v -4.861263 -113.249482 0.000000
v -3.903137 -112.980548 0.000000
v -2.935604 -112.770704 0.000000
v -1.960997 -112.620456 0.000000
v -0.981663 -112.530165 0.000000
v -0.981663 -112.530165 60.000000
v -1.960997 -112.620456 60.000000
v -2.935604 -112.770704 60.000000
v -3.903137 -112.980548 60.000000
v -4.861263 -113.249482 60.000000
v -5.807674 -113.576858 60.000000
v -6.740089 -113.961886 60.000000
v -7.656261 -114.403640 60.000000
v -8.553982 -114.901054 60.000000
v -9.431089 -115.452930 60.000000
v -10.285467 -116.057937 60.000000
v -11.115058 -116.714618 60.000000
v -12.691946 -118.176551 60.000000
v -14.146562 -119.824644 60.000000
v -15.464892 -121.643019 60.000000
v -16.634235 -123.614159 60.000000
v -17.643326 -125.719074 60.000000
v -18.482444 -127.937485 60.000000
v -19.143505 -130.248021 60.000000
v -19.620140 -132.628423 60.000000
v -19.907757 -135.055758 60.000000
v -20.003586 -137.506641 60.000000
v -16.748183 -123.829771 30.000000
v -19.731554 -133.390980 30.000000
v -19.935684 -135.441778 30.000000
v -19.392592 -131.368262 30.000000
v -18.921113 -129.387445 30.000000
v -18.320339 -127.462064 30.000000
v -17.594375 -125.605277 30.000000
v -15.787545 -122.147680 30.000000
v -14.719024 -120.570497 30.000000
v -13.549923 -119.109000 30.000000
v -12.288230 -117.773175 30.000000
v -10.942567 -116.572152 30.000000
v -9.522130 -115.514137 30.000000
v -8.036624 -114.606359 30.000000
v -6.496201 -113.855023 30.000000
v -4.911386 -113.265262 30.000000
v -3.293011 -112.841105 30.000000
v -1.652132 -112.585453 30.000000
v -31.912267 -128.512230 0.000000
v -31.912267 -128.512230 60.000000
v -227.957683 -95.190919 0.000000
v -237.408911 -105.783912 0.000000
v -237.408911 -105.783912 60.000000
v -227.957683 -95.190919 60.000000
v -236.322462 -104.736309 0.000000
v -235.083228 -103.855938 0.000000
v -233.703718 -103.151684 0.000000
v -232.197855 -102.630656 0.000000
v -230.580841 -102.298114 0.000000
v -228.868998 -102.157413 0.000000
v -227.079604 -102.209975 0.000000
v -225.230721 -102.455268 0.000000
v -223.341012 -102.890817 0.000000
v -221.429552 -103.512225 0.000000
v -219.515635 -104.313221 0.000000
v -217.618579 -105.285717 0.000000
v -215.757533 -106.419899 0.000000
v -213.951283 -107.704318 0.000000
v -212.218060 -109.126010 0.000000
v -210.575360 -110.670623 0.000000
v -209.039764 -112.322566 0.000000
v -207.626772 -114.065166 0.000000
v -206.350647 -115.880832 0.000000
v -205.224269 -117.751237 0.000000
v -204.259009 -119.657502 0.000000
v -203.464609 -121.580384 0.000000
v -202.849089 -123.500475 0.000000
v -202.418661 -125.398393 0.000000
v -202.177670 -127.254981 0.000000
v -202.128548 -129.051498 0.000000
v -202.271792 -130.769811 0.000000
v -202.605955 -132.392574 0.000000
v -203.127664 -133.903409 0.000000
v -203.831654 -135.287065 0.000000
v -204.710818 -136.529575 0.000000
v -205.756282 -137.618398 0.000000
v -205.756282 -137.618398 60.000000
v -204.710818 -136.529575 60.000000
v -203.831654 -135.287065 60.000000
v -203.127664 -133.903409 60.000000
v -202.605955 -132.392574 60.000000
v -202.271792 -130.769811 60.000000
v -202.128548 -129.051498 60.000000
v -202.177670 -127.254981 60.000000
v -202.418661 -125.398393 60.000000
v -202.849089 -123.500475 60.000000
v -203.464609 -121.580384 60.000000
v -204.259009 -119.657502 60.000000
v -205.224269 -117.751237 60.000000
v -206.350647 -115.880832 60.000000
v -207.626772 -114.065166 60.000000
v -209.039764 -112.322566 60.000000
v -210.575360 -110.670623 60.000000
v -212.218060 -109.126010 60.000000
v -213.951283 -107.704318 60.000000
v -215.757533 -106.419899 60.000000
v -217.618579 -105.285717 60.000000
v -219.515635 -104.313221 60.000000
v -221.429552 -103.512225 60.000000
v -223.341012 -102.890817 60.000000
v -225.230721 -102.455268 60.000000
v -227.079604 -102.209975 60.000000
v -228.868998 -102.157413 60.000000
v -230.580841 -102.298114 60.000000
v -232.197855 -102.630656 60.000000
v -233.703718 -103.151684 60.000000
v -235.083228 -103.855938 60.000000
v -236.322462 -104.736309 60.000000
v -232.036856 -102.587803 30.000000
v -221.724267 -103.404757 30.000000
v -215.522511 -106.576431 30.000000
v -206.506140 -115.644604 30.000000
v -203.358094 -121.876451 30.000000
v -202.562978 -132.231020 30.000000
v -235.544904 -104.152131 30.000000
v -236.529055 -104.912311 30.000000
v -234.463150 -103.508541 30.000000
v -233.291145 -102.985914 30.000000
v -229.316030 -102.175089 30.000000
v -230.708808 -102.316914 30.000000
v -227.867989 -102.163292 30.000000
v -226.374527 -102.281603 30.000000
v -224.845797 -102.529217 30.000000
v -223.292190 -102.904452 30.000000
v -220.152686 -104.026731 30.000000
v -218.588129 -104.766146 30.000000
v -217.041233 -105.617976 30.000000
v -212.610623 -108.786473 30.000000
v -214.042287 -107.634995 30.000000
v -211.237252 -110.023038 30.000000
v -209.931507 -111.336285 30.000000
v -208.702266 -112.717285 30.000000
v -207.557884 -114.156653 30.000000
v -205.554183 -117.171023 30.000000
v -204.708484 -118.725535 30.000000
v -203.974792 -120.297573 30.000000
v -202.491624 -125.011823 30.000000
v -202.862582 -123.451436 30.000000
v -202.247743 -126.547005 30.000000
v -202.132594 -128.046546 30.000000
v -202.146963 -129.500254 30.000000
v -202.290750 -130.898246 30.000000
v -202.961797 -133.489516 30.000000
v -203.484496 -134.665180 30.000000
v -204.127522 -135.750019 30.000000
v -204.886504 -136.736661 30.000000
v -195.593013 -128.512230 0.000000
v -195.593013 -128.512230 60.000000
v 0.000036 112.500050 0.000000
v 0.000036 112.500050 60.000000
v 0.981733 112.530170 60.000000
v 1.961064 112.620464 60.000000
v 2.935668 112.770716 60.000000
v 3.903198 112.980563 60.000000
v 4.861322 113.249500 60.000000
v 5.807730 113.576879 60.000000
v 6.740142 113.961910 60.000000
v 7.656311 114.403666 60.000000
v 8.554029 114.901082 60.000000
v 9.431132 115.452959 60.000000
v 10.285507 116.057967 60.000000
v 11.115095 116.714650 60.000000
v 12.691978 118.176583 60.000000
v 14.146588 119.824676 60.000000
v 15.464912 121.643049 60.000000
v 16.634250 123.614187 60.000000
v 17.643337 125.719099 60.000000
v 18.482451 127.937506 60.000000
v 19.143509 130.248037 60.000000
v 19.620141 132.628434 60.000000
v 19.907757 135.055763 60.000000
v 20.003586 137.506641 60.000000
v 20.003586 137.506641 0.000000
v 19.907757 135.055763 0.000000
v 19.620141 132.628434 0.000000
v 19.143509 130.248037 0.000000
v 18.482451 127.937506 0.000000
v 17.643337 125.719099 0.000000
v 16.634250 123.614187 0.000000
v 15.464912 121.643049 0.000000
v 14.146588 119.824676 0.000000
v 12.691978 118.176583 0.000000
v 11.115095 116.714650 0.000000
v 10.285507 116.057967 0.000000
v 9.431132 115.452959 0.000000
v 8.554029 114.901082 0.000000
v 7.656311 114.403666 0.000000
v 6.740142 113.961910 0.000000
v 5.807730 113.576879 0.000000
v 4.861322 113.249500 0.000000
v 3.903198 112.980563 0.000000
v 2.935668 112.770716 0.000000
v 1.961064 112.620464 0.000000
v 0.981733 112.530170 0.000000
v 16.748198 123.829799 30.000000
v 1.652200 112.585460 30.000000
v 3.293074 112.841119 30.000000
v 4.911445 113.265280 30.000000
v 6.496254 113.855046 30.000000
v 8.036672 114.606386 30.000000
v 9.522173 115.514166 30.000000
v 10.942605 116.572183 30.000000
v 12.288263 117.773207 30.000000
v 13.549951 119.109032 30.000000
v 14.719047 120.570528 30.000000
v 15.787563 122.147710 30.000000
v 17.594386 125.605302 30.000000
v 18.320346 127.462086 30.000000
v 18.921118 129.387463 30.000000
v 19.392595 131.368276 30.000000
v 19.731555 133.390990 30.000000
v 19.935684 135.441783 30.000000
v 31.912267 128.512230 0.000000
v 31.912267 128.512230 60.000000
v 227.957683 95.190919 0.000000
v 227.957683 95.190919 60.000000
v 237.408911 105.783912 0.000000
v 237.408911 105.783912 60.000000
v 236.322462 104.736309 0.000000
v 235.083228 103.855938 0.000000
v 233.703718 103.151684 0.000000
v 232.197855 102.630656 0.000000
v 230.580841 102.298114 0.000000
v 228.868998 102.157413 0.000000
v 227.079604 102.209975 0.000000
v 225.230721 102.455268 0.000000
v 223.341012 102.890817 0.000000
v 221.429552 103.512225 0.000000
v 219.515635 104.313221 0.000000
v 217.618579 105.285717 0.000000
v 215.757533 106.419899 0.000000
v 213.951283 107.704318 0.000000
v 212.218060 109.126010 0.000000
v 210.575360 110.670623 0.000000
v 209.039764 112.322566 0.000000
v 207.626772 114.065166 0.000000
v 206.350647 115.880832 0.000000
v 205.224269 117.751237 0.000000
v 204.259009 119.657502 0.000000
v 203.464609 121.580384 0.000000
v 202.849089 123.500475 0.000000
v 202.418661 125.398393 0.000000
v 202.177670 127.254981 0.000000
v 202.128548 129.051498 0.000000
v 202.271792 130.769811 0.000000
v 202.605955 132.392574 0.000000
v 203.127664 133.903409 0.000000
v 203.831654 135.287065 0.000000
v 204.710818 136.529575 0.000000
v 205.756282 137.618398 0.000000
v 205.756282 137.618398 60.000000
v 204.710818 136.529575 60.000000
v 203.831654 135.287065 60.000000
v 203.127664 133.903409 60.000000
v 202.605955 132.392574 60.000000
v 202.271792 130.769811 60.000000
v 202.128548 129.051498 60.000000
v 202.177670 127.254981 60.000000
v 202.418661 125.398393 60.000000
v 202.849089 123.500475 60.000000
v 203.464609 121.580384 60.000000
v 204.259009 119.657502 60.000000
v 205.224269 117.751237 60.000000
v 206.350647 115.880832 60.000000
v 207.626772 114.065166 60.000000
v 209.039764 112.322566 60.000000
v 210.575360 110.670623 60.000000
v 212.218060 109.126010 60.000000
v 213.951283 107.704318 60.000000
v 215.757533 106.419899 60.000000
v 217.618579 105.285717 60.000000
v 219.515635 104.313221 60.000000
v 221.429552 103.512225 60.000000
v 223.341012 102.890817 60.000000
v 225.230721 102.455268 60.000000
v 227.079604 102.209975 60.000000
v 228.868998 102.157413 60.000000
v 230.580841 102.298114 60.000000
v 232.197855 102.630656 60.000000
v 233.703718 103.151684 60.000000
v 235.083228 103.855938 60.000000
v 236.322462 104.736309 60.000000
v 232.036856 102.587803 30.000000
v 221.724267 103.404757 30.000000
v 215.522511 106.576431 30.000000
v 206.506140 115.644604 30.000000
v 203.358094 121.876451 30.000000
v 202.562978 132.231020 30.000000
v 235.544904 104.152131 30.000000
v 236.529055 104.912311 30.000000
v 234.463150 103.508541 30.000000
v 233.291145 102.985914 30.000000
v 229.316030 102.175089 30.000000
v 230.708808 102.316914 30.000000
v 227.867989 102.163292 30.000000
v 226.374527 102.281603 30.000000
v 224.845797 102.529217 30.000000
v 223.292190 102.904452 30.000000
v 220.152686 104.026731 30.000000
v 218.588129 104.766146 30.000000
v 217.041233 105.617976 30.000000
v 212.610623 108.786473 30.000000
v 214.042287 107.634995 30.000000
v 211.237252 110.023038 30.000000
v 209.931507 111.336285 30.000000
v 208.702266 112.717285 30.000000
v 207.557884 114.156653 30.000000
v 205.554183 117.171023 30.000000
v 204.708484 118.725535 30.000000
v 203.974792 120.297573 30.000000
v 202.491624 125.011823 30.000000
v 202.862582 123.451436 30.000000
v 202.247743 126.547005 30.000000
v 202.132594 128.046546 30.000000
v 202.146963 129.500254 30.000000
v 202.290750 130.898246 30.000000
v 202.961797 133.489516 30.000000
v 203.484496 134.665180 30.000000
v 204.127522 135.750019 30.000000
v 204.886504 136.736661 30.000000
v 195.593013 128.512230 0.000000
v 195.593013 128.512230 60.000000
v -0.981663 112.530165 0.000000
v -1.960997 112.620456 0.000000
v -2.935604 112.770704 0.000000
v -3.903137 112.980548 0.000000
v -4.861263 113.249482 0.000000
v -5.807674 113.576858 0.000000
v -6.740089 113.961886 0.000000
v -7.656261 114.403640 0.000000
v -8.553982 114.901054 0.000000
v -9.431089 115.452930 0.000000
v -10.285467 116.057937 0.000000
v -11.115058 116.714618 0.000000
v -12.691946 118.176551 0.000000
v -14.146562 119.824644 0.000000
v -15.464892 121.643019 0.000000
v -16.634235 123.614159 0.000000
v -17.643326 125.719074 0.000000
v -18.482444 127.937485 0.000000
v -19.143505 130.248021 0.000000
v -19.620140 132.628423 0.000000
v -19.907757 135.055758 0.000000
v -20.003586 137.506641 0.000000
v -20.003586 137.506641 60.000000
v -19.907757 135.055758 60.000000
v -19.620140 132.628423 60.000000
v -19.143505 130.248021 60.000000
v -18.482444 127.937485 60.000000
v -17.643326 125.719074 60.000000
v -16.634235 123.614159 60.000000
v -15.464892 121.643019 60.000000
v -14.146562 119.824644 60.000000
v -12.691946 118.176551 60.000000
v -11.115058 116.714618 60.000000
v -10.285467 116.057937 60.000000
v -9.431089 115.452930 60.000000
v -8.553982 114.901054 60.000000
v -7.656261 114.403640 60.000000
v -6.740089 113.961886 60.000000
v -5.807674 113.576858 60.000000
v -4.861263 113.249482 60.000000
v -3.903137 112.980548 60.000000
v -2.935604 112.770704 60.000000
v -1.960997 112.620456 60.000000
v -0.981663 112.530165 60.000000
v -16.748183 123.829771 30.000000
v -1.652132 112.585453 30.000000
v -3.293011 112.841105 30.000000
v -4.911386 113.265262 30.000000
v -6.496201 113.855023 30.000000
v -8.036624 114.606359 30.000000
v -9.522130 115.514137 30.000000
v -10.942567 116.572152 30.000000
v -12.288230 117.773175 30.000000
v -13.549923 119.109000 30.000000
v -14.719024 120.570497 30.000000
v -15.787545 122.147680 30.000000
v -17.594375 125.605277 30.000000
v -18.320339 127.462064 30.000000
v -18.921113 129.387445 30.000000
v -19.392592 131.368262 30.000000
v -19.731554 133.390980 30.000000
v -19.935684 135.441778 30.000000
v -227.957683 95.190919 0.000000
v -237.408911 105.783912 0.000000
v -236.322462 104.736309 0.000000
v -235.083228 103.855938 0.000000
v -233.703718 103.151684 0.000000
v -232.197855 102.630656 0.000000
v -230.580841 102.298114 0.000000
v -228.868998 102.157413 0.000000
v -227.079604 102.209975 0.000000
v -225.230721 102.455268 0.000000
v -223.341012 102.890817 0.000000
v -221.429552 103.512225 0.000000
v -219.515635 104.313221 0.000000
v -217.618579 105.285717 0.000000
v -215.757533 106.419899 0.000000
v -213.951283 107.704318 0.000000
v -212.218060 109.126010 0.000000
v -210.575360 110.670623 0.000000
v -209.039764 112.322566 0.000000
v -207.626772 114.065166 0.000000
v -206.350647 115.880832 0.000000
v -205.224269 117.751237 0.000000
v -204.259009 119.657502 0.000000
v -203.464609 121.580384 0.000000
v -202.849089 123.500475 0.000000
v -202.418661 125.398393 0.000000
v -202.177670 127.254981 0.000000
v -202.128548 129.051498 0.000000
v -202.271792 130.769811 0.000000
v -202.605955 132.392574 0.000000
v -203.127664 133.903409 0.000000
v -203.831654 135.287065 0.000000
v -204.710818 136.529575 0.000000
v -205.756282 137.618398 0.000000
v -195.593013 128.512230 0.000000
v -31.912267 128.512230 0.000000
v -31.912267 128.512230 60.000000
v -227.957683 95.190919 60.000000
v -237.408911 105.783912 60.000000
v -236.322462 104.736309 60.000000
v -235.083228 103.855938 60.000000
v -233.703718 103.151684 60.000000
v -232.197855 102.630656 60.000000
v -230.580841 102.298114 60.000000
v -228.868998 102.157413 60.000000
v -227.079604 102.209975 60.000000
v -225.230721 102.455268 60.000000
v -223.341012 102.890817 60.000000
v -221.429552 103.512225 60.000000
v -219.515635 104.313221 60.000000
v -217.618579 105.285717 60.000000
v -215.757533 106.419899 60.000000
v -213.951283 107.704318 60.000000
v -212.218060 109.126010 60.000000
v -210.575360 110.670623 60.000000
v -209.039764 112.322566 60.000000
v -207.626772 114.065166 60.000000
v -206.350647 115.880832 60.000000
v -205.224269 117.751237 60.000000
v -204.259009 119.657502 60.000000
v -203.464609 121.580384 60.000000
v -202.849089 123.500475 60.000000
v -202.418661 125.398393 60.000000
v -202.177670 127.254981 60.000000
v -202.128548 129.051498 60.000000
v -202.271792 130.769811 60.000000
v -202.605955 132.392574 60.000000
v -203.127664 133.903409 60.000000
v -203.831654 135.287065 60.000000
v -204.710818 136.529575 60.000000
v -205.756282 137.618398 60.000000
v -232.036856 102.587803 30.000000
v -221.724267 103.404757 30.000000
v -215.522511 106.576431 30.000000
v -206.506140 115.644604 30.000000
v -203.358094 121.876451 30.000000
v -202.562978 132.231020 30.000000
v -204.886504 136.736661 30.000000
v -204.127522 135.750019 30.000000
v -203.484496 134.665180 30.000000
v -202.961797 133.489516 30.000000
v -202.290750 130.898246 30.000000
v -202.146963 129.500254 30.000000
v -202.132594 128.046546 30.000000
v -202.247743 126.547005 30.000000
v -202.491624 125.011823 30.000000
v -202.862582 123.451436 30.000000
v -203.974792 120.297573 30.000000
v -204.708484 118.725535 30.000000
v -205.554183 117.171023 30.000000
v -207.557884 114.156653 30.000000
v -208.702266 112.717285 30.000000
v -209.931507 111.336285 30.000000
v -211.237252 110.023038 30.000000
v -212.610623 108.786473 30.000000
v -214.042287 107.634995 30.000000
v -217.041233 105.617976 30.000000
v -218.588129 104.766146 30.000000
v -220.152686 104.026731 30.000000
v -223.292190 102.904452 30.000000
v -224.845797 102.529217 30.000000
v -226.374527 102.281603 30.000000
v -227.867989 102.163292 30.000000
v -229.316030 102.175089 30.000000
v -230.708808 102.316914 30.000000
v -233.291145 102.985914 30.000000
v -234.463150 103.508541 30.000000
v -235.544904 104.152131 30.000000
v -236.529055 104.912311 30.000000
v -195.593013 128.512230 60.000000
vt 6.000000 0.000039 0.000000
vt 0.000000 0.000039 0.000000
vt 6.000000 -0.111116 0.000000
vt 3.000000 -0.187169 0.000000
vt 6.000000 -0.222271 0.000000
vt 6.000000 -0.333425 0.000000
vt 3.000000 -0.374377 0.000000
vt 6.000000 -0.444580 0.000000
vt 3.000000 -0.561585 0.000000
vt 6.000000 -0.555735 0.000000
vt 6.000000 -0.666889 0.000000
vt 3.000000 -0.748793 0.000000
vt 6.000000 -0.778044 0.000000
vt 6.000000 -0.889199 0.000000
vt 3.000000 -0.936001 0.000000
vt 6.000000 -1.000353 0.000000
vt 3.000000 -1.123208 0.000000
vt 6.000000 -1.111508 0.000000
vt 6.000000 -1.222663 0.000000
vt 3.000000 -1.310416 0.000000
vt 6.000000 -1.333817 0.000000
vt 3.000000 -1.497624 0.000000
vt 6.000000 -1.556127 0.000000
vt 3.000000 -1.684832 0.000000
vt 6.000000 -1.778436 0.000000
vt 3.000000 -1.872040 0.000000
vt 6.000000 -2.000745 0.000000
vt 3.000000 -2.059248 0.000000
vt 6.000000 -2.223054 0.000000
vt 3.000000 -2.246455 0.000000
vt 6.000000 -2.445364 0.000000
vt 3.000000 -2.433663 0.000000
vt 3.000000 -2.620871 0.000000
vt -0.000000 -2.445364 0.000000
vt -0.000000 -2.667673 0.000000
vt -0.000000 -0.111116 0.000000
vt -0.000000 -0.222271 0.000000
vt 0.000000 -0.333425 0.000000
vt -0.000000 -0.444580 0.000000
vt -0.000000 -0.555735 0.000000
vt 0.000000 -0.666889 0.000000
vt -0.000000 -0.778044 0.000000
vt -0.000000 -0.889199 0.000000
vt 0.000000 -1.000353 0.000000
vt 0.000000 -1.111508 0.000000
vt -0.000000 -1.222663 0.000000
vt 0.000000 -1.333817 0.000000
vt -0.000000 -1.556127 0.000000
vt -0.000000 -1.778436 0.000000
vt -0.000000 -2.000745 0.000000
vt -0.000000 -2.223054 0.000000
vt 3.000000 -2.808079 0.000000
vt 0.000000 -2.889982 0.000000
vt 3.000000 -2.995287 0.000000
vt 0.000000 -3.112292 0.000000
vt 3.000000 -3.182495 0.000000
vt 0.000000 -3.334601 0.000000
vt 3.000000 -3.369702 0.000000
vt -0.000000 -3.556910 0.000000
vt 6.000000 -3.556910 0.000000
vt 6.000000 -3.334601 0.000000
vt 6.000000 -3.112292 0.000000
vt 6.000000 -2.889982 0.000000
vt 6.000000 -2.667673 0.000000
vt 0.000000 0.000000 0.000000
vt 1.492368 0.000000 0.000000
vt 0.000000 6.000000 0.000000
vt 1.492368 6.000000 0.000000
vt -0.000000 0.000000 0.000000
vt 1.419638 0.000000 0.000000
vt -0.000000 6.000000 0.000000
vt 1.419638 6.000000 0.000000
vt 6.000000 0.073297 0.000000
vt 0.000000 0.073297 0.000000
vt 3.000000 -0.111947 0.000000
vt -0.000000 -0.152469 0.000000
vt 3.000000 -0.297191 0.000000
vt 0.000000 -0.378235 0.000000
vt 3.000000 -0.482435 0.000000
vt 0.000000 -0.604001 0.000000
vt 3.000000 -0.667679 0.000000
vt 0.000000 -0.829767 0.000000
vt 3.000000 -0.852923 0.000000
vt 0.000000 -1.055533 0.000000
vt 3.000000 -1.038166 0.000000
vt 3.000000 -1.223410 0.000000
vt 6.000000 -1.055533 0.000000
vt 6.000000 -1.281299 0.000000
vt 3.000000 -1.408654 0.000000
vt 6.000000 -1.507065 0.000000
vt 3.000000 -1.593898 0.000000
vt 6.000000 -1.732831 0.000000
vt 3.000000 -1.779142 0.000000
vt 6.000000 -1.958597 0.000000
vt 3.000000 -1.964386 0.000000
vt 3.000000 -2.149630 0.000000
vt -0.000000 -1.958597 0.000000
vt 0.000000 -2.184363 0.000000
vt 0.000000 -1.281299 0.000000
vt 0.000000 -1.507065 0.000000
vt -0.000000 -1.732831 0.000000
vt 3.000000 -2.334874 0.000000
vt -0.000000 -2.410129 0.000000
vt 3.000000 -2.520117 0.000000
vt -0.000000 -2.635895 0.000000
vt 3.000000 -2.705361 0.000000
vt 0.000000 -2.861661 0.000000
vt 3.000000 -2.890605 0.000000
vt 0.000000 -3.087427 0.000000
vt 3.000000 -3.075849 0.000000
vt 3.000000 -3.261093 0.000000
vt 6.000000 -3.087427 0.000000
vt 6.000000 -3.313193 0.000000
vt 3.000000 -3.446337 0.000000
vt 6.000000 -3.538959 0.000000
vt 3.000000 -3.631581 0.000000
vt 6.000000 -3.764725 0.000000
vt 3.000000 -3.816825 0.000000
vt 6.000000 -3.990491 0.000000
vt 3.000000 -4.002068 0.000000
vt 3.000000 -4.187312 0.000000
vt -0.000000 -3.990491 0.000000
vt -0.000000 -4.216257 0.000000
vt 0.000000 -3.313193 0.000000
vt 0.000000 -3.538959 0.000000
vt -0.000000 -3.764725 0.000000
vt 3.000000 -4.372556 0.000000
vt -0.000000 -4.442023 0.000000
vt 3.000000 -4.557800 0.000000
vt -0.000000 -4.667789 0.000000
vt 3.000000 -4.743044 0.000000
vt -0.000000 -4.893555 0.000000
vt 3.000000 -4.928288 0.000000
vt -0.000000 -5.119321 0.000000
vt 3.000000 -5.113532 0.000000
vt 3.000000 -5.298776 0.000000
vt 6.000000 -5.119321 0.000000
vt 6.000000 -5.345087 0.000000
vt 3.000000 -5.484019 0.000000
vt 6.000000 -5.570853 0.000000
vt 3.000000 -5.669263 0.000000
vt 6.000000 -5.796619 0.000000
vt 3.000000 -5.854507 0.000000
vt 6.000000 -6.022384 0.000000
vt 3.000000 -6.039751 0.000000
vt 3.000000 -6.224995 0.000000
vt -0.000000 -6.022384 0.000000
vt 0.000000 -6.248150 0.000000
vt -0.000000 -5.345087 0.000000
vt 0.000000 -5.570853 0.000000
vt -0.000000 -5.796619 0.000000
vt 3.000000 -6.410239 0.000000
vt -0.000000 -6.473916 0.000000
vt 3.000000 -6.595483 0.000000
vt -0.000000 -6.699682 0.000000
vt 3.000000 -6.780727 0.000000
vt -0.000000 -6.925448 0.000000
vt 3.000000 -6.965970 0.000000
vt -0.000000 -7.151214 0.000000
vt 6.000000 -7.151214 0.000000
vt 6.000000 -6.925448 0.000000
vt 6.000000 -6.699682 0.000000
vt 6.000000 -6.473916 0.000000
vt 6.000000 -6.248150 0.000000
vt 6.000000 -4.893555 0.000000
vt 6.000000 -4.667789 0.000000
vt 6.000000 -4.442023 0.000000
vt 6.000000 -4.216257 0.000000
vt 6.000000 -2.861661 0.000000
vt 6.000000 -2.635895 0.000000
vt 6.000000 -2.410129 0.000000
vt 6.000000 -2.184363 0.000000
vt 6.000000 -0.829767 0.000000
vt 6.000000 -0.604001 0.000000
vt 6.000000 -0.378235 0.000000
vt 6.000000 -0.152469 0.000000
vt 0.000000 0.000000 0.000000
vt 1.364604 0.000000 0.000000
vt 0.000000 6.000000 0.000000
vt 1.364604 6.000000 0.000000
vt 0.000000 0.000000 0.000000
vt 16.368075 0.000000 0.000000
vt 0.000000 6.000000 0.000000
vt 16.368075 6.000000 0.000000
vt -6.000000 -3.556909 0.000000
vt 0.000000 -3.556909 0.000000
vt -3.000000 -3.369701 0.000000
vt -0.000000 -3.334599 0.000000
vt -3.000000 -3.182493 0.000000
vt -0.000000 -3.112289 0.000000
vt -3.000000 -2.995284 0.000000
vt -0.000000 -2.889980 0.000000
vt -3.000000 -2.808076 0.000000
vt 0.000000 -2.667670 0.000000
vt -3.000000 -2.620868 0.000000
vt 0.000000 -2.445360 0.000000
vt -3.000000 -2.433660 0.000000
vt -3.000000 -2.246452 0.000000
vt -6.000000 -2.445360 0.000000
vt -6.000000 -2.223051 0.000000
vt -3.000000 -2.059243 0.000000
vt -6.000000 -2.000741 0.000000
vt -3.000000 -1.872035 0.000000
vt -6.000000 -1.778431 0.000000
vt -3.000000 -1.684827 0.000000
vt -6.000000 -1.556121 0.000000
vt -3.000000 -1.497619 0.000000
vt -6.000000 -1.333812 0.000000
vt -3.000000 -1.310411 0.000000
vt -6.000000 -1.222657 0.000000
vt -3.000000 -1.123202 0.000000
vt -6.000000 -1.111502 0.000000
vt -6.000000 -1.000347 0.000000
vt -3.000000 -0.935994 0.000000
vt -6.000000 -0.889192 0.000000
vt -3.000000 -0.748786 0.000000
vt -6.000000 -0.778037 0.000000
vt -6.000000 -0.666882 0.000000
vt -3.000000 -0.561578 0.000000
vt -6.000000 -0.555728 0.000000
vt -6.000000 -0.444573 0.000000
vt -3.000000 -0.374370 0.000000
vt -6.000000 -0.333418 0.000000
vt -3.000000 -0.187161 0.000000
vt -6.000000 -0.222263 0.000000
vt -6.000000 -0.111108 0.000000
vt -6.000000 0.000047 0.000000
vt 0.000000 -0.111108 0.000000
vt -0.000000 0.000047 0.000000
vt -0.000000 -2.223051 0.000000
vt -0.000000 -2.000741 0.000000
vt 0.000000 -1.778431 0.000000
vt 0.000000 -1.556121 0.000000
vt -0.000000 -1.333812 0.000000
vt -0.000000 -1.222657 0.000000
vt -0.000000 -1.111502 0.000000
vt -0.000000 -1.000347 0.000000
vt 0.000000 -0.889192 0.000000
vt -0.000000 -0.778037 0.000000
vt 0.000000 -0.666882 0.000000
vt 0.000000 -0.555728 0.000000
vt -0.000000 -0.444573 0.000000
vt 0.000000 -0.333418 0.000000
vt -0.000000 -0.222263 0.000000
vt -6.000000 -2.667670 0.000000
vt -6.000000 -2.889980 0.000000
vt -6.000000 -3.112289 0.000000
vt -6.000000 -3.334599 0.000000
vt -1.492368 0.000000 0.000000
vt -0.000000 0.000000 0.000000
vt -1.492368 6.000000 0.000000
vt -0.000000 6.000000 0.000000
vt -1.419638 0.000000 0.000000
vt 0.000000 0.000000 0.000000
vt -1.419638 6.000000 0.000000
vt 0.000000 6.000000 0.000000
vt -6.000000 6.961993 0.000000
vt 0.000000 6.961993 0.000000
vt -3.000000 7.147237 0.000000
vt 0.000000 7.187759 0.000000
vt -3.000000 7.332481 0.000000
vt 0.000000 7.413525 0.000000
vt -3.000000 7.517725 0.000000
vt 0.000000 7.639291 0.000000
vt -3.000000 7.702969 0.000000
vt -0.000000 7.865057 0.000000
vt -3.000000 7.888212 0.000000
vt 0.000000 8.090823 0.000000
vt -3.000000 8.073456 0.000000
vt -3.000000 8.258700 0.000000
vt -6.000000 8.090823 0.000000
vt -6.000000 8.316589 0.000000
vt -3.000000 8.443944 0.000000
vt -6.000000 8.542355 0.000000
vt -3.000000 8.629188 0.000000
vt -6.000000 8.768121 0.000000
vt -3.000000 8.814432 0.000000
vt -6.000000 8.993887 0.000000
vt -3.000000 8.999676 0.000000
vt -3.000000 9.184920 0.000000
vt 0.000000 8.993887 0.000000
vt 0.000000 9.219653 0.000000
vt 0.000000 8.316589 0.000000
vt -0.000000 8.542355 0.000000
vt 0.000000 8.768121 0.000000
vt -3.000000 9.370163 0.000000
vt 0.000000 9.445419 0.000000
vt -3.000000 9.555407 0.000000
vt 0.000000 9.671185 0.000000
vt -3.000000 9.740651 0.000000
vt 0.000000 9.896951 0.000000
vt -3.000000 9.925895 0.000000
vt 0.000000 10.122717 0.000000
vt -3.000000 10.111139 0.000000
vt -3.000000 10.296383 0.000000
vt -6.000000 10.122717 0.000000
vt -6.000000 10.348483 0.000000
vt -3.000000 10.481627 0.000000
vt -6.000000 10.574249 0.000000
vt -3.000000 10.666871 0.000000
vt -6.000000 10.800015 0.000000
vt -3.000000 10.852114 0.000000
vt -6.000000 11.025781 0.000000
vt -3.000000 11.037358 0.000000
vt -3.000000 11.222602 0.000000
vt -0.000000 11.025781 0.000000
vt -0.000000 11.251547 0.000000
vt 0.000000 10.348483 0.000000
vt -0.000000 10.574249 0.000000
vt -0.000000 10.800015 0.000000
vt -3.000000 11.407846 0.000000
vt 0.000000 11.477313 0.000000
vt -3.000000 11.593090 0.000000
vt 0.000000 11.703079 0.000000
vt -3.000000 11.778334 0.000000
vt -0.000000 11.928844 0.000000
vt -3.000000 11.963578 0.000000
vt -0.000000 12.154610 0.000000
vt -3.000000 12.148822 0.000000
vt -3.000000 12.334065 0.000000
vt -6.000000 12.154610 0.000000
vt -6.000000 12.380376 0.000000
vt -3.000000 12.519309 0.000000
vt -6.000000 12.606142 0.000000
vt -3.000000 12.704553 0.000000
vt -6.000000 12.831908 0.000000
vt -3.000000 12.889797 0.000000
vt -6.000000 13.057674 0.000000
vt -3.000000 13.075041 0.000000
vt -3.000000 13.260285 0.000000
vt -0.000000 13.057674 0.000000
vt -0.000000 13.283440 0.000000
vt -0.000000 12.380376 0.000000
vt -0.000000 12.606142 0.000000
vt -0.000000 12.831908 0.000000
vt -3.000000 13.445529 0.000000
vt -0.000000 13.509206 0.000000
vt -3.000000 13.630773 0.000000
vt -0.000000 13.734972 0.000000
vt -3.000000 13.816016 0.000000
vt -0.000000 13.960738 0.000000
vt -3.000000 14.001260 0.000000
vt -0.000000 14.186504 0.000000
vt -6.000000 14.186504 0.000000
vt -6.000000 13.960738 0.000000
vt -6.000000 13.734972 0.000000
vt -6.000000 13.509206 0.000000
vt -6.000000 13.283440 0.000000
vt -6.000000 11.928844 0.000000
vt -6.000000 11.703079 0.000000
vt -6.000000 11.477313 0.000000
vt -6.000000 11.251547 0.000000
vt -6.000000 9.896951 0.000000
vt -6.000000 9.671185 0.000000
vt -6.000000 9.445419 0.000000
vt -6.000000 9.219653 0.000000
vt -6.000000 7.865057 0.000000
vt -6.000000 7.639291 0.000000
vt -6.000000 7.413525 0.000000
vt -6.000000 7.187759 0.000000
vt -1.364604 0.000000 0.000000
vt -0.000000 0.000000 0.000000
vt -1.364604 6.000000 0.000000
vt -0.000000 6.000000 0.000000
vt -16.368075 0.000000 0.000000
vt -0.000000 0.000000 0.000000
vt -16.368075 6.000000 0.000000
vt -0.000000 6.000000 0.000000
vt -0.000000 0.000039 0.000000
vt -6.000000 0.000039 0.000000
vt 0.000000 -0.111116 0.000000
vt -3.000000 -0.187169 0.000000
vt 0.000000 -0.222271 0.000000
vt -0.000000 -0.333425 0.000000
vt -3.000000 -0.374377 0.000000
vt 0.000000 -0.444580 0.000000
vt -3.000000 -0.561585 0.000000
vt 0.000000 -0.555735 0.000000
vt -0.000000 -0.666889 0.000000
vt -3.000000 -0.748793 0.000000
vt 0.000000 -0.778044 0.000000
vt 0.000000 -0.889199 0.000000
vt -3.000000 -0.936001 0.000000
vt -0.000000 -1.000353 0.000000
vt -3.000000 -1.123208 0.000000
vt -0.000000 -1.111508 0.000000
vt 0.000000 -1.222663 0.000000
vt -3.000000 -1.310416 0.000000
vt -0.000000 -1.333817 0.000000
vt -3.000000 -1.497624 0.000000
vt 0.000000 -1.556127 0.000000
vt -3.000000 -1.684832 0.000000
vt 0.000000 -1.778436 0.000000
vt -3.000000 -1.872040 0.000000
vt 0.000000 -2.000745 0.000000
vt -3.000000 -2.059248 0.000000
vt 0.000000 -2.223054 0.000000
vt -3.000000 -2.246455 0.000000
vt 0.000000 -2.445364 0.000000
vt -3.000000 -2.433663 0.000000
vt -3.000000 -2.620871 0.000000
vt -6.000000 -2.445364 0.000000
vt -6.000000 -2.667673 0.000000
vt -6.000000 -0.111116 0.000000
vt -6.000000 -0.222271 0.000000
vt -6.000000 -0.333425 0.000000
vt -6.000000 -0.444580 0.000000
vt -6.000000 -0.555735 0.000000
vt -6.000000 -0.666889 0.000000
vt -6.000000 -0.778044 0.000000
vt -6.000000 -0.889199 0.000000
vt -6.000000 -1.000353 0.000000
vt -6.000000 -1.111508 0.000000
vt -6.000000 -1.222663 0.000000
vt -6.000000 -1.333817 0.000000
vt -6.000000 -1.556127 0.000000
vt -6.000000 -1.778436 0.000000
vt -6.000000 -2.000745 0.000000
vt -6.000000 -2.223054 0.000000
vt -3.000000 -2.808079 0.000000
vt -6.000000 -2.889982 0.000000
vt -3.000000 -2.995287 0.000000
vt -6.000000 -3.112292 0.000000
vt -3.000000 -3.182495 0.000000
vt -6.000000 -3.334601 0.000000
vt -3.000000 -3.369702 0.000000
vt -6.000000 -3.556910 0.000000
vt 0.000000 -3.556910 0.000000
vt -0.000000 -3.334601 0.000000
vt -0.000000 -3.112292 0.000000
vt -0.000000 -2.889982 0.000000
vt 0.000000 -2.667673 0.000000
vt -1.492368 0.000000 0.000000
vt -0.000000 0.000000 0.000000
vt -1.492368 6.000000 0.000000
vt -0.000000 6.000000 0.000000
vt -19.038184 0.000000 0.000000
vt -0.000000 0.000000 0.000000
vt -19.038184 6.000000 0.000000
vt -0.000000 6.000000 0.000000
vt -1.419638 0.000000 0.000000
vt 0.000000 0.000000 0.000000
vt -1.419638 6.000000 0.000000
vt 0.000000 6.000000 0.000000
vt -6.000000 6.961993 0.000000
vt 0.000000 6.961993 0.000000
vt -3.000000 7.147237 0.000000
vt 0.000000 7.187759 0.000000
vt -3.000000 7.332481 0.000000
vt 0.000000 7.413525 0.000000
vt -3.000000 7.517725 0.000000
vt 0.000000 7.639291 0.000000
vt -3.000000 7.702969 0.000000
vt -0.000000 7.865057 0.000000
vt -3.000000 7.888212 0.000000
vt 0.000000 8.090823 0.000000
vt -3.000000 8.073456 0.000000
vt -3.000000 8.258700 0.000000
vt -6.000000 8.090823 0.000000
vt -6.000000 8.316589 0.000000
vt -3.000000 8.443944 0.000000
vt -6.000000 8.542355 0.000000
vt -3.000000 8.629188 0.000000
vt -6.000000 8.768121 0.000000
vt -3.000000 8.814432 0.000000
vt -6.000000 8.993887 0.000000
vt -3.000000 8.999676 0.000000
vt -3.000000 9.184920 0.000000
vt 0.000000 8.993887 0.000000
vt 0.000000 9.219653 0.000000
vt 0.000000 8.316589 0.000000
vt -0.000000 8.542355 0.000000
vt 0.000000 8.768121 0.000000
vt -3.000000 9.370163 0.000000
vt 0.000000 9.445419 0.000000
vt -3.000000 9.555407 0.000000
vt 0.000000 9.671185 0.000000
vt -3.000000 9.740651 0.000000
vt 0.000000 9.896951 0.000000
vt -3.000000 9.925895 0.000000
vt 0.000000 10.122717 0.000000
vt -3.000000 10.111139 0.000000
vt -3.000000 10.296383 0.000000
vt -6.000000 10.122717 0.000000
vt -6.000000 10.348483 0.000000
vt -3.000000 10.481627 0.000000
vt -6.000000 10.574249 0.000000
vt -3.000000 10.666871 0.000000
vt -6.000000 10.800015 0.000000
vt -3.000000 10.852114 0.000000
vt -6.000000 11.025781 0.000000
vt -3.000000 11.037358 0.000000
vt -3.000000 11.222602 0.000000
vt -0.000000 11.025781 0.000000
vt -0.000000 11.251547 0.000000
vt 0.000000 10.348483 0.000000
vt -0.000000 10.574249 0.000000
vt -0.000000 10.800015 0.000000
vt -3.000000 11.407846 0.000000
vt 0.000000 11.477313 0.000000
vt -3.000000 11.593090 0.000000
vt 0.000000 11.703079 0.000000
vt -3.000000 11.778334 0.000000
vt -0.000000 11.928844 0.000000
vt -3.000000 11.963578 0.000000
vt -0.000000 12.154610 0.000000
vt -3.000000 12.148822 0.000000
vt -3.000000 12.334065 0.000000
vt -6.000000 12.154610 0.000000
vt -6.000000 12.380376 0.000000
vt -3.000000 12.519309 0.000000
vt -6.000000 12.606142 0.000000
vt -3.000000 12.704553 0.000000
vt -6.000000 12.831908 0.000000
vt -3.000000 12.889797 0.000000
vt -6.000000 13.057674 0.000000
vt -3.000000 13.075041 0.000000
vt -3.000000 13.260285 0.000000
vt -0.000000 13.057674 0.000000
vt -0.000000 13.283440 0.000000
vt -0.000000 12.380376 0.000000
vt -0.000000 12.606142 0.000000
vt -0.000000 12.831908 0.000000
vt -3.000000 13.445529 0.000000
vt -0.000000 13.509206 0.000000
vt -3.000000 13.630773 0.000000
vt -0.000000 13.734972 0.000000
vt -3.000000 13.816016 0.000000
vt -0.000000 13.960738 0.000000
vt -3.000000 14.001260 0.000000
vt -0.000000 14.186504 0.000000
vt -6.000000 14.186504 0.000000
vt -6.000000 13.960738 0.000000
vt -6.000000 13.734972 0.000000
vt -6.000000 13.509206 0.000000
vt -6.000000 13.283440 0.000000
vt -6.000000 11.928844 0.000000
vt -6.000000 11.703079 0.000000
vt -6.000000 11.477313 0.000000
vt -6.000000 11.251547 0.000000
vt -6.000000 9.896951 0.000000
vt -6.000000 9.671185 0.000000
vt -6.000000 9.445419 0.000000
vt -6.000000 9.219653 0.000000
vt -6.000000 7.865057 0.000000
vt -6.000000 7.639291 0.000000
vt -6.000000 7.413525 0.000000
vt -6.000000 7.187759 0.000000
vt -1.364604 0.000000 0.000000
vt -0.000000 0.000000 0.000000
vt -1.364604 6.000000 0.000000
vt -0.000000 6.000000 0.000000
vt -16.368075 0.000000 0.000000
vt -0.000000 0.000000 0.000000
vt -16.368075 6.000000 0.000000
vt -0.000000 6.000000 0.000000
vt -0.000000 -0.111108 0.000000
vt 3.000000 -0.187161 0.000000
vt 0.000000 0.000047 0.000000
vt 6.000000 -0.111108 0.000000
vt 6.000000 0.000047 0.000000
vt 0.000000 -0.222263 0.000000
vt -0.000000 -0.333418 0.000000
vt 3.000000 -0.374370 0.000000
vt 0.000000 -0.444573 0.000000
vt 3.000000 -0.561578 0.000000
vt -0.000000 -0.555728 0.000000
vt -0.000000 -0.666882 0.000000
vt 3.000000 -0.748786 0.000000
vt 0.000000 -0.778037 0.000000
vt -0.000000 -0.889192 0.000000
vt 3.000000 -0.935994 0.000000
vt 0.000000 -1.000347 0.000000
vt 3.000000 -1.123202 0.000000
vt 0.000000 -1.111502 0.000000
vt 0.000000 -1.222657 0.000000
vt 3.000000 -1.310411 0.000000
vt 0.000000 -1.333812 0.000000
vt 3.000000 -1.497619 0.000000
vt -0.000000 -1.556121 0.000000
vt 3.000000 -1.684827 0.000000
vt -0.000000 -1.778431 0.000000
vt 3.000000 -1.872035 0.000000
vt 0.000000 -2.000741 0.000000
vt 3.000000 -2.059243 0.000000
vt 0.000000 -2.223051 0.000000
vt 3.000000 -2.246452 0.000000
vt -0.000000 -2.445360 0.000000
vt 3.000000 -2.433660 0.000000
vt 3.000000 -2.620868 0.000000
vt 6.000000 -2.445360 0.000000
vt 6.000000 -2.667670 0.000000
vt 3.000000 -2.808076 0.000000
vt 6.000000 -2.889980 0.000000
vt 3.000000 -2.995284 0.000000
vt 6.000000 -3.112289 0.000000
vt 3.000000 -3.182493 0.000000
vt 6.000000 -3.334599 0.000000
vt 3.000000 -3.369701 0.000000
vt 6.000000 -3.556909 0.000000
vt -0.000000 -3.556909 0.000000
vt 0.000000 -3.334599 0.000000
vt 0.000000 -3.112289 0.000000
vt 0.000000 -2.889980 0.000000
vt -0.000000 -2.667670 0.000000
vt 6.000000 -2.223051 0.000000
vt 6.000000 -2.000741 0.000000
vt 6.000000 -1.778431 0.000000
vt 6.000000 -1.556121 0.000000
vt 6.000000 -1.333812 0.000000
vt 6.000000 -1.222657 0.000000
vt 6.000000 -1.111502 0.000000
vt 6.000000 -1.000347 0.000000
vt 6.000000 -0.889192 0.000000
vt 6.000000 -0.778037 0.000000
vt 6.000000 -0.666882 0.000000
vt 6.000000 -0.555728 0.000000
vt 6.000000 -0.444573 0.000000
vt 6.000000 -0.333418 0.000000
vt 6.000000 -0.222263 0.000000
vt 10.925325 2.638172 0.000000
vt -11.480130 4.417135 0.000000
vt 10.925325 -16.400012 0.000000
vt -11.480130 -18.178975 0.000000
vt -11.384317 -18.205868 0.000000
vt 11.870447 3.697471 0.000000
vt 11.761802 3.592711 0.000000
vt 11.637879 3.504674 0.000000
vt 11.499928 3.434249 0.000000
vt 11.349342 3.382146 0.000000
vt 11.187640 3.348891 0.000000
vt 11.016456 3.334821 0.000000
vt 10.837517 3.340078 0.000000
vt 10.652628 3.364607 0.000000
vt 10.463657 3.408162 0.000000
vt 10.272511 3.470303 0.000000
vt 10.081120 3.550402 0.000000
vt 9.891414 3.647652 0.000000
vt 9.705310 3.761070 0.000000
vt 9.524685 3.889512 0.000000
vt -11.015046 4.609186 0.000000
vt -10.927335 4.664373 0.000000
vt 9.351362 4.031681 0.000000
vt -10.841897 4.724874 0.000000
vt -8.679217 5.970303 0.000000
vt -10.758938 4.790542 0.000000
vt -10.601249 4.936735 0.000000
vt -10.455788 5.101544 0.000000
vt -10.323955 5.283382 0.000000
vt -10.207020 5.480496 0.000000
vt -10.106111 5.690987 0.000000
vt -10.022199 5.912829 0.000000
vt -9.956093 6.143882 0.000000
vt -9.908430 6.381922 0.000000
vt -9.879668 6.624656 0.000000
vt -9.870085 6.869744 0.000000
vt 9.187092 4.186142 0.000000
vt 9.033533 4.351337 0.000000
vt 8.892233 4.525597 0.000000
vt 8.764621 4.707163 0.000000
vt 7.688858 5.970303 0.000000
vt 8.651983 4.894204 0.000000
vt 8.555457 5.084830 0.000000
vt 8.476017 5.277119 0.000000
vt 8.414465 5.469128 0.000000
vt 8.371422 5.658919 0.000000
vt 8.347323 5.844578 0.000000
vt 8.342411 6.024230 0.000000
vt 8.356735 6.196061 0.000000
vt 8.390152 6.358338 0.000000
vt 8.442323 6.509421 0.000000
vt 8.512722 6.647787 0.000000
vt 8.600638 6.772038 0.000000
vt 8.705184 6.880920 0.000000
vt -11.104818 4.559444 0.000000
vt -11.196435 4.515269 0.000000
vt -11.289676 4.476766 0.000000
vt -11.384317 4.444028 0.000000
vt -11.576883 4.396151 0.000000
vt -11.576883 -18.157990 0.000000
vt -11.674344 4.381126 0.000000
vt -11.674344 -18.142965 0.000000
vt -11.772277 4.372097 0.000000
vt -11.772277 -18.133936 0.000000
vt -11.870447 4.369085 0.000000
vt -11.870447 -18.130925 0.000000
vt -11.968617 4.372097 0.000000
vt -11.968617 -18.133937 0.000000
vt -12.066550 4.381127 0.000000
vt -12.066550 -18.142966 0.000000
vt -12.164011 4.396152 0.000000
vt -12.164011 -18.157992 0.000000
vt -12.260764 4.417136 0.000000
vt -12.260764 -18.178976 0.000000
vt -34.666212 2.638172 0.000000
vt -34.666212 -16.400012 0.000000
vt -12.356576 4.444030 0.000000
vt -12.451217 4.476768 0.000000
vt -12.544458 4.515271 0.000000
vt -12.636075 4.559447 0.000000
vt -12.725847 4.609188 0.000000
vt -33.265572 3.889512 0.000000
vt -12.813557 4.664376 0.000000
vt -33.092250 4.031681 0.000000
vt -12.898994 4.724877 0.000000
vt -15.061670 5.970303 0.000000
vt -12.981953 4.790545 0.000000
vt -13.139642 4.936738 0.000000
vt -13.285103 5.101548 0.000000
vt -13.416935 5.283385 0.000000
vt -13.533869 5.480499 0.000000
vt -13.634777 5.690990 0.000000
vt -13.718689 5.912831 0.000000
vt -13.784795 6.143884 0.000000
vt -13.832458 6.381924 0.000000
vt -13.861219 6.624656 0.000000
vt -13.870802 6.869744 0.000000
vt -31.429745 5.970303 0.000000
vt -32.505508 4.707163 0.000000
vt -32.633121 4.525597 0.000000
vt -32.774420 4.351337 0.000000
vt -32.446072 6.880920 0.000000
vt -32.341526 6.772038 0.000000
vt -32.253609 6.647787 0.000000
vt -32.183210 6.509421 0.000000
vt -32.131039 6.358338 0.000000
vt -32.097623 6.196061 0.000000
vt -32.083299 6.024230 0.000000
vt -32.088211 5.844578 0.000000
vt -32.112310 5.658919 0.000000
vt -32.155353 5.469128 0.000000
vt -32.216905 5.277119 0.000000
vt -32.296345 5.084830 0.000000
vt -32.392871 4.894204 0.000000
vt -32.927980 4.186142 0.000000
vt -33.446197 3.761070 0.000000
vt -33.632302 3.647652 0.000000
vt -33.822007 3.550402 0.000000
vt -34.013399 3.470303 0.000000
vt -34.204545 3.408162 0.000000
vt -34.393516 3.364607 0.000000
vt -34.578404 3.340078 0.000000
vt -34.757344 3.334821 0.000000
vt -34.928528 3.348891 0.000000
vt -35.090229 3.382146 0.000000
vt -35.240816 3.434249 0.000000
vt -35.378767 3.504674 0.000000
vt -35.502690 3.592711 0.000000
vt -35.611335 3.697471 0.000000
vt -35.611335 -17.459311 0.000000
vt -35.502690 -17.354551 0.000000
vt -35.378767 -17.266514 0.000000
vt -35.240816 -17.196088 0.000000
vt -35.090229 -17.143986 0.000000
vt -34.928528 -17.110731 0.000000
vt -34.757344 -17.096661 0.000000
vt -34.578404 -17.101917 0.000000
vt -34.393516 -17.126447 0.000000
vt -34.204545 -17.170002 0.000000
vt -34.013399 -17.232142 0.000000
vt -33.822007 -17.312242 0.000000
vt -33.632302 -17.409492 0.000000
vt -33.446197 -17.522910 0.000000
vt -33.265572 -17.651352 0.000000
vt -12.725847 -18.371028 0.000000
vt -12.813557 -18.426216 0.000000
vt -33.092250 -17.793521 0.000000
vt -12.898994 -18.486717 0.000000
vt -15.061670 -19.732143 0.000000
vt -12.981953 -18.552385 0.000000
vt -13.139642 -18.698578 0.000000
vt -13.285103 -18.863387 0.000000
vt -13.416935 -19.045225 0.000000
vt -13.533869 -19.242339 0.000000
vt -13.634777 -19.452830 0.000000
vt -13.718689 -19.674670 0.000000
vt -13.784795 -19.905724 0.000000
vt -13.832458 -20.143763 0.000000
vt -13.861219 -20.386496 0.000000
vt -13.870802 -20.631584 0.000000
vt -32.927980 -17.947982 0.000000
vt -32.774420 -18.113177 0.000000
vt -32.633121 -18.287436 0.000000
vt -32.505508 -18.469003 0.000000
vt -31.429745 -19.732143 0.000000
vt -32.392871 -18.656044 0.000000
vt -32.296345 -18.846670 0.000000
vt -32.216905 -19.038958 0.000000
vt -32.155353 -19.230967 0.000000
vt -32.112310 -19.420759 0.000000
vt -32.088211 -19.606418 0.000000
vt -32.083299 -19.786070 0.000000
vt -32.097623 -19.957901 0.000000
vt -32.131039 -20.120177 0.000000
vt -32.183210 -20.271261 0.000000
vt -32.253609 -20.409626 0.000000
vt -32.341526 -20.533877 0.000000
vt -32.446072 -20.642760 0.000000
vt -12.636075 -18.321286 0.000000
vt -12.544458 -18.277111 0.000000
vt -12.451217 -18.238608 0.000000
vt -12.356576 -18.205870 0.000000
vt -11.289676 -18.238606 0.000000
vt -11.196435 -18.277109 0.000000
vt -11.104818 -18.321284 0.000000
vt -11.015046 -18.371025 0.000000
vt 9.524685 -17.651352 0.000000
vt 9.705310 -17.522910 0.000000
vt -10.927335 -18.426213 0.000000
vt 9.351362 -17.793521 0.000000
vt -10.841897 -18.486714 0.000000
vt -8.679217 -19.732143 0.000000
vt -10.758938 -18.552382 0.000000
vt -10.601249 -18.698575 0.000000
vt -10.455788 -18.863384 0.000000
vt -10.323955 -19.045222 0.000000
vt -10.207020 -19.242336 0.000000
vt -10.106111 -19.452827 0.000000
vt -10.022199 -19.674668 0.000000
vt -9.956093 -19.905722 0.000000
vt -9.908430 -20.143762 0.000000
vt -9.879668 -20.386496 0.000000
vt -9.870085 -20.631584 0.000000
vt 7.688858 -19.732143 0.000000
vt 8.764621 -18.469003 0.000000
vt 8.892233 -18.287436 0.000000
vt 9.033533 -18.113177 0.000000
vt 8.705184 -20.642760 0.000000
vt 8.600638 -20.533877 0.000000
vt 8.512722 -20.409626 0.000000
vt 8.442323 -20.271261 0.000000
vt 8.390152 -20.120177 0.000000
vt 8.356735 -19.957901 0.000000
vt 8.342411 -19.786070 0.000000
vt 8.347323 -19.606418 0.000000
vt 8.371422 -19.420759 0.000000
vt 8.414465 -19.230967 0.000000
vt 8.476017 -19.038958 0.000000
vt 8.555457 -18.846670 0.000000
vt 8.651983 -18.656044 0.000000
vt 9.187092 -17.947982 0.000000
vt 9.891414 -17.409492 0.000000
vt 10.081120 -17.312242 0.000000
vt 10.272511 -17.232142 0.000000
vt 10.463657 -17.170002 0.000000
vt 10.652628 -17.126447 0.000000
vt 10.837517 -17.101917 0.000000
vt 11.016456 -17.096661 0.000000
vt 11.187640 -17.110731 0.000000
vt 11.349342 -17.143986 0.000000
vt 11.499928 -17.196088 0.000000
vt 11.637879 -17.266514 0.000000
vt 11.761802 -17.354551 0.000000
vt 11.870447 -17.459311 0.000000
vt 0.000000 0.000000 0.000000
vt 1.492368 0.000000 0.000000
vt 0.000000 6.000000 0.000000
vt 1.492368 6.000000 0.000000
vt 0.000000 0.000000 0.000000
vt 19.038184 0.000000 0.000000
vt 0.000000 6.000000 0.000000
vt 19.038184 6.000000 0.000000
vt -0.000000 0.000000 0.000000
vt 1.419638 0.000000 0.000000
vt -0.000000 6.000000 0.000000
vt 1.419638 6.000000 0.000000
vt 6.000000 0.073297 0.000000
vt 0.000000 0.073297 0.000000
vt 3.000000 -0.111947 0.000000
vt -0.000000 -0.152469 0.000000
vt 3.000000 -0.297191 0.000000
vt 0.000000 -0.378235 0.000000
vt 3.000000 -0.482435 0.000000
vt 0.000000 -0.604001 0.000000
vt 3.000000 -0.667679 0.000000
vt 0.000000 -0.829767 0.000000
vt 3.000000 -0.852923 0.000000
vt 0.000000 -1.055533 0.000000
vt 3.000000 -1.038166 0.000000
vt 3.000000 -1.223410 0.000000
vt 6.000000 -1.055533 0.000000
vt 6.000000 -1.281299 0.000000
vt 3.000000 -1.408654 0.000000
vt 6.000000 -1.507065 0.000000
vt 3.000000 -1.593898 0.000000
vt 6.000000 -1.732831 0.000000
vt 3.000000 -1.779142 0.000000
vt 6.000000 -1.958597 0.000000
vt 3.000000 -1.964386 0.000000
vt 3.000000 -2.149630 0.000000
vt -0.000000 -1.958597 0.000000
vt 0.000000 -2.184363 0.000000
vt 0.000000 -1.281299 0.000000
vt 0.000000 -1.507065 0.000000
vt -0.000000 -1.732831 0.000000
vt 3.000000 -2.334874 0.000000
vt -0.000000 -2.410129 0.000000
vt 3.000000 -2.520117 0.000000
vt -0.000000 -2.635895 0.000000
vt 3.000000 -2.705361 0.000000
vt 0.000000 -2.861661 0.000000
vt 3.000000 -2.890605 0.000000
vt 0.000000 -3.087427 0.000000
vt 3.000000 -3.075849 0.000000
vt 3.000000 -3.261093 0.000000
vt 6.000000 -3.087427 0.000000
vt 6.000000 -3.313193 0.000000
vt 3.000000 -3.446337 0.000000
vt 6.000000 -3.538959 0.000000
vt 3.000000 -3.631581 0.000000
vt 6.000000 -3.764725 0.000000
vt 3.000000 -3.816825 0.000000
vt 6.000000 -3.990491 0.000000
vt 3.000000 -4.002068 0.000000
vt 3.000000 -4.187312 0.000000
vt -0.000000 -3.990491 0.000000
vt -0.000000 -4.216257 0.000000
vt 0.000000 -3.313193 0.000000
vt 0.000000 -3.538959 0.000000
vt -0.000000 -3.764725 0.000000
vt 3.000000 -4.372556 0.000000
vt -0.000000 -4.442023 0.000000
vt 3.000000 -4.557800 0.000000
vt -0.000000 -4.667789 0.000000
vt 3.000000 -4.743044 0.000000
vt -0.000000 -4.893555 0.000000
vt 3.000000 -4.928288 0.000000
vt -0.000000 -5.119321 0.000000
vt 3.000000 -5.113532 0.000000
vt 3.000000 -5.298776 0.000000
vt 6.000000 -5.119321 0.000000
vt 6.000000 -5.345087 0.000000
vt 3.000000 -5.484019 0.000000
vt 6.000000 -5.570853 0.000000
vt 3.000000 -5.669263 0.000000
vt 6.000000 -5.796619 0.000000
vt 3.000000 -5.854507 0.000000
vt 6.000000 -6.022384 0.000000
vt 3.000000 -6.039751 0.000000
vt 3.000000 -6.224995 0.000000
vt -0.000000 -6.022384 0.000000
vt 0.000000 -6.248150 0.000000
vt -0.000000 -5.345087 0.000000
vt 0.000000 -5.570853 0.000000
vt -0.000000 -5.796619 0.000000
vt 3.000000 -6.410239 0.000000
vt -0.000000 -6.473916 0.000000
vt 3.000000 -6.595483 0.000000
vt -0.000000 -6.699682 0.000000
vt 3.000000 -6.780727 0.000000
vt -0.000000 -6.925448 0.000000
vt 3.000000 -6.965970 0.000000
vt -0.000000 -7.151214 0.000000
vt 6.000000 -7.151214 0.000000
vt 6.000000 -6.925448 0.000000
vt 6.000000 -6.699682 0.000000
vt 6.000000 -6.473916 0.000000
vt 6.000000 -6.248150 0.000000
vt 6.000000 -4.893555 0.000000
vt 6.000000 -4.667789 0.000000
vt 6.000000 -4.442023 0.000000
vt 6.000000 -4.216257 0.000000
vt 6.000000 -2.861661 0.000000
vt 6.000000 -2.635895 0.000000
vt 6.000000 -2.410129 0.000000
vt 6.000000 -2.184363 0.000000
vt 6.000000 -0.829767 0.000000
vt 6.000000 -0.604001 0.000000
vt 6.000000 -0.378235 0.000000
vt 6.000000 -0.152469 0.000000
vt 0.000000 0.000000 0.000000
vt 1.364604 0.000000 0.000000
vt 0.000000 6.000000 0.000000
vt 1.364604 6.000000 0.000000
vt 0.000000 0.000000 0.000000
vt 16.368075 0.000000 0.000000
vt 0.000000 6.000000 0.000000
vt 16.368075 6.000000 0.000000
vt 11.772277 4.372097 0.000000
vt 11.870447 -18.130925 0.000000
vt 11.870447 4.369085 0.000000
vt 11.968617 -18.133937 0.000000
vt 11.968617 4.372097 0.000000
vt 12.066550 -18.142966 0.000000
vt 12.066550 4.381127 0.000000
vt 12.164011 -18.157992 0.000000
vt 12.164011 4.396152 0.000000
vt 12.260764 -18.178976 0.000000
vt 12.260764 4.417136 0.000000
vt 34.666212 -16.400012 0.000000
vt 34.666212 2.638172 0.000000
vt 11.772277 -18.133936 0.000000
vt 11.674344 4.381126 0.000000
vt 11.674344 -18.142965 0.000000
vt 11.576883 4.396151 0.000000
vt 11.576883 -18.157990 0.000000
vt 11.480130 4.417135 0.000000
vt 11.480130 -18.178975 0.000000
vt -10.925325 2.638172 0.000000
vt -10.925325 -16.400012 0.000000
vt 11.384317 4.444028 0.000000
vt 11.289676 4.476766 0.000000
vt 11.196435 4.515269 0.000000
vt 11.104818 4.559444 0.000000
vt 11.015046 4.609186 0.000000
vt -9.524685 3.889512 0.000000
vt 10.927335 4.664373 0.000000
vt -9.351362 4.031681 0.000000
vt 10.841897 4.724874 0.000000
vt 8.679217 5.970303 0.000000
vt 10.758938 4.790542 0.000000
vt 10.601249 4.936735 0.000000
vt 10.455788 5.101544 0.000000
vt 10.323955 5.283382 0.000000
vt 10.207020 5.480496 0.000000
vt 10.106111 5.690987 0.000000
vt 10.022199 5.912829 0.000000
vt 9.956093 6.143882 0.000000
vt 9.908430 6.381922 0.000000
vt 9.879668 6.624656 0.000000
vt 9.870085 6.869744 0.000000
vt -7.688858 5.970303 0.000000
vt -8.764621 4.707163 0.000000
vt -8.892233 4.525597 0.000000
vt -9.033533 4.351337 0.000000
vt -8.705184 6.880920 0.000000
vt -8.600638 6.772038 0.000000
vt -8.512722 6.647787 0.000000
vt -8.442323 6.509421 0.000000
vt -8.390152 6.358338 0.000000
vt -8.356735 6.196061 0.000000
vt -8.342411 6.024230 0.000000
vt -8.347323 5.844578 0.000000
vt -8.371422 5.658919 0.000000
vt -8.414465 5.469128 0.000000
vt -8.476017 5.277119 0.000000
vt -8.555457 5.084830 0.000000
vt -8.651983 4.894204 0.000000
vt -9.187092 4.186142 0.000000
vt -9.705310 3.761070 0.000000
vt -9.891414 3.647652 0.000000
vt -10.081120 3.550402 0.000000
vt -10.272511 3.470303 0.000000
vt -10.463657 3.408162 0.000000
vt -10.652628 3.364607 0.000000
vt -10.837517 3.340078 0.000000
vt -11.016456 3.334821 0.000000
vt -11.187640 3.348891 0.000000
vt -11.349342 3.382146 0.000000
vt -11.499928 3.434249 0.000000
vt -11.637879 3.504674 0.000000
vt -11.761802 3.592711 0.000000
vt -11.870447 3.697471 0.000000
vt -11.870447 -17.459311 0.000000
vt -11.761802 -17.354551 0.000000
vt -11.637879 -17.266514 0.000000
vt -11.499928 -17.196088 0.000000
vt -11.349342 -17.143986 0.000000
vt -11.187640 -17.110731 0.000000
vt -11.016456 -17.096661 0.000000
vt -10.837517 -17.101917 0.000000
vt -10.652628 -17.126447 0.000000
vt -10.463657 -17.170002 0.000000
vt -10.272511 -17.232142 0.000000
vt -10.081120 -17.312242 0.000000
vt -9.891414 -17.409492 0.000000
vt -9.705310 -17.522910 0.000000
vt -9.524685 -17.651352 0.000000
vt 11.015046 -18.371025 0.000000
vt 10.927335 -18.426213 0.000000
vt -9.351362 -17.793521 0.000000
vt 10.841897 -18.486714 0.000000
vt 8.679217 -19.732143 0.000000
vt 10.758938 -18.552382 0.000000
vt 10.601249 -18.698575 0.000000
vt 10.455788 -18.863384 0.000000
vt 10.323955 -19.045222 0.000000
vt 10.207020 -19.242336 0.000000
vt 10.106111 -19.452827 0.000000
vt 10.022199 -19.674668 0.000000
vt 9.956093 -19.905722 0.000000
vt 9.908430 -20.143762 0.000000
vt 9.879668 -20.386496 0.000000
vt 9.870085 -20.631584 0.000000
vt -9.187092 -17.947982 0.000000
vt -9.033533 -18.113177 0.000000
vt -8.892233 -18.287436 0.000000
vt -8.764621 -18.469003 0.000000
vt -7.688858 -19.732143 0.000000
vt -8.651983 -18.656044 0.000000
vt -8.555457 -18.846670 0.000000
vt -8.476017 -19.038958 0.000000
vt -8.414465 -19.230967 0.000000
vt -8.371422 -19.420759 0.000000
vt -8.347323 -19.606418 0.000000
vt -8.342411 -19.786070 0.000000
vt -8.356735 -19.957901 0.000000
vt -8.390152 -20.120177 0.000000
vt -8.442323 -20.271261 0.000000
vt -8.512722 -20.409626 0.000000
vt -8.600638 -20.533877 0.000000
vt -8.705184 -20.642760 0.000000
vt 11.104818 -18.321284 0.000000
vt 11.196435 -18.277109 0.000000
vt 11.289676 -18.238606 0.000000
vt 11.384317 -18.205868 0.000000
vt 12.356576 -18.205870 0.000000
vt 12.451217 -18.238608 0.000000
vt 12.544458 -18.277111 0.000000
vt 12.636075 -18.321286 0.000000
vt 12.725847 -18.371028 0.000000
vt 33.265572 -17.651352 0.000000
vt 12.813557 -18.426216 0.000000
vt 33.092250 -17.793521 0.000000
vt 12.898994 -18.486717 0.000000
vt 15.061670 -19.732143 0.000000
vt 12.981953 -18.552385 0.000000
vt 13.139642 -18.698578 0.000000
vt 13.285103 -18.863387 0.000000
vt 13.416935 -19.045225 0.000000
vt 13.533869 -19.242339 0.000000
vt 13.634777 -19.452830 0.000000
vt 13.718689 -19.674670 0.000000
vt 13.784795 -19.905724 0.000000
vt 13.832458 -20.143763 0.000000
vt 13.861219 -20.386496 0.000000
vt 13.870802 -20.631584 0.000000
vt 31.429745 -19.732143 0.000000
vt 32.505508 -18.469003 0.000000
vt 32.633121 -18.287436 0.000000
vt 32.774420 -18.113177 0.000000
vt 32.446072 -20.642760 0.000000
vt 32.341526 -20.533877 0.000000
vt 32.253609 -20.409626 0.000000
vt 32.183210 -20.271261 0.000000
vt 32.131039 -20.120177 0.000000
vt 32.097623 -19.957901 0.000000
vt 32.083299 -19.786070 0.000000
vt 32.088211 -19.606418 0.000000
vt 32.112310 -19.420759 0.000000
vt 32.155353 -19.230967 0.000000
vt 32.216905 -19.038958 0.000000
vt 32.296345 -18.846670 0.000000
vt 32.392871 -18.656044 0.000000
vt 32.927980 -17.947982 0.000000
vt 33.446197 -17.522910 0.000000
vt 33.632302 -17.409492 0.000000
vt 33.822007 -17.312242 0.000000
vt 34.013399 -17.232142 0.000000
vt 34.204545 -17.170002 0.000000
vt 34.393516 -17.126447 0.000000
vt 34.578404 -17.101917 0.000000
vt 34.757344 -17.096661 0.000000
vt 34.928528 -17.110731 0.000000
vt 35.090229 -17.143986 0.000000
vt 35.240816 -17.196088 0.000000
vt 35.378767 -17.266514 0.000000
vt 35.502690 -17.354551 0.000000
vt 35.611335 -17.459311 0.000000
vt 35.611335 3.697471 0.000000
vt 35.502690 3.592711 0.000000
vt 35.378767 3.504674 0.000000
vt 35.240816 3.434249 0.000000
vt 35.090229 3.382146 0.000000
vt 34.928528 3.348891 0.000000
vt 34.757344 3.334821 0.000000
vt 34.578404 3.340078 0.000000
vt 34.393516 3.364607 0.000000
vt 34.204545 3.408162 0.000000
vt 34.013399 3.470303 0.000000
vt 33.822007 3.550402 0.000000
vt 33.632302 3.647652 0.000000
vt 33.446197 3.761070 0.000000
vt 33.265572 3.889512 0.000000
vt 12.725847 4.609188 0.000000
vt 12.813557 4.664376 0.000000
vt 33.092250 4.031681 0.000000
vt 12.898994 4.724877 0.000000
vt 15.061670 5.970303 0.000000
vt 12.981953 4.790545 0.000000
vt 13.139642 4.936738 0.000000
vt 13.285103 5.101548 0.000000
vt 13.416935 5.283385 0.000000
vt 13.533869 5.480499 0.000000
vt 13.634777 5.690990 0.000000
vt 13.718689 5.912831 0.000000
vt 13.784795 6.143884 0.000000
vt 13.832458 6.381924 0.000000
vt 13.861219 6.624656 0.000000
vt 13.870802 6.869744 0.000000
vt 32.927980 4.186142 0.000000
vt 32.774420 4.351337 0.000000
vt 32.633121 4.525597 0.000000
vt 32.505508 4.707163 0.000000
vt 31.429745 5.970303 0.000000
vt 32.392871 4.894204 0.000000
vt 32.296345 5.084830 0.000000
vt 32.216905 5.277119 0.000000
vt 32.155353 5.469128 0.000000
vt 32.112310 5.658919 0.000000
vt 32.088211 5.844578 0.000000
vt 32.083299 6.024230 0.000000
vt 32.097623 6.196061 0.000000
vt 32.131039 6.358338 0.000000
vt 32.183210 6.509421 0.000000
vt 32.253609 6.647787 0.000000
vt 32.341526 6.772038 0.000000
vt 32.446072 6.880920 0.000000
vt 12.636075 4.559447 0.000000
vt 12.544458 4.515271 0.000000
vt 12.451217 4.476768 0.000000
vt 12.356576 4.444030 0.000000
vn 0.000000 -0.100000 0.000000
vn 0.000000 -0.100000 0.000000
vn -0.006129 -0.099812 0.000000
vn -0.010302 -0.099468 0.000000
vn -0.012219 -0.099251 0.000000
vn -0.018231 -0.098324 0.000000
vn -0.020419 -0.097893 0.000000
vn -0.024129 -0.097045 0.000000
vn -0.030178 -0.095338 0.000000
vn -0.029880 -0.095432 0.000000
vn -0.035455 -0.093504 0.000000
vn -0.039435 -0.091896 0.000000
vn -0.040828 -0.091286 0.000000
vn -0.045979 -0.088803 0.000000
vn -0.048078 -0.087684 0.000000
vn -0.050892 -0.086081 0.000000
vn -0.056031 -0.082828 0.000000
vn -0.055555 -0.083148 0.000000
vn -0.059961 -0.080029 0.000000
vn -0.063255 -0.077452 0.000000
vn -0.064105 -0.076750 0.000000
vn -0.069735 -0.071673 0.000000
vn -0.071609 -0.069801 0.000000
vn -0.075483 -0.065592 0.000000
vn -0.078090 -0.062466 0.000000
vn -0.080523 -0.059296 0.000000
vn -0.083597 -0.054878 0.000000
vn -0.084892 -0.052852 0.000000
vn -0.088195 -0.047135 0.000000
vn -0.088628 -0.046314 0.000000
vn -0.091950 -0.039308 0.000000
vn -0.091773 -0.039722 0.000000
vn -0.094363 -0.033101 0.000000
vn -0.091950 -0.039308 0.000000
vn -0.094928 -0.031444 0.000000
vn -0.006129 -0.099812 0.000000
vn -0.012219 -0.099251 0.000000
vn -0.018231 -0.098324 0.000000
vn -0.024129 -0.097045 0.000000
vn -0.029880 -0.095432 0.000000
vn -0.035455 -0.093504 0.000000
vn -0.040828 -0.091286 0.000000
vn -0.045979 -0.088803 0.000000
vn -0.050892 -0.086081 0.000000
vn -0.055555 -0.083148 0.000000
vn -0.059961 -0.080029 0.000000
vn -0.064105 -0.076750 0.000000
vn -0.071609 -0.069801 0.000000
vn -0.078090 -0.062466 0.000000
vn -0.083597 -0.054878 0.000000
vn -0.088195 -0.047135 0.000000
vn -0.096433 -0.026471 0.000000
vn -0.097183 -0.023570 0.000000
vn -0.098012 -0.019841 0.000000
vn -0.098760 -0.015699 0.000000
vn -0.099123 -0.013215 0.000000
vn -0.099692 -0.007836 0.000000
vn -0.099782 -0.006595 0.000000
vn -0.100000 0.000022 -0.000000
vn -0.100000 0.000022 -0.000000
vn -0.099692 -0.007836 0.000000
vn -0.098760 -0.015699 0.000000
vn -0.097183 -0.023570 0.000000
vn -0.094928 -0.031444 0.000000
vn 0.060269 -0.079797 0.000000
vn 0.060269 -0.079797 0.000000
vn 0.060269 -0.079797 0.000000
vn 0.060269 -0.079797 0.000000
vn 0.074618 0.066575 0.000000
vn 0.074618 0.066575 0.000000
vn 0.074618 0.066575 0.000000
vn 0.074618 0.066575 0.000000
vn 0.066731 0.074478 0.000000
vn 0.066731 0.074478 0.000000
vn 0.075379 0.065712 0.000000
vn 0.077117 0.063663 0.000000
vn 0.082815 0.056050 0.000000
vn 0.085642 0.051628 0.000000
vn 0.088878 0.045834 0.000000
vn 0.092084 0.038994 0.000000
vn 0.093522 0.035406 0.000000
vn 0.096467 0.026348 0.000000
vn 0.096807 0.025069 0.000000
vn 0.098994 0.014145 0.000000
vn 0.098859 0.015061 0.000000
vn 0.099847 0.005537 0.000000
vn 0.098994 0.014145 0.000000
vn 0.099964 0.002677 0.000000
vn 0.099942 -0.003411 0.000000
vn 0.099686 -0.007917 0.000000
vn 0.099307 -0.011749 0.000000
vn 0.098438 -0.017604 0.000000
vn 0.098084 -0.019481 0.000000
vn 0.096446 -0.026422 0.000000
vn 0.096387 -0.026637 0.000000
vn 0.094308 -0.033258 0.000000
vn 0.096446 -0.026422 0.000000
vn 0.093881 -0.034443 0.000000
vn 0.099964 0.002677 0.000000
vn 0.099686 -0.007917 0.000000
vn 0.098438 -0.017604 0.000000
vn 0.091915 -0.039392 0.000000
vn 0.090865 -0.041756 0.000000
vn 0.089258 -0.045089 0.000000
vn 0.087480 -0.048449 0.000000
vn 0.086372 -0.050396 0.000000
vn 0.083776 -0.054604 0.000000
vn 0.083280 -0.055358 0.000000
vn 0.079780 -0.060293 0.000000
vn 0.079992 -0.060011 0.000000
vn 0.076510 -0.064391 0.000000
vn 0.079780 -0.060293 0.000000
vn 0.075496 -0.065577 0.000000
vn 0.072830 -0.068525 0.000000
vn 0.070913 -0.070508 0.000000
vn 0.068941 -0.072437 0.000000
vn 0.066006 -0.075121 0.000000
vn 0.064824 -0.076143 0.000000
vn 0.060737 -0.079442 0.000000
vn 0.060456 -0.079656 0.000000
vn 0.055809 -0.082978 0.000000
vn 0.060737 -0.079442 0.000000
vn 0.055055 -0.083480 0.000000
vn 0.075496 -0.065577 0.000000
vn 0.070913 -0.070508 0.000000
vn 0.066006 -0.075121 0.000000
vn 0.050848 -0.086108 0.000000
vn 0.048898 -0.087229 0.000000
vn 0.045533 -0.089032 0.000000
vn 0.042192 -0.090664 0.000000
vn 0.039820 -0.091730 0.000000
vn 0.034852 -0.093730 0.000000
vn 0.033661 -0.094164 0.000000
vn 0.026790 -0.096345 0.000000
vn 0.027006 -0.096284 0.000000
vn 0.019807 -0.098019 0.000000
vn 0.026790 -0.096345 0.000000
vn 0.017917 -0.098382 0.000000
vn 0.012020 -0.099275 0.000000
vn 0.008159 -0.099667 0.000000
vn 0.003619 -0.099935 0.000000
vn -0.002517 -0.099968 0.000000
vn -0.005400 -0.099854 0.000000
vn -0.014075 -0.099005 0.000000
vn -0.014997 -0.098869 0.000000
vn -0.025079 -0.096804 0.000000
vn -0.014075 -0.099005 0.000000
vn -0.026366 -0.096462 0.000000
vn 0.017917 -0.098382 0.000000
vn 0.008159 -0.099667 0.000000
vn -0.002517 -0.099968 0.000000
vn -0.035480 -0.093494 0.000000
vn -0.039087 -0.092045 0.000000
vn -0.045957 -0.088814 0.000000
vn -0.051771 -0.085556 0.000000
vn -0.056202 -0.082712 0.000000
vn -0.063821 -0.076986 0.000000
vn -0.065868 -0.075242 0.000000
vn -0.074618 -0.066575 0.000000
vn -0.074618 -0.066575 0.000000
vn -0.063821 -0.076986 0.000000
vn -0.051771 -0.085556 0.000000
vn -0.039087 -0.092045 0.000000
vn -0.026366 -0.096462 0.000000
vn 0.034852 -0.093730 0.000000
vn 0.042192 -0.090664 0.000000
vn 0.048898 -0.087229 0.000000
vn 0.055055 -0.083480 0.000000
vn 0.083776 -0.054604 0.000000
vn 0.087480 -0.048449 0.000000
vn 0.090865 -0.041756 0.000000
vn 0.093881 -0.034443 0.000000
vn 0.096467 0.026348 0.000000
vn 0.092084 0.038994 0.000000
vn 0.085642 0.051628 0.000000
vn 0.077117 0.063663 0.000000
vn -0.066731 -0.074478 0.000000
vn -0.066731 -0.074478 0.000000
vn -0.066731 -0.074478 0.000000
vn -0.066731 -0.074478 0.000000
vn 0.000000 -0.100000 0.000000
vn 0.000000 -0.100000 0.000000
vn 0.000000 -0.100000 0.000000
vn 0.000000 -0.100000 0.000000
vn 0.100000 0.000022 0.000000
vn 0.100000 0.000022 0.000000
vn 0.099782 -0.006595 0.000000
vn 0.099692 -0.007836 0.000000
vn 0.099123 -0.013215 0.000000
vn 0.098760 -0.015699 0.000000
vn 0.098012 -0.019841 0.000000
vn 0.097183 -0.023570 0.000000
vn 0.096433 -0.026471 0.000000
vn 0.094928 -0.031444 0.000000
vn 0.094363 -0.033101 0.000000
vn 0.091950 -0.039308 0.000000
vn 0.091772 -0.039722 0.000000
vn 0.088628 -0.046314 0.000000
vn 0.091950 -0.039308 0.000000
vn 0.088194 -0.047135 0.000000
vn 0.084892 -0.052852 0.000000
vn 0.083597 -0.054878 0.000000
vn 0.080523 -0.059296 0.000000
vn 0.078089 -0.062466 0.000000
vn 0.075483 -0.065592 0.000000
vn 0.071609 -0.069801 0.000000
vn 0.069735 -0.071673 0.000000
vn 0.064105 -0.076750 0.000000
vn 0.063254 -0.077452 0.000000
vn 0.059961 -0.080029 0.000000
vn 0.056031 -0.082828 0.000000
vn 0.055555 -0.083148 0.000000
vn 0.050892 -0.086081 0.000000
vn 0.048077 -0.087684 0.000000
vn 0.045979 -0.088803 0.000000
vn 0.039434 -0.091896 0.000000
vn 0.040828 -0.091286 0.000000
vn 0.035454 -0.093504 0.000000
vn 0.030178 -0.095338 0.000000
vn 0.029880 -0.095432 0.000000
vn 0.024128 -0.097045 0.000000
vn 0.020418 -0.097893 0.000000
vn 0.018230 -0.098324 0.000000
vn 0.010302 -0.099468 0.000000
vn 0.012218 -0.099251 0.000000
vn 0.006128 -0.099812 0.000000
vn -0.000001 -0.100000 0.000000
vn 0.006128 -0.099812 0.000000
vn -0.000001 -0.100000 0.000000
vn 0.088194 -0.047135 0.000000
vn 0.083597 -0.054878 0.000000
vn 0.078089 -0.062466 0.000000
vn 0.071609 -0.069801 0.000000
vn 0.064105 -0.076750 0.000000
vn 0.059961 -0.080029 0.000000
vn 0.055555 -0.083148 0.000000
vn 0.050892 -0.086081 0.000000
vn 0.045979 -0.088803 0.000000
vn 0.040828 -0.091286 0.000000
vn 0.035454 -0.093504 0.000000
vn 0.029880 -0.095432 0.000000
vn 0.024128 -0.097045 0.000000
vn 0.018230 -0.098324 0.000000
vn 0.012218 -0.099251 0.000000
vn 0.094928 -0.031444 0.000000
vn 0.097183 -0.023570 0.000000
vn 0.098760 -0.015699 0.000000
vn 0.099692 -0.007836 0.000000
vn -0.060269 -0.079797 0.000000
vn -0.060269 -0.079797 0.000000
vn -0.060269 -0.079797 0.000000
vn -0.060269 -0.079797 0.000000
vn -0.074618 0.066575 0.000000
vn -0.074618 0.066575 0.000000
vn -0.074618 0.066575 0.000000
vn -0.074618 0.066575 0.000000
vn 0.074618 -0.066575 0.000000
vn 0.074618 -0.066575 0.000000
vn 0.065868 -0.075242 0.000000
vn 0.063821 -0.076986 0.000000
vn 0.056202 -0.082712 0.000000
vn 0.051771 -0.085556 0.000000
vn 0.045957 -0.088814 0.000000
vn 0.039087 -0.092045 0.000000
vn 0.035480 -0.093494 0.000000
vn 0.026366 -0.096462 0.000000
vn 0.025079 -0.096804 0.000000
vn 0.014075 -0.099005 0.000000
vn 0.014997 -0.098869 0.000000
vn 0.005400 -0.099854 0.000000
vn 0.014075 -0.099005 0.000000
vn 0.002517 -0.099968 0.000000
vn -0.003619 -0.099935 0.000000
vn -0.008159 -0.099667 0.000000
vn -0.012020 -0.099275 0.000000
vn -0.017917 -0.098382 0.000000
vn -0.019807 -0.098019 0.000000
vn -0.026790 -0.096345 0.000000
vn -0.027006 -0.096284 0.000000
vn -0.033661 -0.094164 0.000000
vn -0.026790 -0.096345 0.000000
vn -0.034852 -0.093730 0.000000
vn 0.002517 -0.099968 0.000000
vn -0.008159 -0.099667 0.000000
vn -0.017917 -0.098382 0.000000
vn -0.039820 -0.091730 0.000000
vn -0.042192 -0.090664 0.000000
vn -0.045533 -0.089032 0.000000
vn -0.048898 -0.087229 0.000000
vn -0.050848 -0.086108 0.000000
vn -0.055055 -0.083480 0.000000
vn -0.055809 -0.082978 0.000000
vn -0.060737 -0.079442 0.000000
vn -0.060456 -0.079656 0.000000
vn -0.064824 -0.076143 0.000000
vn -0.060737 -0.079442 0.000000
vn -0.066006 -0.075121 0.000000
vn -0.068941 -0.072437 0.000000
vn -0.070913 -0.070508 0.000000
vn -0.072830 -0.068525 0.000000
vn -0.075496 -0.065577 0.000000
vn -0.076510 -0.064391 0.000000
vn -0.079780 -0.060293 0.000000
vn -0.079992 -0.060011 0.000000
vn -0.083280 -0.055358 0.000000
vn -0.079780 -0.060293 0.000000
vn -0.083776 -0.054604 0.000000
vn -0.066006 -0.075121 0.000000
vn -0.070913 -0.070508 0.000000
vn -0.075496 -0.065577 0.000000
vn -0.086372 -0.050396 0.000000
vn -0.087480 -0.048449 0.000000
vn -0.089258 -0.045089 0.000000
vn -0.090865 -0.041756 0.000000
vn -0.091915 -0.039392 0.000000
vn -0.093881 -0.034443 0.000000
vn -0.094308 -0.033258 0.000000
vn -0.096446 -0.026422 0.000000
vn -0.096387 -0.026637 0.000000
vn -0.098084 -0.019481 0.000000
vn -0.096446 -0.026422 0.000000
vn -0.098438 -0.017604 0.000000
vn -0.099307 -0.011749 0.000000
vn -0.099686 -0.007917 0.000000
vn -0.099942 -0.003411 0.000000
vn -0.099964 0.002677 -0.000000
vn -0.099847 0.005537 -0.000000
vn -0.098994 0.014145 -0.000000
vn -0.098859 0.015061 -0.000000
vn -0.096807 0.025069 -0.000000
vn -0.098994 0.014145 -0.000000
vn -0.096467 0.026348 -0.000000
vn -0.098438 -0.017604 0.000000
vn -0.099686 -0.007917 0.000000
vn -0.099964 0.002677 -0.000000
vn -0.093522 0.035406 -0.000000
vn -0.092084 0.038994 -0.000000
vn -0.088878 0.045834 -0.000000
vn -0.085642 0.051628 -0.000000
vn -0.082815 0.056050 -0.000000
vn -0.077117 0.063663 -0.000000
vn -0.075379 0.065712 -0.000000
vn -0.066731 0.074478 -0.000000
vn -0.066731 0.074478 -0.000000
vn -0.077117 0.063663 -0.000000
vn -0.085642 0.051628 -0.000000
vn -0.092084 0.038994 -0.000000
vn -0.096467 0.026348 -0.000000
vn -0.093881 -0.034443 0.000000
vn -0.090865 -0.041756 0.000000
vn -0.087480 -0.048449 0.000000
vn -0.083776 -0.054604 0.000000
vn -0.055055 -0.083480 0.000000
vn -0.048898 -0.087229 0.000000
vn -0.042192 -0.090664 0.000000
vn -0.034852 -0.093730 0.000000
vn 0.026366 -0.096462 0.000000
vn 0.039087 -0.092045 0.000000
vn 0.051771 -0.085556 0.000000
vn 0.063821 -0.076986 0.000000
vn 0.066731 -0.074478 0.000000
vn 0.066731 -0.074478 0.000000
vn 0.066731 -0.074478 0.000000
vn 0.066731 -0.074478 0.000000
vn 0.000000 -0.100000 0.000000
vn 0.000000 -0.100000 0.000000
vn 0.000000 -0.100000 0.000000
vn 0.000000 -0.100000 0.000000
vn 0.000000 0.100000 0.000000
vn 0.000000 0.100000 0.000000
vn -0.006129 0.099812 -0.000000
vn -0.010302 0.099468 -0.000000
vn -0.012219 0.099251 -0.000000
vn -0.018231 0.098324 -0.000000
vn -0.020419 0.097893 -0.000000
vn -0.024129 0.097045 -0.000000
vn -0.030178 0.095338 -0.000000
vn -0.029880 0.095432 -0.000000
vn -0.035455 0.093504 -0.000000
vn -0.039435 0.091896 -0.000000
vn -0.040828 0.091286 -0.000000
vn -0.045979 0.088803 -0.000000
vn -0.048078 0.087684 -0.000000
vn -0.050892 0.086081 -0.000000
vn -0.056031 0.082828 -0.000000
vn -0.055555 0.083148 -0.000000
vn -0.059961 0.080029 -0.000000
vn -0.063255 0.077452 -0.000000
vn -0.064105 0.076750 -0.000000
vn -0.069735 0.071673 -0.000000
vn -0.071609 0.069801 -0.000000
vn -0.075483 0.065592 -0.000000
vn -0.078090 0.062466 -0.000000
vn -0.080523 0.059296 -0.000000
vn -0.083597 0.054878 -0.000000
vn -0.084892 0.052852 -0.000000
vn -0.088195 0.047135 -0.000000
vn -0.088628 0.046314 -0.000000
vn -0.091950 0.039308 -0.000000
vn -0.091773 0.039722 -0.000000
vn -0.094363 0.033101 -0.000000
vn -0.091950 0.039308 -0.000000
vn -0.094928 0.031444 -0.000000
vn -0.006129 0.099812 -0.000000
vn -0.012219 0.099251 -0.000000
vn -0.018231 0.098324 -0.000000
vn -0.024129 0.097045 -0.000000
vn -0.029880 0.095432 -0.000000
vn -0.035455 0.093504 -0.000000
vn -0.040828 0.091286 -0.000000
vn -0.045979 0.088803 -0.000000
vn -0.050892 0.086081 -0.000000
vn -0.055555 0.083148 -0.000000
vn -0.059961 0.080029 -0.000000
vn -0.064105 0.076750 -0.000000
vn -0.071609 0.069801 -0.000000
vn -0.078090 0.062466 -0.000000
vn -0.083597 0.054878 -0.000000
vn -0.088195 0.047135 -0.000000
vn -0.096433 0.026471 -0.000000
vn -0.097183 0.023570 -0.000000
vn -0.098012 0.019841 -0.000000
vn -0.098760 0.015699 -0.000000
vn -0.099123 0.013215 -0.000000
vn -0.099692 0.007836 -0.000000
vn -0.099782 0.006595 -0.000000
vn -0.100000 -0.000022 0.000000
vn -0.100000 -0.000022 0.000000
vn -0.099692 0.007836 -0.000000
vn -0.098760 0.015699 -0.000000
vn -0.097183 0.023570 -0.000000
vn -0.094928 0.031444 -0.000000
vn 0.060269 0.079797 0.000000
vn 0.060269 0.079797 0.000000
vn 0.060269 0.079797 0.000000
vn 0.060269 0.079797 0.000000
vn 0.100000 0.000000 0.000000
vn 0.100000 0.000000 0.000000
vn 0.100000 0.000000 0.000000
vn 0.100000 0.000000 0.000000
vn 0.074618 -0.066575 0.000000
vn 0.074618 -0.066575 0.000000
vn 0.074618 -0.066575 0.000000
vn 0.074618 -0.066575 0.000000
vn -0.074618 0.066575 -0.000000
vn -0.074618 0.066575 -0.000000
vn -0.065868 0.075242 -0.000000
vn -0.063821 0.076986 -0.000000
vn -0.056202 0.082712 -0.000000
vn -0.051771 0.085556 -0.000000
vn -0.045957 0.088814 -0.000000
vn -0.039087 0.092045 -0.000000
vn -0.035480 0.093494 -0.000000
vn -0.026366 0.096462 -0.000000
vn -0.025079 0.096804 -0.000000
vn -0.014075 0.099005 -0.000000
vn -0.014997 0.098869 -0.000000
vn -0.005400 0.099854 -0.000000
vn -0.014075 0.099005 -0.000000
vn -0.002517 0.099968 -0.000000
vn 0.003619 0.099935 0.000000
vn 0.008159 0.099667 0.000000
vn 0.012020 0.099275 0.000000
vn 0.017917 0.098382 0.000000
vn 0.019807 0.098019 0.000000
vn 0.026790 0.096345 0.000000
vn 0.027006 0.096284 0.000000
vn 0.033661 0.094164 0.000000
vn 0.026790 0.096345 0.000000
vn 0.034852 0.093730 0.000000
vn -0.002517 0.099968 -0.000000
vn 0.008159 0.099667 0.000000
vn 0.017917 0.098382 0.000000
vn 0.039820 0.091730 0.000000
vn 0.042192 0.090664 0.000000
vn 0.045533 0.089032 0.000000
vn 0.048898 0.087229 0.000000
vn 0.050848 0.086108 0.000000
vn 0.055055 0.083480 0.000000
vn 0.055809 0.082978 0.000000
vn 0.060737 0.079442 0.000000
vn 0.060456 0.079656 0.000000
vn 0.064824 0.076143 0.000000
vn 0.060737 0.079442 0.000000
vn 0.066006 0.075121 0.000000
vn 0.068941 0.072437 0.000000
vn 0.070913 0.070508 0.000000
vn 0.072830 0.068525 0.000000
vn 0.075496 0.065577 0.000000
vn 0.076510 0.064391 0.000000
vn 0.079780 0.060293 0.000000
vn 0.079992 0.060011 0.000000
vn 0.083280 0.055358 0.000000
vn 0.079780 0.060293 0.000000
vn 0.083776 0.054604 0.000000
vn 0.066006 0.075121 0.000000
vn 0.070913 0.070508 0.000000
vn 0.075496 0.065577 0.000000
vn 0.086372 0.050396 0.000000
vn 0.087480 0.048449 0.000000
vn 0.089258 0.045089 0.000000
vn 0.090865 0.041756 0.000000
vn 0.091915 0.039392 0.000000
vn 0.093881 0.034443 0.000000
vn 0.094308 0.033258 0.000000
vn 0.096446 0.026422 0.000000
vn 0.096387 0.026637 0.000000
vn 0.098084 0.019481 0.000000
vn 0.096446 0.026422 0.000000
vn 0.098438 0.017604 0.000000
vn 0.099307 0.011749 0.000000
vn 0.099686 0.007917 0.000000
vn 0.099942 0.003411 0.000000
vn 0.099964 -0.002677 0.000000
vn 0.099847 -0.005537 0.000000
vn 0.098994 -0.014145 0.000000
vn 0.098859 -0.015061 0.000000
vn 0.096807 -0.025069 0.000000
vn 0.098994 -0.014145 0.000000
vn 0.096467 -0.026348 0.000000
vn 0.098438 0.017604 0.000000
vn 0.099686 0.007917 0.000000
vn 0.099964 -0.002677 0.000000
vn 0.093522 -0.035406 0.000000
vn 0.092084 -0.038994 0.000000
vn 0.088878 -0.045834 0.000000
vn 0.085642 -0.051628 0.000000
vn 0.082815 -0.056050 0.000000
vn 0.077117 -0.063663 0.000000
vn 0.075379 -0.065712 0.000000
vn 0.066731 -0.074478 0.000000
vn 0.066731 -0.074478 0.000000
vn 0.077117 -0.063663 0.000000
vn 0.085642 -0.051628 0.000000
vn 0.092084 -0.038994 0.000000
vn 0.096467 -0.026348 0.000000
vn 0.093881 0.034443 0.000000
vn 0.090865 0.041756 0.000000
vn 0.087480 0.048449 0.000000
vn 0.083776 0.054604 0.000000
vn 0.055055 0.083480 0.000000
vn 0.048898 0.087229 0.000000
vn 0.042192 0.090664 0.000000
vn 0.034852 0.093730 0.000000
vn -0.026366 0.096462 -0.000000
vn -0.039087 0.092045 -0.000000
vn -0.051771 0.085556 -0.000000
vn -0.063821 0.076986 -0.000000
vn -0.066731 0.074478 -0.000000
vn -0.066731 0.074478 -0.000000
vn -0.066731 0.074478 -0.000000
vn -0.066731 0.074478 -0.000000
vn 0.000000 0.100000 0.000000
vn 0.000000 0.100000 0.000000
vn 0.000000 0.100000 0.000000
vn 0.000000 0.100000 0.000000
vn 0.006128 0.099812 0.000000
vn 0.010302 0.099468 0.000000
vn -0.000001 0.100000 0.000000
vn 0.006128 0.099812 0.000000
vn -0.000001 0.100000 0.000000
vn 0.012218 0.099251 0.000000
vn 0.018230 0.098324 0.000000
vn 0.020418 0.097893 0.000000
vn 0.024128 0.097045 0.000000
vn 0.030178 0.095338 0.000000
vn 0.029880 0.095432 0.000000
vn 0.035454 0.093504 0.000000
vn 0.039434 0.091896 0.000000
vn 0.040828 0.091286 0.000000
vn 0.045979 0.088803 0.000000
vn 0.048077 0.087684 0.000000
vn 0.050892 0.086081 0.000000
vn 0.056031 0.082828 0.000000
vn 0.055555 0.083148 0.000000
vn 0.059961 0.080029 0.000000
vn 0.063254 0.077452 0.000000
vn 0.064105 0.076750 0.000000
vn 0.069735 0.071673 0.000000
vn 0.071609 0.069801 0.000000
vn 0.075483 0.065592 0.000000
vn 0.078089 0.062466 0.000000
vn 0.080523 0.059296 0.000000
vn 0.083597 0.054878 0.000000
vn 0.084892 0.052852 0.000000
vn 0.088194 0.047135 0.000000
vn 0.088628 0.046314 0.000000
vn 0.091950 0.039308 0.000000
vn 0.091772 0.039722 0.000000
vn 0.094363 0.033101 0.000000
vn 0.091950 0.039308 0.000000
vn 0.094928 0.031444 0.000000
vn 0.096433 0.026471 0.000000
vn 0.097183 0.023570 0.000000
vn 0.098012 0.019841 0.000000
vn 0.098760 0.015699 0.000000
vn 0.099123 0.013215 0.000000
vn 0.099692 0.007836 0.000000
vn 0.099782 0.006595 0.000000
vn 0.100000 -0.000022 0.000000
vn 0.100000 -0.000022 0.000000
vn 0.099692 0.007836 0.000000
vn 0.098760 0.015699 0.000000
vn 0.097183 0.023570 0.000000
vn 0.094928 0.031444 0.000000
vn 0.088194 0.047135 0.000000
vn 0.083597 0.054878 0.000000
vn 0.078089 0.062466 0.000000
vn 0.071609 0.069801 0.000000
vn 0.064105 0.076750 0.000000
vn 0.059961 0.080029 0.000000
vn 0.055555 0.083148 0.000000
vn 0.050892 0.086081 0.000000
vn 0.045979 0.088803 0.000000
vn 0.040828 0.091286 0.000000
vn 0.035454 0.093504 0.000000
vn 0.029880 0.095432 0.000000
vn 0.024128 0.097045 0.000000
vn 0.018230 0.098324 0.000000
vn 0.012218 0.099251 0.000000
vn 0.000000 0.000000 -0.100000
vn 0.000000 0.000000 -0.100000
vn 0.000000 0.000000 -0.100000
vn 0.000000 0.000000 -0.100000
vn 0.000000 0.000000 -0.100000
vn 0.000000 0.000000 -0.100000
vn 0.000000 0.000000 -0.100000
vn 0.000000 0.000000 -0.100000
vn 0.000000 0.000000 -0.100000
vn 0.000000 0.000000 -0.100000
vn 0.000000 0.000000 -0.100000
vn 0.000000 0.000000 -0.100000
vn 0.000000 0.000000 -0.100000
vn 0.000000 0.000000 -0.100000
vn 0.000000 0.000000 -0.100000
vn 0.000000 0.000000 -0.100000
vn 0.000000 0.000000 -0.100000
vn 0.000000 0.000000 -0.100000
vn 0.000000 0.000000 -0.100000
vn 0.000000 0.000000 -0.100000
vn 0.000000 0.000000 -0.100000
vn 0.000000 0.000000 -0.100000
vn 0.000000 0.000000 -0.100000
vn 0.000000 0.000000 -0.100000
vn 0.000000 0.000000 -0.100000
vn 0.000000 0.000000 -0.100000
vn 0.000000 0.000000 -0.100000
vn 0.000000 0.000000 -0.100000
vn 0.000000 0.000000 -0.100000
vn 0.000000 0.000000 -0.100000
vn 0.000000 0.000000 -0.100000
vn 0.000000 0.000000 -0.100000
vn 0.000000 0.000000 -0.100000
vn 0.000000 0.000000 -0.100000
vn 0.000000 0.000000 -0.100000
vn 0.000000 0.000000 -0.100000
vn 0.000000 0.000000 -0.100000
vn 0.000000 0.000000 -0.100000
vn 0.000000 0.000000 -0.100000
vn 0.000000 0.000000 -0.100000
vn 0.000000 0.000000 -0.100000
vn 0.000000 0.000000 -0.100000
vn 0.000000 0.000000 -0.100000
vn 0.000000 0.000000 -0.100000
vn 0.000000 0.000000 -0.100000
vn 0.000000 0.000000 -0.100000
vn 0.000000 0.000000 -0.100000
vn 0.000000 0.000000 -0.100000
vn 0.000000 0.000000 -0.100000
vn 0.000000 0.000000 -0.100000
vn 0.000000 0.000000 -0.100000
vn 0.000000 0.000000 -0.100000
vn 0.000000 0.000000 -0.100000
vn 0.000000 0.000000 -0.100000
vn 0.000000 0.000000 -0.100000
vn 0.000000 0.000000 -0.100000
vn 0.000000 0.000000 -0.100000
vn 0.000000 0.000000 -0.100000
vn 0.000000 0.000000 -0.100000
vn 0.000000 0.000000 -0.100000
vn 0.000000 0.000000 -0.100000
vn 0.000000 0.000000 -0.100000
vn 0.000000 0.000000 -0.100000
vn 0.000000 0.000000 -0.100000
vn 0.000000 0.000000 -0.100000
vn 0.000000 0.000000 -0.100000
vn 0.000000 0.000000 -0.100000
vn 0.000000 0.000000 -0.100000
vn 0.000000 0.000000 -0.100000
vn 0.000000 0.000000 -0.100000
vn 0.000000 0.000000 -0.100000
vn 0.000000 0.000000 -0.100000
vn 0.000000 0.000000 -0.100000
vn 0.000000 0.000000 -0.100000
vn 0.000000 0.000000 -0.100000
vn 0.000000 0.000000 -0.100000
vn 0.000000 0.000000 -0.100000
vn 0.000000 0.000000 -0.100000
vn 0.000000 0.000000 -0.100000
vn 0.000000 0.000000 -0.100000
vn 0.000000 0.000000 -0.100000
vn 0.000000 0.000000 -0.100000
vn 0.000000 0.000000 -0.100000
vn 0.000000 0.000000 -0.100000
vn 0.000000 0.000000 -0.100000
vn 0.000000 0.000000 -0.100000
vn 0.000000 0.000000 -0.100000
vn 0.000000 0.000000 -0.100000
vn 0.000000 0.000000 -0.100000
vn 0.000000 0.000000 -0.100000
vn 0.000000 0.000000 -0.100000
vn 0.000000 0.000000 -0.100000
vn 0.000000 0.000000 -0.100000
vn 0.000000 0.000000 -0.100000
vn 0.000000 0.000000 -0.100000
vn 0.000000 0.000000 -0.100000
vn 0.000000 0.000000 -0.100000
vn 0.000000 0.000000 -0.100000
vn 0.000000 0.000000 -0.100000
vn 0.000000 0.000000 -0.100000
vn 0.000000 0.000000 -0.100000
vn 0.000000 0.000000 -0.100000
vn 0.000000 0.000000 -0.100000
vn 0.000000 0.000000 -0.100000
vn 0.000000 0.000000 -0.100000
vn 0.000000 0.000000 -0.100000
vn 0.000000 0.000000 -0.100000
vn 0.000000 0.000000 -0.100000
vn 0.000000 0.000000 -0.100000
vn 0.000000 0.000000 -0.100000
vn 0.000000 0.000000 -0.100000
vn 0.000000 0.000000 -0.100000
vn 0.000000 0.000000 -0.100000
vn 0.000000 0.000000 -0.100000
vn 0.000000 0.000000 -0.100000
vn 0.000000 0.000000 -0.100000
vn 0.000000 0.000000 -0.100000
vn 0.000000 0.000000 -0.100000
vn 0.000000 0.000000 -0.100000
vn 0.000000 0.000000 -0.100000
vn 0.000000 0.000000 -0.100000
vn 0.000000 0.000000 -0.100000
vn 0.000000 0.000000 -0.100000
vn 0.000000 0.000000 -0.100000
vn 0.000000 0.000000 -0.100000
vn 0.000000 0.000000 -0.100000
vn 0.000000 0.000000 -0.100000
vn 0.000000 0.000000 -0.100000
vn 0.000000 0.000000 -0.100000
vn 0.000000 0.000000 -0.100000
vn 0.000000 0.000000 -0.100000
vn 0.000000 0.000000 -0.100000
vn 0.000000 0.000000 -0.100000
vn 0.000000 0.000000 -0.100000
vn 0.000000 0.000000 -0.100000
vn 0.000000 0.000000 -0.100000
vn 0.000000 0.000000 -0.100000
vn 0.000000 0.000000 -0.100000
vn 0.000000 0.000000 -0.100000
vn 0.000000 0.000000 -0.100000
vn 0.000000 0.000000 -0.100000
vn 0.000000 0.000000 -0.100000
vn 0.000000 0.000000 -0.100000
vn 0.000000 0.000000 -0.100000
vn 0.000000 0.000000 -0.100000
vn 0.000000 0.000000 -0.100000
vn 0.000000 0.000000 -0.100000
vn 0.000000 0.000000 -0.100000
vn 0.000000 0.000000 -0.100000
vn 0.000000 0.000000 -0.100000
vn 0.000000 0.000000 -0.100000
vn 0.000000 0.000000 -0.100000
vn 0.000000 0.000000 -0.100000
vn 0.000000 0.000000 -0.100000
vn 0.000000 0.000000 -0.100000
vn 0.000000 0.000000 -0.100000
vn 0.000000 0.000000 -0.100000
vn 0.000000 0.000000 -0.100000
vn 0.000000 0.000000 -0.100000
vn 0.000000 0.000000 -0.100000
vn 0.000000 0.000000 -0.100000
vn 0.000000 0.000000 -0.100000
vn 0.000000 0.000000 -0.100000
vn 0.000000 0.000000 -0.100000
vn 0.000000 0.000000 -0.100000
vn 0.000000 0.000000 -0.100000
vn 0.000000 0.000000 -0.100000
vn 0.000000 0.000000 -0.100000
vn 0.000000 0.000000 -0.100000
vn 0.000000 0.000000 -0.100000
vn 0.000000 0.000000 -0.100000
vn 0.000000 0.000000 -0.100000
vn 0.000000 0.000000 -0.100000
vn 0.000000 0.000000 -0.100000
vn 0.000000 0.000000 -0.100000
vn 0.000000 0.000000 -0.100000
vn 0.000000 0.000000 -0.100000
vn 0.000000 0.000000 -0.100000
vn 0.000000 0.000000 -0.100000
vn 0.000000 0.000000 -0.100000
vn 0.000000 0.000000 -0.100000
vn 0.000000 0.000000 -0.100000
vn 0.000000 0.000000 -0.100000
vn 0.000000 0.000000 -0.100000
vn 0.000000 0.000000 -0.100000
vn 0.000000 0.000000 -0.100000
vn 0.000000 0.000000 -0.100000
vn 0.000000 0.000000 -0.100000
vn 0.000000 0.000000 -0.100000
vn 0.000000 0.000000 -0.100000
vn 0.000000 0.000000 -0.100000
vn 0.000000 0.000000 -0.100000
vn 0.000000 0.000000 -0.100000
vn 0.000000 0.000000 -0.100000
vn 0.000000 0.000000 -0.100000
vn 0.000000 0.000000 -0.100000
vn 0.000000 0.000000 -0.100000
vn 0.000000 0.000000 -0.100000
vn 0.000000 0.000000 -0.100000
vn 0.000000 0.000000 -0.100000
vn 0.000000 0.000000 -0.100000
vn 0.000000 0.000000 -0.100000
vn 0.000000 0.000000 -0.100000
vn 0.000000 0.000000 -0.100000
vn 0.000000 0.000000 -0.100000
vn 0.000000 0.000000 -0.100000
vn 0.000000 0.000000 -0.100000
vn 0.000000 0.000000 -0.100000
vn 0.000000 0.000000 -0.100000
vn 0.000000 0.000000 -0.100000
vn 0.000000 0.000000 -0.100000
vn 0.000000 0.000000 -0.100000
vn 0.000000 0.000000 -0.100000
vn 0.000000 0.000000 -0.100000
vn 0.000000 0.000000 -0.100000
vn 0.000000 0.000000 -0.100000
vn 0.000000 0.000000 -0.100000
vn 0.000000 0.000000 -0.100000
vn 0.000000 0.000000 -0.100000
vn 0.000000 0.000000 -0.100000
vn 0.000000 0.000000 -0.100000
vn 0.000000 0.000000 -0.100000
vn 0.000000 0.000000 -0.100000
vn 0.000000 0.000000 -0.100000
vn 0.000000 0.000000 -0.100000
vn 0.000000 0.000000 -0.100000
vn 0.000000 0.000000 -0.100000
vn 0.000000 0.000000 -0.100000
vn 0.000000 0.000000 -0.100000
vn 0.000000 0.000000 -0.100000
vn 0.000000 0.000000 -0.100000
vn 0.000000 0.000000 -0.100000
vn 0.000000 0.000000 -0.100000
vn 0.000000 0.000000 -0.100000
vn -0.060269 0.079797 0.000000
vn -0.060269 0.079797 0.000000
vn -0.060269 0.079797 0.000000
vn -0.060269 0.079797 0.000000
vn -0.100000 0.000000 0.000000
vn -0.100000 0.000000 0.000000
vn -0.100000 0.000000 0.000000
vn -0.100000 0.000000 0.000000
vn -0.074618 -0.066575 0.000000
vn -0.074618 -0.066575 0.000000
vn -0.074618 -0.066575 0.000000
vn -0.074618 -0.066575 0.000000
vn -0.066731 -0.074478 0.000000
vn -0.066731 -0.074478 0.000000
vn -0.075379 -0.065712 0.000000
vn -0.077117 -0.063663 0.000000
vn -0.082815 -0.056050 0.000000
vn -0.085642 -0.051628 0.000000
vn -0.088878 -0.045834 0.000000
vn -0.092084 -0.038994 0.000000
vn -0.093522 -0.035406 0.000000
vn -0.096467 -0.026348 0.000000
vn -0.096807 -0.025069 0.000000
vn -0.098994 -0.014145 0.000000
vn -0.098859 -0.015061 0.000000
vn -0.099847 -0.005537 0.000000
vn -0.098994 -0.014145 0.000000
vn -0.099964 -0.002677 0.000000
vn -0.099942 0.003411 0.000000
vn -0.099686 0.007917 0.000000
vn -0.099307 0.011749 0.000000
vn -0.098438 0.017604 0.000000
vn -0.098084 0.019481 0.000000
vn -0.096446 0.026422 0.000000
vn -0.096387 0.026637 0.000000
vn -0.094308 0.033258 0.000000
vn -0.096446 0.026422 0.000000
vn -0.093881 0.034443 0.000000
vn -0.099964 -0.002677 0.000000
vn -0.099686 0.007917 0.000000
vn -0.098438 0.017604 0.000000
vn -0.091915 0.039392 0.000000
vn -0.090865 0.041756 0.000000
vn -0.089258 0.045089 0.000000
vn -0.087480 0.048449 0.000000
vn -0.086372 0.050396 0.000000
vn -0.083776 0.054604 0.000000
vn -0.083280 0.055358 0.000000
vn -0.079780 0.060293 0.000000
vn -0.079992 0.060011 0.000000
vn -0.076510 0.064391 0.000000
vn -0.079780 0.060293 0.000000
vn -0.075496 0.065577 0.000000
vn -0.072830 0.068525 0.000000
vn -0.070913 0.070508 0.000000
vn -0.068941 0.072437 0.000000
vn -0.066006 0.075121 0.000000
vn -0.064824 0.076143 0.000000
vn -0.060737 0.079442 0.000000
vn -0.060456 0.079656 0.000000
vn -0.055809 0.082978 0.000000
vn -0.060737 0.079442 0.000000
vn -0.055055 0.083480 0.000000
vn -0.075496 0.065577 0.000000
vn -0.070913 0.070508 0.000000
vn -0.066006 0.075121 0.000000
vn -0.050848 0.086108 0.000000
vn -0.048898 0.087229 0.000000
vn -0.045533 0.089032 0.000000
vn -0.042192 0.090664 0.000000
vn -0.039820 0.091730 0.000000
vn -0.034852 0.093730 0.000000
vn -0.033661 0.094164 0.000000
vn -0.026790 0.096345 0.000000
vn -0.027006 0.096284 0.000000
vn -0.019807 0.098019 0.000000
vn -0.026790 0.096345 0.000000
vn -0.017917 0.098382 0.000000
vn -0.012020 0.099275 0.000000
vn -0.008159 0.099667 0.000000
vn -0.003619 0.099935 0.000000
vn 0.002517 0.099968 0.000000
vn 0.005400 0.099854 0.000000
vn 0.014075 0.099005 0.000000
vn 0.014997 0.098869 0.000000
vn 0.025079 0.096804 0.000000
vn 0.014075 0.099005 0.000000
vn 0.026366 0.096462 0.000000
vn -0.017917 0.098382 0.000000
vn -0.008159 0.099667 0.000000
vn 0.002517 0.099968 0.000000
vn 0.035480 0.093494 0.000000
vn 0.039087 0.092045 0.000000
vn 0.045957 0.088814 0.000000
vn 0.051771 0.085556 0.000000
vn 0.056202 0.082712 0.000000
vn 0.063821 0.076986 0.000000
vn 0.065868 0.075242 0.000000
vn 0.074618 0.066575 0.000000
vn 0.074618 0.066575 0.000000
vn 0.063821 0.076986 0.000000
vn 0.051771 0.085556 0.000000
vn 0.039087 0.092045 0.000000
vn 0.026366 0.096462 0.000000
vn -0.034852 0.093730 0.000000
vn -0.042192 0.090664 0.000000
vn -0.048898 0.087229 0.000000
vn -0.055055 0.083480 0.000000
vn -0.083776 0.054604 0.000000
vn -0.087480 0.048449 0.000000
vn -0.090865 0.041756 0.000000
vn -0.093881 0.034443 0.000000
vn -0.096467 -0.026348 0.000000
vn -0.092084 -0.038994 0.000000
vn -0.085642 -0.051628 0.000000
vn -0.077117 -0.063663 0.000000
vn 0.066731 0.074478 0.000000
vn 0.066731 0.074478 0.000000
vn 0.066731 0.074478 0.000000
vn 0.066731 0.074478 0.000000
vn 0.000000 0.100000 0.000000
vn 0.000000 0.100000 0.000000
vn 0.000000 0.100000 0.000000
vn 0.000000 0.100000 0.000000
vn 0.000000 0.000000 0.100000
vn 0.000000 0.000000 0.100000
vn 0.000000 0.000000 0.100000
vn 0.000000 0.000000 0.100000
vn 0.000000 0.000000 0.100000
vn 0.000000 0.000000 0.100000
vn 0.000000 0.000000 0.100000
vn 0.000000 0.000000 0.100000
vn 0.000000 0.000000 0.100000
vn 0.000000 0.000000 0.100000
vn 0.000000 0.000000 0.100000
vn 0.000000 0.000000 0.100000
vn 0.000000 0.000000 0.100000
vn 0.000000 0.000000 0.100000
vn 0.000000 0.000000 0.100000
vn 0.000000 0.000000 0.100000
vn 0.000000 0.000000 0.100000
vn 0.000000 0.000000 0.100000
vn 0.000000 0.000000 0.100000
vn 0.000000 0.000000 0.100000
vn 0.000000 0.000000 0.100000
vn 0.000000 0.000000 0.100000
vn 0.000000 0.000000 0.100000
vn 0.000000 0.000000 0.100000
vn 0.000000 0.000000 0.100000
vn 0.000000 0.000000 0.100000
vn 0.000000 0.000000 0.100000
vn 0.000000 0.000000 0.100000
vn 0.000000 0.000000 0.100000
vn 0.000000 0.000000 0.100000
vn 0.000000 0.000000 0.100000
vn 0.000000 0.000000 0.100000
vn 0.000000 0.000000 0.100000
vn 0.000000 0.000000 0.100000
vn 0.000000 0.000000 0.100000
vn 0.000000 0.000000 0.100000
vn 0.000000 0.000000 0.100000
vn 0.000000 0.000000 0.100000
vn 0.000000 0.000000 0.100000
vn 0.000000 0.000000 0.100000
vn 0.000000 0.000000 0.100000
vn 0.000000 0.000000 0.100000
vn 0.000000 0.000000 0.100000
vn 0.000000 0.000000 0.100000
vn 0.000000 0.000000 0.100000
vn 0.000000 0.000000 0.100000
vn 0.000000 0.000000 0.100000
vn 0.000000 0.000000 0.100000
vn 0.000000 0.000000 0.100000
vn 0.000000 0.000000 0.100000
vn 0.000000 0.000000 0.100000
vn 0.000000 0.000000 0.100000
vn 0.000000 0.000000 0.100000
vn 0.000000 0.000000 0.100000
vn 0.000000 0.000000 0.100000
vn 0.000000 0.000000 0.100000
vn 0.000000 0.000000 0.100000
vn 0.000000 0.000000 0.100000
vn 0.000000 0.000000 0.100000
vn 0.000000 0.000000 0.100000
vn 0.000000 0.000000 0.100000
vn 0.000000 0.000000 0.100000
vn 0.000000 0.000000 0.100000
vn 0.000000 0.000000 0.100000
vn 0.000000 0.000000 0.100000
vn 0.000000 0.000000 0.100000
vn 0.000000 0.000000 0.100000
vn 0.000000 0.000000 0.100000
vn 0.000000 0.000000 0.100000
vn 0.000000 0.000000 0.100000
vn 0.000000 0.000000 0.100000
vn 0.000000 0.000000 0.100000
vn 0.000000 0.000000 0.100000
vn 0.000000 0.000000 0.100000
vn 0.000000 0.000000 0.100000
vn 0.000000 0.000000 0.100000
vn 0.000000 0.000000 0.100000
vn 0.000000 0.000000 0.100000
vn 0.000000 0.000000 0.100000
vn 0.000000 0.000000 0.100000
vn 0.000000 0.000000 0.100000
vn 0.000000 0.000000 0.100000
vn 0.000000 0.000000 0.100000
vn 0.000000 0.000000 0.100000
vn 0.000000 0.000000 0.100000
vn 0.000000 0.000000 0.100000
vn 0.000000 0.000000 0.100000
vn 0.000000 0.000000 0.100000
vn 0.000000 0.000000 0.100000
vn 0.000000 0.000000 0.100000
vn 0.000000 0.000000 0.100000
vn 0.000000 0.000000 0.100000
vn 0.000000 0.000000 0.100000
vn 0.000000 0.000000 0.100000
vn 0.000000 0.000000 0.100000
vn 0.000000 0.000000 0.100000
vn 0.000000 0.000000 0.100000
vn 0.000000 0.000000 0.100000
vn 0.000000 0.000000 0.100000
vn 0.000000 0.000000 0.100000
vn 0.000000 0.000000 0.100000
vn 0.000000 0.000000 0.100000
vn 0.000000 0.000000 0.100000
vn 0.000000 0.000000 0.100000
vn 0.000000 0.000000 0.100000
vn 0.000000 0.000000 0.100000
vn 0.000000 0.000000 0.100000
vn 0.000000 0.000000 0.100000
vn 0.000000 0.000000 0.100000
vn 0.000000 0.000000 0.100000
vn 0.000000 0.000000 0.100000
vn 0.000000 0.000000 0.100000
vn 0.000000 0.000000 0.100000
vn 0.000000 0.000000 0.100000
vn 0.000000 0.000000 0.100000
vn 0.000000 0.000000 0.100000
vn 0.000000 0.000000 0.100000
vn 0.000000 0.000000 0.100000
vn 0.000000 0.000000 0.100000
vn 0.000000 0.000000 0.100000
vn 0.000000 0.000000 0.100000
vn 0.000000 0.000000 0.100000
vn 0.000000 0.000000 0.100000
vn 0.000000 0.000000 0.100000
vn 0.000000 0.000000 0.100000
vn 0.000000 0.000000 0.100000
vn 0.000000 0.000000 0.100000
vn 0.000000 0.000000 0.100000
vn 0.000000 0.000000 0.100000
vn 0.000000 0.000000 0.100000
vn 0.000000 0.000000 0.100000
vn 0.000000 0.000000 0.100000
vn 0.000000 0.000000 0.100000
vn 0.000000 0.000000 0.100000
vn 0.000000 0.000000 0.100000
vn 0.000000 0.000000 0.100000
vn 0.000000 0.000000 0.100000
vn 0.000000 0.000000 0.100000
vn 0.000000 0.000000 0.100000
vn 0.000000 0.000000 0.100000
vn 0.000000 0.000000 0.100000
vn 0.000000 0.000000 0.100000
vn 0.000000 0.000000 0.100000
vn 0.000000 0.000000 0.100000
vn 0.000000 0.000000 0.100000
vn 0.000000 0.000000 0.100000
vn 0.000000 0.000000 0.100000
vn 0.000000 0.000000 0.100000
vn 0.000000 0.000000 0.100000
vn 0.000000 0.000000 0.100000
vn 0.000000 0.000000 0.100000
vn 0.000000 0.000000 0.100000
vn 0.000000 0.000000 0.100000
vn 0.000000 0.000000 0.100000
vn 0.000000 0.000000 0.100000
vn 0.000000 0.000000 0.100000
vn 0.000000 0.000000 0.100000
vn 0.000000 0.000000 0.100000
vn 0.000000 0.000000 0.100000
vn 0.000000 0.000000 0.100000
vn 0.000000 0.000000 0.100000
vn 0.000000 0.000000 0.100000
vn 0.000000 0.000000 0.100000
vn 0.000000 0.000000 0.100000
vn 0.000000 0.000000 0.100000
vn 0.000000 0.000000 0.100000
vn 0.000000 0.000000 0.100000
vn 0.000000 0.000000 0.100000
vn 0.000000 0.000000 0.100000
vn 0.000000 0.000000 0.100000
vn 0.000000 0.000000 0.100000
vn 0.000000 0.000000 0.100000
vn 0.000000 0.000000 0.100000
vn 0.000000 0.000000 0.100000
vn 0.000000 0.000000 0.100000
vn 0.000000 0.000000 0.100000
vn 0.000000 0.000000 0.100000
vn 0.000000 0.000000 0.100000
vn 0.000000 0.000000 0.100000
vn 0.000000 0.000000 0.100000
vn 0.000000 0.000000 0.100000
vn 0.000000 0.000000 0.100000
vn 0.000000 0.000000 0.100000
vn 0.000000 0.000000 0.100000
vn 0.000000 0.000000 0.100000
vn 0.000000 0.000000 0.100000
vn 0.000000 0.000000 0.100000
vn 0.000000 0.000000 0.100000
vn 0.000000 0.000000 0.100000
vn 0.000000 0.000000 0.100000
vn 0.000000 0.000000 0.100000
vn 0.000000 0.000000 0.100000
vn 0.000000 0.000000 0.100000
vn 0.000000 0.000000 0.100000
vn 0.000000 0.000000 0.100000
vn 0.000000 0.000000 0.100000
vn 0.000000 0.000000 0.100000
vn 0.000000 0.000000 0.100000
vn 0.000000 0.000000 0.100000
vn 0.000000 0.000000 0.100000
vn 0.000000 0.000000 0.100000
vn 0.000000 0.000000 0.100000
vn 0.000000 0.000000 0.100000
vn 0.000000 0.000000 0.100000
vn 0.000000 0.000000 0.100000
vn 0.000000 0.000000 0.100000
vn 0.000000 0.000000 0.100000
vn 0.000000 0.000000 0.100000
vn 0.000000 0.000000 0.100000
vn 0.000000 0.000000 0.100000
vn 0.000000 0.000000 0.100000
vn 0.000000 0.000000 0.100000
vn 0.000000 0.000000 0.100000
vn 0.000000 0.000000 0.100000
vn 0.000000 0.000000 0.100000
vn 0.000000 0.000000 0.100000
vn 0.000000 0.000000 0.100000
vn 0.000000 0.000000 0.100000
vn 0.000000 0.000000 0.100000
vn 0.000000 0.000000 0.100000
vn 0.000000 0.000000 0.100000
vn 0.000000 0.000000 0.100000
vn 0.000000 0.000000 0.100000
vn 0.000000 0.000000 0.100000
vn 0.000000 0.000000 0.100000
vn 0.000000 0.000000 0.100000
vn 0.000000 0.000000 0.100000
vn 0.000000 0.000000 0.100000
vn 0.000000 0.000000 0.100000
vn 0.000000 0.000000 0.100000
vn 0.000000 0.000000 0.100000
vn 0.000000 0.000000 0.100000
vn 0.000000 0.000000 0.100000
vn 0.000000 0.000000 0.100000
usemtl Rivestimento_a_polvere_-_Ruvido_(nero)
f 1/1/1 2/2/2 46/3/3
f 46/3/3 2/2/2 48/4/4
f 46/3/3 48/4/4 45/5/5
f 45/5/5 48/4/4 44/6/6
f 44/6/6 48/4/4 49/7/7
f 44/6/6 49/7/7 43/8/8
f 43/8/8 49/7/7 50/9/9
f 43/8/8 50/9/9 42/10/10
f 42/10/10 50/9/9 41/11/11
f 41/11/11 50/9/9 51/12/12
f 41/11/11 51/12/12 40/13/13
f 40/13/13 51/12/12 39/14/14
f 39/14/14 51/12/12 52/15/15
f 39/14/14 52/15/15 38/16/16
f 38/16/16 52/15/15 53/17/17
f 38/16/16 53/17/17 37/18/18
f 37/18/18 53/17/17 36/19/19
f 36/19/19 53/17/17 54/20/20
f 36/19/19 54/20/20 35/21/21
f 35/21/21 54/20/20 55/22/22
f 35/21/21 55/22/22 34/23/23
f 34/23/23 55/22/22 56/24/24
f 34/23/23 56/24/24 33/25/25
f 33/25/25 56/24/24 57/26/26
f 33/25/25 57/26/26 32/27/27
f 32/27/27 57/26/26 58/28/28
f 32/27/27 58/28/28 31/29/29
f 31/29/29 58/28/28 47/30/30
f 31/29/29 47/30/30 30/31/31
f 30/31/31 47/30/30 59/32/32
f 30/31/31 59/32/32 60/33/33
f 60/33/33 59/32/32 19/34/34
f 60/33/33 19/34/34 20/35/35
f 2/2/2 3/36/36 48/4/4
f 48/4/4 3/36/36 4/37/37
f 48/4/4 4/37/37 5/38/38
f 48/4/4 5/38/38 49/7/7
f 49/7/7 5/38/38 6/39/39
f 49/7/7 6/39/39 50/9/9
f 50/9/9 6/39/39 7/40/40
f 50/9/9 7/40/40 8/41/41
f 50/9/9 8/41/41 51/12/12
f 51/12/12 8/41/41 9/42/42
f 51/12/12 9/42/42 10/43/43
f 51/12/12 10/43/43 52/15/15
f 52/15/15 10/43/43 11/44/44
f 52/15/15 11/44/44 53/17/17
f 53/17/17 11/44/44 12/45/45
f 53/17/17 12/45/45 13/46/46
f 53/17/17 13/46/46 54/20/20
f 54/20/20 13/46/46 14/47/47
f 54/20/20 14/47/47 55/22/22
f 55/22/22 14/47/47 15/48/48
f 55/22/22 15/48/48 56/24/24
f 56/24/24 15/48/48 16/49/49
f 56/24/24 16/49/49 57/26/26
f 57/26/26 16/49/49 17/50/50
f 57/26/26 17/50/50 58/28/28
f 58/28/28 17/50/50 18/51/51
f 58/28/28 18/51/51 47/30/30
f 47/30/30 18/51/51 19/34/34
f 47/30/30 19/34/34 59/32/32
f 60/33/33 20/35/35 61/52/52
f 61/52/52 20/35/35 21/53/53
f 61/52/52 21/53/53 62/54/54
f 62/54/54 21/53/53 22/55/55
f 62/54/54 22/55/55 63/56/56
f 63/56/56 22/55/55 23/57/57
f 63/56/56 23/57/57 64/58/58
f 64/58/58 23/57/57 24/59/59
f 64/58/58 24/59/59 25/60/60
f 25/60/60 26/61/61 64/58/58
f 64/58/58 26/61/61 63/56/56
f 26/61/61 27/62/62 63/56/56
f 63/56/56 27/62/62 62/54/54
f 27/62/62 28/63/63 62/54/54
f 62/54/54 28/63/63 61/52/52
f 28/63/63 29/64/64 61/52/52
f 61/52/52 29/64/64 60/33/33
f 29/64/64 30/31/31 60/33/33
f 24/65/65 65/66/66 25/67/67
f 25/67/67 65/66/66 66/68/68
f 67/69/69 68/70/70 70/71/71
f 70/71/71 68/70/70 69/72/72
f 134/73/73 71/74/74 141/75/75
f 141/75/75 71/74/74 72/76/76
f 141/75/75 72/76/76 142/77/77
f 142/77/77 72/76/76 73/78/78
f 142/77/77 73/78/78 143/79/79
f 143/79/79 73/78/78 74/80/80
f 143/79/79 74/80/80 144/81/81
f 144/81/81 74/80/80 75/82/82
f 144/81/81 75/82/82 140/83/83
f 140/83/83 75/82/82 76/84/84
f 140/83/83 76/84/84 145/85/85
f 145/85/85 76/84/84 146/86/86
f 145/85/85 146/86/86 129/87/87
f 129/87/87 146/86/86 128/88/88
f 128/88/88 146/86/86 147/89/89
f 128/88/88 147/89/89 127/90/90
f 127/90/90 147/89/89 148/91/91
f 127/90/90 148/91/91 126/92/92
f 126/92/92 148/91/91 149/93/93
f 126/92/92 149/93/93 125/94/94
f 125/94/94 149/93/93 150/95/95
f 125/94/94 150/95/95 139/96/96
f 139/96/96 150/95/95 80/97/97
f 139/96/96 80/97/97 81/98/98
f 76/84/84 77/99/99 146/86/86
f 146/86/86 77/99/99 147/89/89
f 77/99/99 78/100/100 147/89/89
f 147/89/89 78/100/100 148/91/91
f 78/100/100 79/101/101 148/91/91
f 148/91/91 79/101/101 149/93/93
f 79/101/101 80/97/97 149/93/93
f 149/93/93 80/97/97 150/95/95
f 139/96/96 81/98/98 151/102/102
f 151/102/102 81/98/98 82/103/103
f 151/102/102 82/103/103 152/104/104
f 152/104/104 82/103/103 83/105/105
f 152/104/104 83/105/105 153/106/106
f 153/106/106 83/105/105 84/107/107
f 153/106/106 84/107/107 138/108/108
f 138/108/108 84/107/107 85/109/109
f 138/108/108 85/109/109 154/110/110
f 154/110/110 85/109/109 155/111/111
f 154/110/110 155/111/111 120/112/112
f 120/112/112 155/111/111 119/113/113
f 119/113/113 155/111/111 156/114/114
f 119/113/113 156/114/114 118/115/115
f 118/115/115 156/114/114 157/116/116
f 118/115/115 157/116/116 117/117/117
f 117/117/117 157/116/116 158/118/118
f 117/117/117 158/118/118 116/119/119
f 116/119/119 158/118/118 159/120/120
f 116/119/119 159/120/120 137/121/121
f 137/121/121 159/120/120 89/122/122
f 137/121/121 89/122/122 90/123/123
f 85/109/109 86/124/124 155/111/111
f 155/111/111 86/124/124 156/114/114
f 86/124/124 87/125/125 156/114/114
f 156/114/114 87/125/125 157/116/116
f 87/125/125 88/126/126 157/116/116
f 157/116/116 88/126/126 158/118/118
f 88/126/126 89/122/122 158/118/118
f 158/118/118 89/122/122 159/120/120
f 137/121/121 90/123/123 160/127/127
f 160/127/127 90/123/123 91/128/128
f 160/127/127 91/128/128 161/129/129
f 161/129/129 91/128/128 92/130/130
f 161/129/129 92/130/130 162/131/131
f 162/131/131 92/130/130 93/132/132
f 162/131/131 93/132/132 136/133/133
f 136/133/133 93/132/132 94/134/134
f 136/133/133 94/134/134 163/135/135
f 163/135/135 94/134/134 164/136/136
f 163/135/135 164/136/136 111/137/137
f 111/137/137 164/136/136 110/138/138
f 110/138/138 164/136/136 165/139/139
f 110/138/138 165/139/139 109/140/140
f 109/140/140 165/139/139 166/141/141
f 109/140/140 166/141/141 108/142/142
f 108/142/142 166/141/141 167/143/143
f 108/142/142 167/143/143 107/144/144
f 107/144/144 167/143/143 168/145/145
f 107/144/144 168/145/145 135/146/146
f 135/146/146 168/145/145 98/147/147
f 135/146/146 98/147/147 99/148/148
f 94/134/134 95/149/149 164/136/136
f 164/136/136 95/149/149 165/139/139
f 95/149/149 96/150/150 165/139/139
f 165/139/139 96/150/150 166/141/141
f 96/150/150 97/151/151 166/141/141
f 166/141/141 97/151/151 167/143/143
f 97/151/151 98/147/147 167/143/143
f 167/143/143 98/147/147 168/145/145
f 135/146/146 99/148/148 169/152/152
f 169/152/152 99/148/148 100/153/153
f 169/152/152 100/153/153 170/154/154
f 170/154/154 100/153/153 101/155/155
f 170/154/154 101/155/155 171/156/156
f 171/156/156 101/155/155 102/157/157
f 171/156/156 102/157/157 172/158/158
f 172/158/158 102/157/157 67/159/159
f 172/158/158 67/159/159 70/160/160
f 70/160/160 103/161/161 172/158/158
f 172/158/158 103/161/161 171/156/156
f 103/161/161 104/162/162 171/156/156
f 171/156/156 104/162/162 170/154/154
f 104/162/162 105/163/163 170/154/154
f 170/154/154 105/163/163 169/152/152
f 105/163/163 106/164/164 169/152/152
f 169/152/152 106/164/164 135/146/146
f 106/164/164 107/144/144 135/146/146
f 163/135/135 111/137/137 136/133/133
f 136/133/133 111/137/137 112/165/165
f 136/133/133 112/165/165 162/131/131
f 162/131/131 112/165/165 113/166/166
f 162/131/131 113/166/166 161/129/129
f 161/129/129 113/166/166 114/167/167
f 161/129/129 114/167/167 160/127/127
f 160/127/127 114/167/167 115/168/168
f 160/127/127 115/168/168 137/121/121
f 137/121/121 115/168/168 116/119/119
f 154/110/110 120/112/112 138/108/108
f 138/108/108 120/112/112 121/169/169
f 138/108/108 121/169/169 153/106/106
f 153/106/106 121/169/169 122/170/170
f 153/106/106 122/170/170 152/104/104
f 152/104/104 122/170/170 123/171/171
f 152/104/104 123/171/171 151/102/102
f 151/102/102 123/171/171 124/172/172
f 151/102/102 124/172/172 139/96/96
f 139/96/96 124/172/172 125/94/94
f 145/85/85 129/87/87 140/83/83
f 140/83/83 129/87/87 130/173/173
f 140/83/83 130/173/173 144/81/81
f 144/81/81 130/173/173 131/174/174
f 144/81/81 131/174/174 143/79/79
f 143/79/79 131/174/174 132/175/175
f 143/79/79 132/175/175 142/77/77
f 142/77/77 132/175/175 133/176/176
f 142/77/77 133/176/176 141/75/75
f 141/75/75 133/176/176 134/73/73
f 173/177/177 71/178/178 174/179/179
f 174/179/179 71/178/178 134/180/180
f 65/181/181 173/182/182 66/183/183
f 66/183/183 173/182/182 174/184/184
f 218/185/185 175/186/186 221/187/187
f 221/187/187 175/186/186 176/188/188
f 221/187/187 176/188/188 220/189/189
f 220/189/189 176/188/188 177/190/190
f 220/189/189 177/190/190 222/191/191
f 222/191/191 177/190/190 178/192/192
f 222/191/191 178/192/192 223/193/193
f 223/193/193 178/192/192 179/194/194
f 223/193/193 179/194/194 224/195/195
f 224/195/195 179/194/194 180/196/196
f 224/195/195 180/196/196 225/197/197
f 225/197/197 180/196/196 219/198/198
f 225/197/197 219/198/198 213/199/199
f 213/199/199 219/198/198 212/200/200
f 212/200/200 219/198/198 226/201/201
f 212/200/200 226/201/201 211/202/202
f 211/202/202 226/201/201 227/203/203
f 211/202/202 227/203/203 210/204/204
f 210/204/204 227/203/203 228/205/205
f 210/204/204 228/205/205 209/206/206
f 209/206/206 228/205/205 229/207/207
f 209/206/206 229/207/207 208/208/208
f 208/208/208 229/207/207 230/209/209
f 208/208/208 230/209/209 207/210/210
f 207/210/210 230/209/209 231/211/211
f 207/210/210 231/211/211 206/212/212
f 206/212/212 231/211/211 205/213/213
f 205/213/213 231/211/211 232/214/214
f 205/213/213 232/214/214 204/215/215
f 204/215/215 232/214/214 233/216/216
f 204/215/215 233/216/216 203/217/217
f 203/217/217 233/216/216 202/218/218
f 202/218/218 233/216/216 234/219/219
f 202/218/218 234/219/219 201/220/220
f 201/220/220 234/219/219 200/221/221
f 200/221/221 234/219/219 235/222/222
f 200/221/221 235/222/222 199/223/223
f 199/223/223 235/222/222 236/224/224
f 199/223/223 236/224/224 198/225/225
f 198/225/225 236/224/224 197/226/226
f 197/226/226 236/224/224 1/227/227
f 1/227/227 236/224/224 196/228/228
f 1/227/227 196/228/228 2/229/229
f 180/196/196 181/230/230 219/198/198
f 219/198/198 181/230/230 226/201/201
f 181/230/230 182/231/231 226/201/201
f 226/201/201 182/231/231 227/203/203
f 182/231/231 183/232/232 227/203/203
f 227/203/203 183/232/232 228/205/205
f 183/232/232 184/233/233 228/205/205
f 228/205/205 184/233/233 229/207/207
f 184/233/233 185/234/234 229/207/207
f 229/207/207 185/234/234 230/209/209
f 185/234/234 186/235/235 230/209/209
f 230/209/209 186/235/235 231/211/211
f 186/235/235 187/236/236 231/211/211
f 231/211/211 187/236/236 188/237/237
f 231/211/211 188/237/237 232/214/214
f 232/214/214 188/237/237 189/238/238
f 232/214/214 189/238/238 233/216/216
f 233/216/216 189/238/238 190/239/239
f 233/216/216 190/239/239 191/240/240
f 233/216/216 191/240/240 234/219/219
f 234/219/219 191/240/240 192/241/241
f 234/219/219 192/241/241 193/242/242
f 234/219/219 193/242/242 235/222/222
f 235/222/222 193/242/242 194/243/243
f 235/222/222 194/243/243 236/224/224
f 236/224/224 194/243/243 195/244/244
f 236/224/224 195/244/244 196/228/228
f 225/197/197 213/199/199 224/195/195
f 224/195/195 213/199/199 214/245/245
f 224/195/195 214/245/245 223/193/193
f 223/193/193 214/245/245 215/246/246
f 223/193/193 215/246/246 222/191/191
f 222/191/191 215/246/246 216/247/247
f 222/191/191 216/247/247 220/189/189
f 220/189/189 216/247/247 217/248/248
f 220/189/189 217/248/248 221/187/187
f 221/187/187 217/248/248 218/185/185
f 237/249/249 175/250/250 238/251/251
f 238/251/251 175/250/250 218/252/252
f 239/253/253 240/254/254 242/255/255
f 242/255/255 240/254/254 241/256/256
f 241/257/257 240/258/258 314/259/259
f 314/259/259 240/258/258 243/260/260
f 314/259/259 243/260/260 313/261/261
f 313/261/261 243/260/260 244/262/262
f 313/261/261 244/262/262 315/263/263
f 315/263/263 244/262/262 245/264/264
f 315/263/263 245/264/264 316/265/265
f 316/265/265 245/264/264 246/266/266
f 316/265/265 246/266/266 307/267/267
f 307/267/267 246/266/266 247/268/268
f 307/267/267 247/268/268 318/269/269
f 318/269/269 247/268/268 317/270/270
f 318/269/269 317/270/270 302/271/271
f 302/271/271 317/270/270 301/272/272
f 301/272/272 317/270/270 319/273/273
f 301/272/272 319/273/273 300/274/274
f 300/274/274 319/273/273 320/275/275
f 300/274/274 320/275/275 299/276/276
f 299/276/276 320/275/275 321/277/277
f 299/276/276 321/277/277 298/278/278
f 298/278/278 321/277/277 322/279/279
f 298/278/278 322/279/279 308/280/280
f 308/280/280 322/279/279 251/281/281
f 308/280/280 251/281/281 252/282/282
f 247/268/268 248/283/283 317/270/270
f 317/270/270 248/283/283 319/273/273
f 248/283/283 249/284/284 319/273/273
f 319/273/273 249/284/284 320/275/275
f 249/284/284 250/285/285 320/275/275
f 320/275/275 250/285/285 321/277/277
f 250/285/285 251/281/281 321/277/277
f 321/277/277 251/281/281 322/279/279
f 308/280/280 252/282/282 323/286/286
f 323/286/286 252/282/282 253/287/287
f 323/286/286 253/287/287 324/288/288
f 324/288/288 253/287/287 254/289/289
f 324/288/288 254/289/289 325/290/290
f 325/290/290 254/289/289 255/291/291
f 325/290/290 255/291/291 309/292/292
f 309/292/292 255/291/291 256/293/293
f 309/292/292 256/293/293 327/294/294
f 327/294/294 256/293/293 326/295/295
f 327/294/294 326/295/295 293/296/296
f 293/296/296 326/295/295 292/297/297
f 292/297/297 326/295/295 328/298/298
f 292/297/297 328/298/298 291/299/299
f 291/299/299 328/298/298 329/300/300
f 291/299/299 329/300/300 290/301/301
f 290/301/301 329/300/300 330/302/302
f 290/301/301 330/302/302 289/303/303
f 289/303/303 330/302/302 331/304/304
f 289/303/303 331/304/304 310/305/305
f 310/305/305 331/304/304 260/306/306
f 310/305/305 260/306/306 261/307/307
f 256/293/293 257/308/308 326/295/295
f 326/295/295 257/308/308 328/298/298
f 257/308/308 258/309/309 328/298/298
f 328/298/298 258/309/309 329/300/300
f 258/309/309 259/310/310 329/300/300
f 329/300/300 259/310/310 330/302/302
f 259/310/310 260/306/306 330/302/302
f 330/302/302 260/306/306 331/304/304
f 310/305/305 261/307/307 332/311/311
f 332/311/311 261/307/307 262/312/312
f 332/311/311 262/312/312 333/313/313
f 333/313/313 262/312/312 263/314/314
f 333/313/313 263/314/314 334/315/315
f 334/315/315 263/314/314 264/316/316
f 334/315/315 264/316/316 311/317/317
f 311/317/317 264/316/316 265/318/318
f 311/317/317 265/318/318 336/319/319
f 336/319/319 265/318/318 335/320/320
f 336/319/319 335/320/320 284/321/321
f 284/321/321 335/320/320 283/322/322
f 283/322/322 335/320/320 337/323/323
f 283/322/322 337/323/323 282/324/324
f 282/324/324 337/323/323 338/325/325
f 282/324/324 338/325/325 281/326/326
f 281/326/326 338/325/325 339/327/327
f 281/326/326 339/327/327 280/328/328
f 280/328/328 339/327/327 340/329/329
f 280/328/328 340/329/329 312/330/330
f 312/330/330 340/329/329 269/331/331
f 312/330/330 269/331/331 270/332/332
f 265/318/318 266/333/333 335/320/320
f 335/320/320 266/333/333 337/323/323
f 266/333/333 267/334/334 337/323/323
f 337/323/323 267/334/334 338/325/325
f 267/334/334 268/335/335 338/325/325
f 338/325/325 268/335/335 339/327/327
f 268/335/335 269/331/331 339/327/327
f 339/327/327 269/331/331 340/329/329
f 312/330/330 270/332/332 341/336/336
f 341/336/336 270/332/332 271/337/337
f 341/336/336 271/337/337 342/338/338
f 342/338/338 271/337/337 272/339/339
f 342/338/338 272/339/339 343/340/340
f 343/340/340 272/339/339 273/341/341
f 343/340/340 273/341/341 344/342/342
f 344/342/342 273/341/341 274/343/343
f 344/342/342 274/343/343 275/344/344
f 275/344/344 276/345/345 344/342/342
f 344/342/342 276/345/345 343/340/340
f 276/345/345 277/346/346 343/340/340
f 343/340/340 277/346/346 342/338/338
f 277/346/346 278/347/347 342/338/338
f 342/338/338 278/347/347 341/336/336
f 278/347/347 279/348/348 341/336/336
f 341/336/336 279/348/348 312/330/330
f 279/348/348 280/328/328 312/330/330
f 336/319/319 284/321/321 311/317/317
f 311/317/317 284/321/321 285/349/349
f 311/317/317 285/349/349 334/315/315
f 334/315/315 285/349/349 286/350/350
f 334/315/315 286/350/350 333/313/313
f 333/313/313 286/350/350 287/351/351
f 333/313/313 287/351/351 332/311/311
f 332/311/311 287/351/351 288/352/352
f 332/311/311 288/352/352 310/305/305
f 310/305/305 288/352/352 289/303/303
f 327/294/294 293/296/296 309/292/292
f 309/292/292 293/296/296 294/353/353
f 309/292/292 294/353/353 325/290/290
f 325/290/290 294/353/353 295/354/354
f 325/290/290 295/354/354 324/288/288
f 324/288/288 295/354/354 296/355/355
f 324/288/288 296/355/355 323/286/286
f 323/286/286 296/355/355 297/356/356
f 323/286/286 297/356/356 308/280/280
f 308/280/280 297/356/356 298/278/278
f 318/269/269 302/271/271 307/267/267
f 307/267/267 302/271/271 303/357/357
f 307/267/267 303/357/357 316/265/265
f 316/265/265 303/357/357 304/358/358
f 316/265/265 304/358/358 315/263/263
f 315/263/263 304/358/358 305/359/359
f 315/263/263 305/359/359 313/261/261
f 313/261/261 305/359/359 306/360/360
f 313/261/261 306/360/360 314/259/259
f 314/259/259 306/360/360 241/257/257
f 274/361/361 345/362/362 275/363/363
f 275/363/363 345/362/362 346/364/364
f 345/365/365 237/366/366 346/367/367
f 346/367/367 237/366/366 238/368/368
f 347/369/369 348/370/370 392/371/371
f 392/371/371 348/370/370 394/372/372
f 392/371/371 394/372/372 391/373/373
f 391/373/373 394/372/372 390/374/374
f 390/374/374 394/372/372 395/375/375
f 390/374/374 395/375/375 389/376/376
f 389/376/376 395/375/375 396/377/377
f 389/376/376 396/377/377 388/378/378
f 388/378/378 396/377/377 387/379/379
f 387/379/379 396/377/377 397/380/380
f 387/379/379 397/380/380 386/381/381
f 386/381/381 397/380/380 385/382/382
f 385/382/382 397/380/380 398/383/383
f 385/382/382 398/383/383 384/384/384
f 384/384/384 398/383/383 399/385/385
f 384/384/384 399/385/385 383/386/386
f 383/386/386 399/385/385 382/387/387
f 382/387/387 399/385/385 400/388/388
f 382/387/387 400/388/388 381/389/389
f 381/389/389 400/388/388 401/390/390
f 381/389/389 401/390/390 380/391/391
f 380/391/391 401/390/390 402/392/392
f 380/391/391 402/392/392 379/393/393
f 379/393/393 402/392/392 403/394/394
f 379/393/393 403/394/394 378/395/395
f 378/395/395 403/394/394 404/396/396
f 378/395/395 404/396/396 377/397/397
f 377/397/397 404/396/396 393/398/398
f 377/397/397 393/398/398 376/399/399
f 376/399/399 393/398/398 405/400/400
f 376/399/399 405/400/400 406/401/401
f 406/401/401 405/400/400 365/402/402
f 406/401/401 365/402/402 366/403/403
f 348/370/370 349/404/404 394/372/372
f 394/372/372 349/404/404 350/405/405
f 394/372/372 350/405/405 351/406/406
f 394/372/372 351/406/406 395/375/375
f 395/375/375 351/406/406 352/407/407
f 395/375/375 352/407/407 396/377/377
f 396/377/377 352/407/407 353/408/408
f 396/377/377 353/408/408 354/409/409
f 396/377/377 354/409/409 397/380/380
f 397/380/380 354/409/409 355/410/410
f 397/380/380 355/410/410 356/411/411
f 397/380/380 356/411/411 398/383/383
f 398/383/383 356/411/411 357/412/412
f 398/383/383 357/412/412 399/385/385
f 399/385/385 357/412/412 358/413/413
f 399/385/385 358/413/413 359/414/414
f 399/385/385 359/414/414 400/388/388
f 400/388/388 359/414/414 360/415/415
f 400/388/388 360/415/415 401/390/390
f 401/390/390 360/415/415 361/416/416
f 401/390/390 361/416/416 402/392/392
f 402/392/392 361/416/416 362/417/417
f 402/392/392 362/417/417 403/394/394
f 403/394/394 362/417/417 363/418/418
f 403/394/394 363/418/418 404/396/396
f 404/396/396 363/418/418 364/419/419
f 404/396/396 364/419/419 393/398/398
f 393/398/398 364/419/419 365/402/402
f 393/398/398 365/402/402 405/400/400
f 406/401/401 366/403/403 407/420/420
f 407/420/420 366/403/403 367/421/421
f 407/420/420 367/421/421 408/422/422
f 408/422/422 367/421/421 368/423/423
f 408/422/422 368/423/423 409/424/424
f 409/424/424 368/423/423 369/425/425
f 409/424/424 369/425/425 410/426/426
f 410/426/426 369/425/425 370/427/427
f 410/426/426 370/427/427 371/428/428
f 371/428/428 372/429/429 410/426/426
f 410/426/426 372/429/429 409/424/424
f 372/429/429 373/430/430 409/424/424
f 409/424/424 373/430/430 408/422/422
f 373/430/430 374/431/431 408/422/422
f 408/422/422 374/431/431 407/420/420
f 374/431/431 375/432/432 407/420/420
f 407/420/420 375/432/432 406/401/401
f 375/432/432 376/399/399 406/401/401
f 411/433/433 371/434/434 412/435/435
f 412/435/435 371/434/434 370/436/436
f 68/437/437 413/438/438 69/439/439
f 69/439/439 413/438/438 414/440/440
f 413/441/441 415/442/442 414/443/443
f 414/443/443 415/442/442 416/444/444
f 416/445/445 415/446/446 488/447/447
f 488/447/447 415/446/446 417/448/448
f 488/447/447 417/448/448 487/449/449
f 487/449/449 417/448/448 418/450/450
f 487/449/449 418/450/450 489/451/451
f 489/451/451 418/450/450 419/452/452
f 489/451/451 419/452/452 490/453/453
f 490/453/453 419/452/452 420/454/454
f 490/453/453 420/454/454 481/455/455
f 481/455/455 420/454/454 421/456/456
f 481/455/455 421/456/456 492/457/457
f 492/457/457 421/456/456 491/458/458
f 492/457/457 491/458/458 476/459/459
f 476/459/459 491/458/458 475/460/460
f 475/460/460 491/458/458 493/461/461
f 475/460/460 493/461/461 474/462/462
f 474/462/462 493/461/461 494/463/463
f 474/462/462 494/463/463 473/464/464
f 473/464/464 494/463/463 495/465/465
f 473/464/464 495/465/465 472/466/466
f 472/466/466 495/465/465 496/467/467
f 472/466/466 496/467/467 482/468/468
f 482/468/468 496/467/467 425/469/469
f 482/468/468 425/469/469 426/470/470
f 421/456/456 422/471/471 491/458/458
f 491/458/458 422/471/471 493/461/461
f 422/471/471 423/472/472 493/461/461
f 493/461/461 423/472/472 494/463/463
f 423/472/472 424/473/473 494/463/463
f 494/463/463 424/473/473 495/465/465
f 424/473/473 425/469/469 495/465/465
f 495/465/465 425/469/469 496/467/467
f 482/468/468 426/470/470 497/474/474
f 497/474/474 426/470/470 427/475/475
f 497/474/474 427/475/475 498/476/476
f 498/476/476 427/475/475 428/477/477
f 498/476/476 428/477/477 499/478/478
f 499/478/478 428/477/477 429/479/479
f 499/478/478 429/479/479 483/480/480
f 483/480/480 429/479/479 430/481/481
f 483/480/480 430/481/481 501/482/482
f 501/482/482 430/481/481 500/483/483
f 501/482/482 500/483/483 467/484/484
f 467/484/484 500/483/483 466/485/485
f 466/485/485 500/483/483 502/486/486
f 466/485/485 502/486/486 465/487/487
f 465/487/487 502/486/486 503/488/488
f 465/487/487 503/488/488 464/489/489
f 464/489/489 503/488/488 504/490/490
f 464/489/489 504/490/490 463/491/491
f 463/491/491 504/490/490 505/492/492
f 463/491/491 505/492/492 484/493/493
f 484/493/493 505/492/492 434/494/494
f 484/493/493 434/494/494 435/495/495
f 430/481/481 431/496/496 500/483/483
f 500/483/483 431/496/496 502/486/486
f 431/496/496 432/497/497 502/486/486
f 502/486/486 432/497/497 503/488/488
f 432/497/497 433/498/498 503/488/488
f 503/488/488 433/498/498 504/490/490
f 433/498/498 434/494/494 504/490/490
f 504/490/490 434/494/494 505/492/492
f 484/493/493 435/495/495 506/499/499
f 506/499/499 435/495/495 436/500/500
f 506/499/499 436/500/500 507/501/501
f 507/501/501 436/500/500 437/502/502
f 507/501/501 437/502/502 508/503/503
f 508/503/503 437/502/502 438/504/504
f 508/503/503 438/504/504 485/505/505
f 485/505/505 438/504/504 439/506/506
f 485/505/505 439/506/506 510/507/507
f 510/507/507 439/506/506 509/508/508
f 510/507/507 509/508/508 458/509/509
f 458/509/509 509/508/508 457/510/510
f 457/510/510 509/508/508 511/511/511
f 457/510/510 511/511/511 456/512/512
f 456/512/512 511/511/511 512/513/513
f 456/512/512 512/513/513 455/514/514
f 455/514/514 512/513/513 513/515/515
f 455/514/514 513/515/515 454/516/516
f 454/516/516 513/515/515 514/517/517
f 454/516/516 514/517/517 486/518/518
f 486/518/518 514/517/517 443/519/519
f 486/518/518 443/519/519 444/520/520
f 439/506/506 440/521/521 509/508/508
f 509/508/508 440/521/521 511/511/511
f 440/521/521 441/522/522 511/511/511
f 511/511/511 441/522/522 512/513/513
f 441/522/522 442/523/523 512/513/513
f 512/513/513 442/523/523 513/515/515
f 442/523/523 443/519/519 513/515/515
f 513/515/515 443/519/519 514/517/517
f 486/518/518 444/520/520 515/524/524
f 515/524/524 444/520/520 445/525/525
f 515/524/524 445/525/525 516/526/526
f 516/526/526 445/525/525 446/527/527
f 516/526/526 446/527/527 517/528/528
f 517/528/528 446/527/527 447/529/529
f 517/528/528 447/529/529 518/530/530
f 518/530/530 447/529/529 448/531/531
f 518/530/530 448/531/531 449/532/532
f 449/532/532 450/533/533 518/530/530
f 518/530/530 450/533/533 517/528/528
f 450/533/533 451/534/534 517/528/528
f 517/528/528 451/534/534 516/526/526
f 451/534/534 452/535/535 516/526/526
f 516/526/526 452/535/535 515/524/524
f 452/535/535 453/536/536 515/524/524
f 515/524/524 453/536/536 486/518/518
f 453/536/536 454/516/516 486/518/518
f 510/507/507 458/509/509 485/505/505
f 485/505/505 458/509/509 459/537/537
f 485/505/505 459/537/537 508/503/503
f 508/503/503 459/537/537 460/538/538
f 508/503/503 460/538/538 507/501/501
f 507/501/501 460/538/538 461/539/539
f 507/501/501 461/539/539 506/499/499
f 506/499/499 461/539/539 462/540/540
f 506/499/499 462/540/540 484/493/493
f 484/493/493 462/540/540 463/491/491
f 501/482/482 467/484/484 483/480/480
f 483/480/480 467/484/484 468/541/541
f 483/480/480 468/541/541 499/478/478
f 499/478/478 468/541/541 469/542/542
f 499/478/478 469/542/542 498/476/476
f 498/476/476 469/542/542 470/543/543
f 498/476/476 470/543/543 497/474/474
f 497/474/474 470/543/543 471/544/544
f 497/474/474 471/544/544 482/468/468
f 482/468/468 471/544/544 472/466/466
f 492/457/457 476/459/459 481/455/455
f 481/455/455 476/459/459 477/545/545
f 481/455/455 477/545/545 490/453/453
f 490/453/453 477/545/545 478/546/546
f 490/453/453 478/546/546 489/451/451
f 489/451/451 478/546/546 479/547/547
f 489/451/451 479/547/547 487/449/449
f 487/449/449 479/547/547 480/548/548
f 487/449/449 480/548/548 488/447/447
f 488/447/447 480/548/548 416/445/445
f 448/549/549 519/550/550 449/551/551
f 449/551/551 519/550/550 520/552/552
f 519/553/553 411/554/554 520/555/555
f 520/555/555 411/554/554 412/556/556
f 521/557/557 566/558/558 347/559/559
f 347/559/559 566/558/558 564/560/560
f 347/559/559 564/560/560 348/561/561
f 521/557/557 522/562/562 566/558/558
f 566/558/558 522/562/562 523/563/563
f 566/558/558 523/563/563 567/564/564
f 567/564/564 523/563/563 524/565/565
f 567/564/564 524/565/565 568/566/566
f 568/566/566 524/565/565 525/567/567
f 568/566/566 525/567/567 526/568/568
f 568/566/566 526/568/568 569/569/569
f 569/569/569 526/568/568 527/570/570
f 569/569/569 527/570/570 528/571/571
f 569/569/569 528/571/571 570/572/572
f 570/572/572 528/571/571 529/573/573
f 570/572/572 529/573/573 571/574/574
f 571/574/574 529/573/573 530/575/575
f 571/574/574 530/575/575 531/576/576
f 571/574/574 531/576/576 572/577/577
f 572/577/577 531/576/576 532/578/578
f 572/577/577 532/578/578 573/579/579
f 573/579/579 532/578/578 533/580/580
f 573/579/579 533/580/580 574/581/581
f 574/581/581 533/580/580 534/582/582
f 574/581/581 534/582/582 575/583/583
f 575/583/583 534/582/582 535/584/584
f 575/583/583 535/584/584 576/585/585
f 576/585/585 535/584/584 536/586/586
f 576/585/585 536/586/586 565/587/587
f 565/587/587 536/586/586 537/588/588
f 565/587/587 537/588/588 577/589/589
f 577/589/589 537/588/588 578/590/590
f 577/589/589 578/590/590 548/591/591
f 548/591/591 578/590/590 547/592/592
f 547/592/592 578/590/590 579/593/593
f 547/592/592 579/593/593 546/594/594
f 546/594/594 579/593/593 580/595/595
f 546/594/594 580/595/595 545/596/596
f 545/596/596 580/595/595 581/597/597
f 545/596/596 581/597/597 544/598/598
f 544/598/598 581/597/597 582/599/599
f 544/598/598 582/599/599 543/600/600
f 543/600/600 582/599/599 542/601/601
f 542/601/601 582/599/599 541/602/602
f 541/602/602 582/599/599 581/597/597
f 541/602/602 581/597/597 540/603/603
f 540/603/603 581/597/597 580/595/595
f 540/603/603 580/595/595 539/604/604
f 539/604/604 580/595/595 579/593/593
f 539/604/604 579/593/593 538/605/605
f 538/605/605 579/593/593 578/590/590
f 538/605/605 578/590/590 537/588/588
f 577/589/589 548/591/591 565/587/587
f 565/587/587 548/591/591 549/606/606
f 565/587/587 549/606/606 576/585/585
f 576/585/585 549/606/606 550/607/607
f 576/585/585 550/607/607 575/583/583
f 575/583/583 550/607/607 551/608/608
f 575/583/583 551/608/608 574/581/581
f 574/581/581 551/608/608 552/609/609
f 574/581/581 552/609/609 573/579/579
f 573/579/579 552/609/609 553/610/610
f 573/579/579 553/610/610 572/577/577
f 572/577/577 553/610/610 554/611/611
f 572/577/577 554/611/611 571/574/574
f 571/574/574 554/611/611 555/612/612
f 571/574/574 555/612/612 556/613/613
f 571/574/574 556/613/613 570/572/572
f 570/572/572 556/613/613 557/614/614
f 570/572/572 557/614/614 569/569/569
f 569/569/569 557/614/614 558/615/615
f 569/569/569 558/615/615 559/616/616
f 569/569/569 559/616/616 568/566/566
f 568/566/566 559/616/616 560/617/617
f 568/566/566 560/617/617 561/618/618
f 568/566/566 561/618/618 567/564/564
f 567/564/564 561/618/618 562/619/619
f 567/564/564 562/619/619 566/558/558
f 566/558/558 562/619/619 563/620/620
f 566/558/558 563/620/620 564/560/560
f 583/621/621 524/622/622 239/623/623
f 239/623/623 524/622/622 193/624/624
f 239/623/623 193/624/624 192/625/625
f 584/626/626 585/627/627 583/621/621
f 583/621/621 585/627/627 586/628/628
f 583/621/621 586/628/628 587/629/629
f 587/629/629 588/630/630 583/621/621
f 583/621/621 588/630/630 589/631/631
f 583/621/621 589/631/631 590/632/632
f 590/632/632 591/633/633 583/621/621
f 583/621/621 591/633/633 592/634/634
f 583/621/621 592/634/634 593/635/635
f 593/635/635 594/636/636 583/621/621
f 583/621/621 594/636/636 595/637/637
f 583/621/621 595/637/637 596/638/638
f 596/638/638 597/639/639 583/621/621
f 583/621/621 597/639/639 598/640/640
f 583/621/621 598/640/640 529/641/641
f 529/641/641 598/640/640 530/642/642
f 530/642/642 598/640/640 599/643/643
f 530/642/642 599/643/643 531/644/644
f 531/644/644 599/643/643 618/645/645
f 531/644/644 618/645/645 532/646/646
f 532/646/646 618/645/645 533/647/647
f 533/647/647 618/645/645 534/648/648
f 534/648/648 618/645/645 535/649/649
f 535/649/649 618/645/645 536/650/650
f 536/650/650 618/645/645 537/651/651
f 537/651/651 618/645/645 538/652/652
f 538/652/652 618/645/645 539/653/653
f 539/653/653 618/645/645 540/654/654
f 540/654/654 618/645/645 541/655/655
f 541/655/655 618/645/645 542/656/656
f 599/643/643 600/657/657 618/645/645
f 618/645/645 600/657/657 601/658/658
f 618/645/645 601/658/658 602/659/659
f 602/659/659 603/660/660 618/645/645
f 618/645/645 603/660/660 617/661/661
f 617/661/661 603/660/660 604/662/662
f 617/661/661 604/662/662 605/663/663
f 605/663/663 606/664/664 617/661/661
f 617/661/661 606/664/664 607/665/665
f 617/661/661 607/665/665 608/666/666
f 608/666/666 609/667/667 617/661/661
f 617/661/661 609/667/667 610/668/668
f 617/661/661 610/668/668 611/669/669
f 611/669/669 612/670/670 617/661/661
f 617/661/661 612/670/670 613/671/671
f 617/661/661 613/671/671 614/672/672
f 614/672/672 615/673/673 617/661/661
f 617/661/661 615/673/673 616/674/674
f 529/641/641 528/675/675 583/621/621
f 583/621/621 528/675/675 527/676/676
f 583/621/621 527/676/676 526/677/677
f 526/677/677 525/678/678 583/621/621
f 583/621/621 525/678/678 524/622/622
f 524/622/622 523/679/679 193/624/624
f 193/624/624 523/679/679 194/680/680
f 194/680/680 523/679/679 522/681/681
f 194/680/680 522/681/681 195/682/682
f 195/682/682 522/681/681 521/683/683
f 195/682/682 521/683/683 196/684/684
f 196/684/684 521/683/683 347/685/685
f 196/684/684 347/685/685 2/686/686
f 2/686/686 347/685/685 392/687/687
f 2/686/686 392/687/687 3/688/688
f 3/688/688 392/687/687 391/689/689
f 3/688/688 391/689/689 4/690/690
f 4/690/690 391/689/689 390/691/691
f 4/690/690 390/691/691 5/692/692
f 5/692/692 390/691/691 389/693/693
f 5/692/692 389/693/693 6/694/694
f 6/694/694 389/693/693 413/695/695
f 6/694/694 413/695/695 68/696/696
f 389/693/693 388/697/697 413/695/695
f 413/695/695 388/697/697 387/698/698
f 413/695/695 387/698/698 386/699/699
f 386/699/699 385/700/700 413/695/695
f 413/695/695 385/700/700 384/701/701
f 413/695/695 384/701/701 430/702/702
f 430/702/702 384/701/701 383/703/703
f 430/702/702 383/703/703 431/704/704
f 431/704/704 383/703/703 382/705/705
f 431/704/704 382/705/705 411/706/706
f 411/706/706 382/705/705 381/707/707
f 411/706/706 381/707/707 380/708/708
f 380/708/708 379/709/709 411/706/706
f 411/706/706 379/709/709 378/710/710
f 411/706/706 378/710/710 377/711/711
f 377/711/711 376/712/712 411/706/706
f 411/706/706 376/712/712 375/713/713
f 411/706/706 375/713/713 374/714/714
f 374/714/714 373/715/715 411/706/706
f 411/706/706 373/715/715 372/716/716
f 411/706/706 372/716/716 371/717/717
f 519/718/718 435/719/719 411/706/706
f 411/706/706 435/719/719 434/720/720
f 411/706/706 434/720/720 433/721/721
f 448/722/722 447/723/723 519/718/718
f 519/718/718 447/723/723 446/724/724
f 519/718/718 446/724/724 445/725/725
f 445/725/725 444/726/726 519/718/718
f 519/718/718 444/726/726 443/727/727
f 519/718/718 443/727/727 442/728/728
f 442/728/728 441/729/729 519/718/718
f 519/718/718 441/729/729 440/730/730
f 519/718/718 440/730/730 439/731/731
f 439/731/731 438/732/732 519/718/718
f 519/718/718 438/732/732 437/733/733
f 519/718/718 437/733/733 436/734/734
f 436/734/734 435/719/719 519/718/718
f 433/721/721 432/735/735 411/706/706
f 411/706/706 432/735/735 431/704/704
f 430/702/702 429/736/736 413/695/695
f 413/695/695 429/736/736 428/737/737
f 413/695/695 428/737/737 427/738/738
f 427/738/738 426/739/739 413/695/695
f 413/695/695 426/739/739 425/740/740
f 413/695/695 425/740/740 424/741/741
f 424/741/741 423/742/742 413/695/695
f 413/695/695 423/742/742 422/743/743
f 413/695/695 422/743/743 421/744/744
f 421/744/744 420/745/745 413/695/695
f 413/695/695 420/745/745 419/746/746
f 413/695/695 419/746/746 418/747/747
f 418/747/747 417/748/748 413/695/695
f 413/695/695 417/748/748 415/749/749
f 67/750/750 102/751/751 68/696/696
f 68/696/696 102/751/751 101/752/752
f 68/696/696 101/752/752 100/753/753
f 100/753/753 99/754/754 68/696/696
f 68/696/696 99/754/754 98/755/755
f 68/696/696 98/755/755 97/756/756
f 97/756/756 96/757/757 68/696/696
f 68/696/696 96/757/757 95/758/758
f 68/696/696 95/758/758 94/759/759
f 94/759/759 93/760/760 68/696/696
f 68/696/696 93/760/760 92/761/761
f 68/696/696 92/761/761 91/762/762
f 91/762/762 90/763/763 68/696/696
f 68/696/696 90/763/763 89/764/764
f 68/696/696 89/764/764 11/765/765
f 11/765/765 89/764/764 12/766/766
f 12/766/766 89/764/764 88/767/767
f 12/766/766 88/767/767 13/768/768
f 13/768/768 88/767/767 65/769/769
f 13/768/768 65/769/769 14/770/770
f 14/770/770 65/769/769 15/771/771
f 15/771/771 65/769/769 16/772/772
f 16/772/772 65/769/769 17/773/773
f 17/773/773 65/769/769 18/774/774
f 18/774/774 65/769/769 19/775/775
f 19/775/775 65/769/769 20/776/776
f 20/776/776 65/769/769 21/777/777
f 21/777/777 65/769/769 22/778/778
f 22/778/778 65/769/769 23/779/779
f 23/779/779 65/769/769 24/780/780
f 88/767/767 87/781/781 65/769/769
f 65/769/769 87/781/781 86/782/782
f 65/769/769 86/782/782 85/783/783
f 85/783/783 84/784/784 65/769/769
f 65/769/769 84/784/784 173/785/785
f 173/785/785 84/784/784 83/786/786
f 173/785/785 83/786/786 82/787/787
f 82/787/787 81/788/788 173/785/785
f 173/785/785 81/788/788 80/789/789
f 173/785/785 80/789/789 79/790/790
f 79/790/790 78/791/791 173/785/785
f 173/785/785 78/791/791 77/792/792
f 173/785/785 77/792/792 76/793/793
f 76/793/793 75/794/794 173/785/785
f 173/785/785 75/794/794 74/795/795
f 173/785/785 74/795/795 73/796/796
f 73/796/796 72/797/797 173/785/785
f 173/785/785 72/797/797 71/798/798
f 11/765/765 10/799/799 68/696/696
f 68/696/696 10/799/799 9/800/800
f 68/696/696 9/800/800 8/801/801
f 8/801/801 7/802/802 68/696/696
f 68/696/696 7/802/802 6/694/694
f 192/625/625 191/803/803 239/623/623
f 239/623/623 191/803/803 190/804/804
f 239/623/623 190/804/804 189/805/805
f 189/805/805 188/806/806 239/623/623
f 239/623/623 188/806/806 256/807/807
f 239/623/623 256/807/807 255/808/808
f 188/806/806 187/809/809 256/807/807
f 256/807/807 187/809/809 257/810/810
f 257/810/810 187/809/809 186/811/811
f 257/810/810 186/811/811 237/812/812
f 237/812/812 186/811/811 185/813/813
f 237/812/812 185/813/813 184/814/814
f 184/814/814 183/815/815 237/812/812
f 237/812/812 183/815/815 182/816/816
f 237/812/812 182/816/816 181/817/817
f 181/817/817 180/818/818 237/812/812
f 237/812/812 180/818/818 179/819/819
f 237/812/812 179/819/819 178/820/820
f 178/820/820 177/821/821 237/812/812
f 237/812/812 177/821/821 176/822/822
f 237/812/812 176/822/822 175/823/823
f 345/824/824 261/825/825 237/812/812
f 237/812/812 261/825/825 260/826/826
f 237/812/812 260/826/826 259/827/827
f 274/828/828 273/829/829 345/824/824
f 345/824/824 273/829/829 272/830/830
f 345/824/824 272/830/830 271/831/831
f 271/831/831 270/832/832 345/824/824
f 345/824/824 270/832/832 269/833/833
f 345/824/824 269/833/833 268/834/834
f 268/834/834 267/835/835 345/824/824
f 345/824/824 267/835/835 266/836/836
f 345/824/824 266/836/836 265/837/837
f 265/837/837 264/838/838 345/824/824
f 345/824/824 264/838/838 263/839/839
f 345/824/824 263/839/839 262/840/840
f 262/840/840 261/825/825 345/824/824
f 259/827/827 258/841/841 237/812/812
f 237/812/812 258/841/841 257/810/810
f 255/808/808 254/842/842 239/623/623
f 239/623/623 254/842/842 253/843/843
f 239/623/623 253/843/843 252/844/844
f 252/844/844 251/845/845 239/623/623
f 239/623/623 251/845/845 250/846/846
f 239/623/623 250/846/846 249/847/847
f 249/847/847 248/848/848 239/623/623
f 239/623/623 248/848/848 247/849/849
f 239/623/623 247/849/849 246/850/850
f 246/850/850 245/851/851 239/623/623
f 239/623/623 245/851/851 244/852/852
f 239/623/623 244/852/852 243/853/853
f 243/853/853 240/854/854 239/623/623
f 542/855/855 618/856/856 543/857/857
f 543/857/857 618/856/856 619/858/858
f 583/859/859 239/860/860 620/861/861
f 620/861/861 239/860/860 242/862/862
f 584/863/863 583/864/864 621/865/865
f 621/865/865 583/864/864 620/866/866
f 653/867/867 616/868/868 660/869/869
f 660/869/869 616/868/868 615/870/870
f 660/869/869 615/870/870 661/871/871
f 661/871/871 615/870/870 614/872/872
f 661/871/871 614/872/872 662/873/873
f 662/873/873 614/872/872 613/874/874
f 662/873/873 613/874/874 663/875/875
f 663/875/875 613/874/874 612/876/876
f 663/875/875 612/876/876 659/877/877
f 659/877/877 612/876/876 611/878/878
f 659/877/877 611/878/878 664/879/879
f 664/879/879 611/878/878 665/880/880
f 664/879/879 665/880/880 648/881/881
f 648/881/881 665/880/880 647/882/882
f 647/882/882 665/880/880 666/883/883
f 647/882/882 666/883/883 646/884/884
f 646/884/884 666/883/883 667/885/885
f 646/884/884 667/885/885 645/886/886
f 645/886/886 667/885/885 668/887/887
f 645/886/886 668/887/887 644/888/888
f 644/888/888 668/887/887 669/889/889
f 644/888/888 669/889/889 658/890/890
f 658/890/890 669/889/889 607/891/891
f 658/890/890 607/891/891 606/892/892
f 611/878/878 610/893/893 665/880/880
f 665/880/880 610/893/893 666/883/883
f 610/893/893 609/894/894 666/883/883
f 666/883/883 609/894/894 667/885/885
f 609/894/894 608/895/895 667/885/885
f 667/885/885 608/895/895 668/887/887
f 608/895/895 607/891/891 668/887/887
f 668/887/887 607/891/891 669/889/889
f 658/890/890 606/892/892 670/896/896
f 670/896/896 606/892/892 605/897/897
f 670/896/896 605/897/897 671/898/898
f 671/898/898 605/897/897 604/899/899
f 671/898/898 604/899/899 672/900/900
f 672/900/900 604/899/899 603/901/901
f 672/900/900 603/901/901 657/902/902
f 657/902/902 603/901/901 602/903/903
f 657/902/902 602/903/903 673/904/904
f 673/904/904 602/903/903 674/905/905
f 673/904/904 674/905/905 639/906/906
f 639/906/906 674/905/905 638/907/907
f 638/907/907 674/905/905 675/908/908
f 638/907/907 675/908/908 637/909/909
f 637/909/909 675/908/908 676/910/910
f 637/909/909 676/910/910 636/911/911
f 636/911/911 676/910/910 677/912/912
f 636/911/911 677/912/912 635/913/913
f 635/913/913 677/912/912 678/914/914
f 635/913/913 678/914/914 656/915/915
f 656/915/915 678/914/914 598/916/916
f 656/915/915 598/916/916 597/917/917
f 602/903/903 601/918/918 674/905/905
f 674/905/905 601/918/918 675/908/908
f 601/918/918 600/919/919 675/908/908
f 675/908/908 600/919/919 676/910/910
f 600/919/919 599/920/920 676/910/910
f 676/910/910 599/920/920 677/912/912
f 599/920/920 598/916/916 677/912/912
f 677/912/912 598/916/916 678/914/914
f 656/915/915 597/917/917 679/921/921
f 679/921/921 597/917/917 596/922/922
f 679/921/921 596/922/922 680/923/923
f 680/923/923 596/922/922 595/924/924
f 680/923/923 595/924/924 681/925/925
f 681/925/925 595/924/924 594/926/926
f 681/925/925 594/926/926 655/927/927
f 655/927/927 594/926/926 593/928/928
f 655/927/927 593/928/928 682/929/929
f 682/929/929 593/928/928 683/930/930
f 682/929/929 683/930/930 630/931/931
f 630/931/931 683/930/930 629/932/932
f 629/932/932 683/930/930 684/933/933
f 629/932/932 684/933/933 628/934/934
f 628/934/934 684/933/933 685/935/935
f 628/934/934 685/935/935 627/936/936
f 627/936/936 685/935/935 686/937/937
f 627/936/936 686/937/937 626/938/938
f 626/938/938 686/937/937 687/939/939
f 626/938/938 687/939/939 654/940/940
f 654/940/940 687/939/939 589/941/941
f 654/940/940 589/941/941 588/942/942
f 593/928/928 592/943/943 683/930/930
f 683/930/930 592/943/943 684/933/933
f 592/943/943 591/944/944 684/933/933
f 684/933/933 591/944/944 685/935/935
f 591/944/944 590/945/945 685/935/935
f 685/935/935 590/945/945 686/937/937
f 590/945/945 589/941/941 686/937/937
f 686/937/937 589/941/941 687/939/939
f 654/940/940 588/942/942 688/946/946
f 688/946/946 588/942/942 587/947/947
f 688/946/946 587/947/947 689/948/948
f 689/948/948 587/947/947 586/949/949
f 689/948/948 586/949/949 690/950/950
f 690/950/950 586/949/949 585/951/951
f 690/950/950 585/951/951 691/952/952
f 691/952/952 585/951/951 584/953/953
f 691/952/952 584/953/953 621/954/954
f 621/954/954 622/955/955 691/952/952
f 691/952/952 622/955/955 690/950/950
f 622/955/955 623/956/956 690/950/950
f 690/950/950 623/956/956 689/948/948
f 623/956/956 624/957/957 689/948/948
f 689/948/948 624/957/957 688/946/946
f 624/957/957 625/958/958 688/946/946
f 688/946/946 625/958/958 654/940/940
f 625/958/958 626/938/938 654/940/940
f 682/929/929 630/931/931 655/927/927
f 655/927/927 630/931/931 631/959/959
f 655/927/927 631/959/959 681/925/925
f 681/925/925 631/959/959 632/960/960
f 681/925/925 632/960/960 680/923/923
f 680/923/923 632/960/960 633/961/961
f 680/923/923 633/961/961 679/921/921
f 679/921/921 633/961/961 634/962/962
f 679/921/921 634/962/962 656/915/915
f 656/915/915 634/962/962 635/913/913
f 673/904/904 639/906/906 657/902/902
f 657/902/902 639/906/906 640/963/963
f 657/902/902 640/963/963 672/900/900
f 672/900/900 640/963/963 641/964/964
f 672/900/900 641/964/964 671/898/898
f 671/898/898 641/964/964 642/965/965
f 671/898/898 642/965/965 670/896/896
f 670/896/896 642/965/965 643/966/966
f 670/896/896 643/966/966 658/890/890
f 658/890/890 643/966/966 644/888/888
f 664/879/879 648/881/881 659/877/877
f 659/877/877 648/881/881 649/967/967
f 659/877/877 649/967/967 663/875/875
f 663/875/875 649/967/967 650/968/968
f 663/875/875 650/968/968 662/873/873
f 662/873/873 650/968/968 651/969/969
f 662/873/873 651/969/969 661/871/871
f 661/871/871 651/969/969 652/970/970
f 661/871/871 652/970/970 660/869/869
f 660/869/869 652/970/970 653/867/867
f 617/971/971 616/972/972 692/973/973
f 692/973/973 616/972/972 653/974/974
f 618/975/975 617/976/976 619/977/977
f 619/977/977 617/976/976 692/978/978
usemtl Rivestimento_a_polvere_-_Ruvido_(verde)
f 564/979/979 1/980/980 348/981/981
f 348/981/981 1/980/980 46/982/982
f 348/981/981 46/982/982 349/983/983
f 349/983/983 46/982/982 45/984/984
f 349/983/983 45/984/984 350/985/985
f 350/985/985 45/984/984 44/986/986
f 350/985/985 44/986/986 351/987/987
f 351/987/987 44/986/986 43/988/988
f 351/987/987 43/988/988 352/989/989
f 352/989/989 43/988/988 69/990/990
f 352/989/989 69/990/990 414/991/991
f 1/980/980 564/979/979 197/992/992
f 197/992/992 564/979/979 563/993/993
f 197/992/992 563/993/993 198/994/994
f 198/994/994 563/993/993 562/995/995
f 198/994/994 562/995/995 199/996/996
f 199/996/996 562/995/995 561/997/997
f 199/996/996 561/997/997 200/998/998
f 200/998/998 561/997/997 620/999/999
f 200/998/998 620/999/999 242/1000/1000
f 561/997/997 560/1001/1001 620/999/999
f 620/999/999 560/1001/1001 559/1002/1002
f 620/999/999 559/1002/1002 558/1003/1003
f 558/1003/1003 557/1004/1004 620/999/999
f 620/999/999 557/1004/1004 556/1005/1005
f 620/999/999 556/1005/1005 635/1006/1006
f 635/1006/1006 556/1005/1005 555/1007/1007
f 635/1006/1006 555/1007/1007 636/1008/1008
f 636/1008/1008 555/1007/1007 554/1009/1009
f 636/1008/1008 554/1009/1009 619/1010/1010
f 619/1010/1010 554/1009/1009 553/1011/1011
f 619/1010/1010 553/1011/1011 552/1012/1012
f 552/1012/1012 551/1013/1013 619/1010/1010
f 619/1010/1010 551/1013/1013 550/1014/1014
f 619/1010/1010 550/1014/1014 549/1015/1015
f 549/1015/1015 548/1016/1016 619/1010/1010
f 619/1010/1010 548/1016/1016 547/1017/1017
f 619/1010/1010 547/1017/1017 546/1018/1018
f 546/1018/1018 545/1019/1019 619/1010/1010
f 619/1010/1010 545/1019/1019 544/1020/1020
f 619/1010/1010 544/1020/1020 543/1021/1021
f 692/1022/1022 640/1023/1023 619/1010/1010
f 619/1010/1010 640/1023/1023 639/1024/1024
f 619/1010/1010 639/1024/1024 638/1025/1025
f 653/1026/1026 652/1027/1027 692/1022/1022
f 692/1022/1022 652/1027/1027 651/1028/1028
f 692/1022/1022 651/1028/1028 650/1029/1029
f 650/1029/1029 649/1030/1030 692/1022/1022
f 692/1022/1022 649/1030/1030 648/1031/1031
f 692/1022/1022 648/1031/1031 647/1032/1032
f 647/1032/1032 646/1033/1033 692/1022/1022
f 692/1022/1022 646/1033/1033 645/1034/1034
f 692/1022/1022 645/1034/1034 644/1035/1035
f 644/1035/1035 643/1036/1036 692/1022/1022
f 692/1022/1022 643/1036/1036 642/1037/1037
f 692/1022/1022 642/1037/1037 641/1038/1038
f 641/1038/1038 640/1023/1023 692/1022/1022
f 638/1025/1025 637/1039/1039 619/1010/1010
f 619/1010/1010 637/1039/1039 636/1008/1008
f 635/1006/1006 634/1040/1040 620/999/999
f 620/999/999 634/1040/1040 633/1041/1041
f 620/999/999 633/1041/1041 632/1042/1042
f 632/1042/1042 631/1043/1043 620/999/999
f 620/999/999 631/1043/1043 630/1044/1044
f 620/999/999 630/1044/1044 629/1045/1045
f 629/1045/1045 628/1046/1046 620/999/999
f 620/999/999 628/1046/1046 627/1047/1047
f 620/999/999 627/1047/1047 626/1048/1048
f 626/1048/1048 625/1049/1049 620/999/999
f 620/999/999 625/1049/1049 624/1050/1050
f 620/999/999 624/1050/1050 623/1051/1051
f 623/1051/1051 622/1052/1052 620/999/999
f 620/999/999 622/1052/1052 621/1053/1053
f 241/1054/1054 306/1055/1055 242/1000/1000
f 242/1000/1000 306/1055/1055 305/1056/1056
f 242/1000/1000 305/1056/1056 304/1057/1057
f 304/1057/1057 303/1058/1058 242/1000/1000
f 242/1000/1000 303/1058/1058 302/1059/1059
f 242/1000/1000 302/1059/1059 301/1060/1060
f 301/1060/1060 300/1061/1061 242/1000/1000
f 242/1000/1000 300/1061/1061 299/1062/1062
f 242/1000/1000 299/1062/1062 298/1063/1063
f 298/1063/1063 297/1064/1064 242/1000/1000
f 242/1000/1000 297/1064/1064 296/1065/1065
f 242/1000/1000 296/1065/1065 295/1066/1066
f 295/1066/1066 294/1067/1067 242/1000/1000
f 242/1000/1000 294/1067/1067 293/1068/1068
f 242/1000/1000 293/1068/1068 205/1069/1069
f 205/1069/1069 293/1068/1068 206/1070/1070
f 206/1070/1070 293/1068/1068 292/1071/1071
f 206/1070/1070 292/1071/1071 207/1072/1072
f 207/1072/1072 292/1071/1071 238/1073/1073
f 207/1072/1072 238/1073/1073 208/1074/1074
f 208/1074/1074 238/1073/1073 209/1075/1075
f 209/1075/1075 238/1073/1073 210/1076/1076
f 210/1076/1076 238/1073/1073 211/1077/1077
f 211/1077/1077 238/1073/1073 212/1078/1078
f 212/1078/1078 238/1073/1073 213/1079/1079
f 213/1079/1079 238/1073/1073 214/1080/1080
f 214/1080/1080 238/1073/1073 215/1081/1081
f 215/1081/1081 238/1073/1073 216/1082/1082
f 216/1082/1082 238/1073/1073 217/1083/1083
f 217/1083/1083 238/1073/1073 218/1084/1084
f 292/1071/1071 291/1085/1085 238/1073/1073
f 238/1073/1073 291/1085/1085 290/1086/1086
f 238/1073/1073 290/1086/1086 289/1087/1087
f 289/1087/1087 288/1088/1088 238/1073/1073
f 238/1073/1073 288/1088/1088 346/1089/1089
f 346/1089/1089 288/1088/1088 287/1090/1090
f 346/1089/1089 287/1090/1090 286/1091/1091
f 286/1091/1091 285/1092/1092 346/1089/1089
f 346/1089/1089 285/1092/1092 284/1093/1093
f 346/1089/1089 284/1093/1093 283/1094/1094
f 283/1094/1094 282/1095/1095 346/1089/1089
f 346/1089/1089 282/1095/1095 281/1096/1096
f 346/1089/1089 281/1096/1096 280/1097/1097
f 280/1097/1097 279/1098/1098 346/1089/1089
f 346/1089/1089 279/1098/1098 278/1099/1099
f 346/1089/1089 278/1099/1099 277/1100/1100
f 277/1100/1100 276/1101/1101 346/1089/1089
f 346/1089/1089 276/1101/1101 275/1102/1102
f 205/1069/1069 204/1103/1103 242/1000/1000
f 242/1000/1000 204/1103/1103 203/1104/1104
f 242/1000/1000 203/1104/1104 202/1105/1105
f 202/1105/1105 201/1106/1106 242/1000/1000
f 242/1000/1000 201/1106/1106 200/998/998
f 43/988/988 42/1107/1107 69/990/990
f 69/990/990 42/1107/1107 41/1108/1108
f 69/990/990 41/1108/1108 40/1109/1109
f 40/1109/1109 39/1110/1110 69/990/990
f 69/990/990 39/1110/1110 38/1111/1111
f 69/990/990 38/1111/1111 116/1112/1112
f 116/1112/1112 38/1111/1111 37/1113/1113
f 116/1112/1112 37/1113/1113 117/1114/1114
f 117/1114/1114 37/1113/1113 36/1115/1115
f 117/1114/1114 36/1115/1115 66/1116/1116
f 66/1116/1116 36/1115/1115 35/1117/1117
f 66/1116/1116 35/1117/1117 34/1118/1118
f 34/1118/1118 33/1119/1119 66/1116/1116
f 66/1116/1116 33/1119/1119 32/1120/1120
f 66/1116/1116 32/1120/1120 31/1121/1121
f 31/1121/1121 30/1122/1122 66/1116/1116
f 66/1116/1116 30/1122/1122 29/1123/1123
f 66/1116/1116 29/1123/1123 28/1124/1124
f 28/1124/1124 27/1125/1125 66/1116/1116
f 66/1116/1116 27/1125/1125 26/1126/1126
f 66/1116/1116 26/1126/1126 25/1127/1127
f 174/1128/1128 121/1129/1129 66/1116/1116
f 66/1116/1116 121/1129/1129 120/1130/1130
f 66/1116/1116 120/1130/1130 119/1131/1131
f 134/1132/1132 133/1133/1133 174/1128/1128
f 174/1128/1128 133/1133/1133 132/1134/1134
f 174/1128/1128 132/1134/1134 131/1135/1135
f 131/1135/1135 130/1136/1136 174/1128/1128
f 174/1128/1128 130/1136/1136 129/1137/1137
f 174/1128/1128 129/1137/1137 128/1138/1138
f 128/1138/1138 127/1139/1139 174/1128/1128
f 174/1128/1128 127/1139/1139 126/1140/1140
f 174/1128/1128 126/1140/1140 125/1141/1141
f 125/1141/1141 124/1142/1142 174/1128/1128
f 174/1128/1128 124/1142/1142 123/1143/1143
f 174/1128/1128 123/1143/1143 122/1144/1144
f 122/1144/1144 121/1129/1129 174/1128/1128
f 119/1131/1131 118/1145/1145 66/1116/1116
f 66/1116/1116 118/1145/1145 117/1114/1114
f 116/1112/1112 115/1146/1146 69/990/990
f 69/990/990 115/1146/1146 114/1147/1147
f 69/990/990 114/1147/1147 113/1148/1148
f 113/1148/1148 112/1149/1149 69/990/990
f 69/990/990 112/1149/1149 111/1150/1150
f 69/990/990 111/1150/1150 110/1151/1151
f 110/1151/1151 109/1152/1152 69/990/990
f 69/990/990 109/1152/1152 108/1153/1153
f 69/990/990 108/1153/1153 107/1154/1154
f 107/1154/1154 106/1155/1155 69/990/990
f 69/990/990 106/1155/1155 105/1156/1156
f 69/990/990 105/1156/1156 104/1157/1157
f 104/1157/1157 103/1158/1158 69/990/990
f 69/990/990 103/1158/1158 70/1159/1159
f 416/1160/1160 480/1161/1161 414/991/991
f 414/991/991 480/1161/1161 479/1162/1162
f 414/991/991 479/1162/1162 478/1163/1163
f 478/1163/1163 477/1164/1164 414/991/991
f 414/991/991 477/1164/1164 476/1165/1165
f 414/991/991 476/1165/1165 475/1166/1166
f 475/1166/1166 474/1167/1167 414/991/991
f 414/991/991 474/1167/1167 473/1168/1168
f 414/991/991 473/1168/1168 472/1169/1169
f 472/1169/1169 471/1170/1170 414/991/991
f 414/991/991 471/1170/1170 470/1171/1171
f 414/991/991 470/1171/1171 469/1172/1172
f 469/1172/1172 468/1173/1173 414/991/991
f 414/991/991 468/1173/1173 467/1174/1174
f 414/991/991 467/1174/1174 357/1175/1175
f 357/1175/1175 467/1174/1174 358/1176/1176
f 358/1176/1176 467/1174/1174 466/1177/1177
f 358/1176/1176 466/1177/1177 359/1178/1178
f 359/1178/1178 466/1177/1177 412/1179/1179
f 359/1178/1178 412/1179/1179 360/1180/1180
f 360/1180/1180 412/1179/1179 361/1181/1181
f 361/1181/1181 412/1179/1179 362/1182/1182
f 362/1182/1182 412/1179/1179 363/1183/1183
f 363/1183/1183 412/1179/1179 364/1184/1184
f 364/1184/1184 412/1179/1179 365/1185/1185
f 365/1185/1185 412/1179/1179 366/1186/1186
f 366/1186/1186 412/1179/1179 367/1187/1187
f 367/1187/1187 412/1179/1179 368/1188/1188
f 368/1188/1188 412/1179/1179 369/1189/1189
f 369/1189/1189 412/1179/1179 370/1190/1190
f 466/1177/1177 465/1191/1191 412/1179/1179
f 412/1179/1179 465/1191/1191 464/1192/1192
f 412/1179/1179 464/1192/1192 463/1193/1193
f 463/1193/1193 462/1194/1194 412/1179/1179
f 412/1179/1179 462/1194/1194 520/1195/1195
f 520/1195/1195 462/1194/1194 461/1196/1196
f 520/1195/1195 461/1196/1196 460/1197/1197
f 460/1197/1197 459/1198/1198 520/1195/1195
f 520/1195/1195 459/1198/1198 458/1199/1199
f 520/1195/1195 458/1199/1199 457/1200/1200
f 457/1200/1200 456/1201/1201 520/1195/1195
f 520/1195/1195 456/1201/1201 455/1202/1202
f 520/1195/1195 455/1202/1202 454/1203/1203
f 454/1203/1203 453/1204/1204 520/1195/1195
f 520/1195/1195 453/1204/1204 452/1205/1205
f 520/1195/1195 452/1205/1205 451/1206/1206
f 451/1206/1206 450/1207/1207 520/1195/1195
f 520/1195/1195 450/1207/1207 449/1208/1208
f 357/1175/1175 356/1209/1209 414/991/991
f 414/991/991 356/1209/1209 355/1210/1210
f 414/991/991 355/1210/1210 354/1211/1211
f 354/1211/1211 353/1212/1212 414/991/991
f 414/991/991 353/1212/1212 352/989/989
# 692 vertices
# 1212 texture params
# 1212 normals
# 1380 facets

# 1 groups
