# https://github.com/mikedh/trimesh
v -16.71299347 0.48429872 87.37279942
v -16.49048784 0.48102642 92.85183560
v -16.43486143 1.45289657 92.85183560
v -16.65409535 1.45616883 87.37279942
v -16.70972176 -0.48429913 87.37279942
v -16.49048784 -0.47775452 92.85183560
v -16.29743199 0.48102642 93.82254598
v -16.23853242 1.45289657 93.82254598
v -16.32033690 2.42803903 92.85183560
v -16.56574744 2.25133524 87.37279942
v -16.62791728 1.70486295 87.37279942
v -16.65409535 -1.45616924 87.37279942
v -16.43486143 -1.44962463 92.85183560
v -16.29743199 -0.47775452 93.82254598
v -15.82624265 0.48102642 94.60135047
v -15.79679431 1.45289657 94.57494791
v -15.73462302 2.42803903 94.52011807
v -16.12073617 2.42803903 93.82254598
v -15.95058522 3.39663670 93.82254598
v -16.14364107 3.39663670 92.85183560
v -16.49375955 2.73890652 87.37279942
v -16.51993762 2.56220291 87.37279942
v -16.56574744 -2.25133566 87.37279942
v -16.23853242 -1.44962463 93.82254598
v -16.31706373 -2.42476700 92.85183560
v -15.79679431 -1.44962463 94.57393410
v -15.82624265 -0.47775452 94.60135047
v -15.27325172 0.48102642 95.08771947
v -15.24380193 1.45289657 95.06131981
v -15.18490381 2.42803903 95.00547326
v -15.64954827 3.39663670 94.42873307
v -15.58410527 4.02164412 94.35156460
v -15.71171811 4.35214534 93.84894564
v -15.62337020 5.07532161 93.54229942
v -15.90804713 4.36523474 92.85183560
v -16.13709619 4.37177925 87.37279942
v -16.36941842 3.39990914 87.37279942
v -16.44140631 3.02032350 87.37279942
v -16.49375955 -2.73890693 87.37279942
v -16.11746445 -2.42476700 93.82254598
v -15.73462302 -2.42476700 94.51808755
v -16.14036936 -3.39336504 92.85183560
v -15.94731206 -3.39336504 93.82254598
v -15.24053022 -1.44962463 95.06030600
v -15.27325172 -0.47775452 95.08670566
v -15.18490381 -2.42476700 95.00445945
v -14.78897407 0.48102642 95.40959895
v -14.75625256 1.45289657 95.39233808
v -14.70062760 2.42803903 95.35679963
v -14.62863972 3.17739337 95.31618342
v -14.55992500 3.82857922 95.27048948
v -14.99511968 3.46208260 94.98313464
v -15.12273252 4.35214534 94.67344118
v -14.88713857 5.34037693 94.61048926
v -14.70389932 6.31224740 94.43990238
v -15.48921248 4.66955753 94.19113322
v -15.38450454 5.37637232 93.84894564
v -15.03111289 6.31224740 93.82254598
v -15.23725850 6.31224740 92.85183560
v -15.49575736 5.67415059 92.85183560
v -15.65936342 5.18985157 92.85183560
v -16.02911654 4.72518647 87.37279942
v -16.36941842 -3.39990955 87.37279942
v -15.58410527 -4.01837245 94.35156460
v -15.64954827 -3.39336504 94.42771925
v -15.90804713 -4.36196271 92.85183560
v -15.62337020 -5.07532202 93.54331323
v -15.71171811 -4.34887367 93.84894564
v -14.75625256 -1.44962463 95.39132137
v -14.70062760 -2.42476700 95.35679963
v -14.78897407 -0.47775452 95.40858224
v -14.99511968 -3.45553850 94.98212083
v -14.55992500 -3.82530719 95.27048948
v -14.62863972 -3.17412134 95.31516672
v -14.08873710 0.48102642 95.76396964
v -14.08873710 1.45289657 95.73249223
v -14.08873710 2.42803903 95.66852360
v -14.17708502 3.46208260 95.51418378
v -13.98730088 4.36523474 95.48372308
v -13.81714849 5.34037693 95.39944345
v -14.47157709 4.36523474 95.21769015
v -14.30469786 5.34037693 95.09685826
v -14.03965413 6.33188059 94.97399585
v -14.09528054 7.21212709 94.59018116
v -14.59264650 6.83581388 94.32922598
v -14.70389932 7.06160137 93.82254598
v -15.41395288 6.46931727 87.37279942
v -15.61355361 5.98829033 87.37279942
v -14.80533554 7.27102811 92.85183560
v -15.27325172 6.78345702 87.37279942
v -15.76407281 5.56289270 87.37279942
v -15.83933241 5.34364937 87.37279942
v -16.13382448 -4.37177966 87.37279942
v -15.49248564 -4.66628586 94.19214703
v -14.70389932 -6.30897537 94.44091909
v -14.89041174 -5.33710526 94.61150307
v -15.12273252 -4.34887367 94.67344118
v -15.65936342 -5.18985198 92.85183560
v -15.49575736 -5.67415100 92.85183560
v -15.23725850 -6.30897537 92.85183560
v -15.03438461 -6.30897537 93.82254598
v -15.38450454 -5.37310029 93.84894564
v -14.08873710 -1.44962463 95.73147553
v -14.08873710 -2.42476700 95.66649308
v -14.08873710 -0.47775452 95.76295294
v -14.17708502 -3.45553850 95.51418378
v -14.47484880 -4.36196271 95.21769015
v -13.82042165 -5.33710526 95.40046016
v -13.98730088 -4.36196271 95.48372308
v -13.23470778 0.47775411 96.11935415
v -13.19871456 1.44962422 96.10615432
v -13.98075600 -0.47775452 95.80864689
v -13.23470778 -0.48102683 96.11935415
v -13.04165193 2.45748954 96.10818484
v -13.11363836 3.39336463 96.00055568
v -13.28378931 4.36523474 95.80864689
v -13.11691008 4.85280583 95.80864689
v -13.11691008 5.34037693 95.73147553
v -13.68299077 6.01774121 95.32735274
v -13.53247301 6.66565425 95.24205929
v -13.36886550 7.28738959 95.13239671
v -13.77461039 8.07273895 94.47239650
v -13.58482626 8.71737992 94.28251822
v -14.45521561 7.54590075 93.82254598
v -14.56646843 7.75532677 92.85183560
v -15.04420120 7.28738959 87.37279942
v -15.94731206 -4.99024256 87.37279942
v -14.59264650 -6.83581429 94.32922598
v -14.04292729 -6.32860928 94.97501256
v -14.30469786 -5.33710526 95.09787497
v -15.83933241 -5.34364978 87.37279942
v -15.61355361 -5.98829074 87.37279942
v -15.54156717 -6.16499453 87.37279942
v -15.39759285 -6.43332229 87.99218633
v -14.80533554 -7.27430096 92.85183560
v -14.70717103 -7.06160178 93.82254598
v -13.80406018 -2.11062726 95.80864689
v -13.04165193 -2.45748995 96.10717103
v -13.19871456 -1.45289698 96.10514051
v -13.53247301 -3.41954311 95.80864689
v -13.11363836 -3.39663711 95.99953897
v -13.28378931 -4.36523515 95.80864689
v -13.11363836 -4.36523515 95.88581535
v -13.68626393 -6.01446918 95.32836655
v -13.11691008 -5.33710526 95.73249223
v -12.74715841 0.47775411 96.29298826
v -12.71116519 1.44962422 96.28080225
v -12.66535538 2.15316657 96.26557190
v -12.70789347 -1.45289698 96.28080225
v -12.74388669 -0.48102683 96.29298826
v -12.60318409 2.79780772 96.24526380
v -12.52792594 3.39336463 96.21886413
v -12.36759014 4.36523474 96.16707862
v -13.11363836 4.36523474 95.88480154
v -12.10254713 5.36982780 96.11935415
v -12.76024672 5.69705658 95.80864689
v -13.17253649 6.33188059 95.50200066
v -12.88131613 7.28738959 95.40756843
v -12.70789347 7.89603516 95.32227499
v -12.48865955 8.54394857 95.20449032
v -13.14963158 8.30834376 94.83895032
v -12.92385423 9.22458493 94.55159548
v -13.97421112 8.34106671 93.90377838
v -12.70789347 9.82014219 94.38405583
v -12.86822782 10.01647917 93.82254598
v -13.39504213 9.24749128 93.90377838
v -13.73207374 8.93989569 93.63469823
v -14.27524807 8.25598762 92.85183560
v -14.41595068 8.46868607 87.37279942
v -14.51738690 8.29198229 87.37279942
v -14.69408272 7.98111498 87.37279942
v -13.77461039 -8.06946692 94.47239650
v -14.09528054 -7.20885506 94.59119497
v -14.45521561 -7.54590116 93.82254598
v -13.58482626 -8.71410861 94.28251822
v -13.36886550 -7.28411756 95.13239671
v -13.53247301 -6.66892710 95.24307600
v -14.64172803 -7.59498486 87.37279942
v -14.58610162 -7.78150597 87.49870617
v -14.62536800 -7.85349603 87.99218633
v -14.95912646 -7.28739000 87.99218633
v -14.64500119 -7.89603557 88.96492724
v -14.95258158 -7.28739000 88.96492724
v -14.56646843 -7.75859962 92.85183560
v -12.60318409 -2.79453587 96.24526380
v -12.66535538 -2.14989473 96.26557190
v -12.37086330 -4.36523515 96.16707862
v -12.52792594 -3.39663711 96.21886413
v -13.11691008 -4.85280624 95.80864689
v -12.10254713 -5.36982821 96.11935415
v -13.17253649 -6.32860928 95.50301447
v -12.14181279 -6.31224781 95.94267861
v -12.14181279 0.47775411 96.47677208
v -12.14181279 1.44962422 96.45443346
v -12.14181279 -0.48102683 96.47677208
v -12.22688898 2.45748954 96.38030933
v -12.14181279 -1.45289698 96.45443346
v -12.04037657 3.39336463 96.36914002
v -11.88331394 4.36523474 96.32344897
v -11.74588377 5.06550465 96.28080225
v -11.60518189 5.71669049 96.23612501
v -12.14181279 6.31224740 95.94166190
v -12.14181279 7.28738959 95.73249223
v -12.15817282 8.23635370 95.46747602
v -11.84404828 8.99552500 95.36898275
v -11.59863773 9.64016597 95.24916756
v -12.15817282 9.28021423 95.06842808
v -12.12872448 10.16373245 94.60135047
v -11.79496602 10.84109637 94.42568584
v -12.47884296 10.50405027 93.82254598
v -11.66735245 11.66898600 93.35648218
v -12.59991237 10.65457599 92.85183560
v -12.98602552 10.16700489 92.85183560
v -13.46703001 9.52890808 92.85183560
v -13.80078846 9.04133698 92.85183560
v -13.91531300 9.26385276 87.37279942
v -13.14635987 -8.30507246 94.83793650
v -12.92385423 -9.22458534 94.55159548
v -13.73207374 -8.93662439 93.63469823
v -13.97421112 -8.33779468 93.90377838
v -13.39177041 -9.24421925 93.90377838
v -12.86822782 -10.01320714 93.82254598
v -12.70789347 -9.81687016 94.38304201
v -12.48865955 -8.54067727 95.20449032
v -12.70789347 -7.89276386 95.32227499
v -12.88131613 -7.28411756 95.40756843
v -8.13344035 -14.44715970 87.37279942
v -11.71643471 -11.71807084 89.38529709
v -12.66208366 -10.72329474 89.40966913
v -14.44212730 -8.18072481 88.58923463
v -14.63845631 -7.88294654 88.58923463
v -14.32433105 -8.38033495 88.96492724
v -13.84986999 -9.11987233 89.93665433
v -13.80078846 -9.03806496 92.85183560
v -14.27524807 -8.25271559 92.85183560
v -12.22361582 -2.45748995 96.37929552
v -12.04037657 -3.39663711 96.36914002
v -11.88331394 -4.36523515 96.32344897
v -11.74588377 -5.06877750 96.28080225
v -11.60518189 -5.71669091 96.23612501
v -12.14181279 -7.28411756 95.73249223
v -11.93239546 -7.28084512 95.80864689
v -11.12417740 -7.26775608 96.10107947
v -11.44157438 -6.31224781 96.18637002
v -11.17325893 0.47775411 96.73671055
v -11.17325893 1.44962422 96.71640245
v -11.17325893 2.42476659 96.67477244
v -11.17325893 -1.45289698 96.71640245
v -11.17325893 -0.48102683 96.73671055
v -11.17325893 3.39336463 96.60978709
v -11.17325893 -2.42476700 96.67477244
v -11.17325893 4.36523474 96.52246603
v -11.23542949 5.36982780 96.38538708
v -10.95075329 6.31224740 96.32751001
v -10.77405819 6.93398201 96.27775502
v -11.43830266 6.31224740 96.18637002
v -11.12417740 7.26775567 96.10107947
v -11.93239546 7.28411715 95.80864689
v -11.54301133 7.88621857 95.80864689
v -11.29105590 8.25271518 95.80864689
v -11.18307552 8.39996846 95.80864689
v -11.23542949 9.28021423 95.52636980
v -10.94748158 10.00339014 95.39132137
v -10.65298878 10.65457599 95.26541462
v -11.23542949 10.27826278 95.12935238
v -11.16671477 11.16505343 94.63485840
v -10.83622876 11.79333293 94.42568584
v -11.48738492 11.48573734 94.00430218
v -11.93239546 11.16505343 93.73725254
v -11.16671477 11.93076888 93.73725254
v -10.50574275 12.48051344 93.82254598
v -10.65626122 12.60158865 92.85183560
v -11.30741665 12.31035526 87.37279942
v -11.49720079 12.13365074 87.37279942
v -11.82441509 11.82278344 87.37279942
v -12.13199619 11.49555466 87.37279942
v -12.30869202 11.30576183 87.37279942
v -12.46902636 11.13233048 87.37279942
v -12.74715841 10.82146245 87.37279942
v -13.05474024 10.43533265 87.37279942
v -13.25761268 10.18009393 87.37279942
v -13.49975151 9.86922662 87.37279942
v -13.61100433 9.72524578 87.37279942
v -12.15817282 -9.27694220 95.06741137
v -13.46703001 -9.52236433 92.85183560
v -12.98602552 -10.16700530 92.85183560
v -12.47557124 -10.50405068 93.82254598
v -11.66735245 -11.66571397 93.35546837
v -11.79496602 -10.83782434 94.42467203
v -12.12872448 -10.16046042 94.60033376
v -11.59863773 -9.64016638 95.24916756
v -11.84404828 -8.98898053 95.36898275
v -12.15817282 -8.23308168 95.46747602
v -7.91420715 -14.67294864 87.37279942
v -10.72497594 -12.66049008 89.38631380
v -11.72952302 -11.72788744 89.93665433
v -12.21379923 -11.20432095 89.93665433
v -12.65553878 -10.72002230 89.93665433
v -13.06782855 -10.19645581 89.93665433
v -13.52265642 -9.60417099 89.93665433
v -11.17325893 -3.39663711 96.60978709
v -11.17325893 -4.36523515 96.52246603
v -11.23542949 -5.36982821 96.38538708
v -10.95075329 -6.31224781 96.32751001
v -11.17325893 -8.25598803 95.85433794
v -10.77405819 -6.93071071 96.27674121
v -10.55155256 -7.57862411 96.21480309
v -10.19816091 0.47775411 96.95400519
v -10.19816091 1.44962422 96.93572761
v -10.19816091 2.42476659 96.89714193
v -10.19816091 3.39336463 96.83825105
v -10.19816091 -1.45289698 96.93572761
v -10.19816091 -2.42476700 96.89714193
v -10.19816091 -0.48102683 96.95400519
v -10.19816091 4.36523474 96.75803536
v -10.19816091 -3.39663711 96.83825105
v -10.19816091 5.33710485 96.65243382
v -10.19816091 6.31224740 96.52144932
v -10.21452167 7.26775567 96.36101794
v -10.55155256 7.57535126 96.21581691
v -11.17325893 8.25271518 95.85535465
v -10.19816091 9.22458493 95.91526224
v -10.48283711 9.24094640 95.80864689
v -10.22106654 9.53218052 95.80864689
v -10.27669223 10.27826278 95.54566119
v -10.00183262 10.94580938 95.39132137
v -9.63862511 11.59699522 95.24916756
v -10.27669223 11.23377105 95.12935238
v -10.16544014 12.13037903 94.60033376
v -9.81859265 12.70957409 94.38304201
v -10.01819338 12.86664397 93.82254598
v -10.16871185 12.98444601 92.85183560
v -10.32577448 13.13824417 87.37279942
v -10.82314045 12.74229704 87.37279942
v -12.59991237 -10.65130396 92.85183560
v -11.92912375 -11.16178140 93.73623873
v -11.48738492 -11.48246603 94.00328547
v -11.20598043 -12.21545853 89.93665433
v -11.17325893 -12.13365115 92.85183560
v -10.65626122 -12.59831589 92.85183560
v -10.01819338 -12.86664438 93.82254598
v -10.50574275 -12.47724213 93.82254598
v -11.16671477 -11.93076929 93.73623873
v -11.23215778 -10.27826319 95.12935238
v -10.83622876 -11.79660578 94.42568584
v -11.16671477 -11.16178140 94.63485840
v -11.23215778 -9.27694220 95.52636980
v -10.65298878 -10.64803152 95.26541462
v -10.94748158 -10.00011811 95.39132137
v -11.18307552 -8.39669643 95.80864689
v -7.28922834 -15.02308305 87.37279942
v -7.94365622 -14.67622036 87.99218633
v -9.14780402 -13.88105440 88.96492724
v -10.20143335 -13.06625380 89.93665433
v -10.72170350 -12.65394520 89.93665433
v -10.19816091 -4.36523515 96.75803536
v -10.19816091 -5.34037734 96.65243382
v -10.19816091 -6.31224781 96.52144932
v -10.21452167 -8.29852758 96.14981775
v -10.47956540 -9.24094681 95.80864689
v -10.19816091 -9.22458534 95.91424553
v -10.21452167 -7.26775608 96.36101794
v -9.90366884 -8.00402175 96.30111035
v -9.12817083 0.43194208 97.15403607
v -9.22633534 1.44962422 97.11849761
v -9.22633534 2.42476659 97.08397587
v -9.22633534 3.39336463 97.02914313
v -9.22633534 4.36523474 96.95400519
v -9.22633534 -1.45289698 97.11849761
v -9.22633534 -2.42476700 97.08397587
v -9.22633534 -3.39663711 97.02914313
v -9.12817083 -0.42867019 97.15403607
v -9.22633534 5.33710485 96.85754244
v -9.22633534 -4.36523515 96.95501900
v -9.22633534 6.31224740 96.73671055
v -9.22633534 7.28411715 96.58947899
v -9.90694056 8.00402133 96.30111035
v -10.21452167 8.29852717 96.14981775
v -9.27541759 9.27366935 96.16606481
v -9.22633534 10.19645540 95.91526224
v -9.63535267 8.65520646 96.23206396
v -9.53064473 10.22263347 95.80864689
v -9.27868931 11.23377105 95.52636980
v -8.99401311 11.84241735 95.36898275
v -8.54573012 12.49360320 95.20449032
v -9.27868931 12.15655710 95.06842808
v -9.22633534 12.92227327 94.55159548
v -8.71915350 13.58654743 94.28251822
v -9.24924025 13.39348289 93.90377838
v -8.94165914 13.73380071 93.63368442
v -9.52410057 13.46547367 92.85183560
v -9.71715642 13.60290891 87.49261460
v -9.84149755 13.51455665 87.37279942
v -10.14580694 13.27895256 87.37279942
v -10.16871185 -12.98117470 92.85183560
v -9.82186509 -12.70630279 94.38405583
v -8.94165914 -13.73380112 93.63571494
v -9.24924025 -13.39348330 93.90479220
v -8.71915350 -13.58654784 94.28353203
v -10.16544014 -12.13365115 94.60135047
v -10.27669223 -11.23049902 95.12935238
v -10.27669223 -10.27826319 95.54566119
v -10.22106654 -9.53218093 95.80864689
v -10.00183262 -10.94580979 95.39132137
v -9.64189755 -11.59699563 95.25018138
v -7.28922834 -15.00999474 87.99218633
v -6.47773711 -15.41575846 87.37279942
v -7.75714452 -14.56823491 92.85183560
v -8.25778148 -14.27700152 92.85183560
v -8.21524411 -14.48642753 88.58923463
v -9.03982364 -13.79924702 92.85183560
v -9.52410057 -13.46874580 92.85183560
v -9.60263189 -13.52437510 89.93665433
v -9.22633534 -5.34037734 96.85754244
v -9.22633534 -6.31224781 96.73671055
v -9.22633534 -7.28411756 96.58846518
v -9.63208095 -8.65520687 96.23206396
v -9.22633534 -10.19972825 95.91526224
v -9.27541759 -9.27694220 96.16606481
v -9.27541759 -8.29852758 96.38843431
v -8.74533085 0.06871789 97.22511586
v -8.72569766 0.72317588 97.22105193
v -8.67334369 1.44962422 97.21394366
v -8.55881843 2.42476659 97.19566897
v -8.38866749 3.39336463 97.17028313
v -8.17270601 4.29978884 97.13778901
v -8.25450976 5.33710485 97.02914313
v -8.67334369 -1.45289698 97.21394366
v -8.72569766 -0.71663173 97.22105193
v -8.55881843 -2.42476700 97.19566897
v -8.38866749 -3.39663711 97.17028313
v -8.74533085 -0.06871830 97.22511586
v -8.25450976 6.31224740 96.91643622
v -8.17270601 -4.29651681 97.13778901
v -8.25450976 -5.34037734 97.02914313
v -8.25450976 7.28411715 96.77834346
v -8.25450976 8.25271518 96.61080380
v -9.27541759 8.29852717 96.38944812
v -8.65043878 9.63362109 96.23206396
v -9.24269609 10.48114464 95.80864689
v -8.29704714 10.21281688 96.14981775
v -8.25450976 11.17159759 95.85535465
v -8.40175580 11.18141491 95.80864689
v -8.98746895 8.98570768 96.30923243
v -8.23487657 12.15655710 95.46747602
v -7.89457396 12.70630238 95.32227499
v -7.28268346 13.36730482 95.13239671
v -8.30686373 13.14806076 94.83793650
v -8.07126978 13.77634025 94.47239650
v -6.83767292 14.59441257 94.32922598
v -7.54772720 14.45370417 93.82254598
v -8.33958523 13.97594967 93.90377838
v -7.75387208 14.56823450 92.85183560
v -8.25778148 14.27700111 92.85183560
v -9.03982364 13.79924661 92.85183560
v -9.59608701 13.69126116 87.37279942
v -9.22633534 -12.92227368 94.55159548
v -9.28196175 -12.15655751 95.06944479
v -7.54772720 -14.45370458 93.82254598
v -8.33958523 -13.97595008 93.90479220
v -6.83767292 -14.59114126 94.32922598
v -8.07454222 -13.77634066 94.47239650
v -9.28196175 -11.23049902 95.52636980
v -8.54573012 -12.49687533 95.20449032
v -8.99401311 -11.83914532 95.36898275
v -7.27286759 -14.80384044 92.85183560
v -5.99018811 -15.61209616 87.37279942
v -6.31413033 -15.23905395 92.85183560
v -7.06345027 -14.70567159 93.82254598
v -8.25450976 -6.31224781 96.91643622
v -8.25450976 -7.28411756 96.77834346
v -8.25450976 -8.25598803 96.61080380
v -8.98746895 -8.98898053 96.30923243
v -8.29704714 -10.21608973 96.14981775
v -8.65043878 -9.63362150 96.23206396
v -8.40175580 -11.18141532 95.80864689
v -8.25450976 -11.17159800 95.85637136
v -7.28268346 0.47775411 97.42006899
v -8.33958523 0.43194208 97.27892900
v -8.18579432 1.44962422 97.28502346
v -8.07454222 2.42476659 97.26775969
v -7.90111812 3.39336463 97.24338765
v -7.78986530 3.92347563 97.22714349
v -7.60008117 4.57466111 97.20176054
v -7.27941175 5.36655536 97.17028313
v -7.28268346 6.31224740 97.06569829
v -8.18579432 -1.45289698 97.28502346
v -8.07454222 -2.42476700 97.26775969
v -8.33958523 -0.42867019 97.27892900
v -7.90439056 -3.39663711 97.24338765
v -7.78986530 -3.92674812 97.22714349
v -7.28268346 -0.48102683 97.42006899
v -7.28268346 7.28411715 96.93572761
v -7.60008117 -4.57466152 97.20176054
v -7.28268346 -6.31224781 97.06569829
v -7.27941175 -5.36655577 97.17028313
v -7.28268346 8.25271518 96.77834346
v -7.28268346 9.22458493 96.58947899
v -8.29704714 9.27366935 96.38843431
v -8.00582678 9.90522129 96.30111035
v -7.57717626 10.54986298 96.21581691
v -7.89130225 11.53809420 95.80864689
v -8.25450976 11.28940036 95.80864689
v -7.26959515 11.12251316 96.10107947
v -7.28268346 12.14674050 95.73147553
v -7.28268346 12.88300544 95.40756843
v -6.66424953 13.53419129 95.24307600
v -7.21396874 14.09702488 94.59018116
v -6.33049108 14.04139557 94.97399585
v -6.31413033 14.70239802 94.43990238
v -4.66824333 15.49102055 94.19214703
v -5.37829797 15.38630681 93.84894564
v -6.31413033 15.03289924 93.82254598
v -7.06345027 14.70567118 93.82254598
v -8.47047124 14.41770951 87.37279942
v -7.27286759 14.80384003 92.85183560
v -7.28922834 15.04598900 87.37279942
v -7.52809401 14.92491379 87.37279942
v -7.98292187 14.69258142 87.37279942
v -9.29177834 13.89414230 87.37279942
v -8.74860256 14.24100644 87.37279942
v -8.30686373 -13.14478946 94.83895032
v -7.21396874 -14.09702529 94.59119497
v -6.31413033 -15.03289965 93.82254598
v -5.37829797 -15.38630723 93.84894564
v -4.66824333 -15.49102096 94.19113322
v -6.31413033 -14.70239843 94.43990238
v -7.28268346 -13.36730523 95.13239671
v -7.89784640 -12.70302962 95.32329169
v -8.23487657 -12.15655751 95.46747602
v -5.77095491 -15.69063038 87.37279942
v -5.67933492 -15.49102096 92.85183560
v -5.07726102 -15.62518447 93.54229942
v -7.28268346 -7.28411756 96.93572761
v -7.28268346 -8.25598803 96.77834346
v -8.29704714 -9.27694220 96.38944812
v -7.28268346 -9.22458534 96.58947899
v -7.57717626 -10.54986339 96.21581691
v -8.00582678 -9.90522170 96.30111035
v -7.28268346 -12.14346847 95.73249223
v -7.26959515 -11.12578601 96.10107947
v -6.31413033 0.47775411 97.52566763
v -6.31413033 1.44962422 97.51043728
v -7.28268346 1.44962422 97.40382483
v -7.28268346 2.42476659 97.37234452
v -7.28268346 3.39336463 97.32462005
v -7.27941175 4.29978884 97.26471246
v -6.95219745 5.06550465 97.24338765
v -6.70024275 5.71341805 97.21191314
v -6.35339599 6.35151450 97.18043573
v -6.31413033 7.28411715 97.06569829
v -7.28268346 -1.45289698 97.40382483
v -7.28268346 -2.42476700 97.37234452
v -7.28268346 -3.39663711 97.32462005
v -7.27941175 -4.29651681 97.26471246
v -6.31413033 -1.45289698 97.51043728
v -6.31413033 -0.48102683 97.52566763
v -6.31413033 8.25271518 96.91643622
v -6.95219745 -5.06223262 97.24338765
v -6.31413033 -7.28411756 97.06569829
v -6.35012355 -6.35151491 97.18043573
v -6.70024275 -5.71341847 97.21191314
v -6.31413033 9.22458493 96.73671055
v -6.31413033 10.19645540 96.52043551
v -7.26959515 10.21281688 96.36101794
v -6.92929254 10.77237803 96.27674121
v -6.31413033 11.43992535 96.18637002
v -6.31413033 12.14346806 95.94267861
v -6.92929254 12.14674050 95.80864689
v -6.32067448 12.46088025 95.80864689
v -6.33049108 13.17423883 95.50301447
v -6.01636545 13.68471628 95.32735274
v -5.34230439 14.30317918 95.09685826
v -5.34230439 14.88891912 94.61150307
v -4.02363169 15.58591623 94.35156460
v -4.35411770 15.71353632 93.84894564
v -5.08053310 15.62518406 93.54331323
v -6.31413033 15.23905354 92.85183560
v -6.78531822 15.27504965 87.37279942
v -6.33049108 -14.04139598 94.97399585
v -6.66424953 -13.53419170 95.24307600
v -4.35411770 -15.71353673 93.84894564
v -4.02363169 -15.58591664 94.35156460
v -5.34230439 -14.88564782 94.61048926
v -5.34230439 -14.30317959 95.09685826
v -7.28268346 -12.87973414 95.40756843
v -5.34557647 -15.84115537 87.37279942
v -5.19178591 -15.65790742 92.85183560
v -4.36720637 -15.90660127 92.85183560
v -3.39538044 -16.14220680 92.85183560
v -3.39538044 -15.94914082 93.82254598
v -6.31413033 -8.25598803 96.91643622
v -6.31413033 -9.22458534 96.73671055
v -7.26959515 -10.21608973 96.36101794
v -6.31413033 -10.19972825 96.52144932
v -6.93256498 -10.77565088 96.27775502
v -6.33049108 -13.17096753 95.50301447
v -6.32067448 -12.46088066 95.80864689
v -6.92929254 -12.14674091 95.80864689
v -6.31413033 -12.14674091 95.94267861
v -6.31413033 -11.43665332 96.18637002
v -5.33903231 0.47775411 97.60994726
v -5.33903231 1.44962422 97.59573072
v -5.33903231 2.42476659 97.56729765
v -6.31413033 2.42476659 97.47997658
v -6.31413033 3.39336463 97.43428553
v -6.31413033 4.36523474 97.37234452
v -6.35339599 5.36655536 97.28502346
v -6.05235903 6.05373623 97.24846830
v -5.71205642 6.70164964 97.21191314
v -5.36848137 7.28084471 97.17028313
v -5.33903231 8.25271518 97.02914313
v -6.31413033 -2.42476700 97.47997658
v -6.31413033 -3.39663711 97.43428553
v -6.31413033 -4.36523515 97.37234452
v -5.33903231 -1.45289698 97.59573072
v -5.33903231 -2.42476700 97.56729765
v -5.33903231 -0.48102683 97.60994726
v -5.33903231 9.22458493 96.85754244
v -6.35012355 -5.36655577 97.28400385
v -5.36848137 -7.28084512 97.17028313
v -5.71205642 -6.69837761 97.21191314
v -5.33903231 -8.25598803 97.02914313
v -6.05235903 -6.05373664 97.24846830
v -5.33903231 10.19645540 96.65243382
v -5.37175345 11.23704349 96.38538708
v -6.31413033 10.94908182 96.32751001
v -5.71860058 11.60354010 96.23612501
v -5.37175345 12.10092779 96.11935415
v -5.34884855 12.91572839 95.80864689
v -5.34230439 13.11533781 95.73249223
v -5.34230439 13.81887980 95.39944345
v -4.36720637 14.47333881 95.21769015
v -4.35411770 15.12452466 94.67344118
v -3.46082344 15.00017629 94.98313464
v -3.39538044 15.65136213 94.42873307
v -2.42355486 16.12257175 93.82254598
v -3.39538044 15.94914041 93.82254598
v -3.39538044 16.14220639 92.85183560
v -4.36720637 15.90987402 92.85183560
v -5.19178591 15.66118018 92.85183560
v -5.67933492 15.49429226 92.85183560
v -5.99018811 15.61209575 87.37279942
v -6.29776958 15.48774883 87.37279942
v -6.47446540 15.41575805 87.37279942
v -6.01636545 -13.68144498 95.32735274
v -4.35411770 -15.12125190 94.67344118
v -2.42355486 -16.12257216 93.82254598
v -3.39538044 -15.65136255 94.42873307
v -3.45755136 -15.00017670 94.98313464
v -4.36720637 -14.47333922 95.21769015
v -4.99218519 -15.94914082 87.37279942
v -4.37047845 -16.13566192 87.37279942
v -4.02035961 -16.22074102 87.37279942
v -3.39865288 -16.36799429 87.37279942
v -2.74422464 -16.49561438 87.37279942
v -2.42355486 -16.31890987 92.85183560
v -5.33903231 -9.22458534 96.85754244
v -5.33903231 -10.19972825 96.65243382
v -6.31413033 -10.94908223 96.32751001
v -5.37175345 -11.23704390 96.38538708
v -5.71860058 -11.60681295 96.23612501
v -5.34230439 -13.11206651 95.73147553
v -5.34884855 -12.91245709 95.80864689
v -5.37175345 -12.10092820 96.11935415
v -4.36720637 0.47775411 97.67391590
v -4.36720637 1.44962422 97.66071317
v -4.36720637 2.42476659 97.63533311
v -4.36720637 3.39336463 97.59471691
v -5.33903231 3.39336463 97.52465382
v -5.33903231 4.36523474 97.46576004
v -5.33903231 5.33710485 97.38858868
v -5.36848137 6.35151450 97.28502346
v -5.06417235 6.95034349 97.24338765
v -4.57662334 7.59825689 97.20176054
v -4.29521921 8.17418024 97.13778901
v -4.36720637 9.22458493 96.95501900
v -5.33903231 -3.39663711 97.52465382
v -5.33903231 -4.36523515 97.46576004
v -5.33903231 -5.34037734 97.38858868
v -4.36720637 -1.45289698 97.66071317
v -4.36720637 -2.42476700 97.63533311
v -4.36720637 -3.39663711 97.59471691
v -4.36720637 -0.48102683 97.67391590
v -4.36720637 10.19645540 96.75803536
v -5.06417235 -6.95034390 97.24338765
v -4.57662334 -7.59825730 97.20176054
v -5.36848137 -6.35151491 97.28502346
v -4.29849129 -8.17418065 97.13778901
v -4.36720637 -9.22458534 96.95501900
v -4.36720637 11.17159759 96.52246603
v -5.06744442 11.74424850 96.28080225
v -4.36720637 12.36925628 96.16707862
v -4.36720637 13.11206610 95.88581535
v -4.85802746 13.11533781 95.80864689
v -4.36720637 13.28549744 95.80864689
v -4.36720637 13.98903943 95.48372308
v -3.82730304 14.55841790 95.27048948
v -3.18269140 14.63368040 95.31516672
v -2.42355486 15.18342568 95.00547326
v -2.42355486 15.73644268 94.51910426
v -1.45500109 16.23710208 93.82254598
v -1.45500109 16.43671295 92.85183560
v -2.42355486 16.31890946 92.85183560
v -2.74422464 16.49561397 87.37279942
v -3.02235651 16.44325638 87.37279942
v -3.39865288 16.36799388 87.37279942
v -3.75204380 16.28618651 87.37279942
v -4.37047845 16.13566151 87.37279942
v -5.34557647 15.84115496 87.37279942
v -5.56153795 15.76589246 87.37279942
v -5.34230439 -13.81560849 95.39944345
v -1.45500109 -16.24037566 93.82254598
v -2.42355486 -15.73971480 94.52011807
v -2.42355486 -15.18342609 95.00547326
v -3.17941932 -14.63368081 95.31618342
v -3.82730304 -14.55514660 95.27048948
v -4.36720637 -13.98576813 95.48372308
v -2.25667563 -16.56760371 87.37279942
v -1.45500109 -16.43344019 92.85183560
v -4.36720637 -10.19972825 96.75803536
v -4.36720637 -11.17159800 96.52246603
v -5.06744442 -11.74752135 96.28080225
v -4.85148330 -13.11533822 95.80864689
v -4.36720637 -13.11533822 95.88480154
v -4.36720637 -12.36925669 96.16707862
v -3.39210836 0.47775411 97.71757932
v -3.39210836 1.44962422 97.70742383
v -3.39210836 2.42476659 97.68407139
v -3.39210836 3.39336463 97.64751623
v -3.39210836 4.36523474 97.59471691
v -4.36720637 4.36523474 97.53887036
v -4.36720637 5.33710485 97.46576004
v -4.36720637 6.31224740 97.37234452
v -4.29521921 7.28084471 97.26471246
v -3.92546754 7.79132216 97.22714349
v -3.39210836 8.38687870 97.17028313
v -3.39210836 9.22458493 97.02914313
v -3.39210836 10.19645540 96.83825105
v -4.36720637 -4.36523515 97.53887036
v -4.36720637 -5.34037734 97.46576004
v -4.36720637 -6.31224781 97.37234452
v -3.39210836 -1.45289698 97.70742383
v -3.39210836 -2.42476700 97.68407139
v -3.39210836 -3.39663711 97.64751623
v -3.39210836 -4.36523515 97.59471691
v -3.39210836 -0.48102683 97.71757932
v -3.39210836 11.17159759 96.60978709
v -4.29849129 -7.28084512 97.26471246
v -3.92546754 -7.79459501 97.22714349
v -3.39210836 -9.22458534 97.02914313
v -3.39210836 -8.38687911 97.17028313
v -3.39210836 -10.19972825 96.83825105
v -3.39210836 12.04202677 96.36914002
v -4.36720637 11.88168446 96.32344897
v -3.39210836 12.52632615 96.21886413
v -3.39210836 13.11206610 96.00055568
v -4.18069432 13.33785359 95.80864689
v -3.46082344 14.17883226 95.51418378
v -2.42355486 14.09048000 95.66750689
v -2.42355486 14.69912630 95.35679963
v -1.45500109 15.24232670 95.06030600
v -1.45500109 15.79534370 94.57393410
v -0.48317534 16.29600310 93.82254598
v -0.48317534 16.49234081 92.85183560
v -0.83656653 16.69195022 87.37279942
v -1.45500109 16.65595556 87.37279942
v -1.70695588 16.62977749 87.37279942
v -2.25667563 16.56760330 87.37279942
v -2.56752900 16.52179204 87.37279942
v -0.48317534 -16.29600351 93.82254598
v -1.45500109 -15.79534411 94.57494791
v -0.48317534 -16.49561438 92.85183560
v -1.45500109 -15.24232711 95.06131981
v -2.42355486 -14.69912671 95.35679963
v -3.45755136 -14.17883267 95.51418378
v -2.42355486 -14.08720869 95.66852360
v -1.45500109 -16.65595597 87.37279942
v -3.39210836 -11.17159800 96.60978709
v -4.36720637 -11.88168487 96.32344897
v -3.39210836 -12.03875474 96.36914002
v -3.39210836 -13.11533822 96.00055568
v -3.42155778 -13.53419170 95.80864689
v -3.39210836 -12.52632656 96.21886413
v -2.42355486 0.47775411 97.74499280
v -2.42355486 1.44962422 97.73687072
v -2.42355486 2.42476659 97.71757932
v -2.42355486 3.39336463 97.68407139
v -2.42355486 4.36523474 97.63533311
v -2.42355486 5.33710485 97.56729765
v -3.39210836 5.33710485 97.52465382
v -3.39210836 6.31224740 97.43428553
v -3.39210836 7.28411715 97.32462005
v -3.39210836 7.90258004 97.24338765
v -2.42355486 8.55703833 97.19566897
v -2.42355486 9.22458493 97.08397587
v -2.42355486 10.19645540 96.89714193
v -2.42355486 11.17159759 96.67477244
v -3.39210836 -5.34037734 97.52465382
v -3.39210836 -6.31224781 97.43428553
v -3.39210836 -7.28411756 97.32462005
v -2.42355486 -1.45289698 97.73687072
v -2.42355486 -2.42476700 97.71757932
v -2.42355486 -3.39663711 97.68407139
v -2.42355486 -4.36523515 97.63533311
v -2.42355486 -5.34037734 97.56729765
v -2.42355486 -0.48102683 97.74499280
v -3.39210836 -7.90258045 97.24338765
v -2.42355486 -10.19972825 96.89714193
v -2.42355486 -9.22458534 97.08397587
v -2.42355486 -8.55703874 97.19566897
v -2.42355486 -11.17159800 96.67477244
v -2.44973185 12.22527472 96.38030933
v -2.79985105 12.60486036 96.24526380
v -2.44973185 13.04007531 96.10717103
v -2.83911671 13.67489969 95.80864689
v -3.42155778 13.53419129 95.80864689
v -1.45500109 14.09048000 95.73147553
v -1.45500109 14.76130049 95.39233808
v -0.48317534 15.27504965 95.08670566
v -0.48317534 15.82479348 94.60135047
v 0.47883405 16.29600310 93.82254598
v 0.47883405 16.49234081 92.85183560
v 0.48537834 16.71485658 87.37279942
v -0.48317534 16.71158486 87.37279942
v 0.47883405 -16.29600351 93.82254598
v -0.48317534 -15.82479389 94.60236428
v -0.48317534 -15.27505006 95.08771947
v -0.48317534 -16.71158527 87.37279942
v 0.48537834 -16.71485699 87.37279942
v 0.47883405 -16.49234122 92.85183560
v -1.45500109 -14.75802773 95.39233808
v -1.45500109 -14.08720869 95.73249223
v -2.11270150 -13.80579190 95.80864689
v -2.45300411 -13.04007573 96.10818484
v -2.79985105 -12.60486077 96.24526380
v -2.45300411 -12.22527513 96.38030933
v -0.47990317 2.42476659 97.74499280
v -1.45172901 2.42476659 97.73687072
v -1.45172901 3.39336463 97.70742383
v -1.45172901 4.36523474 97.66071317
v -1.45172901 5.33710485 97.59573072
v -1.45172901 6.31224740 97.51043728
v -2.42355486 6.31224740 97.47997658
v -2.42355486 7.28411715 97.37234452
v -2.42355486 8.07601139 97.26775969
v -1.45172901 8.67484037 97.21394366
v -1.45172901 9.22458493 97.11849761
v -1.45172901 10.19645540 96.93572761
v -1.45172901 11.17159759 96.71640245
v -1.45172901 12.14346806 96.45443346
v -2.42355486 -6.31224781 97.47997658
v -2.42355486 -7.28411756 97.37234452
v -1.45172901 -2.42476700 97.73687072
v -1.45172901 -3.39663711 97.70742383
v -1.45172901 -4.36523515 97.66071317
v -1.45172901 -5.34037734 97.59573072
v -1.45172901 -6.31224781 97.51043728
v -0.47990317 -2.42476700 97.74499280
v -2.42355486 -8.07273936 97.26775969
v -1.45172901 -10.19972825 96.93572761
v -1.45172901 -11.17159800 96.71640245
v -1.45172901 -9.22458534 97.11849761
v -1.45172901 -8.67484078 97.21394366
v -1.45172901 -12.14674091 96.45443346
v -2.14869489 12.66376138 96.26557190
v -1.45172901 13.19714519 96.10514051
v -0.48317534 14.09048000 95.76295294
v -0.48317534 14.78747856 95.40858224
v 0.47883405 15.27504965 95.08670566
v 0.47883405 15.82479348 94.60135047
v 1.45065985 15.79534370 94.57393410
v 1.45065985 16.23710208 93.82254598
v 1.45065985 16.43343978 92.85183560
v 1.45720410 16.65595556 87.37279942
v 1.45065985 -16.23383078 93.82254598
v 1.45065985 -15.79207094 94.57393410
v 0.47883405 -15.82479389 94.60135047
v 0.47883405 -15.27505006 95.08771947
v -0.48317534 -14.78747897 95.40959895
v 1.45720410 -16.65595597 87.37279942
v 1.45065985 -16.43016848 92.85183560
v -0.48317534 -14.08720869 95.76396964
v -1.45172901 -13.19714560 96.10615432
v -2.15196715 -12.66376179 96.26557190
v 0.48210617 2.42476659 97.74499280
v -0.47990317 3.39336463 97.71757932
v -0.47990317 4.36523474 97.67391590
v -0.47990317 5.33710485 97.60994726
v -0.47990317 6.31224740 97.52566763
v -0.47990317 7.28411715 97.42006899
v -1.45172901 7.28411715 97.40382483
v -1.45172901 8.19054172 97.28502346
v -0.71222517 8.72392480 97.22105193
v -0.42754893 9.13296096 97.15403607
v -0.47990317 10.19645540 96.95400519
v -0.47990317 11.17159759 96.73671055
v -0.47990317 12.14346806 96.47677208
v -0.47990317 12.74556876 96.29298826
v -1.45172901 12.70957409 96.28080225
v -1.45172901 -7.28411756 97.40382483
v -1.45172901 -8.19054213 97.28502346
v -0.47990317 -3.39663711 97.71757932
v -0.47990317 -4.36523515 97.67391590
v -0.47990317 -5.34037734 97.60994726
v -0.47990317 -6.31224781 97.52566763
v -0.47990317 -7.28411756 97.42006899
v 0.48210617 -2.42476700 97.74499280
v -0.47990317 -10.19972825 96.95400519
v -0.47990317 -11.17159800 96.73671055
v -0.47990317 -12.14674091 96.47677208
v -0.43082110 -9.13296137 97.15403607
v -0.71549734 -8.72392521 97.22105193
v -1.45172901 -12.71284622 96.28080225
v -0.47990317 13.23313985 96.11935415
v 0.47883405 14.09048000 95.76295294
v 0.47883405 14.78747856 95.40858224
v 1.45065985 14.76130049 95.39233808
v 1.45065985 15.24232670 95.06030600
v 2.42248561 15.73644268 94.51910426
v 2.42248561 16.12257175 93.82254598
v 2.42248561 16.31890946 92.85183560
v 2.25887864 16.56760330 87.37279942
v 2.42248561 -16.11930045 93.82254598
v 2.42248561 -15.73316992 94.51910426
v 2.42248561 -16.31890987 92.85183560
v 1.45065985 -15.24232711 95.06030600
v 1.45065985 -14.75802773 95.39132137
v 0.47883405 -14.78420580 95.40858224
v 0.47883405 -14.08720869 95.76295294
v 1.70588681 -16.62977790 87.37279942
v 2.25887864 -16.56760371 87.37279942
v 0.48210617 -13.97922325 95.80864689
v 0.48210617 -13.23314026 96.11935415
v -0.47990317 -13.23314026 96.11935415
v 1.45393202 2.42476659 97.73687072
v 0.48210617 3.39336463 97.71757932
v 2.42248561 0.47775411 97.74499280
v 0.48210617 4.36523474 97.67391590
v 0.48210617 5.33710485 97.60994726
v 0.48210617 6.31224740 97.52566763
v 0.48210617 7.28411715 97.42006899
v -0.42754893 8.34106671 97.27892900
v -0.06761345 8.74355871 97.22511586
v 0.42647981 9.13296096 97.15403607
v 0.48210617 10.19645540 96.95400519
v 0.48210617 11.17159759 96.73671055
v 0.48210617 12.14346806 96.47677208
v 0.48210617 12.74556876 96.29298826
v -0.43082110 -8.34433956 97.27892900
v 0.48210617 -3.39663711 97.71757932
v 0.48210617 -4.36523515 97.67391590
v 0.48210617 -5.34037734 97.60994726
v 0.48210617 -6.31224781 97.52566763
v 0.48210617 -7.28411756 97.42006899
v 1.45393202 -2.42476700 97.73687072
v 2.42248561 -0.48102683 97.74499280
v 0.48210617 -10.19972825 96.95400519
v 0.48210617 -11.17159800 96.73671055
v 0.48210617 -12.14674091 96.47677208
v -0.47990317 -12.74556917 96.29298826
v 0.42647981 -9.13296137 97.15403607
v -0.07088559 -8.74355912 97.22511586
v 0.48210617 13.23313985 96.11935415
v 1.45065985 14.09048000 95.73147553
v 1.45393202 13.19714519 96.10514051
v 2.42248561 14.09048000 95.66750689
v 2.42248561 14.69912630 95.35679963
v 2.42248561 15.18342568 95.00547326
v 3.39431137 15.65136213 94.42873307
v 4.01929018 15.58591623 94.35156460
v 3.39431137 15.94914041 93.82254598
v 3.39431137 16.14220639 92.85183560
v 2.74642765 16.49561397 87.37279942
v 3.39431137 -15.94914082 93.82254598
v 4.01929018 -15.58591664 94.35156460
v 3.39431137 -15.65136255 94.42873307
v 2.42248561 -15.18342609 95.00445945
v 3.39431137 -16.14220680 92.85183560
v 2.56973201 -16.52179245 87.37279942
v 2.74642765 -16.49561438 87.37279942
v 2.42248561 -14.69912671 95.35679963
v 1.45065985 -14.08720869 95.73147553
v 1.45393202 -13.90396075 95.80864689
v 1.45393202 -13.19714560 96.10514051
v 1.45393202 -12.70957450 96.28080225
v 0.48210617 -12.74556917 96.29298826
v 2.42248561 2.42476659 97.71757932
v 1.45393202 3.39336463 97.70742383
v 2.42248561 1.44962422 97.73687072
v 3.39758344 0.47775411 97.71757932
v 1.45393202 4.36523474 97.66071317
v 1.45393202 5.33710485 97.59573072
v 1.45393202 6.31224740 97.51043728
v 1.45393202 7.28411715 97.40382483
v 1.45393202 8.19054172 97.28502346
v 0.42647981 8.34106671 97.27892900
v 0.06981646 8.74355871 97.22511586
v 0.71442818 8.72392480 97.22105193
v 1.45393202 9.22458493 97.11849761
v 1.45393202 10.19645540 96.93572761
v 1.45393202 11.17159759 96.71640245
v 1.45393202 12.14346806 96.45443346
v 1.45393202 12.70957409 96.28080225
v 0.42647981 -8.34433956 97.27892900
v 1.45393202 -3.39663711 97.70742383
v 1.45393202 -4.36523515 97.66071317
v 1.45393202 -5.34037734 97.59573072
v 1.45393202 -6.31224781 97.51043728
v 1.45393202 -8.19054213 97.28502346
v 1.45393202 -7.28411756 97.40382483
v 2.42248561 -2.42476700 97.71757932
v 2.42248561 -1.45289698 97.73687072
v 3.39758344 -0.48102683 97.71757932
v 1.45393202 -10.19972825 96.93572761
v 1.45393202 -9.22458534 97.11849761
v 1.45393202 -11.17159800 96.71640245
v 1.45393202 -12.14674091 96.45443346
v 0.71770035 -8.72392521 97.22105193
v 0.07308860 -8.74355912 97.22511586
v 2.45520711 13.04007531 96.10717103
v 2.15089790 12.66376138 96.26557190
v 3.42048871 13.53419129 95.80864689
v 3.45975437 14.17883226 95.51418378
v 3.17835025 14.63368040 95.31516672
v 3.39758344 13.11206610 96.00055568
v 3.45975437 15.00017629 94.98313464
v 4.35304863 15.12452466 94.67344118
v 5.33796324 14.88891912 94.61150307
v 6.30978918 14.70239802 94.43990238
v 4.66390218 15.49102055 94.19214703
v 4.35304863 15.71353632 93.84894564
v 5.07619195 15.62518406 93.54432994
v 3.40085588 16.37126705 87.37279942
v 4.36613730 15.90660086 92.85183560
v 5.07619195 -15.62518447 93.54331323
v 4.35304863 -15.71353673 93.84894564
v 4.66390218 -15.49102096 94.19214703
v 6.30978918 -14.70567159 94.44091909
v 5.33796324 -14.88564782 94.61150307
v 4.35304863 -15.12125190 94.67344118
v 3.45648229 -15.00017670 94.98212083
v 3.17507817 -14.63368081 95.31516672
v 3.02455951 -16.44325679 87.37279942
v 3.40085588 -16.37126746 87.37279942
v 3.75424680 -16.28618692 87.37279942
v 4.36613730 -15.90660127 92.85183560
v 2.42248561 -14.08720869 95.66649308
v 2.43230202 -13.75016259 95.80864689
v 2.45193485 -13.03680401 96.10717103
v 2.14762582 -12.66376179 96.26557190
v 3.39758344 2.42476659 97.68407139
v 2.42248561 3.39336463 97.68407139
v 3.39758344 1.44962422 97.70742383
v 4.36940938 0.47775411 97.67188248
v 2.42248561 4.36523474 97.63533311
v 2.42248561 5.33710485 97.56729765
v 2.42248561 6.31224740 97.47997658
v 2.42248561 7.28411715 97.37234452
v 2.42248561 8.07601139 97.26775969
v 1.45393202 8.67484037 97.21394366
v 2.42248561 9.22458493 97.08397587
v 2.42248561 10.19645540 96.89714193
v 2.42248561 11.17159759 96.67477244
v 2.45520711 12.22527472 96.38030933
v 2.42248561 -3.39663711 97.68407139
v 2.42248561 -4.36523515 97.63533311
v 2.42248561 -5.34037734 97.56729765
v 2.42248561 -6.31224781 97.47997658
v 1.45393202 -8.67484078 97.21394366
v 2.42248561 -8.07273936 97.26775969
v 2.42248561 -7.28411756 97.37234452
v 3.39758344 -2.42476700 97.68407139
v 3.39758344 -1.45289698 97.70742383
v 4.36940938 -0.48102683 97.67188248
v 2.42248561 -10.19972825 96.89714193
v 2.42248561 -9.22458534 97.08397587
v 2.42248561 -11.17159800 96.67477244
v 2.45193485 -12.22527513 96.38030933
v 2.79878180 12.60486036 96.24526380
v 4.36613730 13.28549744 95.80864689
v 3.82296189 14.55841790 95.27048948
v 4.36613730 13.98903943 95.48372308
v 3.39758344 12.52632615 96.21886413
v 4.36940938 12.36925628 96.16707862
v 4.36940938 13.11206610 95.88581535
v 4.36613730 14.47333881 95.21769015
v 5.33796324 14.30317918 95.09685826
v 6.32614993 14.04139557 94.97399585
v 6.83333104 14.59441257 94.32922598
v 5.37395646 15.38630681 93.84894564
v 5.18744477 15.66118018 92.85183560
v 6.30978918 15.03289924 93.82254598
v 6.30978918 15.23578182 92.85183560
v 5.67499341 15.49429226 92.85183560
v 4.37268146 16.13566151 87.37279942
v 5.18744477 -15.65790742 92.85183560
v 5.67499341 -15.49102096 92.85183560
v 6.30978918 -15.23905395 92.85183560
v 6.30978918 -15.03289965 93.82254598
v 5.37395646 -15.38630723 93.84894564
v 6.83660348 -14.59114126 94.32922598
v 7.20635515 -14.09702529 94.59221168
v 6.32614993 -14.04139598 94.97501256
v 5.33796324 -14.30317959 95.09787497
v 4.36613730 -14.47333922 95.21769015
v 3.81968981 -14.55514660 95.27048948
v 3.45648229 -14.17883267 95.51418378
v 4.37268146 -16.13566192 87.37279942
v 2.83150330 -13.67490010 95.80864689
v 3.39758344 -13.11533822 95.99953897
v 2.79550972 -12.60486077 96.24526380
v 4.36940938 2.42476659 97.63533311
v 3.39758344 3.39336463 97.64751623
v 4.36940938 1.44962422 97.66071317
v 5.34123532 0.47775411 97.60791385
v 3.39758344 4.36523474 97.59471691
v 3.39758344 5.33710485 97.52465382
v 3.39758344 6.31224740 97.43428553
v 3.39758344 7.28411715 97.32462005
v 3.39758344 7.90258004 97.24338765
v 2.42248561 8.55703833 97.19566897
v 3.39758344 9.22458493 97.02914313
v 3.39758344 8.38687870 97.17028313
v 3.39758344 10.19645540 96.83825105
v 3.39758344 11.17159759 96.60978709
v 3.39758344 12.04202677 96.36914002
v 3.39758344 -3.39663711 97.64751623
v 3.39758344 -4.36523515 97.59471691
v 3.39758344 -5.34037734 97.52465382
v 3.39758344 -6.31224781 97.43428553
v 2.42248561 -8.56031046 97.19566897
v 3.39758344 -7.90258045 97.24338765
v 3.39758344 -7.28411756 97.32462005
v 4.36940938 -2.42476700 97.63533311
v 4.36940938 -1.45289698 97.66071317
v 5.34123532 -0.48102683 97.60791385
v 3.39758344 -10.19972825 96.83825105
v 3.39758344 -9.22458534 97.02914313
v 3.39758344 -8.38687911 97.17028313
v 3.39758344 -12.03875474 96.36914002
v 3.39758344 -11.17159800 96.60978709
v 4.85368631 13.11533781 95.80864689
v 5.33796324 13.11533781 95.73249223
v 5.33796324 13.81887980 95.39944345
v 4.36940938 11.88168446 96.32344897
v 5.06637535 11.74424850 96.28080225
v 5.37068438 12.10092779 96.11935415
v 6.01529602 13.68471628 95.32735274
v 6.66318010 13.53419129 95.24307600
v 7.20635515 14.09702488 94.59018116
v 8.07020035 13.77634025 94.47239650
v 8.71481235 13.58654743 94.28251822
v 7.54665776 14.45370417 93.82254598
v 7.05910912 14.70567118 93.82254598
v 5.34450740 15.84115496 87.37279942
v 4.99111611 15.94914041 87.37279942
v 6.47666841 15.41575805 87.37279942
v 7.26525400 14.80384003 92.85183560
v 5.98911904 15.61209575 87.37279942
v 5.76988548 15.69062997 87.37279942
v 5.34450740 -15.84115537 87.37279942
v 5.98911904 -15.61209616 87.37279942
v 6.29670014 -15.48774924 87.37279942
v 6.47339597 -15.41575846 87.37279942
v 7.26525400 -14.80711216 92.85183560
v 7.06238156 -14.70567159 93.82254598
v 7.54993020 -14.45370458 93.82254598
v 8.71481235 -13.58654784 94.28353203
v 8.07020035 -13.77634066 94.47239650
v 7.28161475 -13.36730523 95.13239671
v 6.66645254 -13.53419170 95.24307600
v 6.01529602 -13.68144498 95.32836655
v 5.33796324 -13.81560849 95.40046016
v 4.36613730 -13.98576813 95.48372308
v 4.36940938 -13.28549785 95.80864689
v 4.17962525 -13.33785400 95.80864689
v 4.36940938 -13.11533822 95.88581535
v 4.36940938 -12.36925669 96.16707862
v 3.39758344 -12.52632656 96.21886413
v 5.34123532 2.42476659 97.56729765
v 4.36940938 3.39336463 97.59471691
v 5.34123532 1.44962422 97.59573072
v 6.31306089 0.47775411 97.52465382
v 4.36940938 4.36523474 97.53887036
v 4.36940938 5.33710485 97.46576004
v 4.36940938 6.31224740 97.37234452
v 4.29742222 7.28084471 97.26471246
v 3.92439811 7.79132216 97.22714349
v 4.36940938 9.22458493 96.95501900
v 4.29742222 8.17418024 97.13778901
v 4.36940938 10.19645540 96.75803536
v 4.36940938 11.17159759 96.52246603
v 4.36940938 -3.39663711 97.59471691
v 4.36940938 -4.36523515 97.53887036
v 4.36940938 -5.34037734 97.46576004
v 4.36940938 -6.31224781 97.37234452
v 3.92767055 -7.79459501 97.22714349
v 4.29742222 -7.28084512 97.26471246
v 5.34123532 -2.42476700 97.56729765
v 5.34123532 -1.45289698 97.59573072
v 6.31306089 -0.48102683 97.52465382
v 4.36940938 -10.19972825 96.75803536
v 4.36940938 -9.22458534 96.95501900
v 4.29742222 -8.17418065 97.13880571
v 4.36940938 -11.88168487 96.32344897
v 4.36940938 -11.17159800 96.52246603
v 6.31306089 12.14346806 95.94166190
v 6.31633333 12.46088025 95.80864689
v 6.32614993 13.17423883 95.50301447
v 5.71753151 11.60354010 96.23612501
v 5.37068438 11.23704349 96.38538708
v 7.28161475 12.88300544 95.40756843
v 7.89023281 12.70630238 95.32227499
v 7.28161475 13.36730482 95.13239671
v 8.30579502 13.14806076 94.83793650
v 9.22526663 12.92227327 94.55159548
v 9.24817154 13.39348289 93.90377838
v 8.93731799 13.73380071 93.63368442
v 8.33851580 13.97594967 93.90377838
v 9.81425150 12.70957409 94.38304201
v 10.01712467 12.86664397 93.82254598
v 7.75280265 14.56496278 92.85183560
v 7.28815891 15.04598900 87.37279942
v 7.28815891 -15.04271769 87.37279942
v 7.75607509 -14.56823491 92.85183560
v 8.93731799 -13.73380112 93.63469823
v 8.33851580 -13.97595008 93.90479220
v 9.24817154 -13.39348330 93.90479220
v 10.01712467 -12.86664438 93.82254598
v 9.81752394 -12.70630279 94.38304201
v 9.22526663 -12.92227368 94.55159548
v 8.30579502 -13.14478946 94.83895032
v 8.54138897 -12.49687533 95.20449032
v 7.89350525 -12.70302962 95.32329169
v 7.28161475 -12.87973414 95.40756843
v 6.32614993 -13.17096753 95.50301447
v 5.33796324 -13.11206651 95.73249223
v 4.85695839 -13.11533822 95.80864689
v 5.37068438 -12.10420064 96.11935415
v 5.06964743 -11.74752135 96.28080225
v 6.31306089 2.42476659 97.47997658
v 5.34123532 3.39336463 97.52465382
v 6.31306089 1.44962422 97.51043728
v 7.28488647 0.47775411 97.41905518
v 5.34123532 4.36523474 97.46576004
v 5.34123532 5.33710485 97.38858868
v 5.36741230 6.35151450 97.28502346
v 5.06310327 6.95034349 97.24338765
v 4.57228219 7.59825689 97.20176054
v 5.34123532 9.22458493 96.85754244
v 5.34123532 8.25271518 97.02914313
v 5.34123532 10.19645540 96.65243382
v 5.34123532 -3.39663711 97.52465382
v 5.34123532 -4.36523515 97.46576004
v 5.34123532 -5.34037734 97.38858868
v 5.06310327 -6.95034390 97.24338765
v 5.36741230 -6.35151491 97.28502346
v 4.57228219 -7.59825730 97.20176054
v 6.31306089 -2.42476700 97.47997658
v 6.31306089 -1.45289698 97.51043728
v 7.28488647 -0.48102683 97.41905518
v 5.34123532 -10.19972825 96.65243382
v 5.34123532 -9.22458534 96.85754244
v 5.34123532 -8.25598803 97.02914313
v 5.37068438 -11.23704390 96.38538708
v 6.31306089 11.43992535 96.18637002
v 7.26525400 11.12251316 96.10107947
v 6.92822311 12.14674050 95.80864689
v 7.28161475 12.14674050 95.73147553
v 6.31306089 10.94908182 96.32751001
v 6.31306089 10.19645540 96.52043551
v 8.23053542 12.15655710 95.46747602
v 8.98640024 11.84241735 95.36898275
v 8.54138897 12.49360320 95.20449032
v 9.27762060 12.15655710 95.06741137
v 9.03548177 13.79924661 92.85183560
v 8.25344033 14.27700111 92.85183560
v 10.16764314 12.98444601 92.85183560
v 9.51975870 13.46547367 92.85183560
v 10.16437070 12.13037903 94.60033376
v 10.83515933 11.79333293 94.42467203
v 10.50140087 12.48051344 93.82254598
v 10.65191935 12.60158865 92.85183560
v 7.94913166 14.67621995 87.99218633
v 7.95894753 14.69258142 87.37279942
v 7.52702530 -14.92164249 87.37279942
v 8.28943427 -14.51587877 87.37279942
v 8.46612937 -14.41443820 87.37279942
v 8.25344033 -14.27700152 92.85183560
v 7.97858072 -14.69258183 87.37279942
v 9.03548177 -13.79924702 92.85183560
v 9.51975870 -13.46547408 92.85183560
v 10.16764314 -12.98117470 92.85183560
v 10.65191935 -12.59831589 92.85183560
v 11.66301131 -11.66571397 93.35648218
v 10.50140087 -12.47724213 93.82254598
v 10.83515933 -11.79660578 94.42568584
v 10.16437070 -12.13365115 94.60135047
v 9.28089231 -12.15655751 95.06842808
v 9.63755567 -11.59699563 95.24916756
v 8.98640024 -11.83914532 95.36898275
v 8.23053542 -12.15655751 95.46747602
v 7.28161475 -12.14346847 95.73249223
v 6.31960505 -12.46088066 95.80864689
v 5.69135416 -12.76520381 95.80864689
v 5.34450740 -12.91572880 95.80864689
v 6.31306089 -12.14674091 95.94267861
v 5.71753151 -11.60681295 96.23612501
v 7.28488647 2.42476659 97.37133071
v 6.31306089 3.39336463 97.43428553
v 7.28488647 1.44962422 97.40382483
v 8.34506068 0.44503125 97.27892900
v 8.18799733 1.44962422 97.28502346
v 6.31306089 4.36523474 97.37234452
v 6.34905484 5.36655536 97.28502346
v 6.05456204 6.05373623 97.24846830
v 5.71425943 6.70164964 97.21191314
v 5.36741230 7.28084471 97.17028313
v 6.31306089 9.22458493 96.73671055
v 6.31306089 8.25271518 96.91643622
v 6.31306089 7.28411715 97.06569829
v 6.31306089 -3.39663711 97.43428553
v 6.31306089 -4.36523515 97.37234452
v 6.05456204 -6.05373664 97.24846830
v 6.34905484 -5.36982821 97.28502346
v 5.36741230 -7.28084512 97.17028313
v 5.71425943 -6.69837761 97.21191314
v 7.28488647 -2.42476700 97.37234452
v 7.28488647 -1.45289698 97.40382483
v 8.34506068 -0.44503166 97.27892900
v 8.18799733 -1.45289698 97.28502346
v 6.31306089 -10.19972825 96.52144932
v 6.31306089 -9.22458534 96.73671055
v 6.31306089 -8.25598803 96.91643622
v 6.31306089 -7.28411756 97.06569829
v 6.31306089 -10.94908223 96.32751001
v 6.92822311 10.77237803 96.27674121
v 7.57937927 10.54986298 96.21480309
v 8.25671277 11.17159759 95.85535465
v 7.26525400 10.21281688 96.36101794
v 7.28488647 9.22458493 96.58947899
v 9.27762060 11.23377105 95.52636980
v 9.63428396 11.59699522 95.24916756
v 9.16309534 13.88105399 88.96492724
v 8.21744711 14.48642712 88.58923463
v 9.64737227 13.54727960 88.96492724
v 10.27562352 11.23377105 95.12935238
v 11.15910118 11.16505343 94.63485840
v 11.79389659 10.84109637 94.42568584
v 11.48304304 11.48573734 94.00328547
v 11.15910118 11.93076888 93.73725254
v 11.66301131 11.66898600 93.35648218
v 10.72063479 12.65394479 89.93665433
v 8.13564336 14.58132426 87.37279942
v 8.74753385 -14.24100685 87.37279942
v 9.29398135 -13.89414271 87.37279942
v 9.59174586 -13.69780645 87.37279942
v 9.71608771 -13.60618248 87.49870617
v 9.85024544 -13.51128534 87.37279942
v 10.14800995 -13.27895297 87.37279942
v 10.82207101 -12.74229745 87.37279942
v 11.30961966 -12.31035567 87.37279942
v 11.93132676 -11.16178140 93.73725254
v 11.48304304 -11.48246603 94.00430218
v 11.15910118 -11.93076929 93.73725254
v 11.49613208 -12.13365115 87.37279942
v 11.82334638 -11.82278385 87.37279942
v 12.30762331 -11.30576224 87.37279942
v 12.74936141 -10.82473530 87.37279942
v 12.60538709 -10.65130396 92.85183560
v 12.47450253 -10.50405068 93.82254598
v 11.79389659 -10.83782434 94.42568584
v 11.15910118 -11.16178140 94.63485840
v 10.27562352 -11.23049902 95.12935238
v 10.64864763 -10.65130396 95.26541462
v 10.00076392 -10.94580979 95.39132137
v 9.28089231 -11.23049902 95.52636980
v 8.40395881 -11.18141532 95.80864689
v 8.25671277 -11.17159800 95.85535465
v 7.26525400 -11.12578601 96.10107947
v 6.92822311 -12.14674091 95.80864689
v 6.31306089 -11.43992576 96.18637002
v 6.92822311 -10.77565088 96.27775502
v 8.07347279 2.42476659 97.26775969
v 7.28488647 3.39336463 97.32462005
v 8.74426142 0.09816849 97.22511586
v 8.72462895 0.74935418 97.22105193
v 8.67227425 1.44962422 97.21394366
v 7.27834231 4.29978884 97.26471246
v 6.94785630 5.06550465 97.24338765
v 6.70244576 5.71341805 97.21191314
v 6.34905484 6.35151450 97.18043573
v 7.28488647 8.25271518 96.77834346
v 7.28488647 7.28411715 96.93572761
v 7.28488647 6.31224740 97.06569829
v 7.28488647 -3.39663711 97.32462005
v 7.27834231 -4.29651681 97.26471246
v 6.94785630 -5.06223262 97.24338765
v 6.34905484 -6.35151491 97.18043573
v 6.70244576 -5.71341847 97.21191314
v 7.90332112 -3.39663711 97.24338765
v 8.07347279 -2.42476700 97.26775969
v 8.72462895 -0.74935459 97.22105193
v 8.74426142 -0.09816890 97.22511586
v 8.67227425 -1.45289698 97.21394366
v 7.26525400 -10.21608973 96.36101794
v 7.28488647 -9.22458534 96.58947899
v 7.28488647 -8.25598803 96.77834346
v 7.28488647 -7.28411756 96.93572761
v 7.28488647 -6.31224781 97.06569829
v 8.00475807 9.90522129 96.30111035
v 8.29925014 10.21281688 96.14981775
v 9.22853834 10.19645540 95.91526224
v 8.29925014 9.27366935 96.38843431
v 8.25671277 8.25271518 96.61080380
v 9.38887342 10.35352527 95.80864689
v 10.27562352 10.27826278 95.54566119
v 10.00076392 10.94580938 95.39132137
v 10.64864763 10.65130355 95.26541462
v 10.72390651 12.66048967 89.18120517
v 10.29525599 12.99426260 88.89994190
v 9.43141079 13.67817140 88.58923463
v 11.22781663 10.27826278 95.12935238
v 12.12438333 10.16373245 94.60135047
v 12.71009648 9.82014219 94.38405583
v 12.47450253 10.50405027 93.82254598
v 11.93132676 11.16505343 93.73725254
v 11.72845431 11.72788703 89.93665433
v 11.20491172 12.21545812 89.93665433
v 12.60538709 10.65784842 92.85183560
v 12.66101350 10.72329433 89.93665433
v 12.21273052 11.20759298 89.93665433
v 9.08456402 13.88105399 87.99218633
v 10.68136913 12.53287103 88.53338808
v 14.65374763 7.86985709 87.37279942
v 13.13874628 -10.32734761 87.37279942
v 13.27944888 -10.14737139 87.37279942
v 12.97841193 -10.16700530 92.85183560
v 12.86388740 -10.01320714 93.82254598
v 12.71009648 -9.81687016 94.38304201
v 12.12438333 -10.16046042 94.60135047
v 11.22781663 -10.27826319 95.12935238
v 11.59102415 -9.64016638 95.24916756
v 10.94641214 -10.00011811 95.39132137
v 10.27562352 -10.27826319 95.54566119
v 9.22853834 -10.19972825 95.91526224
v 8.29925014 -10.21608973 96.14981775
v 7.58265171 -10.54986339 96.21581691
v 8.55774972 2.42476659 97.19566897
v 7.90332112 3.39336463 97.24338765
v 7.79206831 3.92347563 97.22714349
v 9.13364628 0.44503125 97.15505277
v 9.22853834 1.44962422 97.11849761
v 9.22853834 2.42476659 97.08397587
v 7.60228417 4.57466111 97.20176054
v 7.27834231 5.36655536 97.17028313
v 8.25671277 7.28411715 96.77834346
v 8.25671277 6.31224740 96.91643622
v 8.25671277 5.33710485 97.02914313
v 7.79206831 -3.92674812 97.22714349
v 7.60228417 -4.57466152 97.20176054
v 7.27834231 -5.36982821 97.17028313
v 8.39087049 -3.39663711 97.17028313
v 8.55774972 -2.42476700 97.19566897
v 9.13364628 -0.44503166 97.15505277
v 9.22853834 -1.45289698 97.11849761
v 9.22853834 -2.42476700 97.08498968
v 8.00475807 -9.90194998 96.30111035
v 8.29925014 -9.27694220 96.38944812
v 8.25671277 -8.25598803 96.61080380
v 8.25671277 -7.28411756 96.77834346
v 8.25671277 -6.31224781 96.91643622
v 8.25671277 -5.34037734 97.02914313
v 8.64936935 9.63362109 96.23206396
v 9.28089231 9.27366935 96.16606481
v 10.20036392 9.22458493 95.91526224
v 10.22654127 9.53218052 95.80864689
v 8.98312780 8.98570768 96.30923243
v 9.22853834 7.28411715 96.58947899
v 9.28089231 8.29852717 96.38944812
v 11.22781663 9.28021423 95.52636980
v 10.94641214 10.00339014 95.39132137
v 11.59102415 9.64016597 95.24916756
v 11.71863771 11.71479799 89.31726741
v 12.15710411 9.28021423 95.06842808
v 12.86388740 10.01647917 93.82254598
v 12.91951381 9.22458493 94.55159548
v 13.59030243 8.71737992 94.28353203
v 12.66101350 10.72329433 89.36194466
v 13.72773187 8.93989569 93.63469823
v 13.46596130 9.52563564 92.85183560
v 13.52485943 9.60089886 89.93665433
v 13.87825107 9.14277828 88.96492724
v 14.67338082 7.92221396 87.99218633
v 15.39979586 6.47913387 87.37279942
v 13.51831455 -9.83650408 87.37279942
v 13.46596130 -9.52236433 92.85183560
v 13.73100359 -8.93662439 93.63469823
v 13.39070170 -9.24421925 93.90479220
v 13.59030243 -8.71410861 94.28353203
v 12.91951381 -9.22458534 94.55159548
v 12.15710411 -9.27694220 95.06842808
v 12.48759085 -8.54067727 95.20449032
v 11.84297884 -8.99552541 95.36898275
v 11.22781663 -9.27694220 95.52636980
v 10.22654127 -9.52890849 95.80864689
v 10.20036392 -9.22458534 95.91526224
v 9.28089231 -9.27694220 96.16606481
v 8.65264179 -9.63362150 96.23206396
v 8.39087049 3.39336463 97.17028313
v 8.17163730 4.29978884 97.13778901
v 10.20036392 0.47775411 96.95501900
v 10.20036392 1.44962422 96.93572761
v 10.20036392 2.42476659 96.89714193
v 9.22853834 3.39336463 97.02914313
v 9.22853834 6.31224740 96.73671055
v 9.22853834 5.33710485 96.85754244
v 9.22853834 4.36523474 96.95400519
v 8.17163730 -4.29651681 97.13778901
v 9.22853834 -4.36523515 96.95501900
v 9.22853834 -3.39663711 97.02914313
v 10.20036392 -0.48102683 96.95501900
v 10.20036392 -1.45289698 96.93572761
v 10.20036392 -2.42476700 96.89714193
v 8.98312780 -8.98898053 96.30923243
v 9.28089231 -8.29852758 96.38944812
v 9.22853834 -7.28411756 96.58947899
v 9.22853834 -6.31224781 96.73671055
v 9.22853834 -5.34037734 96.85754244
v 9.63428396 8.65520646 96.23206396
v 10.48176841 9.24094640 95.80864689
v 10.21672467 8.29852717 96.14981775
v 11.16564606 8.25271518 95.85535465
v 11.17873438 8.39996846 95.80864689
v 10.21672467 7.26775567 96.36101794
v 9.90259941 8.00402133 96.30111035
v 10.20036392 6.31224740 96.52144932
v 11.84297884 8.99552500 95.36898275
v 12.48759085 8.54394857 95.20449032
v 13.39070170 9.24749128 93.90377838
v 13.14529116 8.30834376 94.83895032
v 13.77026997 8.07273895 94.47239650
v 14.58830463 6.83581388 94.32922598
v 14.45414690 7.54590075 93.82254598
v 13.97314241 8.34106671 93.90377838
v 13.79317487 9.04133698 92.85183560
v 14.56212801 7.75532677 92.85183560
v 14.27417936 8.25598762 92.85183560
v 14.36907216 8.38033454 88.96492724
v 14.48686841 8.20690319 88.59126515
v 15.01041099 7.28738959 87.99218633
v 15.54377018 6.16826656 87.37279942
v 13.68846694 -9.60089927 87.37279942
v 13.60339074 -9.71542887 87.48652015
v 13.79317487 -9.03806496 92.85183560
v 14.27417936 -8.25271559 92.85183560
v 14.56212801 -7.75859962 92.85183560
v 14.45414690 -7.54590116 93.82254598
v 13.97641413 -8.33779468 93.90479220
v 14.58830463 -6.83581429 94.32922598
v 13.77354168 -8.06946692 94.47239650
v 13.14529116 -8.30507246 94.83895032
v 13.36452363 -7.28411756 95.13239671
v 12.70682332 -7.89276386 95.32227499
v 12.15710411 -8.23308168 95.46747602
v 11.28998719 -8.25271559 95.80864689
v 11.17873438 -8.39996887 95.80864689
v 10.48176841 -9.24094681 95.80864689
v 11.16564606 -8.25598803 95.85535465
v 10.21672467 -8.29852758 96.14981775
v 9.63428396 -8.65520687 96.23206396
v 11.16564606 0.47775411 96.73671055
v 11.16564606 1.44962422 96.71640245
v 11.16564606 2.42476659 96.67477244
v 10.20036392 3.39336463 96.83825105
v 10.20036392 5.33710485 96.65243382
v 10.20036392 4.36523474 96.75701865
v 10.20036392 -4.36523515 96.75803536
v 10.20036392 -3.39663711 96.83825105
v 11.16564606 -0.48102683 96.73671055
v 11.16564606 -1.45289698 96.71640245
v 11.16564606 -2.42476700 96.67477244
v 9.90259941 -8.00402175 96.30111035
v 10.21672467 -7.26775608 96.36101794
v 10.20036392 -6.31224781 96.52144932
v 10.20036392 -5.34037734 96.65243382
v 10.55048313 7.57535126 96.21581691
v 11.28998719 8.25271518 95.80864689
v 11.12965212 7.26775567 96.10107947
v 12.14074336 7.28738959 95.73249223
v 10.76971705 6.93398201 96.27775502
v 11.23436078 5.36982780 96.38538708
v 10.95295630 6.31224740 96.32751001
v 12.15710411 8.23635370 95.46747602
v 12.70682332 7.89603516 95.32227499
v 13.36452363 7.28738959 95.13239671
v 14.09094011 7.21212709 94.59018116
v 14.69955745 7.06160137 93.82254598
v 14.03858542 6.32860887 94.97399585
v 14.69955745 6.31224740 94.43888856
v 15.48814377 4.66955753 94.19113322
v 15.38343583 5.37637232 93.84894564
v 15.03004418 6.31224740 93.82254598
v 14.80426683 7.27102811 92.85183560
v 15.39652414 6.43659432 87.99218633
v 15.61575661 5.99483485 87.37279942
v 15.23618834 6.31224740 92.85183560
v 13.89461110 -9.29003124 87.37279942
v 14.41488197 -8.46868648 87.37279942
v 14.51631819 -8.29198270 87.37279942
v 14.69301401 -7.98111539 87.37279942
v 15.04313250 -7.28739000 87.37279942
v 14.80426683 -7.26775608 92.85183560
v 14.70283061 -7.06160178 93.82254598
v 14.09094011 -7.20885506 94.59221168
v 15.03331590 -6.30897537 93.82254598
v 15.38343583 -5.37310029 93.84894564
v 15.49141548 -4.66628586 94.19214703
v 14.69955745 -6.30897537 94.44091909
v 14.04185713 -6.32860928 94.97501256
v 13.53467602 -6.66892710 95.24307600
v 12.88351914 -7.28411756 95.40756843
v 12.14074336 -7.28411756 95.73249223
v 11.54194189 -7.88621898 95.80864689
v 11.12965212 -7.26775608 96.10107947
v 10.55048313 -7.57862411 96.21581691
v 12.14074336 0.47775411 96.47677208
v 12.14074336 1.44962422 96.45443346
v 12.22581883 2.45748954 96.38030933
v 11.16564606 3.39336463 96.60978709
v 11.16564606 4.36523474 96.52246603
v 11.16564606 -4.36523515 96.52246603
v 11.16564606 -3.39663711 96.60978709
v 12.14074336 -0.48102683 96.47677208
v 12.14074336 -1.45289698 96.45443346
v 12.22581883 -2.45748995 96.38030933
v 10.76971705 -6.93071071 96.27775502
v 10.95295630 -6.31224781 96.32751001
v 11.23436078 -5.36982821 96.38538708
v 11.43723323 6.31224740 96.18637002
v 12.14074336 6.31224740 95.94166190
v 12.88024742 7.28738959 95.40756843
v 13.17146778 6.32860887 95.50200066
v 11.74808678 5.06550465 96.28080225
v 11.60084074 5.71669049 96.23612501
v 13.53467602 6.66565425 95.24205929
v 14.30362915 5.34037693 95.09584445
v 14.88279815 5.34037693 94.61048926
v 15.57649168 4.02164412 94.35156460
v 15.61575661 5.07532161 93.54229942
v 15.94951507 3.39663670 93.82254598
v 15.70737769 4.35214534 93.84894564
v 15.84153541 5.34364937 87.37279942
v 15.49468865 5.67415059 92.85183560
v 15.41615588 -6.47913428 87.37279942
v 15.23618834 -6.30897537 92.85183560
v 15.61902978 -5.07532202 93.54432994
v 15.71064940 -4.34887367 93.84894564
v 15.94951507 -3.39336504 93.82254598
v 15.57649168 -4.01837245 94.35156460
v 14.88606986 -5.33710526 94.61150307
v 14.30362915 -5.33710526 95.09685826
v 13.68519377 -6.01446918 95.32836655
v 13.17146778 -6.32860928 95.50301447
v 11.93459847 -7.28411756 95.80864689
v 12.14074336 -6.31224781 95.94267861
v 11.43723323 -6.31224781 96.18637002
v 12.74936141 0.47775411 96.29298826
v 12.71336820 1.44962422 96.28080225
v 12.66755838 2.15316657 96.26557190
v 12.60866026 2.79780772 96.24526380
v 12.03603542 3.39336463 96.36914002
v 11.88224450 4.36523474 96.32344897
v 11.88551694 -4.36523515 96.32344897
v 11.75135922 -5.06877750 96.28080225
v 12.03603542 -3.39663711 96.36914002
v 12.74936141 -0.48102683 96.29298826
v 12.66755838 -2.15316698 96.26557190
v 12.71336820 -1.45289698 96.28080225
v 12.60866026 -2.79780813 96.24526380
v 11.60411246 -5.71669091 96.23612501
v 12.09820598 5.36982780 96.11935415
v 13.11256966 5.34037693 95.73147553
v 13.68192206 6.01774121 95.32735274
v 12.36979315 4.36523474 96.16707862
v 14.47050838 4.36523474 95.21769015
v 15.12166381 4.35214534 94.67344118
v 15.64847811 3.39663670 94.42873307
v 16.12293917 2.42803903 93.82254598
v 15.65502299 5.18985157 92.85183560
v 16.14584408 3.39663670 92.85183560
v 15.91025013 4.36523474 92.85183560
v 15.94951507 4.99024215 87.37279942
v 15.61575661 -5.99156318 87.37279942
v 15.49468865 -5.67415100 92.85183560
v 15.65502299 -5.18985198 92.85183560
v 15.91025013 -4.36196271 92.85183560
v 16.14584408 -3.39336504 92.85183560
v 16.12293917 -2.42476700 93.82254598
v 15.64847811 -3.39336504 94.42873307
v 15.12166381 -4.34887367 94.67344118
v 14.47378009 -4.36196271 95.21769015
v 13.81280807 -5.33710526 95.39944345
v 13.11256966 -5.33710526 95.73249223
v 12.76572289 -5.69051247 95.80864689
v 12.09820598 -5.36982821 96.11935415
v 13.23363907 0.47775411 96.11935415
v 13.19764585 1.44962422 96.10615432
v 13.03731006 2.45748954 96.10818484
v 13.11256966 3.39336463 96.00055568
v 12.52358406 3.39336463 96.21886413
v 12.36979315 -4.36523515 96.16707862
v 12.52358406 -3.39663711 96.21886413
v 13.23363907 -0.48102683 96.11935415
v 13.19764585 -1.45289698 96.10615432
v 13.03731006 -2.45748995 96.10818484
v 13.11256966 -3.39663711 96.00055568
v 13.11256966 4.36523474 95.88480154
v 13.80953490 5.34037693 95.39944345
v 13.28272060 4.36523474 95.80864689
v 13.98623072 4.36523474 95.48372308
v 14.55558313 3.82857922 95.27048948
v 14.99405097 3.45881016 94.98313464
v 15.18383510 2.42803903 95.00547326
v 15.73355431 2.42803903 94.52011807
v 16.31599502 2.42803903 92.85183560
v 16.24073542 1.45289657 93.82254598
v 16.37162143 3.39990914 87.37279942
v 16.13602748 4.37177925 87.37279942
v 16.49596256 2.74545104 87.37279942
v 15.76627581 -5.56289311 87.37279942
v 15.84153541 -5.34364978 87.37279942
v 16.28654668 -3.75331677 87.37279942
v 16.03131955 -4.72518688 87.37279942
v 16.13602748 -4.37177966 87.37279942
v 16.37162143 -3.39990955 87.37279942
v 16.44360932 -3.02359617 87.37279942
v 16.49596256 -2.74545145 87.37279942
v 16.31599502 -2.42476700 92.85183560
v 15.73355431 -2.42476700 94.52011807
v 16.24073542 -1.44962463 93.82254598
v 14.99405097 -3.45881058 94.98313464
v 15.18383510 -2.42476700 95.00547326
v 14.55558313 -3.82530719 95.27048948
v 13.98623072 -4.36196271 95.48372308
v 13.28599231 -4.36196271 95.80864689
v 13.11256966 -4.85607868 95.80864689
v 12.91296893 -5.34364978 95.80864689
v 13.11256966 -4.36523515 95.88581535
v 13.97968729 0.48102642 95.80864689
v 13.90442769 1.44962422 95.80864689
v 14.08439523 2.42803903 95.66852360
v 13.53467602 3.41954270 95.80864689
v 13.97314241 -0.60537384 95.80864689
v 13.97968729 -0.48102683 95.80864689
v 13.90442769 -1.45289698 95.80864689
v 13.67865034 -2.83380334 95.80864689
v 14.08439523 -2.42476700 95.66852360
v 13.33834701 -4.17871440 95.80864689
v 13.53467602 -3.41954311 95.80864689
v 14.17601486 3.45881016 95.51418378
v 14.62757101 3.17739337 95.31618342
v 14.69628573 2.42803903 95.35679963
v 15.24273322 1.45289657 95.06131981
v 15.79572560 1.45289657 94.57596462
v 16.54177237 2.43785581 87.37279942
v 16.43051956 1.45289657 92.85183560
v 16.56795044 2.26115220 87.37279942
v 16.29309012 0.48102642 93.82254598
v 16.48941913 0.48102642 92.85183560
v 16.56795044 -2.26115261 87.37279942
v 16.43051956 -1.44962463 92.85183560
v 15.79572560 -1.44962463 94.57596462
v 16.48941913 -0.47775452 92.85183560
v 16.29309012 -0.47775452 93.82254598
v 14.69628573 -2.42476700 95.35679963
v 14.62757101 -3.17739378 95.31618342
v 15.24273322 -1.44962463 95.06131981
v 14.17601486 -3.45881058 95.51418378
v 14.08439523 0.48102642 95.76396964
v 14.08439523 1.45289657 95.73249223
v 14.75845557 1.45289657 95.39233808
v 14.08439523 -1.44962463 95.73249223
v 14.08439523 -0.47775452 95.76396964
v 14.75845557 -1.44962463 95.39233808
v 15.27545473 0.48102642 95.08771947
v 15.82517394 0.48102642 94.60236428
v 16.65629836 1.45616883 87.37279942
v 16.71519648 0.48429872 87.37279942
v 16.63012029 -1.70813562 87.37279942
v 16.65629836 -1.45616924 87.37279942
v 15.82517394 -0.47775452 94.60236428
v 16.69229157 -0.83770644 87.37279942
v 16.71192477 -0.48429913 87.37279942
v 15.27218301 -0.47775452 95.08771947
v 14.78790536 0.48102642 95.40959895
v 14.78790536 -0.47775452 95.40959895
f 1 2 3
f 1 3 4
f 1 4 11
f 1 11 10
f 1 10 22
f 1 22 21
f 1 21 38
f 1 38 37
f 1 37 36
f 1 36 62
f 1 62 92
f 1 92 91
f 1 91 88
f 1 88 87
f 1 87 90
f 1 90 126
f 1 126 171
f 1 171 170
f 1 170 169
f 1 169 216
f 1 216 283
f 1 283 282
f 1 282 281
f 1 281 280
f 1 280 279
f 1 279 278
f 1 278 277
f 1 277 276
f 1 276 275
f 1 275 274
f 1 274 273
f 1 273 334
f 1 334 333
f 1 333 394
f 1 394 393
f 1 393 456
f 1 456 520
f 1 520 521
f 1 521 515
f 1 515 519
f 1 519 518
f 1 518 517
f 1 517 579
f 1 579 645
f 1 645 644
f 1 644 643
f 1 643 711
f 1 711 710
f 1 710 709
f 1 709 708
f 1 708 707
f 1 707 706
f 1 706 705
f 1 705 770
f 1 770 769
f 1 769 768
f 1 768 767
f 1 767 766
f 1 766 825
f 1 825 824
f 1 824 875
f 1 875 923
f 1 923 974
f 1 974 1034
f 1 1034 1096
f 1 1096 1157
f 1 1157 1156
f 1 1156 1161
f 1 1161 1160
f 1 1160 1158
f 1 1158 1224
f 1 1224 1286
f 1 1286 1355
f 1 1355 1436
f 1 1436 1496
f 1 1496 1553
f 1 1553 1607
f 1 1607 1654
f 1 1654 1694
f 1 1694 1730
f 1 1730 1729
f 1 1729 1731
f 1 1731 1767
f 1 1767 1769
f 1 1769 1789
f 1 1789 1790
f 1 1790 1795
f 1 1795 1794
f 1 1794 1792
f 1 1792 1791
f 1 1791 1772
f 1 1772 1739
f 1 1739 1738
f 1 1738 1737
f 1 1737 1734
f 1 1734 1736
f 1 1736 1735
f 1 1735 1733
f 1 1733 1732
f 1 1732 1695
f 1 1695 1656
f 1 1656 1613
f 1 1613 1612
f 1 1612 1611
f 1 1611 1610
f 1 1610 1609
f 1 1609 1554
f 1 1554 1497
f 1 1497 1438
f 1 1438 1437
f 1 1437 1370
f 1 1370 1369
f 1 1369 1368
f 1 1368 1367
f 1 1367 1363
f 1 1363 1362
f 1 1362 1361
f 1 1361 1360
f 1 1360 1358
f 1 1358 1357
f 1 1357 1356
f 1 1356 1289
f 1 1289 1288
f 1 1288 1291
f 1 1291 1287
f 1 1287 1225
f 1 1225 1165
f 1 1165 1164
f 1 1164 1163
f 1 1163 1162
f 1 1162 1109
f 1 1109 1046
f 1 1046 1045
f 1 1045 1044
f 1 1044 981
f 1 981 980
f 1 980 932
f 1 932 931
f 1 931 881
f 1 881 830
f 1 830 829
f 1 829 778
f 1 778 719
f 1 719 656
f 1 656 655
f 1 655 654
f 1 654 653
f 1 653 652
f 1 652 587
f 1 587 531
f 1 531 467
f 1 467 407
f 1 407 351
f 1 351 294
f 1 294 227
f 1 227 178
f 1 178 133
f 1 133 132
f 1 132 131
f 1 131 127
f 1 127 93
f 1 93 63
f 1 63 39
f 1 39 23
f 1 23 12
f 1 12 5
f 1 5 6
f 1 6 2
f 2 7 3
f 2 6 14
f 2 14 7
f 3 8 9
f 3 9 10
f 3 10 11
f 3 11 4
f 3 7 8
f 5 12 13
f 5 13 6
f 6 13 14
f 7 15 16
f 7 16 8
f 7 14 27
f 7 27 15
f 8 16 17
f 8 17 18
f 8 18 9
f 9 18 19
f 9 19 20
f 9 20 21
f 9 21 22
f 9 22 10
f 12 23 13
f 13 24 14
f 13 23 25
f 13 25 24
f 14 24 26
f 14 26 27
f 15 28 29
f 15 29 16
f 15 27 28
f 16 29 30
f 16 30 17
f 17 30 31
f 17 31 18
f 18 31 32
f 18 32 19
f 19 32 33
f 19 33 34
f 19 34 20
f 20 34 35
f 20 35 36
f 20 36 37
f 20 37 38
f 20 38 21
f 23 39 25
f 24 25 40
f 24 40 41
f 24 41 26
f 25 39 42
f 25 42 43
f 25 43 40
f 26 44 45
f 26 45 27
f 26 41 46
f 26 46 44
f 27 45 28
f 28 47 48
f 28 48 29
f 28 45 71
f 28 71 47
f 29 48 49
f 29 49 30
f 30 49 50
f 30 50 51
f 30 51 52
f 30 52 31
f 31 52 32
f 32 52 53
f 32 53 54
f 32 54 55
f 32 55 56
f 32 56 33
f 33 56 34
f 34 56 57
f 34 57 58
f 34 58 59
f 34 59 60
f 34 60 61
f 34 61 35
f 35 61 36
f 36 61 62
f 39 63 42
f 40 43 64
f 40 64 65
f 40 65 41
f 41 65 46
f 42 63 66
f 42 66 67
f 42 67 43
f 43 68 64
f 43 67 68
f 44 69 45
f 44 46 70
f 44 70 69
f 45 69 71
f 46 65 72
f 46 72 73
f 46 73 74
f 46 74 70
f 47 75 76
f 47 76 48
f 47 71 105
f 47 105 75
f 48 76 49
f 49 77 50
f 49 76 77
f 50 77 78
f 50 78 51
f 51 53 52
f 51 78 79
f 51 79 80
f 51 80 81
f 51 81 53
f 53 81 54
f 54 82 55
f 54 81 82
f 55 82 83
f 55 83 84
f 55 84 85
f 55 85 56
f 56 85 57
f 57 85 58
f 58 85 86
f 58 86 59
f 59 87 88
f 59 88 60
f 59 86 89
f 59 89 90
f 59 90 87
f 60 88 91
f 60 91 92
f 60 92 61
f 61 92 62
f 63 93 66
f 64 68 94
f 64 94 95
f 64 95 96
f 64 96 97
f 64 97 72
f 64 72 65
f 66 93 98
f 66 98 67
f 67 98 99
f 67 99 100
f 67 100 101
f 67 101 102
f 67 102 94
f 67 94 68
f 69 103 71
f 69 70 103
f 70 104 103
f 70 74 104
f 71 103 105
f 72 97 73
f 73 106 74
f 73 97 107
f 73 107 108
f 73 108 109
f 73 109 106
f 74 106 104
f 75 110 111
f 75 111 76
f 75 105 112
f 75 112 113
f 75 113 110
f 76 111 114
f 76 114 77
f 77 114 115
f 77 115 78
f 78 116 79
f 78 115 116
f 79 116 117
f 79 117 118
f 79 118 80
f 80 118 119
f 80 119 81
f 81 119 82
f 82 119 120
f 82 120 83
f 83 120 121
f 83 121 84
f 84 121 122
f 84 122 85
f 85 122 123
f 85 123 124
f 85 124 86
f 86 124 125
f 86 125 89
f 89 125 126
f 89 126 90
f 93 127 98
f 94 102 128
f 94 128 95
f 95 129 130
f 95 130 96
f 95 128 129
f 96 130 107
f 96 107 97
f 98 127 131
f 98 131 99
f 99 132 100
f 99 131 132
f 100 132 133
f 100 133 134
f 100 134 135
f 100 135 136
f 100 136 101
f 101 136 128
f 101 128 102
f 103 112 105
f 103 104 137
f 103 137 138
f 103 138 139
f 103 139 112
f 104 106 140
f 104 140 141
f 104 141 138
f 104 138 137
f 106 109 142
f 106 142 143
f 106 143 140
f 107 130 144
f 107 144 108
f 108 144 145
f 108 145 109
f 109 145 142
f 110 146 147
f 110 147 111
f 110 113 146
f 111 147 148
f 111 148 114
f 112 139 113
f 113 139 149
f 113 149 150
f 113 150 146
f 114 151 115
f 114 148 151
f 115 151 152
f 115 152 153
f 115 153 154
f 115 154 116
f 116 154 117
f 117 155 118
f 117 154 155
f 118 155 156
f 118 156 157
f 118 157 119
f 119 157 120
f 120 157 158
f 120 158 159
f 120 159 121
f 121 159 160
f 121 160 161
f 121 161 122
f 122 161 162
f 122 162 123
f 123 163 124
f 123 162 164
f 123 164 165
f 123 165 166
f 123 166 167
f 123 167 163
f 124 163 167
f 124 167 125
f 125 168 169
f 125 169 170
f 125 170 171
f 125 171 126
f 125 167 168
f 128 172 173
f 128 173 129
f 128 136 174
f 128 174 175
f 128 175 172
f 129 173 176
f 129 176 177
f 129 177 130
f 130 177 144
f 133 178 179
f 133 179 180
f 133 180 181
f 133 181 182
f 133 182 134
f 134 182 183
f 134 183 135
f 135 183 184
f 135 184 136
f 136 184 174
f 138 141 185
f 138 185 186
f 138 186 139
f 139 186 149
f 140 143 141
f 141 143 187
f 141 187 188
f 141 188 185
f 142 145 189
f 142 189 143
f 143 189 190
f 143 190 187
f 144 191 145
f 144 177 191
f 145 191 192
f 145 192 190
f 145 190 189
f 146 193 194
f 146 194 147
f 146 150 195
f 146 195 193
f 147 194 148
f 148 194 196
f 148 196 151
f 149 197 150
f 149 186 197
f 150 197 195
f 151 196 198
f 151 198 152
f 152 198 199
f 152 199 153
f 153 199 200
f 153 200 155
f 153 155 154
f 155 200 201
f 155 201 202
f 155 202 156
f 156 202 157
f 157 202 203
f 157 203 158
f 158 203 159
f 159 203 204
f 159 204 205
f 159 205 160
f 160 205 206
f 160 206 207
f 160 207 162
f 160 162 161
f 162 207 164
f 164 207 208
f 164 208 209
f 164 209 210
f 164 210 165
f 165 210 211
f 165 211 212
f 165 212 213
f 165 213 167
f 165 167 166
f 167 213 214
f 167 214 215
f 167 215 168
f 168 215 169
f 169 215 216
f 172 217 176
f 172 176 173
f 172 175 218
f 172 218 217
f 174 184 219
f 174 219 220
f 174 220 175
f 175 219 221
f 175 221 222
f 175 222 223
f 175 223 218
f 175 220 219
f 176 217 224
f 176 224 225
f 176 225 177
f 177 225 226
f 177 226 191
f 178 227 179
f 179 227 228
f 179 228 229
f 179 229 180
f 180 230 231
f 180 231 181
f 180 229 230
f 181 231 182
f 182 231 230
f 182 230 232
f 182 232 233
f 182 233 234
f 182 234 235
f 182 235 184
f 182 184 183
f 184 235 219
f 185 236 186
f 185 188 237
f 185 237 236
f 186 236 197
f 187 238 188
f 187 190 239
f 187 239 238
f 188 238 237
f 190 192 240
f 190 240 239
f 191 226 241
f 191 241 192
f 192 241 242
f 192 242 243
f 192 243 244
f 192 244 240
f 193 245 246
f 193 246 194
f 193 195 249
f 193 249 245
f 194 246 247
f 194 247 196
f 195 197 248
f 195 248 249
f 196 250 198
f 196 247 250
f 197 236 251
f 197 251 248
f 198 250 252
f 198 252 199
f 199 252 200
f 200 253 201
f 200 252 253
f 201 254 255
f 201 255 256
f 201 256 202
f 201 253 254
f 202 256 257
f 202 257 258
f 202 258 203
f 203 258 259
f 203 259 204
f 204 259 260
f 204 260 261
f 204 261 205
f 205 262 206
f 205 261 262
f 206 262 263
f 206 263 264
f 206 264 265
f 206 265 208
f 206 208 207
f 208 265 209
f 209 265 266
f 209 266 267
f 209 267 268
f 209 268 210
f 210 268 269
f 210 269 211
f 211 268 270
f 211 270 271
f 211 271 272
f 211 272 273
f 211 273 274
f 211 274 275
f 211 275 276
f 211 276 277
f 211 277 278
f 211 278 279
f 211 279 212
f 211 269 268
f 212 279 280
f 212 280 281
f 212 281 213
f 213 281 282
f 213 282 283
f 213 283 214
f 214 283 215
f 215 283 216
f 217 218 224
f 218 284 224
f 218 223 284
f 219 234 285
f 219 285 286
f 219 286 222
f 219 222 221
f 219 235 234
f 222 287 223
f 222 286 288
f 222 288 287
f 223 287 289
f 223 289 290
f 223 290 284
f 224 284 291
f 224 291 292
f 224 292 225
f 225 292 293
f 225 293 241
f 225 241 226
f 227 294 228
f 228 295 296
f 228 296 229
f 228 294 295
f 229 296 297
f 229 297 298
f 229 298 299
f 229 299 300
f 229 300 230
f 230 300 232
f 232 300 233
f 233 300 234
f 234 300 285
f 236 237 251
f 237 301 251
f 237 238 302
f 237 302 301
f 238 239 302
f 239 240 303
f 239 303 302
f 240 244 304
f 240 304 303
f 241 293 305
f 241 305 242
f 242 305 243
f 243 306 244
f 243 305 307
f 243 307 306
f 244 306 304
f 245 308 309
f 245 309 246
f 245 249 314
f 245 314 308
f 246 309 310
f 246 310 247
f 247 310 311
f 247 311 250
f 248 312 249
f 248 251 313
f 248 313 312
f 249 312 314
f 250 311 315
f 250 315 252
f 251 301 316
f 251 316 313
f 252 315 317
f 252 317 253
f 253 317 318
f 253 318 254
f 254 318 255
f 255 319 320
f 255 320 257
f 255 257 256
f 255 318 319
f 257 320 321
f 257 321 259
f 257 259 258
f 259 321 260
f 260 321 261
f 261 321 322
f 261 322 323
f 261 323 262
f 262 323 324
f 262 324 325
f 262 325 263
f 263 325 264
f 264 325 326
f 264 326 327
f 264 327 328
f 264 328 266
f 264 266 265
f 266 328 267
f 267 328 329
f 267 329 330
f 267 330 271
f 267 271 268
f 268 271 270
f 271 330 331
f 271 331 272
f 272 331 332
f 272 332 333
f 272 333 334
f 272 334 273
f 284 290 291
f 285 300 286
f 286 300 299
f 286 299 298
f 286 298 335
f 286 335 288
f 287 288 336
f 287 336 337
f 287 337 289
f 288 296 338
f 288 338 339
f 288 339 340
f 288 340 341
f 288 341 342
f 288 342 343
f 288 343 337
f 288 337 336
f 288 335 298
f 288 298 297
f 288 297 296
f 289 344 290
f 289 337 345
f 289 345 346
f 289 346 344
f 290 344 291
f 291 347 292
f 291 344 348
f 291 348 349
f 291 349 347
f 292 347 350
f 292 350 305
f 292 305 293
f 294 351 352
f 294 352 353
f 294 353 295
f 295 354 355
f 295 355 338
f 295 338 296
f 295 353 354
f 301 302 356
f 301 356 316
f 302 303 357
f 302 357 356
f 303 304 358
f 303 358 357
f 304 306 358
f 305 359 307
f 305 350 360
f 305 360 361
f 305 361 359
f 306 307 362
f 306 362 358
f 307 359 363
f 307 363 362
f 308 364 365
f 308 365 309
f 308 314 372
f 308 372 364
f 309 365 366
f 309 366 310
f 310 366 367
f 310 367 311
f 311 367 368
f 311 368 315
f 312 369 314
f 312 313 370
f 312 370 369
f 313 316 371
f 313 371 370
f 314 369 372
f 315 368 373
f 315 373 317
f 316 356 374
f 316 374 371
f 317 373 375
f 317 375 318
f 318 375 376
f 318 376 319
f 319 376 377
f 319 377 320
f 320 377 378
f 320 378 321
f 321 378 322
f 322 379 380
f 322 380 382
f 322 382 324
f 322 324 323
f 322 378 381
f 322 381 379
f 324 382 325
f 325 382 383
f 325 383 326
f 326 383 327
f 327 384 385
f 327 385 386
f 327 386 329
f 327 329 328
f 327 383 384
f 329 386 330
f 330 387 388
f 330 388 331
f 330 386 387
f 331 388 389
f 331 389 390
f 331 390 332
f 332 390 391
f 332 391 392
f 332 392 393
f 332 393 394
f 332 394 333
f 337 343 342
f 337 342 345
f 338 355 339
f 339 355 340
f 340 355 354
f 340 354 395
f 340 395 341
f 341 396 342
f 341 395 397
f 341 397 398
f 341 398 399
f 341 399 396
f 342 396 345
f 344 346 348
f 345 400 401
f 345 401 346
f 345 396 400
f 346 401 348
f 347 349 402
f 347 402 403
f 347 403 360
f 347 360 350
f 348 404 402
f 348 402 349
f 348 401 405
f 348 405 404
f 351 406 352
f 351 407 406
f 352 406 408
f 352 408 409
f 352 409 410
f 352 410 353
f 353 410 411
f 353 411 412
f 353 412 413
f 353 413 354
f 354 413 395
f 356 357 414
f 356 414 374
f 357 358 415
f 357 415 414
f 358 362 416
f 358 416 415
f 359 361 417
f 359 417 363
f 360 403 361
f 361 403 418
f 361 418 419
f 361 419 417
f 362 363 416
f 363 417 420
f 363 420 416
f 364 421 422
f 364 422 365
f 364 372 432
f 364 432 421
f 365 422 423
f 365 423 366
f 366 424 425
f 366 425 367
f 366 423 424
f 367 425 426
f 367 426 368
f 368 426 427
f 368 427 373
f 369 428 429
f 369 429 372
f 369 370 428
f 370 430 428
f 370 371 431
f 370 431 430
f 371 374 431
f 372 429 432
f 373 427 433
f 373 433 375
f 374 434 431
f 374 414 435
f 374 435 434
f 375 433 436
f 375 436 376
f 376 436 437
f 376 437 438
f 376 438 377
f 377 438 381
f 377 381 378
f 379 439 380
f 379 381 439
f 380 440 382
f 380 439 441
f 380 441 442
f 380 442 443
f 380 443 440
f 381 438 444
f 381 444 439
f 382 440 383
f 383 443 384
f 383 440 443
f 384 443 445
f 384 445 446
f 384 446 385
f 385 446 447
f 385 447 448
f 385 448 387
f 385 387 386
f 387 448 449
f 387 449 388
f 388 449 450
f 388 450 451
f 388 451 452
f 388 452 390
f 388 390 389
f 390 452 451
f 390 451 453
f 390 453 454
f 390 454 455
f 390 455 391
f 391 455 392
f 392 455 456
f 392 456 393
f 395 413 412
f 395 412 397
f 396 399 457
f 396 457 458
f 396 458 400
f 397 411 409
f 397 409 408
f 397 408 459
f 397 459 460
f 397 460 399
f 397 399 398
f 397 412 411
f 399 460 459
f 399 459 461
f 399 461 462
f 399 462 457
f 400 405 401
f 400 458 405
f 402 404 463
f 402 463 418
f 402 418 403
f 404 405 463
f 405 458 464
f 405 464 465
f 405 465 463
f 406 466 408
f 406 407 466
f 407 467 468
f 407 468 466
f 408 466 469
f 408 469 459
f 409 411 410
f 414 415 470
f 414 470 435
f 415 416 471
f 415 471 470
f 416 420 472
f 416 472 471
f 417 419 473
f 417 473 420
f 418 474 475
f 418 475 419
f 418 463 476
f 418 476 477
f 418 477 474
f 419 475 473
f 420 473 472
f 421 432 492
f 421 492 478
f 421 478 479
f 421 479 422
f 422 480 423
f 422 479 480
f 423 480 481
f 423 481 424
f 424 481 482
f 424 482 425
f 425 482 483
f 425 483 426
f 426 483 484
f 426 484 427
f 427 484 485
f 427 485 486
f 427 486 433
f 428 487 429
f 428 430 488
f 428 488 487
f 429 487 489
f 429 489 432
f 430 431 490
f 430 490 488
f 431 434 491
f 431 491 490
f 432 489 492
f 433 486 493
f 433 493 436
f 434 435 494
f 434 494 491
f 435 470 495
f 435 495 496
f 435 496 494
f 436 493 497
f 436 497 437
f 437 497 498
f 437 498 499
f 437 499 444
f 437 444 438
f 439 444 499
f 439 499 500
f 439 500 441
f 441 500 501
f 441 501 442
f 442 502 503
f 442 503 443
f 442 501 504
f 442 504 502
f 443 503 445
f 445 505 446
f 445 503 502
f 445 502 505
f 446 505 506
f 446 506 507
f 446 507 447
f 447 507 508
f 447 508 449
f 447 449 448
f 449 508 450
f 450 508 509
f 450 509 510
f 450 510 511
f 450 511 512
f 450 512 513
f 450 513 514
f 450 514 451
f 451 514 453
f 453 515 454
f 453 514 516
f 453 516 517
f 453 517 518
f 453 518 519
f 453 519 515
f 454 515 455
f 455 520 456
f 455 515 521
f 455 521 520
f 457 464 458
f 457 462 522
f 457 522 464
f 459 469 461
f 461 523 462
f 461 469 524
f 461 524 525
f 461 525 526
f 461 526 527
f 461 527 523
f 462 528 522
f 462 523 528
f 463 465 476
f 464 522 528
f 464 528 529
f 464 529 465
f 465 477 476
f 465 529 530
f 465 530 477
f 466 468 469
f 467 531 532
f 467 532 468
f 468 532 533
f 468 533 524
f 468 524 469
f 470 471 534
f 470 534 495
f 471 472 535
f 471 535 534
f 472 473 536
f 472 536 537
f 472 537 535
f 473 475 536
f 474 538 539
f 474 539 475
f 474 477 538
f 475 539 536
f 477 530 540
f 477 540 541
f 477 541 538
f 478 542 543
f 478 543 544
f 478 544 480
f 478 480 479
f 478 492 557
f 478 557 542
f 480 544 545
f 480 545 481
f 481 545 482
f 482 546 483
f 482 545 546
f 483 547 484
f 483 546 547
f 484 548 485
f 484 547 548
f 485 548 549
f 485 549 486
f 486 549 550
f 486 550 551
f 486 551 493
f 487 552 492
f 487 492 489
f 487 488 553
f 487 553 552
f 488 490 553
f 490 491 554
f 490 554 553
f 491 494 555
f 491 555 554
f 492 552 556
f 492 556 557
f 493 551 558
f 493 558 497
f 494 496 559
f 494 559 555
f 495 534 560
f 495 560 561
f 495 561 562
f 495 562 496
f 496 562 559
f 497 558 563
f 497 563 498
f 498 563 564
f 498 564 565
f 498 565 500
f 498 500 499
f 500 565 501
f 501 566 504
f 501 565 566
f 502 504 505
f 504 566 567
f 504 567 568
f 504 568 569
f 504 569 505
f 505 569 570
f 505 570 571
f 505 571 506
f 506 571 507
f 507 571 572
f 507 572 573
f 507 573 509
f 507 509 508
f 509 573 510
f 510 573 574
f 510 574 575
f 510 575 511
f 511 575 576
f 511 576 577
f 511 577 512
f 512 577 513
f 513 577 578
f 513 578 514
f 514 578 516
f 516 578 579
f 516 579 517
f 523 527 580
f 523 580 581
f 523 581 528
f 524 533 525
f 525 533 526
f 526 533 582
f 526 582 583
f 526 583 527
f 527 584 585
f 527 585 580
f 527 583 584
f 528 581 529
f 529 586 540
f 529 540 530
f 529 581 586
f 531 587 532
f 532 587 588
f 532 588 533
f 533 588 589
f 533 589 590
f 533 590 591
f 533 591 582
f 534 535 592
f 534 592 560
f 535 537 593
f 535 593 592
f 536 539 537
f 537 539 594
f 537 594 595
f 537 595 593
f 538 594 539
f 538 541 596
f 538 596 594
f 540 586 597
f 540 597 598
f 540 598 599
f 540 599 541
f 541 599 600
f 541 600 601
f 541 601 596
f 542 602 603
f 542 603 543
f 542 557 618
f 542 618 602
f 543 603 604
f 543 604 605
f 543 605 544
f 544 605 545
f 545 605 606
f 545 606 546
f 546 606 607
f 546 607 547
f 547 607 548
f 548 608 549
f 548 607 608
f 549 609 550
f 549 608 609
f 550 609 610
f 550 610 551
f 551 610 611
f 551 611 612
f 551 612 558
f 552 553 613
f 552 613 556
f 553 554 614
f 553 614 613
f 554 555 615
f 554 615 614
f 555 559 615
f 556 616 557
f 556 613 617
f 556 617 616
f 557 616 618
f 558 612 619
f 558 619 563
f 559 562 620
f 559 620 615
f 560 621 622
f 560 622 561
f 560 592 623
f 560 623 621
f 561 624 562
f 561 622 624
f 562 624 620
f 563 619 625
f 563 625 564
f 564 625 626
f 564 626 627
f 564 627 566
f 564 566 565
f 566 627 567
f 567 628 568
f 567 627 628
f 568 628 629
f 568 629 630
f 568 630 631
f 568 631 570
f 568 570 569
f 570 631 571
f 571 631 572
f 572 631 632
f 572 632 633
f 572 633 573
f 573 633 574
f 574 633 634
f 574 634 575
f 575 634 635
f 575 635 636
f 575 636 637
f 575 637 638
f 575 638 576
f 576 638 577
f 577 638 639
f 577 639 640
f 577 640 641
f 577 641 642
f 577 642 578
f 578 642 643
f 578 643 644
f 578 644 645
f 578 645 579
f 580 585 581
f 581 646 597
f 581 597 586
f 581 585 646
f 582 591 583
f 583 647 584
f 583 591 648
f 583 648 649
f 583 649 650
f 583 650 647
f 584 651 585
f 584 647 651
f 585 651 646
f 587 652 588
f 588 652 589
f 589 652 653
f 589 653 654
f 589 654 590
f 590 654 655
f 590 655 656
f 590 656 657
f 590 657 591
f 591 657 648
f 592 593 658
f 592 658 623
f 593 595 659
f 593 659 658
f 594 596 595
f 595 596 660
f 595 660 661
f 595 661 659
f 596 601 662
f 596 662 660
f 597 646 663
f 597 663 598
f 598 663 600
f 598 600 599
f 600 663 664
f 600 664 665
f 600 665 662
f 600 662 601
f 602 666 667
f 602 667 603
f 602 618 684
f 602 684 666
f 603 667 668
f 603 668 604
f 604 668 669
f 604 669 670
f 604 670 605
f 605 670 606
f 606 670 671
f 606 671 607
f 607 671 672
f 607 672 608
f 608 672 609
f 609 673 610
f 609 672 673
f 610 674 611
f 610 673 674
f 611 674 675
f 611 675 612
f 612 675 676
f 612 676 677
f 612 677 619
f 613 614 678
f 613 678 617
f 614 615 679
f 614 679 678
f 615 620 680
f 615 680 679
f 616 681 618
f 616 617 682
f 616 682 681
f 617 678 683
f 617 683 682
f 618 681 684
f 619 677 685
f 619 685 625
f 620 624 680
f 621 686 622
f 621 623 687
f 621 687 686
f 622 686 688
f 622 688 624
f 623 689 687
f 623 658 690
f 623 690 689
f 624 688 680
f 625 685 691
f 625 691 626
f 626 691 692
f 626 692 628
f 626 628 627
f 628 692 629
f 629 692 693
f 629 693 694
f 629 694 695
f 629 695 630
f 630 695 631
f 631 695 696
f 631 696 697
f 631 697 632
f 632 697 698
f 632 698 633
f 633 698 634
f 634 698 635
f 635 698 699
f 635 699 700
f 635 700 636
f 636 700 701
f 636 701 637
f 637 702 703
f 637 703 704
f 637 704 638
f 637 701 702
f 638 704 639
f 639 704 705
f 639 705 706
f 639 706 707
f 639 707 708
f 639 708 640
f 640 708 709
f 640 709 641
f 641 709 710
f 641 710 642
f 642 710 711
f 642 711 643
f 646 712 663
f 646 651 712
f 647 650 651
f 648 657 713
f 648 713 714
f 648 714 649
f 649 714 715
f 649 715 650
f 650 716 717
f 650 717 651
f 650 715 716
f 651 717 718
f 651 718 712
f 656 719 657
f 657 720 713
f 657 719 720
f 658 659 721
f 658 721 690
f 659 661 722
f 659 722 721
f 660 662 661
f 661 662 723
f 661 723 722
f 662 665 723
f 663 712 718
f 663 718 724
f 663 724 664
f 664 724 665
f 665 724 725
f 665 725 726
f 665 726 723
f 666 727 728
f 666 728 667
f 666 684 747
f 666 747 727
f 667 728 729
f 667 729 668
f 668 729 730
f 668 730 669
f 669 730 731
f 669 731 732
f 669 732 670
f 670 732 671
f 671 732 733
f 671 733 672
f 672 733 734
f 672 734 673
f 673 734 674
f 674 735 675
f 674 734 735
f 675 735 736
f 675 736 676
f 676 737 738
f 676 738 677
f 676 736 737
f 677 738 739
f 677 739 685
f 678 679 740
f 678 740 683
f 679 680 741
f 679 741 740
f 680 688 742
f 680 742 741
f 681 743 684
f 681 682 744
f 681 744 743
f 682 683 745
f 682 745 744
f 683 740 746
f 683 746 745
f 684 743 747
f 685 739 748
f 685 748 691
f 686 687 749
f 686 749 742
f 686 742 688
f 687 689 750
f 687 750 749
f 689 690 751
f 689 751 752
f 689 752 750
f 690 721 753
f 690 753 751
f 691 748 754
f 691 754 755
f 691 755 692
f 692 755 693
f 693 756 757
f 693 757 694
f 693 755 756
f 694 757 758
f 694 758 696
f 694 696 695
f 696 758 759
f 696 759 697
f 697 759 698
f 698 759 699
f 699 759 760
f 699 760 761
f 699 761 700
f 700 762 763
f 700 763 701
f 700 761 762
f 701 763 702
f 702 763 764
f 702 764 703
f 703 764 765
f 703 765 766
f 703 766 767
f 703 767 768
f 703 768 769
f 703 769 704
f 704 769 770
f 704 770 705
f 713 771 772
f 713 772 714
f 713 720 773
f 713 773 771
f 714 772 774
f 714 774 715
f 715 774 775
f 715 775 716
f 716 776 717
f 716 775 777
f 716 777 776
f 717 776 718
f 718 776 725
f 718 725 724
f 719 778 720
f 720 778 773
f 721 722 779
f 721 779 753
f 722 723 780
f 722 780 781
f 722 781 779
f 723 726 780
f 725 782 726
f 725 776 783
f 725 783 782
f 726 782 784
f 726 784 780
f 727 785 786
f 727 786 728
f 727 747 807
f 727 807 785
f 728 786 787
f 728 787 729
f 729 787 788
f 729 788 730
f 730 788 789
f 730 789 731
f 731 789 790
f 731 790 791
f 731 791 732
f 732 791 733
f 733 791 792
f 733 792 734
f 734 792 793
f 734 793 735
f 735 793 736
f 736 793 794
f 736 794 737
f 737 794 795
f 737 795 796
f 737 796 738
f 738 796 797
f 738 797 739
f 739 797 798
f 739 798 748
f 740 741 799
f 740 799 746
f 741 742 800
f 741 800 799
f 742 749 801
f 742 801 800
f 743 802 747
f 743 744 803
f 743 803 802
f 744 745 804
f 744 804 803
f 745 746 805
f 745 805 804
f 746 799 806
f 746 806 805
f 747 802 807
f 748 798 754
f 749 750 801
f 750 752 808
f 750 808 801
f 751 753 809
f 751 809 810
f 751 810 752
f 752 811 808
f 752 810 811
f 753 779 812
f 753 812 809
f 754 798 813
f 754 813 814
f 754 814 756
f 754 756 755
f 756 814 757
f 757 814 815
f 757 815 816
f 757 816 817
f 757 817 758
f 758 817 759
f 759 817 760
f 760 818 819
f 760 819 761
f 760 817 816
f 760 816 815
f 760 815 818
f 761 819 762
f 762 820 763
f 762 819 820
f 763 820 821
f 763 821 764
f 764 821 871
f 764 871 822
f 764 822 823
f 764 823 765
f 765 823 824
f 765 824 825
f 765 825 766
f 771 826 827
f 771 827 772
f 771 773 826
f 772 827 828
f 772 828 774
f 773 778 829
f 773 829 830
f 773 830 831
f 773 831 826
f 774 828 832
f 774 832 775
f 775 832 777
f 776 777 783
f 777 833 834
f 777 834 835
f 777 835 782
f 777 782 783
f 777 832 833
f 779 781 812
f 780 784 781
f 781 784 836
f 781 836 837
f 781 837 812
f 782 835 836
f 782 836 784
f 785 838 839
f 785 839 786
f 785 807 859
f 785 859 908
f 785 908 957
f 785 957 938
f 785 938 886
f 785 886 838
f 786 839 787
f 787 839 840
f 787 840 788
f 788 840 841
f 788 841 789
f 789 841 842
f 789 842 790
f 790 842 843
f 790 843 844
f 790 844 791
f 791 844 792
f 792 844 845
f 792 845 793
f 793 845 794
f 794 846 795
f 794 845 846
f 795 846 847
f 795 847 796
f 796 848 849
f 796 849 797
f 796 847 848
f 797 849 850
f 797 850 798
f 798 850 851
f 798 851 813
f 799 800 852
f 799 852 806
f 800 801 853
f 800 853 852
f 801 808 853
f 802 803 854
f 802 854 859
f 802 859 807
f 803 804 855
f 803 855 854
f 804 805 856
f 804 856 855
f 805 806 857
f 805 857 856
f 806 852 858
f 806 858 857
f 808 811 860
f 808 860 853
f 809 861 810
f 809 812 862
f 809 862 861
f 810 861 863
f 810 863 864
f 810 864 811
f 811 864 860
f 812 837 865
f 812 865 862
f 813 866 814
f 813 851 866
f 814 866 815
f 815 866 867
f 815 867 818
f 818 868 819
f 818 867 868
f 819 868 869
f 819 869 820
f 820 869 917
f 820 917 870
f 820 870 871
f 820 871 821
f 822 871 872
f 822 872 873
f 822 873 874
f 822 874 823
f 823 874 875
f 823 875 824
f 826 876 877
f 826 877 878
f 826 878 827
f 826 831 882
f 826 882 876
f 827 878 879
f 827 879 828
f 828 879 880
f 828 880 832
f 830 881 831
f 831 881 882
f 832 880 833
f 833 880 883
f 833 883 884
f 833 884 834
f 834 884 835
f 835 885 836
f 835 884 885
f 836 885 837
f 837 885 865
f 838 886 937
f 838 937 887
f 838 887 839
f 839 887 840
f 840 887 888
f 840 888 841
f 841 888 889
f 841 889 842
f 842 889 890
f 842 890 843
f 843 890 891
f 843 891 892
f 843 892 844
f 844 892 845
f 845 892 893
f 845 893 846
f 846 893 847
f 847 893 894
f 847 894 848
f 848 895 896
f 848 896 849
f 848 894 895
f 849 896 897
f 849 897 850
f 850 897 898
f 850 898 851
f 851 898 899
f 851 899 900
f 851 900 866
f 852 853 901
f 852 901 858
f 853 860 902
f 853 902 901
f 854 855 903
f 854 903 859
f 855 856 904
f 855 904 903
f 856 857 905
f 856 905 904
f 857 858 906
f 857 906 905
f 858 901 907
f 858 907 906
f 859 903 951
f 859 951 908
f 860 864 902
f 861 909 863
f 861 862 910
f 861 910 909
f 862 865 911
f 862 911 910
f 863 912 913
f 863 913 864
f 863 909 912
f 864 913 902
f 865 885 914
f 865 914 911
f 866 900 867
f 867 915 868
f 867 900 915
f 868 916 917
f 868 917 869
f 868 915 964
f 868 964 916
f 870 917 918
f 870 918 919
f 870 919 872
f 870 872 871
f 872 919 969
f 872 969 920
f 872 920 873
f 873 920 921
f 873 921 922
f 873 922 874
f 874 922 923
f 874 923 875
f 876 924 925
f 876 925 877
f 876 882 926
f 876 926 924
f 877 925 927
f 877 927 879
f 877 879 878
f 879 927 928
f 879 928 929
f 879 929 880
f 880 929 930
f 880 930 883
f 881 931 882
f 882 931 932
f 882 932 926
f 883 930 933
f 883 933 934
f 883 934 935
f 883 935 884
f 884 935 914
f 884 914 885
f 886 936 937
f 886 938 936
f 887 937 939
f 887 939 888
f 888 939 940
f 888 940 889
f 889 940 941
f 889 941 890
f 890 941 942
f 890 942 891
f 891 942 997
f 891 997 943
f 891 943 893
f 891 893 892
f 893 943 894
f 894 943 944
f 894 944 895
f 895 944 998
f 895 998 945
f 895 945 946
f 895 946 896
f 896 946 947
f 896 947 897
f 897 947 948
f 897 948 898
f 898 948 949
f 898 949 899
f 899 949 964
f 899 964 915
f 899 915 900
f 901 902 907
f 902 913 950
f 902 950 907
f 903 904 952
f 903 952 951
f 904 905 953
f 904 953 952
f 905 906 954
f 905 954 953
f 906 907 955
f 906 955 954
f 907 950 1005
f 907 1005 955
f 908 951 956
f 908 956 957
f 909 958 962
f 909 962 912
f 909 910 959
f 909 959 958
f 910 911 960
f 910 960 959
f 911 914 961
f 911 961 987
f 911 987 960
f 912 962 1020
f 912 1020 963
f 912 963 913
f 913 963 950
f 914 935 961
f 916 965 918
f 916 918 917
f 916 964 966
f 916 966 965
f 918 965 967
f 918 967 968
f 918 968 919
f 919 968 969
f 920 969 970
f 920 970 921
f 921 970 971
f 921 971 972
f 921 972 922
f 922 972 973
f 922 973 974
f 922 974 923
f 924 926 975
f 924 975 976
f 924 976 977
f 924 977 925
f 925 977 978
f 925 978 927
f 926 979 975
f 926 932 980
f 926 980 981
f 926 981 979
f 927 978 982
f 927 982 928
f 928 982 983
f 928 983 930
f 928 930 929
f 930 983 933
f 933 983 984
f 933 984 985
f 933 985 934
f 934 985 986
f 934 986 987
f 934 987 961
f 934 961 935
f 936 988 989
f 936 989 937
f 936 938 990
f 936 990 988
f 937 989 939
f 938 991 990
f 938 957 1014
f 938 1014 991
f 939 992 940
f 939 989 992
f 940 993 941
f 940 992 993
f 941 993 994
f 941 994 942
f 942 995 996
f 942 996 997
f 942 994 995
f 943 997 998
f 943 998 944
f 945 998 999
f 945 999 1000
f 945 1000 946
f 946 1000 1001
f 946 1001 947
f 947 1002 948
f 947 1001 1002
f 948 1003 949
f 948 1002 1003
f 949 1003 1004
f 949 1004 964
f 950 963 1020
f 950 1020 1005
f 951 952 1006
f 951 1006 956
f 952 1007 1006
f 952 953 1007
f 953 954 1008
f 953 1008 1007
f 954 1009 1008
f 954 955 1009
f 955 1005 1010
f 955 1010 1011
f 955 1011 1009
f 956 1006 1012
f 956 1012 1013
f 956 1013 957
f 957 1013 1014
f 958 1015 1016
f 958 1016 962
f 958 959 1015
f 959 960 1017
f 959 1017 1015
f 960 1018 1017
f 960 987 1018
f 962 1016 1019
f 962 1019 1020
f 964 1004 966
f 965 966 1021
f 965 1021 967
f 966 1004 1022
f 966 1022 1021
f 967 1023 1024
f 967 1024 1025
f 967 1025 968
f 967 1021 1026
f 967 1026 1023
f 968 1025 969
f 969 1025 1027
f 969 1027 970
f 970 1027 971
f 971 1028 1029
f 971 1029 1030
f 971 1030 1031
f 971 1031 1032
f 971 1032 972
f 971 1027 1028
f 972 1032 1033
f 972 1033 973
f 973 1034 974
f 973 1033 1035
f 973 1035 1096
f 973 1096 1034
f 975 1036 1037
f 975 1037 976
f 975 979 1036
f 976 1038 1039
f 976 1039 1040
f 976 1040 1041
f 976 1041 1042
f 976 1042 977
f 976 1037 1038
f 977 1042 978
f 978 1042 1043
f 978 1043 982
f 979 981 1044
f 979 1044 1045
f 979 1045 1046
f 979 1046 1047
f 979 1047 1036
f 982 1043 1048
f 982 1048 983
f 983 1048 1049
f 983 1049 984
f 984 1049 1050
f 984 1050 985
f 985 1050 1051
f 985 1051 986
f 986 1051 1018
f 986 1018 987
f 988 1052 1053
f 988 1053 989
f 988 990 1054
f 988 1054 1052
f 989 1053 992
f 990 991 1054
f 991 1055 1054
f 991 1014 1075
f 991 1075 1055
f 992 1056 993
f 992 1053 1056
f 993 1057 994
f 993 1056 1057
f 994 1057 1058
f 994 1058 995
f 995 1059 996
f 995 1058 1059
f 996 1060 1061
f 996 1061 999
f 996 999 997
f 996 1059 1060
f 997 999 998
f 999 1061 1000
f 1000 1062 1001
f 1000 1061 1062
f 1001 1062 1063
f 1001 1063 1002
f 1002 1064 1003
f 1002 1063 1064
f 1003 1064 1065
f 1003 1065 1022
f 1003 1022 1004
f 1005 1020 1019
f 1005 1019 1010
f 1006 1007 1066
f 1006 1066 1012
f 1007 1067 1066
f 1007 1008 1067
f 1008 1009 1068
f 1008 1068 1067
f 1009 1069 1068
f 1009 1011 1069
f 1010 1019 1070
f 1010 1070 1071
f 1010 1071 1072
f 1010 1072 1011
f 1011 1072 1069
f 1012 1066 1073
f 1012 1073 1074
f 1012 1074 1013
f 1013 1074 1014
f 1014 1074 1075
f 1015 1076 1077
f 1015 1077 1016
f 1015 1017 1076
f 1016 1077 1070
f 1016 1070 1019
f 1017 1018 1078
f 1017 1078 1076
f 1018 1051 1079
f 1018 1079 1078
f 1021 1022 1080
f 1021 1080 1026
f 1022 1065 1080
f 1023 1081 1024
f 1023 1026 1081
f 1024 1082 1025
f 1024 1081 1083
f 1024 1083 1082
f 1025 1082 1027
f 1026 1080 1084
f 1026 1084 1085
f 1026 1085 1086
f 1026 1086 1081
f 1027 1082 1087
f 1027 1087 1028
f 1028 1087 1029
f 1029 1087 1088
f 1029 1088 1030
f 1030 1088 1089
f 1030 1089 1090
f 1030 1090 1031
f 1031 1091 1033
f 1031 1033 1032
f 1031 1090 1091
f 1033 1092 1035
f 1033 1091 1093
f 1033 1093 1094
f 1033 1094 1095
f 1033 1095 1092
f 1035 1092 1096
f 1036 1047 1097
f 1036 1097 1098
f 1036 1098 1099
f 1036 1099 1100
f 1036 1100 1101
f 1036 1101 1038
f 1036 1038 1037
f 1038 1101 1102
f 1038 1102 1039
f 1039 1102 1103
f 1039 1103 1104
f 1039 1104 1105
f 1039 1105 1040
f 1040 1105 1106
f 1040 1106 1041
f 1041 1106 1042
f 1042 1106 1107
f 1042 1107 1043
f 1043 1107 1108
f 1043 1108 1048
f 1046 1109 1047
f 1047 1109 1097
f 1048 1110 1049
f 1048 1108 1110
f 1049 1110 1111
f 1049 1111 1050
f 1050 1111 1112
f 1050 1112 1051
f 1051 1112 1079
f 1052 1113 1114
f 1052 1114 1053
f 1052 1054 1115
f 1052 1115 1113
f 1053 1114 1056
f 1054 1055 1115
f 1055 1116 1115
f 1055 1075 1137
f 1055 1137 1116
f 1056 1117 1057
f 1056 1114 1117
f 1057 1118 1058
f 1057 1117 1118
f 1058 1118 1119
f 1058 1119 1059
f 1059 1120 1121
f 1059 1121 1060
f 1059 1119 1120
f 1060 1121 1122
f 1060 1122 1061
f 1061 1122 1062
f 1062 1123 1063
f 1062 1122 1124
f 1062 1124 1123
f 1063 1123 1125
f 1063 1125 1064
f 1064 1126 1127
f 1064 1127 1065
f 1064 1125 1126
f 1065 1127 1080
f 1066 1067 1128
f 1066 1128 1073
f 1067 1129 1128
f 1067 1068 1129
f 1068 1069 1130
f 1068 1130 1129
f 1069 1131 1130
f 1069 1072 1131
f 1070 1132 1071
f 1070 1077 1132
f 1071 1133 1072
f 1071 1132 1133
f 1072 1133 1134
f 1072 1134 1131
f 1073 1128 1135
f 1073 1135 1136
f 1073 1136 1074
f 1074 1136 1075
f 1075 1136 1137
f 1076 1138 1139
f 1076 1139 1077
f 1076 1078 1138
f 1077 1139 1140
f 1077 1140 1132
f 1078 1079 1141
f 1078 1141 1142
f 1078 1142 1138
f 1079 1112 1141
f 1080 1127 1084
f 1081 1086 1143
f 1081 1143 1144
f 1081 1144 1083
f 1082 1083 1145
f 1082 1145 1087
f 1083 1144 1145
f 1084 1127 1146
f 1084 1146 1085
f 1085 1146 1147
f 1085 1147 1148
f 1085 1148 1086
f 1086 1148 1143
f 1087 1145 1149
f 1087 1149 1088
f 1088 1149 1150
f 1088 1150 1089
f 1089 1150 1151
f 1089 1151 1090
f 1090 1151 1152
f 1090 1152 1153
f 1090 1153 1154
f 1090 1154 1155
f 1090 1155 1093
f 1090 1093 1091
f 1092 1156 1157
f 1092 1157 1096
f 1092 1095 1156
f 1093 1155 1094
f 1094 1158 1095
f 1094 1155 1159
f 1094 1159 1158
f 1095 1158 1160
f 1095 1160 1161
f 1095 1161 1156
f 1097 1109 1162
f 1097 1162 1098
f 1098 1163 1099
f 1098 1162 1163
f 1099 1163 1164
f 1099 1164 1165
f 1099 1165 1166
f 1099 1166 1167
f 1099 1167 1100
f 1100 1167 1102
f 1100 1102 1101
f 1102 1168 1169
f 1102 1169 1170
f 1102 1170 1103
f 1102 1167 1168
f 1103 1170 1171
f 1103 1171 1172
f 1103 1172 1104
f 1104 1172 1105
f 1105 1172 1173
f 1105 1173 1106
f 1106 1173 1174
f 1106 1174 1175
f 1106 1175 1107
f 1107 1175 1108
f 1108 1175 1176
f 1108 1176 1177
f 1108 1177 1111
f 1108 1111 1110
f 1111 1178 1179
f 1111 1179 1180
f 1111 1180 1112
f 1111 1177 1178
f 1112 1180 1141
f 1113 1181 1182
f 1113 1182 1114
f 1113 1115 1183
f 1113 1183 1181
f 1114 1182 1117
f 1115 1116 1183
f 1116 1184 1183
f 1116 1137 1202
f 1116 1202 1184
f 1117 1185 1118
f 1117 1182 1185
f 1118 1186 1119
f 1118 1185 1186
f 1119 1186 1187
f 1119 1187 1120
f 1120 1188 1189
f 1120 1189 1121
f 1120 1187 1188
f 1121 1124 1122
f 1121 1189 1124
f 1123 1190 1125
f 1123 1124 1191
f 1123 1191 1190
f 1124 1189 1191
f 1125 1190 1192
f 1125 1192 1126
f 1126 1193 1127
f 1126 1192 1193
f 1127 1193 1146
f 1128 1129 1194
f 1128 1194 1135
f 1129 1195 1194
f 1129 1130 1195
f 1130 1131 1196
f 1130 1196 1195
f 1131 1197 1196
f 1131 1134 1197
f 1132 1140 1133
f 1133 1140 1198
f 1133 1198 1134
f 1134 1198 1199
f 1134 1199 1197
f 1135 1194 1200
f 1135 1200 1201
f 1135 1201 1136
f 1136 1201 1137
f 1137 1201 1202
f 1138 1203 1204
f 1138 1204 1139
f 1138 1142 1203
f 1139 1204 1205
f 1139 1205 1140
f 1140 1205 1198
f 1141 1206 1207
f 1141 1207 1142
f 1141 1180 1206
f 1142 1207 1203
f 1143 1148 1144
f 1144 1148 1208
f 1144 1208 1209
f 1144 1209 1210
f 1144 1210 1149
f 1144 1149 1145
f 1146 1193 1147
f 1147 1211 1148
f 1147 1193 1212
f 1147 1212 1211
f 1148 1211 1208
f 1149 1210 1150
f 1150 1210 1213
f 1150 1213 1214
f 1150 1214 1215
f 1150 1215 1151
f 1151 1215 1152
f 1152 1215 1216
f 1152 1216 1217
f 1152 1217 1153
f 1153 1218 1219
f 1153 1219 1220
f 1153 1220 1154
f 1153 1217 1221
f 1153 1221 1222
f 1153 1222 1218
f 1154 1223 1155
f 1154 1220 1219
f 1154 1219 1223
f 1155 1223 1159
f 1158 1159 1224
f 1159 1223 1224
f 1165 1225 1166
f 1166 1225 1226
f 1166 1226 1167
f 1167 1226 1168
f 1168 1226 1227
f 1168 1227 1228
f 1168 1228 1169
f 1169 1228 1227
f 1169 1227 1229
f 1169 1229 1230
f 1169 1230 1231
f 1169 1231 1232
f 1169 1232 1170
f 1170 1232 1233
f 1170 1233 1171
f 1171 1233 1234
f 1171 1234 1235
f 1171 1235 1172
f 1172 1235 1236
f 1172 1236 1237
f 1172 1237 1173
f 1173 1237 1238
f 1173 1238 1174
f 1174 1238 1175
f 1175 1238 1176
f 1176 1238 1239
f 1176 1239 1178
f 1176 1178 1177
f 1178 1239 1240
f 1178 1240 1179
f 1179 1240 1241
f 1179 1241 1206
f 1179 1206 1180
f 1181 1242 1243
f 1181 1243 1182
f 1181 1183 1244
f 1181 1244 1242
f 1182 1243 1185
f 1183 1184 1244
f 1184 1245 1244
f 1184 1202 1262
f 1184 1262 1245
f 1185 1246 1186
f 1185 1243 1246
f 1186 1247 1187
f 1186 1246 1247
f 1187 1248 1249
f 1187 1249 1188
f 1187 1247 1248
f 1188 1249 1250
f 1188 1250 1189
f 1189 1250 1191
f 1190 1251 1192
f 1190 1191 1252
f 1190 1252 1251
f 1191 1250 1252
f 1192 1251 1253
f 1192 1253 1193
f 1193 1253 1212
f 1194 1195 1254
f 1194 1254 1200
f 1195 1255 1254
f 1195 1196 1255
f 1196 1197 1256
f 1196 1256 1255
f 1197 1199 1257
f 1197 1257 1258
f 1197 1258 1256
f 1198 1205 1259
f 1198 1259 1199
f 1199 1259 1257
f 1200 1254 1260
f 1200 1260 1261
f 1200 1261 1201
f 1201 1261 1202
f 1202 1261 1262
f 1203 1263 1264
f 1203 1264 1204
f 1203 1207 1263
f 1204 1264 1265
f 1204 1265 1205
f 1205 1265 1259
f 1206 1241 1207
f 1207 1241 1266
f 1207 1266 1263
f 1208 1211 1267
f 1208 1267 1268
f 1208 1268 1269
f 1208 1269 1209
f 1209 1269 1270
f 1209 1270 1210
f 1210 1270 1213
f 1211 1212 1271
f 1211 1271 1267
f 1212 1253 1272
f 1212 1272 1271
f 1213 1270 1214
f 1214 1270 1273
f 1214 1273 1274
f 1214 1274 1275
f 1214 1275 1215
f 1215 1275 1216
f 1216 1275 1217
f 1217 1275 1276
f 1217 1276 1221
f 1218 1222 1219
f 1219 1277 1278
f 1219 1278 1223
f 1219 1222 1279
f 1219 1279 1280
f 1219 1280 1277
f 1221 1276 1281
f 1221 1281 1282
f 1221 1282 1283
f 1221 1283 1222
f 1222 1283 1284
f 1222 1284 1279
f 1223 1278 1285
f 1223 1285 1224
f 1224 1285 1286
f 1225 1287 1226
f 1226 1288 1289
f 1226 1289 1290
f 1226 1290 1227
f 1226 1287 1291
f 1226 1291 1288
f 1227 1290 1292
f 1227 1292 1293
f 1227 1293 1294
f 1227 1294 1230
f 1227 1230 1229
f 1230 1294 1295
f 1230 1295 1296
f 1230 1296 1297
f 1230 1297 1231
f 1231 1297 1298
f 1231 1298 1299
f 1231 1299 1300
f 1231 1300 1232
f 1232 1300 1234
f 1232 1234 1233
f 1234 1300 1301
f 1234 1301 1302
f 1234 1302 1235
f 1235 1302 1303
f 1235 1303 1304
f 1235 1304 1236
f 1236 1304 1237
f 1237 1304 1305
f 1237 1305 1306
f 1237 1306 1238
f 1238 1306 1307
f 1238 1307 1239
f 1239 1307 1240
f 1240 1308 1309
f 1240 1309 1241
f 1240 1307 1306
f 1240 1306 1308
f 1241 1309 1266
f 1242 1310 1311
f 1242 1311 1243
f 1242 1244 1312
f 1242 1312 1310
f 1243 1311 1246
f 1244 1245 1312
f 1245 1313 1314
f 1245 1314 1312
f 1245 1262 1331
f 1245 1331 1313
f 1246 1315 1247
f 1246 1311 1315
f 1247 1316 1317
f 1247 1317 1248
f 1247 1315 1316
f 1248 1317 1318
f 1248 1318 1249
f 1249 1318 1319
f 1249 1319 1250
f 1250 1319 1252
f 1251 1320 1253
f 1251 1252 1321
f 1251 1321 1320
f 1252 1319 1322
f 1252 1322 1321
f 1253 1320 1272
f 1254 1255 1323
f 1254 1323 1260
f 1255 1324 1323
f 1255 1256 1324
f 1256 1258 1325
f 1256 1325 1326
f 1256 1326 1324
f 1257 1259 1327
f 1257 1327 1328
f 1257 1328 1258
f 1258 1328 1325
f 1259 1265 1327
f 1260 1323 1329
f 1260 1329 1330
f 1260 1330 1261
f 1261 1330 1262
f 1262 1330 1332
f 1262 1332 1331
f 1263 1333 1334
f 1263 1334 1264
f 1263 1266 1333
f 1264 1334 1335
f 1264 1335 1265
f 1265 1335 1336
f 1265 1336 1327
f 1266 1309 1337
f 1266 1337 1333
f 1267 1271 1338
f 1267 1338 1268
f 1268 1338 1339
f 1268 1339 1340
f 1268 1340 1270
f 1268 1270 1269
f 1270 1340 1273
f 1271 1272 1338
f 1272 1341 1338
f 1272 1320 1342
f 1272 1342 1341
f 1273 1340 1274
f 1274 1340 1343
f 1274 1343 1344
f 1274 1344 1275
f 1275 1344 1276
f 1276 1344 1281
f 1277 1280 1347
f 1277 1347 1345
f 1277 1345 1346
f 1277 1346 1278
f 1278 1346 1285
f 1279 1284 1347
f 1279 1347 1280
f 1281 1344 1348
f 1281 1348 1282
f 1282 1348 1349
f 1282 1349 1350
f 1282 1350 1351
f 1282 1351 1283
f 1283 1351 1352
f 1283 1352 1353
f 1283 1353 1284
f 1284 1354 1347
f 1284 1353 1354
f 1285 1346 1345
f 1285 1345 1286
f 1286 1345 1355
f 1289 1356 1292
f 1289 1292 1290
f 1292 1357 1358
f 1292 1358 1359
f 1292 1359 1293
f 1292 1356 1357
f 1293 1359 1294
f 1294 1359 1360
f 1294 1360 1361
f 1294 1361 1295
f 1295 1361 1362
f 1295 1362 1363
f 1295 1363 1296
f 1296 1364 1365
f 1296 1365 1366
f 1296 1366 1297
f 1296 1363 1367
f 1296 1367 1368
f 1296 1368 1369
f 1296 1369 1370
f 1296 1370 1371
f 1296 1371 1372
f 1296 1372 1364
f 1297 1366 1365
f 1297 1365 1298
f 1298 1365 1373
f 1298 1373 1374
f 1298 1374 1375
f 1298 1375 1299
f 1299 1375 1301
f 1299 1301 1300
f 1301 1375 1376
f 1301 1376 1377
f 1301 1377 1378
f 1301 1378 1302
f 1302 1378 1303
f 1303 1378 1379
f 1303 1379 1380
f 1303 1380 1304
f 1304 1380 1381
f 1304 1381 1382
f 1304 1382 1305
f 1305 1382 1308
f 1305 1308 1306
f 1308 1382 1381
f 1308 1381 1383
f 1308 1383 1309
f 1309 1383 1384
f 1309 1384 1337
f 1310 1312 1385
f 1310 1385 1386
f 1310 1386 1311
f 1311 1386 1315
f 1312 1314 1385
f 1313 1387 1388
f 1313 1388 1314
f 1313 1331 1405
f 1313 1405 1387
f 1314 1388 1389
f 1314 1389 1385
f 1315 1386 1390
f 1315 1390 1391
f 1315 1391 1316
f 1316 1391 1392
f 1316 1392 1317
f 1317 1392 1393
f 1317 1393 1318
f 1318 1322 1319
f 1318 1393 1322
f 1320 1321 1394
f 1320 1394 1342
f 1321 1322 1395
f 1321 1395 1394
f 1322 1393 1396
f 1322 1396 1395
f 1323 1324 1397
f 1323 1397 1329
f 1324 1398 1397
f 1324 1326 1399
f 1324 1399 1398
f 1325 1328 1400
f 1325 1400 1401
f 1325 1401 1326
f 1326 1401 1399
f 1327 1336 1328
f 1328 1336 1400
f 1329 1397 1402
f 1329 1402 1403
f 1329 1403 1332
f 1329 1332 1330
f 1331 1332 1404
f 1331 1404 1405
f 1332 1406 1404
f 1332 1403 1406
f 1333 1337 1384
f 1333 1384 1407
f 1333 1407 1408
f 1333 1408 1334
f 1334 1408 1409
f 1334 1409 1335
f 1335 1409 1410
f 1335 1410 1336
f 1336 1410 1411
f 1336 1411 1400
f 1338 1341 1339
f 1339 1341 1412
f 1339 1412 1413
f 1339 1413 1340
f 1340 1413 1414
f 1340 1414 1343
f 1341 1342 1412
f 1342 1415 1412
f 1342 1394 1416
f 1342 1416 1415
f 1343 1414 1417
f 1343 1417 1418
f 1343 1418 1419
f 1343 1419 1344
f 1344 1419 1420
f 1344 1420 1348
f 1345 1347 1355
f 1347 1421 1422
f 1347 1422 1423
f 1347 1423 1355
f 1347 1354 1421
f 1348 1420 1349
f 1349 1420 1424
f 1349 1424 1350
f 1350 1424 1425
f 1350 1425 1426
f 1350 1426 1427
f 1350 1427 1351
f 1351 1428 1353
f 1351 1353 1352
f 1351 1427 1428
f 1353 1429 1430
f 1353 1430 1354
f 1353 1428 1427
f 1353 1427 1431
f 1353 1431 1432
f 1353 1432 1433
f 1353 1433 1429
f 1354 1430 1421
f 1355 1423 1434
f 1355 1434 1435
f 1355 1435 1436
f 1358 1360 1359
f 1364 1372 1365
f 1365 1372 1373
f 1370 1437 1371
f 1371 1437 1438
f 1371 1438 1439
f 1371 1439 1440
f 1371 1440 1372
f 1372 1440 1441
f 1372 1441 1373
f 1373 1441 1442
f 1373 1442 1443
f 1373 1443 1374
f 1374 1443 1376
f 1374 1376 1375
f 1376 1443 1444
f 1376 1444 1445
f 1376 1445 1446
f 1376 1446 1377
f 1377 1446 1378
f 1378 1446 1447
f 1378 1447 1379
f 1379 1447 1380
f 1380 1447 1448
f 1380 1448 1449
f 1380 1449 1381
f 1381 1449 1384
f 1381 1384 1383
f 1384 1449 1407
f 1385 1450 1451
f 1385 1451 1386
f 1385 1389 1450
f 1386 1451 1452
f 1386 1452 1390
f 1387 1405 1466
f 1387 1466 1453
f 1387 1453 1388
f 1388 1453 1454
f 1388 1454 1389
f 1389 1454 1455
f 1389 1455 1450
f 1390 1452 1456
f 1390 1456 1391
f 1391 1456 1457
f 1391 1457 1392
f 1392 1396 1393
f 1392 1457 1396
f 1394 1395 1458
f 1394 1458 1416
f 1395 1396 1459
f 1395 1459 1458
f 1396 1457 1460
f 1396 1460 1459
f 1397 1398 1461
f 1397 1461 1402
f 1398 1399 1462
f 1398 1462 1461
f 1399 1401 1463
f 1399 1463 1462
f 1400 1411 1401
f 1401 1411 1463
f 1402 1461 1464
f 1402 1464 1465
f 1402 1465 1403
f 1403 1465 1406
f 1404 1466 1405
f 1404 1406 1467
f 1404 1467 1466
f 1406 1465 1468
f 1406 1468 1467
f 1407 1469 1408
f 1407 1449 1469
f 1408 1469 1470
f 1408 1470 1471
f 1408 1471 1409
f 1409 1471 1472
f 1409 1472 1410
f 1410 1472 1473
f 1410 1473 1411
f 1411 1473 1474
f 1411 1474 1463
f 1412 1415 1475
f 1412 1475 1413
f 1413 1475 1414
f 1414 1475 1476
f 1414 1476 1477
f 1414 1477 1478
f 1414 1478 1418
f 1414 1418 1417
f 1415 1416 1479
f 1415 1479 1475
f 1416 1458 1480
f 1416 1480 1481
f 1416 1481 1479
f 1418 1420 1419
f 1418 1478 1482
f 1418 1482 1483
f 1418 1483 1420
f 1420 1483 1484
f 1420 1484 1424
f 1421 1430 1429
f 1421 1429 1485
f 1421 1485 1435
f 1421 1435 1422
f 1422 1435 1434
f 1422 1434 1423
f 1424 1484 1425
f 1425 1484 1486
f 1425 1486 1426
f 1426 1487 1427
f 1426 1486 1488
f 1426 1488 1489
f 1426 1489 1487
f 1427 1487 1431
f 1429 1433 1490
f 1429 1490 1485
f 1431 1487 1491
f 1431 1491 1492
f 1431 1492 1493
f 1431 1493 1432
f 1432 1493 1494
f 1432 1494 1490
f 1432 1490 1433
f 1435 1485 1436
f 1436 1495 1496
f 1436 1485 1490
f 1436 1490 1494
f 1436 1494 1495
f 1438 1497 1439
f 1439 1497 1498
f 1439 1498 1499
f 1439 1499 1440
f 1440 1499 1500
f 1440 1500 1501
f 1440 1501 1441
f 1441 1502 1503
f 1441 1503 1442
f 1441 1501 1502
f 1442 1503 1444
f 1442 1444 1443
f 1444 1503 1504
f 1444 1504 1505
f 1444 1505 1506
f 1444 1506 1445
f 1445 1506 1446
f 1446 1506 1507
f 1446 1507 1447
f 1447 1507 1508
f 1447 1508 1509
f 1447 1509 1510
f 1447 1510 1448
f 1448 1510 1469
f 1448 1469 1449
f 1450 1455 1511
f 1450 1511 1451
f 1451 1511 1452
f 1452 1512 1456
f 1452 1511 1512
f 1453 1513 1454
f 1453 1466 1523
f 1453 1523 1513
f 1454 1513 1514
f 1454 1514 1455
f 1455 1514 1515
f 1455 1515 1516
f 1455 1516 1511
f 1456 1460 1457
f 1456 1512 1460
f 1458 1459 1517
f 1458 1517 1480
f 1459 1460 1518
f 1459 1518 1517
f 1460 1512 1519
f 1460 1519 1518
f 1461 1462 1520
f 1461 1520 1464
f 1462 1463 1474
f 1462 1474 1520
f 1464 1520 1521
f 1464 1521 1522
f 1464 1522 1468
f 1464 1468 1465
f 1466 1467 1523
f 1467 1468 1524
f 1467 1524 1523
f 1468 1522 1525
f 1468 1525 1524
f 1469 1510 1470
f 1470 1510 1526
f 1470 1526 1471
f 1471 1527 1528
f 1471 1528 1472
f 1471 1526 1527
f 1472 1528 1529
f 1472 1529 1473
f 1473 1529 1530
f 1473 1530 1474
f 1474 1530 1521
f 1474 1521 1520
f 1475 1479 1531
f 1475 1531 1476
f 1476 1531 1477
f 1477 1532 1478
f 1477 1531 1533
f 1477 1533 1534
f 1477 1534 1535
f 1477 1535 1532
f 1478 1532 1482
f 1479 1481 1531
f 1480 1536 1537
f 1480 1537 1481
f 1480 1517 1538
f 1480 1538 1536
f 1481 1537 1531
f 1482 1484 1483
f 1482 1532 1535
f 1482 1535 1539
f 1482 1539 1484
f 1484 1539 1540
f 1484 1540 1486
f 1486 1540 1488
f 1487 1489 1541
f 1487 1541 1491
f 1488 1540 1542
f 1488 1542 1543
f 1488 1543 1489
f 1489 1543 1544
f 1489 1544 1545
f 1489 1545 1546
f 1489 1546 1491
f 1489 1491 1541
f 1491 1547 1492
f 1491 1546 1545
f 1491 1545 1548
f 1491 1548 1549
f 1491 1549 1547
f 1492 1547 1494
f 1492 1494 1493
f 1494 1547 1550
f 1494 1550 1551
f 1494 1551 1495
f 1495 1551 1548
f 1495 1548 1552
f 1495 1552 1496
f 1496 1552 1553
f 1497 1554 1555
f 1497 1555 1498
f 1498 1555 1554
f 1498 1554 1556
f 1498 1556 1499
f 1499 1556 1557
f 1499 1557 1558
f 1499 1558 1559
f 1499 1559 1560
f 1499 1560 1501
f 1499 1501 1500
f 1501 1560 1559
f 1501 1559 1561
f 1501 1561 1562
f 1501 1562 1502
f 1502 1562 1563
f 1502 1563 1504
f 1502 1504 1503
f 1504 1563 1564
f 1504 1564 1565
f 1504 1565 1505
f 1505 1565 1566
f 1505 1566 1567
f 1505 1567 1568
f 1505 1568 1506
f 1506 1569 1507
f 1506 1568 1569
f 1507 1569 1508
f 1508 1569 1568
f 1508 1568 1570
f 1508 1570 1571
f 1508 1571 1572
f 1508 1572 1509
f 1509 1572 1510
f 1510 1572 1526
f 1511 1516 1512
f 1512 1516 1519
f 1513 1573 1514
f 1513 1523 1581
f 1513 1581 1573
f 1514 1573 1574
f 1514 1574 1515
f 1515 1574 1575
f 1515 1575 1576
f 1515 1576 1516
f 1516 1576 1519
f 1517 1518 1577
f 1517 1577 1538
f 1518 1519 1578
f 1518 1578 1577
f 1519 1576 1578
f 1521 1579 1580
f 1521 1580 1522
f 1521 1530 1579
f 1522 1580 1525
f 1523 1524 1581
f 1524 1582 1581
f 1524 1525 1582
f 1525 1580 1583
f 1525 1583 1582
f 1526 1572 1527
f 1527 1572 1584
f 1527 1584 1528
f 1528 1584 1585
f 1528 1585 1586
f 1528 1586 1529
f 1529 1586 1587
f 1529 1587 1530
f 1530 1587 1579
f 1531 1537 1533
f 1533 1537 1588
f 1533 1588 1534
f 1534 1589 1535
f 1534 1588 1590
f 1534 1590 1591
f 1534 1591 1589
f 1535 1589 1539
f 1536 1592 1588
f 1536 1588 1537
f 1536 1538 1592
f 1538 1577 1593
f 1538 1593 1594
f 1538 1594 1592
f 1539 1589 1595
f 1539 1595 1596
f 1539 1596 1540
f 1540 1596 1597
f 1540 1597 1542
f 1542 1597 1543
f 1543 1597 1598
f 1543 1598 1544
f 1544 1599 1545
f 1544 1598 1600
f 1544 1600 1601
f 1544 1601 1602
f 1544 1602 1603
f 1544 1603 1604
f 1544 1604 1599
f 1545 1599 1548
f 1547 1549 1550
f 1548 1599 1605
f 1548 1605 1552
f 1548 1551 1549
f 1549 1551 1550
f 1552 1605 1606
f 1552 1606 1553
f 1553 1606 1608
f 1553 1608 1607
f 1554 1609 1556
f 1556 1609 1610
f 1556 1610 1557
f 1557 1610 1558
f 1558 1610 1611
f 1558 1611 1612
f 1558 1612 1613
f 1558 1613 1614
f 1558 1614 1615
f 1558 1615 1559
f 1559 1615 1561
f 1561 1616 1562
f 1561 1615 1617
f 1561 1617 1618
f 1561 1618 1619
f 1561 1619 1620
f 1561 1620 1621
f 1561 1621 1616
f 1562 1616 1564
f 1562 1564 1563
f 1564 1616 1622
f 1564 1622 1565
f 1565 1622 1623
f 1565 1623 1624
f 1565 1624 1566
f 1566 1624 1625
f 1566 1625 1567
f 1567 1570 1568
f 1567 1625 1570
f 1570 1625 1626
f 1570 1626 1627
f 1570 1627 1571
f 1571 1627 1584
f 1571 1584 1572
f 1573 1628 1574
f 1573 1581 1635
f 1573 1635 1628
f 1574 1628 1629
f 1574 1629 1575
f 1575 1630 1631
f 1575 1631 1576
f 1575 1629 1630
f 1576 1631 1578
f 1577 1578 1632
f 1577 1632 1593
f 1578 1631 1632
f 1579 1633 1634
f 1579 1634 1580
f 1579 1587 1633
f 1580 1634 1583
f 1581 1582 1635
f 1582 1583 1636
f 1582 1636 1635
f 1583 1634 1637
f 1583 1637 1636
f 1584 1627 1585
f 1585 1638 1586
f 1585 1627 1638
f 1586 1639 1640
f 1586 1640 1587
f 1586 1638 1639
f 1587 1640 1633
f 1588 1592 1590
f 1589 1591 1595
f 1590 1592 1641
f 1590 1641 1642
f 1590 1642 1591
f 1591 1643 1596
f 1591 1596 1595
f 1591 1642 1644
f 1591 1644 1643
f 1592 1594 1641
f 1593 1632 1645
f 1593 1645 1646
f 1593 1646 1594
f 1594 1646 1641
f 1596 1643 1647
f 1596 1647 1597
f 1597 1647 1598
f 1598 1647 1600
f 1599 1604 1608
f 1599 1608 1605
f 1600 1647 1648
f 1600 1648 1601
f 1601 1648 1649
f 1601 1649 1650
f 1601 1650 1602
f 1602 1651 1603
f 1602 1650 1652
f 1602 1652 1653
f 1602 1653 1651
f 1603 1651 1604
f 1604 1651 1608
f 1605 1608 1606
f 1607 1608 1655
f 1607 1655 1654
f 1608 1651 1655
f 1613 1656 1614
f 1614 1656 1657
f 1614 1657 1615
f 1615 1657 1617
f 1616 1621 1622
f 1617 1657 1658
f 1617 1658 1618
f 1618 1658 1619
f 1619 1658 1659
f 1619 1659 1660
f 1619 1660 1661
f 1619 1661 1620
f 1620 1661 1662
f 1620 1662 1663
f 1620 1663 1621
f 1621 1663 1622
f 1622 1663 1664
f 1622 1664 1665
f 1622 1665 1623
f 1623 1665 1624
f 1624 1666 1625
f 1624 1665 1667
f 1624 1667 1666
f 1625 1666 1626
f 1626 1666 1667
f 1626 1667 1668
f 1626 1668 1638
f 1626 1638 1627
f 1628 1669 1629
f 1628 1635 1678
f 1628 1678 1669
f 1629 1669 1670
f 1629 1670 1671
f 1629 1671 1630
f 1630 1672 1673
f 1630 1673 1631
f 1630 1671 1672
f 1631 1673 1632
f 1632 1674 1645
f 1632 1673 1674
f 1633 1675 1634
f 1633 1640 1676
f 1633 1676 1675
f 1634 1675 1677
f 1634 1677 1637
f 1635 1636 1678
f 1636 1637 1679
f 1636 1679 1680
f 1636 1680 1678
f 1637 1677 1681
f 1637 1681 1679
f 1638 1668 1639
f 1639 1668 1682
f 1639 1682 1640
f 1640 1682 1676
f 1641 1646 1642
f 1642 1646 1683
f 1642 1683 1684
f 1642 1684 1644
f 1643 1644 1647
f 1644 1684 1685
f 1644 1685 1647
f 1645 1683 1646
f 1645 1674 1686
f 1645 1686 1683
f 1647 1685 1648
f 1648 1685 1687
f 1648 1687 1649
f 1649 1687 1688
f 1649 1688 1650
f 1650 1688 1689
f 1650 1689 1690
f 1650 1690 1652
f 1651 1691 1655
f 1651 1653 1652
f 1651 1652 1692
f 1651 1692 1693
f 1651 1693 1691
f 1652 1690 1692
f 1654 1691 1693
f 1654 1693 1694
f 1654 1655 1691
f 1656 1695 1657
f 1657 1695 1696
f 1657 1696 1658
f 1658 1696 1697
f 1658 1697 1698
f 1658 1698 1699
f 1658 1699 1660
f 1658 1660 1659
f 1660 1699 1700
f 1660 1700 1661
f 1661 1700 1701
f 1661 1701 1702
f 1661 1702 1662
f 1662 1702 1703
f 1662 1703 1663
f 1663 1703 1664
f 1664 1703 1704
f 1664 1704 1705
f 1664 1705 1665
f 1665 1705 1706
f 1665 1706 1667
f 1667 1706 1707
f 1667 1707 1682
f 1667 1682 1668
f 1669 1708 1670
f 1669 1678 1715
f 1669 1715 1708
f 1670 1708 1709
f 1670 1709 1671
f 1671 1709 1710
f 1671 1710 1672
f 1672 1710 1711
f 1672 1711 1712
f 1672 1712 1673
f 1673 1712 1674
f 1674 1712 1686
f 1675 1713 1714
f 1675 1714 1677
f 1675 1676 1713
f 1676 1682 1707
f 1676 1707 1713
f 1677 1714 1681
f 1678 1680 1715
f 1679 1716 1680
f 1679 1681 1717
f 1679 1717 1716
f 1680 1716 1715
f 1681 1714 1718
f 1681 1718 1717
f 1683 1686 1719
f 1683 1719 1684
f 1684 1720 1685
f 1684 1719 1721
f 1684 1721 1722
f 1684 1722 1720
f 1685 1720 1687
f 1686 1712 1711
f 1686 1711 1719
f 1687 1722 1723
f 1687 1723 1688
f 1687 1720 1722
f 1688 1723 1724
f 1688 1724 1689
f 1689 1724 1725
f 1689 1725 1726
f 1689 1726 1690
f 1690 1727 1692
f 1690 1726 1728
f 1690 1728 1727
f 1692 1729 1730
f 1692 1730 1693
f 1692 1727 1731
f 1692 1731 1729
f 1693 1730 1694
f 1695 1732 1696
f 1696 1732 1733
f 1696 1733 1697
f 1697 1733 1698
f 1698 1734 1699
f 1698 1733 1735
f 1698 1735 1736
f 1698 1736 1734
f 1699 1734 1737
f 1699 1737 1738
f 1699 1738 1739
f 1699 1739 1740
f 1699 1740 1700
f 1700 1741 1701
f 1700 1740 1742
f 1700 1742 1741
f 1701 1743 1702
f 1701 1741 1744
f 1701 1744 1743
f 1702 1743 1745
f 1702 1745 1703
f 1703 1745 1746
f 1703 1746 1704
f 1704 1746 1705
f 1705 1746 1747
f 1705 1747 1748
f 1705 1748 1749
f 1705 1749 1706
f 1706 1749 1707
f 1707 1749 1748
f 1707 1748 1750
f 1707 1750 1713
f 1708 1751 1709
f 1708 1715 1756
f 1708 1756 1751
f 1709 1751 1752
f 1709 1752 1710
f 1710 1753 1711
f 1710 1752 1753
f 1711 1754 1719
f 1711 1753 1754
f 1713 1750 1718
f 1713 1718 1714
f 1715 1716 1755
f 1715 1755 1756
f 1716 1757 1755
f 1716 1717 1757
f 1717 1718 1758
f 1717 1758 1759
f 1717 1759 1757
f 1718 1750 1760
f 1718 1760 1761
f 1718 1761 1758
f 1719 1754 1721
f 1721 1754 1762
f 1721 1762 1722
f 1722 1762 1723
f 1723 1762 1763
f 1723 1763 1725
f 1723 1725 1724
f 1725 1763 1764
f 1725 1764 1765
f 1725 1765 1766
f 1725 1766 1726
f 1726 1766 1728
f 1727 1767 1731
f 1727 1728 1768
f 1727 1768 1769
f 1727 1769 1767
f 1728 1766 1770
f 1728 1770 1771
f 1728 1771 1768
f 1739 1772 1740
f 1740 1772 1773
f 1740 1773 1742
f 1741 1742 1774
f 1741 1774 1744
f 1742 1773 1775
f 1742 1775 1776
f 1742 1776 1774
f 1743 1744 1745
f 1744 1777 1778
f 1744 1778 1745
f 1744 1774 1779
f 1744 1779 1777
f 1745 1778 1780
f 1745 1780 1746
f 1746 1780 1760
f 1746 1760 1747
f 1747 1750 1748
f 1747 1760 1750
f 1751 1781 1782
f 1751 1782 1752
f 1751 1756 1785
f 1751 1785 1781
f 1752 1782 1753
f 1753 1764 1763
f 1753 1763 1762
f 1753 1762 1754
f 1753 1782 1783
f 1753 1783 1764
f 1755 1757 1784
f 1755 1784 1785
f 1755 1785 1756
f 1757 1759 1784
f 1758 1761 1780
f 1758 1780 1759
f 1759 1777 1786
f 1759 1786 1784
f 1759 1780 1778
f 1759 1778 1777
f 1760 1780 1761
f 1764 1783 1765
f 1765 1783 1787
f 1765 1787 1766
f 1766 1787 1788
f 1766 1788 1770
f 1768 1789 1769
f 1768 1771 1790
f 1768 1790 1789
f 1770 1788 1793
f 1770 1793 1776
f 1770 1776 1775
f 1770 1775 1771
f 1771 1775 1790
f 1772 1791 1773
f 1773 1791 1792
f 1773 1792 1775
f 1774 1776 1793
f 1774 1793 1796
f 1774 1796 1779
f 1775 1792 1794
f 1775 1794 1795
f 1775 1795 1790
f 1777 1779 1786
f 1779 1796 1786
f 1781 1797 1782
f 1781 1785 1798
f 1781 1798 1797
f 1782 1797 1783
f 1783 1797 1787
f 1784 1786 1798
f 1784 1798 1785
f 1786 1796 1798
f 1787 1797 1798
f 1787 1798 1796
f 1787 1796 1793
f 1787 1793 1788

