# WaveFront *.obj file (generated by Autodesk ATF)

mtllib cut_rod.mtl

g Corpo23

v -35.561394 -23.566182 82.585394
v -35.532774 -23.596699 81.813775
v -35.447252 -23.687890 81.051203
v -35.305832 -23.838685 80.306619
v -35.110170 -24.047318 79.588750
v -34.862561 -24.311341 78.906015
v -34.565907 -24.627659 78.266418
v -34.223688 -24.992565 77.677457
v -33.839914 -25.401779 77.146037
v -33.419086 -25.850504 76.678388
v -32.966137 -26.333479 76.279994
v -32.486378 -26.845041 75.955525
v -31.985433 -27.379194 75.708786
v -31.469175 -27.929675 75.542668
v -30.943658 -28.490029 75.459120
v -30.415042 -29.053687 75.459122
v -29.889524 -29.614041 75.542672
v -29.373267 -30.164521 75.708793
v -28.872323 -30.698673 75.955535
v -28.392564 -31.210235 76.280006
v -27.939616 -31.693209 76.678403
v -27.518789 -32.141933 77.146053
v -27.135017 -32.551145 77.677475
v -26.792799 -32.916049 78.266438
v -26.496147 -33.232366 78.906037
v -26.248540 -33.496387 79.588774
v -26.052880 -33.705018 80.306643
v -25.911461 -33.855812 81.051228
v -25.825941 -33.947000 81.813801
v -25.797323 -33.977515 82.585419
v -25.825943 -33.946998 83.357038
v -25.911464 -33.855808 84.119610
v -26.052885 -33.705012 84.864195
v -26.248547 -33.496380 85.582063
v -26.496156 -33.232356 86.264798
v -26.792809 -32.916038 86.904395
v -27.135029 -32.551133 87.493356
v -27.518802 -32.141919 88.024777
v -27.939631 -31.693194 88.492425
v -28.392580 -31.210218 88.890819
v -28.872339 -30.698656 89.215288
v -29.373284 -30.164503 89.462027
v -29.889542 -29.614023 89.628145
v -30.415059 -29.053668 89.711693
v -30.943675 -28.490010 89.711691
v -31.469192 -27.929656 89.628141
v -31.985450 -27.379176 89.462021
v -32.486394 -26.845024 89.215278
v -32.966153 -26.333462 88.890807
v -33.419101 -25.850488 88.492411
v -33.839928 -25.401764 88.024760
v -34.223700 -24.992552 87.493338
v -34.565918 -24.627648 86.904375
v -34.862570 -24.311331 86.264776
v -35.110177 -24.047310 85.582039
v -35.305837 -23.838679 84.864170
v -35.447256 -23.687886 84.119585
v -35.532776 -23.596697 83.357012
v 118.624338 104.394987 82.585716
v 118.596258 104.424929 81.946330
v 118.512477 104.514264 81.317443
v 118.374370 104.661526 80.709380
v 118.184206 104.864296 80.132127
v 117.945107 105.119245 79.595162
v 117.660999 105.422186 79.107301
v 117.336547 105.768146 78.676555
v 116.977078 106.151444 78.309998
v 116.588496 106.565786 78.013648
v 116.177179 107.004369 77.792370
v 115.749883 107.459990 77.649800
v 115.313624 107.925170 77.588276
v 114.875564 108.392268 77.608811
v 114.442897 108.853617 77.711065
v 114.022727 109.301640 77.893362
v 113.621954 109.728981 78.152706
v 113.247157 110.128623 78.484841
v 112.904492 110.494004 78.884311
v 112.599584 110.819124 79.344558
v 112.337441 111.098645 79.858025
v 112.122366 111.327977 80.416280
v 111.957891 111.503355 81.010157
v 111.846717 111.621898 81.629905
v 111.790670 111.681661 82.265347
v 111.790669 111.681662 82.906049
v 111.846715 111.621901 83.541491
v 111.957887 111.503359 84.161240
v 112.122360 111.327983 84.755118
v 112.337434 111.098652 85.313374
v 112.599576 110.819132 85.826842
v 112.904483 110.494013 86.287091
v 113.247147 110.128634 86.686563
v 113.621943 109.728993 87.018699
v 114.022716 109.301652 87.278046
v 114.442885 108.853630 87.460345
v 114.875552 108.392282 87.562602
v 115.313612 107.925183 87.583138
v 115.749871 107.460003 87.521617
v 116.177168 107.004381 87.379049
v 116.588484 106.565798 87.157774
v 116.977068 106.151456 86.861426
v 117.336537 105.768157 86.494870
v 117.660991 105.422195 86.064126
v 117.945100 105.119252 85.576267
v 118.184200 104.864302 85.039303
v 118.374366 104.661530 84.462050
v 118.512474 104.514267 83.853989
v 118.596256 104.424931 83.225102
v -23.282647 -12.294910 82.585419
v -11.003893 -1.023631 82.585445
v 1.274861 10.247648 82.585470
v 13.553615 21.518927 82.585495
v 25.832369 32.790206 82.585521
v 38.111123 44.061485 82.585546
v 50.389877 55.332764 82.585571
v 62.668631 66.604043 82.585597
v 74.947385 77.875323 82.585622
v 87.226140 89.146602 82.585648
v 99.504894 100.417881 82.585673
v 99.832271 100.068797 84.759886
v 101.059227 98.760501 86.871502
v 103.994664 95.630471 87.575007
v 105.618629 93.898856 86.146640
v 105.618646 93.898854 79.024738
v 103.994687 95.630468 77.596362
v 101.059247 98.760498 78.299851
v 99.832281 100.068796 80.411462
v -23.254744 -12.324665 83.337786
v -10.976704 -1.052624 83.318559
v 1.301336 10.219416 83.299333
v 13.579376 21.491457 83.280106
v 25.857416 32.763497 83.260880
v 38.135456 44.035538 83.241653
v 50.413496 55.307578 83.222426
v 62.691536 66.579619 83.203200
v 74.969576 77.851659 83.183973
v 87.247616 89.123700 83.164747
v 99.525657 100.395740 83.145520
v -23.171359 -12.413579 84.081332
v -10.895453 -1.139263 84.043079
v 1.380453 10.135052 84.004826
v 13.656360 21.409368 83.966573
v 25.932266 32.683684 83.928321
v 38.208173 43.957999 83.890068
v 50.484079 55.232315 83.851815
v 62.759985 66.506631 83.813562
v 75.035892 77.780946 83.775309
v 87.311798 89.055262 83.737056
v 99.587705 100.329578 83.698803
v -23.033470 -12.560611 84.807340
v -10.761092 -1.282533 84.750510
v 1.511286 9.995545 84.693679
v 13.783664 21.273623 84.636849
v 26.056042 32.551701 84.580019
v 38.328420 43.829779 84.523188
v 50.600798 55.107857 84.466358
v 62.873176 66.385935 84.409528
v 75.145554 77.664013 84.352697
v 87.417932 88.942091 84.295867
v 99.690310 100.220169 84.239037
v -22.842692 -12.764037 85.507298
v -10.575196 -1.480753 85.432557
v 1.692300 9.802530 85.357816
v 13.959797 21.085813 85.283074
v 26.227293 32.369097 85.208333
v 38.494789 43.652380 85.133592
v 50.762286 54.935663 85.058851
v 63.029782 66.218947 84.984110
v 75.297278 77.502230 84.909368
v 87.564775 88.785513 84.834627
v -22.601263 -13.021471 86.173000
v -10.339945 -1.731601 86.081225
v 1.921374 9.558270 85.989449
v 14.182692 20.848141 85.897673
v 26.444011 32.138012 85.805898
v 38.705329 43.427882 85.714122
v 50.966648 54.717753 85.622347
v 63.227966 66.007624 85.530571
v 75.489285 77.297494 85.438796
v 87.750603 88.587365 85.347020
v 100.011922 99.877236 85.255244
v -22.312014 -13.329897 86.796641
v -10.058097 -2.032134 86.688908
v 2.195820 9.265629 86.581174
v 14.449737 20.563392 86.473440
v 26.703654 31.861155 86.365707
v 38.957571 43.158918 86.257973
v 51.211488 54.456681 86.150239
v 63.465405 65.754443 86.042506
v 75.719322 77.052206 85.934772
v 87.973239 88.349969 85.827038
v 100.227156 99.647732 85.719305
v -21.978335 -13.685697 87.370910
v -9.732956 -2.378829 87.248481
v 2.512423 8.928038 87.126053
v 14.757801 20.234905 87.003625
v 27.003180 31.541772 86.881196
v 39.248559 42.848640 86.758768
v 51.493937 54.155507 86.636340
v 63.739316 65.462374 86.513911
v 75.984695 76.769242 86.391483
v 88.230073 88.076109 86.269055
v 100.475452 99.382976 86.146626
v -21.604138 -14.084700 87.889073
v -9.368335 -2.767623 87.753385
v 2.867469 8.549454 87.617698
v 15.103272 19.866532 87.482011
v 27.339076 31.183609 87.346323
v 39.574879 42.500686 87.210636
v 51.810683 53.817763 87.074948
v 64.046486 65.134840 86.939261
v 76.282290 76.451918 86.803574
v 88.518093 87.768995 86.667886
v 100.753897 99.086072 86.532199
v -21.193811 -14.522229 88.345055
v -8.968507 -3.193956 88.197700
v 3.256797 8.134317 88.050345
v 15.482100 19.462590 87.902990
v 27.707404 30.790863 87.755634
v 39.932708 42.119136 87.608279
v 52.158012 53.447409 87.460924
v 64.383316 64.775682 87.313568
v 76.608620 76.103955 87.166213
v 88.833923 87.432228 87.018858
v -20.752165 -14.993153 88.733512
v -8.538162 -3.652830 88.576217
v 3.675841 7.687494 88.418921
v 15.889844 19.027817 88.261626
v 28.103846 30.368140 88.104331
v 40.317849 41.708463 87.947035
v 52.531852 53.048786 87.789740
v 64.745855 64.389109 87.632444
v 76.959857 75.729433 87.475149
v 89.173860 87.069756 87.317854
v 101.387863 98.410079 87.160558
v -20.284376 -15.491952 89.049888
v -8.082344 -4.138865 88.884497
v 4.119689 7.214222 88.719106
v 16.321722 18.567309 88.553715
v 28.523755 29.920395 88.388324
v 40.725787 41.273482 88.222933
v 52.927820 52.626569 88.057542
v 65.129853 63.979655 87.892151
v 77.331885 75.332742 87.726760
v 89.533918 86.685829 87.561369
v 101.735951 98.038916 87.395978
v -19.795931 -16.012777 89.290474
v -7.606397 -4.646363 89.118926
v 4.583137 6.720051 88.947379
v 16.772672 18.086465 88.775832
v 28.962206 29.452879 88.604285
v 41.151740 40.819293 88.432738
v 53.341274 52.185706 88.261191
v 65.530808 63.552120 88.089643
v 77.720342 74.918534 87.918096
v 89.909876 86.284948 87.746549
v 102.099410 97.651362 87.575002
v -19.292555 -16.549522 89.452449
v -7.115901 -5.169374 89.276757
v 5.060752 6.210774 89.101065
v 17.237406 17.590923 88.925373
v 29.414059 28.971071 88.749682
v 41.590713 40.351220 88.573990
v 53.767366 51.731368 88.398298
v 65.944020 63.111516 88.222606
v 78.120673 74.491665 88.046914
v 90.297327 85.871813 87.871222
v 102.473980 97.251962 87.695530
v -18.780149 -17.095896 89.533915
v -6.616607 -5.701766 89.356139
v 5.546934 5.692363 89.178362
v 17.710476 17.086492 89.000586
v 29.874018 28.480622 88.822809
v 42.037560 39.874751 88.645033
v 54.201101 51.268880 88.467256
v 66.364643 62.663009 88.289480
v 78.528185 74.057139 88.111703
v 90.691727 85.451268 87.933927
v 102.855268 96.845397 87.756150
v -18.264722 -17.645490 89.533916
v -6.114369 -6.237298 89.356140
v 6.035983 5.170895 89.178363
v 18.186336 16.579087 89.000587
v 30.336689 27.987280 88.822810
v 42.487042 39.395473 88.645034
v 54.637394 50.803665 88.467257
v 66.787747 62.211858 88.289481
v 78.938100 73.620051 88.111704
v 91.088453 85.028243 87.933928
v 103.238805 96.436436 87.756151
v -17.752316 -18.191864 89.452453
v -5.615075 -6.769690 89.276761
v 6.522166 4.652483 89.101069
v 18.659407 16.074657 88.925377
v 30.796648 27.496830 88.749685
v 42.933889 38.919004 88.573993
v 55.071130 50.341177 88.398301
v 67.208371 61.763351 88.222609
v 79.345612 73.185524 88.046917
v 91.482853 84.607698 87.871225
v 103.620094 96.029871 87.695533
v -17.248939 -18.728609 89.290480
v -5.124579 -7.292701 89.118933
v 6.999782 4.143207 88.947386
v 19.124142 15.579115 88.775838
v 31.248502 27.015023 88.604291
v 43.372863 38.450931 88.432744
v 55.497223 49.886839 88.261196
v 67.621583 61.322747 88.089649
v 79.745944 72.758655 87.918101
v 91.870304 84.194563 87.746554
v -16.760492 -19.249435 89.049897
v -4.648631 -7.800200 88.884506
v 7.463231 3.649036 88.719115
v 19.575093 15.098271 88.553723
v 31.686954 26.547506 88.388332
v 43.798816 37.996741 88.222941
v 55.910678 49.445977 88.057550
v 68.022539 60.895212 87.892159
v 80.134401 72.344447 87.726767
v 92.246263 83.793682 87.561376
v 104.358125 95.242917 87.395985
v -16.292703 -19.748234 88.733524
v -4.192811 -8.286235 88.576228
v 7.907081 3.175764 88.418932
v 20.006972 14.637763 88.261637
v 32.106864 26.099761 88.104341
v 44.206755 37.561760 87.947045
v 56.306647 49.023759 87.789750
v 68.406539 60.485758 87.632454
v 80.506430 71.947756 87.475158
v 92.606322 83.409755 87.317863
v 104.706214 94.871754 87.160567
v -15.851054 -20.219158 88.345069
v -3.762464 -8.745109 88.197714
v 8.326127 2.728940 88.050358
v 20.414717 14.202989 87.903002
v 32.503308 25.677038 87.755647
v 44.591898 37.151087 87.608291
v 56.680489 48.625136 87.460935
v 68.769079 60.099185 87.313580
v 80.857670 71.573234 87.166224
v 92.946260 83.047283 87.018868
v 105.034851 94.521332 86.871513
v -15.440725 -20.656687 87.889089
v -3.362635 -9.171442 87.753401
v 8.715456 2.313803 87.617713
v 20.793547 13.799047 87.482025
v 32.871638 25.284292 87.346338
v 44.949729 36.769537 87.210650
v 57.027819 48.254782 87.074962
v 69.105910 59.740026 86.939274
v 81.184001 71.225271 86.803586
v 93.262092 82.710516 86.667899
v 105.340182 94.195760 86.532211
v -15.066526 -21.055690 87.370928
v -2.998011 -9.560236 87.248499
v 9.070505 1.935219 87.126070
v 21.139020 13.430674 87.003641
v 33.207536 24.926128 86.881213
v 45.276051 36.421583 86.758784
v 57.344567 47.917038 86.636355
v 69.413083 59.412492 86.513926
v 81.481598 70.907947 86.391497
v 93.550114 82.403401 86.269068
v -14.732845 -21.411491 86.796661
v -2.672868 -9.906932 86.688927
v 9.387110 1.597627 86.581193
v 21.447087 13.102186 86.473459
v 33.507064 24.606745 86.365724
v 45.567041 36.111305 86.257990
v 57.627018 47.615864 86.150256
v 69.686995 59.120423 86.042522
v 81.746973 70.624982 85.934788
v 93.806950 82.129541 85.827054
v 105.866927 93.634100 85.719319
v -14.443592 -21.719916 86.173022
v -2.391017 -10.207465 86.081245
v 9.661559 1.304986 85.989469
v 21.714135 12.817437 85.897693
v 33.766710 24.329888 85.805917
v 45.819286 35.842340 85.714141
v 57.871861 47.354791 85.622365
v 69.924437 58.867242 85.530589
v 81.977013 70.379693 85.438812
v 94.029588 81.892145 85.347036
v 106.082164 93.404596 85.255260
v -14.202160 -21.977352 85.507321
v -2.155763 -10.458313 85.432579
v 9.890635 1.060726 85.357837
v 21.937033 12.579764 85.283095
v 33.983431 24.098803 85.208354
v 46.029828 35.617842 85.133612
v 58.076226 47.136880 85.058870
v 70.122624 58.655919 84.984128
v 82.169021 70.174957 84.909386
v 94.215419 81.693996 84.834644
v 106.261817 93.213035 84.759902
v -14.011379 -22.180778 84.807364
v -1.969864 -10.656534 84.750533
v 10.071652 0.867710 84.693702
v 22.113168 12.391954 84.636871
v 34.154684 23.916198 84.580040
v 46.196200 35.440442 84.523209
v 58.237716 46.964686 84.466378
v 70.279232 58.488930 84.409547
v 82.320748 70.013174 84.352716
v 94.362264 81.537418 84.295885
v 106.403780 93.061662 84.239054
v -13.873486 -22.327810 84.081356
v -1.835499 -10.799804 84.043103
v 10.202488 0.728203 84.004849
v 22.240476 12.256209 83.966596
v 34.278463 23.784215 83.928342
v 46.316451 35.312222 83.890089
v 58.354438 46.840228 83.851835
v 70.392426 58.368234 83.813582
v 82.430413 69.896241 83.775328
v 94.468400 81.424247 83.737075
v 106.506388 92.952253 83.698821
v -13.790098 -22.416725 83.337811
v -1.754244 -10.886443 83.318583
v 10.281609 0.643838 83.299356
v 22.317463 12.174120 83.280129
v 34.353317 23.704401 83.260902
v 46.389170 35.234683 83.241674
v 58.425024 46.764964 83.222447
v 70.460878 58.295246 83.203220
v 82.496731 69.825527 83.183993
v 94.532585 81.355809 83.164766
v 106.568438 92.886090 83.145538
v -13.762191 -22.446480 82.585444
v -1.727052 -10.915437 82.585469
v 10.308088 0.615606 82.585494
v 22.343227 12.146649 82.585518
v 34.378367 23.677692 82.585543
v 46.413506 35.208735 82.585568
v 58.448646 46.739778 82.585592
v 70.483785 58.270821 82.585617
v 82.518925 69.801864 82.585642
v 94.554065 81.332907 82.585667
v 106.589204 92.863950 82.585691
v -13.790094 -22.416725 81.833077
v -1.754241 -10.886444 81.852354
v 10.281613 0.643838 81.871631
v 22.317466 12.174119 81.890907
v 34.353320 23.704401 81.910184
v 46.389173 35.234682 81.929461
v 58.425027 46.764964 81.948737
v 70.460880 58.295246 81.968014
v 82.496734 69.825527 81.987291
v 94.532588 81.355809 82.006568
v 106.568441 92.886090 82.025844
v -13.873479 -22.327811 81.089531
v -1.835492 -10.799805 81.127834
v 10.202495 0.728202 81.166137
v 22.240482 12.256208 81.204440
v 34.278470 23.784214 81.242743
v 46.316457 35.312221 81.281046
v 58.354444 46.840227 81.319349
v 70.392431 58.368234 81.357652
v 82.430419 69.896240 81.395955
v 94.468406 81.424246 81.434258
v 106.506393 92.952253 81.472561
v -14.011369 -22.180779 80.363523
v -1.969853 -10.656535 80.420404
v 10.071662 0.867709 80.477284
v 22.113178 12.391953 80.534165
v 34.154693 23.916197 80.591045
v 46.196209 35.440441 80.647925
v 58.237725 46.964685 80.704806
v 70.279240 58.488929 80.761686
v 82.320756 70.013173 80.818567
v 94.362272 81.537417 80.875447
v 106.403787 93.061661 80.932327
v -14.202147 -21.977353 79.663565
v -2.155749 -10.458314 79.738356
v 9.890648 1.060724 79.813148
v 21.937045 12.579763 79.887939
v 33.983443 24.098801 79.962730
v 46.029840 35.617840 80.037522
v 58.076237 47.136879 80.112313
v 70.122635 58.655917 80.187104
v 82.169032 70.174956 80.261896
v 94.215430 81.693995 80.336687
v 106.261827 93.213033 80.411478
v -14.443576 -21.719918 78.997863
v -2.391000 -10.207467 79.089689
v 9.661575 1.304984 79.181514
v 21.714150 12.817435 79.273340
v 33.766725 24.329887 79.365166
v 45.819300 35.842338 79.456991
v 57.871875 47.354789 79.548817
v 69.924451 58.867241 79.640643
v 81.977026 70.379692 79.732468
v 94.029601 81.892143 79.824294
v 106.082176 93.404594 79.916120
v -14.732825 -21.411493 78.374222
v -2.672849 -9.906934 78.482006
v 9.387128 1.597625 78.589790
v 21.447105 13.102184 78.697573
v 33.507081 24.606743 78.805357
v 45.567058 36.111303 78.913141
v 57.627035 47.615862 79.020924
v 69.687011 59.120421 79.128708
v 81.746988 70.624980 79.236492
v 93.806965 82.129539 79.344276
v 105.866941 93.634098 79.452059
v -15.066504 -21.055693 77.799954
v -2.997989 -9.560238 77.922432
v 9.070526 1.935216 78.044911
v 21.139041 13.430671 78.167389
v 33.207556 24.926126 78.289867
v 45.276071 36.421581 78.412346
v 57.344586 47.917035 78.534824
v 69.413101 59.412490 78.657303
v 81.481616 70.907945 78.779781
v 93.550131 82.403399 78.902259
v -15.440701 -20.656690 77.281791
v -3.362611 -9.171445 77.417528
v 8.715479 2.313800 77.553266
v 20.793570 13.799045 77.689003
v 32.871660 25.284289 77.824740
v 44.949750 36.769534 77.960478
v 57.027840 48.254779 78.096215
v 69.105930 59.740024 78.231953
v 81.184020 71.225269 78.367690
v 93.262111 82.710514 78.503428
v 105.340201 94.195758 78.639165
v -15.851028 -20.219161 76.825808
v -3.762438 -8.745112 76.973213
v 8.326152 2.728937 77.120619
v 20.414742 14.202986 77.268024
v 32.503332 25.677035 77.415429
v 44.591921 37.151084 77.562835
v 56.680511 48.625133 77.710240
v 68.769101 60.099182 77.857646
v 80.857691 71.573232 78.005051
v 92.946281 83.047281 78.152456
v 105.034870 94.521330 78.299862
v -16.292674 -19.748237 76.437351
v -4.192783 -8.286238 76.594697
v 7.907108 3.175761 76.752042
v 20.006999 14.637759 76.909388
v 32.106889 26.099758 77.066733
v 44.206780 37.561757 77.224079
v 56.306671 49.023756 77.381424
v 68.406562 60.485755 77.538769
v 80.506453 71.947754 77.696115
v 92.606344 83.409753 77.853460
v 104.706235 94.871751 78.010806
v -16.760462 -19.249438 76.120976
v -4.648601 -7.800203 76.286417
v 7.463259 3.649032 76.451858
v 19.575120 15.098268 76.617299
v 31.686981 26.547503 76.782740
v 43.798842 37.996738 76.948181
v 55.910703 49.445974 77.113622
v 68.022564 60.895209 77.279063
v 80.134425 72.344444 77.444504
v 92.246286 83.793679 77.609945
v 104.358147 95.242915 77.775386
v -17.248908 -18.728613 75.880390
v -5.124548 -7.292705 76.051987
v 6.999811 4.143203 76.223584
v 19.124171 15.579111 76.395182
v 31.248530 27.015020 76.566779
v 43.372890 38.450928 76.738376
v 55.497249 49.886836 76.909973
v 67.621609 61.322744 77.081571
v 79.745968 72.758652 77.253168
v 91.870328 84.194560 77.424765
v -17.752284 -18.191867 75.718414
v -5.615044 -6.769694 75.894156
v 6.522196 4.652480 76.069898
v 18.659436 16.074653 76.245640
v 30.796676 27.496827 76.421382
v 42.933917 38.919001 76.597124
v 55.071157 50.341174 76.772866
v 67.208397 61.763348 76.948608
v 79.345637 73.185521 77.124350
v 91.482877 84.607695 77.300092
v 103.620118 96.029869 77.475834
v -18.264690 -17.645494 75.636948
v -6.114338 -6.237302 75.814775
v 6.036014 5.170891 75.992601
v 18.186366 16.579084 76.170428
v 30.336718 27.987277 76.348255
v 42.487070 39.395469 76.526081
v 54.637422 50.803662 76.703908
v 66.787774 62.211855 76.881734
v 78.938125 73.620047 77.059561
v 91.088477 85.028240 77.237387
v 103.238829 96.436433 77.415214
v -18.780117 -17.095899 75.636947
v -6.616576 -5.701770 75.814774
v 5.546965 5.692359 75.992600
v 17.710506 17.086489 76.170427
v 29.874047 28.480618 76.348253
v 42.037588 39.874748 76.526080
v 54.201129 51.268877 76.703907
v 66.364670 62.663006 76.881733
v 78.528211 74.057136 77.059560
v 90.691751 85.451265 77.237386
v 102.855292 96.845395 77.415213
v -19.292523 -16.549526 75.718410
v -7.115870 -5.169378 75.894152
v 5.060783 6.210771 76.069894
v 17.237435 17.590919 76.245637
v 29.414088 28.971068 76.421379
v 41.590741 40.351216 76.597121
v 53.767393 51.731365 76.772863
v 65.944046 63.111513 76.948605
v 78.120698 74.491662 77.124347
v 90.297351 85.871810 77.300089
v 102.474004 97.251959 77.475831
v -19.795900 -16.012781 75.880383
v -7.606366 -4.646367 76.051981
v 4.583167 6.720047 76.223578
v 16.772700 18.086461 76.395175
v 28.962234 29.452875 76.566773
v 41.151767 40.819289 76.738370
v 53.341300 52.185703 76.909968
v 65.530834 63.552117 77.081565
v 77.720367 74.918531 77.253163
v 89.909900 86.284945 77.424760
v 102.099433 97.651359 77.596357
v -20.284346 -15.491955 76.120966
v -8.082314 -4.138868 76.286408
v 4.119718 7.214218 76.451849
v 16.321749 18.567305 76.617290
v 28.523781 29.920392 76.782732
v 40.725813 41.273479 76.948173
v 52.927845 52.626566 77.113614
v 65.129877 63.979652 77.279055
v 77.331909 75.332739 77.444497
v 89.533941 86.685826 77.609938
v 101.735973 98.038913 77.775379
v -20.752136 -14.993156 76.437340
v -8.538134 -3.652833 76.594686
v 3.675868 7.687490 76.752031
v 15.889870 19.027814 76.909377
v 28.103872 30.368137 77.066723
v 40.317874 41.708460 77.224068
v 52.531876 53.048783 77.381414
v 64.745878 64.389107 77.538760
v 76.959880 75.729430 77.696106
v 89.173882 87.069753 77.853451
v 101.387884 98.410076 78.010797
v -21.193784 -14.522232 76.825794
v -8.968481 -3.193959 76.973200
v 3.256822 8.134314 77.120605
v 15.482125 19.462587 77.268011
v 27.707428 30.790860 77.415417
v 39.932731 42.119133 77.562823
v 52.158034 53.447406 77.710228
v 64.383338 64.775679 77.857634
v 76.608641 76.103952 78.005040
v 88.833944 87.432225 78.152446
v -21.604113 -14.084703 77.281774
v -9.368310 -2.767626 77.417512
v 2.867492 8.549451 77.553250
v 15.103295 19.866529 77.688988
v 27.339098 31.183606 77.824726
v 39.574901 42.500683 77.960464
v 51.810704 53.817761 78.096202
v 64.046507 65.134838 78.231940
v 76.282310 76.451915 78.367678
v 88.518112 87.768992 78.503415
v 100.753915 99.086070 78.639153
v -21.978312 -13.685700 77.799936
v -9.732934 -2.378832 77.922414
v 2.512444 8.928035 78.044893
v 14.757822 20.234903 78.167372
v 27.003200 31.541770 78.289851
v 39.248578 42.848637 78.412330
v 51.493956 54.155505 78.534809
v 63.739334 65.462372 78.657288
v 75.984712 76.769239 78.779767
v 88.230090 88.076107 78.902246
v 100.475468 99.382974 79.024725
v -22.311994 -13.329899 78.374202
v -10.058078 -2.032136 78.481986
v 2.195839 9.265627 78.589771
v 14.449755 20.563390 78.697555
v 26.703672 31.861153 78.805339
v 38.957588 43.158916 78.913123
v 51.211505 54.456679 79.020908
v 63.465421 65.754442 79.128692
v 75.719338 77.052204 79.236476
v 87.973254 88.349967 79.344261
v 100.227171 99.647730 79.452045
v -22.601247 -13.021473 78.997842
v -10.339928 -1.731603 79.089668
v 1.921390 9.558268 79.181494
v 14.182708 20.848139 79.273320
v 26.444026 32.138010 79.365147
v 38.705344 43.427881 79.456973
v 50.966662 54.717751 79.548799
v 63.227980 66.007622 79.640625
v 75.489298 77.297493 79.732452
v 87.750616 88.587364 79.824278
v 100.011934 99.877234 79.916104
v -22.842678 -12.764038 79.663542
v -10.575183 -1.480755 79.738334
v 1.692313 9.802528 79.813126
v 13.959809 21.085812 79.887918
v 26.227305 32.369095 79.962710
v 38.494801 43.652379 80.037502
v 50.762297 54.935662 80.112294
v 63.029793 66.218945 80.187086
v 75.297289 77.502229 80.261878
v 87.564785 88.785512 80.336670
v -23.033459 -12.560612 80.363500
v -10.761082 -1.282534 80.420381
v 1.511296 9.995544 80.477262
v 13.783674 21.273622 80.534143
v 26.056052 32.551700 80.591024
v 38.328429 43.829778 80.647905
v 50.600807 55.107856 80.704786
v 62.873185 66.385934 80.761667
v 75.145563 77.664012 80.818548
v 87.417940 88.942090 80.875429
v 99.690318 100.220168 80.932310
v -23.171352 -12.413580 81.089507
v -10.895446 -1.139264 81.127810
v 1.380460 10.135052 81.166114
v 13.656366 21.409367 81.204418
v 25.932272 32.683683 81.242721
v 38.208179 43.957999 81.281025
v 50.484085 55.232314 81.319328
v 62.759991 66.506630 81.357632
v 75.035897 77.780946 81.395936
v 87.311804 89.055261 81.434239
v 99.587710 100.329577 81.472543
v -23.254741 -12.324665 81.833053
v -10.976701 -1.052624 81.852330
v 1.301339 10.219416 81.871607
v 13.579379 21.491456 81.890885
v 25.857419 32.763497 81.910162
v 38.135459 44.035537 81.929439
v 50.413499 55.307578 81.948717
v 62.691539 66.579618 81.967994
v 74.969579 77.851659 81.987271
v 87.247619 89.123699 82.006549
v 99.525659 100.395740 82.025826
vt 0.077201 0.725516 0.000000
vt 0.000039 0.729700 0.000000
vt 0.704314 -0.099434 0.000000
vt -0.077123 0.725516 0.000000
vt -0.153380 0.713014 0.000000
vt -0.227839 0.692341 0.000000
vt -0.299625 0.663738 0.000000
vt -0.367899 0.627541 0.000000
vt -0.431859 0.584176 0.000000
vt -0.490755 0.534148 0.000000
vt -0.543897 0.478047 0.000000
vt -0.590662 0.416529 0.000000
vt -0.630501 0.350315 0.000000
vt -0.662948 0.280182 0.000000
vt -0.687622 0.206952 0.000000
vt -0.704234 0.131483 0.000000
vt -0.712588 0.054661 0.000000
vt -0.712588 -0.022614 0.000000
vt -0.704233 -0.099437 0.000000
vt 0.687702 -0.174903 0.000000
vt -0.687621 -0.174905 0.000000
vt 0.663028 -0.248133 0.000000
vt -0.662947 -0.248135 0.000000
vt 0.630582 -0.318266 0.000000
vt -0.630500 -0.318268 0.000000
vt 0.590742 -0.384480 0.000000
vt -0.590660 -0.384482 0.000000
vt 0.543977 -0.445998 0.000000
vt -0.543895 -0.446000 0.000000
vt 0.490835 -0.502100 0.000000
vt -0.490753 -0.502101 0.000000
vt 0.431939 -0.552127 0.000000
vt -0.431857 -0.552128 0.000000
vt 0.367979 -0.595493 0.000000
vt -0.367897 -0.595494 0.000000
vt 0.299706 -0.631689 0.000000
vt -0.299623 -0.631690 0.000000
vt 0.227919 -0.660292 0.000000
vt -0.227836 -0.660293 0.000000
vt 0.153461 -0.680965 0.000000
vt -0.153378 -0.680966 0.000000
vt 0.077203 -0.693467 0.000000
vt -0.077120 -0.693467 0.000000
vt 0.000042 -0.697651 0.000000
vt 0.712669 -0.022612 0.000000
vt 0.704314 0.131485 0.000000
vt 0.687702 0.206954 0.000000
vt 0.663027 0.280184 0.000000
vt 0.712669 0.054663 0.000000
vt 0.630580 0.350317 0.000000
vt 0.590741 0.416531 0.000000
vt 0.543976 0.478049 0.000000
vt 0.490833 0.534150 0.000000
vt 0.431937 0.584177 0.000000
vt 0.367977 0.627543 0.000000
vt 0.299704 0.663739 0.000000
vt 0.227917 0.692341 0.000000
vt 0.153458 0.713015 0.000000
vt -0.000001 -0.500000 0.000000
vt 0.063938 -0.495895 0.000000
vt -0.063939 -0.495895 0.000000
vt 0.126826 -0.483648 0.000000
vt -0.126828 -0.483647 0.000000
vt 0.187633 -0.463459 0.000000
vt -0.187634 -0.463458 0.000000
vt 0.245358 -0.435660 0.000000
vt -0.245360 -0.435659 0.000000
vt 0.299055 -0.400707 0.000000
vt -0.299056 -0.400706 0.000000
vt 0.347841 -0.359175 0.000000
vt -0.347842 -0.359174 0.000000
vt 0.390915 -0.311746 0.000000
vt -0.390916 -0.311744 0.000000
vt 0.427571 -0.259197 0.000000
vt -0.427572 -0.259196 0.000000
vt 0.457206 -0.202392 0.000000
vt -0.457207 -0.202391 0.000000
vt 0.479334 -0.142265 0.000000
vt -0.479334 -0.142263 0.000000
vt 0.493591 -0.079801 0.000000
vt -0.493591 -0.079799 0.000000
vt 0.499743 -0.016027 0.000000
vt -0.499743 -0.016025 0.000000
vt 0.497690 0.048011 0.000000
vt -0.497689 0.048012 0.000000
vt 0.487464 0.111260 0.000000
vt -0.487464 0.111261 0.000000
vt 0.469235 0.172682 0.000000
vt -0.469234 0.172683 0.000000
vt 0.443300 0.231268 0.000000
vt -0.443299 0.231270 0.000000
vt 0.410087 0.286058 0.000000
vt -0.410086 0.286059 0.000000
vt 0.370140 0.336150 0.000000
vt -0.370138 0.336151 0.000000
vt 0.324115 0.380722 0.000000
vt -0.324114 0.380724 0.000000
vt 0.272768 0.419044 0.000000
vt -0.272767 0.419045 0.000000
vt 0.216943 0.450484 0.000000
vt -0.216941 0.450485 0.000000
vt 0.157555 0.474528 0.000000
vt -0.157553 0.474528 0.000000
vt 0.095580 0.490779 0.000000
vt -0.095578 0.490780 0.000000
vt 0.032036 0.498973 0.000000
vt -0.032034 0.498973 0.000000
vt -26.801530 -1.840697 0.000000
vt -28.468290 -1.906437 0.000000
vt -26.801529 -1.906437 0.000000
vt -26.801529 1.906437 0.000000
vt -28.468290 1.906437 0.000000
vt -28.468290 1.840697 0.000000
vt -26.801529 1.840697 0.000000
vt -28.468290 1.774958 0.000000
vt -26.801529 1.774958 0.000000
vt -28.468290 1.709219 0.000000
vt -26.801529 1.709219 0.000000
vt -28.468290 1.643480 0.000000
vt -26.801529 1.643480 0.000000
vt -28.468290 1.577741 0.000000
vt -26.801529 1.577741 0.000000
vt -28.468290 1.512001 0.000000
vt -26.801529 1.512001 0.000000
vt -28.468290 1.446262 0.000000
vt -26.801529 1.446262 0.000000
vt -28.468290 1.380523 0.000000
vt -26.801529 1.380523 0.000000
vt -28.468290 1.314784 0.000000
vt -26.801529 1.314784 0.000000
vt -28.468290 1.249045 0.000000
vt -26.801529 1.249045 0.000000
vt -28.468290 1.183305 0.000000
vt -26.801528 1.183305 0.000000
vt -28.468290 1.117566 0.000000
vt -26.801528 1.117566 0.000000
vt -28.468290 1.051827 0.000000
vt -26.801528 1.051827 0.000000
vt -28.468290 0.986088 0.000000
vt -26.801528 0.986088 0.000000
vt -28.468290 0.920349 0.000000
vt -26.801528 0.920349 0.000000
vt -28.468290 0.854609 0.000000
vt -26.801528 0.854609 0.000000
vt -28.468290 0.788870 0.000000
vt -26.801528 0.788870 0.000000
vt -26.801528 0.723131 0.000000
vt -28.468290 0.723131 0.000000
vt -26.801529 0.657392 0.000000
vt -28.468290 0.657392 0.000000
vt -26.801529 0.591653 0.000000
vt -28.468290 0.591653 0.000000
vt -26.801529 0.525914 0.000000
vt -28.468290 0.525914 0.000000
vt -26.801529 0.460174 0.000000
vt -28.468290 0.460174 0.000000
vt -26.801529 0.394435 0.000000
vt -28.468290 0.394435 0.000000
vt -26.801529 0.328696 0.000000
vt -28.468290 0.328696 0.000000
vt -26.801529 0.262957 0.000000
vt -28.468290 0.262957 0.000000
vt -26.801529 0.197218 0.000000
vt -28.468290 0.197218 0.000000
vt -26.801529 0.131478 0.000000
vt -28.468290 0.131478 0.000000
vt -26.801529 0.065739 0.000000
vt -28.468290 0.065739 0.000000
vt -26.801529 -0.000000 0.000000
vt -28.468290 -0.000000 0.000000
vt -26.801530 -0.065739 0.000000
vt -28.468290 -0.065739 0.000000
vt -26.801530 -0.131478 0.000000
vt -28.468290 -0.131478 0.000000
vt -26.801530 -0.197218 0.000000
vt -28.468290 -0.197218 0.000000
vt -26.801530 -0.262957 0.000000
vt -28.468290 -0.262957 0.000000
vt -26.801530 -0.328696 0.000000
vt -28.468290 -0.328696 0.000000
vt -26.801530 -0.394435 0.000000
vt -28.468290 -0.394435 0.000000
vt -26.801530 -0.460174 0.000000
vt -28.468290 -0.460174 0.000000
vt -26.801530 -0.525914 0.000000
vt -28.468290 -0.525914 0.000000
vt -26.801530 -0.591653 0.000000
vt -28.468290 -0.591653 0.000000
vt -26.801530 -0.657392 0.000000
vt -28.468290 -0.657392 0.000000
vt -26.801530 -0.723131 0.000000
vt -28.468290 -0.723131 0.000000
vt -26.801531 -0.788870 0.000000
vt -28.468290 -0.788870 0.000000
vt -28.468290 -0.854610 0.000000
vt -30.135052 -0.854610 0.000000
vt -30.135052 -0.920349 0.000000
vt -31.801814 -0.920349 0.000000
vt -31.801814 -0.986088 0.000000
vt -33.468576 -0.986088 0.000000
vt -33.468576 -1.051827 0.000000
vt -35.135338 -1.051827 0.000000
vt -35.135338 -1.117566 0.000000
vt -36.802100 -1.117566 0.000000
vt -36.802100 -1.183305 0.000000
vt -38.468862 -1.183305 0.000000
vt -38.468862 -1.249045 0.000000
vt -40.135624 -1.249045 0.000000
vt -40.135624 -1.314784 0.000000
vt -41.802386 -1.314784 0.000000
vt -41.802386 -1.380523 0.000000
vt -43.469148 -1.380523 0.000000
vt -43.469148 -1.446262 0.000000
vt -45.135910 -1.446262 0.000000
vt -45.135910 -1.512001 0.000000
vt -46.802671 -1.478461 0.000000
vt -46.802671 -1.556275 0.000000
vt -28.468290 -1.840697 0.000000
vt -26.801530 -1.774958 0.000000
vt -28.468290 -1.774958 0.000000
vt -26.801530 -1.709219 0.000000
vt -28.468290 -1.709219 0.000000
vt -26.801530 -1.643480 0.000000
vt -28.468290 -1.643480 0.000000
vt -26.801530 -1.577741 0.000000
vt -28.468290 -1.577741 0.000000
vt -26.801530 -1.512001 0.000000
vt -28.468290 -1.512001 0.000000
vt -26.801530 -1.446262 0.000000
vt -28.468290 -1.446262 0.000000
vt -26.801530 -1.380523 0.000000
vt -28.468290 -1.380523 0.000000
vt -26.801530 -1.314784 0.000000
vt -28.468290 -1.314784 0.000000
vt -26.801530 -1.249045 0.000000
vt -28.468290 -1.249045 0.000000
vt -26.801530 -1.183305 0.000000
vt -28.468290 -1.183305 0.000000
vt -26.801531 -1.117566 0.000000
vt -28.468290 -1.117566 0.000000
vt -26.801531 -1.051827 0.000000
vt -28.468290 -1.051827 0.000000
vt -26.801531 -0.986088 0.000000
vt -28.468290 -0.986088 0.000000
vt -26.801531 -0.920349 0.000000
vt -28.468290 -0.920349 0.000000
vt -26.801531 -0.854610 0.000000
vt -46.802671 -0.077814 0.000000
vt -45.135910 -0.065739 0.000000
vt -46.802671 0.000000 0.000000
vt -45.135910 0.000000 0.000000
vt -45.135910 0.065739 0.000000
vt -43.469148 0.000000 0.000000
vt -43.469148 0.065739 0.000000
vt -41.802386 0.000000 0.000000
vt -41.802386 0.065739 0.000000
vt -40.135624 0.000000 0.000000
vt -40.135624 0.065739 0.000000
vt -38.468862 -0.000000 0.000000
vt -38.468862 0.065739 0.000000
vt -36.802100 -0.000000 0.000000
vt -36.802100 0.065739 0.000000
vt -35.135338 -0.000000 0.000000
vt -35.135338 0.065739 0.000000
vt -33.468576 -0.000000 0.000000
vt -33.468576 0.065739 0.000000
vt -31.801814 -0.000000 0.000000
vt -31.801814 0.065739 0.000000
vt -30.135052 -0.000000 0.000000
vt -30.135052 0.065739 0.000000
vt -45.135910 -0.131478 0.000000
vt -46.802671 -0.155627 0.000000
vt -45.135910 -0.197218 0.000000
vt -46.802671 -0.233441 0.000000
vt -45.135910 -0.262957 0.000000
vt -46.802671 -0.311255 0.000000
vt -45.135910 -0.328696 0.000000
vt -46.802671 -0.389069 0.000000
vt -45.135910 -0.394435 0.000000
vt -45.135910 -0.460174 0.000000
vt -43.469148 -0.394435 0.000000
vt -43.469148 -0.460174 0.000000
vt -41.802386 -0.394435 0.000000
vt -41.802386 -0.460174 0.000000
vt -40.135624 -0.394435 0.000000
vt -40.135624 -0.460174 0.000000
vt -38.468862 -0.394435 0.000000
vt -38.468862 -0.460174 0.000000
vt -36.802100 -0.394435 0.000000
vt -36.802100 -0.460174 0.000000
vt -35.135338 -0.394435 0.000000
vt -35.135338 -0.460174 0.000000
vt -33.468576 -0.394435 0.000000
vt -33.468576 -0.460174 0.000000
vt -31.801814 -0.394435 0.000000
vt -31.801814 -0.460174 0.000000
vt -30.135052 -0.394435 0.000000
vt -30.135052 -0.460174 0.000000
vt -46.802671 -0.466882 0.000000
vt -45.135910 -0.525914 0.000000
vt -43.469148 -0.525914 0.000000
vt -41.802386 -0.525914 0.000000
vt -40.135624 -0.525914 0.000000
vt -38.468862 -0.525914 0.000000
vt -36.802100 -0.525914 0.000000
vt -35.135338 -0.525914 0.000000
vt -33.468576 -0.525914 0.000000
vt -31.801814 -0.525914 0.000000
vt -30.135052 -0.525914 0.000000
vt -46.802671 -0.544696 0.000000
vt -45.135910 -0.591653 0.000000
vt -43.469148 -0.591653 0.000000
vt -41.802386 -0.591653 0.000000
vt -40.135624 -0.591653 0.000000
vt -38.468862 -0.591653 0.000000
vt -36.802100 -0.591653 0.000000
vt -35.135338 -0.591653 0.000000
vt -33.468576 -0.591653 0.000000
vt -31.801814 -0.591653 0.000000
vt -30.135052 -0.591653 0.000000
vt -46.802672 -0.622510 0.000000
vt -45.135910 -0.657392 0.000000
vt -43.469148 -0.657392 0.000000
vt -41.802386 -0.657392 0.000000
vt -40.135624 -0.657392 0.000000
vt -38.468862 -0.657392 0.000000
vt -36.802100 -0.657392 0.000000
vt -35.135338 -0.657392 0.000000
vt -33.468576 -0.657392 0.000000
vt -31.801814 -0.657392 0.000000
vt -30.135052 -0.657392 0.000000
vt -46.802672 -0.700324 0.000000
vt -45.135910 -0.723131 0.000000
vt -43.469148 -0.723131 0.000000
vt -41.802386 -0.723131 0.000000
vt -40.135624 -0.723131 0.000000
vt -38.468862 -0.723131 0.000000
vt -36.802100 -0.723131 0.000000
vt -35.135338 -0.723131 0.000000
vt -33.468576 -0.723131 0.000000
vt -31.801814 -0.723131 0.000000
vt -30.135052 -0.723131 0.000000
vt -46.802672 -0.778137 0.000000
vt -45.135910 -0.788870 0.000000
vt -43.469148 -0.788870 0.000000
vt -41.802386 -0.788870 0.000000
vt -40.135624 -0.788870 0.000000
vt -38.468862 -0.788870 0.000000
vt -36.802100 -0.788870 0.000000
vt -35.135338 -0.788870 0.000000
vt -33.468576 -0.788870 0.000000
vt -31.801814 -0.788870 0.000000
vt -30.135052 -0.788870 0.000000
vt -46.802672 -0.855951 0.000000
vt -45.135910 -0.854609 0.000000
vt -43.469148 -0.854609 0.000000
vt -41.802386 -0.854609 0.000000
vt -40.135624 -0.854610 0.000000
vt -38.468862 -0.854610 0.000000
vt -36.802100 -0.854610 0.000000
vt -35.135338 -0.854610 0.000000
vt -33.468576 -0.854610 0.000000
vt -31.801814 -0.854610 0.000000
vt -45.135910 -0.920349 0.000000
vt -46.802672 -0.933765 0.000000
vt -45.135910 -0.986088 0.000000
vt -46.802672 -1.011579 0.000000
vt -45.135910 -1.051827 0.000000
vt -46.802672 -1.089392 0.000000
vt -45.135910 -1.117566 0.000000
vt -46.802672 -1.167206 0.000000
vt -45.135910 -1.183305 0.000000
vt -46.802672 -1.245020 0.000000
vt -45.135910 -1.249045 0.000000
vt -45.135910 -1.314784 0.000000
vt -43.469148 -1.249045 0.000000
vt -43.469148 -1.314784 0.000000
vt -41.802386 -1.249045 0.000000
vt -46.802671 -1.322834 0.000000
vt -45.135910 -1.380523 0.000000
vt -46.802671 -1.400647 0.000000
vt -45.135910 -1.577741 0.000000
vt -46.802671 -1.634089 0.000000
vt -45.135910 -1.643480 0.000000
vt -46.802671 -1.711902 0.000000
vt -45.135910 -1.709219 0.000000
vt -45.135910 -1.774958 0.000000
vt -43.469148 -1.709219 0.000000
vt -43.469148 -1.774958 0.000000
vt -41.802386 -1.709219 0.000000
vt -41.802386 -1.774958 0.000000
vt -40.135624 -1.709219 0.000000
vt -40.135624 -1.774958 0.000000
vt -38.468862 -1.709219 0.000000
vt -38.468862 -1.774958 0.000000
vt -36.802100 -1.709219 0.000000
vt -36.802100 -1.774958 0.000000
vt -35.135338 -1.709219 0.000000
vt -35.135338 -1.774958 0.000000
vt -33.468576 -1.709219 0.000000
vt -33.468576 -1.774958 0.000000
vt -31.801814 -1.709219 0.000000
vt -31.801814 -1.774958 0.000000
vt -30.135052 -1.709219 0.000000
vt -30.135052 -1.774958 0.000000
vt -46.802671 -1.789716 0.000000
vt -45.135910 -1.840697 0.000000
vt -43.469148 -1.840697 0.000000
vt -41.802386 -1.840697 0.000000
vt -40.135624 -1.840697 0.000000
vt -38.468862 -1.840697 0.000000
vt -36.802100 -1.840697 0.000000
vt -35.135338 -1.840697 0.000000
vt -33.468576 -1.840697 0.000000
vt -31.801814 -1.840697 0.000000
vt -30.135052 -1.840697 0.000000
vt -46.802671 -1.867530 0.000000
vt -45.135910 -1.906437 0.000000
vt -43.469148 -1.906437 0.000000
vt -41.802386 -1.906437 0.000000
vt -40.135624 -1.906437 0.000000
vt -38.468862 -1.906437 0.000000
vt -36.802100 -1.906437 0.000000
vt -35.135338 -1.906437 0.000000
vt -33.468576 -1.906437 0.000000
vt -31.801814 -1.906437 0.000000
vt -30.135052 -1.906437 0.000000
vt -46.802671 1.945343 0.000000
vt -46.802671 1.867530 0.000000
vt -45.135910 1.906437 0.000000
vt -45.135910 1.840697 0.000000
vt -43.469148 1.906437 0.000000
vt -43.469148 1.840697 0.000000
vt -41.802386 1.906437 0.000000
vt -41.802386 1.840697 0.000000
vt -40.135624 1.906437 0.000000
vt -40.135624 1.840697 0.000000
vt -38.468862 1.906437 0.000000
vt -38.468862 1.840697 0.000000
vt -36.802100 1.906437 0.000000
vt -36.802100 1.840697 0.000000
vt -35.135338 1.906437 0.000000
vt -35.135338 1.840697 0.000000
vt -33.468576 1.906437 0.000000
vt -33.468576 1.840697 0.000000
vt -31.801814 1.906437 0.000000
vt -31.801814 1.840697 0.000000
vt -30.135052 1.906437 0.000000
vt -30.135052 1.840697 0.000000
vt -46.802671 1.789716 0.000000
vt -45.135910 1.774958 0.000000
vt -43.469148 1.774958 0.000000
vt -41.802386 1.774958 0.000000
vt -40.135624 1.774958 0.000000
vt -38.468862 1.774958 0.000000
vt -36.802100 1.774958 0.000000
vt -35.135338 1.774958 0.000000
vt -33.468576 1.774958 0.000000
vt -31.801814 1.774958 0.000000
vt -30.135052 1.774958 0.000000
vt -46.802671 1.711902 0.000000
vt -45.135910 1.709219 0.000000
vt -43.469148 1.709219 0.000000
vt -41.802386 1.709219 0.000000
vt -40.135624 1.709219 0.000000
vt -38.468862 1.709219 0.000000
vt -36.802100 1.709219 0.000000
vt -35.135338 1.709219 0.000000
vt -33.468576 1.709219 0.000000
vt -31.801814 1.709219 0.000000
vt -30.135052 1.709219 0.000000
vt -45.135910 1.643480 0.000000
vt -46.802671 1.634088 0.000000
vt -45.135910 1.577741 0.000000
vt -46.802670 1.556275 0.000000
vt -45.135910 1.512001 0.000000
vt -46.802670 1.478461 0.000000
vt -45.135910 1.446262 0.000000
vt -46.802670 1.400647 0.000000
vt -45.135910 1.380523 0.000000
vt -46.802670 1.322834 0.000000
vt -45.135910 1.314784 0.000000
vt -46.802670 1.245020 0.000000
vt -45.135910 1.249045 0.000000
vt -45.135910 1.183305 0.000000
vt -43.469148 1.249045 0.000000
vt -43.469148 1.183305 0.000000
vt -41.802386 1.249045 0.000000
vt -41.802386 1.183305 0.000000
vt -40.135624 1.249045 0.000000
vt -40.135624 1.183305 0.000000
vt -38.468862 1.249045 0.000000
vt -38.468862 1.183305 0.000000
vt -36.802100 1.249045 0.000000
vt -36.802100 1.183305 0.000000
vt -35.135338 1.249045 0.000000
vt -35.135338 1.183305 0.000000
vt -33.468576 1.249045 0.000000
vt -33.468576 1.183305 0.000000
vt -31.801814 1.249045 0.000000
vt -31.801814 1.183305 0.000000
vt -30.135052 1.249045 0.000000
vt -30.135052 1.183305 0.000000
vt -46.802670 1.167206 0.000000
vt -45.135910 1.117566 0.000000
vt -43.469148 1.117566 0.000000
vt -41.802386 1.117566 0.000000
vt -40.135624 1.117566 0.000000
vt -38.468862 1.117566 0.000000
vt -36.802100 1.117566 0.000000
vt -35.135338 1.117566 0.000000
vt -33.468576 1.117566 0.000000
vt -31.801814 1.117566 0.000000
vt -30.135052 1.117566 0.000000
vt -46.802670 1.089392 0.000000
vt -45.135910 1.051827 0.000000
vt -43.469148 1.051827 0.000000
vt -41.802386 1.051827 0.000000
vt -40.135624 1.051827 0.000000
vt -38.468862 1.051827 0.000000
vt -36.802100 1.051827 0.000000
vt -35.135338 1.051827 0.000000
vt -33.468576 1.051827 0.000000
vt -31.801814 1.051827 0.000000
vt -30.135052 1.051827 0.000000
vt -46.802670 1.011579 0.000000
vt -45.135910 0.986088 0.000000
vt -43.469148 0.986088 0.000000
vt -41.802386 0.986088 0.000000
vt -40.135624 0.986088 0.000000
vt -38.468862 0.986088 0.000000
vt -36.802100 0.986088 0.000000
vt -35.135338 0.986088 0.000000
vt -33.468576 0.986088 0.000000
vt -31.801814 0.986088 0.000000
vt -30.135052 0.986088 0.000000
vt -46.802670 0.933765 0.000000
vt -45.135910 0.920349 0.000000
vt -43.469148 0.920349 0.000000
vt -41.802386 0.920349 0.000000
vt -40.135624 0.920349 0.000000
vt -38.468862 0.920349 0.000000
vt -36.802100 0.920349 0.000000
vt -35.135338 0.920349 0.000000
vt -33.468576 0.920349 0.000000
vt -31.801814 0.920349 0.000000
vt -30.135052 0.920349 0.000000
vt -46.802670 0.855951 0.000000
vt -45.135910 0.854609 0.000000
vt -43.469148 0.854609 0.000000
vt -41.802386 0.854609 0.000000
vt -40.135624 0.854609 0.000000
vt -38.468862 0.854609 0.000000
vt -36.802100 0.854609 0.000000
vt -35.135338 0.854609 0.000000
vt -33.468576 0.854609 0.000000
vt -31.801814 0.854609 0.000000
vt -30.135052 0.854609 0.000000
vt -45.135910 0.788870 0.000000
vt -46.802670 0.778137 0.000000
vt -45.135910 0.723131 0.000000
vt -46.802670 0.700324 0.000000
vt -45.135910 0.657392 0.000000
vt -46.802670 0.622510 0.000000
vt -45.135910 0.591653 0.000000
vt -46.802670 0.544696 0.000000
vt -45.135910 0.525914 0.000000
vt -46.802670 0.466882 0.000000
vt -45.135910 0.460174 0.000000
vt -46.802670 0.389069 0.000000
vt -45.135910 0.394435 0.000000
vt -45.135910 0.328696 0.000000
vt -43.469148 0.394435 0.000000
vt -43.469148 0.328696 0.000000
vt -41.802386 0.394435 0.000000
vt -41.802386 0.328696 0.000000
vt -40.135624 0.394435 0.000000
vt -40.135624 0.328696 0.000000
vt -38.468862 0.394435 0.000000
vt -38.468862 0.328696 0.000000
vt -36.802100 0.394435 0.000000
vt -36.802100 0.328696 0.000000
vt -35.135338 0.394435 0.000000
vt -35.135338 0.328696 0.000000
vt -33.468576 0.394435 0.000000
vt -33.468576 0.328696 0.000000
vt -31.801814 0.394435 0.000000
vt -31.801814 0.328696 0.000000
vt -30.135052 0.394435 0.000000
vt -30.135052 0.328696 0.000000
vt -46.802670 0.311255 0.000000
vt -45.135910 0.262957 0.000000
vt -43.469148 0.262957 0.000000
vt -41.802386 0.262957 0.000000
vt -40.135624 0.262957 0.000000
vt -38.468862 0.262957 0.000000
vt -36.802100 0.262957 0.000000
vt -35.135338 0.262957 0.000000
vt -33.468576 0.262957 0.000000
vt -31.801814 0.262957 0.000000
vt -30.135052 0.262957 0.000000
vt -46.802671 0.233441 0.000000
vt -45.135910 0.197218 0.000000
vt -43.469148 0.197218 0.000000
vt -41.802386 0.197218 0.000000
vt -40.135624 0.197218 0.000000
vt -38.468862 0.197218 0.000000
vt -36.802100 0.197218 0.000000
vt -35.135338 0.197218 0.000000
vt -33.468576 0.197218 0.000000
vt -31.801814 0.197218 0.000000
vt -30.135052 0.197218 0.000000
vt -46.802671 0.155627 0.000000
vt -45.135910 0.131478 0.000000
vt -43.469148 0.131478 0.000000
vt -41.802386 0.131478 0.000000
vt -40.135624 0.131478 0.000000
vt -38.468862 0.131478 0.000000
vt -36.802100 0.131478 0.000000
vt -35.135338 0.131478 0.000000
vt -33.468576 0.131478 0.000000
vt -31.801814 0.131478 0.000000
vt -30.135052 0.131478 0.000000
vt -46.802671 0.077814 0.000000
vt -30.135052 -1.643480 0.000000
vt -31.801814 -1.643480 0.000000
vt -30.135052 -1.577741 0.000000
vt -33.468576 -1.643480 0.000000
vt -31.801814 -1.577741 0.000000
vt -30.135052 -1.512001 0.000000
vt -35.135338 -1.643480 0.000000
vt -33.468576 -1.577741 0.000000
vt -31.801814 -1.512001 0.000000
vt -30.135052 -1.446262 0.000000
vt -36.802100 -1.643480 0.000000
vt -35.135338 -1.577741 0.000000
vt -33.468576 -1.512001 0.000000
vt -31.801814 -1.446262 0.000000
vt -30.135052 -1.380523 0.000000
vt -38.468862 -1.643480 0.000000
vt -36.802100 -1.577741 0.000000
vt -35.135338 -1.512001 0.000000
vt -33.468576 -1.446262 0.000000
vt -31.801814 -1.380523 0.000000
vt -30.135052 -1.314784 0.000000
vt -40.135624 -1.643480 0.000000
vt -38.468862 -1.577741 0.000000
vt -36.802100 -1.512001 0.000000
vt -35.135338 -1.446262 0.000000
vt -33.468576 -1.380523 0.000000
vt -31.801814 -1.314784 0.000000
vt -30.135052 -1.249045 0.000000
vt -41.802386 -1.643480 0.000000
vt -40.135624 -1.577741 0.000000
vt -38.468862 -1.512001 0.000000
vt -36.802100 -1.446262 0.000000
vt -35.135338 -1.380523 0.000000
vt -33.468576 -1.314784 0.000000
vt -31.801814 -1.249045 0.000000
vt -30.135052 -1.183305 0.000000
vt -43.469148 -1.643480 0.000000
vt -41.802386 -1.577741 0.000000
vt -40.135624 -1.512001 0.000000
vt -38.468862 -1.446262 0.000000
vt -36.802100 -1.380523 0.000000
vt -35.135338 -1.314784 0.000000
vt -33.468576 -1.249045 0.000000
vt -31.801814 -1.183305 0.000000
vt -30.135052 -1.117566 0.000000
vt -43.469148 -1.577741 0.000000
vt -43.469148 -1.512001 0.000000
vt -41.802386 -1.512001 0.000000
vt -40.135624 -1.446262 0.000000
vt -38.468862 -1.380523 0.000000
vt -36.802100 -1.314784 0.000000
vt -35.135338 -1.249045 0.000000
vt -33.468576 -1.183305 0.000000
vt -31.801814 -1.117566 0.000000
vt -30.135052 -1.051827 0.000000
vt -41.802386 -1.446262 0.000000
vt -40.135624 -1.380523 0.000000
vt -38.468862 -1.314784 0.000000
vt -36.802100 -1.249045 0.000000
vt -35.135338 -1.183305 0.000000
vt -33.468576 -1.117566 0.000000
vt -31.801814 -1.051827 0.000000
vt -30.135052 -0.986088 0.000000
vt -40.135624 -1.183305 0.000000
vt -38.468862 -1.117566 0.000000
vt -36.802100 -1.051827 0.000000
vt -35.135338 -0.986088 0.000000
vt -33.468576 -0.920349 0.000000
vt -41.802386 -1.183305 0.000000
vt -40.135624 -1.117566 0.000000
vt -38.468862 -1.051827 0.000000
vt -36.802100 -0.986088 0.000000
vt -35.135338 -0.920349 0.000000
vt -43.469148 -1.183305 0.000000
vt -41.802386 -1.117566 0.000000
vt -40.135624 -1.051827 0.000000
vt -38.468862 -0.986088 0.000000
vt -36.802100 -0.920349 0.000000
vt -43.469148 -1.117566 0.000000
vt -43.469148 -1.051827 0.000000
vt -43.469148 -0.986088 0.000000
vt -43.469148 -0.920349 0.000000
vt -41.802386 -1.051827 0.000000
vt -40.135624 -0.986088 0.000000
vt -38.468862 -0.920349 0.000000
vt -41.802386 -0.986088 0.000000
vt -41.802386 -0.920349 0.000000
vt -40.135624 -0.920349 0.000000
vt -30.135052 -0.328696 0.000000
vt -31.801814 -0.328696 0.000000
vt -30.135052 -0.262957 0.000000
vt -33.468576 -0.328696 0.000000
vt -31.801814 -0.262957 0.000000
vt -30.135052 -0.197218 0.000000
vt -35.135338 -0.328696 0.000000
vt -33.468576 -0.262957 0.000000
vt -31.801814 -0.197218 0.000000
vt -30.135052 -0.131478 0.000000
vt -36.802100 -0.328696 0.000000
vt -35.135338 -0.262957 0.000000
vt -33.468576 -0.197218 0.000000
vt -31.801814 -0.131478 0.000000
vt -30.135052 -0.065739 0.000000
vt -38.468862 -0.328696 0.000000
vt -36.802100 -0.262957 0.000000
vt -35.135338 -0.197218 0.000000
vt -33.468576 -0.131478 0.000000
vt -31.801814 -0.065739 0.000000
vt -40.135624 -0.328696 0.000000
vt -38.468862 -0.262957 0.000000
vt -36.802100 -0.197218 0.000000
vt -35.135338 -0.131478 0.000000
vt -33.468576 -0.065739 0.000000
vt -41.802386 -0.328696 0.000000
vt -40.135624 -0.262957 0.000000
vt -38.468862 -0.197218 0.000000
vt -36.802100 -0.131478 0.000000
vt -35.135338 -0.065739 0.000000
vt -43.469148 -0.328696 0.000000
vt -41.802386 -0.262957 0.000000
vt -40.135624 -0.197218 0.000000
vt -38.468862 -0.131478 0.000000
vt -36.802100 -0.065739 0.000000
vt -43.469148 -0.262957 0.000000
vt -43.469148 -0.197218 0.000000
vt -43.469148 -0.131478 0.000000
vt -43.469148 -0.065739 0.000000
vt -41.802386 -0.197218 0.000000
vt -40.135624 -0.131478 0.000000
vt -38.468862 -0.065739 0.000000
vt -41.802386 -0.131478 0.000000
vt -41.802386 -0.065739 0.000000
vt -40.135624 -0.065739 0.000000
vt -30.135052 0.460174 0.000000
vt -31.801814 0.460174 0.000000
vt -30.135052 0.525914 0.000000
vt -33.468576 0.460174 0.000000
vt -31.801814 0.525914 0.000000
vt -30.135052 0.591653 0.000000
vt -35.135338 0.460174 0.000000
vt -33.468576 0.525914 0.000000
vt -31.801814 0.591653 0.000000
vt -30.135052 0.657392 0.000000
vt -36.802100 0.460174 0.000000
vt -35.135338 0.525914 0.000000
vt -33.468576 0.591653 0.000000
vt -31.801814 0.657392 0.000000
vt -30.135052 0.723131 0.000000
vt -38.468862 0.460174 0.000000
vt -36.802100 0.525914 0.000000
vt -35.135338 0.591653 0.000000
vt -33.468576 0.657392 0.000000
vt -31.801814 0.723131 0.000000
vt -30.135052 0.788870 0.000000
vt -40.135624 0.460174 0.000000
vt -38.468862 0.525914 0.000000
vt -36.802100 0.591653 0.000000
vt -35.135338 0.657392 0.000000
vt -33.468576 0.723131 0.000000
vt -31.801814 0.788870 0.000000
vt -41.802386 0.460174 0.000000
vt -40.135624 0.525914 0.000000
vt -38.468862 0.591653 0.000000
vt -36.802100 0.657392 0.000000
vt -35.135338 0.723131 0.000000
vt -33.468576 0.788870 0.000000
vt -43.469148 0.460174 0.000000
vt -41.802386 0.525914 0.000000
vt -40.135624 0.591653 0.000000
vt -38.468862 0.657392 0.000000
vt -36.802100 0.723131 0.000000
vt -35.135338 0.788870 0.000000
vt -43.469148 0.525914 0.000000
vt -43.469148 0.591653 0.000000
vt -43.469148 0.657392 0.000000
vt -43.469148 0.723131 0.000000
vt -43.469148 0.788870 0.000000
vt -41.802386 0.591653 0.000000
vt -40.135624 0.657392 0.000000
vt -38.468862 0.723131 0.000000
vt -36.802100 0.788870 0.000000
vt -41.802386 0.657392 0.000000
vt -41.802386 0.723131 0.000000
vt -41.802386 0.788870 0.000000
vt -40.135624 0.723131 0.000000
vt -38.468862 0.788870 0.000000
vt -40.135624 0.788870 0.000000
vt -30.135052 1.314784 0.000000
vt -31.801814 1.314784 0.000000
vt -30.135052 1.380523 0.000000
vt -33.468576 1.314784 0.000000
vt -31.801814 1.380523 0.000000
vt -30.135052 1.446262 0.000000
vt -35.135338 1.314784 0.000000
vt -33.468576 1.380523 0.000000
vt -31.801814 1.446262 0.000000
vt -30.135052 1.512001 0.000000
vt -36.802100 1.314784 0.000000
vt -35.135338 1.380523 0.000000
vt -33.468576 1.446262 0.000000
vt -31.801814 1.512001 0.000000
vt -30.135052 1.577741 0.000000
vt -38.468862 1.314784 0.000000
vt -36.802100 1.380523 0.000000
vt -35.135338 1.446262 0.000000
vt -33.468576 1.512001 0.000000
vt -31.801814 1.577741 0.000000
vt -30.135052 1.643480 0.000000
vt -40.135624 1.314784 0.000000
vt -38.468862 1.380523 0.000000
vt -36.802100 1.446262 0.000000
vt -35.135338 1.512001 0.000000
vt -33.468576 1.577741 0.000000
vt -31.801814 1.643480 0.000000
vt -41.802386 1.314784 0.000000
vt -40.135624 1.380523 0.000000
vt -38.468862 1.446262 0.000000
vt -36.802100 1.512001 0.000000
vt -35.135338 1.577741 0.000000
vt -33.468576 1.643480 0.000000
vt -43.469148 1.314784 0.000000
vt -41.802386 1.380523 0.000000
vt -40.135624 1.446262 0.000000
vt -38.468862 1.512001 0.000000
vt -36.802100 1.577741 0.000000
vt -35.135338 1.643480 0.000000
vt -43.469148 1.380523 0.000000
vt -43.469148 1.446262 0.000000
vt -43.469148 1.512001 0.000000
vt -43.469148 1.577741 0.000000
vt -43.469148 1.643480 0.000000
vt -41.802386 1.446262 0.000000
vt -40.135624 1.512001 0.000000
vt -38.468862 1.577741 0.000000
vt -36.802100 1.643480 0.000000
vt -41.802386 1.512001 0.000000
vt -41.802386 1.577741 0.000000
vt -41.802386 1.643480 0.000000
vt -40.135624 1.577741 0.000000
vt -38.468862 1.643480 0.000000
vt -40.135624 1.643480 0.000000
vn -0.072942 -0.068407 0.000000
vn -0.072942 -0.068407 0.000000
vn -0.072942 -0.068407 0.000000
vn -0.072942 -0.068407 0.000000
vn -0.072942 -0.068407 0.000000
vn -0.072942 -0.068407 0.000000
vn -0.072942 -0.068407 0.000000
vn -0.072942 -0.068407 0.000000
vn -0.072942 -0.068407 0.000000
vn -0.072942 -0.068407 0.000000
vn -0.072942 -0.068407 0.000000
vn -0.072942 -0.068407 0.000000
vn -0.072942 -0.068407 0.000000
vn -0.072942 -0.068407 0.000000
vn -0.072942 -0.068407 0.000000
vn -0.072942 -0.068407 0.000000
vn -0.072942 -0.068407 0.000000
vn -0.072942 -0.068407 0.000000
vn -0.072942 -0.068407 0.000000
vn -0.072942 -0.068407 0.000000
vn -0.072942 -0.068407 0.000000
vn -0.072942 -0.068407 0.000000
vn -0.072942 -0.068407 0.000000
vn -0.072942 -0.068407 0.000000
vn -0.072942 -0.068407 0.000000
vn -0.072942 -0.068407 0.000000
vn -0.072942 -0.068407 0.000000
vn -0.072942 -0.068407 0.000000
vn -0.072942 -0.068407 0.000000
vn -0.072942 -0.068407 0.000000
vn -0.072942 -0.068407 0.000000
vn -0.072942 -0.068407 0.000000
vn -0.072942 -0.068407 0.000000
vn -0.072942 -0.068407 0.000000
vn -0.072942 -0.068407 0.000000
vn -0.072942 -0.068407 0.000000
vn -0.072942 -0.068407 0.000000
vn -0.072942 -0.068407 0.000000
vn -0.072942 -0.068407 0.000000
vn -0.072942 -0.068407 0.000000
vn -0.072942 -0.068407 0.000000
vn -0.072942 -0.068407 0.000000
vn -0.072942 -0.068407 0.000000
vn -0.072942 -0.068407 0.000000
vn -0.072942 -0.068407 0.000000
vn -0.072942 -0.068407 0.000000
vn -0.072942 -0.068407 0.000000
vn -0.072942 -0.068407 0.000000
vn -0.072942 -0.068407 0.000000
vn -0.072942 -0.068407 0.000000
vn -0.072942 -0.068407 0.000000
vn -0.072942 -0.068407 0.000000
vn -0.072942 -0.068407 0.000000
vn -0.072942 -0.068407 0.000000
vn -0.072942 -0.068407 0.000000
vn -0.072942 -0.068407 0.000000
vn -0.072942 -0.068407 0.000000
vn -0.072942 -0.068407 0.000000
vn 0.072942 0.068407 0.000000
vn 0.072942 0.068407 0.000000
vn 0.072942 0.068407 0.000000
vn 0.072942 0.068407 0.000000
vn 0.072942 0.068407 0.000000
vn 0.072942 0.068407 0.000000
vn 0.072942 0.068407 0.000000
vn 0.072942 0.068407 0.000000
vn 0.072942 0.068407 0.000000
vn 0.072942 0.068407 0.000000
vn 0.072942 0.068407 0.000000
vn 0.072942 0.068407 0.000000
vn 0.072942 0.068407 0.000000
vn 0.072942 0.068407 0.000000
vn 0.072942 0.068407 0.000000
vn 0.072942 0.068407 0.000000
vn 0.072942 0.068407 0.000000
vn 0.072942 0.068407 0.000000
vn 0.072942 0.068407 0.000000
vn 0.072942 0.068407 0.000000
vn 0.072942 0.068407 0.000000
vn 0.072942 0.068407 0.000000
vn 0.072942 0.068407 0.000000
vn 0.072942 0.068407 0.000000
vn 0.072942 0.068407 0.000000
vn 0.072942 0.068407 0.000000
vn 0.072942 0.068407 0.000000
vn 0.072942 0.068407 0.000000
vn 0.072942 0.068407 0.000000
vn 0.072942 0.068407 0.000000
vn 0.072942 0.068407 0.000000
vn 0.072942 0.068407 0.000000
vn 0.072942 0.068407 0.000000
vn 0.072942 0.068407 0.000000
vn 0.072942 0.068407 0.000000
vn 0.072942 0.068407 0.000000
vn 0.072942 0.068407 0.000000
vn 0.072942 0.068407 0.000000
vn 0.072942 0.068407 0.000000
vn 0.072942 0.068407 0.000000
vn 0.072942 0.068407 0.000000
vn 0.072942 0.068407 0.000000
vn 0.072942 0.068407 0.000000
vn 0.072942 0.068407 0.000000
vn 0.072942 0.068407 0.000000
vn 0.072942 0.068407 0.000000
vn 0.072942 0.068407 0.000000
vn 0.072942 0.068407 0.000000
vn 0.072942 0.068407 0.000000
vn -0.067223 0.073241 0.010811
vn -0.067624 0.073668 -0.000000
vn -0.067624 0.073668 -0.000000
vn -0.067223 0.073241 -0.010811
vn -0.067223 0.073241 -0.010811
vn -0.066025 0.071963 -0.021496
vn -0.066025 0.071963 -0.021496
vn -0.064043 0.069850 -0.031929
vn -0.064043 0.069850 -0.031929
vn -0.061302 0.066927 -0.041987
vn -0.061302 0.066927 -0.041987
vn -0.057832 0.063228 -0.051553
vn -0.057832 0.063228 -0.051553
vn -0.053676 0.058796 -0.060514
vn -0.053676 0.058796 -0.060514
vn -0.048881 0.053683 -0.068766
vn -0.048881 0.053683 -0.068766
vn -0.043504 0.047950 -0.076212
vn -0.043504 0.047950 -0.076212
vn -0.037607 0.041662 -0.082764
vn -0.037607 0.041662 -0.082764
vn -0.031261 0.034895 -0.088346
vn -0.031261 0.034895 -0.088346
vn -0.024539 0.027728 -0.092892
vn -0.024539 0.027728 -0.092892
vn -0.017520 0.020244 -0.096350
vn -0.017520 0.020244 -0.096350
vn -0.010287 0.012531 -0.098677
vn -0.010287 0.012531 -0.098677
vn -0.002924 0.004680 -0.099848
vn -0.002924 0.004680 -0.099848
vn 0.004483 -0.003218 -0.099848
vn 0.004483 -0.003218 -0.099848
vn 0.011846 -0.011069 -0.098677
vn 0.011846 -0.011069 -0.098677
vn 0.019079 -0.018782 -0.096349
vn 0.019079 -0.018782 -0.096349
vn 0.026098 -0.026266 -0.092892
vn 0.026098 -0.026266 -0.092892
vn 0.032820 -0.033434 -0.088346
vn 0.032820 -0.033434 -0.088346
vn 0.039166 -0.040201 -0.082764
vn 0.039166 -0.040201 -0.082764
vn 0.045063 -0.046488 -0.076212
vn 0.045063 -0.046488 -0.076212
vn 0.050440 -0.052222 -0.068766
vn 0.050440 -0.052222 -0.068766
vn 0.055235 -0.057334 -0.060514
vn 0.055235 -0.057334 -0.060514
vn 0.059391 -0.061766 -0.051552
vn 0.059391 -0.061766 -0.051552
vn 0.062860 -0.065466 -0.041986
vn 0.062860 -0.065466 -0.041986
vn 0.065602 -0.068389 -0.031928
vn 0.065602 -0.068389 -0.031928
vn 0.067583 -0.070501 -0.021496
vn 0.067583 -0.070501 -0.021496
vn 0.068781 -0.071779 -0.010811
vn 0.068781 -0.071779 -0.010811
vn 0.069182 -0.072207 0.000000
vn 0.069182 -0.072207 0.000000
vn 0.068781 -0.071779 0.010811
vn 0.068781 -0.071779 0.010811
vn 0.067583 -0.070501 0.021496
vn 0.067583 -0.070501 0.021496
vn 0.065602 -0.068389 0.031929
vn 0.065602 -0.068389 0.031929
vn 0.062860 -0.065465 0.041987
vn 0.062860 -0.065465 0.041987
vn 0.059391 -0.061766 0.051553
vn 0.059391 -0.061766 0.051553
vn 0.055234 -0.057334 0.060514
vn 0.055234 -0.057334 0.060514
vn 0.050439 -0.052221 0.068766
vn 0.050439 -0.052221 0.068766
vn 0.045062 -0.046488 0.076212
vn 0.045062 -0.046488 0.076212
vn 0.039166 -0.040201 0.082764
vn 0.039166 -0.040201 0.082764
vn 0.032820 -0.033434 0.088346
vn 0.032820 -0.033434 0.088346
vn 0.026098 -0.026266 0.092892
vn 0.026098 -0.026266 0.092892
vn 0.019079 -0.018782 0.096350
vn 0.019079 -0.018782 0.096350
vn 0.011845 -0.011069 0.098677
vn 0.011845 -0.011069 0.098677
vn 0.004482 -0.003218 0.099848
vn 0.004482 -0.003218 0.099848
vn -0.002924 0.004680 0.099848
vn -0.002924 0.004680 0.099848
vn -0.010287 0.012531 0.098677
vn -0.010287 0.012531 0.098677
vn -0.017521 0.020244 0.096349
vn -0.017521 0.020244 0.096349
vn -0.024540 0.027728 0.092892
vn -0.024540 0.027728 0.092892
vn -0.031262 0.034895 0.088346
vn -0.031262 0.034895 0.088346
vn -0.037608 0.041662 0.082764
vn -0.037608 0.041662 0.082764
vn -0.043504 0.047950 0.076212
vn -0.043504 0.047950 0.076212
vn -0.048881 0.053683 0.068766
vn -0.048881 0.053683 0.068766
vn -0.053676 0.058796 0.060514
vn -0.051306 0.056269 0.064819
vn -0.056549 0.061859 0.054550
vn -0.067223 0.073241 0.010811
vn -0.066025 0.071963 0.021496
vn -0.066025 0.071963 0.021496
vn -0.064043 0.069850 0.031928
vn -0.064043 0.069850 0.031928
vn -0.061302 0.066927 0.041986
vn -0.061302 0.066927 0.041986
vn -0.057833 0.063228 0.051552
vn -0.057833 0.063228 0.051552
vn -0.053676 0.058796 0.060514
vn -0.053676 0.058796 0.060514
vn -0.048881 0.053683 0.068766
vn -0.048881 0.053683 0.068766
vn -0.043504 0.047950 0.076212
vn -0.043504 0.047950 0.076212
vn -0.037608 0.041662 0.082764
vn -0.037608 0.041662 0.082764
vn -0.031262 0.034895 0.088346
vn -0.031262 0.034895 0.088346
vn -0.024540 0.027728 0.092892
vn -0.024540 0.027728 0.092892
vn -0.017521 0.020244 0.096349
vn -0.017521 0.020244 0.096349
vn -0.010287 0.012531 0.098677
vn -0.010287 0.012531 0.098677
vn -0.002924 0.004680 0.099848
vn -0.002924 0.004680 0.099848
vn 0.004482 -0.003218 0.099848
vn 0.004482 -0.003218 0.099848
vn 0.011845 -0.011069 0.098677
vn 0.068621 -0.071608 0.012787
vn 0.068781 -0.071779 0.010811
vn 0.069182 -0.072207 0.000000
vn 0.069182 -0.072207 0.000000
vn 0.068781 -0.071779 -0.010811
vn 0.069182 -0.072207 0.000000
vn 0.068781 -0.071779 -0.010811
vn 0.069182 -0.072207 0.000000
vn 0.068781 -0.071779 -0.010811
vn 0.069182 -0.072207 0.000000
vn 0.068781 -0.071779 -0.010811
vn 0.069182 -0.072207 0.000000
vn 0.068781 -0.071779 -0.010811
vn 0.069182 -0.072207 0.000000
vn 0.068781 -0.071779 -0.010811
vn 0.069182 -0.072207 0.000000
vn 0.068781 -0.071779 -0.010811
vn 0.069182 -0.072207 0.000000
vn 0.068781 -0.071779 -0.010811
vn 0.069182 -0.072207 0.000000
vn 0.068781 -0.071779 -0.010811
vn 0.069182 -0.072207 0.000000
vn 0.068781 -0.071779 -0.010811
vn 0.067583 -0.070501 0.021496
vn 0.066945 -0.069821 0.025364
vn 0.065602 -0.068389 0.031929
vn 0.064183 -0.066876 0.037525
vn 0.062860 -0.065465 0.041987
vn 0.060380 -0.062821 0.049069
vn 0.059391 -0.061766 0.051553
vn 0.055598 -0.057722 0.059808
vn 0.055234 -0.057334 0.060514
vn 0.050439 -0.052221 0.068766
vn 0.055234 -0.057334 0.060514
vn 0.050439 -0.052221 0.068766
vn 0.055234 -0.057334 0.060514
vn 0.050439 -0.052221 0.068766
vn 0.055234 -0.057334 0.060514
vn 0.050439 -0.052221 0.068766
vn 0.055234 -0.057334 0.060514
vn 0.050439 -0.052221 0.068766
vn 0.055234 -0.057334 0.060514
vn 0.050439 -0.052221 0.068766
vn 0.055234 -0.057334 0.060514
vn 0.050439 -0.052221 0.068766
vn 0.055234 -0.057334 0.060514
vn 0.050439 -0.052221 0.068766
vn 0.055234 -0.057334 0.060514
vn 0.050439 -0.052221 0.068766
vn 0.055234 -0.057334 0.060514
vn 0.050439 -0.052221 0.068766
vn 0.049916 -0.051664 0.069564
vn 0.045062 -0.046488 0.076212
vn 0.045062 -0.046488 0.076212
vn 0.045062 -0.046488 0.076212
vn 0.045062 -0.046488 0.076212
vn 0.045062 -0.046488 0.076212
vn 0.045062 -0.046488 0.076212
vn 0.045062 -0.046488 0.076212
vn 0.045062 -0.046488 0.076212
vn 0.045062 -0.046488 0.076212
vn 0.045062 -0.046488 0.076212
vn 0.043428 -0.044745 0.078179
vn 0.039166 -0.040201 0.082764
vn 0.039166 -0.040201 0.082764
vn 0.039166 -0.040201 0.082764
vn 0.039166 -0.040201 0.082764
vn 0.039166 -0.040201 0.082764
vn 0.039166 -0.040201 0.082764
vn 0.039166 -0.040201 0.082764
vn 0.039166 -0.040201 0.082764
vn 0.039166 -0.040201 0.082764
vn 0.039166 -0.040201 0.082764
vn 0.036239 -0.037079 0.085509
vn 0.032820 -0.033434 0.088346
vn 0.032820 -0.033434 0.088346
vn 0.032820 -0.033434 0.088346
vn 0.032820 -0.033434 0.088346
vn 0.032820 -0.033434 0.088346
vn 0.032820 -0.033434 0.088346
vn 0.032820 -0.033434 0.088346
vn 0.032820 -0.033434 0.088346
vn 0.032820 -0.033434 0.088346
vn 0.032820 -0.033434 0.088346
vn 0.028467 -0.028793 0.091436
vn 0.026098 -0.026266 0.092892
vn 0.026098 -0.026266 0.092892
vn 0.026098 -0.026266 0.092892
vn 0.026098 -0.026266 0.092892
vn 0.026098 -0.026266 0.092892
vn 0.026098 -0.026266 0.092892
vn 0.026098 -0.026266 0.092892
vn 0.026098 -0.026266 0.092892
vn 0.026098 -0.026266 0.092892
vn 0.026098 -0.026266 0.092892
vn 0.020242 -0.020022 0.095861
vn 0.019079 -0.018782 0.096350
vn 0.019079 -0.018782 0.096350
vn 0.019079 -0.018782 0.096350
vn 0.019079 -0.018782 0.096350
vn 0.019079 -0.018782 0.096350
vn 0.019079 -0.018782 0.096350
vn 0.019079 -0.018782 0.096350
vn 0.019079 -0.018782 0.096350
vn 0.019079 -0.018782 0.096350
vn 0.019079 -0.018782 0.096350
vn 0.011696 -0.010910 0.098713
vn 0.011845 -0.011069 0.098677
vn 0.011845 -0.011069 0.098677
vn 0.011845 -0.011069 0.098677
vn 0.011845 -0.011069 0.098677
vn 0.011845 -0.011069 0.098677
vn 0.011845 -0.011069 0.098677
vn 0.011845 -0.011069 0.098677
vn 0.011845 -0.011069 0.098677
vn 0.011845 -0.011069 0.098677
vn 0.004482 -0.003218 0.099848
vn 0.002971 -0.001607 0.099943
vn -0.002924 0.004680 0.099848
vn -0.005789 0.007735 0.099532
vn -0.010287 0.012531 0.098677
vn -0.014442 0.016961 0.097487
vn -0.017521 0.020244 0.096349
vn -0.022845 0.025921 0.093841
vn -0.024540 0.027728 0.092892
vn -0.030860 0.034467 0.088655
vn -0.031262 0.034895 0.088346
vn -0.037608 0.041662 0.082764
vn -0.031262 0.034895 0.088346
vn -0.037608 0.041662 0.082764
vn -0.031262 0.034895 0.088346
vn -0.038355 0.042460 0.082012
vn -0.043504 0.047950 0.076212
vn -0.045208 0.049767 0.074023
vn -0.057833 0.063228 0.051552
vn -0.060850 0.066445 0.043386
vn -0.061302 0.066927 0.041986
vn -0.064139 0.069953 0.031509
vn -0.064043 0.069850 0.031928
vn -0.066025 0.071963 0.021496
vn -0.064043 0.069850 0.031928
vn -0.066025 0.071963 0.021496
vn -0.064043 0.069850 0.031928
vn -0.066025 0.071963 0.021496
vn -0.064043 0.069850 0.031928
vn -0.066025 0.071963 0.021496
vn -0.064043 0.069850 0.031928
vn -0.066025 0.071963 0.021496
vn -0.064043 0.069850 0.031928
vn -0.066025 0.071963 0.021496
vn -0.064043 0.069850 0.031928
vn -0.066025 0.071963 0.021496
vn -0.064043 0.069850 0.031928
vn -0.066025 0.071963 0.021496
vn -0.064043 0.069850 0.031928
vn -0.066025 0.071963 0.021496
vn -0.064043 0.069850 0.031928
vn -0.066025 0.071963 0.021496
vn -0.066362 0.072323 0.019115
vn -0.067223 0.073241 0.010811
vn -0.067223 0.073241 0.010811
vn -0.067223 0.073241 0.010811
vn -0.067223 0.073241 0.010811
vn -0.067223 0.073241 0.010811
vn -0.067223 0.073241 0.010811
vn -0.067223 0.073241 0.010811
vn -0.067223 0.073241 0.010811
vn -0.067223 0.073241 0.010811
vn -0.067223 0.073241 0.010811
vn -0.067483 0.073518 0.006406
vn -0.067624 0.073668 -0.000000
vn -0.067624 0.073668 -0.000000
vn -0.067624 0.073668 -0.000000
vn -0.067624 0.073668 -0.000000
vn -0.067624 0.073668 -0.000000
vn -0.067624 0.073668 -0.000000
vn -0.067624 0.073668 -0.000000
vn -0.067624 0.073668 -0.000000
vn -0.067624 0.073668 -0.000000
vn -0.067624 0.073668 -0.000000
vn -0.067483 0.073518 -0.006407
vn -0.067223 0.073241 -0.010811
vn -0.067223 0.073241 -0.010811
vn -0.067223 0.073241 -0.010811
vn -0.067223 0.073241 -0.010811
vn -0.067223 0.073241 -0.010811
vn -0.067223 0.073241 -0.010811
vn -0.067223 0.073241 -0.010811
vn -0.067223 0.073241 -0.010811
vn -0.067223 0.073241 -0.010811
vn -0.067223 0.073241 -0.010811
vn -0.066362 0.072323 -0.019115
vn -0.066025 0.071963 -0.021496
vn -0.066025 0.071963 -0.021496
vn -0.066025 0.071963 -0.021496
vn -0.066025 0.071963 -0.021496
vn -0.066025 0.071963 -0.021496
vn -0.066025 0.071963 -0.021496
vn -0.066025 0.071963 -0.021496
vn -0.066025 0.071963 -0.021496
vn -0.066025 0.071963 -0.021496
vn -0.066025 0.071963 -0.021496
vn -0.064139 0.069953 -0.031509
vn -0.064043 0.069850 -0.031928
vn -0.064043 0.069850 -0.031928
vn -0.064043 0.069850 -0.031928
vn -0.064043 0.069850 -0.031928
vn -0.064043 0.069850 -0.031928
vn -0.064043 0.069850 -0.031928
vn -0.064043 0.069850 -0.031928
vn -0.064043 0.069850 -0.031928
vn -0.064043 0.069850 -0.031929
vn -0.064043 0.069850 -0.031929
vn -0.061302 0.066927 -0.041987
vn -0.060850 0.066445 -0.043386
vn -0.057832 0.063228 -0.051553
vn -0.056548 0.061859 -0.054551
vn -0.053676 0.058796 -0.060514
vn -0.051306 0.056269 -0.064819
vn -0.048881 0.053683 -0.068766
vn -0.045208 0.049767 -0.074024
vn -0.043504 0.047950 -0.076212
vn -0.038355 0.042460 -0.082013
vn -0.037607 0.041662 -0.082764
vn -0.030860 0.034467 -0.088655
vn -0.031261 0.034895 -0.088346
vn -0.024539 0.027728 -0.092892
vn -0.031261 0.034895 -0.088346
vn -0.024539 0.027728 -0.092892
vn -0.031261 0.034895 -0.088346
vn -0.024539 0.027728 -0.092892
vn -0.031261 0.034895 -0.088346
vn -0.024539 0.027728 -0.092892
vn -0.031261 0.034895 -0.088346
vn -0.024539 0.027728 -0.092892
vn -0.031261 0.034895 -0.088346
vn -0.024539 0.027728 -0.092892
vn -0.031261 0.034895 -0.088346
vn -0.024539 0.027728 -0.092892
vn -0.031261 0.034895 -0.088346
vn -0.024539 0.027728 -0.092892
vn -0.031261 0.034895 -0.088346
vn -0.024539 0.027728 -0.092892
vn -0.031261 0.034895 -0.088346
vn -0.024539 0.027728 -0.092892
vn -0.022845 0.025921 -0.093842
vn -0.017520 0.020244 -0.096350
vn -0.017520 0.020244 -0.096350
vn -0.017520 0.020244 -0.096350
vn -0.017520 0.020244 -0.096350
vn -0.017520 0.020244 -0.096350
vn -0.017520 0.020244 -0.096350
vn -0.017520 0.020244 -0.096350
vn -0.017520 0.020244 -0.096350
vn -0.017520 0.020244 -0.096350
vn -0.017520 0.020244 -0.096350
vn -0.014442 0.016961 -0.097487
vn -0.010287 0.012531 -0.098677
vn -0.010287 0.012531 -0.098677
vn -0.010287 0.012531 -0.098677
vn -0.010287 0.012531 -0.098677
vn -0.010287 0.012531 -0.098677
vn -0.010287 0.012531 -0.098677
vn -0.010287 0.012531 -0.098677
vn -0.010287 0.012531 -0.098677
vn -0.010287 0.012531 -0.098677
vn -0.010287 0.012531 -0.098677
vn -0.005789 0.007734 -0.099532
vn -0.002924 0.004680 -0.099848
vn -0.002924 0.004680 -0.099848
vn -0.002924 0.004680 -0.099848
vn -0.002924 0.004680 -0.099848
vn -0.002924 0.004680 -0.099848
vn -0.002924 0.004680 -0.099848
vn -0.002924 0.004680 -0.099848
vn -0.002924 0.004680 -0.099848
vn -0.002924 0.004680 -0.099848
vn -0.002924 0.004680 -0.099848
vn 0.002972 -0.001607 -0.099943
vn 0.004483 -0.003218 -0.099848
vn 0.004483 -0.003218 -0.099848
vn 0.004483 -0.003218 -0.099848
vn 0.004483 -0.003218 -0.099848
vn 0.004483 -0.003218 -0.099848
vn 0.004483 -0.003218 -0.099848
vn 0.004483 -0.003218 -0.099848
vn 0.004483 -0.003218 -0.099848
vn 0.004483 -0.003218 -0.099848
vn 0.004483 -0.003218 -0.099848
vn 0.011697 -0.010910 -0.098713
vn 0.011846 -0.011069 -0.098677
vn 0.011846 -0.011069 -0.098677
vn 0.011846 -0.011069 -0.098677
vn 0.011846 -0.011069 -0.098677
vn 0.011846 -0.011069 -0.098677
vn 0.011846 -0.011069 -0.098677
vn 0.011846 -0.011069 -0.098677
vn 0.011846 -0.011069 -0.098677
vn 0.011846 -0.011069 -0.098677
vn 0.011846 -0.011069 -0.098677
vn 0.019079 -0.018782 -0.096349
vn 0.020242 -0.020022 -0.095861
vn 0.026098 -0.026266 -0.092892
vn 0.028468 -0.028793 -0.091436
vn 0.032820 -0.033434 -0.088346
vn 0.036239 -0.037079 -0.085509
vn 0.039166 -0.040201 -0.082764
vn 0.043428 -0.044745 -0.078179
vn 0.045063 -0.046488 -0.076212
vn 0.049917 -0.051664 -0.069564
vn 0.050440 -0.052222 -0.068766
vn 0.055599 -0.057722 -0.059807
vn 0.055235 -0.057334 -0.060514
vn 0.059391 -0.061766 -0.051552
vn 0.055235 -0.057334 -0.060514
vn 0.059391 -0.061766 -0.051552
vn 0.055235 -0.057334 -0.060514
vn 0.059391 -0.061766 -0.051552
vn 0.055235 -0.057334 -0.060514
vn 0.059391 -0.061766 -0.051552
vn 0.055235 -0.057334 -0.060514
vn 0.059391 -0.061766 -0.051552
vn 0.055235 -0.057334 -0.060514
vn 0.059391 -0.061766 -0.051552
vn 0.055235 -0.057334 -0.060514
vn 0.059391 -0.061766 -0.051552
vn 0.055235 -0.057334 -0.060514
vn 0.059391 -0.061766 -0.051552
vn 0.055235 -0.057334 -0.060514
vn 0.059391 -0.061766 -0.051552
vn 0.055235 -0.057334 -0.060514
vn 0.059391 -0.061766 -0.051552
vn 0.060380 -0.062821 -0.049069
vn 0.062860 -0.065466 -0.041986
vn 0.062860 -0.065466 -0.041986
vn 0.062860 -0.065466 -0.041986
vn 0.062860 -0.065466 -0.041986
vn 0.062860 -0.065466 -0.041986
vn 0.062860 -0.065466 -0.041986
vn 0.062860 -0.065466 -0.041986
vn 0.062860 -0.065466 -0.041986
vn 0.062860 -0.065466 -0.041986
vn 0.062860 -0.065466 -0.041986
vn 0.064183 -0.066876 -0.037524
vn 0.065602 -0.068389 -0.031928
vn 0.065602 -0.068389 -0.031928
vn 0.065602 -0.068389 -0.031928
vn 0.065602 -0.068389 -0.031928
vn 0.065602 -0.068389 -0.031928
vn 0.065602 -0.068389 -0.031928
vn 0.065602 -0.068389 -0.031928
vn 0.065602 -0.068389 -0.031928
vn 0.065602 -0.068389 -0.031928
vn 0.065602 -0.068389 -0.031928
vn 0.066945 -0.069821 -0.025364
vn 0.067583 -0.070501 -0.021496
vn 0.067583 -0.070501 -0.021496
vn 0.067583 -0.070501 -0.021496
vn 0.067583 -0.070501 -0.021496
vn 0.067583 -0.070501 -0.021496
vn 0.067583 -0.070501 -0.021496
vn 0.067583 -0.070501 -0.021496
vn 0.067583 -0.070501 -0.021496
vn 0.067583 -0.070501 -0.021496
vn 0.067583 -0.070501 -0.021496
vn 0.068621 -0.071608 -0.012787
vn -0.061302 0.066927 0.041986
vn -0.061302 0.066927 0.041986
vn -0.057833 0.063228 0.051552
vn -0.061302 0.066927 0.041986
vn -0.057833 0.063228 0.051552
vn -0.053676 0.058796 0.060514
vn -0.061302 0.066927 0.041986
vn -0.057833 0.063228 0.051552
vn -0.053676 0.058796 0.060514
vn -0.048881 0.053683 0.068766
vn -0.061302 0.066927 0.041986
vn -0.057833 0.063228 0.051552
vn -0.053676 0.058796 0.060514
vn -0.048881 0.053683 0.068766
vn -0.043504 0.047950 0.076212
vn -0.061302 0.066927 0.041986
vn -0.057833 0.063228 0.051552
vn -0.053676 0.058796 0.060514
vn -0.048881 0.053683 0.068766
vn -0.043504 0.047950 0.076212
vn -0.037608 0.041662 0.082764
vn -0.061302 0.066927 0.041986
vn -0.057833 0.063228 0.051552
vn -0.053676 0.058796 0.060514
vn -0.048881 0.053683 0.068766
vn -0.043504 0.047950 0.076212
vn -0.037608 0.041662 0.082764
vn -0.031262 0.034895 0.088346
vn -0.061302 0.066927 0.041986
vn -0.057833 0.063228 0.051552
vn -0.053676 0.058796 0.060514
vn -0.048881 0.053683 0.068766
vn -0.043504 0.047950 0.076212
vn -0.037608 0.041662 0.082764
vn -0.031262 0.034895 0.088346
vn -0.024540 0.027728 0.092892
vn -0.061302 0.066927 0.041986
vn -0.057833 0.063228 0.051552
vn -0.053676 0.058796 0.060514
vn -0.048881 0.053683 0.068766
vn -0.043504 0.047950 0.076212
vn -0.037608 0.041662 0.082764
vn -0.031262 0.034895 0.088346
vn -0.024540 0.027728 0.092892
vn -0.017521 0.020244 0.096349
vn -0.057833 0.063228 0.051552
vn -0.053676 0.058796 0.060514
vn -0.053676 0.058796 0.060514
vn -0.048881 0.053683 0.068766
vn -0.043504 0.047950 0.076212
vn -0.037608 0.041662 0.082764
vn -0.031262 0.034895 0.088346
vn -0.024540 0.027728 0.092892
vn -0.017521 0.020244 0.096349
vn -0.010287 0.012531 0.098677
vn -0.048881 0.053683 0.068766
vn -0.043504 0.047950 0.076212
vn -0.037608 0.041662 0.082764
vn -0.031262 0.034895 0.088346
vn -0.024540 0.027728 0.092892
vn -0.017521 0.020244 0.096349
vn -0.010287 0.012531 0.098677
vn -0.002924 0.004680 0.099848
vn -0.024540 0.027728 0.092892
vn -0.017521 0.020244 0.096349
vn -0.010287 0.012531 0.098677
vn -0.002924 0.004680 0.099848
vn 0.004482 -0.003218 0.099848
vn -0.024540 0.027728 0.092892
vn -0.017521 0.020244 0.096349
vn -0.010287 0.012531 0.098677
vn -0.002924 0.004680 0.099848
vn 0.004482 -0.003218 0.099848
vn -0.024540 0.027728 0.092892
vn -0.017521 0.020244 0.096349
vn -0.010287 0.012531 0.098677
vn -0.002924 0.004680 0.099848
vn 0.004482 -0.003218 0.099848
vn -0.017521 0.020244 0.096349
vn -0.010287 0.012531 0.098677
vn -0.002924 0.004680 0.099848
vn 0.004482 -0.003218 0.099848
vn -0.010287 0.012531 0.098677
vn -0.002924 0.004680 0.099848
vn 0.004482 -0.003218 0.099848
vn -0.002924 0.004680 0.099848
vn 0.004482 -0.003218 0.099848
vn 0.004482 -0.003218 0.099848
vn 0.059391 -0.061766 0.051553
vn 0.059391 -0.061766 0.051553
vn 0.062860 -0.065465 0.041987
vn 0.059391 -0.061766 0.051553
vn 0.062860 -0.065465 0.041987
vn 0.065602 -0.068389 0.031929
vn 0.059391 -0.061766 0.051553
vn 0.062860 -0.065465 0.041987
vn 0.065602 -0.068389 0.031929
vn 0.067583 -0.070501 0.021496
vn 0.059391 -0.061766 0.051553
vn 0.062860 -0.065465 0.041987
vn 0.065602 -0.068389 0.031929
vn 0.067583 -0.070501 0.021496
vn 0.068781 -0.071779 0.010811
vn 0.059391 -0.061766 0.051553
vn 0.062860 -0.065465 0.041987
vn 0.065602 -0.068389 0.031929
vn 0.067583 -0.070501 0.021496
vn 0.068781 -0.071779 0.010811
vn 0.059391 -0.061766 0.051553
vn 0.062860 -0.065465 0.041987
vn 0.065602 -0.068389 0.031929
vn 0.067583 -0.070501 0.021496
vn 0.068781 -0.071779 0.010811
vn 0.059391 -0.061766 0.051553
vn 0.062860 -0.065465 0.041987
vn 0.065602 -0.068389 0.031929
vn 0.067583 -0.070501 0.021496
vn 0.068781 -0.071779 0.010811
vn 0.059391 -0.061766 0.051553
vn 0.062860 -0.065465 0.041987
vn 0.065602 -0.068389 0.031929
vn 0.067583 -0.070501 0.021496
vn 0.068781 -0.071779 0.010811
vn 0.062860 -0.065465 0.041987
vn 0.065602 -0.068389 0.031929
vn 0.067583 -0.070501 0.021496
vn 0.068781 -0.071779 0.010811
vn 0.065602 -0.068389 0.031929
vn 0.067583 -0.070501 0.021496
vn 0.068781 -0.071779 0.010811
vn 0.067583 -0.070501 0.021496
vn 0.068781 -0.071779 0.010811
vn 0.068781 -0.071779 0.010811
vn 0.050440 -0.052222 -0.068766
vn 0.050440 -0.052222 -0.068766
vn 0.045063 -0.046488 -0.076212
vn 0.050440 -0.052222 -0.068766
vn 0.045063 -0.046488 -0.076212
vn 0.039166 -0.040201 -0.082764
vn 0.050440 -0.052222 -0.068766
vn 0.045063 -0.046488 -0.076212
vn 0.039166 -0.040201 -0.082764
vn 0.032820 -0.033434 -0.088346
vn 0.050440 -0.052222 -0.068766
vn 0.045063 -0.046488 -0.076212
vn 0.039166 -0.040201 -0.082764
vn 0.032820 -0.033434 -0.088346
vn 0.026098 -0.026266 -0.092892
vn 0.050440 -0.052222 -0.068766
vn 0.045063 -0.046488 -0.076212
vn 0.039166 -0.040201 -0.082764
vn 0.032820 -0.033434 -0.088346
vn 0.026098 -0.026266 -0.092892
vn 0.019079 -0.018782 -0.096349
vn 0.050440 -0.052222 -0.068766
vn 0.045063 -0.046488 -0.076212
vn 0.039166 -0.040201 -0.082764
vn 0.032820 -0.033434 -0.088346
vn 0.026098 -0.026266 -0.092892
vn 0.019079 -0.018782 -0.096349
vn 0.050440 -0.052222 -0.068766
vn 0.045063 -0.046488 -0.076212
vn 0.039166 -0.040201 -0.082764
vn 0.032820 -0.033434 -0.088346
vn 0.026098 -0.026266 -0.092892
vn 0.019079 -0.018782 -0.096349
vn 0.050440 -0.052222 -0.068766
vn 0.045063 -0.046488 -0.076212
vn 0.039166 -0.040201 -0.082764
vn 0.032820 -0.033434 -0.088346
vn 0.026098 -0.026266 -0.092892
vn 0.019079 -0.018782 -0.096349
vn 0.045063 -0.046488 -0.076212
vn 0.039166 -0.040201 -0.082764
vn 0.032820 -0.033434 -0.088346
vn 0.026098 -0.026266 -0.092892
vn 0.019079 -0.018782 -0.096349
vn 0.039166 -0.040201 -0.082764
vn 0.032820 -0.033434 -0.088346
vn 0.026098 -0.026266 -0.092892
vn 0.019079 -0.018782 -0.096349
vn 0.032820 -0.033434 -0.088346
vn 0.026098 -0.026266 -0.092892
vn 0.019079 -0.018782 -0.096349
vn 0.026098 -0.026266 -0.092892
vn 0.019079 -0.018782 -0.096349
vn 0.019079 -0.018782 -0.096349
vn -0.037607 0.041662 -0.082764
vn -0.037607 0.041662 -0.082764
vn -0.043504 0.047950 -0.076212
vn -0.037607 0.041662 -0.082764
vn -0.043504 0.047950 -0.076212
vn -0.048881 0.053683 -0.068766
vn -0.037607 0.041662 -0.082764
vn -0.043504 0.047950 -0.076212
vn -0.048881 0.053683 -0.068766
vn -0.053676 0.058796 -0.060514
vn -0.037607 0.041662 -0.082764
vn -0.043504 0.047950 -0.076212
vn -0.048881 0.053683 -0.068766
vn -0.053676 0.058796 -0.060514
vn -0.057832 0.063228 -0.051553
vn -0.037607 0.041662 -0.082764
vn -0.043504 0.047950 -0.076212
vn -0.048881 0.053683 -0.068766
vn -0.053676 0.058796 -0.060514
vn -0.057832 0.063228 -0.051553
vn -0.061302 0.066927 -0.041987
vn -0.037607 0.041662 -0.082764
vn -0.043504 0.047950 -0.076212
vn -0.048881 0.053683 -0.068766
vn -0.053676 0.058796 -0.060514
vn -0.057832 0.063228 -0.051553
vn -0.061302 0.066927 -0.041987
vn -0.037607 0.041662 -0.082764
vn -0.043504 0.047950 -0.076212
vn -0.048881 0.053683 -0.068766
vn -0.053676 0.058796 -0.060514
vn -0.057832 0.063228 -0.051553
vn -0.061302 0.066927 -0.041987
vn -0.037607 0.041662 -0.082764
vn -0.043504 0.047950 -0.076212
vn -0.048881 0.053683 -0.068766
vn -0.053676 0.058796 -0.060514
vn -0.057832 0.063228 -0.051553
vn -0.061302 0.066927 -0.041987
vn -0.043504 0.047950 -0.076212
vn -0.048881 0.053683 -0.068766
vn -0.053676 0.058796 -0.060514
vn -0.057832 0.063228 -0.051553
vn -0.061302 0.066927 -0.041987
vn -0.048881 0.053683 -0.068766
vn -0.053676 0.058796 -0.060514
vn -0.057832 0.063228 -0.051553
vn -0.061302 0.066927 -0.041987
vn -0.053676 0.058796 -0.060514
vn -0.057832 0.063228 -0.051553
vn -0.061302 0.066927 -0.041987
vn -0.057832 0.063228 -0.051553
vn -0.061302 0.066927 -0.041987
vn -0.061302 0.066927 -0.041987
usemtl Acciaio_-_Satinato
f 58/1/1 1/2/2 43/3/3
f 43/3/3 1/2/2 2/4/4
f 43/3/3 2/4/4 3/5/5
f 3/5/5 4/6/6 43/3/3
f 43/3/3 4/6/6 5/7/7
f 43/3/3 5/7/7 6/8/8
f 6/8/8 7/9/9 43/3/3
f 43/3/3 7/9/9 8/10/10
f 43/3/3 8/10/10 9/11/11
f 9/11/11 10/12/12 43/3/3
f 43/3/3 10/12/12 11/13/13
f 43/3/3 11/13/13 12/14/14
f 12/14/14 13/15/15 43/3/3
f 43/3/3 13/15/15 14/16/16
f 43/3/3 14/16/16 15/17/17
f 15/17/17 16/18/18 43/3/3
f 43/3/3 16/18/18 17/19/19
f 43/3/3 17/19/19 42/20/20
f 42/20/20 17/19/19 18/21/21
f 42/20/20 18/21/21 41/22/22
f 41/22/22 18/21/21 19/23/23
f 41/22/22 19/23/23 40/24/24
f 40/24/24 19/23/23 20/25/25
f 40/24/24 20/25/25 39/26/26
f 39/26/26 20/25/25 21/27/27
f 39/26/26 21/27/27 38/28/28
f 38/28/28 21/27/27 22/29/29
f 38/28/28 22/29/29 37/30/30
f 37/30/30 22/29/29 23/31/31
f 37/30/30 23/31/31 36/32/32
f 36/32/32 23/31/31 24/33/33
f 36/32/32 24/33/33 35/34/34
f 35/34/34 24/33/33 25/35/35
f 35/34/34 25/35/35 34/36/36
f 34/36/36 25/35/35 26/37/37
f 34/36/36 26/37/37 33/38/38
f 33/38/38 26/37/37 27/39/39
f 33/38/38 27/39/39 32/40/40
f 32/40/40 27/39/39 28/41/41
f 32/40/40 28/41/41 31/42/42
f 31/42/42 28/41/41 29/43/43
f 31/42/42 29/43/43 30/44/44
f 44/45/45 46/46/46 43/3/3
f 43/3/3 46/46/46 47/47/47
f 43/3/3 47/47/47 48/48/48
f 44/45/45 45/49/49 46/46/46
f 48/48/48 49/50/50 43/3/3
f 43/3/3 49/50/50 50/51/51
f 43/3/3 50/51/51 51/52/52
f 51/52/52 52/53/53 43/3/3
f 43/3/3 52/53/53 53/54/54
f 43/3/3 53/54/54 54/55/55
f 54/55/55 55/56/56 43/3/3
f 43/3/3 55/56/56 56/57/57
f 43/3/3 56/57/57 57/58/58
f 57/58/58 58/1/1 43/3/3
f 59/59/59 60/60/60 107/61/61
f 107/61/61 60/60/60 61/62/62
f 107/61/61 61/62/62 106/63/63
f 106/63/63 61/62/62 62/64/64
f 106/63/63 62/64/64 105/65/65
f 105/65/65 62/64/64 63/66/66
f 105/65/65 63/66/66 104/67/67
f 104/67/67 63/66/66 64/68/68
f 104/67/67 64/68/68 103/69/69
f 103/69/69 64/68/68 65/70/70
f 103/69/69 65/70/70 102/71/71
f 102/71/71 65/70/70 66/72/72
f 102/71/71 66/72/72 101/73/73
f 101/73/73 66/72/72 67/74/74
f 101/73/73 67/74/74 100/75/75
f 100/75/75 67/74/74 68/76/76
f 100/75/75 68/76/76 99/77/77
f 99/77/77 68/76/76 69/78/78
f 99/77/77 69/78/78 98/79/79
f 98/79/79 69/78/78 70/80/80
f 98/79/79 70/80/80 97/81/81
f 97/81/81 70/80/80 71/82/82
f 97/81/81 71/82/82 96/83/83
f 96/83/83 71/82/82 72/84/84
f 96/83/83 72/84/84 95/85/85
f 95/85/85 72/84/84 73/86/86
f 95/85/85 73/86/86 94/87/87
f 94/87/87 73/86/86 74/88/88
f 94/87/87 74/88/88 93/89/89
f 93/89/89 74/88/88 75/90/90
f 93/89/89 75/90/90 92/91/91
f 92/91/91 75/90/90 76/92/92
f 92/91/91 76/92/92 91/93/93
f 91/93/93 76/92/92 77/94/94
f 91/93/93 77/94/94 90/95/95
f 90/95/95 77/94/94 78/96/96
f 90/95/95 78/96/96 89/97/97
f 89/97/97 78/96/96 79/98/98
f 89/97/97 79/98/98 88/99/99
f 88/99/99 79/98/98 80/100/100
f 88/99/99 80/100/100 87/101/101
f 87/101/101 80/100/100 81/102/102
f 87/101/101 81/102/102 86/103/103
f 86/103/103 81/102/102 82/104/104
f 86/103/103 82/104/104 85/105/105
f 85/105/105 82/104/104 83/106/106
f 85/105/105 83/106/106 84/107/107
f 58/108/108 108/109/109 1/110/110
f 1/111/110 108/112/109 735/113/111
f 1/111/110 735/113/111 2/114/112
f 2/114/112 735/113/111 724/115/113
f 2/114/112 724/115/113 3/116/114
f 3/116/114 724/115/113 713/117/115
f 3/116/114 713/117/115 4/118/116
f 4/118/116 713/117/115 703/119/117
f 4/118/116 703/119/117 5/120/118
f 5/120/118 703/119/117 692/121/119
f 5/120/118 692/121/119 6/122/120
f 6/122/120 692/121/119 681/123/121
f 6/122/120 681/123/121 7/124/122
f 7/124/122 681/123/121 670/125/123
f 7/124/122 670/125/123 8/126/124
f 8/126/124 670/125/123 659/127/125
f 8/126/124 659/127/125 9/128/126
f 9/128/126 659/127/125 649/129/127
f 9/128/126 649/129/127 10/130/128
f 10/130/128 649/129/127 638/131/129
f 10/130/128 638/131/129 11/132/130
f 11/132/130 638/131/129 627/133/131
f 11/132/130 627/133/131 12/134/132
f 12/134/132 627/133/131 616/135/133
f 12/134/132 616/135/133 13/136/134
f 13/136/134 616/135/133 605/137/135
f 13/136/134 605/137/135 14/138/136
f 14/138/136 605/137/135 594/139/137
f 14/138/136 594/139/137 15/140/138
f 15/140/138 594/139/137 583/141/139
f 15/140/138 583/141/139 16/142/140
f 16/142/140 583/141/139 572/143/141
f 16/142/140 572/143/141 17/144/142
f 17/144/142 572/143/141 562/145/143
f 17/144/142 562/145/143 18/146/144
f 18/146/144 562/145/143 19/147/145
f 19/147/145 562/145/143 551/148/146
f 19/147/145 551/148/146 20/149/147
f 20/149/147 551/148/146 540/150/148
f 20/149/147 540/150/148 21/151/149
f 21/151/149 540/150/148 529/152/150
f 21/151/149 529/152/150 22/153/151
f 22/153/151 529/152/150 518/154/152
f 22/153/151 518/154/152 23/155/153
f 23/155/153 518/154/152 508/156/154
f 23/155/153 508/156/154 24/157/155
f 24/157/155 508/156/154 497/158/156
f 24/157/155 497/158/156 25/159/157
f 25/159/157 497/158/156 486/160/158
f 25/159/157 486/160/158 26/161/159
f 26/161/159 486/160/158 475/162/160
f 26/161/159 475/162/160 27/163/161
f 27/163/161 475/162/160 464/164/162
f 27/163/161 464/164/162 28/165/163
f 28/165/163 464/164/162 453/166/164
f 28/165/163 453/166/164 29/167/165
f 29/167/165 453/166/164 442/168/166
f 29/167/165 442/168/166 30/169/167
f 30/169/167 442/168/166 431/170/168
f 30/169/167 431/170/168 31/171/169
f 31/171/169 431/170/168 420/172/170
f 31/171/169 420/172/170 32/173/171
f 32/173/171 420/172/170 409/174/172
f 32/173/171 409/174/172 33/175/173
f 33/175/173 409/174/172 398/176/174
f 33/175/173 398/176/174 34/177/175
f 34/177/175 398/176/174 387/178/176
f 34/177/175 387/178/176 35/179/177
f 35/179/177 387/178/176 376/180/178
f 35/179/177 376/180/178 36/181/179
f 36/181/179 376/180/178 365/182/180
f 36/181/179 365/182/180 37/183/181
f 37/183/181 365/182/180 355/184/182
f 37/183/181 355/184/182 38/185/183
f 38/185/183 355/184/182 344/186/184
f 38/185/183 344/186/184 39/187/185
f 39/187/185 344/186/184 333/188/186
f 39/187/185 333/188/186 40/189/187
f 40/189/187 333/188/186 322/190/188
f 40/189/187 322/190/188 41/191/189
f 41/191/189 322/190/188 311/192/190
f 41/191/189 311/192/190 42/193/191
f 42/193/191 311/192/190 301/194/192
f 42/193/191 301/194/192 290/195/193
f 290/195/193 301/194/192 291/196/194
f 290/195/193 291/196/194 280/197/195
f 280/197/195 291/196/194 281/198/196
f 280/197/195 281/198/196 270/199/197
f 270/199/197 281/198/196 271/200/198
f 270/199/197 271/200/198 260/201/199
f 260/201/199 271/200/198 261/202/200
f 260/201/199 261/202/200 250/203/201
f 250/203/201 261/202/200 251/204/202
f 250/203/201 251/204/202 240/205/203
f 240/205/203 251/204/202 241/206/204
f 240/205/203 241/206/204 230/207/205
f 230/207/205 241/206/204 231/208/206
f 230/207/205 231/208/206 221/209/207
f 221/209/207 231/208/206 222/210/208
f 221/209/207 222/210/208 211/211/209
f 211/211/209 222/210/208 212/212/210
f 211/211/209 212/212/210 201/213/211
f 201/213/211 212/212/210 202/214/212
f 201/213/211 202/214/212 191/215/213
f 191/215/213 202/214/212 89/216/214
f 191/215/213 89/216/214 88/217/215
f 108/109/109 58/108/108 127/218/216
f 127/218/216 58/108/108 57/219/217
f 127/218/216 57/219/217 138/220/218
f 138/220/218 57/219/217 56/221/219
f 138/220/218 56/221/219 149/222/220
f 149/222/220 56/221/219 55/223/221
f 149/222/220 55/223/221 160/224/222
f 160/224/222 55/223/221 54/225/223
f 160/224/222 54/225/223 170/226/224
f 170/226/224 54/225/223 53/227/225
f 170/226/224 53/227/225 181/228/226
f 181/228/226 53/227/225 52/229/227
f 181/228/226 52/229/227 192/230/228
f 192/230/228 52/229/227 51/231/229
f 192/230/228 51/231/229 203/232/230
f 203/232/230 51/231/229 50/233/231
f 203/232/230 50/233/231 214/234/232
f 214/234/232 50/233/231 49/235/233
f 214/234/232 49/235/233 224/236/234
f 224/236/234 49/235/233 48/237/235
f 224/236/234 48/237/235 235/238/236
f 235/238/236 48/237/235 47/239/237
f 235/238/236 47/239/237 246/240/238
f 246/240/238 47/239/237 46/241/239
f 246/240/238 46/241/239 257/242/240
f 257/242/240 46/241/239 45/243/241
f 257/242/240 45/243/241 268/244/242
f 268/244/242 45/243/241 44/245/243
f 268/244/242 44/245/243 279/246/244
f 279/246/244 44/245/243 43/247/245
f 279/246/244 43/247/245 290/195/193
f 290/195/193 43/247/245 42/193/191
f 107/248/246 430/249/247 59/250/248
f 59/250/248 430/249/247 441/251/249
f 59/250/248 441/251/249 452/252/250
f 452/252/250 441/251/249 440/253/251
f 452/252/250 440/253/251 451/254/252
f 451/254/252 440/253/251 439/255/253
f 451/254/252 439/255/253 450/256/254
f 450/256/254 439/255/253 438/257/255
f 450/256/254 438/257/255 449/258/256
f 449/258/256 438/257/255 437/259/257
f 449/258/256 437/259/257 448/260/258
f 448/260/258 437/259/257 436/261/259
f 448/260/258 436/261/259 447/262/260
f 447/262/260 436/261/259 435/263/261
f 447/262/260 435/263/261 446/264/262
f 446/264/262 435/263/261 434/265/263
f 446/264/262 434/265/263 445/266/264
f 445/266/264 434/265/263 433/267/265
f 445/266/264 433/267/265 444/268/266
f 444/268/266 433/267/265 432/269/267
f 444/268/266 432/269/267 443/270/268
f 443/270/268 432/269/267 431/170/168
f 443/270/268 431/170/168 442/168/166
f 430/249/247 107/248/246 419/271/269
f 419/271/269 107/248/246 106/272/270
f 419/271/269 106/272/270 408/273/271
f 408/273/271 106/272/270 105/274/272
f 408/273/271 105/274/272 397/275/273
f 397/275/273 105/274/272 104/276/274
f 397/275/273 104/276/274 386/277/275
f 386/277/275 104/276/274 103/278/276
f 386/277/275 103/278/276 375/279/277
f 375/279/277 103/278/276 122/280/278
f 375/279/277 122/280/278 374/281/279
f 374/281/279 122/280/278 364/282/280
f 374/281/279 364/282/280 373/283/281
f 373/283/281 364/282/280 363/284/282
f 373/283/281 363/284/282 372/285/283
f 372/285/283 363/284/282 362/286/284
f 372/285/283 362/286/284 371/287/285
f 371/287/285 362/286/284 361/288/286
f 371/287/285 361/288/286 370/289/287
f 370/289/287 361/288/286 360/290/288
f 370/289/287 360/290/288 369/291/289
f 369/291/289 360/290/288 359/292/290
f 369/291/289 359/292/290 368/293/291
f 368/293/291 359/292/290 358/294/292
f 368/293/291 358/294/292 367/295/293
f 367/295/293 358/294/292 357/296/294
f 367/295/293 357/296/294 366/297/295
f 366/297/295 357/296/294 356/298/296
f 366/297/295 356/298/296 365/182/180
f 365/182/180 356/298/296 355/184/182
f 103/278/276 102/299/297 122/280/278
f 122/280/278 102/299/297 354/300/298
f 122/280/278 354/300/298 364/282/280
f 364/282/280 354/300/298 353/301/299
f 364/282/280 353/301/299 363/284/282
f 363/284/282 353/301/299 352/302/300
f 363/284/282 352/302/300 362/286/284
f 362/286/284 352/302/300 351/303/301
f 362/286/284 351/303/301 361/288/286
f 361/288/286 351/303/301 350/304/302
f 361/288/286 350/304/302 360/290/288
f 360/290/288 350/304/302 349/305/303
f 360/290/288 349/305/303 359/292/290
f 359/292/290 349/305/303 348/306/304
f 359/292/290 348/306/304 358/294/292
f 358/294/292 348/306/304 347/307/305
f 358/294/292 347/307/305 357/296/294
f 357/296/294 347/307/305 346/308/306
f 357/296/294 346/308/306 356/298/296
f 356/298/296 346/308/306 345/309/307
f 356/298/296 345/309/307 355/184/182
f 355/184/182 345/309/307 344/186/184
f 102/299/297 101/310/308 354/300/298
f 354/300/298 101/310/308 343/311/309
f 354/300/298 343/311/309 353/301/299
f 353/301/299 343/311/309 342/312/310
f 353/301/299 342/312/310 352/302/300
f 352/302/300 342/312/310 341/313/311
f 352/302/300 341/313/311 351/303/301
f 351/303/301 341/313/311 340/314/312
f 351/303/301 340/314/312 350/304/302
f 350/304/302 340/314/312 339/315/313
f 350/304/302 339/315/313 349/305/303
f 349/305/303 339/315/313 338/316/314
f 349/305/303 338/316/314 348/306/304
f 348/306/304 338/316/314 337/317/315
f 348/306/304 337/317/315 347/307/305
f 347/307/305 337/317/315 336/318/316
f 347/307/305 336/318/316 346/308/306
f 346/308/306 336/318/316 335/319/317
f 346/308/306 335/319/317 345/309/307
f 345/309/307 335/319/317 334/320/318
f 345/309/307 334/320/318 344/186/184
f 344/186/184 334/320/318 333/188/186
f 101/310/308 100/321/319 343/311/309
f 343/311/309 100/321/319 332/322/320
f 343/311/309 332/322/320 342/312/310
f 342/312/310 332/322/320 331/323/321
f 342/312/310 331/323/321 341/313/311
f 341/313/311 331/323/321 330/324/322
f 341/313/311 330/324/322 340/314/312
f 340/314/312 330/324/322 329/325/323
f 340/314/312 329/325/323 339/315/313
f 339/315/313 329/325/323 328/326/324
f 339/315/313 328/326/324 338/316/314
f 338/316/314 328/326/324 327/327/325
f 338/316/314 327/327/325 337/317/315
f 337/317/315 327/327/325 326/328/326
f 337/317/315 326/328/326 336/318/316
f 336/318/316 326/328/326 325/329/327
f 336/318/316 325/329/327 335/319/317
f 335/319/317 325/329/327 324/330/328
f 335/319/317 324/330/328 334/320/318
f 334/320/318 324/330/328 323/331/329
f 334/320/318 323/331/329 333/188/186
f 333/188/186 323/331/329 322/190/188
f 100/321/319 99/332/330 332/322/320
f 332/322/320 99/332/330 321/333/331
f 332/322/320 321/333/331 331/323/321
f 331/323/321 321/333/331 320/334/332
f 331/323/321 320/334/332 330/324/322
f 330/324/322 320/334/332 319/335/333
f 330/324/322 319/335/333 329/325/323
f 329/325/323 319/335/333 318/336/334
f 329/325/323 318/336/334 328/326/324
f 328/326/324 318/336/334 317/337/335
f 328/326/324 317/337/335 327/327/325
f 327/327/325 317/337/335 316/338/336
f 327/327/325 316/338/336 326/328/326
f 326/328/326 316/338/336 315/339/337
f 326/328/326 315/339/337 325/329/327
f 325/329/327 315/339/337 314/340/338
f 325/329/327 314/340/338 324/330/328
f 324/330/328 314/340/338 313/341/339
f 324/330/328 313/341/339 323/331/329
f 323/331/329 313/341/339 312/342/340
f 323/331/329 312/342/340 322/190/188
f 322/190/188 312/342/340 311/192/190
f 99/332/330 98/343/341 321/333/331
f 321/333/331 98/343/341 121/344/342
f 321/333/331 121/344/342 320/334/332
f 320/334/332 121/344/342 310/345/343
f 320/334/332 310/345/343 319/335/333
f 319/335/333 310/345/343 309/346/344
f 319/335/333 309/346/344 318/336/334
f 318/336/334 309/346/344 308/347/345
f 318/336/334 308/347/345 317/337/335
f 317/337/335 308/347/345 307/348/346
f 317/337/335 307/348/346 316/338/336
f 316/338/336 307/348/346 306/349/347
f 316/338/336 306/349/347 315/339/337
f 315/339/337 306/349/347 305/350/348
f 315/339/337 305/350/348 314/340/338
f 314/340/338 305/350/348 304/351/349
f 314/340/338 304/351/349 313/341/339
f 313/341/339 304/351/349 303/352/350
f 313/341/339 303/352/350 312/342/340
f 312/342/340 303/352/350 302/353/351
f 312/342/340 302/353/351 311/192/190
f 311/192/190 302/353/351 301/194/192
f 98/343/341 97/354/352 121/344/342
f 121/344/342 97/354/352 300/355/353
f 121/344/342 300/355/353 310/345/343
f 310/345/343 300/355/353 299/356/354
f 310/345/343 299/356/354 309/346/344
f 309/346/344 299/356/354 298/357/355
f 309/346/344 298/357/355 308/347/345
f 308/347/345 298/357/355 297/358/356
f 308/347/345 297/358/356 307/348/346
f 307/348/346 297/358/356 296/359/357
f 307/348/346 296/359/357 306/349/347
f 306/349/347 296/359/357 295/360/358
f 306/349/347 295/360/358 305/350/348
f 305/350/348 295/360/358 294/361/359
f 305/350/348 294/361/359 304/351/349
f 304/351/349 294/361/359 293/362/360
f 304/351/349 293/362/360 303/352/350
f 303/352/350 293/362/360 292/363/361
f 303/352/350 292/363/361 302/353/351
f 302/353/351 292/363/361 291/196/194
f 302/353/351 291/196/194 301/194/192
f 300/355/353 97/354/352 289/364/362
f 289/364/362 97/354/352 96/365/363
f 289/364/362 96/365/363 278/366/364
f 278/366/364 96/365/363 95/367/365
f 278/366/364 95/367/365 267/368/366
f 267/368/366 95/367/365 94/369/367
f 267/368/366 94/369/367 256/370/368
f 256/370/368 94/369/367 93/371/369
f 256/370/368 93/371/369 245/372/370
f 245/372/370 93/371/369 92/373/371
f 245/372/370 92/373/371 234/374/372
f 234/374/372 92/373/371 120/375/373
f 234/374/372 120/375/373 233/376/374
f 233/376/374 120/375/373 223/377/375
f 233/376/374 223/377/375 232/378/376
f 232/378/376 223/377/375 222/210/208
f 232/378/376 222/210/208 231/208/206
f 92/373/371 91/379/377 120/375/373
f 120/375/373 91/379/377 213/380/378
f 120/375/373 213/380/378 223/377/375
f 223/377/375 213/380/378 212/212/210
f 223/377/375 212/212/210 222/210/208
f 91/379/377 90/381/379 213/380/378
f 213/380/378 90/381/379 202/214/212
f 213/380/378 202/214/212 212/212/210
f 90/381/379 89/216/214 202/214/212
f 191/215/213 88/217/215 180/382/380
f 180/382/380 88/217/215 87/383/381
f 180/382/380 87/383/381 119/384/382
f 119/384/382 87/383/381 86/385/383
f 119/384/382 86/385/383 159/386/384
f 159/386/384 86/385/383 148/387/385
f 159/386/384 148/387/385 158/388/386
f 158/388/386 148/387/385 147/389/387
f 158/388/386 147/389/387 157/390/388
f 157/390/388 147/389/387 146/391/389
f 157/390/388 146/391/389 156/392/390
f 156/392/390 146/391/389 145/393/391
f 156/392/390 145/393/391 155/394/392
f 155/394/392 145/393/391 144/395/393
f 155/394/392 144/395/393 154/396/394
f 154/396/394 144/395/393 143/397/395
f 154/396/394 143/397/395 153/398/396
f 153/398/396 143/397/395 142/399/397
f 153/398/396 142/399/397 152/400/398
f 152/400/398 142/399/397 141/401/399
f 152/400/398 141/401/399 151/402/400
f 151/402/400 141/401/399 140/403/401
f 151/402/400 140/403/401 150/404/402
f 150/404/402 140/403/401 139/405/403
f 150/404/402 139/405/403 149/222/220
f 149/222/220 139/405/403 138/220/218
f 86/385/383 85/406/404 148/387/385
f 148/387/385 85/406/404 137/407/405
f 148/387/385 137/407/405 147/389/387
f 147/389/387 137/407/405 136/408/406
f 147/389/387 136/408/406 146/391/389
f 146/391/389 136/408/406 135/409/407
f 146/391/389 135/409/407 145/393/391
f 145/393/391 135/409/407 134/410/408
f 145/393/391 134/410/408 144/395/393
f 144/395/393 134/410/408 133/411/409
f 144/395/393 133/411/409 143/397/395
f 143/397/395 133/411/409 132/412/410
f 143/397/395 132/412/410 142/399/397
f 142/399/397 132/412/410 131/413/411
f 142/399/397 131/413/411 141/401/399
f 141/401/399 131/413/411 130/414/412
f 141/401/399 130/414/412 140/403/401
f 140/403/401 130/414/412 129/415/413
f 140/403/401 129/415/413 139/405/403
f 139/405/403 129/415/413 128/416/414
f 139/405/403 128/416/414 138/220/218
f 138/220/218 128/416/414 127/218/216
f 85/406/404 84/417/415 137/407/405
f 137/407/405 84/417/415 118/418/416
f 137/407/405 118/418/416 136/408/406
f 136/408/406 118/418/416 117/419/417
f 136/408/406 117/419/417 135/409/407
f 135/409/407 117/419/417 116/420/418
f 135/409/407 116/420/418 134/410/408
f 134/410/408 116/420/418 115/421/419
f 134/410/408 115/421/419 133/411/409
f 133/411/409 115/421/419 114/422/420
f 133/411/409 114/422/420 132/412/410
f 132/412/410 114/422/420 113/423/421
f 132/412/410 113/423/421 131/413/411
f 131/413/411 113/423/421 112/424/422
f 131/413/411 112/424/422 130/414/412
f 130/414/412 112/424/422 111/425/423
f 130/414/412 111/425/423 129/415/413
f 129/415/413 111/425/423 110/426/424
f 129/415/413 110/426/424 128/416/414
f 128/416/414 110/426/424 109/427/425
f 128/416/414 109/427/425 127/218/216
f 127/218/216 109/427/425 108/109/109
f 84/428/415 83/429/426 118/430/416
f 118/430/416 83/429/426 745/431/427
f 118/430/416 745/431/427 117/432/417
f 117/432/417 745/431/427 744/433/428
f 117/432/417 744/433/428 116/434/418
f 116/434/418 744/433/428 743/435/429
f 116/434/418 743/435/429 115/436/419
f 115/436/419 743/435/429 742/437/430
f 115/436/419 742/437/430 114/438/420
f 114/438/420 742/437/430 741/439/431
f 114/438/420 741/439/431 113/440/421
f 113/440/421 741/439/431 740/441/432
f 113/440/421 740/441/432 112/442/422
f 112/442/422 740/441/432 739/443/433
f 112/442/422 739/443/433 111/444/423
f 111/444/423 739/443/433 738/445/434
f 111/444/423 738/445/434 110/446/424
f 110/446/424 738/445/434 737/447/435
f 110/446/424 737/447/435 109/448/425
f 109/448/425 737/447/435 736/449/436
f 109/448/425 736/449/436 108/112/109
f 108/112/109 736/449/436 735/113/111
f 83/429/426 82/450/437 745/431/427
f 745/431/427 82/450/437 734/451/438
f 745/431/427 734/451/438 744/433/428
f 744/433/428 734/451/438 733/452/439
f 744/433/428 733/452/439 743/435/429
f 743/435/429 733/452/439 732/453/440
f 743/435/429 732/453/440 742/437/430
f 742/437/430 732/453/440 731/454/441
f 742/437/430 731/454/441 741/439/431
f 741/439/431 731/454/441 730/455/442
f 741/439/431 730/455/442 740/441/432
f 740/441/432 730/455/442 729/456/443
f 740/441/432 729/456/443 739/443/433
f 739/443/433 729/456/443 728/457/444
f 739/443/433 728/457/444 738/445/434
f 738/445/434 728/457/444 727/458/445
f 738/445/434 727/458/445 737/447/435
f 737/447/435 727/458/445 726/459/446
f 737/447/435 726/459/446 736/449/436
f 736/449/436 726/459/446 725/460/447
f 736/449/436 725/460/447 735/113/111
f 735/113/111 725/460/447 724/115/113
f 82/450/437 81/461/448 734/451/438
f 734/451/438 81/461/448 723/462/449
f 734/451/438 723/462/449 733/452/439
f 733/452/439 723/462/449 722/463/450
f 733/452/439 722/463/450 732/453/440
f 732/453/440 722/463/450 721/464/451
f 732/453/440 721/464/451 731/454/441
f 731/454/441 721/464/451 720/465/452
f 731/454/441 720/465/452 730/455/442
f 730/455/442 720/465/452 719/466/453
f 730/455/442 719/466/453 729/456/443
f 729/456/443 719/466/453 718/467/454
f 729/456/443 718/467/454 728/457/444
f 728/457/444 718/467/454 717/468/455
f 728/457/444 717/468/455 727/458/445
f 727/458/445 717/468/455 716/469/456
f 727/458/445 716/469/456 726/459/446
f 726/459/446 716/469/456 715/470/457
f 726/459/446 715/470/457 725/460/447
f 725/460/447 715/470/457 714/471/458
f 725/460/447 714/471/458 724/115/113
f 724/115/113 714/471/458 713/117/115
f 723/462/449 81/461/448 126/472/459
f 126/472/459 81/461/448 80/473/460
f 126/472/459 80/473/460 702/474/461
f 702/474/461 80/473/460 79/475/462
f 702/474/461 79/475/462 691/476/463
f 691/476/463 79/475/462 78/477/464
f 691/476/463 78/477/464 680/478/465
f 680/478/465 78/477/464 77/479/466
f 680/478/465 77/479/466 669/480/467
f 669/480/467 77/479/466 76/481/468
f 669/480/467 76/481/468 125/482/469
f 125/482/469 76/481/468 75/483/470
f 125/482/469 75/483/470 648/484/471
f 648/484/471 75/483/470 637/485/472
f 648/484/471 637/485/472 647/486/473
f 647/486/473 637/485/472 636/487/474
f 647/486/473 636/487/474 646/488/475
f 646/488/475 636/487/474 635/489/476
f 646/488/475 635/489/476 645/490/477
f 645/490/477 635/489/476 634/491/478
f 645/490/477 634/491/478 644/492/479
f 644/492/479 634/491/478 633/493/480
f 644/492/479 633/493/480 643/494/481
f 643/494/481 633/493/480 632/495/482
f 643/494/481 632/495/482 642/496/483
f 642/496/483 632/495/482 631/497/484
f 642/496/483 631/497/484 641/498/485
f 641/498/485 631/497/484 630/499/486
f 641/498/485 630/499/486 640/500/487
f 640/500/487 630/499/486 629/501/488
f 640/500/487 629/501/488 639/502/489
f 639/502/489 629/501/488 628/503/490
f 639/502/489 628/503/490 638/131/129
f 638/131/129 628/503/490 627/133/131
f 75/483/470 74/504/491 637/485/472
f 637/485/472 74/504/491 626/505/492
f 637/485/472 626/505/492 636/487/474
f 636/487/474 626/505/492 625/506/493
f 636/487/474 625/506/493 635/489/476
f 635/489/476 625/506/493 624/507/494
f 635/489/476 624/507/494 634/491/478
f 634/491/478 624/507/494 623/508/495
f 634/491/478 623/508/495 633/493/480
f 633/493/480 623/508/495 622/509/496
f 633/493/480 622/509/496 632/495/482
f 632/495/482 622/509/496 621/510/497
f 632/495/482 621/510/497 631/497/484
f 631/497/484 621/510/497 620/511/498
f 631/497/484 620/511/498 630/499/486
f 630/499/486 620/511/498 619/512/499
f 630/499/486 619/512/499 629/501/488
f 629/501/488 619/512/499 618/513/500
f 629/501/488 618/513/500 628/503/490
f 628/503/490 618/513/500 617/514/501
f 628/503/490 617/514/501 627/133/131
f 627/133/131 617/514/501 616/135/133
f 74/504/491 73/515/502 626/505/492
f 626/505/492 73/515/502 615/516/503
f 626/505/492 615/516/503 625/506/493
f 625/506/493 615/516/503 614/517/504
f 625/506/493 614/517/504 624/507/494
f 624/507/494 614/517/504 613/518/505
f 624/507/494 613/518/505 623/508/495
f 623/508/495 613/518/505 612/519/506
f 623/508/495 612/519/506 622/509/496
f 622/509/496 612/519/506 611/520/507
f 622/509/496 611/520/507 621/510/497
f 621/510/497 611/520/507 610/521/508
f 621/510/497 610/521/508 620/511/498
f 620/511/498 610/521/508 609/522/509
f 620/511/498 609/522/509 619/512/499
f 619/512/499 609/522/509 608/523/510
f 619/512/499 608/523/510 618/513/500
f 618/513/500 608/523/510 607/524/511
f 618/513/500 607/524/511 617/514/501
f 617/514/501 607/524/511 606/525/512
f 617/514/501 606/525/512 616/135/133
f 616/135/133 606/525/512 605/137/135
f 73/515/502 72/526/513 615/516/503
f 615/516/503 72/526/513 604/527/514
f 615/516/503 604/527/514 614/517/504
f 614/517/504 604/527/514 603/528/515
f 614/517/504 603/528/515 613/518/505
f 613/518/505 603/528/515 602/529/516
f 613/518/505 602/529/516 612/519/506
f 612/519/506 602/529/516 601/530/517
f 612/519/506 601/530/517 611/520/507
f 611/520/507 601/530/517 600/531/518
f 611/520/507 600/531/518 610/521/508
f 610/521/508 600/531/518 599/532/519
f 610/521/508 599/532/519 609/522/509
f 609/522/509 599/532/519 598/533/520
f 609/522/509 598/533/520 608/523/510
f 608/523/510 598/533/520 597/534/521
f 608/523/510 597/534/521 607/524/511
f 607/524/511 597/534/521 596/535/522
f 607/524/511 596/535/522 606/525/512
f 606/525/512 596/535/522 595/536/523
f 606/525/512 595/536/523 605/137/135
f 605/137/135 595/536/523 594/139/137
f 72/526/513 71/537/524 604/527/514
f 604/527/514 71/537/524 593/538/525
f 604/527/514 593/538/525 603/528/515
f 603/528/515 593/538/525 592/539/526
f 603/528/515 592/539/526 602/529/516
f 602/529/516 592/539/526 591/540/527
f 602/529/516 591/540/527 601/530/517
f 601/530/517 591/540/527 590/541/528
f 601/530/517 590/541/528 600/531/518
f 600/531/518 590/541/528 589/542/529
f 600/531/518 589/542/529 599/532/519
f 599/532/519 589/542/529 588/543/530
f 599/532/519 588/543/530 598/533/520
f 598/533/520 588/543/530 587/544/531
f 598/533/520 587/544/531 597/534/521
f 597/534/521 587/544/531 586/545/532
f 597/534/521 586/545/532 596/535/522
f 596/535/522 586/545/532 585/546/533
f 596/535/522 585/546/533 595/536/523
f 595/536/523 585/546/533 584/547/534
f 595/536/523 584/547/534 594/139/137
f 594/139/137 584/547/534 583/141/139
f 71/537/524 70/548/535 593/538/525
f 593/538/525 70/548/535 582/549/536
f 593/538/525 582/549/536 592/539/526
f 592/539/526 582/549/536 581/550/537
f 592/539/526 581/550/537 591/540/527
f 591/540/527 581/550/537 580/551/538
f 591/540/527 580/551/538 590/541/528
f 590/541/528 580/551/538 579/552/539
f 590/541/528 579/552/539 589/542/529
f 589/542/529 579/552/539 578/553/540
f 589/542/529 578/553/540 588/543/530
f 588/543/530 578/553/540 577/554/541
f 588/543/530 577/554/541 587/544/531
f 587/544/531 577/554/541 576/555/542
f 587/544/531 576/555/542 586/545/532
f 586/545/532 576/555/542 575/556/543
f 586/545/532 575/556/543 585/546/533
f 585/546/533 575/556/543 574/557/544
f 585/546/533 574/557/544 584/547/534
f 584/547/534 574/557/544 573/558/545
f 584/547/534 573/558/545 583/141/139
f 583/141/139 573/558/545 572/143/141
f 582/549/536 70/548/535 124/559/546
f 124/559/546 70/548/535 69/560/547
f 124/559/546 69/560/547 561/561/548
f 561/561/548 69/560/547 68/562/549
f 561/561/548 68/562/549 550/563/550
f 550/563/550 68/562/549 67/564/551
f 550/563/550 67/564/551 539/565/552
f 539/565/552 67/564/551 66/566/553
f 539/565/552 66/566/553 528/567/554
f 528/567/554 66/566/553 65/568/555
f 528/567/554 65/568/555 123/569/556
f 123/569/556 65/568/555 64/570/557
f 123/569/556 64/570/557 507/571/558
f 507/571/558 64/570/557 496/572/559
f 507/571/558 496/572/559 506/573/560
f 506/573/560 496/572/559 495/574/561
f 506/573/560 495/574/561 505/575/562
f 505/575/562 495/574/561 494/576/563
f 505/575/562 494/576/563 504/577/564
f 504/577/564 494/576/563 493/578/565
f 504/577/564 493/578/565 503/579/566
f 503/579/566 493/578/565 492/580/567
f 503/579/566 492/580/567 502/581/568
f 502/581/568 492/580/567 491/582/569
f 502/581/568 491/582/569 501/583/570
f 501/583/570 491/582/569 490/584/571
f 501/583/570 490/584/571 500/585/572
f 500/585/572 490/584/571 489/586/573
f 500/585/572 489/586/573 499/587/574
f 499/587/574 489/586/573 488/588/575
f 499/587/574 488/588/575 498/589/576
f 498/589/576 488/588/575 487/590/577
f 498/589/576 487/590/577 497/158/156
f 497/158/156 487/590/577 486/160/158
f 64/570/557 63/591/578 496/572/559
f 496/572/559 63/591/578 485/592/579
f 496/572/559 485/592/579 495/574/561
f 495/574/561 485/592/579 484/593/580
f 495/574/561 484/593/580 494/576/563
f 494/576/563 484/593/580 483/594/581
f 494/576/563 483/594/581 493/578/565
f 493/578/565 483/594/581 482/595/582
f 493/578/565 482/595/582 492/580/567
f 492/580/567 482/595/582 481/596/583
f 492/580/567 481/596/583 491/582/569
f 491/582/569 481/596/583 480/597/584
f 491/582/569 480/597/584 490/584/571
f 490/584/571 480/597/584 479/598/585
f 490/584/571 479/598/585 489/586/573
f 489/586/573 479/598/585 478/599/586
f 489/586/573 478/599/586 488/588/575
f 488/588/575 478/599/586 477/600/587
f 488/588/575 477/600/587 487/590/577
f 487/590/577 477/600/587 476/601/588
f 487/590/577 476/601/588 486/160/158
f 486/160/158 476/601/588 475/162/160
f 63/591/578 62/602/589 485/592/579
f 485/592/579 62/602/589 474/603/590
f 485/592/579 474/603/590 484/593/580
f 484/593/580 474/603/590 473/604/591
f 484/593/580 473/604/591 483/594/581
f 483/594/581 473/604/591 472/605/592
f 483/594/581 472/605/592 482/595/582
f 482/595/582 472/605/592 471/606/593
f 482/595/582 471/606/593 481/596/583
f 481/596/583 471/606/593 470/607/594
f 481/596/583 470/607/594 480/597/584
f 480/597/584 470/607/594 469/608/595
f 480/597/584 469/608/595 479/598/585
f 479/598/585 469/608/595 468/609/596
f 479/598/585 468/609/596 478/599/586
f 478/599/586 468/609/596 467/610/597
f 478/599/586 467/610/597 477/600/587
f 477/600/587 467/610/597 466/611/598
f 477/600/587 466/611/598 476/601/588
f 476/601/588 466/611/598 465/612/599
f 476/601/588 465/612/599 475/162/160
f 475/162/160 465/612/599 464/164/162
f 62/602/589 61/613/600 474/603/590
f 474/603/590 61/613/600 463/614/601
f 474/603/590 463/614/601 473/604/591
f 473/604/591 463/614/601 462/615/602
f 473/604/591 462/615/602 472/605/592
f 472/605/592 462/615/602 461/616/603
f 472/605/592 461/616/603 471/606/593
f 471/606/593 461/616/603 460/617/604
f 471/606/593 460/617/604 470/607/594
f 470/607/594 460/617/604 459/618/605
f 470/607/594 459/618/605 469/608/595
f 469/608/595 459/618/605 458/619/606
f 469/608/595 458/619/606 468/609/596
f 468/609/596 458/619/606 457/620/607
f 468/609/596 457/620/607 467/610/597
f 467/610/597 457/620/607 456/621/608
f 467/610/597 456/621/608 466/611/598
f 466/611/598 456/621/608 455/622/609
f 466/611/598 455/622/609 465/612/599
f 465/612/599 455/622/609 454/623/610
f 465/612/599 454/623/610 464/164/162
f 464/164/162 454/623/610 453/166/164
f 61/613/600 60/624/611 463/614/601
f 463/614/601 60/624/611 452/252/250
f 463/614/601 452/252/250 462/615/602
f 462/615/602 452/252/250 451/254/252
f 462/615/602 451/254/252 461/616/603
f 461/616/603 451/254/252 450/256/254
f 461/616/603 450/256/254 460/617/604
f 460/617/604 450/256/254 449/258/256
f 460/617/604 449/258/256 459/618/605
f 459/618/605 449/258/256 448/260/258
f 459/618/605 448/260/258 458/619/606
f 458/619/606 448/260/258 447/262/260
f 458/619/606 447/262/260 457/620/607
f 457/620/607 447/262/260 446/264/262
f 457/620/607 446/264/262 456/621/608
f 456/621/608 446/264/262 445/266/264
f 456/621/608 445/266/264 455/622/609
f 455/622/609 445/266/264 444/268/266
f 455/622/609 444/268/266 454/623/610
f 454/623/610 444/268/266 443/270/268
f 454/623/610 443/270/268 453/166/164
f 453/166/164 443/270/268 442/168/166
f 60/624/611 59/250/248 452/252/250
f 150/404/402 149/222/220 160/224/222
f 639/502/489 638/131/129 649/129/127
f 151/402/400 150/404/402 161/625/612
f 161/625/612 150/404/402 160/224/222
f 161/625/612 160/224/222 170/226/224
f 152/400/398 151/402/400 162/626/613
f 162/626/613 151/402/400 161/625/612
f 162/626/613 161/625/612 171/627/614
f 171/627/614 161/625/612 170/226/224
f 171/627/614 170/226/224 181/228/226
f 153/398/396 152/400/398 163/628/615
f 163/628/615 152/400/398 162/626/613
f 163/628/615 162/626/613 172/629/616
f 172/629/616 162/626/613 171/627/614
f 172/629/616 171/627/614 182/630/617
f 182/630/617 171/627/614 181/228/226
f 182/630/617 181/228/226 192/230/228
f 154/396/394 153/398/396 164/631/618
f 164/631/618 153/398/396 163/628/615
f 164/631/618 163/628/615 173/632/619
f 173/632/619 163/628/615 172/629/616
f 173/632/619 172/629/616 183/633/620
f 183/633/620 172/629/616 182/630/617
f 183/633/620 182/630/617 193/634/621
f 193/634/621 182/630/617 192/230/228
f 193/634/621 192/230/228 203/232/230
f 155/394/392 154/396/394 165/635/622
f 165/635/622 154/396/394 164/631/618
f 165/635/622 164/631/618 174/636/623
f 174/636/623 164/631/618 173/632/619
f 174/636/623 173/632/619 184/637/624
f 184/637/624 173/632/619 183/633/620
f 184/637/624 183/633/620 194/638/625
f 194/638/625 183/633/620 193/634/621
f 194/638/625 193/634/621 204/639/626
f 204/639/626 193/634/621 203/232/230
f 204/639/626 203/232/230 214/234/232
f 156/392/390 155/394/392 166/640/627
f 166/640/627 155/394/392 165/635/622
f 166/640/627 165/635/622 175/641/628
f 175/641/628 165/635/622 174/636/623
f 175/641/628 174/636/623 185/642/629
f 185/642/629 174/636/623 184/637/624
f 185/642/629 184/637/624 195/643/630
f 195/643/630 184/637/624 194/638/625
f 195/643/630 194/638/625 205/644/631
f 205/644/631 194/638/625 204/639/626
f 205/644/631 204/639/626 215/645/632
f 215/645/632 204/639/626 214/234/232
f 215/645/632 214/234/232 224/236/234
f 157/390/388 156/392/390 167/646/633
f 167/646/633 156/392/390 166/640/627
f 167/646/633 166/640/627 176/647/634
f 176/647/634 166/640/627 175/641/628
f 176/647/634 175/641/628 186/648/635
f 186/648/635 175/641/628 185/642/629
f 186/648/635 185/642/629 196/649/636
f 196/649/636 185/642/629 195/643/630
f 196/649/636 195/643/630 206/650/637
f 206/650/637 195/643/630 205/644/631
f 206/650/637 205/644/631 216/651/638
f 216/651/638 205/644/631 215/645/632
f 216/651/638 215/645/632 225/652/639
f 225/652/639 215/645/632 224/236/234
f 225/652/639 224/236/234 235/238/236
f 158/388/386 157/390/388 168/653/640
f 168/653/640 157/390/388 167/646/633
f 168/653/640 167/646/633 177/654/641
f 177/654/641 167/646/633 176/647/634
f 177/654/641 176/647/634 187/655/642
f 187/655/642 176/647/634 186/648/635
f 187/655/642 186/648/635 197/656/643
f 197/656/643 186/648/635 196/649/636
f 197/656/643 196/649/636 207/657/644
f 207/657/644 196/649/636 206/650/637
f 207/657/644 206/650/637 217/658/645
f 217/658/645 206/650/637 216/651/638
f 217/658/645 216/651/638 226/659/646
f 226/659/646 216/651/638 225/652/639
f 226/659/646 225/652/639 236/660/647
f 236/660/647 225/652/639 235/238/236
f 236/660/647 235/238/236 246/240/238
f 159/386/384 158/388/386 169/661/648
f 169/661/648 158/388/386 168/653/640
f 169/661/648 168/653/640 178/662/649
f 178/662/649 168/653/640 177/654/641
f 178/662/649 177/654/641 188/663/650
f 188/663/650 177/654/641 187/655/642
f 188/663/650 187/655/642 198/664/651
f 198/664/651 187/655/642 197/656/643
f 198/664/651 197/656/643 208/665/652
f 208/665/652 197/656/643 207/657/644
f 208/665/652 207/657/644 218/666/653
f 218/666/653 207/657/644 217/658/645
f 218/666/653 217/658/645 227/667/654
f 227/667/654 217/658/645 226/659/646
f 227/667/654 226/659/646 237/668/655
f 237/668/655 226/659/646 236/660/647
f 237/668/655 236/660/647 247/669/656
f 247/669/656 236/660/647 246/240/238
f 247/669/656 246/240/238 257/242/240
f 159/386/384 169/661/648 119/384/382
f 119/384/382 169/661/648 179/670/657
f 119/384/382 179/670/657 180/382/380
f 180/382/380 179/670/657 190/671/658
f 180/382/380 190/671/658 191/215/213
f 191/215/213 190/671/658 201/213/211
f 179/670/657 169/661/648 178/662/649
f 179/670/657 178/662/649 189/672/659
f 189/672/659 178/662/649 188/663/650
f 189/672/659 188/663/650 199/673/660
f 199/673/660 188/663/650 198/664/651
f 199/673/660 198/664/651 209/674/661
f 209/674/661 198/664/651 208/665/652
f 209/674/661 208/665/652 219/675/662
f 219/675/662 208/665/652 218/666/653
f 219/675/662 218/666/653 228/676/663
f 228/676/663 218/666/653 227/667/654
f 228/676/663 227/667/654 238/677/664
f 238/677/664 227/667/654 237/668/655
f 238/677/664 237/668/655 248/678/665
f 248/678/665 237/668/655 247/669/656
f 248/678/665 247/669/656 258/679/666
f 258/679/666 247/669/656 257/242/240
f 258/679/666 257/242/240 268/244/242
f 179/670/657 189/672/659 190/671/658
f 190/671/658 189/672/659 200/680/667
f 190/671/658 200/680/667 201/213/211
f 201/213/211 200/680/667 211/211/209
f 200/680/667 189/672/659 199/673/660
f 200/680/667 199/673/660 210/681/668
f 210/681/668 199/673/660 209/674/661
f 210/681/668 209/674/661 220/682/669
f 220/682/669 209/674/661 219/675/662
f 220/682/669 219/675/662 229/683/670
f 229/683/670 219/675/662 228/676/663
f 229/683/670 228/676/663 239/684/671
f 239/684/671 228/676/663 238/677/664
f 239/684/671 238/677/664 249/685/672
f 249/685/672 238/677/664 248/678/665
f 249/685/672 248/678/665 259/686/673
f 259/686/673 248/678/665 258/679/666
f 259/686/673 258/679/666 269/687/674
f 269/687/674 258/679/666 268/244/242
f 269/687/674 268/244/242 279/246/244
f 221/209/207 211/211/209 210/681/668
f 210/681/668 211/211/209 200/680/667
f 221/209/207 210/681/668 220/682/669
f 230/207/205 221/209/207 220/682/669
f 230/207/205 220/682/669 229/683/670
f 240/205/203 230/207/205 229/683/670
f 240/205/203 229/683/670 239/684/671
f 232/378/376 231/208/206 242/688/675
f 242/688/675 231/208/206 241/206/204
f 242/688/675 241/206/204 252/689/676
f 252/689/676 241/206/204 251/204/202
f 252/689/676 251/204/202 262/690/677
f 262/690/677 251/204/202 261/202/200
f 262/690/677 261/202/200 272/691/678
f 272/691/678 261/202/200 271/200/198
f 272/691/678 271/200/198 282/692/679
f 282/692/679 271/200/198 281/198/196
f 282/692/679 281/198/196 292/363/361
f 292/363/361 281/198/196 291/196/194
f 233/376/374 232/378/376 243/693/680
f 243/693/680 232/378/376 242/688/675
f 243/693/680 242/688/675 253/694/681
f 253/694/681 242/688/675 252/689/676
f 253/694/681 252/689/676 263/695/682
f 263/695/682 252/689/676 262/690/677
f 263/695/682 262/690/677 273/696/683
f 273/696/683 262/690/677 272/691/678
f 273/696/683 272/691/678 283/697/684
f 283/697/684 272/691/678 282/692/679
f 283/697/684 282/692/679 293/362/360
f 293/362/360 282/692/679 292/363/361
f 234/374/372 233/376/374 244/698/685
f 244/698/685 233/376/374 243/693/680
f 244/698/685 243/693/680 254/699/686
f 254/699/686 243/693/680 253/694/681
f 254/699/686 253/694/681 264/700/687
f 264/700/687 253/694/681 263/695/682
f 264/700/687 263/695/682 274/701/688
f 274/701/688 263/695/682 273/696/683
f 274/701/688 273/696/683 284/702/689
f 284/702/689 273/696/683 283/697/684
f 284/702/689 283/697/684 294/361/359
f 294/361/359 283/697/684 293/362/360
f 250/203/201 240/205/203 239/684/671
f 250/203/201 239/684/671 249/685/672
f 234/374/372 244/698/685 245/372/370
f 245/372/370 244/698/685 255/703/690
f 245/372/370 255/703/690 256/370/368
f 256/370/368 255/703/690 266/704/691
f 256/370/368 266/704/691 267/368/366
f 267/368/366 266/704/691 277/705/692
f 267/368/366 277/705/692 278/366/364
f 278/366/364 277/705/692 288/706/693
f 278/366/364 288/706/693 289/364/362
f 289/364/362 288/706/693 299/356/354
f 289/364/362 299/356/354 300/355/353
f 255/703/690 244/698/685 254/699/686
f 260/201/199 250/203/201 249/685/672
f 260/201/199 249/685/672 259/686/673
f 255/703/690 254/699/686 265/707/694
f 265/707/694 254/699/686 264/700/687
f 265/707/694 264/700/687 275/708/695
f 275/708/695 264/700/687 274/701/688
f 275/708/695 274/701/688 285/709/696
f 285/709/696 274/701/688 284/702/689
f 285/709/696 284/702/689 295/360/358
f 295/360/358 284/702/689 294/361/359
f 270/199/197 260/201/199 259/686/673
f 270/199/197 259/686/673 269/687/674
f 255/703/690 265/707/694 266/704/691
f 266/704/691 265/707/694 276/710/697
f 266/704/691 276/710/697 277/705/692
f 277/705/692 276/710/697 287/711/698
f 277/705/692 287/711/698 288/706/693
f 288/706/693 287/711/698 298/357/355
f 288/706/693 298/357/355 299/356/354
f 276/710/697 265/707/694 275/708/695
f 280/197/195 270/199/197 269/687/674
f 280/197/195 269/687/674 279/246/244
f 276/710/697 275/708/695 286/712/699
f 286/712/699 275/708/695 285/709/696
f 286/712/699 285/709/696 296/359/357
f 296/359/357 285/709/696 295/360/358
f 290/195/193 280/197/195 279/246/244
f 276/710/697 286/712/699 287/711/698
f 287/711/698 286/712/699 297/358/356
f 287/711/698 297/358/356 298/357/355
f 297/358/356 286/712/699 296/359/357
f 366/297/295 365/182/180 376/180/178
f 367/295/293 366/297/295 377/713/700
f 377/713/700 366/297/295 376/180/178
f 377/713/700 376/180/178 387/178/176
f 368/293/291 367/295/293 378/714/701
f 378/714/701 367/295/293 377/713/700
f 378/714/701 377/713/700 388/715/702
f 388/715/702 377/713/700 387/178/176
f 388/715/702 387/178/176 398/176/174
f 369/291/289 368/293/291 379/716/703
f 379/716/703 368/293/291 378/714/701
f 379/716/703 378/714/701 389/717/704
f 389/717/704 378/714/701 388/715/702
f 389/717/704 388/715/702 399/718/705
f 399/718/705 388/715/702 398/176/174
f 399/718/705 398/176/174 409/174/172
f 370/289/287 369/291/289 380/719/706
f 380/719/706 369/291/289 379/716/703
f 380/719/706 379/716/703 390/720/707
f 390/720/707 379/716/703 389/717/704
f 390/720/707 389/717/704 400/721/708
f 400/721/708 389/717/704 399/718/705
f 400/721/708 399/718/705 410/722/709
f 410/722/709 399/718/705 409/174/172
f 410/722/709 409/174/172 420/172/170
f 371/287/285 370/289/287 381/723/710
f 381/723/710 370/289/287 380/719/706
f 381/723/710 380/719/706 391/724/711
f 391/724/711 380/719/706 390/720/707
f 391/724/711 390/720/707 401/725/712
f 401/725/712 390/720/707 400/721/708
f 401/725/712 400/721/708 411/726/713
f 411/726/713 400/721/708 410/722/709
f 411/726/713 410/722/709 421/727/714
f 421/727/714 410/722/709 420/172/170
f 421/727/714 420/172/170 432/269/267
f 432/269/267 420/172/170 431/170/168
f 372/285/283 371/287/285 382/728/715
f 382/728/715 371/287/285 381/723/710
f 382/728/715 381/723/710 392/729/716
f 392/729/716 381/723/710 391/724/711
f 392/729/716 391/724/711 402/730/717
f 402/730/717 391/724/711 401/725/712
f 402/730/717 401/725/712 412/731/718
f 412/731/718 401/725/712 411/726/713
f 412/731/718 411/726/713 422/732/719
f 422/732/719 411/726/713 421/727/714
f 422/732/719 421/727/714 433/267/265
f 433/267/265 421/727/714 432/269/267
f 373/283/281 372/285/283 383/733/720
f 383/733/720 372/285/283 382/728/715
f 383/733/720 382/728/715 393/734/721
f 393/734/721 382/728/715 392/729/716
f 393/734/721 392/729/716 403/735/722
f 403/735/722 392/729/716 402/730/717
f 403/735/722 402/730/717 413/736/723
f 413/736/723 402/730/717 412/731/718
f 413/736/723 412/731/718 423/737/724
f 423/737/724 412/731/718 422/732/719
f 423/737/724 422/732/719 434/265/263
f 434/265/263 422/732/719 433/267/265
f 374/281/279 373/283/281 384/738/725
f 384/738/725 373/283/281 383/733/720
f 384/738/725 383/733/720 394/739/726
f 394/739/726 383/733/720 393/734/721
f 394/739/726 393/734/721 404/740/727
f 404/740/727 393/734/721 403/735/722
f 404/740/727 403/735/722 414/741/728
f 414/741/728 403/735/722 413/736/723
f 414/741/728 413/736/723 424/742/729
f 424/742/729 413/736/723 423/737/724
f 424/742/729 423/737/724 435/263/261
f 435/263/261 423/737/724 434/265/263
f 375/279/277 374/281/279 385/743/730
f 385/743/730 374/281/279 384/738/725
f 385/743/730 384/738/725 395/744/731
f 395/744/731 384/738/725 394/739/726
f 395/744/731 394/739/726 405/745/732
f 405/745/732 394/739/726 404/740/727
f 405/745/732 404/740/727 415/746/733
f 415/746/733 404/740/727 414/741/728
f 415/746/733 414/741/728 425/747/734
f 425/747/734 414/741/728 424/742/729
f 425/747/734 424/742/729 436/261/259
f 436/261/259 424/742/729 435/263/261
f 375/279/277 385/743/730 386/277/275
f 386/277/275 385/743/730 396/748/735
f 386/277/275 396/748/735 397/275/273
f 397/275/273 396/748/735 407/749/736
f 397/275/273 407/749/736 408/273/271
f 408/273/271 407/749/736 418/750/737
f 408/273/271 418/750/737 419/271/269
f 419/271/269 418/750/737 429/751/738
f 419/271/269 429/751/738 430/249/247
f 430/249/247 429/751/738 441/251/249
f 396/748/735 385/743/730 395/744/731
f 396/748/735 395/744/731 406/752/739
f 406/752/739 395/744/731 405/745/732
f 406/752/739 405/745/732 416/753/740
f 416/753/740 405/745/732 415/746/733
f 416/753/740 415/746/733 426/754/741
f 426/754/741 415/746/733 425/747/734
f 426/754/741 425/747/734 437/259/257
f 437/259/257 425/747/734 436/261/259
f 396/748/735 406/752/739 407/749/736
f 407/749/736 406/752/739 417/755/742
f 407/749/736 417/755/742 418/750/737
f 418/750/737 417/755/742 428/756/743
f 418/750/737 428/756/743 429/751/738
f 429/751/738 428/756/743 440/253/251
f 429/751/738 440/253/251 441/251/249
f 417/755/742 406/752/739 416/753/740
f 417/755/742 416/753/740 427/757/744
f 427/757/744 416/753/740 426/754/741
f 427/757/744 426/754/741 438/257/255
f 438/257/255 426/754/741 437/259/257
f 417/755/742 427/757/744 428/756/743
f 428/756/743 427/757/744 439/255/253
f 428/756/743 439/255/253 440/253/251
f 439/255/253 427/757/744 438/257/255
f 498/589/576 497/158/156 508/156/154
f 499/587/574 498/589/576 509/758/745
f 509/758/745 498/589/576 508/156/154
f 509/758/745 508/156/154 518/154/152
f 500/585/572 499/587/574 510/759/746
f 510/759/746 499/587/574 509/758/745
f 510/759/746 509/758/745 519/760/747
f 519/760/747 509/758/745 518/154/152
f 519/760/747 518/154/152 529/152/150
f 501/583/570 500/585/572 511/761/748
f 511/761/748 500/585/572 510/759/746
f 511/761/748 510/759/746 520/762/749
f 520/762/749 510/759/746 519/760/747
f 520/762/749 519/760/747 530/763/750
f 530/763/750 519/760/747 529/152/150
f 530/763/750 529/152/150 540/150/148
f 502/581/568 501/583/570 512/764/751
f 512/764/751 501/583/570 511/761/748
f 512/764/751 511/761/748 521/765/752
f 521/765/752 511/761/748 520/762/749
f 521/765/752 520/762/749 531/766/753
f 531/766/753 520/762/749 530/763/750
f 531/766/753 530/763/750 541/767/754
f 541/767/754 530/763/750 540/150/148
f 541/767/754 540/150/148 551/148/146
f 503/579/566 502/581/568 513/768/755
f 513/768/755 502/581/568 512/764/751
f 513/768/755 512/764/751 522/769/756
f 522/769/756 512/764/751 521/765/752
f 522/769/756 521/765/752 532/770/757
f 532/770/757 521/765/752 531/766/753
f 532/770/757 531/766/753 542/771/758
f 542/771/758 531/766/753 541/767/754
f 542/771/758 541/767/754 552/772/759
f 552/772/759 541/767/754 551/148/146
f 552/772/759 551/148/146 562/145/143
f 504/577/564 503/579/566 514/773/760
f 514/773/760 503/579/566 513/768/755
f 514/773/760 513/768/755 523/774/761
f 523/774/761 513/768/755 522/769/756
f 523/774/761 522/769/756 533/775/762
f 533/775/762 522/769/756 532/770/757
f 533/775/762 532/770/757 543/776/763
f 543/776/763 532/770/757 542/771/758
f 543/776/763 542/771/758 553/777/764
f 553/777/764 542/771/758 552/772/759
f 553/777/764 552/772/759 563/778/765
f 563/778/765 552/772/759 562/145/143
f 563/778/765 562/145/143 572/143/141
f 505/575/562 504/577/564 515/779/766
f 515/779/766 504/577/564 514/773/760
f 515/779/766 514/773/760 524/780/767
f 524/780/767 514/773/760 523/774/761
f 524/780/767 523/774/761 534/781/768
f 534/781/768 523/774/761 533/775/762
f 534/781/768 533/775/762 544/782/769
f 544/782/769 533/775/762 543/776/763
f 544/782/769 543/776/763 554/783/770
f 554/783/770 543/776/763 553/777/764
f 554/783/770 553/777/764 564/784/771
f 564/784/771 553/777/764 563/778/765
f 564/784/771 563/778/765 573/558/545
f 573/558/545 563/778/765 572/143/141
f 506/573/560 505/575/562 516/785/772
f 516/785/772 505/575/562 515/779/766
f 516/785/772 515/779/766 525/786/773
f 525/786/773 515/779/766 524/780/767
f 525/786/773 524/780/767 535/787/774
f 535/787/774 524/780/767 534/781/768
f 535/787/774 534/781/768 545/788/775
f 545/788/775 534/781/768 544/782/769
f 545/788/775 544/782/769 555/789/776
f 555/789/776 544/782/769 554/783/770
f 555/789/776 554/783/770 565/790/777
f 565/790/777 554/783/770 564/784/771
f 565/790/777 564/784/771 574/557/544
f 574/557/544 564/784/771 573/558/545
f 507/571/558 506/573/560 517/791/778
f 517/791/778 506/573/560 516/785/772
f 517/791/778 516/785/772 526/792/779
f 526/792/779 516/785/772 525/786/773
f 526/792/779 525/786/773 536/793/780
f 536/793/780 525/786/773 535/787/774
f 536/793/780 535/787/774 546/794/781
f 546/794/781 535/787/774 545/788/775
f 546/794/781 545/788/775 556/795/782
f 556/795/782 545/788/775 555/789/776
f 556/795/782 555/789/776 566/796/783
f 566/796/783 555/789/776 565/790/777
f 566/796/783 565/790/777 575/556/543
f 575/556/543 565/790/777 574/557/544
f 507/571/558 517/791/778 123/569/556
f 123/569/556 517/791/778 527/797/784
f 123/569/556 527/797/784 528/567/554
f 528/567/554 527/797/784 538/798/785
f 528/567/554 538/798/785 539/565/552
f 539/565/552 538/798/785 549/799/786
f 539/565/552 549/799/786 550/563/550
f 550/563/550 549/799/786 560/800/787
f 550/563/550 560/800/787 561/561/548
f 561/561/548 560/800/787 571/801/788
f 561/561/548 571/801/788 124/559/546
f 124/559/546 571/801/788 581/550/537
f 124/559/546 581/550/537 582/549/536
f 527/797/784 517/791/778 526/792/779
f 527/797/784 526/792/779 537/802/789
f 537/802/789 526/792/779 536/793/780
f 537/802/789 536/793/780 547/803/790
f 547/803/790 536/793/780 546/794/781
f 547/803/790 546/794/781 557/804/791
f 557/804/791 546/794/781 556/795/782
f 557/804/791 556/795/782 567/805/792
f 567/805/792 556/795/782 566/796/783
f 567/805/792 566/796/783 576/555/542
f 576/555/542 566/796/783 575/556/543
f 527/797/784 537/802/789 538/798/785
f 538/798/785 537/802/789 548/806/793
f 538/798/785 548/806/793 549/799/786
f 549/799/786 548/806/793 559/807/794
f 549/799/786 559/807/794 560/800/787
f 560/800/787 559/807/794 570/808/795
f 560/800/787 570/808/795 571/801/788
f 571/801/788 570/808/795 580/551/538
f 571/801/788 580/551/538 581/550/537
f 548/806/793 537/802/789 547/803/790
f 548/806/793 547/803/790 558/809/796
f 558/809/796 547/803/790 557/804/791
f 558/809/796 557/804/791 568/810/797
f 568/810/797 557/804/791 567/805/792
f 568/810/797 567/805/792 577/554/541
f 577/554/541 567/805/792 576/555/542
f 548/806/793 558/809/796 559/807/794
f 559/807/794 558/809/796 569/811/798
f 559/807/794 569/811/798 570/808/795
f 570/808/795 569/811/798 579/552/539
f 570/808/795 579/552/539 580/551/538
f 569/811/798 558/809/796 568/810/797
f 577/554/541 578/553/540 568/810/797
f 568/810/797 578/553/540 569/811/798
f 578/553/540 579/552/539 569/811/798
f 640/500/487 639/502/489 650/812/799
f 650/812/799 639/502/489 649/129/127
f 650/812/799 649/129/127 659/127/125
f 641/498/485 640/500/487 651/813/800
f 651/813/800 640/500/487 650/812/799
f 651/813/800 650/812/799 660/814/801
f 660/814/801 650/812/799 659/127/125
f 660/814/801 659/127/125 670/125/123
f 642/496/483 641/498/485 652/815/802
f 652/815/802 641/498/485 651/813/800
f 652/815/802 651/813/800 661/816/803
f 661/816/803 651/813/800 660/814/801
f 661/816/803 660/814/801 671/817/804
f 671/817/804 660/814/801 670/125/123
f 671/817/804 670/125/123 681/123/121
f 643/494/481 642/496/483 653/818/805
f 653/818/805 642/496/483 652/815/802
f 653/818/805 652/815/802 662/819/806
f 662/819/806 652/815/802 661/816/803
f 662/819/806 661/816/803 672/820/807
f 672/820/807 661/816/803 671/817/804
f 672/820/807 671/817/804 682/821/808
f 682/821/808 671/817/804 681/123/121
f 682/821/808 681/123/121 692/121/119
f 644/492/479 643/494/481 654/822/809
f 654/822/809 643/494/481 653/818/805
f 654/822/809 653/818/805 663/823/810
f 663/823/810 653/818/805 662/819/806
f 663/823/810 662/819/806 673/824/811
f 673/824/811 662/819/806 672/820/807
f 673/824/811 672/820/807 683/825/812
f 683/825/812 672/820/807 682/821/808
f 683/825/812 682/821/808 693/826/813
f 693/826/813 682/821/808 692/121/119
f 693/826/813 692/121/119 703/119/117
f 645/490/477 644/492/479 655/827/814
f 655/827/814 644/492/479 654/822/809
f 655/827/814 654/822/809 664/828/815
f 664/828/815 654/822/809 663/823/810
f 664/828/815 663/823/810 674/829/816
f 674/829/816 663/823/810 673/824/811
f 674/829/816 673/824/811 684/830/817
f 684/830/817 673/824/811 683/825/812
f 684/830/817 683/825/812 694/831/818
f 694/831/818 683/825/812 693/826/813
f 694/831/818 693/826/813 704/832/819
f 704/832/819 693/826/813 703/119/117
f 704/832/819 703/119/117 713/117/115
f 646/488/475 645/490/477 656/833/820
f 656/833/820 645/490/477 655/827/814
f 656/833/820 655/827/814 665/834/821
f 665/834/821 655/827/814 664/828/815
f 665/834/821 664/828/815 675/835/822
f 675/835/822 664/828/815 674/829/816
f 675/835/822 674/829/816 685/836/823
f 685/836/823 674/829/816 684/830/817
f 685/836/823 684/830/817 695/837/824
f 695/837/824 684/830/817 694/831/818
f 695/837/824 694/831/818 705/838/825
f 705/838/825 694/831/818 704/832/819
f 705/838/825 704/832/819 714/471/458
f 714/471/458 704/832/819 713/117/115
f 647/486/473 646/488/475 657/839/826
f 657/839/826 646/488/475 656/833/820
f 657/839/826 656/833/820 666/840/827
f 666/840/827 656/833/820 665/834/821
f 666/840/827 665/834/821 676/841/828
f 676/841/828 665/834/821 675/835/822
f 676/841/828 675/835/822 686/842/829
f 686/842/829 675/835/822 685/836/823
f 686/842/829 685/836/823 696/843/830
f 696/843/830 685/836/823 695/837/824
f 696/843/830 695/837/824 706/844/831
f 706/844/831 695/837/824 705/838/825
f 706/844/831 705/838/825 715/470/457
f 715/470/457 705/838/825 714/471/458
f 648/484/471 647/486/473 658/845/832
f 658/845/832 647/486/473 657/839/826
f 658/845/832 657/839/826 667/846/833
f 667/846/833 657/839/826 666/840/827
f 667/846/833 666/840/827 677/847/834
f 677/847/834 666/840/827 676/841/828
f 677/847/834 676/841/828 687/848/835
f 687/848/835 676/841/828 686/842/829
f 687/848/835 686/842/829 697/849/836
f 697/849/836 686/842/829 696/843/830
f 697/849/836 696/843/830 707/850/837
f 707/850/837 696/843/830 706/844/831
f 707/850/837 706/844/831 716/469/456
f 716/469/456 706/844/831 715/470/457
f 648/484/471 658/845/832 125/482/469
f 125/482/469 658/845/832 668/851/838
f 125/482/469 668/851/838 669/480/467
f 669/480/467 668/851/838 679/852/839
f 669/480/467 679/852/839 680/478/465
f 680/478/465 679/852/839 690/853/840
f 680/478/465 690/853/840 691/476/463
f 691/476/463 690/853/840 701/854/841
f 691/476/463 701/854/841 702/474/461
f 702/474/461 701/854/841 712/855/842
f 702/474/461 712/855/842 126/472/459
f 126/472/459 712/855/842 722/463/450
f 126/472/459 722/463/450 723/462/449
f 668/851/838 658/845/832 667/846/833
f 668/851/838 667/846/833 678/856/843
f 678/856/843 667/846/833 677/847/834
f 678/856/843 677/847/834 688/857/844
f 688/857/844 677/847/834 687/848/835
f 688/857/844 687/848/835 698/858/845
f 698/858/845 687/848/835 697/849/836
f 698/858/845 697/849/836 708/859/846
f 708/859/846 697/849/836 707/850/837
f 708/859/846 707/850/837 717/468/455
f 717/468/455 707/850/837 716/469/456
f 668/851/838 678/856/843 679/852/839
f 679/852/839 678/856/843 689/860/847
f 679/852/839 689/860/847 690/853/840
f 690/853/840 689/860/847 700/861/848
f 690/853/840 700/861/848 701/854/841
f 701/854/841 700/861/848 711/862/849
f 701/854/841 711/862/849 712/855/842
f 712/855/842 711/862/849 721/464/451
f 712/855/842 721/464/451 722/463/450
f 689/860/847 678/856/843 688/857/844
f 689/860/847 688/857/844 699/863/850
f 699/863/850 688/857/844 698/858/845
f 699/863/850 698/858/845 709/864/851
f 709/864/851 698/858/845 708/859/846
f 709/864/851 708/859/846 718/467/454
f 718/467/454 708/859/846 717/468/455
f 689/860/847 699/863/850 700/861/848
f 700/861/848 699/863/850 710/865/852
f 700/861/848 710/865/852 711/862/849
f 711/862/849 710/865/852 720/465/452
f 711/862/849 720/465/452 721/464/451
f 710/865/852 699/863/850 709/864/851
f 718/467/454 719/466/453 709/864/851
f 709/864/851 719/466/453 710/865/852
f 719/466/453 720/465/452 710/865/852
# 745 vertices
# 865 texture params
# 852 normals
# 1486 facets

# 1 groups
