# WaveFront *.obj file (generated by Autodesk ATF)

#mtllib cut_rod.mtl

g Corpo5

v -145.056920 0.000005 101.931554
v -145.654809 0.000005 101.974293
v -146.243287 0.000005 102.088273
v -146.813896 0.000005 102.271855
v -147.358437 0.000004 102.522401
v -147.869082 0.000004 102.836311
v -148.338493 0.000004 103.209072
v -148.759923 0.000003 103.635327
v -149.127316 0.000003 104.108951
v -149.435392 0.000002 104.623137
v -149.679723 0.000002 105.170494
v -149.856797 0.000001 105.743157
v -149.964070 0.000001 106.332894
v -150.000000 0.000000 106.931230
v -150.000000 0.005243 106.931489
v -150.000000 0.010435 106.932259
v -150.000000 0.015527 106.933534
v -150.000000 0.020467 106.935304
v -150.000000 0.025210 106.937552
v -150.000000 0.029712 106.940250
v -150.000000 0.033930 106.943374
v -150.000000 0.037821 106.946897
v -150.000000 0.041342 106.950788
v -150.000000 0.044464 106.955007
v -150.000000 0.047162 106.959509
v -150.000000 0.049410 106.964252
v -150.000000 0.051183 106.969192
v -150.000000 0.052457 106.974283
v -150.000000 0.053220 106.979475
v -150.000000 0.053473 106.984717
v -150.000000 0.053217 106.989960
v -150.000000 0.052453 106.995152
v -150.000000 0.051184 107.000244
v -150.000000 0.049412 107.005184
v -150.000000 0.047158 107.009921
v -150.000000 0.044452 107.014418
v -150.000000 0.041324 107.018633
v -150.000000 0.037806 107.022526
v -150.000000 0.033926 107.026059
v -150.000000 0.029716 107.029190
v -150.000000 0.025212 107.031883
v -150.000000 0.020464 107.034116
v -150.000000 0.015520 107.035877
v -150.000000 0.010429 107.037154
v -150.000000 0.005239 107.037932
v -150.000000 -0.000001 107.038201
v -150.000000 -0.005242 107.037946
v -150.000000 -0.010431 107.037166
v -150.000000 -0.015517 107.035878
v -150.000000 -0.020455 107.034102
v -150.000000 -0.025200 107.031860
v -150.000000 -0.029706 107.029171
v -150.000000 -0.033929 107.026057
v -150.000000 -0.037821 107.022539
v -150.000000 -0.041339 107.018645
v -150.000000 -0.044453 107.014423
v -150.000000 -0.047143 107.009917
v -150.000000 -0.049387 107.005173
v -150.000000 -0.051163 107.000235
v -150.000000 -0.052451 106.995149
v -150.000000 -0.053229 106.989960
v -150.000000 -0.053480 106.984719
v -150.000000 -0.053207 106.979480
v -150.000000 -0.052426 106.974292
v -150.000000 -0.051148 106.969201
v -150.000000 -0.049387 106.964258
v -150.000000 -0.047157 106.959509
v -150.000000 -0.044471 106.955002
v -150.000000 -0.041344 106.950788
v -150.000000 -0.037811 106.946910
v -150.000000 -0.033915 106.943397
v -150.000000 -0.029695 106.940276
v -150.000000 -0.025196 106.937574
v -150.000000 -0.020458 106.935319
v -150.000000 -0.015524 106.933538
v -150.000000 -0.010435 106.932258
v -150.000000 -0.005243 106.931488
v -145.056905 -0.495289 101.955914
v -145.056860 -0.985818 102.028651
v -145.056784 -1.466589 102.149598
v -145.056679 -1.932768 102.317853
v -145.056546 -2.380377 102.530879
v -145.056386 -2.805461 102.786103
v -145.056202 -3.204063 103.080951
v -145.055994 -3.572227 103.412851
v -145.055765 -3.905996 103.779228
v -145.055516 -4.201382 104.177381
v -145.055250 -4.455138 104.603106
v -145.054969 -4.665820 105.051769
v -145.054677 -4.832163 105.518823
v -145.054376 -4.952903 105.999721
v -145.054070 -5.026775 106.489916
v -145.053760 -5.052517 106.984863
v -145.053450 -5.028865 107.480011
v -145.053144 -4.955357 107.970233
v -145.052843 -4.833673 108.450732
v -145.052552 -4.665829 108.917236
v -145.052271 -4.453841 109.365475
v -145.052005 -4.199724 109.791176
v -145.051756 -3.905494 110.190068
v -145.051525 -3.573169 110.557880
v -145.051318 -3.205423 110.890306
v -145.051134 -2.806527 111.184499
v -145.050975 -2.380781 111.438502
v -145.050842 -1.932485 111.650362
v -145.050737 -1.465938 111.818127
v -145.050661 -0.985439 111.939843
v -145.050615 -0.495286 112.013557
v -145.050600 -0.000081 112.037579
v -145.050616 0.494979 112.012213
v -145.050662 0.985285 111.938650
v -145.050737 1.466258 111.818084
v -145.050841 1.933323 111.651711
v -145.050973 2.381901 111.440725
v -145.051132 2.807416 111.186322
v -145.051317 3.205171 110.890448
v -145.051526 3.571696 110.556705
v -145.051756 3.904126 110.188854
v -145.052005 4.199596 109.790654
v -145.052271 4.455238 109.365866
v -145.052551 4.668189 108.918251
v -145.052843 4.835591 108.451589
v -145.053144 4.955508 107.970515
v -145.053450 5.027642 107.479969
v -145.053760 5.051848 106.984690
v -145.054070 5.027985 106.489419
v -145.054377 4.955909 105.998897
v -145.054678 4.835529 105.517897
v -145.054969 4.667982 105.051253
v -145.055250 4.455598 104.603187
v -145.055516 4.200749 104.177813
v -145.055765 3.905805 103.779242
v -145.055995 3.573136 103.411589
v -145.056203 3.205556 103.078795
v -145.056388 2.807061 102.783709
v -145.056547 2.381728 102.528775
v -145.056680 1.933636 102.316439
v -145.056784 1.466861 102.149143
v -145.056860 0.985814 102.028736
v -145.056905 0.495290 101.955969
v -145.440169 4.660658 105.083936
v -149.968515 0.566511 106.753674
v -145.436719 3.178549 110.887768
v -149.968486 0.386499 107.459313
v -145.436717 -3.173581 110.891738
v -149.968486 -0.385895 107.459796
v -149.968531 0.055617 106.375514
v -149.875027 0.105741 105.826470
v -149.786334 0.136276 105.492008
v -149.674569 0.166174 105.164508
v -149.540084 0.195288 104.845606
v -149.383556 0.223480 104.536804
v -149.205912 0.250621 104.239510
v -149.008083 0.276584 103.955127
v -148.791001 0.301240 103.685058
v -148.555597 0.324460 103.430707
v -148.258330 0.349643 103.154865
v -147.939504 0.372549 102.903966
v -147.619064 0.392053 102.690321
v -147.283142 0.409265 102.501786
v -146.933651 0.424067 102.339653
v -146.572569 0.436355 102.205053
v -146.202102 0.446077 102.098572
v -145.824501 0.453188 102.020681
v -145.442019 0.457645 101.971853
v -149.968531 0.110773 106.383093
v -149.875026 0.210608 105.840880
v -149.786332 0.271424 105.510579
v -149.674566 0.330974 105.187154
v -149.540079 0.388961 104.872219
v -149.383550 0.445112 104.567260
v -149.205905 0.499170 104.273665
v -149.008074 0.550880 103.992820
v -148.790989 0.599987 103.726112
v -148.555583 0.646236 103.474926
v -148.258314 0.696394 103.202517
v -147.939484 0.742015 102.954740
v -147.619043 0.780863 102.743755
v -147.283118 0.815144 102.557568
v -146.933623 0.844625 102.397454
v -146.572539 0.869099 102.264530
v -146.202070 0.888461 102.159376
v -145.824466 0.902623 102.082457
v -145.441982 0.911501 102.034239
v -149.968530 0.165016 106.395641
v -149.875024 0.313736 105.864737
v -149.786328 0.404332 105.541325
v -149.674561 0.493042 105.224646
v -149.540072 0.579424 104.916280
v -149.383540 0.663069 104.617681
v -149.205892 0.743597 104.330210
v -149.008058 0.820628 104.055224
v -148.790970 0.893782 103.794079
v -148.555560 0.962677 103.548134
v -148.258286 1.037394 103.281408
v -147.939453 1.105355 103.038802
v -147.619006 1.163224 102.832219
v -147.283077 1.214291 102.649918
v -146.933578 1.258207 102.493147
v -146.572490 1.294665 102.362999
v -146.202016 1.323506 102.260042
v -145.824409 1.344602 102.184731
v -145.441921 1.357827 102.137523
v -149.968530 0.217883 106.413092
v -149.875021 0.414249 105.897915
v -149.786323 0.533870 105.584083
v -149.674553 0.651001 105.276785
v -149.540061 0.765057 104.977554
v -149.383526 0.875499 104.687802
v -149.205874 0.981827 104.408848
v -149.008036 1.083536 104.142009
v -148.790943 1.180125 103.888601
v -148.555528 1.271093 103.649944
v -148.258249 1.369746 103.391122
v -147.939409 1.459478 103.155705
v -147.618956 1.535886 102.955245
v -147.283021 1.603313 102.778348
v -146.933516 1.661297 102.626225
v -146.572421 1.709433 102.499937
v -146.201941 1.747512 102.400035
v -145.824329 1.775365 102.326961
v -145.441835 1.792824 102.281157
v -149.968529 0.268932 106.435302
v -149.875017 0.511306 105.940141
v -149.786317 0.658954 105.638503
v -149.674544 0.803528 105.343144
v -149.540048 0.944307 105.055540
v -149.383509 1.080625 104.777047
v -149.205851 1.211864 104.508932
v -149.008007 1.337403 104.252461
v -148.790909 1.456622 104.008902
v -148.555488 1.568902 103.779519
v -148.258201 1.690668 103.530756
v -147.939353 1.801422 103.304489
v -147.618892 1.895730 103.111822
v -147.282949 1.978953 102.941803
v -146.933436 2.050519 102.795595
v -146.572334 2.109931 102.674220
v -146.201847 2.156928 102.578206
v -145.824227 2.191304 102.507978
v -145.441727 2.212849 102.463961
v -149.968528 0.317767 106.462038
v -149.875013 0.604156 105.990973
v -149.786309 0.778615 105.704013
v -149.674533 0.949443 105.423028
v -149.540032 1.115785 105.149420
v -149.383487 1.276858 104.884480
v -149.205824 1.431928 104.629413
v -149.007973 1.580263 104.385425
v -148.790868 1.721130 104.153720
v -148.555440 1.853798 103.935502
v -148.258143 1.997673 103.698848
v -147.939285 2.128537 103.483596
v -147.618815 2.239968 103.300310
v -147.282862 2.338300 103.138569
v -146.933340 2.422858 102.999482
v -146.572229 2.493055 102.884020
v -146.201732 2.548582 102.792685
v -145.824104 2.589196 102.725882
v -145.441596 2.614649 102.684015
v -149.968526 0.363996 106.493066
v -149.875007 0.692049 106.049964
v -149.786301 0.891890 105.780038
v -149.674519 1.087569 105.515733
v -149.540013 1.278110 105.258368
v -149.383462 1.462616 105.009156
v -149.205792 1.640245 104.769232
v -149.007934 1.810158 104.539729
v -148.790820 1.971517 104.321780
v -148.555383 2.123484 104.116518
v -148.258076 2.288288 103.893917
v -147.939207 2.438187 103.691447
v -147.618726 2.565825 103.519046
v -147.282762 2.678458 103.366912
v -146.933229 2.775314 103.236088
v -146.572106 2.855717 103.127487
v -146.201600 2.919317 103.041582
v -145.823961 2.965833 102.978753
v -145.441444 2.994982 102.939380
v -149.968525 0.407225 106.528149
v -149.875002 0.774239 106.116665
v -149.786291 0.997812 105.866001
v -149.674504 1.216731 105.620556
v -149.539992 1.429901 105.381556
v -149.383434 1.636318 105.150128
v -149.205756 1.835041 104.927326
v -149.007889 2.025132 104.714201
v -148.790767 2.205653 104.511807
v -148.555319 2.375665 104.321195
v -148.258000 2.560038 104.114481
v -147.939118 2.727735 103.926464
v -147.618625 2.870527 103.766370
v -147.282649 2.996531 103.625098
v -146.933103 3.104884 103.503616
v -146.571968 3.194830 103.402771
v -146.201450 3.265976 103.323004
v -145.823800 3.318008 103.264668
v -145.441272 3.350611 103.228114
v -149.968523 0.447058 106.567049
v -149.874995 0.849971 106.190623
v -149.786280 1.095414 105.961315
v -149.674488 1.335746 105.736783
v -149.539969 1.569767 105.518146
v -149.383403 1.796374 105.306436
v -149.205716 2.014534 105.102618
v -149.007840 2.223217 104.907653
v -148.790707 2.421393 104.722505
v -148.555249 2.608032 104.548136
v -148.257915 2.810436 104.359038
v -147.939020 2.994531 104.187045
v -147.618513 3.151285 104.040596
v -147.282523 3.289608 103.911366
v -146.932964 3.408552 103.800241
v -146.571815 3.507288 103.707996
v -146.201284 3.585385 103.635033
v -145.823622 3.642497 103.581676
v -145.441082 3.678278 103.548247
v -149.968521 0.483140 106.609446
v -149.874988 0.918573 106.271231
v -149.786268 1.183826 106.065200
v -149.674470 1.443554 105.863460
v -149.539944 1.696463 105.667017
v -149.383369 1.941358 105.476799
v -149.205673 2.177124 105.293671
v -149.007786 2.402648 105.118499
v -148.790642 2.616816 104.952148
v -148.555172 2.818514 104.795481
v -148.257824 3.037249 104.625582
v -147.938913 3.236197 104.471053
v -147.618391 3.405596 104.339475
v -147.282386 3.555075 104.223369
v -146.932811 3.683611 104.123531
v -146.571649 3.790306 104.040657
v -146.201103 3.874695 103.975109
v -145.823427 3.936405 103.927176
v -145.440875 3.975062 103.897150
v -149.968519 0.515229 106.654948
v -149.874981 0.979583 106.357740
v -149.786255 1.262454 106.176690
v -149.674450 1.539433 105.999410
v -149.539916 1.809138 105.826787
v -149.383333 2.070297 105.659633
v -149.205626 2.321720 105.498710
v -149.007728 2.562221 105.344779
v -148.790572 2.790610 105.198600
v -148.555089 3.005701 105.060931
v -148.257725 3.238958 104.911636
v -147.938798 3.451113 104.775847
v -147.618260 3.631755 104.660228
v -147.282239 3.791154 104.558205
v -146.932648 3.928217 104.470478
v -146.571470 4.041988 104.397659
v -146.200908 4.131970 104.340066
v -145.823218 4.197766 104.297954
v -145.440652 4.238976 104.271577
v -149.968517 0.543096 106.703156
v -149.874973 1.032566 106.449395
v -149.786242 1.330736 106.294813
v -149.674430 1.622696 106.143449
v -149.539887 1.906988 105.996062
v -149.383294 2.182271 105.853344
v -149.205577 2.447291 105.715948
v -149.007667 2.700796 105.584521
v -148.790498 2.941535 105.459712
v -148.555002 3.168255 105.342172
v -148.257621 3.414122 105.214705
v -147.938676 3.637744 105.098770
v -147.618121 3.828148 105.000057
v -147.282083 3.996159 104.912954
v -146.932475 4.140624 104.838057
v -146.571280 4.260536 104.775890
v -146.200703 4.355372 104.726723
v -145.822997 4.424712 104.690774
v -145.440416 4.468136 104.668261
v -149.874964 1.077086 106.545444
v -149.786227 1.388112 106.418597
v -149.674408 1.692659 106.294392
v -149.539857 1.989208 106.173449
v -149.383254 2.276358 106.056339
v -149.205525 2.552802 105.943595
v -149.007603 2.817235 105.835750
v -148.790421 3.068349 105.733337
v -148.554910 3.304840 105.636888
v -148.257512 3.561300 105.532294
v -147.938548 3.794555 105.437164
v -147.617976 3.993160 105.356166
v -147.281920 4.168404 105.284696
v -146.932294 4.319086 105.223242
v -146.571081 4.444155 105.172234
v -146.200487 4.543065 105.131895
v -145.822765 4.615379 105.102403
v -149.968511 0.599073 106.860047
v -149.874947 1.138997 106.747685
v -149.786197 1.467901 106.679238
v -149.674363 1.789952 106.612217
v -149.539793 2.103544 106.546957
v -149.383169 2.407196 106.483765
v -149.205416 2.699525 106.422930
v -149.007468 2.979150 106.364738
v -148.790257 3.244689 106.309478
v -148.554717 3.494763 106.257436
v -148.257281 3.765949 106.201000
v -147.938280 4.012593 106.149672
v -147.617670 4.222592 106.105970
v -147.281576 4.407886 106.067409
v -146.931913 4.567202 106.034254
v -146.570663 4.699431 106.006737
v -146.200033 4.803994 105.984976
v -145.822276 4.880429 105.969070
v -145.439649 4.928274 105.959113
v -145.439913 4.814659 105.515334
v -145.822524 4.767900 105.529605
v -146.200263 4.693212 105.552399
v -146.570875 4.591046 105.583579
v -146.932106 4.461855 105.623006
v -147.281750 4.306202 105.670510
v -147.617825 4.125174 105.725758
v -147.938416 3.920012 105.788371
v -148.257398 3.679051 105.861910
v -148.554815 3.414117 105.942765
v -148.790340 3.169810 106.017325
v -149.007537 2.910395 106.096496
v -149.205471 2.637221 106.179866
v -149.383212 2.351637 106.267023
v -149.539826 2.054992 106.357556
v -149.674386 1.748637 106.451052
v -149.786213 1.434019 106.547070
v -149.874956 1.112707 106.645131
v -149.968513 0.585246 106.806107
v -149.968509 0.607871 106.915027
v -149.874938 1.155726 106.852218
v -149.786182 1.489460 106.813956
v -149.674339 1.816241 106.776492
v -149.539760 2.134437 106.740012
v -149.383125 2.442547 106.704688
v -149.205360 2.739167 106.670682
v -149.007398 3.022895 106.638153
v -148.790173 3.292330 106.607264
v -148.554617 3.546070 106.578173
v -148.257162 3.821231 106.546627
v -147.938141 4.071487 106.517936
v -147.617512 4.284560 106.493507
v -147.281398 4.472563 106.471954
v -146.931716 4.634205 106.453422
v -146.570447 4.768360 106.438041
v -146.199798 4.874442 106.425879
v -145.822024 4.951982 106.416989
v -145.439380 5.000509 106.411425
v -149.968506 0.611646 106.970586
v -149.874929 1.162905 106.957850
v -149.786166 1.498712 106.950092
v -149.674316 1.827522 106.942495
v -149.539727 2.147694 106.935098
v -149.383080 2.457715 106.927935
v -149.205303 2.756175 106.921039
v -149.007328 3.041662 106.914444
v -148.790088 3.312766 106.908180
v -148.554516 3.568076 106.902281
v -148.257042 3.844938 106.895884
v -147.938001 4.096739 106.890067
v -147.617352 4.311125 106.885113
v -147.281219 4.500282 106.880743
v -146.931516 4.662915 106.876985
v -146.570228 4.797887 106.873866
v -146.199561 4.904611 106.871400
v -145.821769 4.982613 106.869598
v -145.439108 5.031421 106.868470
v -149.968504 0.610412 107.026266
v -149.874919 1.160560 107.063712
v -149.786151 1.495689 107.086522
v -149.674292 1.823836 107.108858
v -149.539693 2.143360 107.130606
v -149.383036 2.452755 107.151665
v -149.205246 2.750609 107.171939
v -149.007257 3.035517 107.191331
v -148.790002 3.306069 107.209747
v -148.554415 3.560859 107.227089
v -148.256922 3.837154 107.245895
v -147.937860 4.088437 107.262998
v -147.617192 4.302379 107.277560
v -147.281039 4.491142 107.290408
v -146.931317 4.653433 107.301454
v -146.570009 4.788117 107.310621
v -146.199323 4.894608 107.317869
v -145.821513 4.972434 107.323166
v -145.438836 5.021124 107.326480
v -149.968502 0.604181 107.081607
v -149.874910 1.148715 107.168932
v -149.786135 1.480424 107.222127
v -149.674268 1.805220 107.274213
v -149.539660 2.121482 107.324930
v -149.382992 2.427717 107.374040
v -149.205189 2.722529 107.421317
v -149.007187 3.004525 107.466540
v -148.789917 3.272311 107.509483
v -148.554314 3.524494 107.549925
v -148.256802 3.797961 107.593780
v -147.937720 4.046670 107.633664
v -147.617033 4.258418 107.667621
v -147.280860 4.445242 107.697581
v -146.931118 4.605862 107.723338
v -146.569791 4.739156 107.744714
v -146.199087 4.844543 107.761614
v -145.821259 4.921556 107.773964
v -145.438565 4.969729 107.781689
v -149.968499 0.592967 107.136154
v -149.874901 1.127395 107.272640
v -149.786120 1.452947 107.355782
v -149.674245 1.771715 107.437192
v -149.539628 2.082106 107.516462
v -149.382948 2.382656 107.593218
v -149.205133 2.671993 107.667111
v -149.007118 2.948751 107.737792
v -148.789834 3.211563 107.804911
v -148.554215 3.459061 107.868119
v -148.256684 3.727444 107.936660
v -147.937582 3.971527 107.998996
v -147.616876 4.179334 108.052067
v -147.280683 4.362679 108.098891
v -146.930923 4.520304 108.139147
v -146.569577 4.651110 108.172553
v -146.198854 4.754524 108.198964
v -145.821009 4.830090 108.218262
v -145.438299 4.877350 108.230332
v -149.968497 0.576783 107.189444
v -149.874892 1.096625 107.373959
v -149.786105 1.413292 107.486359
v -149.674222 1.723360 107.596416
v -149.539596 2.025279 107.703581
v -149.382905 2.317623 107.807347
v -149.205079 2.599061 107.907242
v -149.007050 2.868263 108.002794
v -148.789752 3.123897 108.093530
v -148.554118 3.364635 108.178979
v -148.256569 3.625686 108.271638
v -147.937448 3.863098 108.355906
v -147.616722 4.065224 108.427649
v -147.280511 4.243553 108.490946
v -146.930732 4.396864 108.545363
v -146.569367 4.524084 108.590520
v -146.198626 4.624661 108.626219
v -145.820765 4.698147 108.652303
v -145.438038 4.744099 108.668613
v -149.968495 0.555716 107.240986
v -149.874884 1.056572 107.471956
v -149.786090 1.361674 107.612654
v -149.674200 1.660416 107.750419
v -149.539565 1.951306 107.884563
v -149.382864 2.232972 108.014454
v -149.205026 2.504129 108.139498
v -149.006984 2.763495 108.259104
v -148.789673 3.009789 108.372683
v -148.554025 3.241728 108.479642
v -148.256457 3.493238 108.595626
v -147.937318 3.721971 108.701106
v -147.616574 3.916705 108.790907
v -147.280345 4.088510 108.870135
v -146.930547 4.236210 108.938247
v -146.569165 4.358771 108.994766
v -146.198406 4.455659 109.039446
v -145.820528 4.526446 109.072089
v -145.437786 4.570703 109.092498
v -149.968493 0.530022 107.290388
v -149.874876 1.007721 107.565884
v -149.786076 1.298716 107.733704
v -149.674179 1.583645 107.898026
v -149.539535 1.861085 108.058030
v -149.382825 2.129726 108.212958
v -149.204976 2.388343 108.362106
v -149.006922 2.635714 108.504769
v -148.789597 2.870617 108.640240
v -148.553935 3.091829 108.767815
v -148.256350 3.331703 108.906154
v -147.937193 3.549853 109.031963
v -147.616432 3.735575 109.139071
v -147.280185 3.899427 109.233567
v -146.930370 4.040287 109.314802
v -146.568970 4.157169 109.382209
v -146.198195 4.249565 109.435495
v -145.820301 4.317065 109.474422
v -145.437545 4.359260 109.498756
v -149.968491 0.499976 107.337285
v -149.874868 0.950597 107.655049
v -149.786063 1.225096 107.848618
v -149.674159 1.493873 108.038151
v -149.539507 1.755585 108.222702
v -149.382787 2.008996 108.401400
v -149.204928 2.252951 108.573429
v -149.006862 2.486297 108.737978
v -148.789525 2.707881 108.894232
v -148.553850 2.916549 109.041378
v -148.256249 3.142820 109.200937
v -147.937075 3.348597 109.346044
v -147.616297 3.523783 109.469579
v -147.280034 3.678339 109.578567
v -146.930202 3.811204 109.672258
v -146.568786 3.921450 109.750000
v -146.197995 4.008596 109.811452
v -145.820086 4.072257 109.856343
v -145.437315 4.112047 109.884400
v -149.968489 0.465856 107.381315
v -149.874861 0.885725 107.738762
v -149.786051 1.141492 107.956503
v -149.674140 1.391927 108.169705
v -149.539480 1.635778 108.377303
v -149.382752 1.871894 108.578316
v -149.204882 2.099200 108.771828
v -149.006806 2.316620 108.956923
v -148.789458 2.523079 109.132688
v -148.553770 2.717503 109.298207
v -148.256154 2.928328 109.477688
v -147.936963 3.120056 109.640911
v -147.616171 3.283280 109.779868
v -147.279891 3.427281 109.902460
v -146.930044 3.551070 110.007845
v -146.568613 3.653784 110.095287
v -146.197807 3.734972 110.164404
v -145.819884 3.794277 110.214891
v -145.437100 3.831340 110.246442
v -149.968487 0.427938 107.422112
v -149.874854 0.813633 107.816329
v -149.786039 1.048582 108.056469
v -149.674123 1.278632 108.291603
v -149.539456 1.502635 108.520556
v -149.382719 1.719532 108.742245
v -149.204841 1.928335 108.955662
v -149.006755 2.128056 109.159796
v -148.789395 2.317708 109.353639
v -148.553696 2.496305 109.536181
v -148.256066 2.689965 109.734121
v -147.936860 2.866083 109.914129
v -147.616053 3.016016 110.067375
v -147.279760 3.148289 110.202571
v -146.929898 3.261996 110.318790
v -146.568453 3.356340 110.415218
v -146.197633 3.430912 110.491437
v -145.819697 3.485380 110.547108
v -145.436901 3.519415 110.581894
v -149.874848 0.734845 107.887060
v -149.786029 0.947043 108.147625
v -149.674107 1.154816 108.402757
v -149.539434 1.357127 108.651182
v -149.382689 1.553021 108.891726
v -149.204803 1.741603 109.123293
v -149.006707 1.921983 109.344787
v -148.789338 2.093268 109.555115
v -148.553628 2.254567 109.753180
v -148.255985 2.429471 109.967950
v -147.936767 2.588530 110.163264
v -147.615946 2.723940 110.329538
v -147.279639 2.843399 110.476226
v -146.929764 2.946089 110.602322
v -146.568306 3.031291 110.706944
v -146.197474 3.098633 110.789637
v -145.819526 3.147819 110.850033
v -149.968483 0.294217 107.521484
v -149.874837 0.559393 108.005267
v -149.786011 0.720926 108.299965
v -149.674081 0.879090 108.588519
v -149.539396 1.033097 108.869486
v -149.382640 1.182217 109.141540
v -149.204739 1.325772 109.403439
v -149.006628 1.463081 109.653945
v -148.789243 1.593468 109.891821
v -148.553516 1.716252 110.115827
v -148.255851 1.849391 110.358724
v -147.936610 1.970467 110.579614
v -147.615767 2.073541 110.767659
v -147.279438 2.164471 110.933551
v -146.929542 2.242634 111.076152
v -146.568062 2.307485 111.194464
v -146.197209 2.358739 111.287972
v -145.819241 2.396171 111.356262
v -145.436415 2.419553 111.398920
v -145.436556 2.811019 111.161075
v -145.819374 2.783849 111.120707
v -146.197333 2.740356 111.056090
v -146.568176 2.680805 110.967614
v -146.929645 2.605459 110.855671
v -147.279532 2.514646 110.720751
v -147.615851 2.409002 110.563794
v -147.936683 2.289251 110.385879
v -148.255913 2.148585 110.176890
v -148.553568 1.993905 109.947080
v -148.789287 1.851256 109.735145
v -149.006665 1.699775 109.510088
v -149.204769 1.540250 109.273082
v -149.382663 1.373471 109.025297
v -149.539414 1.200226 108.767905
v -149.674093 1.021306 108.502081
v -149.786020 0.837553 108.229078
v -149.874842 0.649888 107.950263
v -149.968484 0.341815 107.492555
v -149.968482 0.244164 107.545903
v -149.874833 0.464226 108.051695
v -149.786004 0.598278 108.359801
v -149.674070 0.729535 108.661482
v -149.539382 0.857341 108.955230
v -149.382620 0.981092 109.239659
v -149.204714 1.100224 109.513472
v -149.006597 1.214173 109.775374
v -148.789205 1.322377 110.024069
v -148.553471 1.424272 110.258263
v -148.255798 1.534759 110.512208
v -147.936548 1.635236 110.743143
v -147.615697 1.720772 110.939738
v -147.279360 1.796230 111.113172
v -146.929454 1.861094 111.262255
v -146.567966 1.914909 111.385943
v -146.197105 1.957441 111.483698
v -145.819129 1.988502 111.555088
v -145.436296 2.007903 111.599679
v -149.968481 0.192096 107.565696
v -149.874830 0.365231 108.089327
v -149.785999 0.470697 108.408299
v -149.674062 0.573964 108.720621
v -149.539370 0.674515 109.024729
v -149.382604 0.771877 109.319190
v -149.204694 0.865604 109.602659
v -149.006572 0.955253 109.873796
v -148.789175 1.040382 110.131261
v -148.553435 1.120548 110.373714
v -148.255755 1.207473 110.636612
v -147.936498 1.286522 110.875689
v -147.615640 1.353817 111.079215
v -147.279296 1.413183 111.258762
v -146.929383 1.464213 111.413097
v -146.567888 1.506550 111.541143
v -146.197021 1.540011 111.642340
v -145.819038 1.564446 111.716242
v -145.436199 1.579707 111.762399
v -149.968481 0.138458 107.580747
v -149.874828 0.263249 108.117943
v -149.785995 0.339266 108.445179
v -149.674055 0.413698 108.765591
v -149.539361 0.486173 109.077578
v -149.382592 0.556349 109.379666
v -149.204678 0.623905 109.670478
v -149.006553 0.688522 109.948638
v -148.789152 0.749880 110.212772
v -148.553408 0.807661 110.461504
v -148.255722 0.870314 110.731211
v -147.936460 0.927290 110.976478
v -147.615597 0.975794 111.185274
v -147.279247 1.018582 111.369469
v -146.929329 1.055363 111.527799
v -146.567829 1.085878 111.659158
v -146.196956 1.109994 111.762972
v -145.818969 1.127605 111.838783
v -145.436125 1.138604 111.886130
v -149.968480 0.083692 107.590940
v -149.874826 0.159122 108.137323
v -149.785992 0.205071 108.470155
v -149.674051 0.250062 108.796047
v -149.539355 0.293869 109.113369
v -149.382584 0.336287 109.420623
v -149.204668 0.377121 109.716407
v -149.006540 0.416179 109.999324
v -148.789136 0.453268 110.267974
v -148.553389 0.488193 110.520959
v -148.255700 0.526064 110.795276
v -147.936434 0.560503 111.044736
v -147.615568 0.589821 111.257101
v -147.279214 0.615685 111.444443
v -146.929293 0.637916 111.605478
v -146.567789 0.656361 111.739081
v -146.196913 0.670938 111.844667
v -145.818922 0.681582 111.921771
v -145.436076 0.688230 111.969924
v -149.968480 0.028239 107.596159
v -149.874825 0.053691 108.147247
v -149.785990 0.069195 108.482945
v -149.674049 0.084376 108.811642
v -149.539352 0.099157 109.131696
v -149.382580 0.113470 109.441595
v -149.204663 0.127248 109.739927
v -149.006534 0.140427 110.025279
v -148.789128 0.152942 110.296242
v -148.553380 0.164726 110.551404
v -148.255689 0.177504 110.828082
v -147.936421 0.189125 111.079689
v -147.615553 0.199017 111.293881
v -147.279197 0.207744 111.482835
v -146.929274 0.215246 111.645255
v -146.567768 0.221469 111.780006
v -146.196891 0.226388 111.886500
v -145.818898 0.229979 111.964266
v -145.436050 0.232222 112.012832
v -149.968480 -0.027456 107.596290
v -149.874825 -0.052202 108.147495
v -149.785990 -0.067277 108.483265
v -149.674049 -0.082037 108.812032
v -149.539352 -0.096408 109.132154
v -149.382580 -0.110324 109.442120
v -149.204662 -0.123720 109.740514
v -149.006534 -0.136534 110.025928
v -148.789128 -0.148701 110.296948
v -148.553380 -0.160159 110.552165
v -148.255689 -0.172583 110.828902
v -147.936421 -0.183881 111.080563
v -147.615552 -0.193499 111.294800
v -147.279197 -0.201984 111.483794
v -146.929274 -0.209277 111.646249
v -146.567768 -0.215328 111.781028
v -146.196890 -0.220110 111.887545
v -145.818898 -0.223602 111.965327
v -145.436050 -0.225783 112.013903
v -149.968480 -0.082928 107.591228
v -149.874826 -0.157670 108.137871
v -149.785992 -0.203200 108.470861
v -149.674051 -0.247780 108.796907
v -149.539355 -0.291188 109.114380
v -149.382584 -0.333219 109.421780
v -149.204668 -0.373681 109.717705
v -149.006540 -0.412382 110.000756
v -148.789136 -0.449132 110.269534
v -148.553389 -0.483739 110.522638
v -148.255700 -0.521264 110.797086
v -147.936434 -0.555389 111.046664
v -147.615567 -0.584439 111.259129
v -147.279213 -0.610067 111.446560
v -146.929292 -0.632096 111.607672
v -146.567788 -0.650372 111.741337
v -146.196912 -0.664815 111.846974
v -145.818921 -0.675363 111.924113
v -145.436074 -0.681950 111.972289
v -149.968481 -0.137674 107.581040
v -149.874828 -0.261759 108.118500
v -149.785995 -0.337345 108.445897
v -149.674055 -0.411356 108.766466
v -149.539361 -0.483420 109.078606
v -149.382592 -0.553198 109.380843
v -149.204678 -0.620371 109.671798
v -149.006553 -0.684623 109.950095
v -148.789151 -0.745634 110.214359
v -148.553407 -0.803087 110.463213
v -148.255722 -0.865386 110.733052
v -147.936459 -0.922039 110.978440
v -147.615596 -0.970268 111.187338
v -147.279246 -1.012814 111.371623
v -146.929328 -1.049386 111.530031
v -146.567828 -1.079728 111.661454
v -146.196955 -1.103708 111.765319
v -145.818968 -1.121219 111.841167
v -145.436124 -1.132156 111.888537
v -149.968481 -0.191274 107.565913
v -149.874830 -0.363667 108.089739
v -149.785999 -0.468681 108.408830
v -149.674062 -0.571506 108.721268
v -149.539370 -0.671626 109.025490
v -149.382604 -0.768571 109.320060
v -149.204693 -0.861896 109.603635
v -149.006572 -0.951162 109.874874
v -148.789174 -1.035927 110.132435
v -148.553435 -1.115749 110.374978
v -148.255755 -1.202302 110.637974
v -147.936497 -1.281013 110.877140
v -147.615640 -1.348019 111.080742
v -147.279295 -1.407131 111.260355
v -146.929382 -1.457943 111.414748
v -146.567887 -1.500099 111.542842
v -146.197020 -1.533416 111.644077
v -145.819037 -1.557747 111.718005
v -145.436198 -1.572943 111.764179
v -149.968482 -0.243311 107.546036
v -149.874833 -0.462605 108.051947
v -149.786004 -0.596189 108.360125
v -149.674070 -0.726988 108.661877
v -149.539382 -0.854348 108.955695
v -149.382620 -0.977667 109.240191
v -149.204714 -1.096383 109.514069
v -149.006597 -1.209934 109.776032
v -148.789205 -1.317760 110.024786
v -148.553471 -1.419299 110.259036
v -148.255797 -1.529401 110.513040
v -147.936548 -1.629527 110.744029
v -147.615697 -1.714765 110.940672
v -147.279359 -1.789960 111.114146
v -146.929454 -1.854597 111.263264
v -146.567965 -1.908225 111.386982
v -146.197104 -1.950609 111.484760
v -145.819128 -1.981562 111.556167
v -145.436295 -2.000895 111.600768
v -149.968483 -0.293371 107.521598
v -149.874837 -0.557783 108.005483
v -149.786011 -0.718851 108.300244
v -149.674081 -0.876561 108.588859
v -149.539396 -1.030124 108.869885
v -149.382640 -1.178816 109.141996
v -149.204739 -1.321957 109.403951
v -149.006628 -1.458872 109.654510
v -148.789242 -1.588884 109.892436
v -148.553515 -1.711315 110.116489
v -148.255850 -1.844071 110.359438
v -147.936609 -1.964799 110.580375
v -147.615767 -2.067576 110.768460
v -147.279438 -2.158245 110.934387
v -146.929541 -2.236184 111.077018
v -146.568062 -2.300848 111.195356
v -146.197209 -2.351956 111.288884
v -145.819240 -2.389281 111.357189
v -145.436415 -2.412596 111.399856
v -149.968484 -0.341037 107.492788
v -149.874842 -0.648411 107.950706
v -149.786019 -0.835649 108.229650
v -149.674093 -1.018983 108.502778
v -149.539414 -1.197497 108.768724
v -149.382663 -1.370348 109.026234
v -149.204768 -1.536748 109.274133
v -149.006665 -1.695909 109.511249
v -148.789287 -1.847046 109.736409
v -148.553568 -1.989371 109.948442
v -148.255913 -2.143700 110.178357
v -147.936682 -2.284046 110.387442
v -147.615850 -2.403525 110.565439
v -147.279531 -2.508929 110.722468
v -146.929645 -2.599535 110.857451
v -146.568175 -2.674710 110.969445
v -146.197332 -2.734127 111.057961
v -145.819373 -2.777521 111.122609
v -145.436555 -2.804630 111.162995
v -149.968487 -0.427528 107.422810
v -149.874854 -0.812852 107.817657
v -149.786039 -1.047576 108.058180
v -149.674123 -1.277406 108.293690
v -149.539456 -1.501193 108.523007
v -149.382719 -1.717882 108.745051
v -149.204840 -1.926485 108.958808
v -149.006754 -2.126014 109.163268
v -148.789394 -2.315484 109.357420
v -148.553695 -2.493909 109.540254
v -148.256064 -2.687383 109.738510
v -147.936859 -2.863331 109.918806
v -147.616051 -3.013120 110.072296
v -147.279757 -3.145267 110.207708
v -146.929895 -3.258863 110.324112
v -146.568450 -3.353117 110.420695
v -146.197630 -3.427616 110.497035
v -145.819694 -3.482032 110.552795
v -145.436897 -3.516033 110.587637
v -145.819524 -3.142899 110.853965
v -146.197472 -3.093790 110.793507
v -146.568304 -3.026553 110.710731
v -146.929763 -2.941484 110.606002
v -147.279638 -2.838955 110.479778
v -147.615945 -2.719683 110.332941
v -147.936765 -2.584484 110.166497
v -148.255984 -2.425674 109.970985
v -148.553628 -2.251044 109.755996
v -148.789337 -2.089996 109.557729
v -149.006707 -1.918979 109.347188
v -149.204802 -1.738881 109.125468
v -149.382689 -1.550594 108.893666
v -149.539433 -1.355007 108.652877
v -149.674107 -1.153012 108.404200
v -149.786029 -0.945563 108.148808
v -149.874848 -0.733697 107.887978
v -149.968489 -0.465516 107.382085
v -149.874860 -0.885078 107.740227
v -149.786051 -1.140657 107.958392
v -149.674140 -1.390909 108.172008
v -149.539480 -1.634582 108.380009
v -149.382751 -1.870526 108.581413
v -149.204882 -2.097665 108.775301
v -149.006805 -2.314926 108.960756
v -148.789456 -2.521234 109.136862
v -148.553769 -2.715516 109.302702
v -148.256152 -2.926186 109.482532
v -147.936961 -3.117773 109.646073
v -147.616168 -3.280878 109.785300
v -147.279889 -3.424773 109.908130
v -146.930041 -3.548471 110.013719
v -146.568610 -3.651109 110.101331
v -146.197804 -3.732237 110.170583
v -145.819881 -3.791498 110.221169
v -145.437096 -3.828533 110.252781
v -149.968491 -0.499574 107.338037
v -149.874868 -0.949832 107.656477
v -149.786063 -1.224110 107.850458
v -149.674159 -1.492671 108.040395
v -149.539506 -1.754172 108.225340
v -149.382786 -2.007379 108.404418
v -149.204927 -2.251138 108.576814
v -149.006861 -2.484296 108.741713
v -148.789524 -2.705701 108.898300
v -148.553849 -2.914201 109.045759
v -148.256247 -3.140290 109.205658
v -147.937073 -3.345901 109.351074
v -147.616295 -3.520946 109.474873
v -147.280031 -3.675377 109.584092
v -146.930199 -3.808134 109.677983
v -146.568783 -3.918291 109.755890
v -146.197992 -4.005367 109.817473
v -145.820083 -4.068976 109.862460
v -145.437312 -4.108733 109.890577
v -149.968493 -0.529508 107.291077
v -149.874876 -1.006744 107.567194
v -149.786076 -1.297456 107.735392
v -149.674179 -1.582109 107.900085
v -149.539535 -1.859280 108.060449
v -149.382824 -2.127660 108.215727
v -149.204975 -2.386027 108.365211
v -149.006921 -2.633158 108.508195
v -148.789596 -2.867833 108.643971
v -148.553934 -3.088830 108.771834
v -148.256349 -3.328472 108.910484
v -147.937191 -3.546410 109.036577
v -147.616430 -3.731951 109.143926
v -147.280183 -3.895645 109.238635
v -146.930367 -4.036368 109.320053
v -146.568968 -4.153137 109.387611
v -146.198192 -4.245443 109.441016
v -145.820298 -4.312877 109.480031
v -145.437541 -4.355031 109.504419
v -149.968495 -0.555123 107.241620
v -149.874884 -1.055445 107.473161
v -149.786090 -1.360220 107.614207
v -149.674200 -1.658644 107.752312
v -149.539564 -1.949224 107.886788
v -149.382864 -2.230588 108.016999
v -149.205025 -2.501456 108.142352
v -149.006984 -2.760545 108.262255
v -148.789672 -3.006576 108.376114
v -148.554024 -3.238268 108.483337
v -148.256456 -3.489510 108.599607
v -147.937316 -3.717999 108.705348
v -147.616572 -3.912525 108.795371
v -147.280343 -4.084147 108.874795
v -146.930545 -4.231689 108.943074
v -146.569162 -4.354119 108.999732
v -146.198404 -4.450905 109.044522
v -145.820525 -4.521616 109.077245
v -145.437783 -4.565826 109.097704
v -149.968497 -0.576226 107.190078
v -149.874892 -1.095565 107.375165
v -149.786105 -1.411926 107.487913
v -149.674222 -1.721694 107.598310
v -149.539595 -2.023321 107.705807
v -149.382905 -2.315383 107.809895
v -149.205078 -2.596549 107.910099
v -149.007049 -2.865491 108.005947
v -148.789751 -3.120878 108.096964
v -148.554117 -3.361383 108.182677
v -148.256567 -3.622182 108.275622
v -147.937446 -3.859365 108.360151
v -147.616721 -4.061295 108.432117
v -147.280509 -4.239452 108.495609
v -146.930730 -4.392615 108.550194
v -146.569365 -4.519713 108.595490
v -146.198624 -4.620193 108.631299
v -145.820762 -4.693609 108.657463
v -145.438035 -4.739516 108.673823
v -149.968499 -0.592621 107.136864
v -149.874901 -1.126736 107.273991
v -149.786120 -1.452098 107.357523
v -149.674245 -1.770680 107.439314
v -149.539627 -2.080890 107.518956
v -149.382947 -2.381263 107.596072
v -149.205133 -2.670432 107.670312
v -149.007117 -2.947028 107.741324
v -148.789833 -3.209687 107.808758
v -148.554214 -3.457040 107.872262
v -148.256683 -3.725266 107.941125
v -147.937581 -3.969207 108.003753
v -147.616874 -4.176893 108.057073
v -147.280681 -4.360130 108.104117
v -146.930920 -4.517664 108.144561
v -146.569574 -4.648392 108.178123
v -146.198851 -4.751746 108.204657
v -145.821006 -4.827268 108.224046
v -145.438295 -4.874501 108.236172
v -149.968502 -0.604115 107.082392
v -149.874910 -1.148588 107.170424
v -149.786135 -1.480260 107.224049
v -149.674268 -1.805021 107.276557
v -149.539660 -2.121248 107.327685
v -149.382991 -2.427449 107.377192
v -149.205188 -2.722228 107.424853
v -149.007186 -3.004192 107.470442
v -148.789916 -3.271949 107.513733
v -148.554313 -3.524104 107.554502
v -148.256800 -3.797541 107.598712
v -147.937718 -4.046222 107.638919
v -147.617030 -4.257946 107.673151
v -147.280857 -4.444749 107.703354
v -146.931116 -4.605352 107.729320
v -146.569788 -4.738631 107.750869
v -146.199083 -4.844006 107.767906
v -145.821256 -4.921010 107.780356
v -145.438561 -4.969178 107.788144
v -149.968504 -0.610513 107.027078
v -149.874919 -1.160751 107.065255
v -149.786150 -1.495935 107.088512
v -149.674292 -1.824136 107.111284
v -149.539693 -2.143713 107.133458
v -149.383035 -2.453158 107.154928
v -149.205245 -2.751062 107.175598
v -149.007256 -3.036016 107.195370
v -148.790001 -3.306612 107.214145
v -148.554413 -3.561444 107.231826
v -148.256920 -3.837784 107.251000
v -147.937858 -4.089109 107.268438
v -147.617189 -4.303086 107.283284
v -147.281036 -4.491880 107.296384
v -146.931314 -4.654197 107.307646
v -146.570006 -4.788903 107.316992
v -146.199319 -4.895411 107.324382
v -145.821510 -4.973250 107.329783
v -145.438832 -5.021947 107.333162
v -149.968506 -0.611703 106.971422
v -149.874928 -1.163013 106.959440
v -149.786166 -1.498851 106.952141
v -149.674315 -1.827691 106.944993
v -149.539726 -2.147892 106.938034
v -149.383080 -2.457943 106.931295
v -149.205302 -2.756429 106.924807
v -149.007327 -3.041943 106.918602
v -148.790086 -3.313071 106.912709
v -148.554514 -3.568405 106.907159
v -148.257040 -3.845293 106.901141
v -147.937998 -4.097117 106.895668
v -147.617350 -4.311522 106.891007
v -147.281216 -4.500696 106.886896
v -146.931513 -4.663344 106.883360
v -146.570225 -4.798328 106.880426
v -146.199557 -4.905061 106.878106
v -145.821765 -4.983070 106.876410
v -145.439104 -5.031883 106.875349
v -149.968509 -0.607778 106.915897
v -149.874938 -1.155550 106.853872
v -149.786182 -1.489233 106.816088
v -149.674339 -1.815964 106.779092
v -149.539760 -2.134112 106.743067
v -149.383124 -2.442174 106.708184
v -149.205359 -2.738749 106.674602
v -149.007397 -3.022434 106.642480
v -148.790172 -3.291827 106.611975
v -148.554615 -3.545529 106.583248
v -148.257161 -3.820648 106.552095
v -147.938139 -4.070866 106.523762
v -147.617509 -4.283906 106.499639
v -147.281395 -4.471879 106.478354
v -146.931712 -4.633497 106.460053
v -146.570443 -4.767631 106.444864
v -146.199794 -4.873696 106.432853
v -145.822020 -4.951223 106.424074
v -145.439376 -4.999742 106.418579
v -149.968511 -0.598862 106.860941
v -149.874947 -1.138596 106.749386
v -149.786197 -1.467383 106.681430
v -149.674362 -1.789321 106.614890
v -149.539793 -2.102802 106.550097
v -149.383168 -2.406347 106.487359
v -149.205415 -2.698572 106.426960
v -149.007467 -2.978098 106.369185
v -148.790256 -3.243544 106.314321
v -148.554715 -3.493529 106.262652
v -148.257280 -3.764619 106.206621
v -147.938277 -4.011176 106.155661
v -147.617667 -4.221101 106.112272
v -147.281573 -4.406328 106.073987
v -146.931910 -4.565588 106.041069
v -146.570659 -4.697769 106.013748
v -146.200029 -4.802295 105.992143
v -145.822272 -4.878702 105.976350
v -145.439644 -4.926529 105.966464
v -149.968515 -0.566542 106.754490
v -149.874964 -1.077145 106.546995
v -149.786227 -1.388188 106.420596
v -149.674408 -1.692751 106.296829
v -149.539857 -1.989316 106.176314
v -149.383253 -2.276482 106.059617
v -149.205524 -2.552941 105.947271
v -149.007602 -2.817388 105.839807
v -148.790419 -3.068516 105.737755
v -148.554908 -3.305019 105.641647
v -148.257510 -3.561493 105.537422
v -147.938546 -3.794761 105.442628
v -147.617974 -3.993376 105.361916
v -147.281917 -4.168629 105.290697
v -146.932291 -4.319319 105.229460
v -146.571078 -4.444394 105.178632
v -146.200483 -4.543309 105.138435
v -145.822761 -4.615626 105.109046
v -145.440165 -4.660908 105.090644
v -145.439907 -4.813771 105.524334
v -145.822519 -4.767021 105.538518
v -146.200258 -4.692347 105.561173
v -146.570871 -4.590201 105.592163
v -146.932102 -4.461034 105.631350
v -147.281747 -4.305411 105.678563
v -147.617822 -4.124417 105.733472
v -147.938413 -3.919292 105.795703
v -148.257396 -3.678376 105.868791
v -148.554813 -3.413491 105.949151
v -148.790338 -3.169229 106.023254
v -149.007535 -2.909862 106.101940
v -149.205470 -2.636738 106.184799
v -149.383211 -2.351206 106.271422
v -149.539825 -2.054616 106.361400
v -149.674385 -1.748317 106.454323
v -149.786212 -1.433756 106.549753
v -149.874956 -1.112503 106.647213
v -149.968513 -0.585139 106.807201
v -149.968517 -0.543384 106.703873
v -149.874973 -1.033115 106.450759
v -149.786241 -1.331443 106.296570
v -149.674429 -1.623558 106.145593
v -149.539887 -1.908001 105.998581
v -149.383294 -2.183430 105.856227
v -149.205576 -2.448591 105.719180
v -149.007666 -2.702231 105.588088
v -148.790497 -2.943098 105.463598
v -148.555000 -3.169939 105.346357
v -148.257619 -3.415936 105.219214
v -147.938674 -3.639677 105.103575
v -147.618119 -3.830182 105.005114
v -147.282081 -3.998281 104.918232
v -146.932473 -4.142823 104.843526
v -146.571277 -4.262799 104.781517
v -146.200699 -4.357685 104.732476
v -145.822993 -4.427062 104.696618
v -145.440413 -4.470509 104.674162
v -149.968519 -0.515725 106.655580
v -149.874981 -0.980526 106.358942
v -149.786255 -1.263669 106.178240
v -149.674450 -1.540914 106.001300
v -149.539916 -1.810879 105.829008
v -149.383332 -2.072290 105.662175
v -149.205625 -2.323955 105.501561
v -149.007728 -2.564687 105.347925
v -148.790571 -2.793296 105.202026
v -148.555088 -3.008595 105.064621
v -148.257724 -3.242076 104.915613
v -147.938796 -3.454435 104.780084
v -147.618258 -3.635251 104.664687
v -147.282237 -3.794803 104.562860
v -146.932646 -3.931998 104.475302
v -146.571467 -4.045878 104.402623
v -146.200906 -4.135947 104.345140
v -145.823215 -4.201806 104.303109
v -145.440649 -4.243057 104.276782
v -149.968521 -0.483690 106.610053
v -149.874988 -0.919619 106.272384
v -149.786268 -1.185174 106.066686
v -149.674469 -1.445198 105.865272
v -149.539943 -1.698395 105.669147
v -149.383369 -1.943568 105.479236
v -149.205672 -2.179603 105.296405
v -149.007785 -2.405384 105.121516
v -148.790641 -2.619796 104.955433
v -148.555171 -2.821724 104.799020
v -148.257822 -3.040708 104.629396
v -147.938911 -3.239882 104.475116
v -147.618389 -3.409474 104.343751
v -147.282384 -3.559124 104.227833
v -146.932809 -3.687806 104.128156
v -146.571646 -3.794622 104.045416
v -146.201100 -3.879108 103.979974
v -145.823424 -3.940888 103.932119
v -145.440872 -3.979589 103.902142
v -149.968523 -0.447544 106.567735
v -149.874995 -0.850895 106.191927
v -149.786280 -1.096604 105.962996
v -149.674487 -1.337197 105.738832
v -149.539969 -1.571472 105.520555
v -149.383403 -1.798325 105.309193
v -149.205715 -2.016722 105.105709
v -149.007839 -2.225632 104.911065
v -148.790706 -2.424023 104.726221
v -148.555248 -2.610865 104.552138
v -148.257914 -2.813488 104.363351
v -147.939018 -2.997783 104.191641
v -147.618511 -3.154707 104.045432
v -147.282521 -3.293180 103.916415
v -146.932961 -3.412253 103.805473
v -146.571813 -3.511096 103.713380
v -146.201281 -3.589277 103.640537
v -145.823619 -3.646451 103.587267
v -145.441079 -3.682271 103.553893
v -149.968525 -0.407671 106.528911
v -149.875002 -0.775086 106.118114
v -149.786291 -0.998904 105.867869
v -149.674504 -1.218062 105.622834
v -149.539992 -1.431465 105.384233
v -149.383434 -1.638108 105.153191
v -149.205755 -1.837049 104.930761
v -149.007888 -2.027348 104.717992
v -148.790765 -2.208066 104.515936
v -148.555318 -2.378263 104.325643
v -148.257998 -2.562838 104.119274
v -147.939116 -2.730718 103.931571
v -147.618623 -2.873666 103.771744
v -147.282646 -2.999808 103.630709
v -146.933100 -3.108279 103.509430
v -146.571965 -3.198322 103.408754
v -146.201447 -3.269546 103.329120
v -145.823797 -3.321634 103.270881
v -145.441269 -3.354271 103.234389
v -149.968526 -0.364453 106.493830
v -149.875007 -0.692918 106.051417
v -149.786301 -0.893009 105.781912
v -149.674519 -1.088934 105.518018
v -149.540013 -1.279715 105.261053
v -149.383462 -1.464451 105.012228
v -149.205791 -1.642303 104.772677
v -149.007933 -1.812430 104.543531
v -148.790819 -1.973991 104.325921
v -148.555382 -2.126148 104.120979
v -148.258074 -2.291159 103.898724
v -147.939205 -2.441245 103.696569
v -147.618724 -2.569043 103.524436
v -147.282760 -2.681817 103.372539
v -146.933226 -2.778794 103.241919
v -146.572103 -2.859297 103.133487
v -146.201597 -2.922977 103.047716
v -145.823958 -2.969550 102.984985
v -145.441440 -2.998735 102.945674
v -149.968528 -0.318273 106.462740
v -149.875012 -0.605117 105.992307
v -149.786309 -0.779854 105.705732
v -149.674532 -0.950954 105.425125
v -149.540032 -1.117561 105.151884
v -149.383487 -1.278890 104.887299
v -149.205823 -1.434206 104.632575
v -149.007972 -1.582777 104.388914
v -148.790867 -1.723868 104.157520
v -148.555438 -1.856747 103.939595
v -148.258141 -2.000851 103.703259
v -147.939283 -2.131923 103.488297
v -147.618813 -2.243530 103.305256
v -147.282860 -2.342018 103.143733
v -146.933338 -2.426711 103.004833
v -146.572226 -2.497018 102.889526
v -146.201729 -2.552633 102.798314
v -145.824101 -2.593310 102.731601
v -145.441592 -2.618803 102.689791
v -149.968529 -0.269512 106.435888
v -149.875017 -0.512410 105.941255
v -149.786317 -0.660376 105.639938
v -149.674544 -0.805262 105.344895
v -149.540048 -0.946344 105.057598
v -149.383508 -1.082957 104.779401
v -149.205850 -1.214479 104.511572
v -149.008007 -1.340288 104.255376
v -148.790908 -1.459765 104.012076
v -148.555487 -1.572287 103.782938
v -148.258199 -1.694315 103.534440
v -147.939351 -1.805308 103.308415
v -147.618891 -1.899819 103.115954
v -147.282947 -1.983220 102.946116
v -146.933434 -2.054941 102.800065
v -146.572331 -2.114480 102.678819
v -146.201844 -2.161579 102.582907
v -145.824224 -2.196028 102.512755
v -145.441724 -2.217619 102.468785
v -149.968530 -0.205323 106.408593
v -149.875021 -0.390370 105.889360
v -149.786325 -0.503095 105.573058
v -149.674555 -0.613474 105.263341
v -149.540064 -0.720955 104.961755
v -149.383530 -0.825032 104.669722
v -149.205878 -0.925229 104.388572
v -149.008041 -1.021076 104.119632
v -148.790950 -1.112097 103.864230
v -148.555537 -1.197821 103.623693
v -148.258258 -1.290788 103.362833
v -147.939420 -1.375348 103.125562
v -147.618969 -1.447351 102.923524
v -147.283035 -1.510891 102.745234
v -146.933532 -1.565532 102.591912
v -146.572439 -1.610894 102.464629
v -146.201961 -1.646778 102.363939
v -145.824349 -1.673026 102.290289
v -145.441857 -1.689479 102.244123
v -149.968531 -0.138430 106.388836
v -149.875025 -0.263190 105.851799
v -149.786330 -0.339190 105.524651
v -149.674564 -0.413608 105.204313
v -149.540076 -0.486072 104.892385
v -149.383546 -0.556241 104.590337
v -149.205899 -0.623796 104.299545
v -149.008066 -0.688416 104.021381
v -148.790980 -0.749784 103.757219
v -148.555573 -0.807580 103.508432
v -148.258301 -0.870260 103.238624
v -147.939470 -0.927271 102.993214
v -147.619026 -0.975817 102.784243
v -147.283099 -1.018657 102.599835
v -146.933603 -1.055498 102.441251
v -146.572517 -1.086083 102.309597
v -146.202045 -1.110278 102.205449
v -145.824440 -1.127976 102.129266
v -145.441954 -1.139070 102.081510
v -149.968531 -0.069667 106.376954
v -149.875027 -0.132455 105.829209
v -149.786333 -0.170704 105.495537
v -149.674569 -0.208156 105.168811
v -149.540083 -0.244625 104.850663
v -149.383555 -0.279939 104.542592
v -149.205911 -0.313937 104.246000
v -149.008081 -0.346459 103.962289
v -148.790999 -0.377343 103.692859
v -148.555594 -0.406431 103.439110
v -148.258327 -0.437975 103.163920
v -147.939500 -0.466668 102.913614
v -147.619060 -0.491100 102.700474
v -147.283138 -0.512660 102.512386
v -146.933645 -0.531201 102.350636
v -146.572563 -0.546594 102.216355
v -146.202096 -0.558771 102.110126
v -145.824495 -0.567678 102.032420
v -145.442012 -0.573262 101.983707
v -0.010280 -2.514329 100.776874
v -0.252493 -2.501251 100.774361
v -0.497303 -2.463985 100.762161
v -0.740186 -2.402541 100.740875
v -0.976619 -2.316931 100.711107
v -1.202425 -2.207781 100.674084
v -1.414522 -2.077949 100.632115
v -1.610033 -1.930802 100.587457
v -1.786087 -1.769703 100.542366
v -1.945828 -1.591790 100.497440
v -2.091369 -1.394596 100.453351
v -2.219337 -1.181017 100.412184
v -2.326355 -0.953950 100.376025
v -2.409660 -0.716555 100.346881
v -2.468745 -0.473090 100.325644
v -2.503624 -0.228088 100.312778
v -2.514309 0.013939 100.308747
v -2.500810 0.256524 100.313830
v -2.463116 0.501579 100.327694
v -2.401214 0.744571 100.349874
v -2.315091 0.980966 100.379907
v -2.205462 1.206613 100.416755
v -2.075276 1.418435 100.458370
v -1.927909 1.613534 100.502663
v -1.766694 1.789058 100.547562
v -1.588234 1.948702 100.592718
v -1.390645 2.094008 100.637179
v -1.176805 2.221607 100.678688
v -0.949590 2.328133 100.714986
v -0.712175 2.410931 100.743799
v -0.468835 2.469563 100.764059
v -0.224095 2.504016 100.775163
v 0.017618 2.514280 100.776509
v 0.260293 2.500398 100.767714
v 0.504996 2.462424 100.749287
v 0.747309 2.400384 100.721942
v 0.982814 2.314304 100.686394
v 1.207524 2.204960 100.644082
v 1.418479 2.075258 100.597350
v 1.612863 1.928479 100.548474
v 1.787900 1.767865 100.499714
v 1.947236 1.590029 100.451421
v 2.092392 1.393056 100.404353
v 2.220008 1.179783 100.360635
v 2.326721 0.953052 100.322392
v 2.409814 0.715986 100.291649
v 2.468791 0.472812 100.269275
v 2.503629 0.228016 100.255735
v 2.514309 -0.013939 100.251497
v 2.500818 -0.256433 100.256841
v 2.463170 -0.501271 100.271433
v 2.401387 -0.743965 100.294805
v 2.315490 -0.980029 100.326491
v 2.206172 -1.205341 100.365480
v 2.076343 -1.416863 100.409697
v 1.929364 -1.611756 100.457017
v 1.768590 -1.787188 100.505317
v 1.591192 -1.946327 100.554197
v 1.394735 -2.091288 100.602941
v 1.182035 -2.218790 100.649275
v 0.955908 -2.325553 100.690925
v 0.719384 -2.408838 100.725558
v 0.476566 -2.468080 100.751903
v 0.231872 -2.503252 100.769246
v -0.010280 -2.514329 113.009175
v 0.231880 -2.503251 113.016497
v 0.476594 -2.468074 113.033533
v 0.719439 -2.408822 113.059575
v 0.955993 -2.325517 113.093917
v 1.182151 -2.218727 113.135291
v 1.394878 -2.091191 113.181366
v 1.591356 -1.946192 113.229871
v 1.768766 -1.787014 113.278534
v 1.929550 -1.611532 113.326638
v 2.076529 -1.416590 113.373775
v 2.206346 -1.205024 113.417827
v 2.315640 -0.979674 113.456673
v 2.401505 -0.743580 113.488240
v 2.463252 -0.500867 113.511521
v 2.500861 -0.256023 113.526050
v 2.514311 -0.013535 113.531362
v 2.503591 0.228428 113.527121
v 2.468710 0.473231 113.513609
v 2.409690 0.716409 113.491293
v 2.326548 0.953476 113.460639
v 2.219783 1.180204 113.422516
v 2.092116 1.393470 113.378946
v 1.946908 1.590432 113.332050
v 1.787521 1.768249 113.283951
v 1.612406 1.928860 113.235403
v 1.417941 2.075625 113.186766
v 1.206908 2.205298 113.140302
v 0.982126 2.314596 113.098284
v 0.746560 2.400616 113.063052
v 0.504204 2.462586 113.036037
v 0.259479 2.500484 113.017948
v 0.016810 2.514286 113.009493
v -0.224912 2.503942 113.011179
v -0.469639 2.469410 113.022623
v -0.712942 2.410706 113.043217
v -0.950301 2.327843 113.072352
v -1.177446 2.221266 113.108951
v -1.391209 2.093634 113.150735
v -1.588716 1.948311 113.195443
v -1.767094 1.788663 113.240815
v -1.928253 1.613121 113.285911
v -2.075567 1.418009 113.330381
v -2.205700 1.206181 113.372148
v -2.315275 0.980531 113.409120
v -2.401347 0.744138 113.439245
v -2.463203 0.501152 113.461488
v -2.500853 0.256107 113.475385
v -2.514311 0.013535 113.480470
v -2.503586 -0.228496 113.476409
v -2.468668 -0.473489 113.463485
v -2.409548 -0.716935 113.442162
v -2.326212 -0.954299 113.412903
v -2.219171 -1.181328 113.376604
v -2.091192 -1.394863 113.335274
v -1.945650 -1.592008 113.291004
v -1.785920 -1.769871 113.245884
v -1.609879 -1.930931 113.200577
v -1.414389 -2.078041 113.155681
v -1.202318 -2.207840 113.113453
v -0.976542 -2.316964 113.076153
v -0.740138 -2.402555 113.046092
v -0.497280 -2.463990 113.024503
v -0.252487 -2.501252 113.011994
v -0.436612 -2.476151 106.891429
v 0.000000 -2.514350 106.891429
v -0.859958 -2.362716 106.891429
v -1.257175 -2.177491 106.891429
v -1.616193 -1.926104 106.891429
v -1.926104 -1.616193 106.891429
v -2.177491 -1.257175 106.891429
v -2.362716 -0.859958 106.891429
v -2.476151 -0.436612 106.891429
v -2.514350 -0.000000 106.891429
v -2.476151 0.436612 106.891429
v -2.362716 0.859958 106.891429
v -2.177491 1.257175 106.891429
v -1.928330 1.613536 106.891429
v -1.616193 1.926104 106.891429
v -1.257175 2.177491 106.891429
v -0.859958 2.362716 106.891429
v -0.436612 2.476151 106.891429
v 0.000000 2.514350 106.891429
v 0.436612 2.476151 106.891429
v 0.859958 2.362716 106.891429
v 1.257175 2.177491 106.891429
v 1.614630 1.927414 106.891429
v 1.926104 1.616193 106.891429
v 2.177491 1.257175 106.891429
v 2.362716 0.859958 106.891429
v 2.476151 0.436612 106.891429
v 2.514350 0.000000 106.891429
v 2.476151 -0.436612 106.891429
v 2.362716 -0.859958 106.891429
v 2.177491 -1.257175 106.891429
v 1.926104 -1.616193 106.891429
v 1.616193 -1.926104 106.891429
v 1.257175 -2.177491 106.891429
v 0.859958 -2.362716 106.891429
v 0.436612 -2.476151 106.891429
v 45.000000 -0.000000 99.767788
v 45.000000 -0.741816 99.806665
v 45.000000 -1.475504 99.922870
v 45.000000 -2.193026 100.115129
v 45.000000 -2.886521 100.381337
v 45.000000 -3.548390 100.718577
v 45.000000 -4.171383 101.123153
v 45.000000 -4.748673 101.590633
v 45.000000 -5.273936 102.115896
v 45.000000 -5.741416 102.693186
v 45.000000 -6.145992 103.316179
v 45.000000 -6.483232 103.978049
v 45.000000 -6.749440 104.671544
v 45.000000 -6.941699 105.389066
v 45.000000 -7.057904 106.122755
v 45.000000 -7.096781 106.864570
v 45.000000 -7.057904 107.606386
v 45.000000 -6.941699 108.340074
v 45.000000 -6.749440 109.057597
v 45.000000 -6.483232 109.751092
v 45.000000 -6.145992 110.412961
v 45.000000 -5.741416 111.035954
v 45.000000 -5.273936 111.613244
v 45.000000 -4.748673 112.138507
v 45.000000 -4.171383 112.605988
v 45.000000 -3.548390 113.010564
v 45.000000 -2.886521 113.347803
v 45.000000 -2.193026 113.614011
v 45.000000 -1.475504 113.806271
v 45.000000 -0.741816 113.922476
v 45.000000 0.000000 113.961353
v 45.000000 0.741816 113.922476
v 45.000000 1.475504 113.806271
v 45.000000 2.193026 113.614011
v 45.000000 2.886521 113.347803
v 45.000000 3.548390 113.010564
v 45.000000 4.171383 112.605988
v 45.000000 4.748673 112.138507
v 45.000000 5.273936 111.613244
v 45.000000 5.741416 111.035954
v 45.000000 6.145992 110.412961
v 45.000000 6.483232 109.751092
v 45.000000 6.749440 109.057597
v 45.000000 6.941699 108.340074
v 45.000000 7.057904 107.606386
v 45.000000 7.096781 106.864570
v 45.000000 7.057904 106.122755
v 45.000000 6.941699 105.389066
v 45.000000 6.749440 104.671544
v 45.000000 6.483232 103.978049
v 45.000000 6.145992 103.316179
v 45.000000 5.741416 102.693186
v 45.000000 5.273936 102.115896
v 45.000000 4.748673 101.590633
v 45.000000 4.171383 101.123153
v 45.000000 3.548390 100.718577
v 45.000000 2.886521 100.381337
v 45.000000 2.193026 100.115129
v 45.000000 1.475504 99.922870
v 45.000000 0.741816 99.806665
v -129.212331 -0.000000 112.198240
v -113.374031 -0.000000 112.358531
v -97.535731 -0.000000 112.518822
v -81.697431 -0.000000 112.679113
v -65.859130 -0.000000 112.839405
v -50.020830 -0.000000 112.999696
v -34.182530 -0.000000 113.159987
v -18.344229 -0.000000 113.320278
v 13.332371 -0.000000 113.640861
v 29.170672 -0.000000 113.801152
v -129.218917 0.546004 101.779857
v -113.380831 0.563806 101.600475
v -97.542746 0.581607 101.421094
v -81.704660 0.599409 101.241713
v -65.866575 0.617210 101.062332
v -50.028489 0.635012 100.882951
v -34.190403 0.652813 100.703570
v -18.352318 0.670615 100.524189
v -18.352340 0.000001 100.489044
v -34.190425 0.000001 100.669358
v -50.028510 0.000002 100.849672
v -65.866595 0.000003 101.029986
v -81.704680 0.000003 101.210300
v -97.542765 0.000004 101.390614
v -113.380850 0.000004 101.570928
v -129.218935 0.000004 101.751242
v -129.218863 1.086027 101.865388
v -113.380775 1.121435 101.688795
v -97.542688 1.156843 101.512203
v -81.704601 1.192250 101.335610
v -65.866513 1.227658 101.159018
v -50.028426 1.263066 100.982425
v -34.190339 1.298474 100.805833
v -18.352251 1.333882 100.629241
v -2.514164 1.369290 100.452648
v -129.218773 1.614150 102.006898
v -113.380683 1.666777 101.834919
v -97.542593 1.719403 101.662940
v -81.704503 1.772030 101.490962
v -65.866412 1.824656 101.318983
v -50.028322 1.877282 101.147004
v -34.190232 1.929909 100.975025
v -18.352142 1.982535 100.803047
v -2.514051 2.035162 100.631068
v -129.218650 2.124588 102.202836
v -113.380555 2.193855 102.037245
v -97.542461 2.263122 101.871654
v -81.704367 2.332389 101.706063
v -65.866272 2.401656 101.540472
v -50.028178 2.470923 101.374881
v -34.190084 2.540190 101.209290
v -18.351989 2.609456 101.043698
v -2.513895 2.678723 100.878107
v 13.324199 2.747990 100.712516
v 29.162294 2.817256 100.546924
v 29.162129 2.140406 100.287107
v 13.324039 2.087784 100.459088
v -2.513942 2.504215 100.803406
v -18.352035 2.441198 100.971644
v -34.190128 2.378090 101.139844
v -50.028220 2.314888 101.308006
v -65.866313 2.251594 101.476131
v -81.704406 2.188208 101.644219
v -97.542498 2.124729 101.812269
v -113.380591 2.061158 101.980281
v -129.218684 1.997494 102.148255
v -129.218493 2.611749 102.451057
v -113.380393 2.696899 102.293559
v -97.542294 2.782049 102.136060
v -81.704194 2.867198 101.978561
v -65.866095 2.952348 101.821063
v -50.027996 3.037498 101.663564
v -34.189896 3.122647 101.506065
v -18.351797 3.207797 101.348566
v -2.513697 3.292946 101.191067
v 13.324402 3.378095 101.033569
v 29.162502 3.463245 100.876070
v -129.218304 3.070295 102.748840
v -113.380199 3.170395 102.601050
v -97.542093 3.270495 102.453260
v -81.703988 3.370594 102.305470
v -65.865882 3.470694 102.157679
v -50.027777 3.570793 102.009889
v -34.189671 3.670893 101.862098
v -18.351565 3.770992 101.714308
v -2.513460 3.871091 101.566517
v 13.324646 3.971190 101.418726
v 29.162751 4.071290 101.270936
v -129.218087 3.495202 103.092923
v -113.379974 3.609155 102.956351
v -97.541862 3.723108 102.819778
v -81.703749 3.837061 102.683206
v -65.865636 3.951014 102.546633
v -50.027524 4.064967 102.410061
v -34.189411 4.178920 102.273488
v -18.351298 4.292872 102.136915
v -2.513186 4.406825 102.000342
v 13.324927 4.520777 101.863770
v 29.163040 4.634729 101.727196
v -129.217843 3.881816 103.479536
v -113.379722 4.008373 103.355568
v -97.541601 4.134931 103.231600
v -81.703481 4.261489 103.107632
v -65.865360 4.388047 102.983664
v -50.027239 4.514604 102.859696
v -34.189119 4.641162 102.735728
v -18.350998 4.767719 102.611759
v -2.512878 4.894277 102.487791
v 13.325243 5.020834 102.363822
v 29.163364 5.147391 102.239853
v -129.217574 4.225899 103.904443
v -113.379445 4.363675 103.794328
v -97.541315 4.501451 103.684213
v -81.703186 4.639227 103.574098
v -65.865056 4.777003 103.463983
v -50.026927 4.914779 103.353868
v -34.188798 5.052555 103.243752
v -18.350668 5.190331 103.133637
v -2.512539 5.328106 103.023521
v 13.325590 5.465882 102.913405
v 29.163720 5.603657 102.803290
v -129.217284 4.523682 104.362989
v -113.379145 4.671167 104.267824
v -97.541006 4.818652 104.172659
v -81.702868 4.966137 104.077493
v -65.864729 5.113622 103.982328
v -50.026590 5.261107 103.887162
v -34.188451 5.408591 103.791997
v -18.350312 5.556076 103.696831
v -2.512174 5.703560 103.601665
v 13.325965 5.851045 103.506498
v 29.164104 5.998529 103.411332
v -129.216976 4.771904 104.850150
v -113.378827 4.927482 104.770867
v -97.540678 5.083060 104.691585
v -81.702530 5.238637 104.612302
v -65.864381 5.394215 104.533020
v -50.026232 5.549793 104.453737
v -34.188083 5.705371 104.374453
v -18.349934 5.860948 104.295170
v -2.511785 6.016526 104.215887
v 13.326364 6.172103 104.136603
v 29.164512 6.327681 104.057319
v -129.216653 4.967843 105.360588
v -113.378494 5.129809 105.297947
v -97.540335 5.291776 105.235307
v -81.702175 5.453742 105.172666
v -65.864016 5.615709 105.110024
v -50.025857 5.777675 105.047383
v -34.187697 5.939641 104.984742
v -18.349538 6.101607 104.922100
v -2.511378 6.263573 104.859458
v 13.326781 6.425539 104.796816
v 29.164940 6.587505 104.734174
v -129.216320 5.109353 105.888711
v -113.378149 5.275934 105.843289
v -97.539979 5.442514 105.797867
v -81.701809 5.609095 105.752444
v -65.863639 5.775675 105.707021
v -50.025468 5.942255 105.661598
v -34.187298 6.108836 105.616175
v -18.349128 6.275416 105.570751
v -2.510958 6.441996 105.525328
v 13.327213 6.608576 105.479904
v 29.165383 6.775156 105.434480
v -129.215978 5.194885 106.428733
v -113.377797 5.364254 106.400917
v -97.539616 5.533624 106.373101
v -81.701434 5.702993 106.345285
v -65.863253 5.872362 106.317468
v -50.025071 6.041732 106.289652
v -34.186890 6.211101 106.261835
v -18.348709 6.380470 106.234018
v -2.510527 6.549839 106.206200
v 13.327654 6.719208 106.178383
v 29.165836 6.888578 106.150565
v -129.215633 5.223500 106.974679
v -113.377441 5.393803 106.964668
v -97.539248 5.564105 106.954657
v -81.701055 5.734408 106.944647
v -65.862863 5.904711 106.934636
v -50.024670 6.075013 106.924626
v -34.186477 6.245316 106.914616
v -18.348285 6.415618 106.904606
v -2.510092 6.585921 106.894596
v 13.328101 6.756224 106.884586
v 29.166293 6.926526 106.874577
v -129.215288 5.194885 107.520742
v -113.377084 5.364255 107.528529
v -97.538880 5.533626 107.536316
v -81.700676 5.702996 107.544102
v -65.862472 5.872366 107.551889
v -50.024269 6.041736 107.559675
v -34.186065 6.211106 107.567461
v -18.347861 6.380476 107.575247
v -2.509657 6.549846 107.583033
v 13.328547 6.719216 107.590818
v 29.166751 6.888587 107.598603
v -129.214947 5.109355 108.060764
v -113.376732 5.275936 108.086158
v -97.538517 5.442518 108.111551
v -81.700302 5.609100 108.136944
v -65.862087 5.775682 108.162337
v -50.023872 5.942264 108.187730
v -34.185657 6.108846 108.213123
v -18.347442 6.275428 108.238515
v -2.509227 6.442010 108.263907
v 13.328989 6.608592 108.289299
v 29.167204 6.775174 108.314691
v -129.214613 4.967845 108.588888
v -113.376387 5.129813 108.631500
v -97.538161 5.291781 108.674112
v -81.699935 5.453750 108.716724
v -65.861709 5.615718 108.759336
v -50.023483 5.777687 108.801947
v -34.185257 5.939656 108.844558
v -18.347032 6.101624 108.887170
v -2.508806 6.263593 108.929781
v 13.329420 6.425562 108.972391
v 29.167646 6.587531 109.015002
v -129.214290 4.771906 109.099327
v -113.376054 4.927486 109.158581
v -97.537817 5.083067 109.217835
v -81.699581 5.238647 109.277089
v -65.861345 5.394228 109.336343
v -50.023108 5.549808 109.395597
v -34.184872 5.705389 109.454850
v -18.346635 5.860970 109.514103
v -2.508399 6.016551 109.573357
v 13.329838 6.172132 109.632610
v 29.168074 6.327713 109.691863
v -129.213982 4.523685 109.586488
v -113.375736 4.671173 109.661625
v -97.537489 4.818661 109.736763
v -81.699243 4.966149 109.811900
v -65.860996 5.113637 109.887037
v -50.022750 5.261125 109.962174
v -34.184503 5.408613 110.037311
v -18.346257 5.556101 110.112448
v -2.508011 5.703590 110.187584
v 13.330236 5.851078 110.262721
v 29.168482 5.998567 110.337857
v -129.213692 4.225902 110.045034
v -113.375437 4.363681 110.135122
v -97.537181 4.501460 110.225210
v -81.698925 4.639240 110.315298
v -65.860669 4.777019 110.405385
v -50.022413 4.914799 110.495473
v -34.184157 5.052578 110.585560
v -18.345901 5.190358 110.675647
v -2.507645 5.328138 110.765734
v 13.330611 5.465918 110.855821
v 29.168867 5.603698 110.945908
v -129.213424 3.881818 110.469942
v -113.375159 4.008380 110.573884
v -97.536895 4.134941 110.677825
v -81.698630 4.261502 110.781766
v -65.860365 4.388063 110.885708
v -50.022100 4.514625 110.989649
v -34.183836 4.641186 111.093590
v -18.345571 4.767748 111.197531
v -2.507306 4.894310 111.301472
v 13.330958 5.020872 111.405412
v 29.169223 5.147434 111.509353
v -129.213179 3.495205 110.856556
v -113.374907 3.609161 110.973102
v -97.536634 3.723118 111.089649
v -81.698362 3.837074 111.206195
v -65.860089 3.951031 111.322742
v -50.021816 4.064988 111.439288
v -34.183544 4.178944 111.555835
v -18.345271 4.292901 111.672381
v -2.506998 4.406858 111.788927
v 13.331274 4.520815 111.905473
v 29.169547 4.634772 112.022019
v -129.212962 3.070298 111.200639
v -113.374682 3.170401 111.328404
v -97.536403 3.270504 111.456169
v -81.698123 3.370607 111.583935
v -65.859843 3.470710 111.711700
v -50.021563 3.570813 111.839465
v -34.183284 3.670916 111.967230
v -18.345004 3.771020 112.094994
v -2.506724 3.871123 112.222759
v 13.331556 3.971227 112.350524
v 29.169835 4.071331 112.478289
v -129.212774 2.611751 111.498423
v -113.374488 2.696904 111.635897
v -97.536202 2.782057 111.773371
v -81.697916 2.867210 111.910845
v -65.859630 2.952363 112.048319
v -50.021344 3.037516 112.185793
v -34.183059 3.122669 112.323267
v -18.344773 3.207822 112.460741
v -2.506487 3.292975 112.598215
v 13.331799 3.378128 112.735689
v 29.170085 3.463282 112.873163
v -129.212617 2.124590 111.746644
v -113.374326 2.193859 111.892211
v -97.536035 2.263129 112.037778
v -81.697744 2.332399 112.183346
v -65.859453 2.401668 112.328913
v -50.021162 2.470938 112.474480
v -34.182871 2.540208 112.620047
v -18.344580 2.609478 112.765614
v -2.506289 2.678748 112.911181
v 13.332002 2.748018 113.056748
v 29.170293 2.817288 113.202315
v -129.212493 1.614150 111.942583
v -113.374198 1.666777 112.094539
v -97.535903 1.719403 112.246495
v -81.697608 1.772029 112.398451
v -65.859313 1.824656 112.550408
v -50.021018 1.877282 112.702364
v -34.182723 1.929909 112.854320
v -18.344428 1.982535 113.006276
v -2.506133 2.035162 113.158232
v 13.332162 2.087792 113.310187
v 29.170457 2.140423 113.462141
v -129.212404 1.086027 112.084094
v -113.374106 1.121435 112.240663
v -97.535808 1.156843 112.397233
v -81.697510 1.192250 112.553803
v -65.859212 1.227658 112.710372
v -50.020914 1.263066 112.866942
v -34.182616 1.298474 113.023512
v -18.344318 1.333882 113.180082
v -2.506020 1.369290 113.336651
v -129.212349 0.546004 112.169625
v -113.374050 0.563806 112.328983
v -97.535750 0.581607 112.488341
v -81.697450 0.599409 112.647700
v -65.859151 0.617210 112.807058
v -50.020851 0.635012 112.966416
v -34.182551 0.652813 113.125775
v -18.344252 0.670615 113.285133
v -129.212349 -0.546004 112.169625
v -113.374050 -0.563806 112.328983
v -97.535750 -0.581607 112.488341
v -81.697450 -0.599409 112.647700
v -65.859151 -0.617210 112.807058
v -50.020851 -0.635012 112.966416
v -34.182551 -0.652813 113.125775
v -18.344252 -0.670615 113.285133
v -129.212404 -1.086027 112.084094
v -113.374106 -1.121435 112.240663
v -97.535808 -1.156843 112.397233
v -81.697510 -1.192250 112.553803
v -65.859212 -1.227658 112.710372
v -50.020914 -1.263066 112.866942
v -34.182616 -1.298474 113.023512
v -18.344318 -1.333882 113.180082
v -2.506020 -1.369290 113.336651
v -129.212493 -1.614150 111.942583
v -113.374198 -1.666777 112.094539
v -97.535903 -1.719403 112.246495
v -81.697608 -1.772030 112.398451
v -65.859313 -1.824656 112.550408
v -50.021018 -1.877282 112.702364
v -34.182723 -1.929909 112.854320
v -18.344428 -1.982535 113.006276
v -2.506133 -2.035162 113.158232
v -129.212617 -2.124590 111.746644
v -113.374326 -2.193859 111.892211
v -97.536035 -2.263129 112.037778
v -81.697744 -2.332399 112.183346
v -65.859453 -2.401668 112.328913
v -50.021162 -2.470938 112.474480
v -34.182871 -2.540208 112.620047
v -18.344580 -2.609478 112.765614
v -2.506289 -2.678748 112.911181
v 13.332002 -2.748018 113.056748
v 29.170293 -2.817288 113.202315
v 29.170457 -2.140423 113.462141
v 13.332162 -2.087792 113.310187
v -2.506242 -2.504402 112.985817
v -18.344534 -2.441357 112.837613
v -34.182827 -2.378220 112.689447
v -50.021120 -2.314993 112.541318
v -65.859412 -2.251674 112.393226
v -81.697705 -2.188264 112.245171
v -97.535997 -2.124762 112.097153
v -113.374290 -2.061170 111.949173
v -129.212582 -1.997486 111.801229
v -129.212774 -2.611751 111.498423
v -113.374488 -2.696904 111.635897
v -97.536202 -2.782057 111.773371
v -81.697916 -2.867210 111.910845
v -65.859630 -2.952363 112.048319
v -50.021344 -3.037516 112.185793
v -34.183059 -3.122669 112.323267
v -18.344773 -3.207822 112.460741
v -2.506487 -3.292975 112.598215
v 13.331799 -3.378128 112.735689
v 29.170085 -3.463282 112.873163
v -129.212962 -3.070298 111.200639
v -113.374682 -3.170401 111.328404
v -97.536403 -3.270504 111.456169
v -81.698123 -3.370607 111.583935
v -65.859843 -3.470710 111.711700
v -50.021563 -3.570813 111.839465
v -34.183284 -3.670916 111.967230
v -18.345004 -3.771020 112.094994
v -2.506724 -3.871123 112.222759
v 13.331556 -3.971227 112.350524
v 29.169835 -4.071331 112.478289
v -129.213179 -3.495205 110.856555
v -113.374907 -3.609161 110.973102
v -97.536634 -3.723118 111.089649
v -81.698362 -3.837074 111.206195
v -65.860089 -3.951031 111.322742
v -50.021816 -4.064988 111.439288
v -34.183544 -4.178944 111.555835
v -18.345271 -4.292901 111.672381
v -2.506998 -4.406858 111.788927
v 13.331274 -4.520815 111.905473
v 29.169547 -4.634772 112.022019
v -129.213424 -3.881818 110.469942
v -113.375159 -4.008380 110.573884
v -97.536895 -4.134941 110.677825
v -81.698630 -4.261502 110.781766
v -65.860365 -4.388063 110.885708
v -50.022100 -4.514625 110.989649
v -34.183836 -4.641186 111.093590
v -18.345571 -4.767748 111.197531
v -2.507306 -4.894310 111.301472
v 13.330958 -5.020872 111.405412
v 29.169223 -5.147434 111.509353
v -129.213692 -4.225902 110.045034
v -113.375437 -4.363681 110.135122
v -97.537181 -4.501460 110.225210
v -81.698925 -4.639240 110.315298
v -65.860669 -4.777019 110.405385
v -50.022413 -4.914799 110.495473
v -34.184157 -5.052578 110.585560
v -18.345901 -5.190358 110.675647
v -2.507645 -5.328138 110.765734
v 13.330611 -5.465918 110.855821
v 29.168867 -5.603698 110.945908
v -129.213982 -4.523685 109.586488
v -113.375736 -4.671173 109.661625
v -97.537489 -4.818661 109.736763
v -81.699243 -4.966149 109.811900
v -65.860996 -5.113637 109.887037
v -50.022750 -5.261125 109.962174
v -34.184503 -5.408613 110.037311
v -18.346257 -5.556101 110.112448
v -2.508011 -5.703590 110.187584
v 13.330236 -5.851078 110.262721
v 29.168482 -5.998567 110.337857
v -129.214290 -4.771906 109.099327
v -113.376054 -4.927486 109.158581
v -97.537817 -5.083067 109.217835
v -81.699581 -5.238647 109.277089
v -65.861345 -5.394228 109.336343
v -50.023108 -5.549808 109.395597
v -34.184872 -5.705389 109.454850
v -18.346635 -5.860970 109.514103
v -2.508399 -6.016551 109.573357
v 13.329838 -6.172132 109.632610
v 29.168074 -6.327713 109.691863
v -129.214613 -4.967845 108.588888
v -113.376387 -5.129813 108.631500
v -97.538161 -5.291781 108.674112
v -81.699935 -5.453750 108.716724
v -65.861709 -5.615718 108.759336
v -50.023483 -5.777687 108.801947
v -34.185257 -5.939656 108.844558
v -18.347032 -6.101624 108.887170
v -2.508806 -6.263593 108.929781
v 13.329420 -6.425562 108.972391
v 29.167646 -6.587531 109.015002
v -129.214947 -5.109355 108.060764
v -113.376732 -5.275936 108.086158
v -97.538517 -5.442518 108.111551
v -81.700302 -5.609100 108.136944
v -65.862087 -5.775682 108.162337
v -50.023872 -5.942264 108.187730
v -34.185657 -6.108846 108.213123
v -18.347442 -6.275428 108.238515
v -2.509227 -6.442010 108.263907
v 13.328989 -6.608592 108.289299
v 29.167204 -6.775174 108.314691
v -129.215288 -5.194885 107.520742
v -113.377084 -5.364255 107.528529
v -97.538880 -5.533626 107.536316
v -81.700676 -5.702996 107.544102
v -65.862472 -5.872366 107.551889
v -50.024269 -6.041736 107.559675
v -34.186065 -6.211106 107.567461
v -18.347861 -6.380476 107.575247
v -2.509657 -6.549846 107.583033
v 13.328547 -6.719216 107.590818
v 29.166751 -6.888587 107.598603
v -129.215633 -5.223500 106.974843
v -113.377440 -5.393803 106.964822
v -97.539248 -5.564105 106.954800
v -81.701055 -5.734408 106.944777
v -65.862863 -5.904711 106.934754
v -50.024670 -6.075013 106.924730
v -34.186477 -6.245316 106.914705
v -18.348285 -6.415618 106.904679
v -2.510092 -6.585921 106.894652
v 13.328101 -6.756224 106.884625
v 29.166293 -6.926526 106.874597
v -129.215978 -5.194885 106.428733
v -113.377797 -5.364254 106.400917
v -97.539616 -5.533624 106.373101
v -81.701434 -5.702993 106.345285
v -65.863253 -5.872362 106.317468
v -50.025071 -6.041732 106.289652
v -34.186890 -6.211101 106.261835
v -18.348709 -6.380470 106.234018
v -2.510527 -6.549839 106.206200
v 13.327654 -6.719208 106.178383
v 29.165836 -6.888578 106.150565
v -129.216320 -5.109353 105.888711
v -113.378149 -5.275934 105.843289
v -97.539979 -5.442514 105.797867
v -81.701809 -5.609095 105.752444
v -65.863639 -5.775675 105.707021
v -50.025468 -5.942255 105.661598
v -34.187298 -6.108836 105.616175
v -18.349128 -6.275416 105.570751
v -2.510958 -6.441996 105.525328
v 13.327213 -6.608576 105.479904
v 29.165383 -6.775156 105.434480
v -129.216653 -4.967843 105.360588
v -113.378494 -5.129809 105.297947
v -97.540335 -5.291776 105.235307
v -81.702175 -5.453742 105.172666
v -65.864016 -5.615709 105.110025
v -50.025857 -5.777675 105.047383
v -34.187697 -5.939641 104.984742
v -18.349538 -6.101607 104.922100
v -2.511378 -6.263573 104.859458
v 13.326781 -6.425539 104.796816
v 29.164940 -6.587505 104.734174
v -129.216976 -4.771904 104.850150
v -113.378827 -4.927482 104.770867
v -97.540678 -5.083060 104.691585
v -81.702530 -5.238637 104.612302
v -65.864381 -5.394215 104.533020
v -50.026232 -5.549793 104.453737
v -34.188083 -5.705371 104.374454
v -18.349934 -5.860948 104.295170
v -2.511785 -6.016526 104.215887
v 13.326364 -6.172103 104.136603
v 29.164512 -6.327681 104.057319
v -129.217284 -4.523682 104.362989
v -113.379145 -4.671167 104.267824
v -97.541006 -4.818652 104.172659
v -81.702868 -4.966137 104.077493
v -65.864729 -5.113622 103.982328
v -50.026590 -5.261107 103.887162
v -34.188451 -5.408591 103.791997
v -18.350312 -5.556076 103.696831
v -2.512174 -5.703560 103.601665
v 13.325965 -5.851045 103.506498
v 29.164104 -5.998529 103.411332
v -129.217574 -4.225899 103.904443
v -113.379445 -4.363675 103.794328
v -97.541315 -4.501451 103.684213
v -81.703186 -4.639227 103.574098
v -65.865056 -4.777003 103.463983
v -50.026927 -4.914779 103.353868
v -34.188798 -5.052555 103.243752
v -18.350668 -5.190331 103.133637
v -2.512539 -5.328106 103.023521
v 13.325590 -5.465882 102.913405
v 29.163720 -5.603657 102.803290
v -129.217843 -3.881816 103.479536
v -113.379722 -4.008373 103.355568
v -97.541601 -4.134931 103.231600
v -81.703481 -4.261489 103.107632
v -65.865360 -4.388047 102.983664
v -50.027239 -4.514604 102.859696
v -34.189119 -4.641162 102.735728
v -18.350998 -4.767719 102.611759
v -2.512878 -4.894277 102.487791
v 13.325243 -5.020834 102.363822
v 29.163364 -5.147391 102.239853
v -129.218087 -3.495202 103.092923
v -113.379974 -3.609155 102.956351
v -97.541862 -3.723108 102.819778
v -81.703749 -3.837061 102.683206
v -65.865636 -3.951014 102.546633
v -50.027524 -4.064967 102.410061
v -34.189411 -4.178920 102.273488
v -18.351298 -4.292872 102.136915
v -2.513186 -4.406825 102.000342
v 13.324927 -4.520777 101.863770
v 29.163040 -4.634729 101.727196
v -129.218304 -3.070295 102.748840
v -113.380199 -3.170395 102.601050
v -97.542093 -3.270495 102.453260
v -81.703988 -3.370594 102.305470
v -65.865882 -3.470694 102.157679
v -50.027777 -3.570793 102.009889
v -34.189671 -3.670893 101.862098
v -18.351565 -3.770992 101.714308
v -2.513460 -3.871091 101.566517
v 13.324646 -3.971191 101.418726
v 29.162751 -4.071290 101.270936
v -129.218493 -2.611749 102.451057
v -113.380393 -2.696899 102.293559
v -97.542294 -2.782049 102.136060
v -81.704194 -2.867198 101.978561
v -65.866095 -2.952348 101.821063
v -50.027996 -3.037498 101.663564
v -34.189896 -3.122647 101.506065
v -18.351797 -3.207797 101.348566
v -2.513697 -3.292946 101.191067
v 13.324402 -3.378095 101.033569
v 29.162502 -3.463245 100.876070
v -129.218650 -2.124588 102.202836
v -113.380555 -2.193855 102.037245
v -97.542461 -2.263122 101.871654
v -81.704367 -2.332389 101.706063
v -65.866272 -2.401656 101.540472
v -50.028178 -2.470923 101.374881
v -34.190084 -2.540190 101.209290
v -18.351989 -2.609456 101.043698
v -2.513895 -2.678723 100.878107
v 13.324199 -2.747990 100.712516
v 29.162294 -2.817256 100.546924
v -129.218773 -1.614150 102.006898
v -113.380683 -1.666777 101.834919
v -97.542593 -1.719403 101.662940
v -81.704503 -1.772029 101.490962
v -65.866412 -1.824656 101.318983
v -50.028322 -1.877282 101.147004
v -34.190232 -1.929909 100.975025
v -18.352142 -1.982535 100.803047
v -2.514051 -2.035162 100.631068
v 13.324039 -2.087784 100.459088
v 29.162129 -2.140406 100.287107
v -129.218863 -1.086027 101.865388
v -113.380775 -1.121435 101.688795
v -97.542688 -1.156843 101.512203
v -81.704601 -1.192250 101.335610
v -65.866513 -1.227658 101.159018
v -50.028426 -1.263066 100.982425
v -34.190339 -1.298474 100.805833
v -18.352251 -1.333882 100.629241
v -2.514164 -1.369290 100.452648
v -129.218917 -0.546004 101.779857
v -113.380831 -0.563806 101.600475
v -97.542746 -0.581607 101.421094
v -81.704660 -0.599409 101.241713
v -65.866575 -0.617210 101.062332
v -50.028489 -0.635012 100.882951
v -34.190403 -0.652813 100.703570
v -18.352318 -0.670615 100.524189
v 13.332278 1.404700 113.493221
v 29.170576 1.440112 113.649790
v 13.332348 0.706219 113.603849
v 29.170648 0.724022 113.763208
v 13.332348 -0.706219 113.603849
v 29.170648 -0.724022 113.763208
v 13.332278 -1.404700 113.493221
v 29.170576 -1.440112 113.649790
v 13.323923 -1.404695 100.276055
v 29.162011 -1.440100 100.099462
v 13.323853 -0.706216 100.165427
v 29.161939 -0.724016 99.986046
v 13.323830 0.000000 100.128416
v 29.161915 -0.000000 99.948102
v 13.323853 0.706216 100.165427
v 29.161939 0.724016 99.986046
v 13.323923 1.404695 100.276055
v 29.162011 1.440100 100.099462
vt -0.780338 -1.086827 0.000000
vt -0.780338 -1.121886 0.000000
vt -0.741737 -1.089374 0.000000
vt -0.720312 -1.121886 0.000000
vt -0.703136 -1.089374 0.000000
vt -0.660286 -1.121886 0.000000
vt -0.664534 -1.089374 0.000000
vt -0.625933 -1.089374 0.000000
vt -0.664534 -1.056863 0.000000
vt -0.625933 -1.056863 0.000000
vt -0.664534 -1.024351 0.000000
vt -0.625933 -1.024351 0.000000
vt -0.664534 -0.991839 0.000000
vt -0.625933 -0.991839 0.000000
vt -0.664534 -0.959328 0.000000
vt -0.625933 -0.959328 0.000000
vt -0.664534 -0.926816 0.000000
vt -0.625933 -0.926816 0.000000
vt -0.664534 -0.894305 0.000000
vt -0.625933 -0.894305 0.000000
vt -0.664534 -0.861793 0.000000
vt -0.625933 -0.861793 0.000000
vt -0.664534 -0.829281 0.000000
vt -0.625933 -0.829281 0.000000
vt -0.664534 -0.796770 0.000000
vt -0.625933 -0.796770 0.000000
vt -0.664534 -0.764258 0.000000
vt -0.625933 -0.764258 0.000000
vt -0.664534 -0.731747 0.000000
vt -0.625933 -0.731747 0.000000
vt -0.664534 -0.699235 0.000000
vt -0.625933 -0.699235 0.000000
vt -0.664534 -0.666723 0.000000
vt -0.625933 -0.666723 0.000000
vt -0.664534 -0.634212 0.000000
vt -0.625933 -0.634212 0.000000
vt -0.664534 -0.601700 0.000000
vt -0.625933 -0.601700 0.000000
vt -0.664534 -0.569189 0.000000
vt -0.625933 -0.569189 0.000000
vt -0.664534 -0.536677 0.000000
vt -0.625933 -0.536677 0.000000
vt -0.664534 -0.504165 0.000000
vt -0.625933 -0.504165 0.000000
vt -0.664534 -0.471654 0.000000
vt -0.625933 -0.471654 0.000000
vt -0.664534 -0.439142 0.000000
vt -0.625933 -0.439142 0.000000
vt -0.664534 -0.406631 0.000000
vt -0.625933 -0.406631 0.000000
vt -0.664534 -0.374119 0.000000
vt -0.625933 -0.374119 0.000000
vt -0.664534 -0.341608 0.000000
vt -0.625933 -0.341608 0.000000
vt -0.664534 -0.309096 0.000000
vt -0.625933 -0.309096 0.000000
vt -0.664534 -0.276584 0.000000
vt -0.625933 -0.276584 0.000000
vt -0.664534 -0.244073 0.000000
vt -0.625933 -0.244073 0.000000
vt -0.664534 -0.211561 0.000000
vt -0.625933 -0.211561 0.000000
vt -0.664534 -0.179050 0.000000
vt -0.625933 -0.179050 0.000000
vt -0.664534 -0.146538 0.000000
vt -0.625933 -0.146538 0.000000
vt -0.664534 -0.114026 0.000000
vt -0.625933 -0.114026 0.000000
vt -0.664534 -0.081515 0.000000
vt -0.625933 -0.081515 0.000000
vt -0.664534 -0.049003 0.000000
vt -0.625933 -0.049003 0.000000
vt -0.664534 -0.016492 0.000000
vt -0.625933 -0.016492 0.000000
vt -0.664534 0.016020 0.000000
vt -0.625933 0.016020 0.000000
vt -0.664534 0.048532 0.000000
vt -0.625933 0.048532 0.000000
vt -0.664534 0.081043 0.000000
vt -0.625933 0.081043 0.000000
vt -0.664534 0.113555 0.000000
vt -0.625933 0.113555 0.000000
vt -0.664534 0.146066 0.000000
vt -0.625933 0.146066 0.000000
vt -0.664534 0.178578 0.000000
vt -0.625933 0.178578 0.000000
vt -0.664534 0.211090 0.000000
vt -0.625933 0.211090 0.000000
vt -0.664534 0.243601 0.000000
vt -0.625933 0.243601 0.000000
vt -0.664534 0.276113 0.000000
vt -0.625933 0.276113 0.000000
vt -0.664534 0.308624 0.000000
vt -0.625933 0.308624 0.000000
vt -0.664534 0.341136 0.000000
vt -0.625933 0.341136 0.000000
vt -0.664534 0.373647 0.000000
vt -0.625933 0.373647 0.000000
vt -0.664534 0.406159 0.000000
vt -0.625933 0.406159 0.000000
vt -0.664534 0.438671 0.000000
vt -0.625933 0.438671 0.000000
vt -0.664534 0.471182 0.000000
vt -0.625933 0.471182 0.000000
vt -0.664534 0.503694 0.000000
vt -0.625933 0.503694 0.000000
vt -0.664534 0.536205 0.000000
vt -0.625933 0.536205 0.000000
vt -0.664534 0.568717 0.000000
vt -0.625933 0.568717 0.000000
vt -0.664534 0.601229 0.000000
vt -0.625933 0.601229 0.000000
vt -0.664534 0.633740 0.000000
vt -0.625933 0.633740 0.000000
vt -0.664534 0.666124 0.000000
vt -0.625933 0.666124 0.000000
vt -0.664534 0.698763 0.000000
vt -0.625933 0.698763 0.000000
vt -0.664534 0.731275 0.000000
vt -0.625933 0.731275 0.000000
vt -0.664534 0.763787 0.000000
vt -0.625933 0.763787 0.000000
vt -0.664534 0.796298 0.000000
vt -0.625933 0.796298 0.000000
vt -0.664534 0.828810 0.000000
vt -0.625933 0.828810 0.000000
vt -0.664534 0.861321 0.000000
vt -0.625933 0.861321 0.000000
vt -0.664534 0.893833 0.000000
vt -0.625933 0.893833 0.000000
vt -0.664534 0.926345 0.000000
vt -0.625933 0.926345 0.000000
vt -0.664534 0.958856 0.000000
vt -0.625933 0.958856 0.000000
vt -0.664534 0.999614 0.000000
vt -0.625933 0.999614 0.000000
vt -0.664534 1.040371 0.000000
vt -0.625933 1.040371 0.000000
vt -0.664534 1.081128 0.000000
vt -0.625933 1.081128 0.000000
vt -0.660286 1.121886 0.000000
vt -0.600260 1.121886 0.000000
vt -0.587332 1.081128 0.000000
vt -0.540234 1.121886 0.000000
vt -0.548730 1.081128 0.000000
vt -0.510129 1.081128 0.000000
vt -0.510129 1.040371 0.000000
vt -0.471528 1.040371 0.000000
vt -0.471528 0.999614 0.000000
vt -0.430848 0.999614 0.000000
vt -0.430848 0.958856 0.000000
vt -0.390169 0.958856 0.000000
vt -0.390169 0.926345 0.000000
vt -0.355396 0.926345 0.000000
vt -0.355396 0.893833 0.000000
vt -0.320623 0.893833 0.000000
vt -0.320623 0.861321 0.000000
vt -0.285849 0.861321 0.000000
vt -0.285849 0.828810 0.000000
vt -0.251076 0.828810 0.000000
vt -0.251076 0.796298 0.000000
vt -0.216303 0.796298 0.000000
vt -0.216303 0.763787 0.000000
vt -0.181530 0.763787 0.000000
vt -0.181530 0.731275 0.000000
vt -0.146756 0.731275 0.000000
vt -0.146756 0.698763 0.000000
vt -0.111983 0.698763 0.000000
vt -0.111983 0.666124 0.000000
vt -0.055990 0.666124 0.000000
vt -0.055990 0.633740 0.000000
vt 0.000004 0.666124 0.000000
vt 0.000003 0.631047 0.000000
vt -0.055990 0.601229 0.000000
vt 0.000002 0.595981 0.000000
vt -0.055990 0.568717 0.000000
vt -0.000000 0.560932 0.000000
vt -0.055990 0.536205 0.000000
vt -0.000000 0.525884 0.000000
vt -0.055990 0.503694 0.000000
vt -0.000000 0.490836 0.000000
vt -0.055990 0.471182 0.000000
vt 0.000002 0.455784 0.000000
vt -0.055990 0.438671 0.000000
vt 0.000003 0.420715 0.000000
vt -0.055990 0.406159 0.000000
vt 0.000003 0.385640 0.000000
vt -0.055990 0.373647 0.000000
vt 0.000002 0.350572 0.000000
vt -0.055990 0.341136 0.000000
vt -0.000000 0.315519 0.000000
vt -0.055990 0.308624 0.000000
vt -0.000000 0.280471 0.000000
vt -0.055990 0.276113 0.000000
vt -0.000000 0.245422 0.000000
vt -0.055990 0.243601 0.000000
vt 0.000002 0.210372 0.000000
vt -0.055990 0.211090 0.000000
vt -0.055990 0.178578 0.000000
vt -0.111983 0.211090 0.000000
vt -0.111983 0.178578 0.000000
vt -0.146756 0.211090 0.000000
vt -0.146756 0.178578 0.000000
vt -0.181530 0.211090 0.000000
vt -0.181530 0.178578 0.000000
vt -0.216303 0.211090 0.000000
vt -0.216303 0.178578 0.000000
vt -0.251076 0.211090 0.000000
vt -0.251076 0.178578 0.000000
vt -0.285849 0.211090 0.000000
vt -0.285849 0.178578 0.000000
vt -0.320623 0.211090 0.000000
vt -0.320623 0.178578 0.000000
vt -0.355396 0.211090 0.000000
vt -0.355396 0.178578 0.000000
vt -0.390169 0.211090 0.000000
vt -0.390169 0.178578 0.000000
vt -0.430848 0.211090 0.000000
vt -0.430848 0.178578 0.000000
vt -0.471528 0.211090 0.000000
vt -0.471528 0.178578 0.000000
vt -0.510129 0.211090 0.000000
vt -0.510129 0.178578 0.000000
vt -0.548730 0.211090 0.000000
vt -0.548730 0.178578 0.000000
vt -0.587332 0.211090 0.000000
vt -0.587332 0.178578 0.000000
vt -0.600260 -1.121886 0.000000
vt -0.587332 -1.089374 0.000000
vt -0.587332 -1.056863 0.000000
vt -0.587332 -1.024351 0.000000
vt -0.587332 -0.991839 0.000000
vt -0.587332 -0.959328 0.000000
vt -0.587332 -0.926816 0.000000
vt -0.587332 -0.894305 0.000000
vt -0.587332 -0.861793 0.000000
vt -0.587332 -0.829281 0.000000
vt -0.587332 -0.796770 0.000000
vt -0.587332 -0.764258 0.000000
vt -0.587332 -0.731747 0.000000
vt -0.587332 -0.699235 0.000000
vt -0.587332 -0.666723 0.000000
vt -0.587332 -0.634212 0.000000
vt -0.587332 -0.601700 0.000000
vt -0.587332 -0.569189 0.000000
vt -0.587332 -0.536677 0.000000
vt -0.587332 -0.504165 0.000000
vt -0.587332 -0.471654 0.000000
vt -0.587332 -0.439142 0.000000
vt -0.587332 -0.406631 0.000000
vt -0.587332 -0.374119 0.000000
vt -0.587332 -0.341608 0.000000
vt -0.587332 -0.309096 0.000000
vt -0.587332 -0.276584 0.000000
vt -0.587332 -0.244073 0.000000
vt -0.587332 -0.211561 0.000000
vt -0.587332 -0.179050 0.000000
vt -0.587332 -0.146538 0.000000
vt -0.587332 -0.114026 0.000000
vt -0.587332 -0.081515 0.000000
vt -0.587332 -0.049003 0.000000
vt -0.587332 -0.016492 0.000000
vt -0.587332 0.016020 0.000000
vt -0.587332 0.048532 0.000000
vt -0.587332 0.081043 0.000000
vt -0.587332 0.113555 0.000000
vt -0.587332 0.146066 0.000000
vt -0.540234 -1.121886 0.000000
vt -0.548730 -1.089374 0.000000
vt -0.548730 -1.056863 0.000000
vt -0.548730 -1.024351 0.000000
vt -0.548730 -0.991839 0.000000
vt -0.548730 -0.959328 0.000000
vt -0.548730 -0.926816 0.000000
vt -0.548730 -0.894305 0.000000
vt -0.548730 -0.861793 0.000000
vt -0.548730 -0.829281 0.000000
vt -0.548730 -0.796770 0.000000
vt -0.548730 -0.764258 0.000000
vt -0.548730 -0.731747 0.000000
vt -0.548730 -0.699235 0.000000
vt -0.548730 -0.666723 0.000000
vt -0.548730 -0.634212 0.000000
vt -0.548730 -0.601700 0.000000
vt -0.548730 -0.569189 0.000000
vt -0.548730 -0.536677 0.000000
vt -0.548730 -0.504165 0.000000
vt -0.548730 -0.471654 0.000000
vt -0.548730 -0.439142 0.000000
vt -0.548730 -0.406631 0.000000
vt -0.548730 -0.374119 0.000000
vt -0.548730 -0.341608 0.000000
vt -0.548730 -0.309096 0.000000
vt -0.548730 -0.276584 0.000000
vt -0.548730 -0.244073 0.000000
vt -0.548730 -0.211561 0.000000
vt -0.548730 -0.179050 0.000000
vt -0.548730 -0.146538 0.000000
vt -0.548730 -0.114026 0.000000
vt -0.548730 -0.081515 0.000000
vt -0.548730 -0.049003 0.000000
vt -0.548730 -0.016492 0.000000
vt -0.548730 0.016020 0.000000
vt -0.548730 0.048532 0.000000
vt -0.548730 0.081043 0.000000
vt -0.548730 0.113555 0.000000
vt -0.548730 0.146066 0.000000
vt -0.510129 -1.089374 0.000000
vt -0.480208 -1.121886 0.000000
vt -0.471528 -1.089374 0.000000
vt -0.430848 -1.089374 0.000000
vt -0.471528 -1.056863 0.000000
vt -0.430848 -1.056863 0.000000
vt -0.471528 -1.024351 0.000000
vt -0.430848 -1.024351 0.000000
vt -0.471528 -0.991839 0.000000
vt -0.430848 -0.991839 0.000000
vt -0.471528 -0.959328 0.000000
vt -0.430848 -0.959328 0.000000
vt -0.471528 -0.926816 0.000000
vt -0.430848 -0.926816 0.000000
vt -0.471528 -0.894305 0.000000
vt -0.430848 -0.894305 0.000000
vt -0.471528 -0.861793 0.000000
vt -0.430848 -0.861793 0.000000
vt -0.471528 -0.829281 0.000000
vt -0.430848 -0.829281 0.000000
vt -0.471528 -0.796770 0.000000
vt -0.430848 -0.796770 0.000000
vt -0.471528 -0.764258 0.000000
vt -0.430848 -0.764258 0.000000
vt -0.471528 -0.731747 0.000000
vt -0.430848 -0.731747 0.000000
vt -0.471528 -0.699235 0.000000
vt -0.430848 -0.699235 0.000000
vt -0.471528 -0.666723 0.000000
vt -0.430848 -0.666723 0.000000
vt -0.471528 -0.634212 0.000000
vt -0.430848 -0.634212 0.000000
vt -0.471528 -0.601700 0.000000
vt -0.430848 -0.601700 0.000000
vt -0.471528 -0.569189 0.000000
vt -0.430848 -0.569189 0.000000
vt -0.471528 -0.536677 0.000000
vt -0.430848 -0.536677 0.000000
vt -0.471528 -0.504165 0.000000
vt -0.430848 -0.504165 0.000000
vt -0.471528 -0.471654 0.000000
vt -0.430848 -0.471654 0.000000
vt -0.471528 -0.439142 0.000000
vt -0.430848 -0.439142 0.000000
vt -0.471528 -0.406631 0.000000
vt -0.430848 -0.406631 0.000000
vt -0.471528 -0.374119 0.000000
vt -0.430848 -0.374119 0.000000
vt -0.471528 -0.341608 0.000000
vt -0.430848 -0.341608 0.000000
vt -0.471528 -0.309096 0.000000
vt -0.430848 -0.309096 0.000000
vt -0.471528 -0.276584 0.000000
vt -0.430848 -0.276584 0.000000
vt -0.471528 -0.244073 0.000000
vt -0.430848 -0.244073 0.000000
vt -0.471528 -0.211561 0.000000
vt -0.430848 -0.211561 0.000000
vt -0.471528 -0.179050 0.000000
vt -0.430848 -0.179050 0.000000
vt -0.471528 -0.146538 0.000000
vt -0.430848 -0.146538 0.000000
vt -0.471528 -0.114026 0.000000
vt -0.430848 -0.114026 0.000000
vt -0.471528 -0.081515 0.000000
vt -0.430848 -0.081515 0.000000
vt -0.471528 -0.049003 0.000000
vt -0.430848 -0.049003 0.000000
vt -0.471528 -0.016492 0.000000
vt -0.430848 -0.016492 0.000000
vt -0.471528 0.016020 0.000000
vt -0.430848 0.016020 0.000000
vt -0.471528 0.048532 0.000000
vt -0.430848 0.048532 0.000000
vt -0.471528 0.081043 0.000000
vt -0.430848 0.081043 0.000000
vt -0.471528 0.113555 0.000000
vt -0.430848 0.113555 0.000000
vt -0.471528 0.146066 0.000000
vt -0.430848 0.146066 0.000000
vt -0.420182 -1.121886 0.000000
vt -0.390169 -1.089374 0.000000
vt -0.390169 -1.056863 0.000000
vt -0.390169 -1.024351 0.000000
vt -0.390169 -0.991839 0.000000
vt -0.390169 -0.959328 0.000000
vt -0.390169 -0.926816 0.000000
vt -0.390169 -0.894305 0.000000
vt -0.390169 -0.861793 0.000000
vt -0.390169 -0.829281 0.000000
vt -0.390169 -0.796770 0.000000
vt -0.390169 -0.764258 0.000000
vt -0.390169 -0.731747 0.000000
vt -0.390169 -0.699235 0.000000
vt -0.390169 -0.666723 0.000000
vt -0.390169 -0.634212 0.000000
vt -0.390169 -0.601700 0.000000
vt -0.390169 -0.569189 0.000000
vt -0.390169 -0.536677 0.000000
vt -0.390169 -0.504165 0.000000
vt -0.390169 -0.471654 0.000000
vt -0.390169 -0.439142 0.000000
vt -0.390169 -0.406631 0.000000
vt -0.390169 -0.374119 0.000000
vt -0.390169 -0.341608 0.000000
vt -0.390169 -0.309096 0.000000
vt -0.390169 -0.276584 0.000000
vt -0.390169 -0.244073 0.000000
vt -0.390169 -0.211561 0.000000
vt -0.390169 -0.179050 0.000000
vt -0.390169 -0.146538 0.000000
vt -0.390169 -0.114026 0.000000
vt -0.390169 -0.081515 0.000000
vt -0.390169 -0.049003 0.000000
vt -0.390169 -0.016492 0.000000
vt -0.390169 0.016020 0.000000
vt -0.390169 0.048532 0.000000
vt -0.390169 0.081043 0.000000
vt -0.390169 0.113555 0.000000
vt -0.390169 0.146066 0.000000
vt -0.360156 -1.121886 0.000000
vt -0.355396 -1.089374 0.000000
vt -0.355396 -1.056863 0.000000
vt -0.355396 -1.024351 0.000000
vt -0.355396 -0.991839 0.000000
vt -0.355396 -0.959328 0.000000
vt -0.355396 -0.926816 0.000000
vt -0.355396 -0.894305 0.000000
vt -0.355396 -0.861793 0.000000
vt -0.355396 -0.829281 0.000000
vt -0.355396 -0.796770 0.000000
vt -0.355396 -0.764258 0.000000
vt -0.355396 -0.731747 0.000000
vt -0.355396 -0.699235 0.000000
vt -0.355396 -0.666723 0.000000
vt -0.355396 -0.634212 0.000000
vt -0.355396 -0.601700 0.000000
vt -0.355396 -0.569189 0.000000
vt -0.355396 -0.536677 0.000000
vt -0.355396 -0.504165 0.000000
vt -0.355396 -0.471654 0.000000
vt -0.355396 -0.439142 0.000000
vt -0.355396 -0.406631 0.000000
vt -0.355396 -0.374119 0.000000
vt -0.355396 -0.341608 0.000000
vt -0.355396 -0.309096 0.000000
vt -0.355396 -0.276584 0.000000
vt -0.355396 -0.244073 0.000000
vt -0.355396 -0.211561 0.000000
vt -0.355396 -0.179050 0.000000
vt -0.355396 -0.146538 0.000000
vt -0.355396 -0.114026 0.000000
vt -0.355396 -0.081515 0.000000
vt -0.355396 -0.049003 0.000000
vt -0.355396 -0.016492 0.000000
vt -0.355396 0.016020 0.000000
vt -0.355396 0.048532 0.000000
vt -0.355396 0.081043 0.000000
vt -0.355396 0.113555 0.000000
vt -0.355396 0.146066 0.000000
vt -0.320623 -1.089374 0.000000
vt -0.300130 -1.121886 0.000000
vt -0.285849 -1.089374 0.000000
vt -0.240104 -1.121886 0.000000
vt -0.251076 -1.089374 0.000000
vt -0.216303 -1.089374 0.000000
vt -0.251076 -1.056863 0.000000
vt -0.216303 -1.056863 0.000000
vt -0.251076 -1.024351 0.000000
vt -0.216303 -1.024351 0.000000
vt -0.251076 -0.991839 0.000000
vt -0.216303 -0.991839 0.000000
vt -0.251076 -0.959328 0.000000
vt -0.216303 -0.959328 0.000000
vt -0.251076 -0.926816 0.000000
vt -0.216303 -0.926816 0.000000
vt -0.251076 -0.894305 0.000000
vt -0.216303 -0.894305 0.000000
vt -0.251076 -0.861793 0.000000
vt -0.216303 -0.861793 0.000000
vt -0.251076 -0.829281 0.000000
vt -0.216303 -0.829281 0.000000
vt -0.251076 -0.796770 0.000000
vt -0.216303 -0.796770 0.000000
vt -0.251076 -0.764258 0.000000
vt -0.216303 -0.764258 0.000000
vt -0.251076 -0.731747 0.000000
vt -0.216303 -0.731747 0.000000
vt -0.251076 -0.699235 0.000000
vt -0.216303 -0.699235 0.000000
vt -0.251076 -0.666723 0.000000
vt -0.216303 -0.666723 0.000000
vt -0.251076 -0.634212 0.000000
vt -0.216303 -0.634212 0.000000
vt -0.251076 -0.601700 0.000000
vt -0.216303 -0.601700 0.000000
vt -0.251076 -0.569189 0.000000
vt -0.216303 -0.569189 0.000000
vt -0.251076 -0.536677 0.000000
vt -0.216303 -0.536677 0.000000
vt -0.251076 -0.504165 0.000000
vt -0.216303 -0.504165 0.000000
vt -0.251076 -0.471654 0.000000
vt -0.216303 -0.471654 0.000000
vt -0.251076 -0.439142 0.000000
vt -0.216303 -0.439142 0.000000
vt -0.251076 -0.406631 0.000000
vt -0.216303 -0.406631 0.000000
vt -0.251076 -0.374119 0.000000
vt -0.216303 -0.374119 0.000000
vt -0.251076 -0.341608 0.000000
vt -0.216303 -0.341608 0.000000
vt -0.251076 -0.309096 0.000000
vt -0.216303 -0.309096 0.000000
vt -0.251076 -0.276584 0.000000
vt -0.216303 -0.276584 0.000000
vt -0.251076 -0.244073 0.000000
vt -0.216303 -0.244073 0.000000
vt -0.251076 -0.211561 0.000000
vt -0.216303 -0.211561 0.000000
vt -0.251076 -0.179050 0.000000
vt -0.216303 -0.179050 0.000000
vt -0.251076 -0.146538 0.000000
vt -0.216303 -0.146538 0.000000
vt -0.251076 -0.114026 0.000000
vt -0.216303 -0.114026 0.000000
vt -0.251076 -0.081515 0.000000
vt -0.216303 -0.081515 0.000000
vt -0.251076 -0.049003 0.000000
vt -0.216303 -0.049003 0.000000
vt -0.251076 -0.016492 0.000000
vt -0.216303 -0.016492 0.000000
vt -0.251076 0.016020 0.000000
vt -0.216303 0.016020 0.000000
vt -0.251076 0.048532 0.000000
vt -0.216303 0.048532 0.000000
vt -0.251076 0.081043 0.000000
vt -0.216303 0.081043 0.000000
vt -0.251076 0.113555 0.000000
vt -0.216303 0.113555 0.000000
vt -0.251076 0.146066 0.000000
vt -0.216303 0.146066 0.000000
vt -0.180078 -1.121886 0.000000
vt -0.181530 -1.089374 0.000000
vt -0.181530 -1.056863 0.000000
vt -0.181530 -1.024351 0.000000
vt -0.181530 -0.991839 0.000000
vt -0.181530 -0.959328 0.000000
vt -0.181530 -0.926816 0.000000
vt -0.181530 -0.894305 0.000000
vt -0.181530 -0.861793 0.000000
vt -0.181530 -0.829281 0.000000
vt -0.181530 -0.796770 0.000000
vt -0.181530 -0.764258 0.000000
vt -0.181530 -0.731747 0.000000
vt -0.181530 -0.699235 0.000000
vt -0.181530 -0.666723 0.000000
vt -0.181530 -0.634212 0.000000
vt -0.181530 -0.601700 0.000000
vt -0.181530 -0.569189 0.000000
vt -0.181530 -0.536677 0.000000
vt -0.181530 -0.504165 0.000000
vt -0.181530 -0.471654 0.000000
vt -0.181530 -0.439142 0.000000
vt -0.181530 -0.406631 0.000000
vt -0.181530 -0.374119 0.000000
vt -0.181530 -0.341608 0.000000
vt -0.181530 -0.309096 0.000000
vt -0.181530 -0.276584 0.000000
vt -0.181530 -0.244073 0.000000
vt -0.181530 -0.211561 0.000000
vt -0.181530 -0.179050 0.000000
vt -0.181530 -0.146538 0.000000
vt -0.181530 -0.114026 0.000000
vt -0.181530 -0.081515 0.000000
vt -0.181530 -0.049003 0.000000
vt -0.181530 -0.016492 0.000000
vt -0.181530 0.016020 0.000000
vt -0.181530 0.048532 0.000000
vt -0.181530 0.081043 0.000000
vt -0.181530 0.113555 0.000000
vt -0.181530 0.146066 0.000000
vt -0.146756 -1.089374 0.000000
vt -0.120052 -1.121886 0.000000
vt -0.111983 -1.089374 0.000000
vt -0.060026 -1.121886 0.000000
vt -0.055990 -1.089374 0.000000
vt -0.000000 -1.121886 0.000000
vt -0.000000 -1.086827 0.000000
vt -0.055990 -1.056863 0.000000
vt -0.000000 -1.051768 0.000000
vt -0.055990 -1.024351 0.000000
vt -0.000000 -1.016709 0.000000
vt -0.055990 -0.991839 0.000000
vt -0.000000 -0.981652 0.000000
vt -0.055990 -0.959328 0.000000
vt -0.000000 -0.946593 0.000000
vt -0.055990 -0.926816 0.000000
vt -0.000000 -0.911530 0.000000
vt -0.055990 -0.894305 0.000000
vt -0.000000 -0.876471 0.000000
vt -0.055990 -0.861793 0.000000
vt -0.000000 -0.841414 0.000000
vt -0.055990 -0.829281 0.000000
vt -0.000000 -0.806359 0.000000
vt -0.055990 -0.796770 0.000000
vt 0.000001 -0.771300 0.000000
vt -0.055990 -0.764258 0.000000
vt 0.000001 -0.736236 0.000000
vt -0.055990 -0.731747 0.000000
vt -0.000000 -0.701174 0.000000
vt -0.055990 -0.699235 0.000000
vt -0.000000 -0.666119 0.000000
vt -0.055990 -0.666723 0.000000
vt -0.055990 -0.634212 0.000000
vt -0.111983 -0.634212 0.000000
vt -0.111983 -0.601700 0.000000
vt -0.146756 -0.601700 0.000000
vt -0.146756 -0.569189 0.000000
vt -0.000000 -0.631063 0.000000
vt -0.055990 -0.601700 0.000000
vt -0.111983 -0.569189 0.000000
vt -0.146756 -0.536677 0.000000
vt -0.000000 -0.596008 0.000000
vt -0.055990 -0.569189 0.000000
vt -0.111983 -0.536677 0.000000
vt -0.146756 -0.504165 0.000000
vt 0.000001 -0.560945 0.000000
vt -0.055990 -0.536677 0.000000
vt -0.111983 -0.504165 0.000000
vt -0.146756 -0.471654 0.000000
vt 0.000001 -0.525879 0.000000
vt -0.055990 -0.504165 0.000000
vt -0.111983 -0.471654 0.000000
vt -0.146756 -0.439142 0.000000
vt -0.000000 -0.490819 0.000000
vt -0.055990 -0.471654 0.000000
vt -0.111983 -0.439142 0.000000
vt -0.146756 -0.406631 0.000000
vt -0.000000 -0.455766 0.000000
vt -0.055990 -0.439142 0.000000
vt -0.111983 -0.406631 0.000000
vt -0.146756 -0.374119 0.000000
vt -0.000000 -0.420714 0.000000
vt -0.055990 -0.406631 0.000000
vt -0.111983 -0.374119 0.000000
vt -0.146756 -0.341608 0.000000
vt 0.000002 -0.385663 0.000000
vt -0.055990 -0.374119 0.000000
vt -0.111983 -0.341608 0.000000
vt -0.146756 -0.309096 0.000000
vt 0.000003 -0.350598 0.000000
vt -0.055990 -0.341608 0.000000
vt -0.111983 -0.309096 0.000000
vt -0.146756 -0.276584 0.000000
vt 0.000003 -0.315525 0.000000
vt -0.055990 -0.309096 0.000000
vt -0.111983 -0.276584 0.000000
vt -0.146756 -0.244073 0.000000
vt 0.000002 -0.280457 0.000000
vt -0.055990 -0.276584 0.000000
vt -0.111983 -0.244073 0.000000
vt -0.146756 -0.211561 0.000000
vt -0.000000 -0.245403 0.000000
vt -0.055990 -0.244073 0.000000
vt -0.111983 -0.211561 0.000000
vt -0.146756 -0.179050 0.000000
vt -0.000000 -0.210354 0.000000
vt -0.055990 -0.211561 0.000000
vt -0.111983 -0.179050 0.000000
vt -0.146756 -0.146538 0.000000
vt -0.055990 -0.179050 0.000000
vt -0.000000 -0.175302 0.000000
vt -0.055990 -0.146538 0.000000
vt 0.000002 -0.140248 0.000000
vt -0.055990 -0.114026 0.000000
vt 0.000002 -0.105182 0.000000
vt -0.055990 -0.081515 0.000000
vt 0.000002 -0.070110 0.000000
vt -0.055990 -0.049003 0.000000
vt 0.000002 -0.035046 0.000000
vt -0.055990 -0.016492 0.000000
vt -0.000000 0.000005 0.000000
vt -0.055990 0.016020 0.000000
vt -0.000000 0.035058 0.000000
vt -0.055990 0.048532 0.000000
vt 0.000001 0.070104 0.000000
vt -0.055990 0.081043 0.000000
vt 0.000003 0.105159 0.000000
vt -0.055990 0.113555 0.000000
vt 0.000003 0.140230 0.000000
vt -0.055990 0.146066 0.000000
vt 0.000003 0.175306 0.000000
vt -0.055990 0.698763 0.000000
vt 0.000003 0.701198 0.000000
vt -0.055990 0.731275 0.000000
vt 0.000002 0.736255 0.000000
vt -0.055990 0.763787 0.000000
vt -0.000000 0.771300 0.000000
vt -0.055990 0.796298 0.000000
vt -0.000000 0.806351 0.000000
vt -0.055990 0.828810 0.000000
vt 0.000002 0.841396 0.000000
vt -0.055990 0.861321 0.000000
vt 0.000003 0.876455 0.000000
vt -0.055990 0.893833 0.000000
vt 0.000004 0.911530 0.000000
vt -0.055990 0.926345 0.000000
vt 0.000003 0.946606 0.000000
vt -0.055990 0.958856 0.000000
vt 0.000002 0.981670 0.000000
vt -0.055990 0.999614 0.000000
vt -0.000000 1.016717 0.000000
vt -0.055990 1.040371 0.000000
vt -0.000000 1.051768 0.000000
vt -0.055990 1.081128 0.000000
vt -0.000000 1.086827 0.000000
vt -0.060026 1.121886 0.000000
vt -0.000000 1.121886 0.000000
vt -0.111983 1.081128 0.000000
vt -0.120052 1.121886 0.000000
vt -0.146756 1.081128 0.000000
vt -0.180078 1.121886 0.000000
vt -0.181530 1.081128 0.000000
vt -0.216303 1.081128 0.000000
vt -0.181530 1.040371 0.000000
vt -0.216303 1.040371 0.000000
vt -0.181530 0.999614 0.000000
vt -0.216303 0.999614 0.000000
vt -0.181530 0.958856 0.000000
vt -0.216303 0.958856 0.000000
vt -0.181530 0.926345 0.000000
vt -0.216303 0.926345 0.000000
vt -0.181530 0.893833 0.000000
vt -0.216303 0.893833 0.000000
vt -0.181530 0.861321 0.000000
vt -0.216303 0.861321 0.000000
vt -0.181530 0.828810 0.000000
vt -0.216303 0.828810 0.000000
vt -0.181530 0.796298 0.000000
vt -0.240104 1.121886 0.000000
vt -0.251076 1.081128 0.000000
vt -0.251076 1.040371 0.000000
vt -0.251076 0.999614 0.000000
vt -0.251076 0.958856 0.000000
vt -0.251076 0.926345 0.000000
vt -0.251076 0.893833 0.000000
vt -0.251076 0.861321 0.000000
vt -0.285849 1.081128 0.000000
vt -0.300130 1.121886 0.000000
vt -0.320623 1.081128 0.000000
vt -0.360156 1.121886 0.000000
vt -0.355396 1.081128 0.000000
vt -0.390169 1.081128 0.000000
vt -0.355396 1.040371 0.000000
vt -0.390169 1.040371 0.000000
vt -0.355396 0.999614 0.000000
vt -0.390169 0.999614 0.000000
vt -0.355396 0.958856 0.000000
vt -0.420182 1.121886 0.000000
vt -0.430848 1.081128 0.000000
vt -0.430848 1.040371 0.000000
vt -0.480208 1.121886 0.000000
vt -0.471528 1.081128 0.000000
vt -0.703136 1.081128 0.000000
vt -0.720312 1.121886 0.000000
vt -0.741737 1.081128 0.000000
vt -0.780338 1.121886 0.000000
vt -0.780338 1.086827 0.000000
vt -0.780338 1.051768 0.000000
vt -0.741737 1.040371 0.000000
vt -0.703136 1.040371 0.000000
vt -0.703136 0.999614 0.000000
vt -0.780338 1.016717 0.000000
vt -0.741737 0.999614 0.000000
vt -0.703136 0.958856 0.000000
vt -0.780336 0.981670 0.000000
vt -0.741737 0.958856 0.000000
vt -0.703136 0.926345 0.000000
vt -0.780335 0.946606 0.000000
vt -0.741737 0.926345 0.000000
vt -0.703136 0.893833 0.000000
vt -0.780334 0.911530 0.000000
vt -0.741737 0.893833 0.000000
vt -0.703136 0.861321 0.000000
vt -0.780335 0.876455 0.000000
vt -0.741737 0.861321 0.000000
vt -0.703136 0.828810 0.000000
vt -0.780336 0.841396 0.000000
vt -0.741737 0.828810 0.000000
vt -0.703136 0.796298 0.000000
vt -0.780338 0.806351 0.000000
vt -0.741737 0.796298 0.000000
vt -0.703136 0.763787 0.000000
vt -0.780338 0.771300 0.000000
vt -0.741737 0.763787 0.000000
vt -0.703136 0.731275 0.000000
vt -0.780337 0.736255 0.000000
vt -0.741737 0.731275 0.000000
vt -0.703136 0.698763 0.000000
vt -0.780335 0.701198 0.000000
vt -0.741737 0.698763 0.000000
vt -0.703136 0.666124 0.000000
vt -0.780334 0.666124 0.000000
vt -0.741737 0.666124 0.000000
vt -0.703136 0.633740 0.000000
vt -0.741737 0.633740 0.000000
vt -0.780335 0.631047 0.000000
vt -0.741737 0.601229 0.000000
vt -0.780336 0.595981 0.000000
vt -0.741737 0.568717 0.000000
vt -0.780337 0.560932 0.000000
vt -0.741737 0.536205 0.000000
vt -0.780338 0.525884 0.000000
vt -0.741737 0.503694 0.000000
vt -0.780337 0.490836 0.000000
vt -0.741737 0.471182 0.000000
vt -0.780336 0.455784 0.000000
vt -0.741737 0.438671 0.000000
vt -0.780335 0.420715 0.000000
vt -0.741737 0.406159 0.000000
vt -0.780335 0.385640 0.000000
vt -0.741737 0.373647 0.000000
vt -0.780336 0.350572 0.000000
vt -0.741737 0.341136 0.000000
vt -0.780337 0.315519 0.000000
vt -0.741737 0.308624 0.000000
vt -0.780338 0.280471 0.000000
vt -0.741737 0.276113 0.000000
vt -0.780337 0.245422 0.000000
vt -0.741737 0.243601 0.000000
vt -0.780336 0.210372 0.000000
vt -0.741737 0.211090 0.000000
vt -0.741737 0.178578 0.000000
vt -0.703136 0.178578 0.000000
vt -0.703136 0.146066 0.000000
vt -0.780335 0.175306 0.000000
vt -0.741737 0.146066 0.000000
vt -0.703136 0.113555 0.000000
vt -0.780335 0.140230 0.000000
vt -0.741737 0.113555 0.000000
vt -0.703136 0.081043 0.000000
vt -0.780336 0.105159 0.000000
vt -0.741737 0.081043 0.000000
vt -0.703136 0.048532 0.000000
vt -0.780337 0.070104 0.000000
vt -0.741737 0.048532 0.000000
vt -0.703136 0.016020 0.000000
vt -0.780338 0.035058 0.000000
vt -0.741737 0.016020 0.000000
vt -0.703136 -0.016492 0.000000
vt -0.780338 0.000005 0.000000
vt -0.741737 -0.016492 0.000000
vt -0.703136 -0.049003 0.000000
vt -0.780337 -0.035046 0.000000
vt -0.741737 -0.049003 0.000000
vt -0.703136 -0.081515 0.000000
vt -0.780336 -0.070110 0.000000
vt -0.741737 -0.081515 0.000000
vt -0.703136 -0.114026 0.000000
vt -0.780336 -0.105182 0.000000
vt -0.741737 -0.114026 0.000000
vt -0.703136 -0.146538 0.000000
vt -0.780336 -0.140248 0.000000
vt -0.741737 -0.146538 0.000000
vt -0.703136 -0.179050 0.000000
vt -0.780337 -0.175302 0.000000
vt -0.741737 -0.179050 0.000000
vt -0.703136 -0.211561 0.000000
vt -0.780338 -0.210354 0.000000
vt -0.741737 -0.211561 0.000000
vt -0.703136 -0.244073 0.000000
vt -0.741737 -0.244073 0.000000
vt -0.780337 -0.245403 0.000000
vt -0.741737 -0.276584 0.000000
vt -0.780336 -0.280457 0.000000
vt -0.741737 -0.309096 0.000000
vt -0.780335 -0.315525 0.000000
vt -0.741737 -0.341608 0.000000
vt -0.780335 -0.350598 0.000000
vt -0.741737 -0.374119 0.000000
vt -0.780336 -0.385663 0.000000
vt -0.741737 -0.406631 0.000000
vt -0.780338 -0.420714 0.000000
vt -0.741737 -0.439142 0.000000
vt -0.780338 -0.455766 0.000000
vt -0.741737 -0.471654 0.000000
vt -0.780337 -0.490819 0.000000
vt -0.741737 -0.504165 0.000000
vt -0.780337 -0.525879 0.000000
vt -0.741737 -0.536677 0.000000
vt -0.780337 -0.560945 0.000000
vt -0.741737 -0.569189 0.000000
vt -0.780337 -0.596008 0.000000
vt -0.741737 -0.601700 0.000000
vt -0.780338 -0.631063 0.000000
vt -0.741737 -0.634212 0.000000
vt -0.780338 -0.666119 0.000000
vt -0.741737 -0.666723 0.000000
vt -0.741737 -0.699235 0.000000
vt -0.703136 -0.699235 0.000000
vt -0.703136 -0.731747 0.000000
vt -0.780337 -0.701174 0.000000
vt -0.741737 -0.731747 0.000000
vt -0.703136 -0.764258 0.000000
vt -0.780337 -0.736236 0.000000
vt -0.741737 -0.764258 0.000000
vt -0.703136 -0.796770 0.000000
vt -0.780337 -0.771300 0.000000
vt -0.741737 -0.796770 0.000000
vt -0.703136 -0.829281 0.000000
vt -0.780338 -0.806359 0.000000
vt -0.741737 -0.829281 0.000000
vt -0.703136 -0.861793 0.000000
vt -0.780338 -0.841414 0.000000
vt -0.741737 -0.861793 0.000000
vt -0.703136 -0.894305 0.000000
vt -0.780338 -0.876471 0.000000
vt -0.741737 -0.894305 0.000000
vt -0.703136 -0.926816 0.000000
vt -0.780337 -0.911530 0.000000
vt -0.741737 -0.926816 0.000000
vt -0.703136 -0.959328 0.000000
vt -0.780337 -0.946593 0.000000
vt -0.741737 -0.959328 0.000000
vt -0.703136 -0.991839 0.000000
vt -0.780338 -0.981652 0.000000
vt -0.741737 -0.991839 0.000000
vt -0.703136 -1.024351 0.000000
vt -0.780338 -1.016709 0.000000
vt -0.741737 -1.024351 0.000000
vt -0.703136 -1.056863 0.000000
vt -0.780338 -1.051768 0.000000
vt -0.741737 -1.056863 0.000000
vt -0.111983 -1.056863 0.000000
vt -0.111983 -1.024351 0.000000
vt -0.111983 -0.991839 0.000000
vt -0.111983 -0.959328 0.000000
vt -0.111983 -0.926816 0.000000
vt -0.111983 -0.894305 0.000000
vt -0.111983 -0.861793 0.000000
vt -0.111983 -0.829281 0.000000
vt -0.111983 -0.796770 0.000000
vt -0.111983 -0.764258 0.000000
vt -0.111983 -0.731747 0.000000
vt -0.111983 -0.699235 0.000000
vt -0.111983 -0.666723 0.000000
vt -0.146756 -1.056863 0.000000
vt -0.146756 -1.024351 0.000000
vt -0.146756 -0.991839 0.000000
vt -0.146756 -0.959328 0.000000
vt -0.146756 -0.926816 0.000000
vt -0.146756 -0.894305 0.000000
vt -0.146756 -0.861793 0.000000
vt -0.146756 -0.829281 0.000000
vt -0.146756 -0.796770 0.000000
vt -0.146756 -0.764258 0.000000
vt -0.146756 -0.731747 0.000000
vt -0.146756 -0.699235 0.000000
vt -0.146756 -0.666723 0.000000
vt -0.146756 -0.634212 0.000000
vt -0.285849 -1.056863 0.000000
vt -0.285849 -1.024351 0.000000
vt -0.285849 -0.991839 0.000000
vt -0.285849 -0.959328 0.000000
vt -0.285849 -0.926816 0.000000
vt -0.285849 -0.894305 0.000000
vt -0.285849 -0.861793 0.000000
vt -0.285849 -0.829281 0.000000
vt -0.285849 -0.796770 0.000000
vt -0.285849 -0.764258 0.000000
vt -0.285849 -0.731747 0.000000
vt -0.285849 -0.699235 0.000000
vt -0.285849 -0.666723 0.000000
vt -0.285849 -0.634212 0.000000
vt -0.285849 -0.601700 0.000000
vt -0.285849 -0.569189 0.000000
vt -0.285849 -0.536677 0.000000
vt -0.285849 -0.504165 0.000000
vt -0.285849 -0.471654 0.000000
vt -0.285849 -0.439142 0.000000
vt -0.285849 -0.406631 0.000000
vt -0.285849 -0.374119 0.000000
vt -0.285849 -0.341608 0.000000
vt -0.285849 -0.309096 0.000000
vt -0.285849 -0.276584 0.000000
vt -0.285849 -0.244073 0.000000
vt -0.285849 -0.211561 0.000000
vt -0.285849 -0.179050 0.000000
vt -0.285849 -0.146538 0.000000
vt -0.285849 -0.114026 0.000000
vt -0.285849 -0.081515 0.000000
vt -0.285849 -0.049003 0.000000
vt -0.285849 -0.016492 0.000000
vt -0.285849 0.016020 0.000000
vt -0.285849 0.048532 0.000000
vt -0.285849 0.081043 0.000000
vt -0.285849 0.113555 0.000000
vt -0.285849 0.146066 0.000000
vt -0.320623 -1.056863 0.000000
vt -0.320623 -1.024351 0.000000
vt -0.320623 -0.991839 0.000000
vt -0.320623 -0.959328 0.000000
vt -0.320623 -0.926816 0.000000
vt -0.320623 -0.894305 0.000000
vt -0.320623 -0.861793 0.000000
vt -0.320623 -0.829281 0.000000
vt -0.320623 -0.796770 0.000000
vt -0.320623 -0.764258 0.000000
vt -0.320623 -0.731747 0.000000
vt -0.320623 -0.699235 0.000000
vt -0.320623 -0.666723 0.000000
vt -0.320623 -0.634212 0.000000
vt -0.320623 -0.601700 0.000000
vt -0.320623 -0.569189 0.000000
vt -0.320623 -0.536677 0.000000
vt -0.320623 -0.504165 0.000000
vt -0.320623 -0.471654 0.000000
vt -0.320623 -0.439142 0.000000
vt -0.320623 -0.406631 0.000000
vt -0.320623 -0.374119 0.000000
vt -0.320623 -0.341608 0.000000
vt -0.320623 -0.309096 0.000000
vt -0.320623 -0.276584 0.000000
vt -0.320623 -0.244073 0.000000
vt -0.320623 -0.211561 0.000000
vt -0.320623 -0.179050 0.000000
vt -0.320623 -0.146538 0.000000
vt -0.320623 -0.114026 0.000000
vt -0.320623 -0.081515 0.000000
vt -0.320623 -0.049003 0.000000
vt -0.320623 -0.016492 0.000000
vt -0.320623 0.016020 0.000000
vt -0.320623 0.048532 0.000000
vt -0.320623 0.081043 0.000000
vt -0.320623 0.113555 0.000000
vt -0.320623 0.146066 0.000000
vt -0.510129 -1.056863 0.000000
vt -0.510129 -1.024351 0.000000
vt -0.510129 -0.991839 0.000000
vt -0.510129 -0.959328 0.000000
vt -0.510129 -0.926816 0.000000
vt -0.510129 -0.894305 0.000000
vt -0.510129 -0.861793 0.000000
vt -0.510129 -0.829281 0.000000
vt -0.510129 -0.796770 0.000000
vt -0.510129 -0.764258 0.000000
vt -0.510129 -0.731747 0.000000
vt -0.510129 -0.699235 0.000000
vt -0.510129 -0.666723 0.000000
vt -0.510129 -0.634212 0.000000
vt -0.510129 -0.601700 0.000000
vt -0.510129 -0.569189 0.000000
vt -0.510129 -0.536677 0.000000
vt -0.510129 -0.504165 0.000000
vt -0.510129 -0.471654 0.000000
vt -0.510129 -0.439142 0.000000
vt -0.510129 -0.406631 0.000000
vt -0.510129 -0.374119 0.000000
vt -0.510129 -0.341608 0.000000
vt -0.510129 -0.309096 0.000000
vt -0.510129 -0.276584 0.000000
vt -0.510129 -0.244073 0.000000
vt -0.510129 -0.211561 0.000000
vt -0.510129 -0.179050 0.000000
vt -0.510129 -0.146538 0.000000
vt -0.510129 -0.114026 0.000000
vt -0.510129 -0.081515 0.000000
vt -0.510129 -0.049003 0.000000
vt -0.510129 -0.016492 0.000000
vt -0.510129 0.016020 0.000000
vt -0.510129 0.048532 0.000000
vt -0.510129 0.081043 0.000000
vt -0.510129 0.113555 0.000000
vt -0.510129 0.146066 0.000000
vt -0.703136 -0.666723 0.000000
vt -0.703136 -0.634212 0.000000
vt -0.703136 -0.601700 0.000000
vt -0.703136 -0.569189 0.000000
vt -0.703136 -0.536677 0.000000
vt -0.703136 -0.504165 0.000000
vt -0.703136 -0.471654 0.000000
vt -0.703136 -0.439142 0.000000
vt -0.703136 -0.406631 0.000000
vt -0.703136 -0.374119 0.000000
vt -0.703136 -0.341608 0.000000
vt -0.703136 -0.309096 0.000000
vt -0.703136 -0.276584 0.000000
vt -0.111983 -0.146538 0.000000
vt -0.146756 -0.114026 0.000000
vt -0.111983 -0.114026 0.000000
vt -0.146756 -0.081515 0.000000
vt -0.111983 -0.081515 0.000000
vt -0.146756 -0.049003 0.000000
vt -0.111983 -0.049003 0.000000
vt -0.146756 -0.016492 0.000000
vt -0.111983 -0.016492 0.000000
vt -0.146756 0.016020 0.000000
vt -0.111983 0.016020 0.000000
vt -0.146756 0.048532 0.000000
vt -0.111983 0.048532 0.000000
vt -0.146756 0.081043 0.000000
vt -0.111983 0.081043 0.000000
vt -0.146756 0.113555 0.000000
vt -0.111983 0.113555 0.000000
vt -0.146756 0.146066 0.000000
vt -0.111983 0.146066 0.000000
vt -0.703136 0.211090 0.000000
vt -0.703136 0.243601 0.000000
vt -0.703136 0.276113 0.000000
vt -0.703136 0.308624 0.000000
vt -0.703136 0.341136 0.000000
vt -0.703136 0.373647 0.000000
vt -0.703136 0.406159 0.000000
vt -0.703136 0.438671 0.000000
vt -0.703136 0.471182 0.000000
vt -0.703136 0.503694 0.000000
vt -0.703136 0.536205 0.000000
vt -0.703136 0.568717 0.000000
vt -0.703136 0.601229 0.000000
vt -0.111983 0.243601 0.000000
vt -0.111983 0.276113 0.000000
vt -0.111983 0.308624 0.000000
vt -0.111983 0.341136 0.000000
vt -0.111983 0.373647 0.000000
vt -0.111983 0.406159 0.000000
vt -0.111983 0.438671 0.000000
vt -0.111983 0.471182 0.000000
vt -0.111983 0.503694 0.000000
vt -0.111983 0.536205 0.000000
vt -0.111983 0.568717 0.000000
vt -0.111983 0.601229 0.000000
vt -0.111983 0.633740 0.000000
vt -0.146756 0.243601 0.000000
vt -0.146756 0.276113 0.000000
vt -0.146756 0.308624 0.000000
vt -0.146756 0.341136 0.000000
vt -0.146756 0.373647 0.000000
vt -0.146756 0.406159 0.000000
vt -0.146756 0.438671 0.000000
vt -0.146756 0.471182 0.000000
vt -0.146756 0.503694 0.000000
vt -0.146756 0.536205 0.000000
vt -0.146756 0.568717 0.000000
vt -0.146756 0.601229 0.000000
vt -0.146756 0.633740 0.000000
vt -0.146756 0.666124 0.000000
vt -0.181530 0.243601 0.000000
vt -0.181530 0.276113 0.000000
vt -0.181530 0.308624 0.000000
vt -0.181530 0.341136 0.000000
vt -0.181530 0.373647 0.000000
vt -0.181530 0.406159 0.000000
vt -0.181530 0.438671 0.000000
vt -0.181530 0.471182 0.000000
vt -0.181530 0.503694 0.000000
vt -0.181530 0.536205 0.000000
vt -0.181530 0.568717 0.000000
vt -0.181530 0.601229 0.000000
vt -0.181530 0.633740 0.000000
vt -0.181530 0.666124 0.000000
vt -0.181530 0.698763 0.000000
vt -0.216303 0.243601 0.000000
vt -0.216303 0.276113 0.000000
vt -0.216303 0.308624 0.000000
vt -0.216303 0.341136 0.000000
vt -0.216303 0.373647 0.000000
vt -0.216303 0.406159 0.000000
vt -0.216303 0.438671 0.000000
vt -0.216303 0.471182 0.000000
vt -0.216303 0.503694 0.000000
vt -0.216303 0.536205 0.000000
vt -0.216303 0.568717 0.000000
vt -0.216303 0.601229 0.000000
vt -0.216303 0.633740 0.000000
vt -0.216303 0.666124 0.000000
vt -0.216303 0.698763 0.000000
vt -0.216303 0.731275 0.000000
vt -0.251076 0.243601 0.000000
vt -0.251076 0.276113 0.000000
vt -0.251076 0.308624 0.000000
vt -0.251076 0.341136 0.000000
vt -0.251076 0.373647 0.000000
vt -0.251076 0.406159 0.000000
vt -0.251076 0.438671 0.000000
vt -0.251076 0.471182 0.000000
vt -0.251076 0.503694 0.000000
vt -0.251076 0.536205 0.000000
vt -0.251076 0.568717 0.000000
vt -0.251076 0.601229 0.000000
vt -0.251076 0.633740 0.000000
vt -0.251076 0.666124 0.000000
vt -0.251076 0.698763 0.000000
vt -0.251076 0.731275 0.000000
vt -0.251076 0.763787 0.000000
vt -0.285849 0.243601 0.000000
vt -0.285849 0.276113 0.000000
vt -0.285849 0.308624 0.000000
vt -0.285849 0.341136 0.000000
vt -0.285849 0.373647 0.000000
vt -0.285849 0.406159 0.000000
vt -0.285849 0.438671 0.000000
vt -0.285849 0.471182 0.000000
vt -0.285849 0.503694 0.000000
vt -0.285849 0.536205 0.000000
vt -0.285849 0.568717 0.000000
vt -0.285849 0.601229 0.000000
vt -0.285849 0.633740 0.000000
vt -0.285849 0.666124 0.000000
vt -0.285849 0.698763 0.000000
vt -0.285849 0.731275 0.000000
vt -0.285849 0.763787 0.000000
vt -0.285849 0.796298 0.000000
vt -0.320623 0.243601 0.000000
vt -0.320623 0.276113 0.000000
vt -0.320623 0.308624 0.000000
vt -0.320623 0.341136 0.000000
vt -0.320623 0.373647 0.000000
vt -0.320623 0.406159 0.000000
vt -0.320623 0.438671 0.000000
vt -0.320623 0.471182 0.000000
vt -0.320623 0.503694 0.000000
vt -0.320623 0.536205 0.000000
vt -0.320623 0.568717 0.000000
vt -0.320623 0.601229 0.000000
vt -0.320623 0.633740 0.000000
vt -0.320623 0.666124 0.000000
vt -0.320623 0.698763 0.000000
vt -0.320623 0.731275 0.000000
vt -0.320623 0.763787 0.000000
vt -0.320623 0.796298 0.000000
vt -0.320623 0.828810 0.000000
vt -0.355396 0.243601 0.000000
vt -0.355396 0.276113 0.000000
vt -0.355396 0.308624 0.000000
vt -0.355396 0.341136 0.000000
vt -0.355396 0.373647 0.000000
vt -0.355396 0.406159 0.000000
vt -0.355396 0.438671 0.000000
vt -0.355396 0.471182 0.000000
vt -0.355396 0.503694 0.000000
vt -0.355396 0.536205 0.000000
vt -0.355396 0.568717 0.000000
vt -0.355396 0.601229 0.000000
vt -0.355396 0.633740 0.000000
vt -0.355396 0.666124 0.000000
vt -0.355396 0.698763 0.000000
vt -0.355396 0.731275 0.000000
vt -0.355396 0.763787 0.000000
vt -0.355396 0.796298 0.000000
vt -0.355396 0.828810 0.000000
vt -0.355396 0.861321 0.000000
vt -0.390169 0.243601 0.000000
vt -0.390169 0.276113 0.000000
vt -0.390169 0.308624 0.000000
vt -0.390169 0.341136 0.000000
vt -0.390169 0.373647 0.000000
vt -0.390169 0.406159 0.000000
vt -0.390169 0.438671 0.000000
vt -0.390169 0.471182 0.000000
vt -0.390169 0.503694 0.000000
vt -0.390169 0.536205 0.000000
vt -0.390169 0.568717 0.000000
vt -0.390169 0.601229 0.000000
vt -0.390169 0.633740 0.000000
vt -0.390169 0.666124 0.000000
vt -0.390169 0.698763 0.000000
vt -0.390169 0.731275 0.000000
vt -0.390169 0.763787 0.000000
vt -0.390169 0.796298 0.000000
vt -0.390169 0.828810 0.000000
vt -0.390169 0.861321 0.000000
vt -0.390169 0.893833 0.000000
vt -0.430848 0.243601 0.000000
vt -0.430848 0.276113 0.000000
vt -0.430848 0.308624 0.000000
vt -0.430848 0.341136 0.000000
vt -0.430848 0.373647 0.000000
vt -0.430848 0.406159 0.000000
vt -0.430848 0.438671 0.000000
vt -0.430848 0.471182 0.000000
vt -0.430848 0.503694 0.000000
vt -0.430848 0.536205 0.000000
vt -0.430848 0.568717 0.000000
vt -0.430848 0.601229 0.000000
vt -0.430848 0.633740 0.000000
vt -0.430848 0.666124 0.000000
vt -0.430848 0.698763 0.000000
vt -0.430848 0.731275 0.000000
vt -0.430848 0.763787 0.000000
vt -0.430848 0.796298 0.000000
vt -0.430848 0.828810 0.000000
vt -0.430848 0.861321 0.000000
vt -0.430848 0.893833 0.000000
vt -0.430848 0.926345 0.000000
vt -0.471528 0.243601 0.000000
vt -0.471528 0.276113 0.000000
vt -0.471528 0.308624 0.000000
vt -0.471528 0.341136 0.000000
vt -0.471528 0.373647 0.000000
vt -0.471528 0.406159 0.000000
vt -0.471528 0.438671 0.000000
vt -0.471528 0.471182 0.000000
vt -0.471528 0.503694 0.000000
vt -0.471528 0.536205 0.000000
vt -0.471528 0.568717 0.000000
vt -0.471528 0.601229 0.000000
vt -0.471528 0.633740 0.000000
vt -0.471528 0.666124 0.000000
vt -0.471528 0.698763 0.000000
vt -0.471528 0.731275 0.000000
vt -0.471528 0.763787 0.000000
vt -0.471528 0.796298 0.000000
vt -0.471528 0.828810 0.000000
vt -0.471528 0.861321 0.000000
vt -0.471528 0.893833 0.000000
vt -0.471528 0.926345 0.000000
vt -0.471528 0.958856 0.000000
vt -0.510129 0.243601 0.000000
vt -0.510129 0.276113 0.000000
vt -0.510129 0.308624 0.000000
vt -0.510129 0.341136 0.000000
vt -0.510129 0.373647 0.000000
vt -0.510129 0.406159 0.000000
vt -0.510129 0.438671 0.000000
vt -0.510129 0.471182 0.000000
vt -0.510129 0.503694 0.000000
vt -0.510129 0.536205 0.000000
vt -0.510129 0.568717 0.000000
vt -0.510129 0.601229 0.000000
vt -0.510129 0.633740 0.000000
vt -0.510129 0.666124 0.000000
vt -0.510129 0.698763 0.000000
vt -0.510129 0.731275 0.000000
vt -0.510129 0.763787 0.000000
vt -0.510129 0.796298 0.000000
vt -0.510129 0.828810 0.000000
vt -0.510129 0.861321 0.000000
vt -0.510129 0.893833 0.000000
vt -0.510129 0.926345 0.000000
vt -0.510129 0.958856 0.000000
vt -0.510129 0.999614 0.000000
vt -0.548730 0.243601 0.000000
vt -0.548730 0.276113 0.000000
vt -0.548730 0.308624 0.000000
vt -0.548730 0.341136 0.000000
vt -0.548730 0.373647 0.000000
vt -0.548730 0.406159 0.000000
vt -0.548730 0.438671 0.000000
vt -0.548730 0.471182 0.000000
vt -0.548730 0.503694 0.000000
vt -0.548730 0.536205 0.000000
vt -0.548730 0.568717 0.000000
vt -0.548730 0.601229 0.000000
vt -0.548730 0.633740 0.000000
vt -0.548730 0.666124 0.000000
vt -0.548730 0.698763 0.000000
vt -0.548730 0.731275 0.000000
vt -0.548730 0.763787 0.000000
vt -0.548730 0.796298 0.000000
vt -0.548730 0.828810 0.000000
vt -0.548730 0.861321 0.000000
vt -0.548730 0.893833 0.000000
vt -0.548730 0.926345 0.000000
vt -0.548730 0.958856 0.000000
vt -0.548730 0.999614 0.000000
vt -0.548730 1.040371 0.000000
vt -0.587332 0.243601 0.000000
vt -0.587332 0.276113 0.000000
vt -0.587332 0.308624 0.000000
vt -0.587332 0.341136 0.000000
vt -0.587332 0.373647 0.000000
vt -0.587332 0.406159 0.000000
vt -0.587332 0.438671 0.000000
vt -0.587332 0.471182 0.000000
vt -0.587332 0.503694 0.000000
vt -0.587332 0.536205 0.000000
vt -0.587332 0.568717 0.000000
vt -0.587332 0.601229 0.000000
vt -0.587332 0.633740 0.000000
vt -0.587332 0.666124 0.000000
vt -0.587332 0.698763 0.000000
vt -0.587332 0.731275 0.000000
vt -0.587332 0.763787 0.000000
vt -0.587332 0.796298 0.000000
vt -0.587332 0.828810 0.000000
vt -0.587332 0.861321 0.000000
vt -0.587332 0.893833 0.000000
vt -0.587332 0.926345 0.000000
vt -0.587332 0.958856 0.000000
vt -0.587332 0.999614 0.000000
vt -0.587332 1.040371 0.000000
vt -0.111983 0.731275 0.000000
vt -0.146756 0.763787 0.000000
vt -0.111983 0.763787 0.000000
vt -0.146756 0.796298 0.000000
vt -0.111983 0.796298 0.000000
vt -0.146756 0.828810 0.000000
vt -0.111983 0.828810 0.000000
vt -0.146756 0.861321 0.000000
vt -0.111983 0.861321 0.000000
vt -0.146756 0.893833 0.000000
vt -0.111983 0.893833 0.000000
vt -0.146756 0.926345 0.000000
vt -0.285849 0.893833 0.000000
vt -0.285849 0.926345 0.000000
vt -0.285849 0.958856 0.000000
vt -0.285849 0.999614 0.000000
vt -0.285849 1.040371 0.000000
vt -0.111983 0.926345 0.000000
vt -0.146756 0.958856 0.000000
vt -0.320623 0.926345 0.000000
vt -0.111983 0.958856 0.000000
vt -0.146756 0.999614 0.000000
vt -0.320623 0.958856 0.000000
vt -0.320623 0.999614 0.000000
vt -0.320623 1.040371 0.000000
vt -0.111983 0.999614 0.000000
vt -0.146756 1.040371 0.000000
vt -0.111983 1.040371 0.000000
vt -0.005636 0.000524 0.000000
vt -0.005661 0.000000 0.000000
vt 0.004803 0.001552 0.000000
vt -0.005636 -0.000524 0.000000
vt 0.004931 0.001043 0.000000
vt 0.005009 0.000524 0.000000
vt 0.005036 -0.000000 0.000000
vt 0.005010 -0.000524 0.000000
vt 0.004932 -0.001043 0.000000
vt 0.004803 -0.001552 0.000000
vt 0.004626 -0.002045 0.000000
vt -0.005559 -0.001043 0.000000
vt -0.005431 -0.001552 0.000000
vt -0.005253 -0.002046 0.000000
vt -0.005027 -0.002520 0.000000
vt -0.004757 -0.002970 0.000000
vt 0.004402 -0.002520 0.000000
vt -0.004445 -0.003391 0.000000
vt 0.004133 -0.002971 0.000000
vt -0.004093 -0.003781 0.000000
vt 0.003821 -0.003393 0.000000
vt 0.003469 -0.003782 0.000000
vt 0.003080 -0.004134 0.000000
vt 0.002658 -0.004445 0.000000
vt 0.002207 -0.004714 0.000000
vt -0.003706 -0.004134 0.000000
vt -0.003284 -0.004447 0.000000
vt -0.002834 -0.004716 0.000000
vt -0.002359 -0.004939 0.000000
vt -0.001864 -0.005115 0.000000
vt 0.001733 -0.004939 0.000000
vt -0.001355 -0.005243 0.000000
vt 0.001239 -0.005116 0.000000
vt -0.000836 -0.005321 0.000000
vt 0.000730 -0.005245 0.000000
vt -0.000313 -0.005348 0.000000
vt 0.000212 -0.005323 0.000000
vt 0.004627 0.002046 0.000000
vt -0.004759 0.002971 0.000000
vt -0.005029 0.002521 0.000000
vt -0.005254 0.002047 0.000000
vt 0.004404 0.002521 0.000000
vt 0.004135 0.002972 0.000000
vt 0.003821 0.003393 0.000000
vt 0.003468 0.003781 0.000000
vt 0.003079 0.004132 0.000000
vt -0.004447 0.003393 0.000000
vt -0.004095 0.003782 0.000000
vt -0.003706 0.004134 0.000000
vt -0.003284 0.004446 0.000000
vt 0.002657 0.004445 0.000000
vt -0.002834 0.004716 0.000000
vt -0.002359 0.004941 0.000000
vt 0.002208 0.004716 0.000000
vt 0.001734 0.004941 0.000000
vt 0.001240 0.005118 0.000000
vt 0.000731 0.005245 0.000000
vt 0.000212 0.005322 0.000000
vt -0.000313 0.005347 0.000000
vt -0.000837 0.005322 0.000000
vt -0.001356 0.005246 0.000000
vt -0.001865 0.005118 0.000000
vt -0.005431 0.001553 0.000000
vt -0.005559 0.001043 0.000000
vt 0.423075 0.371729 0.000000
vt 0.422313 0.395981 0.000000
vt -0.189143 0.394953 0.000000
vt 0.422564 0.420249 0.000000
vt -0.189143 0.438837 0.000000
vt 0.423784 0.445027 0.000000
vt 0.425913 0.470096 0.000000
vt -0.189143 0.482721 0.000000
vt 0.428889 0.495254 0.000000
vt -0.189143 0.526604 0.000000
vt 0.432592 0.520347 0.000000
vt 0.436789 0.545230 0.000000
vt -0.189143 0.570488 0.000000
vt 0.441254 0.569714 0.000000
vt 0.445763 0.593588 0.000000
vt -0.189143 0.614372 0.000000
vt 0.450256 0.617509 0.000000
vt 0.454665 0.642033 0.000000
vt -0.189143 0.658255 0.000000
vt 0.458782 0.666946 0.000000
vt 0.462397 0.692060 0.000000
vt -0.189143 0.702139 0.000000
vt 0.465312 0.717232 0.000000
vt -0.189143 0.746023 0.000000
vt 0.467436 0.742301 0.000000
vt 0.468722 0.767063 0.000000
vt -0.189143 0.789906 0.000000
vt -0.189143 -0.789906 0.000000
vt 0.468722 -0.812750 0.000000
vt 0.469125 -0.788512 0.000000
vt 0.468617 -0.764205 0.000000
vt -0.189143 -0.746023 0.000000
vt 0.467231 -0.739396 0.000000
vt 0.465013 -0.714305 0.000000
vt -0.189143 -0.702139 0.000000
vt 0.462009 -0.689133 0.000000
vt -0.189143 -0.658255 0.000000
vt 0.458324 -0.664034 0.000000
vt 0.454163 -0.639156 0.000000
vt -0.189143 -0.614718 0.000000
vt 0.449734 -0.614691 0.000000
vt 0.445244 -0.590848 0.000000
vt -0.189143 -0.570488 0.000000
vt 0.440728 -0.566893 0.000000
vt 0.436282 -0.542352 0.000000
vt -0.189143 -0.526604 0.000000
vt 0.432131 -0.517435 0.000000
vt 0.428501 -0.492328 0.000000
vt -0.189143 -0.482721 0.000000
vt 0.425620 -0.467172 0.000000
vt -0.189143 -0.438837 0.000000
vt 0.423594 -0.442126 0.000000
vt 0.422484 -0.417395 0.000000
vt -0.189143 -0.394953 0.000000
vt 0.422349 -0.393191 0.000000
vt 0.423229 -0.368873 0.000000
vt -0.189143 -0.351069 0.000000
vt 0.425071 -0.344094 0.000000
vt 0.427806 -0.319066 0.000000
vt -0.189143 -0.307186 0.000000
vt 0.431361 -0.293979 0.000000
vt -0.189143 -0.263302 0.000000
vt 0.435592 -0.268977 0.000000
vt 0.440265 -0.244198 0.000000
vt -0.189143 -0.219622 0.000000
vt 0.445153 -0.219826 0.000000
vt 0.450029 -0.196060 0.000000
vt -0.189143 -0.175535 0.000000
vt 0.454858 -0.172172 0.000000
vt 0.459565 -0.147689 0.000000
vt -0.189143 -0.131651 0.000000
vt 0.463937 -0.122820 0.000000
vt 0.467761 -0.097749 0.000000
vt -0.189143 -0.087767 0.000000
vt 0.470835 -0.072616 0.000000
vt -0.189143 -0.043884 0.000000
vt 0.473073 -0.047578 0.000000
vt 0.474426 -0.022836 0.000000
vt -0.189143 0.000000 0.000000
vt 0.474850 0.001394 0.000000
vt 0.474316 0.025692 0.000000
vt -0.189143 0.043884 0.000000
vt 0.472857 0.050479 0.000000
vt 0.470520 0.075538 0.000000
vt -0.189143 0.087767 0.000000
vt 0.467351 0.100671 0.000000
vt -0.189143 0.131651 0.000000
vt 0.463452 0.125727 0.000000
vt 0.459030 0.150561 0.000000
vt -0.189143 0.175535 0.000000
vt 0.454298 0.174985 0.000000
vt 0.449468 0.198792 0.000000
vt -0.189143 0.219418 0.000000
vt 0.444580 0.222634 0.000000
vt 0.439706 0.247064 0.000000
vt -0.189143 0.263302 0.000000
vt 0.435073 0.271877 0.000000
vt 0.430908 0.296896 0.000000
vt -0.189143 0.307186 0.000000
vt 0.427444 0.321984 0.000000
vt -0.189143 0.351069 0.000000
vt 0.424810 0.346993 0.000000
vt -0.801199 0.420248 0.000000
vt -0.800918 0.395981 0.000000
vt -0.801650 0.371729 0.000000
vt -0.803353 0.346991 0.000000
vt -0.805958 0.321978 0.000000
vt -0.809392 0.296886 0.000000
vt -0.813529 0.271864 0.000000
vt -0.818137 0.247046 0.000000
vt -0.822987 0.222613 0.000000
vt -0.827853 0.198767 0.000000
vt -0.832664 0.174956 0.000000
vt -0.837378 0.150527 0.000000
vt -0.841783 0.125690 0.000000
vt -0.845667 0.100633 0.000000
vt -0.848824 0.075498 0.000000
vt -0.851152 0.050438 0.000000
vt -0.852605 0.025651 0.000000
vt -0.853136 0.001353 0.000000
vt -0.852712 -0.022878 0.000000
vt -0.851361 -0.047620 0.000000
vt -0.849129 -0.072660 0.000000
vt -0.846064 -0.097795 0.000000
vt -0.842252 -0.122868 0.000000
vt -0.837895 -0.147738 0.000000
vt -0.833205 -0.172223 0.000000
vt -0.828395 -0.196114 0.000000
vt -0.823540 -0.219886 0.000000
vt -0.818677 -0.244263 0.000000
vt -0.814030 -0.269047 0.000000
vt -0.809828 -0.294054 0.000000
vt -0.806305 -0.319144 0.000000
vt -0.803604 -0.344175 0.000000
vt -0.801795 -0.368954 0.000000
vt -0.800949 -0.393272 0.000000
vt -0.801118 -0.417477 0.000000
vt -0.802262 -0.442207 0.000000
vt -0.804322 -0.467252 0.000000
vt -0.807235 -0.492405 0.000000
vt -0.810895 -0.517508 0.000000
vt -0.815073 -0.542419 0.000000
vt -0.819544 -0.566955 0.000000
vt -0.824081 -0.590905 0.000000
vt -0.828591 -0.614745 0.000000
vt -0.833038 -0.639207 0.000000
vt -0.837215 -0.664083 0.000000
vt -0.840912 -0.689181 0.000000
vt -0.843925 -0.714350 0.000000
vt -0.846149 -0.739439 0.000000
vt -0.847538 -0.764247 0.000000
vt -0.848047 -0.788553 0.000000
vt -0.848047 0.791260 0.000000
vt -0.847641 0.767022 0.000000
vt -0.846349 0.742260 0.000000
vt -0.844216 0.717192 0.000000
vt -0.841290 0.692023 0.000000
vt -0.837660 0.666911 0.000000
vt -0.833527 0.642001 0.000000
vt -0.829100 0.617481 0.000000
vt -0.824588 0.593565 0.000000
vt -0.820058 0.569694 0.000000
vt -0.815568 0.545214 0.000000
vt -0.811345 0.520334 0.000000
vt -0.807615 0.495246 0.000000
vt -0.804609 0.470091 0.000000
vt -0.802450 0.445025 0.000000
vt -46.008041 0.059640 0.000000
vt -46.008041 -0.000001 0.000000
vt -44.424140 -0.000001 0.000000
vt -46.008041 -0.059641 0.000000
vt -44.424140 -0.063617 0.000000
vt -46.008041 -0.119283 0.000000
vt -44.424140 -0.127235 0.000000
vt -46.008041 -0.178923 0.000000
vt -44.424140 -0.190852 0.000000
vt -46.008042 -0.238560 0.000000
vt -44.424140 -0.238382 0.000000
vt -44.424140 -0.254469 0.000000
vt -42.840229 -0.254469 0.000000
vt -42.840229 -0.318087 0.000000
vt -41.256318 -0.318086 0.000000
vt -41.256318 -0.381704 0.000000
vt -39.672407 -0.381704 0.000000
vt -39.672407 -0.445321 0.000000
vt -38.088496 -0.445321 0.000000
vt -38.088496 -0.508938 0.000000
vt -36.504584 -0.508938 0.000000
vt -36.504584 -0.572555 0.000000
vt -34.920673 -0.572555 0.000000
vt -34.920673 -0.636172 0.000000
vt -33.336762 -0.636172 0.000000
vt -33.336762 -0.699789 0.000000
vt -31.752851 -0.699788 0.000000
vt -31.752851 -0.763406 0.000000
vt -30.168940 -0.763405 0.000000
vt -30.168940 -0.827023 0.000000
vt -28.585029 -0.827022 0.000000
vt -28.585029 -0.890640 0.000000
vt -27.001519 -0.890639 0.000000
vt -27.001566 -0.954257 0.000000
vt -28.585029 -0.954256 0.000000
vt -27.001613 -1.017874 0.000000
vt -28.585029 -1.017874 0.000000
vt -27.001659 -1.081492 0.000000
vt -28.585029 -1.081492 0.000000
vt -27.001705 -1.145109 0.000000
vt -28.585029 -1.145109 0.000000
vt -27.001749 -1.208727 0.000000
vt -28.585029 -1.208727 0.000000
vt -27.001791 -1.272344 0.000000
vt -28.585029 -1.272345 0.000000
vt -27.001830 -1.335962 0.000000
vt -28.585029 -1.335962 0.000000
vt -27.001866 -1.399579 0.000000
vt -28.585029 -1.399580 0.000000
vt -27.001900 -1.463197 0.000000
vt -28.585029 -1.463197 0.000000
vt -27.001929 -1.526815 0.000000
vt -28.585029 -1.526815 0.000000
vt -27.001955 -1.590433 0.000000
vt -28.585029 -1.590433 0.000000
vt -27.001976 -1.654050 0.000000
vt -28.585029 -1.654051 0.000000
vt -27.001993 -1.717668 0.000000
vt -28.585029 -1.717669 0.000000
vt -27.002005 -1.781286 0.000000
vt -28.585029 -1.781286 0.000000
vt -27.002012 -1.844904 0.000000
vt -28.585029 -1.844904 0.000000
vt -27.002015 -1.908522 0.000000
vt -28.585029 -1.908522 0.000000
vt -27.002015 1.908522 0.000000
vt -28.585029 1.908522 0.000000
vt -28.585029 1.844904 0.000000
vt -30.168940 1.844904 0.000000
vt -30.168940 1.781287 0.000000
vt -31.270665 1.818531 0.000000
vt -31.281593 1.797599 0.000000
vt -46.008042 -0.298202 0.000000
vt -44.424140 -0.318087 0.000000
vt -42.840229 -0.381704 0.000000
vt -41.256318 -0.445321 0.000000
vt -39.672407 -0.508938 0.000000
vt -38.088496 -0.572555 0.000000
vt -36.504584 -0.636172 0.000000
vt -34.920673 -0.699789 0.000000
vt -33.336762 -0.763406 0.000000
vt -31.752851 -0.827023 0.000000
vt -30.168940 -0.890640 0.000000
vt -46.008043 -0.357849 0.000000
vt -44.424140 -0.381704 0.000000
vt -42.840229 -0.445321 0.000000
vt -41.256318 -0.508938 0.000000
vt -39.672407 -0.572555 0.000000
vt -38.088496 -0.636172 0.000000
vt -36.504584 -0.699789 0.000000
vt -34.920673 -0.763406 0.000000
vt -33.336762 -0.827023 0.000000
vt -31.752851 -0.890640 0.000000
vt -30.168940 -0.954256 0.000000
vt -46.008042 -0.417491 0.000000
vt -44.424140 -0.445321 0.000000
vt -42.840229 -0.508939 0.000000
vt -41.256318 -0.572556 0.000000
vt -39.672407 -0.636173 0.000000
vt -38.088496 -0.699790 0.000000
vt -36.504584 -0.763407 0.000000
vt -34.920673 -0.827024 0.000000
vt -33.336762 -0.890641 0.000000
vt -31.752851 -0.954256 0.000000
vt -30.168940 -1.017875 0.000000
vt -46.008042 -0.477128 0.000000
vt -44.424140 -0.508939 0.000000
vt -42.840229 -0.572556 0.000000
vt -41.256318 -0.636173 0.000000
vt -39.672407 -0.699790 0.000000
vt -38.088496 -0.763407 0.000000
vt -36.504584 -0.827024 0.000000
vt -34.920673 -0.890641 0.000000
vt -33.336762 -0.954256 0.000000
vt -31.752851 -1.017875 0.000000
vt -30.168940 -1.081492 0.000000
vt -46.008043 -0.536762 0.000000
vt -44.424140 -0.572556 0.000000
vt -42.840229 -0.636173 0.000000
vt -41.256318 -0.699790 0.000000
vt -39.672407 -0.763407 0.000000
vt -38.088496 -0.827024 0.000000
vt -36.504584 -0.890641 0.000000
vt -34.920673 -0.954255 0.000000
vt -33.336762 -1.017875 0.000000
vt -31.752851 -1.081493 0.000000
vt -30.168940 -1.145110 0.000000
vt -46.008044 -0.596404 0.000000
vt -44.424140 -0.636174 0.000000
vt -42.840229 -0.699791 0.000000
vt -41.256318 -0.763408 0.000000
vt -39.672407 -0.827025 0.000000
vt -38.088496 -0.890642 0.000000
vt -36.504584 -0.954255 0.000000
vt -34.920673 -1.017876 0.000000
vt -33.336762 -1.081493 0.000000
vt -31.752851 -1.145110 0.000000
vt -30.168940 -1.208727 0.000000
vt -46.008044 -0.656054 0.000000
vt -44.424140 -0.699791 0.000000
vt -42.840229 -0.763408 0.000000
vt -41.256318 -0.827025 0.000000
vt -39.672407 -0.890642 0.000000
vt -38.088496 -0.954255 0.000000
vt -36.504584 -1.017876 0.000000
vt -34.920673 -1.081493 0.000000
vt -33.336762 -1.145110 0.000000
vt -31.752851 -1.208728 0.000000
vt -30.168940 -1.272345 0.000000
vt -46.008044 -0.715700 0.000000
vt -44.424140 -0.763408 0.000000
vt -42.840229 -0.827025 0.000000
vt -41.256318 -0.890642 0.000000
vt -39.672407 -0.954255 0.000000
vt -38.088496 -1.017877 0.000000
vt -36.504584 -1.081494 0.000000
vt -34.920673 -1.145111 0.000000
vt -33.336762 -1.208728 0.000000
vt -31.752851 -1.272345 0.000000
vt -30.168940 -1.335962 0.000000
vt -46.008044 -0.775335 0.000000
vt -44.424140 -0.827026 0.000000
vt -42.840229 -0.890643 0.000000
vt -41.256318 -0.954254 0.000000
vt -39.672407 -1.017877 0.000000
vt -38.088496 -1.081494 0.000000
vt -36.504584 -1.145111 0.000000
vt -34.920673 -1.208728 0.000000
vt -33.336762 -1.272345 0.000000
vt -31.752851 -1.335963 0.000000
vt -30.168940 -1.399580 0.000000
vt -46.008044 -0.834971 0.000000
vt -44.424140 -0.890643 0.000000
vt -42.840229 -0.954254 0.000000
vt -41.256318 -1.017877 0.000000
vt -39.672407 -1.081494 0.000000
vt -38.088496 -1.145111 0.000000
vt -36.504584 -1.208729 0.000000
vt -34.920673 -1.272346 0.000000
vt -33.336762 -1.335963 0.000000
vt -31.752851 -1.399580 0.000000
vt -30.168940 -1.463198 0.000000
vt -46.008045 -0.894605 0.000000
vt -44.424140 -0.954254 0.000000
vt -42.840229 -1.017878 0.000000
vt -41.256318 -1.081495 0.000000
vt -39.672407 -1.145112 0.000000
vt -38.088496 -1.208729 0.000000
vt -36.504584 -1.272346 0.000000
vt -34.920673 -1.335963 0.000000
vt -33.336762 -1.399581 0.000000
vt -31.752851 -1.463198 0.000000
vt -30.168940 -1.526815 0.000000
vt -46.008046 -0.954253 0.000000
vt -46.008046 -1.013907 0.000000
vt -44.424140 -1.017878 0.000000
vt -46.008046 -1.073550 0.000000
vt -44.424140 -1.081495 0.000000
vt -46.008046 -1.133182 0.000000
vt -44.424140 -1.145113 0.000000
vt -46.008046 -1.192812 0.000000
vt -44.424140 -1.208730 0.000000
vt -46.008048 -1.252440 0.000000
vt -44.424140 -1.272347 0.000000
vt -46.008049 -1.312091 0.000000
vt -44.424140 -1.335965 0.000000
vt -46.008050 -1.371756 0.000000
vt -44.424140 -1.399582 0.000000
vt -46.008049 -1.431413 0.000000
vt -44.424140 -1.463200 0.000000
vt -46.008048 -1.491047 0.000000
vt -44.424140 -1.526817 0.000000
vt -46.008048 -1.550672 0.000000
vt -44.424140 -1.590435 0.000000
vt -46.008048 -1.610301 0.000000
vt -44.424140 -1.654052 0.000000
vt -46.008050 -1.669934 0.000000
vt -44.424140 -1.717670 0.000000
vt -46.008050 -1.729588 0.000000
vt -44.424140 -1.781287 0.000000
vt -46.008050 -1.789252 0.000000
vt -44.424140 -1.844904 0.000000
vt -46.008050 -1.848902 0.000000
vt -44.424140 -1.908522 0.000000
vt -44.424140 1.908522 0.000000
vt -46.008050 1.968141 0.000000
vt -46.008048 1.908512 0.000000
vt -46.008048 1.848881 0.000000
vt -44.424140 1.844904 0.000000
vt -46.008049 1.789262 0.000000
vt -44.424140 1.781287 0.000000
vt -46.008051 1.729627 0.000000
vt -44.424140 1.717670 0.000000
vt -46.008051 1.669965 0.000000
vt -44.424140 1.670140 0.000000
vt -44.424140 1.654052 0.000000
vt -42.840229 1.654052 0.000000
vt -44.424140 1.590435 0.000000
vt -42.840229 1.590434 0.000000
vt -44.424140 1.526817 0.000000
vt -42.840229 1.526817 0.000000
vt -44.424140 1.463200 0.000000
vt -42.840229 1.463199 0.000000
vt -44.424140 1.399582 0.000000
vt -42.840229 1.399582 0.000000
vt -44.424140 1.335965 0.000000
vt -42.840229 1.335965 0.000000
vt -44.424140 1.272347 0.000000
vt -42.840229 1.272347 0.000000
vt -44.424140 1.208730 0.000000
vt -42.840229 1.208730 0.000000
vt -44.424140 1.145113 0.000000
vt -42.840229 1.145112 0.000000
vt -44.424140 1.081495 0.000000
vt -42.840229 1.081495 0.000000
vt -44.424140 1.017878 0.000000
vt -42.840229 1.017878 0.000000
vt -44.424140 0.954273 0.000000
vt -42.840229 0.954271 0.000000
vt -44.424140 0.890643 0.000000
vt -42.840229 0.890643 0.000000
vt -44.424140 0.827026 0.000000
vt -42.840229 0.827025 0.000000
vt -44.424140 0.763408 0.000000
vt -42.840229 0.763408 0.000000
vt -44.424140 0.699791 0.000000
vt -42.840229 0.699791 0.000000
vt -44.424140 0.636174 0.000000
vt -42.840229 0.636173 0.000000
vt -44.424140 0.572556 0.000000
vt -42.840229 0.572556 0.000000
vt -44.424140 0.508939 0.000000
vt -42.840229 0.508939 0.000000
vt -44.424140 0.445321 0.000000
vt -42.840229 0.445321 0.000000
vt -44.424140 0.381704 0.000000
vt -42.840229 0.381704 0.000000
vt -44.424140 0.318087 0.000000
vt -42.840229 0.318087 0.000000
vt -44.424140 0.254469 0.000000
vt -42.840229 0.254469 0.000000
vt -44.424140 0.190852 0.000000
vt -42.840229 0.190852 0.000000
vt -42.840229 0.127235 0.000000
vt -41.256318 0.127235 0.000000
vt -41.256318 0.063617 0.000000
vt -39.672407 0.063617 0.000000
vt -39.672407 -0.000000 0.000000
vt -38.088496 -0.000000 0.000000
vt -38.088496 -0.063617 0.000000
vt -36.504584 -0.063617 0.000000
vt -36.504584 -0.127235 0.000000
vt -34.920673 -0.127235 0.000000
vt -34.920673 -0.190852 0.000000
vt -33.336762 -0.190852 0.000000
vt -33.336762 -0.237136 0.000000
vt -31.619122 -0.208554 0.000000
vt -31.596401 -0.218912 0.000000
vt -31.752851 -0.236958 0.000000
vt -31.572660 -0.226978 0.000000
vt -31.548326 -0.232681 0.000000
vt -31.523851 -0.236005 0.000000
vt -31.499679 -0.236929 0.000000
vt -31.752851 -0.254468 0.000000
vt -30.168940 -0.254468 0.000000
vt -30.168940 -0.318085 0.000000
vt -28.585029 -0.318085 0.000000
vt -28.585029 -0.381702 0.000000
vt -27.001203 -0.381702 0.000000
vt -27.001233 -0.445319 0.000000
vt -28.585029 -0.445319 0.000000
vt -27.001266 -0.508936 0.000000
vt -28.585029 -0.508936 0.000000
vt -27.001303 -0.572553 0.000000
vt -28.585029 -0.572553 0.000000
vt -27.001342 -0.636170 0.000000
vt -28.585029 -0.636171 0.000000
vt -27.001384 -0.699788 0.000000
vt -28.585029 -0.699788 0.000000
vt -27.001428 -0.763405 0.000000
vt -28.585029 -0.763405 0.000000
vt -27.001473 -0.827022 0.000000
vt -46.008051 1.610294 0.000000
vt -46.008050 1.550639 0.000000
vt -46.008048 1.491012 0.000000
vt -46.008047 1.431388 0.000000
vt -46.008048 1.371765 0.000000
vt -46.008049 1.312135 0.000000
vt -46.008050 1.252478 0.000000
vt -46.008049 1.192808 0.000000
vt -46.008048 1.133150 0.000000
vt -46.008046 1.073520 0.000000
vt -46.008045 1.013897 0.000000
vt -46.008045 0.954274 0.000000
vt -46.008047 0.894650 0.000000
vt -46.008048 0.834997 0.000000
vt -46.008048 0.775324 0.000000
vt -46.008046 0.715658 0.000000
vt -46.008045 0.656020 0.000000
vt -46.008043 0.596403 0.000000
vt -46.008043 0.536776 0.000000
vt -46.008044 0.477158 0.000000
vt -46.008045 0.417517 0.000000
vt -46.008046 0.357849 0.000000
vt -46.008045 0.298178 0.000000
vt -46.008044 0.238529 0.000000
vt -46.008042 0.178908 0.000000
vt -44.424140 0.127235 0.000000
vt -46.008041 0.119281 0.000000
vt -44.424140 0.063617 0.000000
vt -31.527464 1.672778 0.000000
vt -31.752851 1.671545 0.000000
vt -31.503242 1.671573 0.000000
vt -31.752851 1.654051 0.000000
vt -30.168940 1.654051 0.000000
vt -31.752851 1.590433 0.000000
vt -30.168940 1.590433 0.000000
vt -31.752851 1.526816 0.000000
vt -30.168940 1.526815 0.000000
vt -31.752851 1.463198 0.000000
vt -30.168940 1.463198 0.000000
vt -31.752851 1.399580 0.000000
vt -30.168940 1.399580 0.000000
vt -31.752851 1.335963 0.000000
vt -30.168940 1.335962 0.000000
vt -31.752851 1.272345 0.000000
vt -30.168940 1.272345 0.000000
vt -31.752851 1.208728 0.000000
vt -30.168940 1.208727 0.000000
vt -31.752851 1.145110 0.000000
vt -30.168940 1.145110 0.000000
vt -31.752851 1.081493 0.000000
vt -30.168940 1.081492 0.000000
vt -31.752851 1.017875 0.000000
vt -30.168940 1.017875 0.000000
vt -31.752851 0.954261 0.000000
vt -30.168940 0.954260 0.000000
vt -31.752851 0.890640 0.000000
vt -30.168940 0.890640 0.000000
vt -31.752851 0.827023 0.000000
vt -30.168940 0.827023 0.000000
vt -31.752851 0.763406 0.000000
vt -30.168940 0.763405 0.000000
vt -31.752851 0.699788 0.000000
vt -30.168940 0.699788 0.000000
vt -31.752851 0.636171 0.000000
vt -30.168940 0.636171 0.000000
vt -31.752851 0.572554 0.000000
vt -30.168940 0.572554 0.000000
vt -31.752851 0.508937 0.000000
vt -30.168940 0.508937 0.000000
vt -31.752851 0.445320 0.000000
vt -30.168940 0.445319 0.000000
vt -31.752851 0.381703 0.000000
vt -30.168940 0.381702 0.000000
vt -31.752851 0.318085 0.000000
vt -30.168940 0.318085 0.000000
vt -31.752851 0.254468 0.000000
vt -30.168940 0.254468 0.000000
vt -31.502469 0.236946 0.000000
vt -31.478251 0.235744 0.000000
vt -31.551945 1.676378 0.000000
vt -31.576234 1.682357 0.000000
vt -31.599878 1.690694 0.000000
vt -33.336762 1.671370 0.000000
vt -31.622459 1.701301 0.000000
vt -33.336762 1.717670 0.000000
vt -31.752851 1.717670 0.000000
vt -31.663223 1.728022 0.000000
vt -31.643670 1.713861 0.000000
vt -31.680831 1.743432 0.000000
vt -33.336762 1.781287 0.000000
vt -34.920673 1.781287 0.000000
vt -34.920673 1.844904 0.000000
vt -36.504584 1.844904 0.000000
vt -36.504584 1.908522 0.000000
vt -38.088496 1.908522 0.000000
vt -38.088496 -1.908522 0.000000
vt -36.504584 -1.908522 0.000000
vt -38.088496 -1.844904 0.000000
vt -39.672407 -1.844904 0.000000
vt -39.672407 -1.781287 0.000000
vt -41.256318 -1.781287 0.000000
vt -41.256318 -1.717670 0.000000
vt -42.840229 -1.717670 0.000000
vt -42.840229 -1.654052 0.000000
vt -31.696808 1.760338 0.000000
vt -31.752851 1.781287 0.000000
vt -31.743210 1.842267 0.000000
vt -31.734874 1.820210 0.000000
vt -31.724167 1.799010 0.000000
vt -31.711366 1.778960 0.000000
vt -33.336762 1.844904 0.000000
vt -31.749124 1.864808 0.000000
vt -31.752617 1.887440 0.000000
vt -33.336762 1.908522 0.000000
vt -33.336762 -1.908522 0.000000
vt -31.752617 -1.929604 0.000000
vt -31.753689 -1.907273 0.000000
vt -31.752343 -1.884891 0.000000
vt -33.336762 -1.844904 0.000000
vt -31.748577 -1.862250 0.000000
vt -31.742390 -1.839743 0.000000
vt -31.733780 -1.817766 0.000000
vt -31.752851 -1.781287 0.000000
vt -33.336762 -1.781287 0.000000
vt -34.920673 -1.781287 0.000000
vt -34.920673 -1.844904 0.000000
vt -36.504584 -1.781287 0.000000
vt -36.504584 -1.844904 0.000000
vt -38.088496 -1.781287 0.000000
vt -31.722820 -1.796683 0.000000
vt -31.709803 -1.776779 0.000000
vt -31.695068 -1.758337 0.000000
vt -31.678948 -1.741639 0.000000
vt -31.661106 -1.726353 0.000000
vt -31.752851 -1.717670 0.000000
vt -33.336762 -1.717670 0.000000
vt -34.920673 -1.717670 0.000000
vt -36.504584 -1.717670 0.000000
vt -38.088496 -1.717670 0.000000
vt -39.672407 -1.717670 0.000000
vt -31.641352 -1.712356 0.000000
vt -31.619972 -1.699998 0.000000
vt -31.597253 -1.689635 0.000000
vt -33.336762 -1.654051 0.000000
vt -31.573514 -1.681563 0.000000
vt -31.752851 -1.654051 0.000000
vt -31.549181 -1.675852 0.000000
vt -31.524706 -1.672521 0.000000
vt -31.500533 -1.671588 0.000000
vt -30.168940 -1.654051 0.000000
vt -31.752851 -1.590433 0.000000
vt -30.168940 -1.590433 0.000000
vt -31.752851 -1.526816 0.000000
vt -31.476265 -1.673061 0.000000
vt -31.451792 -1.676914 0.000000
vt -31.427557 -1.683120 0.000000
vt -30.168940 -1.717669 0.000000
vt -31.404001 -1.691650 0.000000
vt -31.381525 -1.702390 0.000000
vt -31.360423 -1.715021 0.000000
vt -31.340978 -1.729192 0.000000
vt -31.323469 -1.744566 0.000000
vt -30.168940 -1.781287 0.000000
vt -31.307532 -1.761440 0.000000
vt -31.293014 -1.779982 0.000000
vt -31.280249 -1.799911 0.000000
vt -31.269574 -1.820956 0.000000
vt -30.168940 -1.844904 0.000000
vt -31.261262 -1.842834 0.000000
vt -31.255361 -1.865182 0.000000
vt -31.251873 -1.887617 0.000000
vt -30.168940 -1.908522 0.000000
vt -30.168940 1.908522 0.000000
vt -31.251873 1.929426 0.000000
vt -31.250801 1.907283 0.000000
vt -31.252146 1.885090 0.000000
vt -31.255907 1.862646 0.000000
vt -31.262080 1.840332 0.000000
vt -31.294572 1.777813 0.000000
vt -31.309268 1.759445 0.000000
vt -31.325344 1.742777 0.000000
vt -30.168940 1.717669 0.000000
vt -31.343083 1.727525 0.000000
vt -31.362729 1.713510 0.000000
vt -31.384000 1.701076 0.000000
vt -31.406614 1.690571 0.000000
vt -31.430269 1.682302 0.000000
vt -31.454553 1.676361 0.000000
vt -31.479025 1.672775 0.000000
vt -31.453779 0.232158 0.000000
vt -31.429495 0.226218 0.000000
vt -30.168940 0.190852 0.000000
vt -31.405839 0.217952 0.000000
vt -31.383222 0.207449 0.000000
vt -31.361948 0.195018 0.000000
vt -31.342298 0.181007 0.000000
vt -31.324554 0.165759 0.000000
vt -30.168940 0.127235 0.000000
vt -31.308473 0.149096 0.000000
vt -31.293771 0.130733 0.000000
vt -31.280785 0.110951 0.000000
vt -31.269850 0.090022 0.000000
vt -30.168940 0.063617 0.000000
vt -31.261258 0.068224 0.000000
vt -31.255078 0.045912 0.000000
vt -31.251312 0.023469 0.000000
vt -30.168940 0.000000 0.000000
vt -28.585029 0.063617 0.000000
vt -28.585029 0.000000 0.000000
vt -27.001120 0.063617 0.000000
vt -27.001118 0.000000 0.000000
vt -27.001120 -0.063617 0.000000
vt -28.585029 -0.063617 0.000000
vt -27.001127 -0.127234 0.000000
vt -28.585029 -0.127234 0.000000
vt -27.001140 -0.190851 0.000000
vt -28.585029 -0.190851 0.000000
vt -27.001156 -0.254468 0.000000
vt -28.585029 -0.254468 0.000000
vt -27.001178 -0.318085 0.000000
vt -31.249962 0.001275 0.000000
vt -31.251031 -0.020867 0.000000
vt -30.168940 -0.063617 0.000000
vt -31.254516 -0.043301 0.000000
vt -31.260415 -0.065648 0.000000
vt -31.268726 -0.087525 0.000000
vt -30.168940 -0.127235 0.000000
vt -31.279401 -0.108570 0.000000
vt -31.292166 -0.128499 0.000000
vt -31.306685 -0.147042 0.000000
vt -31.322623 -0.163917 0.000000
vt -30.168940 -0.190852 0.000000
vt -31.340131 -0.179290 0.000000
vt -31.359573 -0.193463 0.000000
vt -31.380673 -0.206095 0.000000
vt -31.403148 -0.216840 0.000000
vt -31.426702 -0.225376 0.000000
vt -31.450936 -0.231588 0.000000
vt -31.475409 -0.235449 0.000000
vt -31.752851 -0.190852 0.000000
vt -31.640504 -0.196199 0.000000
vt -31.660262 -0.182203 0.000000
vt -31.678106 -0.166918 0.000000
vt -31.694225 -0.150222 0.000000
vt -33.336762 -0.127235 0.000000
vt -34.920673 -0.063617 0.000000
vt -36.504584 -0.000000 0.000000
vt -38.088496 0.063617 0.000000
vt -39.672407 0.127235 0.000000
vt -41.256318 0.190852 0.000000
vt -41.256318 0.254469 0.000000
vt -41.256318 0.318086 0.000000
vt -41.256318 0.381704 0.000000
vt -41.256318 0.445321 0.000000
vt -41.256318 0.508938 0.000000
vt -41.256318 0.572556 0.000000
vt -41.256318 0.636173 0.000000
vt -41.256318 0.699790 0.000000
vt -41.256318 0.763408 0.000000
vt -41.256318 0.827025 0.000000
vt -41.256318 0.890642 0.000000
vt -41.256318 0.954270 0.000000
vt -41.256318 1.017877 0.000000
vt -41.256318 1.081495 0.000000
vt -41.256318 1.145112 0.000000
vt -41.256318 1.208729 0.000000
vt -41.256318 1.272347 0.000000
vt -41.256318 1.335964 0.000000
vt -41.256318 1.399582 0.000000
vt -41.256318 1.463199 0.000000
vt -41.256318 1.526817 0.000000
vt -41.256318 1.590434 0.000000
vt -41.256318 1.654052 0.000000
vt -42.840229 1.670316 0.000000
vt -31.708960 -0.131781 0.000000
vt -31.752851 -0.127235 0.000000
vt -31.741549 -0.068818 0.000000
vt -31.732938 -0.090795 0.000000
vt -31.721977 -0.111878 0.000000
vt -33.336762 -0.063617 0.000000
vt -31.747738 -0.046311 0.000000
vt -31.751507 -0.023669 0.000000
vt -33.336762 -0.000000 0.000000
vt -31.752856 -0.001286 0.000000
vt -31.751788 0.021044 0.000000
vt -33.336762 0.063617 0.000000
vt -31.748301 0.043676 0.000000
vt -31.742394 0.066219 0.000000
vt -31.734064 0.088278 0.000000
vt -31.752851 0.127235 0.000000
vt -33.336762 0.127235 0.000000
vt -34.920673 0.127235 0.000000
vt -34.920673 0.063617 0.000000
vt -36.504584 0.127235 0.000000
vt -36.504584 0.063617 0.000000
vt -38.088496 0.127235 0.000000
vt -31.723364 0.109481 0.000000
vt -31.710569 0.129535 0.000000
vt -31.696017 0.148161 0.000000
vt -31.680045 0.165072 0.000000
vt -33.336762 0.190852 0.000000
vt -31.662441 0.180485 0.000000
vt -31.752851 0.190852 0.000000
vt -31.642892 0.194649 0.000000
vt -31.621684 0.207213 0.000000
vt -31.599104 0.217822 0.000000
vt -31.575461 0.226161 0.000000
vt -31.551173 0.232140 0.000000
vt -33.336762 0.254468 0.000000
vt -34.920673 0.190852 0.000000
vt -31.526691 0.235741 0.000000
vt -27.001127 0.127234 0.000000
vt -28.585029 0.127234 0.000000
vt -27.001140 0.190851 0.000000
vt -28.585029 0.190851 0.000000
vt -27.001156 0.254468 0.000000
vt -28.585029 0.254468 0.000000
vt -27.001178 0.318085 0.000000
vt -28.585029 0.318085 0.000000
vt -27.001203 0.381702 0.000000
vt -28.585029 0.381702 0.000000
vt -27.001233 0.445319 0.000000
vt -28.585029 0.445319 0.000000
vt -27.001266 0.508936 0.000000
vt -28.585029 0.508936 0.000000
vt -27.001303 0.572553 0.000000
vt -28.585029 0.572553 0.000000
vt -27.001342 0.636170 0.000000
vt -28.585029 0.636171 0.000000
vt -27.001384 0.699788 0.000000
vt -28.585029 0.699788 0.000000
vt -27.001428 0.763405 0.000000
vt -28.585029 0.763405 0.000000
vt -27.001473 0.827022 0.000000
vt -28.585029 0.827022 0.000000
vt -27.001519 0.890639 0.000000
vt -28.585029 0.890640 0.000000
vt -27.001566 0.954257 0.000000
vt -28.585029 0.954258 0.000000
vt -27.001613 1.017874 0.000000
vt -28.585029 1.017874 0.000000
vt -27.001659 1.081492 0.000000
vt -28.585029 1.081492 0.000000
vt -27.001705 1.145109 0.000000
vt -28.585029 1.145109 0.000000
vt -27.001749 1.208727 0.000000
vt -28.585029 1.208727 0.000000
vt -27.001791 1.272344 0.000000
vt -28.585029 1.272345 0.000000
vt -27.001830 1.335962 0.000000
vt -28.585029 1.335962 0.000000
vt -27.001866 1.399580 0.000000
vt -28.585029 1.399580 0.000000
vt -27.001900 1.463197 0.000000
vt -28.585029 1.463197 0.000000
vt -27.001929 1.526815 0.000000
vt -28.585029 1.526815 0.000000
vt -27.001955 1.590433 0.000000
vt -28.585029 1.590433 0.000000
vt -27.001976 1.654050 0.000000
vt -28.585029 1.654051 0.000000
vt -27.001993 1.717668 0.000000
vt -28.585029 1.717669 0.000000
vt -27.002005 1.781286 0.000000
vt -28.585029 1.781286 0.000000
vt -27.002012 1.844904 0.000000
vt -42.840229 -1.908522 0.000000
vt -42.840229 -1.844904 0.000000
vt -42.840229 -1.781287 0.000000
vt -41.256318 -1.908522 0.000000
vt -41.256318 -1.844904 0.000000
vt -42.840229 1.908522 0.000000
vt -42.840229 1.844904 0.000000
vt -42.840229 1.781287 0.000000
vt -42.840229 1.717670 0.000000
vt -39.672407 -1.908522 0.000000
vt -41.256318 1.908522 0.000000
vt -41.256318 1.844904 0.000000
vt -41.256318 1.781287 0.000000
vt -41.256318 1.717670 0.000000
vt -41.256318 1.670492 0.000000
vt -39.672407 1.908522 0.000000
vt -38.088496 1.844904 0.000000
vt -36.504584 1.781287 0.000000
vt -34.920673 1.717670 0.000000
vt -39.672407 1.844904 0.000000
vt -39.672407 1.781287 0.000000
vt -39.672407 1.717670 0.000000
vt -39.672407 1.670667 0.000000
vt -39.672407 1.654052 0.000000
vt -34.920673 -1.908522 0.000000
vt -34.920673 1.908522 0.000000
vt -42.840229 -0.063617 0.000000
vt -42.840229 -0.000000 0.000000
vt -42.840229 0.063617 0.000000
vt -41.256318 -0.063617 0.000000
vt -41.256318 -0.000000 0.000000
vt -42.840229 -0.127235 0.000000
vt -42.840229 -0.190852 0.000000
vt -42.840229 -0.238204 0.000000
vt -39.672407 -0.063617 0.000000
vt -41.256318 -0.127235 0.000000
vt -41.256318 -0.190852 0.000000
vt -41.256318 -0.238026 0.000000
vt -41.256318 -0.254469 0.000000
vt -38.088496 -0.127235 0.000000
vt -36.504584 -0.190852 0.000000
vt -34.920673 -0.237314 0.000000
vt -33.336762 -0.254468 0.000000
vt -31.752851 -0.318085 0.000000
vt -30.168940 -0.381702 0.000000
vt -39.672407 -0.127235 0.000000
vt -39.672407 -0.190852 0.000000
vt -39.672407 -0.237848 0.000000
vt -39.672407 -0.254469 0.000000
vt -39.672407 -0.318086 0.000000
vt -34.920673 -0.000000 0.000000
vt -38.088496 -0.190852 0.000000
vt -36.504584 -0.237492 0.000000
vt -34.920673 -0.254469 0.000000
vt -33.336762 -0.318086 0.000000
vt -31.752851 -0.381703 0.000000
vt -30.168940 -0.445319 0.000000
vt -38.088496 -0.237670 0.000000
vt -38.088496 -0.254469 0.000000
vt -38.088496 -0.318086 0.000000
vt -38.088496 -0.381703 0.000000
vt -36.504584 -0.254469 0.000000
vt -34.920673 -0.318086 0.000000
vt -33.336762 -0.381703 0.000000
vt -31.752851 -0.445320 0.000000
vt -30.168940 -0.508937 0.000000
vt -36.504584 -0.318086 0.000000
vt -36.504584 -0.381703 0.000000
vt -36.504584 -0.445320 0.000000
vt -34.920673 -0.381703 0.000000
vt -33.336762 -0.445320 0.000000
vt -31.752851 -0.508937 0.000000
vt -30.168940 -0.572554 0.000000
vt -34.920673 -0.445320 0.000000
vt -34.920673 -0.508937 0.000000
vt -33.336762 -0.508937 0.000000
vt -31.752851 -0.572554 0.000000
vt -30.168940 -0.636171 0.000000
vt -33.336762 -0.572554 0.000000
vt -31.752851 -0.636171 0.000000
vt -30.168940 -0.699788 0.000000
vt -42.840229 -1.081495 0.000000
vt -41.256318 -1.145112 0.000000
vt -39.672407 -1.208729 0.000000
vt -38.088496 -1.272346 0.000000
vt -36.504584 -1.335964 0.000000
vt -34.920673 -1.399581 0.000000
vt -33.336762 -1.463198 0.000000
vt -42.840229 -1.145112 0.000000
vt -41.256318 -1.208729 0.000000
vt -39.672407 -1.272347 0.000000
vt -38.088496 -1.335964 0.000000
vt -36.504584 -1.399581 0.000000
vt -34.920673 -1.463198 0.000000
vt -33.336762 -1.526816 0.000000
vt -42.840229 -1.208730 0.000000
vt -41.256318 -1.272347 0.000000
vt -39.672407 -1.335964 0.000000
vt -38.088496 -1.399581 0.000000
vt -36.504584 -1.463199 0.000000
vt -34.920673 -1.526816 0.000000
vt -33.336762 -1.590433 0.000000
vt -42.840229 -1.272347 0.000000
vt -41.256318 -1.335964 0.000000
vt -39.672407 -1.399582 0.000000
vt -38.088496 -1.463199 0.000000
vt -36.504584 -1.526816 0.000000
vt -34.920673 -1.590434 0.000000
vt -42.840229 -1.335965 0.000000
vt -41.256318 -1.399582 0.000000
vt -39.672407 -1.463199 0.000000
vt -38.088496 -1.526816 0.000000
vt -36.504584 -1.590434 0.000000
vt -34.920673 -1.654051 0.000000
vt -42.840229 -1.399582 0.000000
vt -41.256318 -1.463199 0.000000
vt -39.672407 -1.526817 0.000000
vt -38.088496 -1.590434 0.000000
vt -36.504584 -1.654051 0.000000
vt -42.840229 -1.463199 0.000000
vt -41.256318 -1.526817 0.000000
vt -39.672407 -1.590434 0.000000
vt -38.088496 -1.654051 0.000000
vt -42.840229 -1.526817 0.000000
vt -41.256318 -1.590434 0.000000
vt -39.672407 -1.654052 0.000000
vt -42.840229 -1.590434 0.000000
vt -41.256318 -1.654052 0.000000
vt -38.088496 1.781287 0.000000
vt -36.504584 1.717670 0.000000
vt -34.920673 1.671194 0.000000
vt -33.336762 1.654051 0.000000
vt -33.336762 1.590433 0.000000
vt -33.336762 1.526816 0.000000
vt -33.336762 1.463198 0.000000
vt -33.336762 1.399581 0.000000
vt -33.336762 1.335963 0.000000
vt -33.336762 1.272345 0.000000
vt -33.336762 1.208728 0.000000
vt -33.336762 1.145110 0.000000
vt -33.336762 1.081493 0.000000
vt -33.336762 1.017875 0.000000
vt -33.336762 0.954263 0.000000
vt -33.336762 0.890641 0.000000
vt -33.336762 0.827023 0.000000
vt -33.336762 0.763406 0.000000
vt -33.336762 0.699789 0.000000
vt -33.336762 0.636172 0.000000
vt -33.336762 0.572554 0.000000
vt -33.336762 0.508937 0.000000
vt -33.336762 0.445320 0.000000
vt -33.336762 0.381703 0.000000
vt -33.336762 0.318086 0.000000
vt -38.088496 1.717670 0.000000
vt -38.088496 1.670843 0.000000
vt -38.088496 1.654051 0.000000
vt -39.672407 1.590434 0.000000
vt -36.504584 1.671018 0.000000
vt -34.920673 1.654051 0.000000
vt -34.920673 1.590434 0.000000
vt -34.920673 1.526816 0.000000
vt -34.920673 1.463198 0.000000
vt -34.920673 1.399581 0.000000
vt -34.920673 1.335963 0.000000
vt -34.920673 1.272346 0.000000
vt -34.920673 1.208728 0.000000
vt -34.920673 1.145111 0.000000
vt -34.920673 1.081493 0.000000
vt -34.920673 1.017876 0.000000
vt -34.920673 0.954264 0.000000
vt -34.920673 0.890641 0.000000
vt -34.920673 0.827024 0.000000
vt -34.920673 0.763406 0.000000
vt -34.920673 0.699789 0.000000
vt -34.920673 0.636172 0.000000
vt -34.920673 0.572555 0.000000
vt -34.920673 0.508937 0.000000
vt -34.920673 0.445320 0.000000
vt -34.920673 0.381703 0.000000
vt -34.920673 0.318086 0.000000
vt -34.920673 0.254469 0.000000
vt -36.504584 1.654051 0.000000
vt -38.088496 1.590434 0.000000
vt -39.672407 1.526817 0.000000
vt -36.504584 1.590434 0.000000
vt -36.504584 1.526816 0.000000
vt -36.504584 1.463199 0.000000
vt -36.504584 1.399581 0.000000
vt -36.504584 1.335964 0.000000
vt -36.504584 1.272346 0.000000
vt -36.504584 1.208729 0.000000
vt -36.504584 1.145111 0.000000
vt -36.504584 1.081494 0.000000
vt -36.504584 1.017876 0.000000
vt -36.504584 0.954265 0.000000
vt -36.504584 0.890641 0.000000
vt -36.504584 0.827024 0.000000
vt -36.504584 0.763407 0.000000
vt -36.504584 0.699789 0.000000
vt -36.504584 0.636172 0.000000
vt -36.504584 0.572555 0.000000
vt -36.504584 0.508938 0.000000
vt -36.504584 0.445320 0.000000
vt -36.504584 0.381703 0.000000
vt -36.504584 0.318086 0.000000
vt -36.504584 0.254469 0.000000
vt -36.504584 0.190852 0.000000
vt -38.088496 1.526816 0.000000
vt -39.672407 1.463199 0.000000
vt -38.088496 1.463199 0.000000
vt -38.088496 1.399581 0.000000
vt -38.088496 1.335964 0.000000
vt -38.088496 1.272346 0.000000
vt -38.088496 1.208729 0.000000
vt -38.088496 1.145111 0.000000
vt -38.088496 1.081494 0.000000
vt -38.088496 1.017877 0.000000
vt -38.088496 0.954267 0.000000
vt -38.088496 0.890642 0.000000
vt -38.088496 0.827024 0.000000
vt -38.088496 0.763407 0.000000
vt -38.088496 0.699790 0.000000
vt -38.088496 0.636172 0.000000
vt -38.088496 0.572555 0.000000
vt -38.088496 0.508938 0.000000
vt -38.088496 0.445321 0.000000
vt -38.088496 0.381703 0.000000
vt -38.088496 0.318086 0.000000
vt -38.088496 0.254469 0.000000
vt -38.088496 0.190852 0.000000
vt -39.672407 1.399582 0.000000
vt -39.672407 1.335964 0.000000
vt -39.672407 1.272347 0.000000
vt -39.672407 1.208729 0.000000
vt -39.672407 1.145112 0.000000
vt -39.672407 1.081494 0.000000
vt -39.672407 1.017877 0.000000
vt -39.672407 0.954268 0.000000
vt -39.672407 0.890642 0.000000
vt -39.672407 0.827025 0.000000
vt -39.672407 0.763407 0.000000
vt -39.672407 0.699790 0.000000
vt -39.672407 0.636173 0.000000
vt -39.672407 0.572555 0.000000
vt -39.672407 0.508938 0.000000
vt -39.672407 0.445321 0.000000
vt -39.672407 0.381704 0.000000
vt -39.672407 0.318086 0.000000
vt -39.672407 0.254469 0.000000
vt -39.672407 0.190852 0.000000
vt 0.679611 0.067029 0.000000
vt -0.735857 -0.007152 0.000000
vt 0.683499 -0.007152 0.000000
vt -0.731970 -0.081334 0.000000
vt 0.679611 -0.081334 0.000000
vt -0.720349 -0.154703 0.000000
vt 0.667991 -0.154703 0.000000
vt -0.701123 -0.226455 0.000000
vt 0.648765 -0.226455 0.000000
vt -0.674502 -0.295804 0.000000
vt 0.622144 -0.295804 0.000000
vt -0.640778 -0.361991 0.000000
vt 0.588420 -0.361991 0.000000
vt -0.600321 -0.424291 0.000000
vt 0.547963 -0.424291 0.000000
vt -0.553573 -0.482020 0.000000
vt 0.501215 -0.482020 0.000000
vt -0.501046 -0.534546 0.000000
vt 0.448688 -0.534546 0.000000
vt -0.443317 -0.581294 0.000000
vt 0.390959 -0.581294 0.000000
vt -0.381018 -0.621752 0.000000
vt 0.328660 -0.621752 0.000000
vt -0.314831 -0.655475 0.000000
vt 0.262473 -0.655476 0.000000
vt -0.245482 -0.682096 0.000000
vt 0.193124 -0.682096 0.000000
vt -0.173729 -0.701322 0.000000
vt 0.121371 -0.701322 0.000000
vt -0.100361 -0.712943 0.000000
vt 0.048003 -0.712943 0.000000
vt -0.026179 -0.716830 0.000000
vt -0.731970 0.067029 0.000000
vt 0.667991 0.140398 0.000000
vt -0.720349 0.140398 0.000000
vt 0.648765 0.212150 0.000000
vt -0.701123 0.212150 0.000000
vt 0.622144 0.281500 0.000000
vt -0.674502 0.281500 0.000000
vt 0.588420 0.347687 0.000000
vt -0.640778 0.347687 0.000000
vt 0.547963 0.409986 0.000000
vt -0.600321 0.409986 0.000000
vt 0.501215 0.467715 0.000000
vt -0.553573 0.467715 0.000000
vt 0.448688 0.520241 0.000000
vt -0.501046 0.520241 0.000000
vt 0.390959 0.566989 0.000000
vt -0.443317 0.566989 0.000000
vt 0.328660 0.607447 0.000000
vt -0.381018 0.607447 0.000000
vt 0.262473 0.641171 0.000000
vt -0.314831 0.641171 0.000000
vt 0.193124 0.667792 0.000000
vt -0.245482 0.667792 0.000000
vt -0.173729 0.687018 0.000000
vt 0.121371 0.687018 0.000000
vt -0.100361 0.698638 0.000000
vt 0.048003 0.698638 0.000000
vt -0.026179 0.702526 0.000000
vn -0.001138 0.009818 -0.099510
vn -0.001138 0.000000 -0.099994
vn -0.008888 0.009074 -0.099190
vn -0.013137 0.000000 -0.099133
vn -0.016515 0.008985 -0.098217
vn -0.024840 0.000000 -0.096866
vn -0.024021 0.008843 -0.096669
vn -0.031406 0.008649 -0.094546
vn -0.024020 0.017567 -0.095470
vn -0.031405 0.017181 -0.093373
vn -0.024019 0.026171 -0.093478
vn -0.031405 0.025596 -0.091425
vn -0.024017 0.034644 -0.090680
vn -0.031403 0.033884 -0.088689
vn -0.024013 0.042740 -0.087159
vn -0.031399 0.041802 -0.085245
vn -0.024010 0.050424 -0.082951
vn -0.031396 0.049317 -0.081130
vn -0.024009 0.057701 -0.078065
vn -0.031394 0.056435 -0.076351
vn -0.024007 0.064567 -0.072490
vn -0.031394 0.063149 -0.070899
vn -0.024004 0.070984 -0.066220
vn -0.031391 0.069426 -0.064767
vn -0.023998 0.076739 -0.059457
vn -0.031385 0.075055 -0.058153
vn -0.023993 0.081794 -0.052289
vn -0.031379 0.079999 -0.051142
vn -0.023988 0.086163 -0.044727
vn -0.031375 0.084273 -0.043746
vn -0.023986 0.089848 -0.036769
vn -0.031373 0.087877 -0.035963
vn -0.023984 0.092832 -0.028408
vn -0.031372 0.090795 -0.027785
vn -0.023979 0.095066 -0.019685
vn -0.031367 0.092981 -0.019253
vn -0.023971 0.096468 -0.010918
vn -0.031360 0.094353 -0.010679
vn -0.023964 0.097062 -0.002175
vn -0.031352 0.094934 -0.002127
vn -0.023959 0.096867 0.006544
vn -0.031348 0.094744 0.006400
vn -0.023957 0.095884 0.015240
vn -0.031346 0.093783 0.014906
vn -0.023955 0.094098 0.023913
vn -0.031345 0.092035 0.023389
vn -0.023951 0.091469 0.032553
vn -0.031342 0.089465 0.031840
vn -0.023943 0.088072 0.040865
vn -0.031333 0.086143 0.039970
vn -0.023934 0.084008 0.048680
vn -0.031323 0.082169 0.047615
vn -0.023927 0.079311 0.056011
vn -0.031316 0.077575 0.054785
vn -0.023924 0.073996 0.062867
vn -0.031313 0.072376 0.061491
vn -0.023924 0.068057 0.069252
vn -0.031314 0.066568 0.067736
vn -0.023925 0.061480 0.075152
vn -0.031317 0.060133 0.073506
vn -0.023926 0.054241 0.080532
vn -0.031318 0.053053 0.078769
vn -0.023921 0.046509 0.085233
vn -0.031314 0.045490 0.083367
vn -0.023915 0.038546 0.089120
vn -0.031306 0.037702 0.087169
vn -0.023909 0.030379 0.092225
vn -0.031300 0.029715 0.090207
vn -0.023907 0.022018 0.094571
vn -0.031298 0.021536 0.092502
vn -0.023909 0.013457 0.096163
vn -0.031300 0.013163 0.094059
vn -0.023913 0.004694 0.096985
vn -0.031305 0.004591 0.094862
vn -0.023916 -0.004272 0.097004
vn -0.031310 -0.004179 0.094880
vn -0.023916 -0.013338 0.096178
vn -0.031309 -0.013046 0.094072
vn -0.023911 -0.022109 0.094549
vn -0.031303 -0.021626 0.092480
vn -0.023907 -0.030545 0.092171
vn -0.031298 -0.029877 0.090155
vn -0.023907 -0.038650 0.089077
vn -0.031296 -0.037805 0.087128
vn -0.023910 -0.046434 0.085277
vn -0.031299 -0.045419 0.083412
vn -0.023917 -0.053898 0.080765
vn -0.031307 -0.052719 0.078997
vn -0.023925 -0.061030 0.075518
vn -0.031317 -0.059693 0.073865
vn -0.023931 -0.067795 0.069507
vn -0.031324 -0.066310 0.067984
vn -0.023932 -0.073989 0.062872
vn -0.031324 -0.072369 0.061495
vn -0.023931 -0.079421 0.055853
vn -0.031321 -0.077682 0.054630
vn -0.023930 -0.084120 0.048488
vn -0.031319 -0.082279 0.047427
vn -0.023933 -0.088109 0.040792
vn -0.031321 -0.086180 0.039899
vn -0.023940 -0.091397 0.032765
vn -0.031327 -0.089395 0.032047
vn -0.023949 -0.093974 0.024399
vn -0.031338 -0.091915 0.023864
vn -0.023959 -0.095812 0.015686
vn -0.031348 -0.093712 0.015342
vn -0.023965 -0.096859 0.006639
vn -0.031355 -0.094735 0.006493
vn -0.023966 -0.097057 -0.002384
vn -0.031354 -0.094929 -0.002331
vn -0.023964 -0.096439 -0.011194
vn -0.031351 -0.094325 -0.010949
vn -0.023964 -0.095048 -0.019788
vn -0.031349 -0.092966 -0.019354
vn -0.023968 -0.092918 -0.028137
vn -0.031352 -0.090883 -0.027520
vn -0.023976 -0.090023 -0.036345
vn -0.031360 -0.088050 -0.035548
vn -0.023986 -0.086378 -0.044313
vn -0.031371 -0.084483 -0.043341
vn -0.023995 -0.081941 -0.052056
vn -0.031382 -0.080143 -0.050914
vn -0.024001 -0.076690 -0.059520
vn -0.031388 -0.075007 -0.058214
vn -0.024000 -0.070840 -0.066376
vn -0.031385 -0.069285 -0.064919
vn -0.023997 -0.064520 -0.072535
vn -0.031381 -0.063105 -0.070944
vn -0.023996 -0.057766 -0.078021
vn -0.031378 -0.056500 -0.076310
vn -0.023998 -0.050591 -0.082853
vn -0.031380 -0.049482 -0.081036
vn -0.024003 -0.042993 -0.087037
vn -0.031386 -0.042049 -0.085128
vn -0.024013 -0.032852 -0.091346
vn -0.031397 -0.032131 -0.089341
vn -0.024020 -0.022011 -0.094544
vn -0.031405 -0.021528 -0.092468
vn -0.024021 -0.011054 -0.096441
vn -0.031406 -0.010811 -0.094323
vn -0.036251 0.000000 -0.093198
vn -0.038669 -0.010501 -0.091621
vn -0.047212 0.000000 -0.088154
vn -0.045707 -0.010128 -0.088364
vn -0.052408 -0.009698 -0.084613
vn -0.052407 -0.019311 -0.082949
vn -0.058776 -0.018345 -0.078797
vn -0.058766 -0.027382 -0.076137
vn -0.065120 -0.025683 -0.071412
vn -0.065107 -0.033615 -0.068052
vn -0.071090 -0.031147 -0.063056
vn -0.071085 -0.036654 -0.060029
vn -0.075829 -0.033974 -0.055640
vn -0.075829 -0.038793 -0.052394
vn -0.080165 -0.035572 -0.048044
vn -0.080169 -0.039727 -0.044662
vn -0.084104 -0.035954 -0.040420
vn -0.084110 -0.039470 -0.036982
vn -0.087646 -0.035135 -0.032920
vn -0.087649 -0.038031 -0.029517
vn -0.090783 -0.033127 -0.025711
vn -0.090781 -0.035398 -0.022488
vn -0.093498 -0.029939 -0.019020
vn -0.093495 -0.031567 -0.016194
vn -0.095739 -0.025695 -0.013182
vn -0.095737 -0.026786 -0.010814
vn -0.097506 -0.020579 -0.008308
vn -0.097506 -0.021244 -0.006433
vn -0.099369 -0.010739 -0.003252
vn -0.099369 -0.010985 -0.002287
vn -0.100000 0.000001 0.000000
vn -0.100000 0.000001 0.000000
vn -0.099369 -0.011144 -0.001293
vn -0.100000 0.000000 0.000000
vn -0.099369 -0.011212 -0.000275
vn -0.100000 0.000000 0.000000
vn -0.099369 -0.011188 0.000767
vn -0.100000 0.000000 0.000000
vn -0.099369 -0.011068 0.001812
vn -0.100000 0.000000 0.000000
vn -0.099369 -0.010858 0.002819
vn -0.100000 0.000000 -0.000000
vn -0.099368 -0.010563 0.003787
vn -0.100000 0.000001 -0.000000
vn -0.099368 -0.010184 0.004715
vn -0.100000 0.000001 -0.000000
vn -0.099368 -0.009723 0.005604
vn -0.100000 0.000000 -0.000000
vn -0.099369 -0.009178 0.006454
vn -0.100000 0.000000 0.000000
vn -0.099369 -0.008548 0.007264
vn -0.100000 0.000000 0.000000
vn -0.099369 -0.007832 0.008030
vn -0.100000 0.000000 0.000000
vn -0.099369 -0.007052 0.008726
vn -0.100000 0.000000 -0.000000
vn -0.099368 -0.006229 0.009334
vn -0.099368 -0.005368 0.009858
vn -0.097505 -0.012323 0.018465
vn -0.097504 -0.010618 0.019501
vn -0.095734 -0.016040 0.024035
vn -0.095732 -0.013821 0.025383
vn -0.093487 -0.019705 0.029527
vn -0.093485 -0.016979 0.031182
vn -0.090766 -0.023297 0.034910
vn -0.090763 -0.020074 0.036867
vn -0.087627 -0.026745 0.040077
vn -0.087623 -0.023045 0.042322
vn -0.084086 -0.030044 0.045021
vn -0.084081 -0.025887 0.047542
vn -0.080147 -0.033196 0.049744
vn -0.080140 -0.028603 0.052530
vn -0.075806 -0.036202 0.054248
vn -0.075799 -0.031192 0.057285
vn -0.071057 -0.039057 0.058527
vn -0.071049 -0.033652 0.061802
vn -0.065067 -0.042151 0.063163
vn -0.065059 -0.036317 0.066697
vn -0.058705 -0.044938 0.067338
vn -0.058696 -0.038717 0.071104
vn -0.052329 -0.047302 0.070881
vn -0.052320 -0.040754 0.074845
vn -0.045621 -0.049396 0.074018
vn -0.045613 -0.042557 0.078156
vn -0.038576 -0.051213 0.076741
vn -0.038568 -0.044122 0.081030
vn -0.038669 0.008402 -0.091838
vn -0.038668 0.016689 -0.090699
vn -0.038668 0.024863 -0.088807
vn -0.038666 0.032913 -0.086149
vn -0.038661 0.040605 -0.082804
vn -0.038658 0.047905 -0.078807
vn -0.038658 0.054819 -0.074165
vn -0.038658 0.061341 -0.068869
vn -0.038655 0.067438 -0.062912
vn -0.038649 0.072907 -0.056488
vn -0.038643 0.077710 -0.049678
vn -0.038639 0.081861 -0.042494
vn -0.038638 0.085362 -0.034934
vn -0.038638 0.088197 -0.026990
vn -0.038634 0.090320 -0.018702
vn -0.038626 0.091654 -0.010373
vn -0.038618 0.092219 -0.002066
vn -0.038614 0.092034 0.006217
vn -0.038613 0.091101 0.014480
vn -0.038613 0.089403 0.022720
vn -0.038610 0.086906 0.030929
vn -0.038601 0.083680 0.038827
vn -0.038591 0.079821 0.046254
vn -0.038583 0.075359 0.053219
vn -0.038581 0.070309 0.059734
vn -0.038583 0.064666 0.065801
vn -0.038587 0.058415 0.071406
vn -0.038589 0.051537 0.076517
vn -0.038584 0.044190 0.080984
vn -0.038576 0.036625 0.084679
vn -0.038569 0.028866 0.087631
vn -0.038567 0.020921 0.089860
vn -0.038570 0.012787 0.091372
vn -0.038576 0.004460 0.092152
vn -0.038581 -0.004059 0.092168
vn -0.038580 -0.012673 0.091384
vn -0.038573 -0.021008 0.089838
vn -0.038567 -0.029023 0.087580
vn -0.038564 -0.036726 0.084641
vn -0.045707 0.008103 -0.088573
vn -0.045707 0.016096 -0.087475
vn -0.045706 0.023979 -0.085650
vn -0.045704 0.031743 -0.083087
vn -0.045700 0.039162 -0.079861
vn -0.045697 0.046203 -0.076007
vn -0.045697 0.052871 -0.071530
vn -0.045697 0.059161 -0.066421
vn -0.045695 0.065041 -0.060676
vn -0.045688 0.070316 -0.054481
vn -0.045682 0.074949 -0.047914
vn -0.045679 0.078953 -0.040985
vn -0.045679 0.082330 -0.033693
vn -0.045679 0.085063 -0.026031
vn -0.045676 0.087111 -0.018038
vn -0.045667 0.088399 -0.010005
vn -0.045660 0.088945 -0.001993
vn -0.045656 0.088767 0.005997
vn -0.045656 0.087866 0.013966
vn -0.045657 0.086228 0.021913
vn -0.045655 0.083820 0.029831
vn -0.045646 0.080710 0.037449
vn -0.045635 0.076988 0.044613
vn -0.045627 0.072686 0.051332
vn -0.045625 0.067815 0.057615
vn -0.045628 0.062371 0.063466
vn -0.045633 0.056342 0.068871
vn -0.045636 0.049707 0.073801
vn -0.045631 0.042622 0.078110
vn -0.045622 0.035326 0.081675
vn -0.045615 0.027842 0.084523
vn -0.045613 0.020179 0.086673
vn -0.045616 0.012333 0.088131
vn -0.045623 0.004302 0.088882
vn -0.045629 -0.003915 0.088897
vn -0.045627 -0.012223 0.088141
vn -0.045619 -0.020263 0.086651
vn -0.045612 -0.027994 0.084474
vn -0.045609 -0.035423 0.081639
vn -0.052408 0.007759 -0.084813
vn -0.057373 0.000000 -0.081904
vn -0.058776 0.007370 -0.080567
vn -0.065130 0.006913 -0.075566
vn -0.058775 0.014641 -0.079568
vn -0.065130 0.013732 -0.074630
vn -0.058775 0.021812 -0.077908
vn -0.065130 0.020458 -0.073073
vn -0.058773 0.028874 -0.075578
vn -0.065128 0.027082 -0.070887
vn -0.058769 0.035623 -0.072644
vn -0.065124 0.033412 -0.068136
vn -0.058767 0.042028 -0.069139
vn -0.065122 0.039420 -0.064848
vn -0.058767 0.048093 -0.065066
vn -0.065122 0.045108 -0.061028
vn -0.058768 0.053814 -0.060418
vn -0.065123 0.050474 -0.056668
vn -0.058766 0.059163 -0.055193
vn -0.065122 0.055491 -0.051768
vn -0.058760 0.063963 -0.049558
vn -0.065116 0.059994 -0.046483
vn -0.058755 0.068178 -0.043585
vn -0.065111 0.063948 -0.040881
vn -0.058752 0.071821 -0.037282
vn -0.065109 0.067365 -0.034969
vn -0.058753 0.074892 -0.030649
vn -0.065110 0.070245 -0.028747
vn -0.058754 0.077378 -0.023679
vn -0.065111 0.072576 -0.022209
vn -0.058751 0.079241 -0.016408
vn -0.065109 0.074324 -0.015390
vn -0.058743 0.080414 -0.009101
vn -0.065102 0.075425 -0.008536
vn -0.058737 0.080912 -0.001813
vn -0.065095 0.075893 -0.001700
vn -0.058733 0.080750 0.005455
vn -0.065092 0.075742 0.005117
vn -0.058734 0.079931 0.012704
vn -0.065094 0.074972 0.011916
vn -0.058736 0.078439 0.019933
vn -0.065096 0.073573 0.018697
vn -0.058735 0.076249 0.027136
vn -0.065095 0.071518 0.025453
vn -0.058726 0.073421 0.034067
vn -0.065087 0.068867 0.031954
vn -0.058715 0.070038 0.040585
vn -0.065076 0.065695 0.038069
vn -0.058708 0.066126 0.046699
vn -0.065070 0.062026 0.043803
vn -0.058706 0.061694 0.052416
vn -0.065068 0.057869 0.049166
vn -0.058710 0.056741 0.057737
vn -0.065072 0.053223 0.054157
vn -0.058716 0.051254 0.062653
vn -0.065079 0.048075 0.058767
vn -0.058720 0.045218 0.067136
vn -0.065082 0.042413 0.062972
vn -0.058715 0.038773 0.071058
vn -0.065077 0.036369 0.066650
vn -0.058706 0.032137 0.074302
vn -0.065069 0.030144 0.069695
vn -0.058699 0.025330 0.076895
vn -0.065062 0.023759 0.072128
vn -0.058697 0.018358 0.078852
vn -0.065061 0.017220 0.073963
vn -0.058701 0.011220 0.080177
vn -0.065064 0.010525 0.075206
vn -0.058708 0.003913 0.080858
vn -0.065071 0.003671 0.075844
vn -0.058714 -0.003562 0.080870
vn -0.065077 -0.003341 0.075854
vn -0.058712 -0.011120 0.080182
vn -0.065075 -0.010430 0.075209
vn -0.058704 -0.018434 0.078829
vn -0.065067 -0.017291 0.073941
vn -0.058696 -0.025468 0.076852
vn -0.065059 -0.023889 0.072088
vn -0.058693 -0.032227 0.074274
vn -0.065056 -0.030230 0.069670
vn -0.066736 0.000000 -0.074474
vn -0.071111 0.006405 -0.070015
vn -0.071111 0.012723 -0.069147
vn -0.071111 0.018955 -0.067705
vn -0.071110 0.025093 -0.065679
vn -0.071106 0.030958 -0.063131
vn -0.071104 0.036524 -0.060085
vn -0.071104 0.041795 -0.056545
vn -0.071106 0.046767 -0.052506
vn -0.071104 0.051415 -0.047965
vn -0.071099 0.055587 -0.043069
vn -0.071095 0.059252 -0.037879
vn -0.071093 0.062418 -0.032401
vn -0.071094 0.065086 -0.026636
vn -0.071096 0.067245 -0.020578
vn -0.071093 0.068865 -0.014260
vn -0.071087 0.069886 -0.007910
vn -0.071081 0.070320 -0.001575
vn -0.071079 0.070180 0.004741
vn -0.071080 0.069467 0.011041
vn -0.071083 0.068170 0.017324
vn -0.071082 0.066266 0.023583
vn -0.071074 0.063811 0.029608
vn -0.071065 0.060873 0.035274
vn -0.071059 0.057474 0.040588
vn -0.071058 0.053622 0.045557
vn -0.071062 0.049316 0.050182
vn -0.071068 0.044546 0.054452
vn -0.071071 0.039299 0.058348
vn -0.071067 0.033698 0.061757
vn -0.071059 0.027931 0.064579
vn -0.071053 0.022015 0.066834
vn -0.071052 0.015956 0.068535
vn -0.071055 0.009752 0.069686
vn -0.071062 0.003401 0.070276
vn -0.071067 -0.003095 0.070284
vn -0.071065 -0.009664 0.069687
vn -0.071058 -0.016021 0.068514
vn -0.071050 -0.022136 0.066797
vn -0.071047 -0.028012 0.064558
vn -0.075229 0.000000 -0.065884
vn -0.075853 0.005937 -0.064893
vn -0.075853 0.011793 -0.064088
vn -0.075853 0.017568 -0.062751
vn -0.075851 0.023257 -0.060874
vn -0.075848 0.028693 -0.058513
vn -0.075846 0.033852 -0.055690
vn -0.075847 0.038738 -0.052409
vn -0.075848 0.043345 -0.048665
vn -0.075847 0.047654 -0.044456
vn -0.075842 0.051521 -0.039918
vn -0.075838 0.054918 -0.035108
vn -0.075837 0.057852 -0.030031
vn -0.075838 0.060325 -0.024687
vn -0.075840 0.062326 -0.019073
vn -0.075838 0.063828 -0.013217
vn -0.075832 0.064775 -0.007331
vn -0.075827 0.065178 -0.001460
vn -0.075825 0.065048 0.004394
vn -0.075826 0.064387 0.010234
vn -0.075829 0.063184 0.016057
vn -0.075828 0.061419 0.021858
vn -0.075821 0.059144 0.027443
vn -0.075813 0.056422 0.032695
vn -0.075807 0.053272 0.037621
vn -0.075806 0.049702 0.042227
vn -0.075810 0.045710 0.046512
vn -0.075816 0.041288 0.050470
vn -0.075819 0.036425 0.054080
vn -0.075815 0.031234 0.057240
vn -0.075808 0.025889 0.059857
vn -0.075803 0.020406 0.061948
vn -0.075801 0.014790 0.063525
vn -0.075804 0.009039 0.064591
vn -0.075811 0.003153 0.065137
vn -0.075816 -0.002869 0.065144
vn -0.075814 -0.008957 0.064591
vn -0.075807 -0.014850 0.063504
vn -0.075800 -0.020518 0.061914
vn -0.075797 -0.025964 0.059839
vn -0.080186 0.005443 -0.059503
vn -0.082552 0.000000 -0.056437
vn -0.084118 0.004926 -0.053850
vn -0.088685 0.000000 -0.046205
vn -0.087653 0.004385 -0.047935
vn -0.090786 0.003820 -0.041753
vn -0.087653 0.008711 -0.047341
vn -0.090786 0.007588 -0.041236
vn -0.087653 0.012977 -0.046353
vn -0.090786 0.011304 -0.040375
vn -0.087652 0.017179 -0.044967
vn -0.090785 0.014964 -0.039168
vn -0.087650 0.021195 -0.043223
vn -0.090784 0.018462 -0.037649
vn -0.087649 0.025007 -0.041138
vn -0.090783 0.021782 -0.035833
vn -0.087649 0.028615 -0.038714
vn -0.090783 0.024925 -0.033722
vn -0.087650 0.032019 -0.035948
vn -0.090784 0.027890 -0.031312
vn -0.087650 0.035201 -0.032839
vn -0.090783 0.030662 -0.028604
vn -0.087647 0.038059 -0.029488
vn -0.090781 0.033151 -0.025686
vn -0.087645 0.040569 -0.025935
vn -0.090779 0.035338 -0.022591
vn -0.087644 0.042737 -0.022185
vn -0.090779 0.037226 -0.019324
vn -0.087645 0.044563 -0.018237
vn -0.090780 0.038817 -0.015885
vn -0.087646 0.046040 -0.014089
vn -0.090781 0.040103 -0.012272
vn -0.087645 0.047149 -0.009763
vn -0.090780 0.041070 -0.008504
vn -0.087641 0.047850 -0.005416
vn -0.090777 0.041681 -0.004717
vn -0.087638 0.048149 -0.001079
vn -0.090775 0.041941 -0.000940
vn -0.087637 0.048054 0.003246
vn -0.090774 0.041858 0.002828
vn -0.087638 0.047564 0.007560
vn -0.090775 0.041432 0.006585
vn -0.087640 0.046675 0.011861
vn -0.090776 0.040656 0.010332
vn -0.087640 0.045371 0.016147
vn -0.090776 0.039521 0.014065
vn -0.087636 0.043692 0.020273
vn -0.090773 0.038059 0.017659
vn -0.087631 0.041683 0.024154
vn -0.090769 0.036309 0.021040
vn -0.087627 0.039357 0.027794
vn -0.090766 0.034283 0.024211
vn -0.087627 0.036719 0.031197
vn -0.090766 0.031986 0.027175
vn -0.087629 0.033769 0.034362
vn -0.090768 0.029416 0.029932
vn -0.087633 0.030501 0.037284
vn -0.090771 0.026569 0.032477
vn -0.087635 0.026908 0.039950
vn -0.090773 0.023438 0.034799
vn -0.087633 0.023074 0.042286
vn -0.090771 0.020099 0.036834
vn -0.087628 0.019126 0.044220
vn -0.090767 0.016660 0.038519
vn -0.087625 0.015076 0.045767
vn -0.090765 0.013132 0.039866
vn -0.087624 0.010926 0.046932
vn -0.090764 0.009518 0.040882
vn -0.087626 0.006678 0.047718
vn -0.090766 0.005817 0.041567
vn -0.087630 0.002329 0.048120
vn -0.090769 0.002029 0.041916
vn -0.087633 -0.002119 0.048124
vn -0.090771 -0.001846 0.041919
vn -0.087632 -0.006617 0.047716
vn -0.090770 -0.005764 0.041564
vn -0.087628 -0.010971 0.046915
vn -0.090767 -0.009556 0.040867
vn -0.087623 -0.015159 0.045742
vn -0.090763 -0.013205 0.039846
vn -0.087621 -0.019183 0.044210
vn -0.090762 -0.016710 0.038511
vn -0.093605 0.000000 -0.035188
vn -0.093501 0.003231 -0.035314
vn -0.093501 0.006417 -0.034876
vn -0.093501 0.009560 -0.034149
vn -0.093501 0.012656 -0.033128
vn -0.093500 0.015615 -0.031843
vn -0.093499 0.018423 -0.030307
vn -0.093499 0.021081 -0.028521
vn -0.093500 0.023589 -0.026483
vn -0.093500 0.025933 -0.024193
vn -0.093498 0.028039 -0.021724
vn -0.093497 0.029888 -0.019107
vn -0.093496 0.031485 -0.016344
vn -0.093497 0.032831 -0.013436
vn -0.093497 0.033919 -0.010380
vn -0.093497 0.034736 -0.007193
vn -0.093495 0.035253 -0.003990
vn -0.093493 0.035474 -0.000795
vn -0.093493 0.035403 0.002392
vn -0.093493 0.035043 0.005570
vn -0.093494 0.034387 0.008739
vn -0.093494 0.033426 0.011896
vn -0.093492 0.032190 0.014936
vn -0.093489 0.030710 0.017796
vn -0.093487 0.028997 0.020478
vn -0.093487 0.027054 0.022985
vn -0.093488 0.024880 0.025316
vn -0.093491 0.022472 0.027469
vn -0.093492 0.019824 0.029433
vn -0.093491 0.016999 0.031154
vn -0.093488 0.014091 0.032580
vn -0.093486 0.011107 0.033719
vn -0.093486 0.008050 0.034578
vn -0.093487 0.004920 0.035157
vn -0.093489 0.001716 0.035452
vn -0.093491 -0.001561 0.035455
vn -0.093490 -0.004875 0.035154
vn -0.093488 -0.008083 0.034565
vn -0.093485 -0.011169 0.033702
vn -0.093484 -0.014134 0.032573
vn -0.095743 0.002630 -0.028745
vn -0.097142 0.000000 -0.023736
vn -0.097510 0.002020 -0.022083
vn -0.099276 0.000000 -0.012008
vn -0.099370 0.001021 -0.011163
vn -0.100000 0.000000 -0.000000
vn -0.100000 0.000000 -0.000000
vn -0.099370 0.002029 -0.011024
vn -0.100000 0.000000 -0.000000
vn -0.099370 0.003022 -0.010794
vn -0.100000 0.000000 -0.000000
vn -0.099370 0.004001 -0.010472
vn -0.100000 0.000000 -0.000000
vn -0.099370 0.004936 -0.010066
vn -0.100000 0.000000 -0.000000
vn -0.099370 0.005824 -0.009580
vn -0.100000 0.000000 -0.000000
vn -0.099370 0.006664 -0.009016
vn -0.100000 0.000000 -0.000000
vn -0.099370 0.007456 -0.008371
vn -0.100000 0.000000 -0.000000
vn -0.099370 0.008198 -0.007647
vn -0.100000 0.000000 -0.000000
vn -0.099369 0.008863 -0.006867
vn -0.100000 -0.000000 0.000000
vn -0.099369 0.009448 -0.006040
vn -0.100000 -0.000000 0.000000
vn -0.099369 0.009953 -0.005166
vn -0.100000 0.000000 -0.000000
vn -0.099369 0.010378 -0.004247
vn -0.100000 0.000000 -0.000000
vn -0.099369 0.010722 -0.003281
vn -0.099369 0.010980 -0.002274
vn -0.097509 0.021722 -0.004498
vn -0.097508 0.022045 -0.002495
vn -0.095739 0.028695 -0.003248
vn -0.095738 0.028875 -0.000647
vn -0.100000 0.000000 -0.000000
vn -0.099369 0.011144 -0.001261
vn -0.097507 0.022183 -0.000497
vn -0.095738 0.028818 0.001947
vn -0.100000 0.000000 -0.000000
vn -0.099369 0.011214 -0.000251
vn -0.097507 0.022140 0.001496
vn -0.095738 0.028524 0.004534
vn -0.100000 -0.000000 -0.000000
vn -0.099369 0.011191 0.000756
vn -0.097507 0.021914 0.003483
vn -0.095739 0.027990 0.007113
vn -0.100000 -0.000000 -0.000000
vn -0.099369 0.011077 0.001761
vn -0.097508 0.021503 0.005465
vn -0.095739 0.027208 0.009683
vn -0.100000 0.000000 0.000000
vn -0.099369 0.010870 0.002762
vn -0.097508 0.020903 0.007439
vn -0.095737 0.026202 0.012158
vn -0.100000 0.000000 0.000000
vn -0.099369 0.010566 0.003760
vn -0.097507 0.020130 0.009340
vn -0.095735 0.024998 0.014486
vn -0.100000 0.000000 0.000000
vn -0.099369 0.010176 0.004721
vn -0.097505 0.019205 0.011129
vn -0.095734 0.023604 0.016669
vn -0.100000 -0.000000 -0.000000
vn -0.099369 0.009708 0.005626
vn -0.097505 0.018134 0.012806
vn -0.095734 0.022022 0.018710
vn -0.100000 -0.000000 -0.000000
vn -0.099368 0.009167 0.006474
vn -0.097505 0.016918 0.014374
vn -0.095735 0.020252 0.020608
vn -0.100000 -0.000000 -0.000000
vn -0.099368 0.008552 0.007266
vn -0.097505 0.015559 0.015832
vn -0.095736 0.018292 0.022360
vn -0.100000 -0.000000 -0.000000
vn -0.099368 0.007865 0.008003
vn -0.097506 0.014053 0.017178
vn -0.095737 0.016136 0.023958
vn -0.100000 0.000000 0.000000
vn -0.099369 0.007104 0.008683
vn -0.097507 0.012397 0.018406
vn -0.095736 0.013837 0.025359
vn -0.100000 0.000000 0.000000
vn -0.099369 0.006266 0.009304
vn -0.097506 0.010630 0.019482
vn -0.095735 0.011470 0.026520
vn -0.099369 0.005374 0.009848
vn -0.100000 0.000000 0.000000
vn -0.099368 0.004454 0.010299
vn -0.100000 -0.000000 -0.000000
vn -0.099368 0.003511 0.010660
vn -0.100000 -0.000000 -0.000000
vn -0.099368 0.002545 0.010931
vn -0.100000 -0.000000 -0.000000
vn -0.099368 0.001555 0.011114
vn -0.100000 -0.000000 -0.000000
vn -0.099369 0.000542 0.011207
vn -0.100000 0.000000 0.000000
vn -0.099369 -0.000494 0.011208
vn -0.100000 0.000000 0.000000
vn -0.099369 -0.001541 0.011113
vn -0.100000 0.000000 -0.000000
vn -0.099368 -0.002555 0.010927
vn -0.100000 0.000000 -0.000000
vn -0.099368 -0.003531 0.010654
vn -0.100000 0.000000 -0.000001
vn -0.099368 -0.004468 0.010297
vn -0.100000 0.000000 -0.000001
vn -0.099369 -0.010403 -0.004200
vn -0.100000 0.000001 0.000000
vn -0.099369 -0.009979 -0.005119
vn -0.100000 0.000000 0.000000
vn -0.099369 -0.009464 -0.006012
vn -0.100000 0.000000 0.000000
vn -0.099370 -0.008857 -0.006874
vn -0.100000 0.000000 0.000000
vn -0.099369 -0.008182 -0.007667
vn -0.100000 0.000000 0.000000
vn -0.099369 -0.007454 -0.008380
vn -0.100000 0.000000 0.000000
vn -0.099369 -0.006675 -0.009015
vn -0.100000 0.000000 0.000001
vn -0.099369 -0.005846 -0.009574
vn -0.100000 0.000000 0.000001
vn -0.099369 -0.004967 -0.010056
vn -0.100000 0.000000 0.000000
vn -0.099369 -0.003794 -0.010550
vn -0.100000 0.000000 0.000000
vn -0.099370 -0.002542 -0.010917
vn -0.100000 0.000000 0.000000
vn -0.099370 -0.001276 -0.011136
vn -0.100000 0.000000 0.000000
vn -0.097510 -0.002525 -0.022031
vn -0.095744 -0.003287 -0.028677
vn -0.093501 -0.004038 -0.035231
vn -0.090786 -0.004774 -0.041655
vn -0.093501 -0.008041 -0.034538
vn -0.090786 -0.009507 -0.040836
vn -0.093498 -0.012004 -0.033376
vn -0.090782 -0.014192 -0.039462
vn -0.093494 -0.015713 -0.031810
vn -0.090776 -0.018578 -0.037610
vn -0.093493 -0.018492 -0.030285
vn -0.090774 -0.021864 -0.035806
vn -0.093493 -0.021115 -0.028518
vn -0.090774 -0.024964 -0.033717
vn -0.093495 -0.023580 -0.026509
vn -0.090777 -0.027879 -0.031342
vn -0.093497 -0.025885 -0.024254
vn -0.090780 -0.030604 -0.028676
vn -0.093499 -0.028018 -0.021745
vn -0.087653 -0.005481 -0.047822
vn -0.087653 -0.010914 -0.046881
vn -0.087648 -0.016293 -0.045303
vn -0.087641 -0.021327 -0.043176
vn -0.087638 -0.025099 -0.041105
vn -0.087638 -0.028659 -0.038707
vn -0.087641 -0.032006 -0.035981
vn -0.084119 -0.006158 -0.053723
vn -0.080186 -0.006804 -0.059362
vn -0.075853 -0.007420 -0.064740
vn -0.071112 -0.008006 -0.069850
vn -0.075853 -0.014776 -0.063467
vn -0.071111 -0.015942 -0.068476
vn -0.075845 -0.022056 -0.061328
vn -0.071103 -0.023797 -0.066168
vn -0.075834 -0.028869 -0.058445
vn -0.065130 -0.008641 -0.075388
vn -0.065130 -0.017206 -0.073906
vn -0.058776 -0.009213 -0.080377
vn -0.016515 -0.011231 -0.097985
vn -0.008888 -0.011342 -0.098956
vn -0.001138 -0.009803 -0.099512
vn -0.001137 -0.019502 -0.098073
vn -0.008887 -0.022585 -0.097010
vn -0.016514 -0.022363 -0.096058
vn -0.016509 -0.033378 -0.092808
vn -0.001136 -0.029243 -0.095622
vn -0.008883 -0.033709 -0.093727
vn -0.016501 -0.043680 -0.088429
vn -0.001133 -0.038527 -0.092274
vn -0.008878 -0.044113 -0.089304
vn -0.016496 -0.051400 -0.084178
vn -0.001131 -0.047285 -0.088107
vn -0.008874 -0.051909 -0.085010
vn -0.016494 -0.058690 -0.079268
vn -0.001127 -0.055532 -0.083156
vn -0.008871 -0.059270 -0.080052
vn -0.016494 -0.065552 -0.073695
vn -0.001124 -0.063274 -0.077428
vn -0.008869 -0.066200 -0.074423
vn -0.016495 -0.071973 -0.067438
vn -0.001120 -0.070502 -0.070910
vn -0.008868 -0.072685 -0.068105
vn -0.016494 -0.077917 -0.060472
vn -0.001115 -0.077185 -0.063570
vn -0.008865 -0.078688 -0.061071
vn -0.016489 -0.083252 -0.052889
vn -0.001110 -0.083226 -0.055427
vn -0.008860 -0.084075 -0.053412
vn -0.016480 -0.087758 -0.045021
vn -0.001105 -0.088324 -0.046880
vn -0.008854 -0.088625 -0.045466
vn -0.016472 -0.091462 -0.036925
vn -0.001099 -0.092469 -0.038057
vn -0.008846 -0.092365 -0.037290
vn -0.016465 -0.094402 -0.028586
vn -0.001093 -0.095702 -0.028980
vn -0.008840 -0.095334 -0.028868
vn -0.016460 -0.096566 -0.020104
vn -0.008835 -0.097518 -0.020302
vn -0.001087 -0.098043 -0.019656
vn -0.008832 -0.098945 -0.011485
vn -0.001081 -0.099485 -0.010080
vn -0.008829 -0.099579 -0.002446
vn -0.001075 -0.099994 -0.000249
vn -0.008825 -0.099377 0.006812
vn -0.001069 -0.099510 0.009827
vn -0.008819 -0.098302 0.016094
vn -0.001063 -0.098025 0.019747
vn -0.008811 -0.096414 0.025032
vn -0.001057 -0.095620 0.029253
vn -0.008804 -0.093768 0.033615
vn -0.001051 -0.092347 0.038352
vn -0.008799 -0.090394 0.041850
vn -0.001046 -0.088233 0.047052
vn -0.008794 -0.086302 0.049746
vn -0.001040 -0.083275 0.055356
vn -0.008791 -0.081481 0.057302
vn -0.001035 -0.077451 0.063248
vn -0.008789 -0.075909 0.064503
vn -0.001031 -0.070721 0.070693
vn -0.008786 -0.069553 0.071310
vn -0.001026 -0.063253 0.077447
vn -0.008781 -0.062612 0.077476
vn -0.001023 -0.055341 0.083285
vn -0.008776 -0.055295 0.082858
vn -0.008772 -0.047637 0.087486
vn -0.016401 -0.047174 0.086635
vn -0.016398 -0.039266 0.090495
vn -0.001020 -0.047027 0.088246
vn -0.008769 -0.039651 0.091383
vn -0.016398 -0.031031 0.093639
vn -0.001017 -0.038328 0.092357
vn -0.008768 -0.031336 0.094558
vn -0.016400 -0.022461 0.096055
vn -0.001015 -0.029245 0.095623
vn -0.008768 -0.022682 0.096998
vn -0.016403 -0.013550 0.097710
vn -0.001013 -0.019768 0.098021
vn -0.008769 -0.013683 0.098671
vn -0.016403 -0.004340 0.098550
vn -0.001012 -0.009891 0.099504
vn -0.008769 -0.004383 0.099518
vn -0.016401 0.004768 0.098531
vn -0.001012 0.000174 0.099995
vn -0.008768 0.004815 0.099498
vn -0.016398 0.013672 0.097694
vn -0.001012 0.010010 0.099493
vn -0.008767 0.013806 0.098654
vn -0.016398 0.022368 0.096077
vn -0.001013 0.019605 0.098054
vn -0.008767 0.022588 0.097020
vn -0.016399 0.030863 0.093694
vn -0.001015 0.028963 0.095709
vn -0.008769 0.031166 0.094614
vn -0.016404 0.039160 0.090540
vn -0.001017 0.038085 0.092458
vn -0.008772 0.039545 0.091429
vn -0.016409 0.047250 0.086592
vn -0.001020 0.046963 0.088280
vn -0.008776 0.047715 0.087443
vn -0.016413 0.055106 0.081816
vn -0.001023 0.055570 0.083132
vn -0.008779 0.055648 0.082621
vn -0.016414 0.062460 0.076350
vn -0.008781 0.063074 0.077101
vn -0.001026 0.063606 0.077157
vn -0.008783 0.069822 0.071048
vn -0.001031 0.070852 0.070562
vn -0.008786 0.075914 0.064497
vn -0.001035 0.077338 0.063386
vn -0.008790 0.081368 0.057463
vn -0.001040 0.083082 0.055645
vn -0.008796 0.086188 0.049943
vn -0.001046 0.088081 0.047335
vn -0.008802 0.090359 0.041926
vn -0.001051 0.092310 0.038443
vn -0.008809 0.093845 0.033399
vn -0.001057 0.095703 0.028981
vn -0.008814 0.096542 0.024534
vn -0.001063 0.098101 0.019366
vn -0.008818 0.098376 0.015636
vn -0.001069 0.099521 0.009717
vn -0.008823 0.099384 0.006714
vn -0.001075 0.099994 0.000039
vn -0.008828 0.099585 -0.002231
vn -0.001081 0.099526 -0.009667
vn -0.008834 0.098977 -0.011202
vn -0.001088 0.098094 -0.019400
vn -0.008841 0.097539 -0.020197
vn -0.001094 0.095667 -0.029096
vn -0.008846 0.095248 -0.029148
vn -0.008851 0.092187 -0.037727
vn -0.016479 0.091285 -0.037357
vn -0.016482 0.087540 -0.045442
vn -0.001099 0.092338 -0.038373
vn -0.008855 0.088406 -0.045891
vn -0.016487 0.083102 -0.053125
vn -0.001105 0.088169 -0.047169
vn -0.008859 0.083923 -0.053651
vn -0.016492 0.077967 -0.060408
vn -0.001110 0.083182 -0.055493
vn -0.008865 0.078738 -0.061006
vn -0.016498 0.072120 -0.067280
vn -0.001115 0.077372 -0.063343
vn -0.008870 0.072833 -0.067946
vn -0.016501 0.065600 -0.073650
vn -0.001120 0.070715 -0.070698
vn -0.008873 0.066249 -0.074379
vn -0.016503 0.058625 -0.079314
vn -0.001124 0.063369 -0.077351
vn -0.008876 0.059205 -0.080100
vn -0.016505 0.051231 -0.084279
vn -0.001128 0.055517 -0.083166
vn -0.008879 0.051738 -0.085113
vn -0.016508 0.043424 -0.088554
vn -0.001131 0.047176 -0.088165
vn -0.008882 0.043854 -0.089431
vn -0.016512 0.035199 -0.092132
vn -0.001134 0.038346 -0.092349
vn -0.008885 0.035548 -0.093045
vn -0.016514 0.026590 -0.094975
vn -0.001136 0.029023 -0.095689
vn -0.008887 0.026853 -0.095916
vn -0.016515 0.017848 -0.096999
vn -0.001137 0.019493 -0.098075
vn -0.008888 0.018025 -0.097960
vn -0.097510 0.004013 -0.021809
vn -0.097510 0.005978 -0.021354
vn -0.097510 0.007914 -0.020716
vn -0.097510 0.009765 -0.019913
vn -0.097509 0.011521 -0.018952
vn -0.097509 0.013183 -0.017835
vn -0.097510 0.014751 -0.016561
vn -0.097510 0.016217 -0.015129
vn -0.097509 0.017534 -0.013585
vn -0.097508 0.018691 -0.011948
vn -0.097508 0.019689 -0.010221
vn -0.097509 0.020530 -0.008402
vn -0.097509 0.021211 -0.006491
vn -0.095743 0.005224 -0.028389
vn -0.095743 0.007782 -0.027796
vn -0.095743 0.010302 -0.026965
vn -0.095742 0.012710 -0.025920
vn -0.095742 0.014996 -0.024670
vn -0.095742 0.017160 -0.023216
vn -0.095743 0.019201 -0.021557
vn -0.095742 0.021109 -0.019693
vn -0.095741 0.022823 -0.017683
vn -0.095740 0.024329 -0.015553
vn -0.095740 0.025629 -0.013304
vn -0.095741 0.026724 -0.010936
vn -0.095741 0.027609 -0.008449
vn -0.095741 0.028275 -0.005855
vn -0.084118 0.009786 -0.053182
vn -0.084118 0.014579 -0.052073
vn -0.084117 0.019299 -0.050515
vn -0.084115 0.023811 -0.048556
vn -0.084114 0.028092 -0.046214
vn -0.084114 0.032146 -0.043491
vn -0.084115 0.035969 -0.040384
vn -0.084114 0.039545 -0.036891
vn -0.084111 0.042755 -0.033126
vn -0.084108 0.045574 -0.029135
vn -0.084107 0.048009 -0.024922
vn -0.084108 0.050061 -0.020487
vn -0.084110 0.051721 -0.015828
vn -0.084108 0.052967 -0.010968
vn -0.084104 0.053754 -0.006084
vn -0.084100 0.054089 -0.001212
vn -0.084099 0.053982 0.003647
vn -0.084100 0.053433 0.008493
vn -0.084102 0.052434 0.013325
vn -0.084102 0.050969 0.018139
vn -0.084097 0.049082 0.022774
vn -0.084091 0.046825 0.027134
vn -0.084086 0.044211 0.031222
vn -0.084086 0.041248 0.035045
vn -0.084089 0.037935 0.038601
vn -0.084093 0.034264 0.041884
vn -0.084096 0.030228 0.044879
vn -0.084093 0.025920 0.047503
vn -0.084088 0.021485 0.049675
vn -0.084083 0.016935 0.051412
vn -0.084082 0.012274 0.052721
vn -0.084085 0.007502 0.053605
vn -0.084090 0.002616 0.054056
vn -0.084093 -0.002381 0.054061
vn -0.084092 -0.007434 0.053603
vn -0.084087 -0.012324 0.052702
vn -0.084081 -0.017029 0.051384
vn -0.084079 -0.021549 0.049663
vn -0.080186 0.010813 -0.058765
vn -0.080186 0.016109 -0.057539
vn -0.080185 0.021325 -0.055818
vn -0.080182 0.026310 -0.053653
vn -0.080180 0.031041 -0.051064
vn -0.080181 0.035520 -0.048056
vn -0.080182 0.039745 -0.044623
vn -0.080181 0.043696 -0.040763
vn -0.080177 0.047242 -0.036603
vn -0.080174 0.050357 -0.032192
vn -0.080172 0.053048 -0.027537
vn -0.080174 0.055315 -0.022637
vn -0.080175 0.057150 -0.017489
vn -0.080173 0.058527 -0.012119
vn -0.080168 0.059396 -0.006722
vn -0.080164 0.059766 -0.001339
vn -0.080162 0.059647 0.004029
vn -0.080164 0.059040 0.009384
vn -0.080166 0.057937 0.014723
vn -0.080166 0.056318 0.020043
vn -0.080160 0.054233 0.025164
vn -0.080152 0.051738 0.029981
vn -0.080147 0.048850 0.034498
vn -0.080147 0.045576 0.038721
vn -0.080150 0.041915 0.042651
vn -0.080155 0.037860 0.046279
vn -0.080158 0.033400 0.049589
vn -0.080155 0.028640 0.052487
vn -0.080149 0.023740 0.054888
vn -0.080144 0.018712 0.056806
vn -0.080142 0.013562 0.058252
vn -0.080145 0.008289 0.059229
vn -0.080151 0.002891 0.059729
vn -0.080155 -0.002631 0.059735
vn -0.080154 -0.008214 0.059228
vn -0.080147 -0.013617 0.058232
vn -0.080141 -0.018815 0.056775
vn -0.080138 -0.023809 0.054872
vn -0.052407 0.015413 -0.083761
vn -0.052407 0.022961 -0.082014
vn -0.052405 0.030396 -0.079560
vn -0.052401 0.037500 -0.076472
vn -0.052398 0.044242 -0.072781
vn -0.052398 0.050627 -0.068494
vn -0.052399 0.056650 -0.063602
vn -0.052397 0.062281 -0.058101
vn -0.052390 0.067332 -0.052169
vn -0.052384 0.071769 -0.045881
vn -0.052382 0.075604 -0.039246
vn -0.052382 0.078837 -0.032263
vn -0.052383 0.081454 -0.024926
vn -0.052379 0.083415 -0.017273
vn -0.052371 0.084649 -0.009580
vn -0.052364 0.085172 -0.001908
vn -0.052361 0.085002 0.005742
vn -0.052361 0.084140 0.013373
vn -0.052363 0.082570 0.020983
vn -0.052361 0.080264 0.028565
vn -0.052352 0.077287 0.035861
vn -0.052341 0.073725 0.042722
vn -0.052333 0.069605 0.049156
vn -0.052331 0.064941 0.055174
vn -0.052335 0.059728 0.060776
vn -0.052341 0.053953 0.065951
vn -0.052344 0.047599 0.070671
vn -0.052339 0.040815 0.074798
vn -0.052330 0.033828 0.078213
vn -0.052323 0.026662 0.080941
vn -0.052321 0.019324 0.083001
vn -0.052324 0.011811 0.084396
vn -0.052332 0.004119 0.085114
vn -0.052337 -0.003749 0.085128
vn -0.052336 -0.011705 0.084404
vn -0.052327 -0.019404 0.082978
vn -0.052320 -0.026808 0.080895
vn -0.052316 -0.033923 0.078181
vn -0.016476 0.094316 -0.028862
vn -0.016471 0.096585 -0.020000
vn -0.016464 0.098010 -0.011093
vn -0.016457 0.098612 -0.002209
vn -0.016452 0.098413 0.006648
vn -0.016448 0.097415 0.015483
vn -0.016445 0.095600 0.024294
vn -0.016441 0.092930 0.033073
vn -0.016433 0.089478 0.041517
vn -0.016426 0.085348 0.049457
vn -0.016419 0.080576 0.056903
vn -0.016415 0.075175 0.063869
vn -0.016414 0.069142 0.070356
vn -0.097505 0.008812 0.020374
vn -0.095733 0.009041 0.027448
vn -0.097504 0.006946 0.021087
vn -0.095733 0.006553 0.028147
vn -0.097504 0.005034 0.021624
vn -0.095734 0.004005 0.028618
vn -0.097505 0.003077 0.021986
vn -0.095735 0.001397 0.028858
vn -0.097506 0.001073 0.022170
vn -0.095737 -0.001271 0.028860
vn -0.097506 -0.000976 0.022171
vn -0.095736 -0.003968 0.028615
vn -0.097506 -0.003049 0.021984
vn -0.095734 -0.006579 0.028136
vn -0.097505 -0.005055 0.021616
vn -0.095733 -0.009091 0.027434
vn -0.097504 -0.006985 0.021076
vn -0.095732 -0.011505 0.026515
vn -0.097503 -0.008839 0.020371
vn -0.016407 -0.054757 0.082052
vn -0.016414 -0.062003 0.076722
vn -0.016419 -0.068876 0.070615
vn -0.016421 -0.075169 0.063874
vn -0.016422 -0.080688 0.056744
vn -0.016423 -0.085461 0.049261
vn -0.016426 -0.089514 0.041442
vn -0.016433 -0.092854 0.033287
vn -0.016441 -0.095474 0.024788
vn -0.016449 -0.097342 0.015937
vn -0.016456 -0.098406 0.006745
vn -0.016458 -0.098607 -0.002422
vn -0.016458 -0.097978 -0.011373
vn -0.097506 -0.013950 0.017262
vn -0.097507 -0.015494 0.015885
vn -0.097507 -0.016911 0.014370
vn -0.097506 -0.018156 0.012768
vn -0.097505 -0.019233 0.011086
vn -0.097505 -0.020146 0.009327
vn -0.097505 -0.020896 0.007491
vn -0.097506 -0.021480 0.005577
vn -0.097508 -0.021895 0.003585
vn -0.097508 -0.022133 0.001517
vn -0.097507 -0.022181 -0.000545
vn -0.097506 -0.022045 -0.002559
vn -0.097506 -0.021730 -0.004524
vn -0.095736 -0.018158 0.022469
vn -0.095738 -0.020168 0.020677
vn -0.095737 -0.022012 0.018705
vn -0.095735 -0.023633 0.016620
vn -0.095734 -0.025035 0.014431
vn -0.095734 -0.026223 0.012141
vn -0.095735 -0.027199 0.009751
vn -0.095737 -0.027960 0.007259
vn -0.095739 -0.028500 0.004666
vn -0.095740 -0.028809 0.001975
vn -0.095739 -0.028872 -0.000709
vn -0.095737 -0.028694 -0.003331
vn -0.095736 -0.028285 -0.005888
vn -0.095736 -0.027651 -0.008373
vn -0.093490 -0.022307 0.027603
vn -0.093492 -0.024777 0.025402
vn -0.093491 -0.027043 0.022979
vn -0.093489 -0.029033 0.020417
vn -0.093487 -0.030755 0.017728
vn -0.093487 -0.032215 0.014915
vn -0.093488 -0.033413 0.011978
vn -0.093491 -0.034349 0.008918
vn -0.093494 -0.035013 0.005732
vn -0.093496 -0.035393 0.002426
vn -0.093494 -0.035470 -0.000871
vn -0.093491 -0.035251 -0.004092
vn -0.093489 -0.034748 -0.007234
vn -0.093489 -0.033970 -0.010286
vn -0.093491 -0.032907 -0.013285
vn -0.090771 -0.026374 0.032636
vn -0.090773 -0.029294 0.030034
vn -0.090772 -0.031973 0.027169
vn -0.090769 -0.034326 0.024140
vn -0.090766 -0.036362 0.020960
vn -0.090766 -0.038087 0.017633
vn -0.090768 -0.039505 0.014162
vn -0.090772 -0.040611 0.010544
vn -0.090776 -0.041397 0.006778
vn -0.090778 -0.041846 0.002868
vn -0.090776 -0.041937 -0.001030
vn -0.090772 -0.041678 -0.004838
vn -0.090770 -0.041082 -0.008553
vn -0.090770 -0.040162 -0.012162
vn -0.090772 -0.038906 -0.015707
vn -0.090777 -0.037322 -0.019147
vn -0.087633 -0.030278 0.037466
vn -0.087636 -0.033630 0.034480
vn -0.087635 -0.036706 0.031190
vn -0.087631 -0.039407 0.027713
vn -0.087627 -0.041743 0.024061
vn -0.087627 -0.043724 0.020243
vn -0.087629 -0.045351 0.016258
vn -0.087635 -0.046622 0.012105
vn -0.087640 -0.047525 0.007781
vn -0.087643 -0.048041 0.003293
vn -0.087640 -0.048145 -0.001182
vn -0.087635 -0.047846 -0.005554
vn -0.087632 -0.047162 -0.009818
vn -0.087632 -0.046106 -0.013961
vn -0.087635 -0.044664 -0.018032
vn -0.087641 -0.042847 -0.021981
vn -0.087647 -0.040638 -0.025817
vn -0.084093 -0.034013 0.042089
vn -0.084097 -0.037780 0.038734
vn -0.084095 -0.041234 0.035038
vn -0.084091 -0.044268 0.031131
vn -0.084087 -0.046892 0.027029
vn -0.084086 -0.049117 0.022740
vn -0.084089 -0.050946 0.018264
vn -0.084096 -0.052374 0.013598
vn -0.084102 -0.053389 0.008741
vn -0.084105 -0.053969 0.003699
vn -0.084102 -0.054084 -0.001328
vn -0.084096 -0.053748 -0.006239
vn -0.084093 -0.052979 -0.011030
vn -0.084093 -0.051793 -0.015683
vn -0.084097 -0.050174 -0.020256
vn -0.084104 -0.048133 -0.024693
vn -0.084111 -0.045653 -0.029003
vn -0.084114 -0.042724 -0.033159
vn -0.080155 -0.037583 0.046505
vn -0.080160 -0.041745 0.042799
vn -0.080158 -0.045561 0.038715
vn -0.080152 -0.048913 0.034398
vn -0.080148 -0.051812 0.029865
vn -0.080147 -0.054270 0.025125
vn -0.080151 -0.056291 0.020180
vn -0.080158 -0.057870 0.015025
vn -0.080166 -0.058992 0.009658
vn -0.080170 -0.059633 0.004087
vn -0.080166 -0.059760 -0.001468
vn -0.080159 -0.059388 -0.006893
vn -0.080155 -0.058537 -0.012187
vn -0.080155 -0.057226 -0.017329
vn -0.080160 -0.055438 -0.022382
vn -0.080169 -0.053184 -0.027284
vn -0.080177 -0.050444 -0.032047
vn -0.080180 -0.047209 -0.036639
vn -0.080176 -0.043612 -0.040864
vn -0.075815 -0.040986 0.050717
vn -0.075821 -0.045525 0.046675
vn -0.075819 -0.049687 0.042221
vn -0.075813 -0.053341 0.037512
vn -0.075808 -0.056502 0.032569
vn -0.075807 -0.059182 0.027400
vn -0.075812 -0.061387 0.022007
vn -0.075820 -0.063110 0.016385
vn -0.075829 -0.064335 0.010533
vn -0.075833 -0.065034 0.004458
vn -0.075829 -0.065172 -0.001601
vn -0.075822 -0.064765 -0.007518
vn -0.075817 -0.063837 -0.013290
vn -0.075817 -0.062407 -0.018898
vn -0.075823 -0.060457 -0.024408
vn -0.075833 -0.058000 -0.029755
vn -0.075842 -0.055013 -0.034949
vn -0.075846 -0.051485 -0.039958
vn -0.075841 -0.047562 -0.044565
vn -0.075834 -0.043325 -0.048706
vn -0.071067 -0.044220 0.054718
vn -0.071074 -0.049118 0.050358
vn -0.071071 -0.053608 0.045553
vn -0.071065 -0.057549 0.040471
vn -0.071059 -0.060959 0.035137
vn -0.071059 -0.063850 0.029561
vn -0.071064 -0.066229 0.023742
vn -0.071073 -0.068089 0.017678
vn -0.071084 -0.069412 0.011364
vn -0.071088 -0.070167 0.004809
vn -0.071083 -0.070315 -0.001727
vn -0.071076 -0.069874 -0.008111
vn -0.071071 -0.068872 -0.014338
vn -0.071071 -0.067329 -0.020388
vn -0.071078 -0.065226 -0.026334
vn -0.071089 -0.062577 -0.032103
vn -0.071099 -0.059355 -0.037708
vn -0.071103 -0.055549 -0.043112
vn -0.071098 -0.051315 -0.048082
vn -0.071090 -0.046743 -0.052549
vn -0.071085 -0.041853 -0.056527
vn -0.065078 -0.047723 0.059053
vn -0.065085 -0.053010 0.054349
vn -0.065083 -0.057856 0.049162
vn -0.065076 -0.062108 0.043677
vn -0.065070 -0.065787 0.037920
vn -0.065070 -0.068907 0.031902
vn -0.065076 -0.071475 0.025623
vn -0.065086 -0.073483 0.019079
vn -0.065097 -0.074913 0.012265
vn -0.065102 -0.075728 0.005191
vn -0.065097 -0.075887 -0.001864
vn -0.065090 -0.075410 -0.008753
vn -0.065085 -0.074327 -0.015474
vn -0.065085 -0.072662 -0.022003
vn -0.065093 -0.070394 -0.028420
vn -0.065104 -0.067536 -0.034647
vn -0.065116 -0.064060 -0.040697
vn -0.065120 -0.059953 -0.046530
vn -0.065115 -0.055383 -0.051893
vn -0.065106 -0.050447 -0.056712
vn -0.065101 -0.045169 -0.061006
vn -0.065101 -0.039558 -0.064784
vn -0.058716 -0.050879 0.062958
vn -0.058723 -0.056516 0.057944
vn -0.058721 -0.061682 0.052413
vn -0.058714 -0.066214 0.046565
vn -0.058709 -0.070135 0.040427
vn -0.058709 -0.073461 0.034011
vn -0.058715 -0.076199 0.027317
vn -0.058726 -0.078342 0.020340
vn -0.058738 -0.079868 0.013076
vn -0.058743 -0.080738 0.005534
vn -0.058739 -0.080906 -0.001987
vn -0.058731 -0.080396 -0.009332
vn -0.058726 -0.079241 -0.016497
vn -0.058727 -0.077465 -0.023457
vn -0.058735 -0.075048 -0.030299
vn -0.058747 -0.072002 -0.036938
vn -0.058759 -0.068299 -0.043389
vn -0.058764 -0.063920 -0.049609
vn -0.058759 -0.059046 -0.055326
vn -0.058751 -0.053783 -0.060463
vn -0.058745 -0.048155 -0.065039
vn -0.058745 -0.042174 -0.069068
vn -0.058752 -0.035838 -0.072552
vn -0.052340 -0.053558 0.066273
vn -0.052348 -0.059492 0.060995
vn -0.052346 -0.064929 0.055173
vn -0.052340 -0.069699 0.049016
vn -0.052335 -0.073826 0.042554
vn -0.052335 -0.077327 0.035800
vn -0.052341 -0.080209 0.028754
vn -0.052353 -0.082467 0.021411
vn -0.052365 -0.084074 0.013765
vn -0.052370 -0.084991 0.005826
vn -0.052366 -0.085167 -0.002092
vn -0.052359 -0.084629 -0.009823
vn -0.052355 -0.083411 -0.017365
vn -0.052356 -0.081542 -0.024692
vn -0.052364 -0.078998 -0.031894
vn -0.052377 -0.075794 -0.038883
vn -0.052389 -0.071897 -0.045675
vn -0.052394 -0.067288 -0.052223
vn -0.052389 -0.062157 -0.058240
vn -0.052381 -0.056615 -0.063647
vn -0.052376 -0.050690 -0.068463
vn -0.052377 -0.044394 -0.072704
vn -0.052384 -0.037725 -0.076373
vn -0.052397 -0.028825 -0.080148
vn -0.045633 -0.055929 0.069207
vn -0.045640 -0.062127 0.063696
vn -0.045639 -0.067805 0.057616
vn -0.045633 -0.072785 0.051186
vn -0.045629 -0.077093 0.044437
vn -0.045630 -0.080749 0.037384
vn -0.045636 -0.083760 0.030027
vn -0.045648 -0.086118 0.022359
vn -0.045659 -0.087799 0.014374
vn -0.045665 -0.088756 0.006084
vn -0.045662 -0.088939 -0.002184
vn -0.045656 -0.088376 -0.010258
vn -0.045652 -0.087104 -0.018134
vn -0.045654 -0.085152 -0.025785
vn -0.045662 -0.082496 -0.033306
vn -0.045675 -0.079152 -0.040606
vn -0.045687 -0.075083 -0.047699
vn -0.045692 -0.070270 -0.054538
vn -0.045688 -0.064911 -0.060821
vn -0.045681 -0.059123 -0.066466
vn -0.045676 -0.052935 -0.071495
vn -0.045677 -0.046360 -0.075923
vn -0.045684 -0.039396 -0.079756
vn -0.045697 -0.030102 -0.083700
vn -0.045707 -0.020168 -0.086627
vn -0.038587 -0.057987 0.071754
vn -0.038594 -0.064414 0.066041
vn -0.038593 -0.070300 0.059737
vn -0.038589 -0.075463 0.053069
vn -0.038586 -0.079928 0.046072
vn -0.038587 -0.083718 0.038759
vn -0.038594 -0.086841 0.031132
vn -0.038605 -0.089288 0.023182
vn -0.038616 -0.091031 0.014903
vn -0.038622 -0.092025 0.006308
vn -0.038620 -0.092214 -0.002265
vn -0.038615 -0.091628 -0.010636
vn -0.038613 -0.090308 -0.018801
vn -0.038615 -0.088285 -0.026734
vn -0.038623 -0.085533 -0.034532
vn -0.038635 -0.082066 -0.042101
vn -0.038647 -0.077849 -0.049457
vn -0.038652 -0.072859 -0.056547
vn -0.038649 -0.067302 -0.063061
vn -0.038643 -0.061300 -0.068914
vn -0.038639 -0.054884 -0.074127
vn -0.038640 -0.048066 -0.078718
vn -0.038647 -0.040846 -0.082692
vn -0.038659 -0.031211 -0.086783
vn -0.038668 -0.020911 -0.089819
vn -0.097508 -0.019741 -0.010127
vn -0.095741 -0.024370 -0.015482
vn -0.097509 -0.018722 -0.011894
vn -0.095742 -0.022807 -0.017700
vn -0.097510 -0.017521 -0.013598
vn -0.095741 -0.021070 -0.019742
vn -0.097509 -0.016187 -0.015167
vn -0.095739 -0.019194 -0.021578
vn -0.097508 -0.014746 -0.016578
vn -0.095738 -0.017188 -0.023214
vn -0.097507 -0.013205 -0.017834
vn -0.095738 -0.015053 -0.024652
vn -0.084100 -0.032194 -0.043482
vn -0.084100 -0.028195 -0.046176
vn -0.084104 -0.023958 -0.048503
vn -0.084112 -0.018303 -0.050893
vn -0.084118 -0.012261 -0.052666
vn -0.097507 -0.011565 -0.018939
vn -0.095739 -0.012790 -0.025894
vn -0.080165 -0.031154 -0.051020
vn -0.097507 -0.009826 -0.019893
vn -0.095742 -0.009771 -0.027168
vn -0.080169 -0.026472 -0.053592
vn -0.080179 -0.020224 -0.056234
vn -0.080186 -0.013548 -0.058195
vn -0.097509 -0.007506 -0.020872
vn -0.095743 -0.006545 -0.028113
vn -0.097510 -0.005028 -0.021598
vn -0.100000 0.000000 0.000000
vn -0.100000 0.000000 0.000000
vn -0.100000 0.000000 0.000000
vn -0.100000 0.000000 0.000000
vn -0.100000 0.000000 0.000000
vn -0.100000 0.000000 0.000000
vn -0.100000 0.000000 0.000000
vn -0.100000 0.000000 0.000000
vn -0.100000 0.000000 0.000000
vn -0.100000 0.000000 0.000000
vn -0.100000 0.000000 0.000000
vn -0.100000 0.000000 0.000000
vn -0.100000 0.000000 0.000000
vn -0.100000 0.000000 0.000000
vn -0.100000 0.000000 0.000000
vn -0.100000 0.000000 0.000000
vn -0.100000 0.000000 0.000000
vn -0.100000 0.000000 0.000000
vn -0.100000 0.000000 0.000000
vn -0.100000 0.000000 0.000000
vn -0.100000 0.000000 0.000000
vn -0.100000 0.000000 0.000000
vn -0.100000 0.000000 0.000000
vn -0.100000 0.000000 0.000000
vn -0.100000 0.000000 0.000000
vn -0.100000 0.000000 0.000000
vn -0.100000 0.000000 0.000000
vn -0.100000 0.000000 0.000000
vn -0.100000 0.000000 0.000000
vn -0.100000 0.000000 0.000000
vn -0.100000 0.000000 0.000000
vn -0.009223 0.099574 0.000000
vn 0.000409 0.099999 0.000000
vn -0.000000 0.100000 0.000000
vn 0.010044 0.099494 0.000000
vn 0.017365 0.098481 0.000000
vn 0.019784 0.098023 0.000000
vn 0.029443 0.095567 0.000000
vn 0.034202 0.093969 0.000000
vn 0.038842 0.092148 0.000000
vn 0.050000 0.086603 0.000000
vn 0.047829 0.087820 0.000000
vn 0.056272 0.082665 0.000000
vn 0.064279 0.076604 0.000000
vn 0.064043 0.076802 0.000000
vn 0.071036 0.070384 0.000000
vn 0.076604 0.064279 0.000000
vn 0.077401 0.063318 0.000000
vn 0.083199 0.055480 0.000000
vn 0.086603 0.050000 0.000000
vn 0.088279 0.046977 0.000000
vn 0.092523 0.037940 0.000000
vn 0.093969 0.034202 0.000000
vn 0.095852 0.028503 0.000000
vn 0.098481 0.017365 0.000000
vn 0.098213 0.018821 0.000000
vn 0.099588 0.009073 0.000000
vn 0.100000 0.000000 0.000000
vn 0.099998 -0.000554 0.000000
vn 0.099478 -0.010204 0.000000
vn 0.098481 -0.017365 0.000000
vn 0.097989 -0.019954 0.000000
vn 0.095514 -0.029617 0.000000
vn 0.093969 -0.034202 0.000000
vn 0.092075 -0.039015 0.000000
vn 0.086603 -0.050000 0.000000
vn 0.087729 -0.047997 0.000000
vn 0.082558 -0.056428 0.000000
vn 0.076693 -0.064173 0.000000
vn 0.076686 -0.064181 0.000000
vn 0.070265 -0.071154 0.000000
vn 0.064279 -0.076604 0.000000
vn 0.063177 -0.077516 0.000000
vn 0.055322 -0.083303 0.000000
vn 0.050000 -0.086603 0.000000
vn 0.046809 -0.088368 0.000000
vn 0.037767 -0.092594 0.000000
vn 0.034202 -0.093969 0.000000
vn 0.028329 -0.095903 0.000000
vn 0.017365 -0.098481 0.000000
vn 0.018651 -0.098245 0.000000
vn 0.008914 -0.099602 0.000000
vn -0.000000 -0.100000 0.000000
vn -0.000701 -0.099998 0.000000
vn -0.010354 -0.099463 0.000000
vn -0.017365 -0.098481 0.000000
vn -0.020090 -0.097961 0.000000
vn -0.029726 -0.095480 0.000000
vn -0.034202 -0.093969 0.000000
vn -0.039088 -0.092044 0.000000
vn -0.050000 -0.086603 0.000000
vn -0.048033 -0.087709 0.000000
vn -0.056430 -0.082557 0.000000
vn -0.064217 -0.076657 0.000000
vn -0.064154 -0.076709 0.000000
vn -0.071108 -0.070311 0.000000
vn -0.076604 -0.064279 0.000000
vn -0.077457 -0.063248 0.000000
vn -0.083239 -0.055418 0.000000
vn -0.086603 -0.050000 0.000000
vn -0.088305 -0.046928 0.000000
vn -0.092538 -0.037905 0.000000
vn -0.093969 -0.034202 0.000000
vn -0.095858 -0.028481 0.000000
vn -0.098481 -0.017365 0.000000
vn -0.098215 -0.018810 0.000000
vn -0.099588 -0.009070 0.000000
vn -0.100000 0.000000 0.000000
vn -0.099998 0.000554 0.000000
vn -0.099478 0.010200 0.000000
vn -0.098481 0.017365 0.000000
vn -0.097991 0.019942 0.000000
vn -0.095521 0.029593 0.000000
vn -0.093969 0.034202 0.000000
vn -0.092091 0.038977 0.000000
vn -0.086603 0.050000 0.000000
vn -0.087757 0.047946 0.000000
vn -0.082601 0.056366 0.000000
vn -0.076604 0.064279 0.000000
vn -0.076745 0.064111 0.000000
vn -0.070340 0.071080 0.000000
vn -0.064279 0.076604 0.000000
vn -0.063294 0.077420 0.000000
vn -0.055485 0.083195 0.000000
vn -0.050000 0.086603 0.000000
vn -0.047018 0.088257 0.000000
vn -0.038018 0.092491 0.000000
vn -0.034202 0.093969 0.000000
vn -0.028616 0.095818 0.000000
vn -0.017365 0.098481 0.000000
vn -0.018959 0.098186 0.000000
vn 0.010043 0.099494 0.000000
vn 0.000409 0.099999 0.000000
vn -0.009224 0.099574 0.000000
vn -0.018960 0.098186 0.000000
vn -0.028618 0.095818 0.000000
vn -0.038021 0.092490 0.000000
vn -0.047023 0.088255 0.000000
vn -0.055491 0.083191 0.000000
vn -0.063300 0.077415 0.000000
vn -0.070347 0.071073 0.000000
vn -0.076752 0.064102 0.000000
vn -0.082608 0.056355 0.000000
vn -0.087763 0.047933 0.000000
vn -0.092097 0.038963 0.000000
vn -0.095526 0.029578 0.000000
vn -0.097995 0.019926 0.000000
vn -0.099480 0.010184 0.000000
vn -0.099999 0.000538 0.000000
vn -0.099586 -0.009086 0.000000
vn -0.098212 -0.018826 0.000000
vn -0.095853 -0.028498 0.000000
vn -0.092531 -0.037921 0.000000
vn -0.088296 -0.046945 0.000000
vn -0.083228 -0.055435 0.000000
vn -0.077444 -0.063264 0.000000
vn -0.071093 -0.070326 0.000000
vn -0.064136 -0.076724 0.000000
vn -0.056408 -0.082572 0.000000
vn -0.048008 -0.087722 0.000000
vn -0.039061 -0.092056 0.000000
vn -0.029696 -0.095489 0.000000
vn -0.020058 -0.097968 0.000000
vn -0.010322 -0.099466 0.000000
vn -0.000669 -0.099998 0.000000
vn 0.008946 -0.099599 0.000000
vn 0.018683 -0.098239 0.000000
vn 0.028360 -0.095894 0.000000
vn 0.037795 -0.092583 0.000000
vn 0.046835 -0.088354 0.000000
vn 0.055345 -0.083288 0.000000
vn 0.063196 -0.077500 0.000000
vn 0.070280 -0.071138 0.000000
vn 0.076700 -0.064165 0.000000
vn 0.082570 -0.056411 0.000000
vn 0.087738 -0.047979 0.000000
vn 0.092083 -0.038997 0.000000
vn 0.095519 -0.029600 0.000000
vn 0.097992 -0.019937 0.000000
vn 0.099480 -0.010188 0.000000
vn 0.099999 -0.000538 0.000000
vn 0.099586 0.009089 0.000000
vn 0.098210 0.018837 0.000000
vn 0.095847 0.028518 0.000000
vn 0.092517 0.037954 0.000000
vn 0.088272 0.046990 0.000000
vn 0.083192 0.055490 0.000000
vn 0.077394 0.063326 0.000000
vn 0.071029 0.070391 0.000000
vn 0.064036 0.076807 0.000000
vn 0.056267 0.082668 0.000000
vn 0.047825 0.087822 0.000000
vn 0.038839 0.092150 0.000000
vn 0.029441 0.095568 0.000000
vn 0.019783 0.098024 0.000000
vn -0.001138 -0.009801 -0.099512
vn -0.001138 0.000000 -0.099994
vn -0.001138 0.000000 -0.099994
vn -0.001138 0.009801 -0.099512
vn -0.001138 0.010452 -0.099446
vn -0.001137 0.019508 -0.098072
vn -0.001137 0.020790 -0.097808
vn -0.001136 0.029027 -0.095688
vn -0.001135 0.030900 -0.095099
vn -0.001134 0.038265 -0.092382
vn -0.001134 0.038238 -0.092393
vn -0.001133 0.040671 -0.091349
vn -0.001133 0.040671 -0.091349
vn -0.001130 0.049997 -0.086597
vn -0.001130 0.049997 -0.086597
vn -0.001126 0.058775 -0.080896
vn -0.001126 0.058775 -0.080896
vn -0.001122 0.066909 -0.074310
vn -0.001122 0.066909 -0.074310
vn -0.001117 0.074310 -0.066909
vn -0.001117 0.074310 -0.066909
vn -0.001112 0.080897 -0.058775
vn -0.001112 0.080897 -0.058775
vn -0.001107 0.086597 -0.049997
vn -0.001107 0.086597 -0.049997
vn -0.001101 0.091349 -0.040671
vn -0.001101 0.091349 -0.040671
vn -0.001095 0.095100 -0.030900
vn -0.001095 0.095100 -0.030900
vn -0.001088 0.097809 -0.020790
vn -0.001088 0.097809 -0.020790
vn -0.001082 0.099446 -0.010452
vn -0.001082 0.099446 -0.010452
vn -0.001075 0.099994 -0.000000
vn -0.001075 0.099994 -0.000000
vn -0.001069 0.099447 0.010452
vn -0.001069 0.099447 0.010452
vn -0.001062 0.097809 0.020790
vn -0.001062 0.097809 0.020790
vn -0.001056 0.095100 0.030900
vn -0.001056 0.095100 0.030900
vn -0.001049 0.091350 0.040671
vn -0.001049 0.091349 0.040671
vn -0.001044 0.086598 0.049997
vn -0.001044 0.086598 0.049997
vn -0.001038 0.080897 0.058775
vn -0.001038 0.080897 0.058775
vn -0.001033 0.074311 0.066909
vn -0.001033 0.074310 0.066910
vn -0.001028 0.066910 0.074311
vn -0.001028 0.066910 0.074311
vn -0.001024 0.058775 0.080897
vn -0.001024 0.058775 0.080897
vn -0.001020 0.049997 0.086598
vn -0.001020 0.049997 0.086598
vn -0.001017 0.040672 0.091350
vn -0.001017 0.040672 0.091350
vn -0.001015 0.030900 0.095101
vn -0.001015 0.030900 0.095101
vn -0.001013 0.020790 0.097810
vn -0.001013 0.020790 0.097810
vn -0.001012 0.010452 0.099447
vn -0.001012 0.010452 0.099447
vn -0.001012 -0.000000 0.099995
vn -0.001012 -0.000000 0.099995
vn -0.001012 -0.010452 0.099447
vn -0.001012 -0.010452 0.099447
vn -0.001013 -0.020790 0.097810
vn -0.001013 -0.014758 0.098900
vn -0.001013 -0.018157 0.098333
vn -0.001131 0.047136 -0.088187
vn -0.001130 0.049997 -0.086597
vn -0.001126 0.058775 -0.080896
vn -0.001122 0.066909 -0.074310
vn -0.001117 0.074310 -0.066909
vn -0.001112 0.080897 -0.058775
vn -0.001107 0.086597 -0.049997
vn -0.001101 0.091349 -0.040671
vn -0.001095 0.095100 -0.030900
vn -0.001088 0.097809 -0.020790
vn -0.001082 0.099446 -0.010452
vn -0.001128 0.055554 -0.083141
vn -0.001126 0.058775 -0.080896
vn -0.001122 0.066909 -0.074310
vn -0.001117 0.074310 -0.066909
vn -0.001112 0.080897 -0.058775
vn -0.001107 0.086597 -0.049997
vn -0.001101 0.091349 -0.040671
vn -0.001095 0.095100 -0.030900
vn -0.001088 0.097809 -0.020790
vn -0.001082 0.099446 -0.010452
vn -0.001075 0.099994 -0.000000
vn -0.001124 0.063436 -0.077296
vn -0.001122 0.066909 -0.074310
vn -0.001117 0.074310 -0.066909
vn -0.001112 0.080897 -0.058775
vn -0.001107 0.086597 -0.049997
vn -0.001101 0.091349 -0.040671
vn -0.001095 0.095100 -0.030900
vn -0.001088 0.097809 -0.020790
vn -0.001082 0.099446 -0.010452
vn -0.001075 0.099994 -0.000000
vn -0.001069 0.099446 0.010452
vn -0.001120 0.070706 -0.070706
vn -0.001117 0.074310 -0.066909
vn -0.001112 0.080897 -0.058775
vn -0.001107 0.086597 -0.049997
vn -0.001101 0.091349 -0.040671
vn -0.001095 0.095100 -0.030899
vn -0.001088 0.097809 -0.020790
vn -0.001082 0.099446 -0.010452
vn -0.001075 0.099994 -0.000000
vn -0.001069 0.099446 0.010452
vn -0.001062 0.097809 0.020790
vn -0.001115 0.077296 -0.063436
vn -0.001112 0.080897 -0.058774
vn -0.001107 0.086597 -0.049997
vn -0.001101 0.091349 -0.040671
vn -0.001095 0.095100 -0.030899
vn -0.001088 0.097809 -0.020790
vn -0.001082 0.099446 -0.010452
vn -0.001075 0.099994 -0.000000
vn -0.001069 0.099446 0.010452
vn -0.001062 0.097809 0.020790
vn -0.001056 0.095100 0.030900
vn -0.001110 0.083141 -0.055554
vn -0.001107 0.086598 -0.049996
vn -0.001101 0.091349 -0.040671
vn -0.001095 0.095100 -0.030899
vn -0.001088 0.097809 -0.020790
vn -0.001082 0.099446 -0.010452
vn -0.001075 0.099994 -0.000000
vn -0.001069 0.099446 0.010453
vn -0.001062 0.097809 0.020790
vn -0.001056 0.095100 0.030900
vn -0.001049 0.091349 0.040672
vn -0.001105 0.088187 -0.047136
vn -0.001101 0.091349 -0.040671
vn -0.001095 0.095100 -0.030899
vn -0.001088 0.097809 -0.020789
vn -0.001082 0.099446 -0.010452
vn -0.001075 0.099994 -0.000000
vn -0.001069 0.099446 0.010453
vn -0.001062 0.097809 0.020790
vn -0.001056 0.095100 0.030900
vn -0.001049 0.091349 0.040672
vn -0.001044 0.086598 0.049997
vn -0.001099 0.092383 -0.038265
vn -0.001095 0.095100 -0.030899
vn -0.001088 0.097809 -0.020789
vn -0.001082 0.099446 -0.010452
vn -0.001075 0.099994 -0.000000
vn -0.001069 0.099446 0.010453
vn -0.001062 0.097809 0.020790
vn -0.001056 0.095100 0.030900
vn -0.001049 0.091349 0.040672
vn -0.001044 0.086598 0.049997
vn -0.001038 0.080897 0.058775
vn -0.001094 0.095688 -0.029026
vn -0.001088 0.097809 -0.020789
vn -0.001082 0.099446 -0.010452
vn -0.001075 0.099994 -0.000000
vn -0.001069 0.099446 0.010453
vn -0.001062 0.097809 0.020790
vn -0.001056 0.095100 0.030900
vn -0.001049 0.091349 0.040672
vn -0.001044 0.086598 0.049997
vn -0.001038 0.080897 0.058775
vn -0.001033 0.074310 0.066910
vn -0.001088 0.098073 -0.019508
vn -0.001082 0.099446 -0.010452
vn -0.001075 0.099994 -0.000000
vn -0.001069 0.099446 0.010453
vn -0.001062 0.097809 0.020790
vn -0.001056 0.095100 0.030900
vn -0.001049 0.091349 0.040672
vn -0.001044 0.086598 0.049997
vn -0.001038 0.080897 0.058775
vn -0.001033 0.074310 0.066910
vn -0.001028 0.066909 0.074311
vn -0.001081 0.099512 -0.009803
vn -0.001075 0.099994 -0.000001
vn -0.001069 0.099446 0.010453
vn -0.001062 0.097809 0.020790
vn -0.001056 0.095100 0.030900
vn -0.001049 0.091349 0.040672
vn -0.001044 0.086598 0.049998
vn -0.001038 0.080897 0.058776
vn -0.001033 0.074310 0.066910
vn -0.001028 0.066909 0.074311
vn -0.001024 0.058775 0.080897
vn -0.001075 0.099994 -0.000001
vn -0.001069 0.099513 0.009803
vn -0.001069 0.099446 0.010453
vn -0.001063 0.098073 0.019510
vn -0.001062 0.097809 0.020791
vn -0.001057 0.095689 0.029027
vn -0.001056 0.095100 0.030901
vn -0.001051 0.092384 0.038265
vn -0.001049 0.091349 0.040672
vn -0.001045 0.088189 0.047134
vn -0.001044 0.086598 0.049998
vn -0.001040 0.083144 0.055552
vn -0.001038 0.080897 0.058776
vn -0.001035 0.077296 0.063437
vn -0.001033 0.074310 0.066910
vn -0.001031 0.070704 0.070710
vn -0.001028 0.066909 0.074311
vn -0.001026 0.063434 0.077299
vn -0.001024 0.058775 0.080898
vn -0.001023 0.055554 0.083143
vn -0.001020 0.049997 0.086598
vn -0.001019 0.047139 0.088187
vn -0.001017 0.040671 0.091350
vn -0.001017 0.038270 0.092382
vn -0.001015 0.030900 0.095101
vn -0.001015 0.029028 0.095689
vn -0.001013 0.020790 0.097810
vn -0.001013 0.019506 0.098074
vn -0.001012 0.010452 0.099447
vn -0.001012 0.009798 0.099514
vn -0.001012 -0.000000 0.099995
vn -0.001012 -0.000002 0.099995
vn -0.001012 -0.009801 0.099513
vn -0.001012 -0.010452 0.099447
vn -0.001013 -0.019504 0.098074
vn -0.001013 -0.020790 0.097810
vn -0.001015 -0.029022 0.095691
vn -0.001015 -0.030900 0.095101
vn -0.001017 -0.038265 0.092384
vn -0.001017 -0.038238 0.092395
vn -0.001017 -0.040671 0.091350
vn -0.001017 -0.040671 0.091350
vn -0.001020 -0.049997 0.086598
vn -0.001020 -0.049997 0.086598
vn -0.001024 -0.058775 0.080898
vn -0.001024 -0.058775 0.080898
vn -0.001028 -0.066909 0.074311
vn -0.001028 -0.066909 0.074311
vn -0.001033 -0.074310 0.066910
vn -0.001033 -0.074310 0.066910
vn -0.001038 -0.080897 0.058776
vn -0.001038 -0.080897 0.058776
vn -0.001044 -0.086598 0.049998
vn -0.001044 -0.086598 0.049998
vn -0.001049 -0.091349 0.040672
vn -0.001049 -0.091349 0.040672
vn -0.001056 -0.095100 0.030901
vn -0.001056 -0.095100 0.030900
vn -0.001062 -0.097809 0.020791
vn -0.001062 -0.097809 0.020791
vn -0.001069 -0.099446 0.010453
vn -0.001069 -0.099446 0.010453
vn -0.001075 -0.099994 0.000003
vn -0.001075 -0.099994 0.000002
vn -0.001082 -0.099446 -0.010452
vn -0.001082 -0.099446 -0.010452
vn -0.001088 -0.097809 -0.020789
vn -0.001088 -0.097809 -0.020789
vn -0.001095 -0.095100 -0.030899
vn -0.001095 -0.095100 -0.030899
vn -0.001101 -0.091349 -0.040671
vn -0.001101 -0.091349 -0.040671
vn -0.001107 -0.086598 -0.049996
vn -0.001107 -0.086597 -0.049997
vn -0.001112 -0.080897 -0.058774
vn -0.001112 -0.080897 -0.058775
vn -0.001117 -0.074310 -0.066909
vn -0.001117 -0.074310 -0.066909
vn -0.001122 -0.066909 -0.074310
vn -0.001122 -0.066909 -0.074310
vn -0.001126 -0.058775 -0.080896
vn -0.001126 -0.058775 -0.080896
vn -0.001130 -0.049997 -0.086597
vn -0.001130 -0.049997 -0.086597
vn -0.001133 -0.040671 -0.091349
vn -0.001133 -0.040671 -0.091349
vn -0.001135 -0.030900 -0.095099
vn -0.001135 -0.030900 -0.095099
vn -0.001137 -0.020790 -0.097808
vn -0.001137 -0.020790 -0.097808
vn -0.001138 -0.010452 -0.099446
vn -0.001138 -0.010452 -0.099446
vn -0.001138 0.000000 -0.099994
vn -0.001138 0.000000 -0.099994
vn -0.001138 0.010452 -0.099446
vn -0.001138 0.010452 -0.099446
vn -0.001137 0.020790 -0.097808
vn -0.001137 0.020790 -0.097808
vn -0.001135 0.030900 -0.095099
vn -0.001135 0.030900 -0.095099
vn -0.001134 0.038049 -0.092472
vn -0.001135 0.033658 -0.094159
vn -0.001134 0.035258 -0.093571
vn -0.001134 0.038022 -0.092483
vn -0.001134 0.036497 -0.093095
vn -0.001134 0.037370 -0.092748
vn -0.001134 0.037876 -0.092542
vn -0.001134 0.038017 -0.092485
vn -0.001133 0.040671 -0.091349
vn -0.001133 0.040671 -0.091349
vn -0.001130 0.049997 -0.086597
vn -0.001130 0.049997 -0.086597
vn -0.001126 0.058775 -0.080897
vn -0.001126 0.058775 -0.080897
vn -0.001122 0.066909 -0.074310
vn -0.001122 0.066909 -0.074310
vn -0.001117 0.074310 -0.066909
vn -0.001117 0.074310 -0.066909
vn -0.001112 0.080897 -0.058775
vn -0.001112 0.080897 -0.058775
vn -0.001107 0.086597 -0.049997
vn -0.001107 0.086597 -0.049997
vn -0.001101 0.091349 -0.040671
vn -0.001101 0.091349 -0.040671
vn -0.001095 0.095100 -0.030900
vn -0.001095 0.095100 -0.030900
vn -0.001088 0.097809 -0.020790
vn -0.001019 -0.047140 0.088186
vn -0.001023 -0.055559 0.083140
vn -0.001026 -0.063438 0.077295
vn -0.001031 -0.070707 0.070707
vn -0.001035 -0.077295 0.063438
vn -0.001040 -0.083140 0.055558
vn -0.001045 -0.088186 0.047139
vn -0.001051 -0.092384 0.038264
vn -0.001057 -0.095690 0.029022
vn -0.001063 -0.098074 0.019505
vn -0.001069 -0.099513 0.009801
vn -0.001075 -0.099994 0.000003
vn -0.001081 -0.099513 -0.009795
vn -0.001088 -0.098073 -0.019504
vn -0.001094 -0.095688 -0.029028
vn -0.001099 -0.092380 -0.038271
vn -0.001105 -0.088184 -0.047141
vn -0.001110 -0.083141 -0.055554
vn -0.001115 -0.077297 -0.063434
vn -0.001120 -0.070710 -0.070703
vn -0.001124 -0.063439 -0.077293
vn -0.001128 -0.055554 -0.083141
vn -0.001131 -0.047133 -0.088189
vn -0.001134 -0.038261 -0.092384
vn -0.001136 -0.029024 -0.095689
vn -0.001137 -0.020790 -0.097808
vn -0.001137 -0.019508 -0.098072
vn -0.001138 -0.010452 -0.099446
vn -0.001017 -0.037837 0.092560
vn -0.001017 -0.038024 0.092483
vn -0.001017 -0.038020 0.092485
vn -0.001017 -0.040672 0.091350
vn -0.001017 -0.040672 0.091350
vn -0.001020 -0.049997 0.086598
vn -0.001020 -0.049997 0.086598
vn -0.001024 -0.058775 0.080898
vn -0.001024 -0.058775 0.080897
vn -0.001028 -0.066909 0.074311
vn -0.001028 -0.066909 0.074311
vn -0.001033 -0.074310 0.066910
vn -0.001033 -0.074310 0.066910
vn -0.001038 -0.080897 0.058775
vn -0.001038 -0.080897 0.058775
vn -0.001044 -0.086598 0.049997
vn -0.001044 -0.086598 0.049997
vn -0.001049 -0.091349 0.040672
vn -0.001049 -0.091349 0.040672
vn -0.001056 -0.095100 0.030900
vn -0.001056 -0.095100 0.030900
vn -0.001062 -0.097809 0.020790
vn -0.001062 -0.097809 0.020790
vn -0.001069 -0.099446 0.010452
vn -0.001069 -0.099446 0.010452
vn -0.001075 -0.099994 0.000001
vn -0.001075 -0.099994 0.000000
vn -0.001082 -0.099446 -0.010452
vn -0.001082 -0.099446 -0.010452
vn -0.001088 -0.097809 -0.020790
vn -0.001088 -0.097809 -0.020790
vn -0.001095 -0.095100 -0.030900
vn -0.001095 -0.095100 -0.030900
vn -0.001101 -0.091349 -0.040671
vn -0.001101 -0.091349 -0.040671
vn -0.001107 -0.086597 -0.049997
vn -0.001107 -0.086597 -0.049997
vn -0.001112 -0.080897 -0.058775
vn -0.001112 -0.080897 -0.058775
vn -0.001117 -0.074310 -0.066909
vn -0.001117 -0.074310 -0.066909
vn -0.001122 -0.066909 -0.074310
vn -0.001122 -0.066909 -0.074310
vn -0.001126 -0.058775 -0.080897
vn -0.001126 -0.058775 -0.080897
vn -0.001130 -0.049997 -0.086597
vn -0.001130 -0.049997 -0.086597
vn -0.001133 -0.040671 -0.091349
vn -0.001133 -0.040671 -0.091349
vn -0.001134 -0.038020 -0.092484
vn -0.001134 -0.037837 -0.092559
vn -0.001017 -0.037287 0.092783
vn -0.001016 -0.036373 0.093145
vn -0.001016 -0.035091 0.093635
vn -0.001017 -0.038051 0.092472
vn -0.001016 -0.033451 0.094234
vn -0.001015 -0.030900 0.095101
vn -0.001015 -0.030900 0.095101
vn -0.001015 -0.029275 0.095614
vn -0.001015 -0.031495 0.094905
vn -0.001014 -0.026840 0.096325
vn -0.001013 -0.020790 0.097810
vn -0.001013 -0.020790 0.097810
vn -0.001012 -0.010452 0.099447
vn -0.001012 -0.010452 0.099447
vn -0.001012 -0.000000 0.099995
vn -0.001012 -0.000000 0.099995
vn -0.001012 0.010452 0.099447
vn -0.001012 0.010452 0.099447
vn -0.001013 0.020790 0.097810
vn -0.001013 0.020790 0.097810
vn -0.001015 0.030900 0.095101
vn -0.001015 0.030900 0.095101
vn -0.001017 0.040671 0.091350
vn -0.001014 -0.024150 0.097035
vn -0.001013 -0.020790 0.097810
vn -0.001012 -0.010884 0.099401
vn -0.001013 -0.014485 0.098940
vn -0.001013 -0.017928 0.098375
vn -0.001013 -0.021165 0.097729
vn -0.001012 -0.010452 0.099447
vn -0.001012 -0.007189 0.099736
vn -0.001012 -0.003469 0.099935
vn -0.001012 -0.000000 0.099995
vn -0.001012 0.000206 0.099995
vn -0.001012 0.003889 0.099919
vn -0.001012 0.010452 0.099447
vn -0.001012 0.007609 0.099705
vn -0.001012 0.011297 0.099355
vn -0.001013 0.014883 0.098881
vn -0.001013 0.020790 0.097810
vn -0.001013 0.020790 0.097810
vn -0.001013 0.020790 0.097810
vn -0.001012 0.010452 0.099447
vn -0.001013 0.020790 0.097810
vn -0.001012 0.010452 0.099447
vn -0.001013 0.020790 0.097810
vn -0.001013 0.018305 0.098305
vn -0.001013 0.021515 0.097653
vn -0.001014 0.024469 0.096955
vn -0.001014 0.027125 0.096246
vn -0.001015 0.029537 0.095533
vn -0.001015 0.030900 0.095101
vn -0.001015 0.030900 0.095101
vn -0.001015 0.030900 0.095101
vn -0.001015 0.030900 0.095101
vn -0.001015 0.030900 0.095101
vn -0.001015 0.030900 0.095101
vn -0.001015 0.031731 0.094827
vn -0.001016 0.033653 0.094162
vn -0.001016 0.035254 0.093574
vn -0.001017 0.040671 0.091350
vn -0.001016 0.036494 0.093097
vn -0.001017 0.040672 0.091350
vn -0.001017 0.037368 0.092750
vn -0.001017 0.037876 0.092544
vn -0.001017 0.038018 0.092486
vn -0.001017 0.040672 0.091350
vn -0.001020 0.049997 0.086598
vn -0.001020 0.049997 0.086598
vn -0.001024 0.058775 0.080898
vn -0.001017 0.037794 0.092578
vn -0.001017 0.037206 0.092815
vn -0.001016 0.036256 0.093191
vn -0.001015 0.030900 0.095101
vn -0.001016 0.034944 0.093691
vn -0.001016 0.033282 0.094294
vn -0.001015 0.031314 0.094965
vn -0.001015 0.029091 0.095670
vn -0.001014 0.026660 0.096375
vn -0.001013 0.020790 0.097810
vn -0.001014 0.023974 0.097078
vn -0.001013 0.021000 0.097765
vn -0.001013 0.017782 0.098401
vn -0.001013 0.014363 0.098958
vn -0.001012 0.010452 0.099447
vn -0.001012 0.010791 0.099411
vn -0.001012 0.007128 0.099741
vn -0.001012 0.003440 0.099936
vn -0.001012 -0.000000 0.099995
vn -0.001012 -0.000204 0.099995
vn -0.001012 -0.003856 0.099921
vn -0.001012 -0.007544 0.099710
vn -0.001012 -0.011200 0.099366
vn -0.001013 -0.021349 0.097689
vn -0.001014 -0.024292 0.096999
vn -0.001014 -0.026944 0.096296
vn -0.001015 -0.030900 0.095101
vn -0.001015 -0.029353 0.095590
vn -0.001015 -0.031550 0.094887
vn -0.001016 -0.033486 0.094221
vn -0.001016 -0.035110 0.093628
vn -0.001016 -0.036381 0.093142
vn -0.001017 -0.037290 0.092782
vn -0.001017 -0.037837 0.092560
vn -0.001134 -0.037290 -0.092780
vn -0.001134 -0.036381 -0.093140
vn -0.001135 -0.030900 -0.095099
vn -0.001134 -0.035110 -0.093627
vn -0.001135 -0.033486 -0.094220
vn -0.001135 -0.031551 -0.094885
vn -0.001136 -0.029355 -0.095588
vn -0.001136 -0.026947 -0.096294
vn -0.001137 -0.020790 -0.097808
vn -0.001137 -0.024295 -0.096997
vn -0.001137 -0.021353 -0.097687
vn -0.001137 -0.018161 -0.098330
vn -0.001138 -0.014763 -0.098898
vn -0.001138 -0.010452 -0.099446
vn -0.001138 -0.011206 -0.099364
vn -0.001138 -0.007550 -0.099708
vn -0.001138 -0.003862 -0.099919
vn -0.001138 0.000000 -0.099994
vn -0.001138 -0.010452 -0.099446
vn -0.001138 -0.000000 -0.099994
vn -0.001138 -0.010452 -0.099446
vn -0.001138 -0.000000 -0.099994
vn -0.001138 0.010452 -0.099446
vn -0.001138 0.010452 -0.099446
vn -0.001137 0.020790 -0.097808
vn -0.001137 0.020790 -0.097808
vn -0.001135 0.030900 -0.095100
vn -0.001135 0.030900 -0.095099
vn -0.001133 0.040671 -0.091349
vn -0.001133 0.040671 -0.091349
vn -0.001130 0.049997 -0.086597
vn -0.001138 -0.000210 -0.099993
vn -0.001138 0.003434 -0.099935
vn -0.001138 0.010452 -0.099446
vn -0.001138 0.007121 -0.099740
vn -0.001138 0.010785 -0.099410
vn -0.001138 0.014357 -0.098958
vn -0.001137 0.020790 -0.097808
vn -0.001137 0.017776 -0.098401
vn -0.001137 0.020993 -0.097765
vn -0.001137 0.023967 -0.097079
vn -0.001136 0.026654 -0.096376
vn -0.001135 0.030900 -0.095099
vn -0.001136 0.029084 -0.095670
vn -0.001135 0.031308 -0.094966
vn -0.001135 0.033276 -0.094294
vn -0.001134 0.034939 -0.093691
vn -0.001134 0.036252 -0.093191
vn -0.001134 0.037203 -0.092815
vn -0.001134 0.037792 -0.092577
vn -0.001135 0.030900 -0.095099
vn -0.001135 0.031736 -0.094824
vn -0.001136 0.029543 -0.095530
vn -0.001136 0.027130 -0.096243
vn -0.001136 0.024475 -0.096952
vn -0.001137 0.020790 -0.097808
vn -0.001138 0.010452 -0.099446
vn -0.001138 0.000000 -0.099994
vn -0.001138 -0.010452 -0.099446
vn -0.001137 -0.020790 -0.097808
vn -0.001135 -0.030900 -0.095099
vn -0.001133 -0.040671 -0.091349
vn -0.001130 -0.049997 -0.086597
vn -0.001126 -0.058775 -0.080896
vn -0.001122 -0.066909 -0.074310
vn -0.001117 -0.074310 -0.066909
vn -0.001112 -0.080897 -0.058775
vn -0.001107 -0.086597 -0.049997
vn -0.001101 -0.091349 -0.040671
vn -0.001095 -0.095100 -0.030899
vn -0.001088 -0.097809 -0.020789
vn -0.001082 -0.099446 -0.010452
vn -0.001075 -0.099994 0.000002
vn -0.001069 -0.099446 0.010453
vn -0.001062 -0.097809 0.020790
vn -0.001056 -0.095100 0.030900
vn -0.001049 -0.091349 0.040672
vn -0.001044 -0.086598 0.049998
vn -0.001038 -0.080897 0.058776
vn -0.001033 -0.074310 0.066910
vn -0.001028 -0.066909 0.074311
vn -0.001024 -0.058775 0.080898
vn -0.001020 -0.049997 0.086598
vn -0.001017 -0.040671 0.091350
vn -0.001017 -0.038211 0.092406
vn -0.001137 0.021521 -0.097650
vn -0.001137 0.020790 -0.097808
vn -0.001138 0.011303 -0.099353
vn -0.001138 0.014889 -0.098879
vn -0.001137 0.018311 -0.098303
vn -0.001138 0.010452 -0.099446
vn -0.001138 0.007615 -0.099703
vn -0.001138 0.003895 -0.099918
vn -0.001138 0.000000 -0.099994
vn -0.001138 0.000212 -0.099993
vn -0.001138 -0.003463 -0.099934
vn -0.001138 -0.010452 -0.099446
vn -0.001138 -0.007183 -0.099735
vn -0.001138 -0.010878 -0.099400
vn -0.001138 -0.014479 -0.098940
vn -0.001137 -0.020790 -0.097808
vn -0.001137 -0.020790 -0.097808
vn -0.001137 -0.020790 -0.097808
vn -0.001138 -0.010452 -0.099446
vn -0.001137 -0.020790 -0.097808
vn -0.001138 -0.010452 -0.099446
vn -0.001137 -0.020790 -0.097808
vn -0.001137 -0.017923 -0.098374
vn -0.001137 -0.021160 -0.097729
vn -0.001137 -0.024146 -0.097034
vn -0.001136 -0.026838 -0.096325
vn -0.001135 -0.030900 -0.095099
vn -0.001136 -0.029273 -0.095613
vn -0.001135 -0.030900 -0.095099
vn -0.001135 -0.031494 -0.094904
vn -0.001135 -0.033450 -0.094233
vn -0.001134 -0.035090 -0.093634
vn -0.001134 -0.036372 -0.093144
vn -0.001134 -0.037287 -0.092781
vn -0.001133 -0.040671 -0.091349
vn -0.001135 -0.030900 -0.095099
vn -0.001134 -0.037836 -0.092559
vn -0.001137 -0.020790 -0.097808
vn -0.001137 -0.020790 -0.097808
vn -0.001135 -0.030900 -0.095100
vn -0.001135 -0.030900 -0.095099
vn -0.001133 -0.040671 -0.091349
vn -0.001133 -0.040671 -0.091349
vn -0.001130 -0.049997 -0.086597
vn -0.001130 -0.049997 -0.086597
vn -0.001126 -0.058775 -0.080897
vn -0.001126 -0.058775 -0.080897
vn -0.001122 -0.066909 -0.074310
vn -0.001122 -0.066909 -0.074310
vn -0.001117 -0.074310 -0.066909
vn -0.001117 -0.074310 -0.066909
vn -0.001112 -0.080897 -0.058775
vn -0.001112 -0.080897 -0.058775
vn -0.001107 -0.086597 -0.049997
vn -0.001107 -0.086597 -0.049997
vn -0.001101 -0.091349 -0.040671
vn -0.001101 -0.091349 -0.040671
vn -0.001095 -0.095100 -0.030900
vn -0.001095 -0.095100 -0.030900
vn -0.001088 -0.097809 -0.020790
vn -0.001088 -0.097809 -0.020790
vn -0.001082 -0.099446 -0.010452
vn -0.001082 -0.099446 -0.010452
vn -0.001075 -0.099994 0.000000
vn -0.001075 -0.099994 0.000000
vn -0.001069 -0.099447 0.010452
vn -0.001069 -0.099447 0.010452
vn -0.001062 -0.097809 0.020790
vn -0.001062 -0.097809 0.020790
vn -0.001056 -0.095100 0.030900
vn -0.001056 -0.095100 0.030900
vn -0.001049 -0.091350 0.040671
vn -0.001049 -0.091349 0.040671
vn -0.001044 -0.086598 0.049997
vn -0.001044 -0.086598 0.049997
vn -0.001038 -0.080897 0.058775
vn -0.001038 -0.080897 0.058775
vn -0.001033 -0.074311 0.066909
vn -0.001033 -0.074310 0.066910
vn -0.001028 -0.066910 0.074311
vn -0.001028 -0.066910 0.074311
vn -0.001024 -0.058775 0.080897
vn -0.001024 -0.058775 0.080897
vn -0.001020 -0.049997 0.086598
vn -0.001020 -0.049997 0.086598
vn -0.001017 -0.040672 0.091350
vn -0.001017 -0.040672 0.091350
vn -0.001015 -0.030900 0.095101
vn -0.001015 -0.030900 0.095101
vn -0.001013 -0.020790 0.097810
vn -0.001013 -0.020790 0.097810
vn -0.001012 -0.010452 0.099447
vn -0.001012 -0.000000 0.099995
vn -0.001012 0.010452 0.099447
vn -0.001013 0.020790 0.097810
vn -0.001012 -0.000000 0.099995
vn -0.001012 0.010452 0.099447
vn -0.001012 -0.010452 0.099447
vn -0.001013 -0.020790 0.097810
vn -0.001015 -0.030900 0.095101
vn -0.001012 -0.000000 0.099995
vn -0.001012 -0.010452 0.099447
vn -0.001013 -0.020790 0.097810
vn -0.001015 -0.030900 0.095101
vn -0.001017 -0.038185 0.092417
vn -0.001012 -0.010452 0.099447
vn -0.001013 -0.020790 0.097810
vn -0.001015 -0.030900 0.095101
vn -0.001012 -0.010452 0.099447
vn -0.001013 -0.020790 0.097810
vn -0.001015 -0.030900 0.095101
vn -0.001017 -0.038158 0.092428
vn -0.001017 -0.040671 0.091350
vn -0.001012 -0.000000 0.099995
vn -0.001138 0.010452 -0.099446
vn -0.001138 0.000000 -0.099994
vn -0.001138 -0.010452 -0.099446
vn -0.001138 0.010452 -0.099446
vn -0.001138 0.000000 -0.099994
vn -0.001137 0.020790 -0.097808
vn -0.001135 0.030900 -0.095099
vn -0.001134 0.038211 -0.092405
vn -0.001138 0.010452 -0.099446
vn -0.001137 0.020790 -0.097808
vn -0.001135 0.030900 -0.095099
vn -0.001134 0.038184 -0.092416
vn -0.001133 0.040671 -0.091349
vn -0.001137 0.020790 -0.097808
vn -0.001135 0.030900 -0.095099
vn -0.001134 0.038076 -0.092461
vn -0.001133 0.040671 -0.091349
vn -0.001130 0.049997 -0.086597
vn -0.001126 0.058775 -0.080897
vn -0.001137 0.020790 -0.097808
vn -0.001135 0.030900 -0.095099
vn -0.001134 0.038157 -0.092427
vn -0.001133 0.040671 -0.091349
vn -0.001130 0.049997 -0.086597
vn -0.001138 0.000000 -0.099994
vn -0.001135 0.030900 -0.095099
vn -0.001134 0.038103 -0.092449
vn -0.001133 0.040671 -0.091349
vn -0.001130 0.049997 -0.086597
vn -0.001126 0.058775 -0.080897
vn -0.001122 0.066909 -0.074310
vn -0.001134 0.038130 -0.092438
vn -0.001133 0.040671 -0.091349
vn -0.001130 0.049997 -0.086597
vn -0.001126 0.058775 -0.080896
vn -0.001133 0.040671 -0.091349
vn -0.001130 0.049997 -0.086597
vn -0.001126 0.058775 -0.080896
vn -0.001122 0.066909 -0.074310
vn -0.001117 0.074310 -0.066909
vn -0.001130 0.049997 -0.086597
vn -0.001126 0.058775 -0.080896
vn -0.001122 0.066909 -0.074310
vn -0.001126 0.058775 -0.080896
vn -0.001122 0.066909 -0.074310
vn -0.001117 0.074310 -0.066909
vn -0.001112 0.080897 -0.058775
vn -0.001122 0.066909 -0.074310
vn -0.001117 0.074310 -0.066909
vn -0.001117 0.074310 -0.066909
vn -0.001112 0.080897 -0.058775
vn -0.001107 0.086597 -0.049997
vn -0.001112 0.080897 -0.058775
vn -0.001107 0.086597 -0.049997
vn -0.001101 0.091349 -0.040671
vn -0.001062 0.097809 0.020791
vn -0.001056 0.095100 0.030900
vn -0.001049 0.091349 0.040672
vn -0.001044 0.086598 0.049998
vn -0.001038 0.080897 0.058776
vn -0.001033 0.074310 0.066910
vn -0.001028 0.066909 0.074311
vn -0.001056 0.095100 0.030900
vn -0.001049 0.091349 0.040672
vn -0.001044 0.086598 0.049998
vn -0.001038 0.080897 0.058776
vn -0.001033 0.074310 0.066910
vn -0.001028 0.066909 0.074311
vn -0.001024 0.058775 0.080898
vn -0.001049 0.091349 0.040672
vn -0.001044 0.086598 0.049998
vn -0.001038 0.080897 0.058776
vn -0.001033 0.074310 0.066910
vn -0.001028 0.066909 0.074311
vn -0.001024 0.058775 0.080898
vn -0.001020 0.049997 0.086598
vn -0.001044 0.086598 0.049998
vn -0.001038 0.080897 0.058776
vn -0.001033 0.074310 0.066910
vn -0.001028 0.066909 0.074311
vn -0.001024 0.058775 0.080898
vn -0.001020 0.049997 0.086598
vn -0.001038 0.080897 0.058776
vn -0.001033 0.074310 0.066910
vn -0.001028 0.066909 0.074311
vn -0.001024 0.058775 0.080898
vn -0.001020 0.049997 0.086598
vn -0.001017 0.040671 0.091350
vn -0.001033 0.074310 0.066910
vn -0.001028 0.066909 0.074311
vn -0.001024 0.058775 0.080898
vn -0.001020 0.049997 0.086598
vn -0.001017 0.040671 0.091350
vn -0.001028 0.066909 0.074311
vn -0.001024 0.058775 0.080898
vn -0.001020 0.049997 0.086598
vn -0.001017 0.040671 0.091350
vn -0.001024 0.058775 0.080898
vn -0.001020 0.049997 0.086598
vn -0.001017 0.040671 0.091350
vn -0.001020 0.049997 0.086598
vn -0.001017 0.040671 0.091350
vn -0.001013 -0.020790 0.097810
vn -0.001015 -0.030900 0.095101
vn -0.001017 -0.038078 0.092461
vn -0.001017 -0.040671 0.091350
vn -0.001020 -0.049997 0.086598
vn -0.001024 -0.058775 0.080898
vn -0.001028 -0.066909 0.074311
vn -0.001033 -0.074310 0.066910
vn -0.001038 -0.080897 0.058775
vn -0.001044 -0.086598 0.049997
vn -0.001049 -0.091349 0.040672
vn -0.001056 -0.095100 0.030900
vn -0.001062 -0.097809 0.020790
vn -0.001069 -0.099446 0.010452
vn -0.001075 -0.099994 0.000001
vn -0.001082 -0.099446 -0.010452
vn -0.001088 -0.097809 -0.020790
vn -0.001095 -0.095100 -0.030900
vn -0.001101 -0.091349 -0.040671
vn -0.001107 -0.086597 -0.049997
vn -0.001112 -0.080897 -0.058775
vn -0.001117 -0.074310 -0.066909
vn -0.001122 -0.066909 -0.074310
vn -0.001126 -0.058775 -0.080896
vn -0.001130 -0.049997 -0.086597
vn -0.001015 -0.030900 0.095101
vn -0.001017 -0.038131 0.092439
vn -0.001017 -0.040671 0.091350
vn -0.001020 -0.049997 0.086598
vn -0.001017 -0.038105 0.092450
vn -0.001017 -0.040671 0.091350
vn -0.001020 -0.049997 0.086598
vn -0.001024 -0.058775 0.080898
vn -0.001028 -0.066909 0.074311
vn -0.001033 -0.074310 0.066910
vn -0.001038 -0.080897 0.058776
vn -0.001044 -0.086598 0.049997
vn -0.001049 -0.091349 0.040672
vn -0.001056 -0.095100 0.030900
vn -0.001062 -0.097809 0.020790
vn -0.001069 -0.099446 0.010453
vn -0.001075 -0.099994 0.000001
vn -0.001082 -0.099446 -0.010452
vn -0.001088 -0.097809 -0.020790
vn -0.001095 -0.095100 -0.030900
vn -0.001101 -0.091349 -0.040671
vn -0.001107 -0.086597 -0.049997
vn -0.001112 -0.080897 -0.058775
vn -0.001117 -0.074310 -0.066909
vn -0.001122 -0.066909 -0.074310
vn -0.001126 -0.058775 -0.080896
vn -0.001130 -0.049997 -0.086597
vn -0.001133 -0.040671 -0.091349
vn -0.001017 -0.040671 0.091350
vn -0.001020 -0.049997 0.086598
vn -0.001024 -0.058775 0.080898
vn -0.001020 -0.049997 0.086598
vn -0.001024 -0.058775 0.080898
vn -0.001028 -0.066909 0.074311
vn -0.001033 -0.074310 0.066910
vn -0.001038 -0.080897 0.058776
vn -0.001044 -0.086598 0.049998
vn -0.001049 -0.091349 0.040672
vn -0.001056 -0.095100 0.030900
vn -0.001062 -0.097809 0.020790
vn -0.001069 -0.099446 0.010453
vn -0.001075 -0.099994 0.000001
vn -0.001082 -0.099446 -0.010452
vn -0.001088 -0.097809 -0.020790
vn -0.001095 -0.095100 -0.030900
vn -0.001101 -0.091349 -0.040671
vn -0.001107 -0.086597 -0.049997
vn -0.001112 -0.080897 -0.058775
vn -0.001117 -0.074310 -0.066909
vn -0.001122 -0.066909 -0.074310
vn -0.001126 -0.058775 -0.080896
vn -0.001130 -0.049997 -0.086597
vn -0.001133 -0.040671 -0.091349
vn -0.001135 -0.030900 -0.095099
vn -0.001024 -0.058775 0.080898
vn -0.001028 -0.066909 0.074311
vn -0.001028 -0.066909 0.074311
vn -0.001033 -0.074310 0.066910
vn -0.001038 -0.080897 0.058776
vn -0.001044 -0.086598 0.049998
vn -0.001049 -0.091349 0.040672
vn -0.001056 -0.095100 0.030900
vn -0.001062 -0.097809 0.020790
vn -0.001069 -0.099446 0.010453
vn -0.001075 -0.099994 0.000002
vn -0.001082 -0.099446 -0.010452
vn -0.001088 -0.097809 -0.020790
vn -0.001095 -0.095100 -0.030899
vn -0.001101 -0.091349 -0.040671
vn -0.001107 -0.086597 -0.049997
vn -0.001112 -0.080897 -0.058775
vn -0.001117 -0.074310 -0.066909
vn -0.001122 -0.066909 -0.074310
vn -0.001126 -0.058775 -0.080896
vn -0.001130 -0.049997 -0.086597
vn -0.001133 -0.040671 -0.091349
vn -0.001135 -0.030900 -0.095099
vn -0.001033 -0.074310 0.066910
vn -0.001038 -0.080897 0.058776
vn -0.001044 -0.086598 0.049998
vn -0.001049 -0.091349 0.040672
vn -0.001056 -0.095100 0.030900
vn -0.001062 -0.097809 0.020790
vn -0.001069 -0.099446 0.010453
vn -0.001075 -0.099994 0.000002
vn -0.001082 -0.099446 -0.010452
vn -0.001088 -0.097809 -0.020790
vn -0.001095 -0.095100 -0.030899
vn -0.001101 -0.091349 -0.040671
vn -0.001107 -0.086597 -0.049997
vn -0.001112 -0.080897 -0.058775
vn -0.001117 -0.074310 -0.066909
vn -0.001122 -0.066909 -0.074310
vn -0.001126 -0.058775 -0.080896
vn -0.001130 -0.049997 -0.086597
vn -0.001133 -0.040671 -0.091349
vn -0.001135 -0.030900 -0.095099
vn 0.100000 0.000000 0.000000
vn 0.100000 0.000000 0.000000
vn 0.100000 0.000000 0.000000
vn 0.100000 0.000000 0.000000
vn 0.100000 0.000000 0.000000
vn 0.100000 0.000000 0.000000
vn 0.100000 0.000000 0.000000
vn 0.100000 0.000000 0.000000
vn 0.100000 0.000000 0.000000
vn 0.100000 0.000000 0.000000
vn 0.100000 0.000000 0.000000
vn 0.100000 0.000000 0.000000
vn 0.100000 0.000000 0.000000
vn 0.100000 0.000000 0.000000
vn 0.100000 0.000000 0.000000
vn 0.100000 0.000000 0.000000
vn 0.100000 0.000000 0.000000
vn 0.100000 0.000000 0.000000
vn 0.100000 0.000000 0.000000
vn 0.100000 0.000000 0.000000
vn 0.100000 0.000000 0.000000
vn 0.100000 0.000000 0.000000
vn 0.100000 0.000000 0.000000
vn 0.100000 0.000000 0.000000
vn 0.100000 0.000000 0.000000
vn 0.100000 0.000000 0.000000
vn 0.100000 0.000000 0.000000
vn 0.100000 0.000000 0.000000
vn 0.100000 0.000000 0.000000
vn 0.100000 0.000000 0.000000
vn 0.100000 0.000000 0.000000
vn 0.100000 0.000000 0.000000
vn 0.100000 0.000000 0.000000
vn 0.100000 0.000000 0.000000
vn 0.100000 0.000000 0.000000
vn 0.100000 0.000000 0.000000
vn 0.100000 0.000000 0.000000
vn 0.100000 0.000000 0.000000
vn 0.100000 0.000000 0.000000
vn 0.100000 0.000000 0.000000
vn 0.100000 0.000000 0.000000
vn 0.100000 0.000000 0.000000
vn 0.100000 0.000000 0.000000
vn 0.100000 0.000000 0.000000
vn 0.100000 0.000000 0.000000
vn 0.100000 0.000000 0.000000
vn 0.100000 0.000000 0.000000
vn 0.100000 0.000000 0.000000
vn 0.100000 0.000000 0.000000
vn 0.100000 0.000000 0.000000
vn 0.100000 0.000000 0.000000
vn 0.100000 0.000000 0.000000
vn 0.100000 0.000000 0.000000
vn 0.100000 0.000000 0.000000
vn 0.100000 0.000000 0.000000
vn 0.100000 0.000000 0.000000
vn 0.100000 0.000000 0.000000
vn 0.100000 0.000000 0.000000
vn 0.100000 0.000000 0.000000
vn 0.100000 0.000000 0.000000
usemtl Vernice_-_Smalto_lucido_(rosso)
f 140/1/1 1/2/2 165/3/3
f 165/3/3 1/2/2 2/4/4
f 165/3/3 2/4/4 164/5/5
f 164/5/5 2/4/4 3/6/6
f 164/5/5 3/6/6 163/7/7
f 163/7/7 3/6/6 162/8/8
f 163/7/7 162/8/8 182/9/9
f 182/9/9 162/8/8 181/10/10
f 182/9/9 181/10/10 201/11/11
f 201/11/11 181/10/10 200/12/12
f 201/11/11 200/12/12 220/13/13
f 220/13/13 200/12/12 219/14/14
f 220/13/13 219/14/14 239/15/15
f 239/15/15 219/14/14 238/16/16
f 239/15/15 238/16/16 258/17/17
f 258/17/17 238/16/16 257/18/18
f 258/17/17 257/18/18 277/19/19
f 277/19/19 257/18/18 276/20/20
f 277/19/19 276/20/20 296/21/21
f 296/21/21 276/20/20 295/22/22
f 296/21/21 295/22/22 315/23/23
f 315/23/23 295/22/22 314/24/24
f 315/23/23 314/24/24 334/25/25
f 334/25/25 314/24/24 333/26/26
f 334/25/25 333/26/26 353/27/27
f 353/27/27 333/26/26 352/28/28
f 353/27/27 352/28/28 372/29/29
f 372/29/29 352/28/28 371/30/30
f 372/29/29 371/30/30 390/31/31
f 390/31/31 371/30/30 389/32/32
f 390/31/31 389/32/32 413/33/33
f 413/33/33 389/32/32 414/34/34
f 413/33/33 414/34/34 408/35/35
f 408/35/35 414/34/34 407/36/36
f 408/35/35 407/36/36 446/37/37
f 446/37/37 407/36/36 445/38/38
f 446/37/37 445/38/38 465/39/39
f 465/39/39 445/38/38 464/40/40
f 465/39/39 464/40/40 484/41/41
f 484/41/41 464/40/40 483/42/42
f 484/41/41 483/42/42 503/43/43
f 503/43/43 483/42/42 502/44/44
f 503/43/43 502/44/44 522/45/45
f 522/45/45 502/44/44 521/46/46
f 522/45/45 521/46/46 541/47/47
f 541/47/47 521/46/46 540/48/48
f 541/47/47 540/48/48 560/49/49
f 560/49/49 540/48/48 559/50/50
f 560/49/49 559/50/50 579/51/51
f 579/51/51 559/50/50 578/52/52
f 579/51/51 578/52/52 598/53/53
f 598/53/53 578/52/52 597/54/54
f 598/53/53 597/54/54 617/55/55
f 617/55/55 597/54/54 616/56/56
f 617/55/55 616/56/56 636/57/57
f 636/57/57 616/56/56 635/58/58
f 636/57/57 635/58/58 654/59/59
f 654/59/59 635/58/58 653/60/60
f 654/59/59 653/60/60 677/61/61
f 677/61/61 653/60/60 678/62/62
f 677/61/61 678/62/62 672/63/63
f 672/63/63 678/62/62 671/64/64
f 672/63/63 671/64/64 710/65/65
f 710/65/65 671/64/64 709/66/66
f 710/65/65 709/66/66 729/67/67
f 729/67/67 709/66/66 728/68/68
f 729/67/67 728/68/68 748/69/69
f 748/69/69 728/68/68 747/70/70
f 748/69/69 747/70/70 767/71/71
f 767/71/71 747/70/70 766/72/72
f 767/71/71 766/72/72 786/73/73
f 786/73/73 766/72/72 785/74/74
f 786/73/73 785/74/74 805/75/75
f 805/75/75 785/74/74 804/76/76
f 805/75/75 804/76/76 824/77/77
f 824/77/77 804/76/76 823/78/78
f 824/77/77 823/78/78 843/79/79
f 843/79/79 823/78/78 842/80/80
f 843/79/79 842/80/80 862/81/81
f 862/81/81 842/80/80 861/82/82
f 862/81/81 861/82/82 881/83/83
f 881/83/83 861/82/82 880/84/84
f 881/83/83 880/84/84 900/85/85
f 900/85/85 880/84/84 899/86/86
f 900/85/85 899/86/86 919/87/87
f 919/87/87 899/86/86 918/88/88
f 919/87/87 918/88/88 942/89/89
f 942/89/89 918/88/88 943/90/90
f 942/89/89 943/90/90 938/91/91
f 938/91/91 943/90/90 937/92/92
f 938/91/91 937/92/92 974/93/93
f 974/93/93 937/92/92 973/94/94
f 974/93/93 973/94/94 993/95/95
f 993/95/95 973/94/94 992/96/96
f 993/95/95 992/96/96 1012/97/97
f 1012/97/97 992/96/96 1011/98/98
f 1012/97/97 1011/98/98 1031/99/99
f 1031/99/99 1011/98/98 1030/100/100
f 1031/99/99 1030/100/100 1050/101/101
f 1050/101/101 1030/100/100 1049/102/102
f 1050/101/101 1049/102/102 1069/103/103
f 1069/103/103 1049/102/102 1068/104/104
f 1069/103/103 1068/104/104 1088/105/105
f 1088/105/105 1068/104/104 1087/106/106
f 1088/105/105 1087/106/106 1107/107/107
f 1107/107/107 1087/106/106 1106/108/108
f 1107/107/107 1106/108/108 1126/109/109
f 1126/109/109 1106/108/108 1125/110/110
f 1126/109/109 1125/110/110 1145/111/111
f 1145/111/111 1125/110/110 1144/112/112
f 1145/111/111 1144/112/112 1164/113/113
f 1164/113/113 1144/112/112 1163/114/114
f 1164/113/113 1163/114/114 1188/115/115
f 1188/115/115 1163/114/114 1189/116/116
f 1188/115/115 1189/116/116 1183/117/117
f 1183/117/117 1189/116/116 1182/118/118
f 1183/117/117 1182/118/118 1221/119/119
f 1221/119/119 1182/118/118 1220/120/120
f 1221/119/119 1220/120/120 1240/121/121
f 1240/121/121 1220/120/120 1239/122/122
f 1240/121/121 1239/122/122 1259/123/123
f 1259/123/123 1239/122/122 1258/124/124
f 1259/123/123 1258/124/124 1278/125/125
f 1278/125/125 1258/124/124 1277/126/126
f 1278/125/125 1277/126/126 1297/127/127
f 1297/127/127 1277/126/126 1296/128/128
f 1297/127/127 1296/128/128 1316/129/129
f 1316/129/129 1296/128/128 1315/130/130
f 1316/129/129 1315/130/130 1335/131/131
f 1335/131/131 1315/130/130 1334/132/132
f 1335/131/131 1334/132/132 1354/133/133
f 1354/133/133 1334/132/132 1353/134/134
f 1354/133/133 1353/134/134 1373/135/135
f 1373/135/135 1353/134/134 1372/136/136
f 1373/135/135 1372/136/136 1392/137/137
f 1392/137/137 1372/136/136 1391/138/138
f 1392/137/137 1391/138/138 1411/139/139
f 1411/139/139 1391/138/138 1410/140/140
f 1411/139/139 1410/140/140 3/141/6
f 3/141/6 1410/140/140 4/142/141
f 4/142/141 1410/140/140 1409/143/142
f 4/142/141 1409/143/142 5/144/143
f 5/144/143 1409/143/142 1408/145/144
f 5/144/143 1408/145/144 1407/146/145
f 1407/146/145 1408/145/144 1388/147/146
f 1407/146/145 1388/147/146 1387/148/147
f 1387/148/147 1388/147/146 1368/149/148
f 1387/148/147 1368/149/148 1367/150/149
f 1367/150/149 1368/149/148 1348/151/150
f 1367/150/149 1348/151/150 1347/152/151
f 1347/152/151 1348/151/150 1328/153/152
f 1347/152/151 1328/153/152 1327/154/153
f 1327/154/153 1328/153/152 1308/155/154
f 1327/154/153 1308/155/154 1307/156/155
f 1307/156/155 1308/155/154 1288/157/156
f 1307/156/155 1288/157/156 1287/158/157
f 1287/158/157 1288/157/156 1268/159/158
f 1287/158/157 1268/159/158 1267/160/159
f 1267/160/159 1268/159/158 1248/161/160
f 1267/160/159 1248/161/160 1247/162/161
f 1247/162/161 1248/161/160 1228/163/162
f 1247/162/161 1228/163/162 1227/164/163
f 1227/164/163 1228/163/162 1208/165/164
f 1227/164/163 1208/165/164 1207/166/165
f 1207/166/165 1208/165/164 1169/167/166
f 1207/166/165 1169/167/166 1168/168/167
f 1168/168/167 1169/167/166 1203/169/168
f 1168/168/167 1203/169/168 1204/170/169
f 1204/170/169 1203/169/168 1148/171/170
f 1204/170/169 1148/171/170 65/172/171
f 65/172/171 1148/171/170 64/173/172
f 64/173/172 1148/171/170 1129/174/173
f 64/173/172 1129/174/173 63/175/174
f 63/175/174 1129/174/173 1110/176/175
f 63/175/174 1110/176/175 62/177/176
f 62/177/176 1110/176/175 1091/178/177
f 62/177/176 1091/178/177 61/179/178
f 61/179/178 1091/178/177 1072/180/179
f 61/179/178 1072/180/179 60/181/180
f 60/181/180 1072/180/179 1053/182/181
f 60/181/180 1053/182/181 59/183/182
f 59/183/182 1053/182/181 1034/184/183
f 59/183/182 1034/184/183 58/185/184
f 58/185/184 1034/184/183 1015/186/185
f 58/185/184 1015/186/185 57/187/186
f 57/187/186 1015/186/185 996/188/187
f 57/187/186 996/188/187 56/189/188
f 56/189/188 996/188/187 977/190/189
f 56/189/188 977/190/189 55/191/190
f 55/191/190 977/190/189 958/192/191
f 55/191/190 958/192/191 54/193/192
f 54/193/192 958/192/191 922/194/193
f 54/193/192 922/194/193 53/195/194
f 53/195/194 922/194/193 146/196/195
f 53/195/194 146/196/195 52/197/196
f 52/197/196 146/196/195 903/198/197
f 52/197/196 903/198/197 884/199/198
f 884/199/198 903/198/197 904/200/199
f 884/199/198 904/200/199 885/201/200
f 885/201/200 904/200/199 905/202/201
f 885/201/200 905/202/201 886/203/202
f 886/203/202 905/202/201 906/204/203
f 886/203/202 906/204/203 887/205/204
f 887/205/204 906/204/203 907/206/205
f 887/205/204 907/206/205 888/207/206
f 888/207/206 907/206/205 908/208/207
f 888/207/206 908/208/207 889/209/208
f 889/209/208 908/208/207 909/210/209
f 889/209/208 909/210/209 890/211/210
f 890/211/210 909/210/209 910/212/211
f 890/211/210 910/212/211 891/213/212
f 891/213/212 910/212/211 911/214/213
f 891/213/212 911/214/213 892/215/214
f 892/215/214 911/214/213 912/216/215
f 892/215/214 912/216/215 893/217/216
f 893/217/216 912/216/215 913/218/217
f 893/217/216 913/218/217 894/219/218
f 894/219/218 913/218/217 914/220/219
f 894/219/218 914/220/219 895/221/220
f 895/221/220 914/220/219 915/222/221
f 895/221/220 915/222/221 896/223/222
f 896/223/222 915/222/221 916/224/223
f 896/223/222 916/224/223 897/225/224
f 897/225/224 916/224/223 917/226/225
f 897/225/224 917/226/225 898/227/226
f 898/227/226 917/226/225 918/88/88
f 898/227/226 918/88/88 899/86/86
f 3/6/6 4/228/141 162/8/8
f 162/8/8 4/228/141 161/229/227
f 162/8/8 161/229/227 181/10/10
f 181/10/10 161/229/227 180/230/228
f 181/10/10 180/230/228 200/12/12
f 200/12/12 180/230/228 199/231/229
f 200/12/12 199/231/229 219/14/14
f 219/14/14 199/231/229 218/232/230
f 219/14/14 218/232/230 238/16/16
f 238/16/16 218/232/230 237/233/231
f 238/16/16 237/233/231 257/18/18
f 257/18/18 237/233/231 256/234/232
f 257/18/18 256/234/232 276/20/20
f 276/20/20 256/234/232 275/235/233
f 276/20/20 275/235/233 295/22/22
f 295/22/22 275/235/233 294/236/234
f 295/22/22 294/236/234 314/24/24
f 314/24/24 294/236/234 313/237/235
f 314/24/24 313/237/235 333/26/26
f 333/26/26 313/237/235 332/238/236
f 333/26/26 332/238/236 352/28/28
f 352/28/28 332/238/236 351/239/237
f 352/28/28 351/239/237 371/30/30
f 371/30/30 351/239/237 370/240/238
f 371/30/30 370/240/238 389/32/32
f 389/32/32 370/240/238 388/241/239
f 389/32/32 388/241/239 414/34/34
f 414/34/34 388/241/239 415/242/240
f 414/34/34 415/242/240 407/36/36
f 407/36/36 415/242/240 406/243/241
f 407/36/36 406/243/241 445/38/38
f 445/38/38 406/243/241 444/244/242
f 445/38/38 444/244/242 464/40/40
f 464/40/40 444/244/242 463/245/243
f 464/40/40 463/245/243 483/42/42
f 483/42/42 463/245/243 482/246/244
f 483/42/42 482/246/244 502/44/44
f 502/44/44 482/246/244 501/247/245
f 502/44/44 501/247/245 521/46/46
f 521/46/46 501/247/245 520/248/246
f 521/46/46 520/248/246 540/48/48
f 540/48/48 520/248/246 539/249/247
f 540/48/48 539/249/247 559/50/50
f 559/50/50 539/249/247 558/250/248
f 559/50/50 558/250/248 578/52/52
f 578/52/52 558/250/248 577/251/249
f 578/52/52 577/251/249 597/54/54
f 597/54/54 577/251/249 596/252/250
f 597/54/54 596/252/250 616/56/56
f 616/56/56 596/252/250 615/253/251
f 616/56/56 615/253/251 635/58/58
f 635/58/58 615/253/251 634/254/252
f 635/58/58 634/254/252 653/60/60
f 653/60/60 634/254/252 652/255/253
f 653/60/60 652/255/253 678/62/62
f 678/62/62 652/255/253 679/256/254
f 678/62/62 679/256/254 671/64/64
f 671/64/64 679/256/254 670/257/255
f 671/64/64 670/257/255 709/66/66
f 709/66/66 670/257/255 708/258/256
f 709/66/66 708/258/256 728/68/68
f 728/68/68 708/258/256 727/259/257
f 728/68/68 727/259/257 747/70/70
f 747/70/70 727/259/257 746/260/258
f 747/70/70 746/260/258 766/72/72
f 766/72/72 746/260/258 765/261/259
f 766/72/72 765/261/259 785/74/74
f 785/74/74 765/261/259 784/262/260
f 785/74/74 784/262/260 804/76/76
f 804/76/76 784/262/260 803/263/261
f 804/76/76 803/263/261 823/78/78
f 823/78/78 803/263/261 822/264/262
f 823/78/78 822/264/262 842/80/80
f 842/80/80 822/264/262 841/265/263
f 842/80/80 841/265/263 861/82/82
f 861/82/82 841/265/263 860/266/264
f 861/82/82 860/266/264 880/84/84
f 880/84/84 860/266/264 879/267/265
f 880/84/84 879/267/265 899/86/86
f 899/86/86 879/267/265 898/227/226
f 4/228/141 5/268/143 161/229/227
f 161/229/227 5/268/143 160/269/266
f 161/229/227 160/269/266 180/230/228
f 180/230/228 160/269/266 179/270/267
f 180/230/228 179/270/267 199/231/229
f 199/231/229 179/270/267 198/271/268
f 199/231/229 198/271/268 218/232/230
f 218/232/230 198/271/268 217/272/269
f 218/232/230 217/272/269 237/233/231
f 237/233/231 217/272/269 236/273/270
f 237/233/231 236/273/270 256/234/232
f 256/234/232 236/273/270 255/274/271
f 256/234/232 255/274/271 275/235/233
f 275/235/233 255/274/271 274/275/272
f 275/235/233 274/275/272 294/236/234
f 294/236/234 274/275/272 293/276/273
f 294/236/234 293/276/273 313/237/235
f 313/237/235 293/276/273 312/277/274
f 313/237/235 312/277/274 332/238/236
f 332/238/236 312/277/274 331/278/275
f 332/238/236 331/278/275 351/239/237
f 351/239/237 331/278/275 350/279/276
f 351/239/237 350/279/276 370/240/238
f 370/240/238 350/279/276 369/280/277
f 370/240/238 369/280/277 388/241/239
f 388/241/239 369/280/277 387/281/278
f 388/241/239 387/281/278 415/242/240
f 415/242/240 387/281/278 416/282/279
f 415/242/240 416/282/279 406/243/241
f 406/243/241 416/282/279 405/283/280
f 406/243/241 405/283/280 444/244/242
f 444/244/242 405/283/280 443/284/281
f 444/244/242 443/284/281 463/245/243
f 463/245/243 443/284/281 462/285/282
f 463/245/243 462/285/282 482/246/244
f 482/246/244 462/285/282 481/286/283
f 482/246/244 481/286/283 501/247/245
f 501/247/245 481/286/283 500/287/284
f 501/247/245 500/287/284 520/248/246
f 520/248/246 500/287/284 519/288/285
f 520/248/246 519/288/285 539/249/247
f 539/249/247 519/288/285 538/289/286
f 539/249/247 538/289/286 558/250/248
f 558/250/248 538/289/286 557/290/287
f 558/250/248 557/290/287 577/251/249
f 577/251/249 557/290/287 576/291/288
f 577/251/249 576/291/288 596/252/250
f 596/252/250 576/291/288 595/292/289
f 596/252/250 595/292/289 615/253/251
f 615/253/251 595/292/289 614/293/290
f 615/253/251 614/293/290 634/254/252
f 634/254/252 614/293/290 633/294/291
f 634/254/252 633/294/291 652/255/253
f 652/255/253 633/294/291 651/295/292
f 652/255/253 651/295/292 679/256/254
f 679/256/254 651/295/292 680/296/293
f 679/256/254 680/296/293 670/257/255
f 670/257/255 680/296/293 669/297/294
f 670/257/255 669/297/294 708/258/256
f 708/258/256 669/297/294 707/298/295
f 708/258/256 707/298/295 727/259/257
f 727/259/257 707/298/295 726/299/296
f 727/259/257 726/299/296 746/260/258
f 746/260/258 726/299/296 745/300/297
f 746/260/258 745/300/297 765/261/259
f 765/261/259 745/300/297 764/301/298
f 765/261/259 764/301/298 784/262/260
f 784/262/260 764/301/298 783/302/299
f 784/262/260 783/302/299 803/263/261
f 803/263/261 783/302/299 802/303/300
f 803/263/261 802/303/300 822/264/262
f 822/264/262 802/303/300 821/304/301
f 822/264/262 821/304/301 841/265/263
f 841/265/263 821/304/301 840/305/302
f 841/265/263 840/305/302 860/266/264
f 860/266/264 840/305/302 859/306/303
f 860/266/264 859/306/303 879/267/265
f 879/267/265 859/306/303 878/307/304
f 879/267/265 878/307/304 898/227/226
f 898/227/226 878/307/304 897/225/224
f 160/269/266 5/268/143 159/308/305
f 159/308/305 5/268/143 6/309/306
f 159/308/305 6/309/306 158/310/307
f 158/310/307 6/309/306 157/311/308
f 158/310/307 157/311/308 177/312/309
f 177/312/309 157/311/308 176/313/310
f 177/312/309 176/313/310 196/314/311
f 196/314/311 176/313/310 195/315/312
f 196/314/311 195/315/312 215/316/313
f 215/316/313 195/315/312 214/317/314
f 215/316/313 214/317/314 234/318/315
f 234/318/315 214/317/314 233/319/316
f 234/318/315 233/319/316 253/320/317
f 253/320/317 233/319/316 252/321/318
f 253/320/317 252/321/318 272/322/319
f 272/322/319 252/321/318 271/323/320
f 272/322/319 271/323/320 291/324/321
f 291/324/321 271/323/320 290/325/322
f 291/324/321 290/325/322 310/326/323
f 310/326/323 290/325/322 309/327/324
f 310/326/323 309/327/324 329/328/325
f 329/328/325 309/327/324 328/329/326
f 329/328/325 328/329/326 348/330/327
f 348/330/327 328/329/326 347/331/328
f 348/330/327 347/331/328 367/332/329
f 367/332/329 347/331/328 366/333/330
f 367/332/329 366/333/330 385/334/331
f 385/334/331 366/333/330 384/335/332
f 385/334/331 384/335/332 418/336/333
f 418/336/333 384/335/332 419/337/334
f 418/336/333 419/337/334 403/338/335
f 403/338/335 419/337/334 402/339/336
f 403/338/335 402/339/336 441/340/337
f 441/340/337 402/339/336 440/341/338
f 441/340/337 440/341/338 460/342/339
f 460/342/339 440/341/338 459/343/340
f 460/342/339 459/343/340 479/344/341
f 479/344/341 459/343/340 478/345/342
f 479/344/341 478/345/342 498/346/343
f 498/346/343 478/345/342 497/347/344
f 498/346/343 497/347/344 517/348/345
f 517/348/345 497/347/344 516/349/346
f 517/348/345 516/349/346 536/350/347
f 536/350/347 516/349/346 535/351/348
f 536/350/347 535/351/348 555/352/349
f 555/352/349 535/351/348 554/353/350
f 555/352/349 554/353/350 574/354/351
f 574/354/351 554/353/350 573/355/352
f 574/354/351 573/355/352 593/356/353
f 593/356/353 573/355/352 592/357/354
f 593/356/353 592/357/354 612/358/355
f 612/358/355 592/357/354 611/359/356
f 612/358/355 611/359/356 631/360/357
f 631/360/357 611/359/356 630/361/358
f 631/360/357 630/361/358 649/362/359
f 649/362/359 630/361/358 648/363/360
f 649/362/359 648/363/360 682/364/361
f 682/364/361 648/363/360 683/365/362
f 682/364/361 683/365/362 667/366/363
f 667/366/363 683/365/362 666/367/364
f 667/366/363 666/367/364 705/368/365
f 705/368/365 666/367/364 704/369/366
f 705/368/365 704/369/366 724/370/367
f 724/370/367 704/369/366 723/371/368
f 724/370/367 723/371/368 743/372/369
f 743/372/369 723/371/368 742/373/370
f 743/372/369 742/373/370 762/374/371
f 762/374/371 742/373/370 761/375/372
f 762/374/371 761/375/372 781/376/373
f 781/376/373 761/375/372 780/377/374
f 781/376/373 780/377/374 800/378/375
f 800/378/375 780/377/374 799/379/376
f 800/378/375 799/379/376 819/380/377
f 819/380/377 799/379/376 818/381/378
f 819/380/377 818/381/378 838/382/379
f 838/382/379 818/381/378 837/383/380
f 838/382/379 837/383/380 857/384/381
f 857/384/381 837/383/380 856/385/382
f 857/384/381 856/385/382 876/386/383
f 876/386/383 856/385/382 875/387/384
f 876/386/383 875/387/384 895/221/220
f 895/221/220 875/387/384 894/219/218
f 6/309/306 7/388/385 157/311/308
f 157/311/308 7/388/385 156/389/386
f 157/311/308 156/389/386 176/313/310
f 176/313/310 156/389/386 175/390/387
f 176/313/310 175/390/387 195/315/312
f 195/315/312 175/390/387 194/391/388
f 195/315/312 194/391/388 214/317/314
f 214/317/314 194/391/388 213/392/389
f 214/317/314 213/392/389 233/319/316
f 233/319/316 213/392/389 232/393/390
f 233/319/316 232/393/390 252/321/318
f 252/321/318 232/393/390 251/394/391
f 252/321/318 251/394/391 271/323/320
f 271/323/320 251/394/391 270/395/392
f 271/323/320 270/395/392 290/325/322
f 290/325/322 270/395/392 289/396/393
f 290/325/322 289/396/393 309/327/324
f 309/327/324 289/396/393 308/397/394
f 309/327/324 308/397/394 328/329/326
f 328/329/326 308/397/394 327/398/395
f 328/329/326 327/398/395 347/331/328
f 347/331/328 327/398/395 346/399/396
f 347/331/328 346/399/396 366/333/330
f 366/333/330 346/399/396 365/400/397
f 366/333/330 365/400/397 384/335/332
f 384/335/332 365/400/397 383/401/398
f 384/335/332 383/401/398 419/337/334
f 419/337/334 383/401/398 420/402/399
f 419/337/334 420/402/399 402/339/336
f 402/339/336 420/402/399 401/403/400
f 402/339/336 401/403/400 440/341/338
f 440/341/338 401/403/400 439/404/401
f 440/341/338 439/404/401 459/343/340
f 459/343/340 439/404/401 458/405/402
f 459/343/340 458/405/402 478/345/342
f 478/345/342 458/405/402 477/406/403
f 478/345/342 477/406/403 497/347/344
f 497/347/344 477/406/403 496/407/404
f 497/347/344 496/407/404 516/349/346
f 516/349/346 496/407/404 515/408/405
f 516/349/346 515/408/405 535/351/348
f 535/351/348 515/408/405 534/409/406
f 535/351/348 534/409/406 554/353/350
f 554/353/350 534/409/406 553/410/407
f 554/353/350 553/410/407 573/355/352
f 573/355/352 553/410/407 572/411/408
f 573/355/352 572/411/408 592/357/354
f 592/357/354 572/411/408 591/412/409
f 592/357/354 591/412/409 611/359/356
f 611/359/356 591/412/409 610/413/410
f 611/359/356 610/413/410 630/361/358
f 630/361/358 610/413/410 629/414/411
f 630/361/358 629/414/411 648/363/360
f 648/363/360 629/414/411 647/415/412
f 648/363/360 647/415/412 683/365/362
f 683/365/362 647/415/412 684/416/413
f 683/365/362 684/416/413 666/367/364
f 666/367/364 684/416/413 665/417/414
f 666/367/364 665/417/414 704/369/366
f 704/369/366 665/417/414 703/418/415
f 704/369/366 703/418/415 723/371/368
f 723/371/368 703/418/415 722/419/416
f 723/371/368 722/419/416 742/373/370
f 742/373/370 722/419/416 741/420/417
f 742/373/370 741/420/417 761/375/372
f 761/375/372 741/420/417 760/421/418
f 761/375/372 760/421/418 780/377/374
f 780/377/374 760/421/418 779/422/419
f 780/377/374 779/422/419 799/379/376
f 799/379/376 779/422/419 798/423/420
f 799/379/376 798/423/420 818/381/378
f 818/381/378 798/423/420 817/424/421
f 818/381/378 817/424/421 837/383/380
f 837/383/380 817/424/421 836/425/422
f 837/383/380 836/425/422 856/385/382
f 856/385/382 836/425/422 855/426/423
f 856/385/382 855/426/423 875/387/384
f 875/387/384 855/426/423 874/427/424
f 875/387/384 874/427/424 894/219/218
f 894/219/218 874/427/424 893/217/216
f 7/388/385 8/428/425 156/389/386
f 156/389/386 8/428/425 155/429/426
f 156/389/386 155/429/426 175/390/387
f 175/390/387 155/429/426 174/430/427
f 175/390/387 174/430/427 194/391/388
f 194/391/388 174/430/427 193/431/428
f 194/391/388 193/431/428 213/392/389
f 213/392/389 193/431/428 212/432/429
f 213/392/389 212/432/429 232/393/390
f 232/393/390 212/432/429 231/433/430
f 232/393/390 231/433/430 251/394/391
f 251/394/391 231/433/430 250/434/431
f 251/394/391 250/434/431 270/395/392
f 270/395/392 250/434/431 269/435/432
f 270/395/392 269/435/432 289/396/393
f 289/396/393 269/435/432 288/436/433
f 289/396/393 288/436/433 308/397/394
f 308/397/394 288/436/433 307/437/434
f 308/397/394 307/437/434 327/398/395
f 327/398/395 307/437/434 326/438/435
f 327/398/395 326/438/435 346/399/396
f 346/399/396 326/438/435 345/439/436
f 346/399/396 345/439/436 365/400/397
f 365/400/397 345/439/436 364/440/437
f 365/400/397 364/440/437 383/401/398
f 383/401/398 364/440/437 382/441/438
f 383/401/398 382/441/438 420/402/399
f 420/402/399 382/441/438 421/442/439
f 420/402/399 421/442/439 401/403/400
f 401/403/400 421/442/439 400/443/440
f 401/403/400 400/443/440 439/404/401
f 439/404/401 400/443/440 438/444/441
f 439/404/401 438/444/441 458/405/402
f 458/405/402 438/444/441 457/445/442
f 458/405/402 457/445/442 477/406/403
f 477/406/403 457/445/442 476/446/443
f 477/406/403 476/446/443 496/407/404
f 496/407/404 476/446/443 495/447/444
f 496/407/404 495/447/444 515/408/405
f 515/408/405 495/447/444 514/448/445
f 515/408/405 514/448/445 534/409/406
f 534/409/406 514/448/445 533/449/446
f 534/409/406 533/449/446 553/410/407
f 553/410/407 533/449/446 552/450/447
f 553/410/407 552/450/447 572/411/408
f 572/411/408 552/450/447 571/451/448
f 572/411/408 571/451/448 591/412/409
f 591/412/409 571/451/448 590/452/449
f 591/412/409 590/452/449 610/413/410
f 610/413/410 590/452/449 609/453/450
f 610/413/410 609/453/450 629/414/411
f 629/414/411 609/453/450 628/454/451
f 629/414/411 628/454/451 647/415/412
f 647/415/412 628/454/451 646/455/452
f 647/415/412 646/455/452 684/416/413
f 684/416/413 646/455/452 685/456/453
f 684/416/413 685/456/453 665/417/414
f 665/417/414 685/456/453 664/457/454
f 665/417/414 664/457/454 703/418/415
f 703/418/415 664/457/454 702/458/455
f 703/418/415 702/458/455 722/419/416
f 722/419/416 702/458/455 721/459/456
f 722/419/416 721/459/456 741/420/417
f 741/420/417 721/459/456 740/460/457
f 741/420/417 740/460/457 760/421/418
f 760/421/418 740/460/457 759/461/458
f 760/421/418 759/461/458 779/422/419
f 779/422/419 759/461/458 778/462/459
f 779/422/419 778/462/459 798/423/420
f 798/423/420 778/462/459 797/463/460
f 798/423/420 797/463/460 817/424/421
f 817/424/421 797/463/460 816/464/461
f 817/424/421 816/464/461 836/425/422
f 836/425/422 816/464/461 835/465/462
f 836/425/422 835/465/462 855/426/423
f 855/426/423 835/465/462 854/466/463
f 855/426/423 854/466/463 874/427/424
f 874/427/424 854/466/463 873/467/464
f 874/427/424 873/467/464 893/217/216
f 893/217/216 873/467/464 892/215/214
f 155/429/426 8/428/425 154/468/465
f 154/468/465 8/428/425 9/469/466
f 154/468/465 9/469/466 153/470/467
f 153/470/467 9/469/466 10/471/468
f 153/470/467 10/471/468 152/472/469
f 152/472/469 10/471/468 151/473/470
f 152/472/469 151/473/470 171/474/471
f 171/474/471 151/473/470 170/475/472
f 171/474/471 170/475/472 190/476/473
f 190/476/473 170/475/472 189/477/474
f 190/476/473 189/477/474 209/478/475
f 209/478/475 189/477/474 208/479/476
f 209/478/475 208/479/476 228/480/477
f 228/480/477 208/479/476 227/481/478
f 228/480/477 227/481/478 247/482/479
f 247/482/479 227/481/478 246/483/480
f 247/482/479 246/483/480 266/484/481
f 266/484/481 246/483/480 265/485/482
f 266/484/481 265/485/482 285/486/483
f 285/486/483 265/485/482 284/487/484
f 285/486/483 284/487/484 304/488/485
f 304/488/485 284/487/484 303/489/486
f 304/488/485 303/489/486 323/490/487
f 323/490/487 303/489/486 322/491/488
f 323/490/487 322/491/488 342/492/489
f 342/492/489 322/491/488 341/493/490
f 342/492/489 341/493/490 361/494/491
f 361/494/491 341/493/490 360/495/492
f 361/494/491 360/495/492 379/496/493
f 379/496/493 360/495/492 378/497/494
f 379/496/493 378/497/494 424/498/495
f 424/498/495 378/497/494 425/499/496
f 424/498/495 425/499/496 397/500/497
f 397/500/497 425/499/496 396/501/498
f 397/500/497 396/501/498 435/502/499
f 435/502/499 396/501/498 434/503/500
f 435/502/499 434/503/500 454/504/501
f 454/504/501 434/503/500 453/505/502
f 454/504/501 453/505/502 473/506/503
f 473/506/503 453/505/502 472/507/504
f 473/506/503 472/507/504 492/508/505
f 492/508/505 472/507/504 491/509/506
f 492/508/505 491/509/506 511/510/507
f 511/510/507 491/509/506 510/511/508
f 511/510/507 510/511/508 530/512/509
f 530/512/509 510/511/508 529/513/510
f 530/512/509 529/513/510 549/514/511
f 549/514/511 529/513/510 548/515/512
f 549/514/511 548/515/512 568/516/513
f 568/516/513 548/515/512 567/517/514
f 568/516/513 567/517/514 587/518/515
f 587/518/515 567/517/514 586/519/516
f 587/518/515 586/519/516 606/520/517
f 606/520/517 586/519/516 605/521/518
f 606/520/517 605/521/518 625/522/519
f 625/522/519 605/521/518 624/523/520
f 625/522/519 624/523/520 643/524/521
f 643/524/521 624/523/520 642/525/522
f 643/524/521 642/525/522 688/526/523
f 688/526/523 642/525/522 689/527/524
f 688/526/523 689/527/524 661/528/525
f 661/528/525 689/527/524 660/529/526
f 661/528/525 660/529/526 699/530/527
f 699/530/527 660/529/526 698/531/528
f 699/530/527 698/531/528 718/532/529
f 718/532/529 698/531/528 717/533/530
f 718/532/529 717/533/530 737/534/531
f 737/534/531 717/533/530 736/535/532
f 737/534/531 736/535/532 756/536/533
f 756/536/533 736/535/532 755/537/534
f 756/536/533 755/537/534 775/538/535
f 775/538/535 755/537/534 774/539/536
f 775/538/535 774/539/536 794/540/537
f 794/540/537 774/539/536 793/541/538
f 794/540/537 793/541/538 813/542/539
f 813/542/539 793/541/538 812/543/540
f 813/542/539 812/543/540 832/544/541
f 832/544/541 812/543/540 831/545/542
f 832/544/541 831/545/542 851/546/543
f 851/546/543 831/545/542 850/547/544
f 851/546/543 850/547/544 870/548/545
f 870/548/545 850/547/544 869/549/546
f 870/548/545 869/549/546 889/209/208
f 889/209/208 869/549/546 888/207/206
f 10/471/468 11/550/547 151/473/470
f 151/473/470 11/550/547 150/551/548
f 151/473/470 150/551/548 170/475/472
f 170/475/472 150/551/548 169/552/549
f 170/475/472 169/552/549 189/477/474
f 189/477/474 169/552/549 188/553/550
f 189/477/474 188/553/550 208/479/476
f 208/479/476 188/553/550 207/554/551
f 208/479/476 207/554/551 227/481/478
f 227/481/478 207/554/551 226/555/552
f 227/481/478 226/555/552 246/483/480
f 246/483/480 226/555/552 245/556/553
f 246/483/480 245/556/553 265/485/482
f 265/485/482 245/556/553 264/557/554
f 265/485/482 264/557/554 284/487/484
f 284/487/484 264/557/554 283/558/555
f 284/487/484 283/558/555 303/489/486
f 303/489/486 283/558/555 302/559/556
f 303/489/486 302/559/556 322/491/488
f 322/491/488 302/559/556 321/560/557
f 322/491/488 321/560/557 341/493/490
f 341/493/490 321/560/557 340/561/558
f 341/493/490 340/561/558 360/495/492
f 360/495/492 340/561/558 359/562/559
f 360/495/492 359/562/559 378/497/494
f 378/497/494 359/562/559 377/563/560
f 378/497/494 377/563/560 425/499/496
f 425/499/496 377/563/560 426/564/561
f 425/499/496 426/564/561 396/501/498
f 396/501/498 426/564/561 395/565/562
f 396/501/498 395/565/562 434/503/500
f 434/503/500 395/565/562 433/566/563
f 434/503/500 433/566/563 453/505/502
f 453/505/502 433/566/563 452/567/564
f 453/505/502 452/567/564 472/507/504
f 472/507/504 452/567/564 471/568/565
f 472/507/504 471/568/565 491/509/506
f 491/509/506 471/568/565 490/569/566
f 491/509/506 490/569/566 510/511/508
f 510/511/508 490/569/566 509/570/567
f 510/511/508 509/570/567 529/513/510
f 529/513/510 509/570/567 528/571/568
f 529/513/510 528/571/568 548/515/512
f 548/515/512 528/571/568 547/572/569
f 548/515/512 547/572/569 567/517/514
f 567/517/514 547/572/569 566/573/570
f 567/517/514 566/573/570 586/519/516
f 586/519/516 566/573/570 585/574/571
f 586/519/516 585/574/571 605/521/518
f 605/521/518 585/574/571 604/575/572
f 605/521/518 604/575/572 624/523/520
f 624/523/520 604/575/572 623/576/573
f 624/523/520 623/576/573 642/525/522
f 642/525/522 623/576/573 641/577/574
f 642/525/522 641/577/574 689/527/524
f 689/527/524 641/577/574 690/578/575
f 689/527/524 690/578/575 660/529/526
f 660/529/526 690/578/575 659/579/576
f 660/529/526 659/579/576 698/531/528
f 698/531/528 659/579/576 697/580/577
f 698/531/528 697/580/577 717/533/530
f 717/533/530 697/580/577 716/581/578
f 717/533/530 716/581/578 736/535/532
f 736/535/532 716/581/578 735/582/579
f 736/535/532 735/582/579 755/537/534
f 755/537/534 735/582/579 754/583/580
f 755/537/534 754/583/580 774/539/536
f 774/539/536 754/583/580 773/584/581
f 774/539/536 773/584/581 793/541/538
f 793/541/538 773/584/581 792/585/582
f 793/541/538 792/585/582 812/543/540
f 812/543/540 792/585/582 811/586/583
f 812/543/540 811/586/583 831/545/542
f 831/545/542 811/586/583 830/587/584
f 831/545/542 830/587/584 850/547/544
f 850/547/544 830/587/584 849/588/585
f 850/547/544 849/588/585 869/549/546
f 869/549/546 849/588/585 868/589/586
f 869/549/546 868/589/586 888/207/206
f 888/207/206 868/589/586 887/205/204
f 150/551/548 11/550/547 149/590/587
f 149/590/587 11/550/547 12/591/588
f 149/590/587 12/591/588 148/592/589
f 148/592/589 12/591/588 13/593/590
f 148/592/589 13/593/590 147/594/591
f 147/594/591 13/593/590 14/595/592
f 147/594/591 14/595/592 15/596/593
f 147/594/591 15/596/593 166/597/594
f 166/597/594 15/596/593 16/598/595
f 166/597/594 16/598/595 185/599/596
f 185/599/596 16/598/595 17/600/597
f 185/599/596 17/600/597 204/601/598
f 204/601/598 17/600/597 18/602/599
f 204/601/598 18/602/599 223/603/600
f 223/603/600 18/602/599 19/604/601
f 223/603/600 19/604/601 242/605/602
f 242/605/602 19/604/601 20/606/603
f 242/605/602 20/606/603 261/607/604
f 261/607/604 20/606/603 21/608/605
f 261/607/604 21/608/605 280/609/606
f 280/609/606 21/608/605 22/610/607
f 280/609/606 22/610/607 299/611/608
f 299/611/608 22/610/607 23/612/609
f 299/611/608 23/612/609 318/613/610
f 318/613/610 23/612/609 24/614/611
f 318/613/610 24/614/611 337/615/612
f 337/615/612 24/614/611 25/616/613
f 337/615/612 25/616/613 356/617/614
f 356/617/614 25/616/613 26/618/615
f 356/617/614 26/618/615 142/619/616
f 142/619/616 26/618/615 27/620/617
f 142/619/616 27/620/617 429/621/618
f 429/621/618 27/620/617 392/622/619
f 429/621/618 392/622/619 393/623/620
f 393/623/620 392/622/619 431/624/621
f 393/623/620 431/624/621 432/625/622
f 432/625/622 431/624/621 451/626/623
f 432/625/622 451/626/623 452/567/564
f 452/567/564 451/626/623 471/568/565
f 27/620/617 28/627/624 392/622/619
f 392/622/619 28/627/624 430/628/625
f 392/622/619 430/628/625 431/624/621
f 431/624/621 430/628/625 450/629/626
f 431/624/621 450/629/626 451/626/623
f 451/626/623 450/629/626 470/630/627
f 451/626/623 470/630/627 471/568/565
f 471/568/565 470/630/627 490/569/566
f 28/627/624 29/631/628 430/628/625
f 430/628/625 29/631/628 449/632/629
f 430/628/625 449/632/629 450/629/626
f 450/629/626 449/632/629 469/633/630
f 450/629/626 469/633/630 470/630/627
f 470/630/627 469/633/630 489/634/631
f 470/630/627 489/634/631 490/569/566
f 490/569/566 489/634/631 509/570/567
f 29/631/628 30/635/632 449/632/629
f 449/632/629 30/635/632 468/636/633
f 449/632/629 468/636/633 469/633/630
f 469/633/630 468/636/633 488/637/634
f 469/633/630 488/637/634 489/634/631
f 489/634/631 488/637/634 508/638/635
f 489/634/631 508/638/635 509/570/567
f 509/570/567 508/638/635 528/571/568
f 30/635/632 31/639/636 468/636/633
f 468/636/633 31/639/636 487/640/637
f 468/636/633 487/640/637 488/637/634
f 488/637/634 487/640/637 507/641/638
f 488/637/634 507/641/638 508/638/635
f 508/638/635 507/641/638 527/642/639
f 508/638/635 527/642/639 528/571/568
f 528/571/568 527/642/639 547/572/569
f 31/639/636 32/643/640 487/640/637
f 487/640/637 32/643/640 506/644/641
f 487/640/637 506/644/641 507/641/638
f 507/641/638 506/644/641 526/645/642
f 507/641/638 526/645/642 527/642/639
f 527/642/639 526/645/642 546/646/643
f 527/642/639 546/646/643 547/572/569
f 547/572/569 546/646/643 566/573/570
f 32/643/640 33/647/644 506/644/641
f 506/644/641 33/647/644 525/648/645
f 506/644/641 525/648/645 526/645/642
f 526/645/642 525/648/645 545/649/646
f 526/645/642 545/649/646 546/646/643
f 546/646/643 545/649/646 565/650/647
f 546/646/643 565/650/647 566/573/570
f 566/573/570 565/650/647 585/574/571
f 33/647/644 34/651/648 525/648/645
f 525/648/645 34/651/648 544/652/649
f 525/648/645 544/652/649 545/649/646
f 545/649/646 544/652/649 564/653/650
f 545/649/646 564/653/650 565/650/647
f 565/650/647 564/653/650 584/654/651
f 565/650/647 584/654/651 585/574/571
f 585/574/571 584/654/651 604/575/572
f 34/651/648 35/655/652 544/652/649
f 544/652/649 35/655/652 563/656/653
f 544/652/649 563/656/653 564/653/650
f 564/653/650 563/656/653 583/657/654
f 564/653/650 583/657/654 584/654/651
f 584/654/651 583/657/654 603/658/655
f 584/654/651 603/658/655 604/575/572
f 604/575/572 603/658/655 623/576/573
f 35/655/652 36/659/656 563/656/653
f 563/656/653 36/659/656 582/660/657
f 563/656/653 582/660/657 583/657/654
f 583/657/654 582/660/657 602/661/658
f 583/657/654 602/661/658 603/658/655
f 603/658/655 602/661/658 622/662/659
f 603/658/655 622/662/659 623/576/573
f 623/576/573 622/662/659 641/577/574
f 36/659/656 37/663/660 582/660/657
f 582/660/657 37/663/660 601/664/661
f 582/660/657 601/664/661 602/661/658
f 602/661/658 601/664/661 621/665/662
f 602/661/658 621/665/662 622/662/659
f 622/662/659 621/665/662 640/666/663
f 622/662/659 640/666/663 641/577/574
f 641/577/574 640/666/663 690/578/575
f 37/663/660 38/667/664 601/664/661
f 601/664/661 38/667/664 620/668/665
f 601/664/661 620/668/665 621/665/662
f 621/665/662 620/668/665 639/669/666
f 621/665/662 639/669/666 640/666/663
f 640/666/663 639/669/666 691/670/667
f 640/666/663 691/670/667 690/578/575
f 690/578/575 691/670/667 659/579/576
f 38/667/664 39/671/668 620/668/665
f 620/668/665 39/671/668 144/672/669
f 620/668/665 144/672/669 639/669/666
f 639/669/666 144/672/669 692/673/670
f 639/669/666 692/673/670 691/670/667
f 691/670/667 692/673/670 658/674/671
f 691/670/667 658/674/671 659/579/576
f 659/579/576 658/674/671 697/580/577
f 39/671/668 40/675/672 144/672/669
f 144/672/669 40/675/672 693/676/673
f 144/672/669 693/676/673 692/673/670
f 692/673/670 693/676/673 657/677/674
f 692/673/670 657/677/674 658/674/671
f 658/674/671 657/677/674 696/678/675
f 658/674/671 696/678/675 697/580/577
f 697/580/577 696/678/675 716/581/578
f 693/676/673 40/675/672 656/679/676
f 656/679/676 40/675/672 41/680/677
f 656/679/676 41/680/677 694/681/678
f 694/681/678 41/680/677 42/682/679
f 694/681/678 42/682/679 713/683/680
f 713/683/680 42/682/679 43/684/681
f 713/683/680 43/684/681 732/685/682
f 732/685/682 43/684/681 44/686/683
f 732/685/682 44/686/683 751/687/684
f 751/687/684 44/686/683 45/688/685
f 751/687/684 45/688/685 770/689/686
f 770/689/686 45/688/685 46/690/687
f 770/689/686 46/690/687 789/691/688
f 789/691/688 46/690/687 47/692/689
f 789/691/688 47/692/689 808/693/690
f 808/693/690 47/692/689 48/694/691
f 808/693/690 48/694/691 827/695/692
f 827/695/692 48/694/691 49/696/693
f 827/695/692 49/696/693 846/697/694
f 846/697/694 49/696/693 50/698/695
f 846/697/694 50/698/695 865/699/696
f 865/699/696 50/698/695 51/700/697
f 865/699/696 51/700/697 884/199/198
f 884/199/198 51/700/697 52/197/196
f 1204/170/169 65/172/171 1167/701/698
f 1167/701/698 65/172/171 66/702/699
f 1167/701/698 66/702/699 1205/703/700
f 1205/703/700 66/702/699 67/704/701
f 1205/703/700 67/704/701 1224/705/702
f 1224/705/702 67/704/701 68/706/703
f 1224/705/702 68/706/703 1243/707/704
f 1243/707/704 68/706/703 69/708/705
f 1243/707/704 69/708/705 1262/709/706
f 1262/709/706 69/708/705 70/710/707
f 1262/709/706 70/710/707 1281/711/708
f 1281/711/708 70/710/707 71/712/709
f 1281/711/708 71/712/709 1300/713/710
f 1300/713/710 71/712/709 72/714/711
f 1300/713/710 72/714/711 1319/715/712
f 1319/715/712 72/714/711 73/716/713
f 1319/715/712 73/716/713 1338/717/714
f 1338/717/714 73/716/713 74/718/715
f 1338/717/714 74/718/715 1357/719/716
f 1357/719/716 74/718/715 75/720/717
f 1357/719/716 75/720/717 1376/721/718
f 1376/721/718 75/720/717 76/722/719
f 1376/721/718 76/722/719 1395/723/720
f 1395/723/720 76/722/719 77/724/721
f 1395/723/720 77/724/721 13/725/590
f 13/725/590 77/724/721 14/726/592
f 1395/723/720 13/725/590 1396/727/722
f 1396/727/722 13/725/590 12/728/588
f 1396/727/722 12/728/588 1397/729/723
f 1397/729/723 12/728/588 11/730/547
f 1397/729/723 11/730/547 1398/731/724
f 1398/731/724 11/730/547 1399/732/725
f 1398/731/724 1399/732/725 1379/733/726
f 1379/733/726 1399/732/725 1380/734/727
f 1379/733/726 1380/734/727 1360/735/728
f 1360/735/728 1380/734/727 1361/736/729
f 1360/735/728 1361/736/729 1341/737/730
f 1341/737/730 1361/736/729 1342/738/731
f 1341/737/730 1342/738/731 1322/739/732
f 1322/739/732 1342/738/731 1323/740/733
f 1322/739/732 1323/740/733 1303/741/734
f 1303/741/734 1323/740/733 1304/742/735
f 1303/741/734 1304/742/735 1284/743/736
f 1284/743/736 1304/742/735 1285/744/737
f 1284/743/736 1285/744/737 1265/745/738
f 1265/745/738 1285/744/737 1266/746/739
f 1265/745/738 1266/746/739 1246/747/740
f 1246/747/740 1266/746/739 1247/162/161
f 1246/747/740 1247/162/161 1227/164/163
f 11/730/547 10/748/468 1399/732/725
f 1399/732/725 10/748/468 1400/749/741
f 1399/732/725 1400/749/741 1380/734/727
f 1380/734/727 1400/749/741 1381/750/742
f 1380/734/727 1381/750/742 1361/736/729
f 1361/736/729 1381/750/742 1362/751/743
f 1361/736/729 1362/751/743 1342/738/731
f 1342/738/731 1362/751/743 1343/752/744
f 1342/738/731 1343/752/744 1323/740/733
f 1323/740/733 1343/752/744 1324/753/745
f 1323/740/733 1324/753/745 1304/742/735
f 1304/742/735 1324/753/745 1305/754/746
f 1304/742/735 1305/754/746 1285/744/737
f 1285/744/737 1305/754/746 1286/755/747
f 1285/744/737 1286/755/747 1266/746/739
f 1266/746/739 1286/755/747 1267/160/159
f 1266/746/739 1267/160/159 1247/162/161
f 1400/749/741 10/748/468 1401/756/748
f 1401/756/748 10/748/468 9/757/466
f 1401/756/748 9/757/466 1402/758/749
f 1402/758/749 9/757/466 8/759/425
f 1402/758/749 8/759/425 1403/760/750
f 1403/760/750 8/759/425 1404/761/751
f 1403/760/750 1404/761/751 1384/762/752
f 1384/762/752 1404/761/751 1385/763/753
f 1384/762/752 1385/763/753 1365/764/754
f 1365/764/754 1385/763/753 1366/765/755
f 1365/764/754 1366/765/755 1346/766/756
f 1346/766/756 1366/765/755 1347/152/151
f 1346/766/756 1347/152/151 1327/154/153
f 8/759/425 7/767/385 1404/761/751
f 1404/761/751 7/767/385 1405/768/757
f 1404/761/751 1405/768/757 1385/763/753
f 1385/763/753 1405/768/757 1386/769/758
f 1385/763/753 1386/769/758 1366/765/755
f 1366/765/755 1386/769/758 1367/150/149
f 1366/765/755 1367/150/149 1347/152/151
f 7/767/385 6/770/306 1405/768/757
f 1405/768/757 6/770/306 1406/771/759
f 1405/768/757 1406/771/759 1386/769/758
f 1386/769/758 1406/771/759 1387/148/147
f 1386/769/758 1387/148/147 1367/150/149
f 1406/771/759 6/770/306 1407/146/145
f 1407/146/145 6/770/306 5/144/143
f 1411/139/139 3/141/6 1412/772/760
f 1412/772/760 3/141/6 2/773/4
f 1412/772/760 2/773/4 1413/774/761
f 1413/774/761 2/773/4 1/775/2
f 1413/774/761 1/775/2 78/776/762
f 78/776/762 79/777/763 1413/774/761
f 1413/774/761 79/777/763 1394/778/764
f 1413/774/761 1394/778/764 1393/779/765
f 1393/779/765 1394/778/764 1374/780/766
f 1393/779/765 1374/780/766 1373/135/135
f 1373/135/135 1374/780/766 1354/133/133
f 79/777/763 80/781/767 1394/778/764
f 1394/778/764 80/781/767 1375/782/768
f 1394/778/764 1375/782/768 1374/780/766
f 1374/780/766 1375/782/768 1355/783/769
f 1374/780/766 1355/783/769 1354/133/133
f 1354/133/133 1355/783/769 1335/131/131
f 80/781/767 81/784/770 1375/782/768
f 1375/782/768 81/784/770 1356/785/771
f 1375/782/768 1356/785/771 1355/783/769
f 1355/783/769 1356/785/771 1336/786/772
f 1355/783/769 1336/786/772 1335/131/131
f 1335/131/131 1336/786/772 1316/129/129
f 81/784/770 82/787/773 1356/785/771
f 1356/785/771 82/787/773 1337/788/774
f 1356/785/771 1337/788/774 1336/786/772
f 1336/786/772 1337/788/774 1317/789/775
f 1336/786/772 1317/789/775 1316/129/129
f 1316/129/129 1317/789/775 1297/127/127
f 82/787/773 83/790/776 1337/788/774
f 1337/788/774 83/790/776 1318/791/777
f 1337/788/774 1318/791/777 1317/789/775
f 1317/789/775 1318/791/777 1298/792/778
f 1317/789/775 1298/792/778 1297/127/127
f 1297/127/127 1298/792/778 1278/125/125
f 83/790/776 84/793/779 1318/791/777
f 1318/791/777 84/793/779 1299/794/780
f 1318/791/777 1299/794/780 1298/792/778
f 1298/792/778 1299/794/780 1279/795/781
f 1298/792/778 1279/795/781 1278/125/125
f 1278/125/125 1279/795/781 1259/123/123
f 84/793/779 85/796/782 1299/794/780
f 1299/794/780 85/796/782 1280/797/783
f 1299/794/780 1280/797/783 1279/795/781
f 1279/795/781 1280/797/783 1260/798/784
f 1279/795/781 1260/798/784 1259/123/123
f 1259/123/123 1260/798/784 1240/121/121
f 85/796/782 86/799/785 1280/797/783
f 1280/797/783 86/799/785 1261/800/786
f 1280/797/783 1261/800/786 1260/798/784
f 1260/798/784 1261/800/786 1241/801/787
f 1260/798/784 1241/801/787 1240/121/121
f 1240/121/121 1241/801/787 1221/119/119
f 86/799/785 87/802/788 1261/800/786
f 1261/800/786 87/802/788 1242/803/789
f 1261/800/786 1242/803/789 1241/801/787
f 1241/801/787 1242/803/789 1222/804/790
f 1241/801/787 1222/804/790 1221/119/119
f 1221/119/119 1222/804/790 1183/117/117
f 87/802/788 88/805/791 1242/803/789
f 1242/803/789 88/805/791 1223/806/792
f 1242/803/789 1223/806/792 1222/804/790
f 1222/804/790 1223/806/792 1184/807/793
f 1222/804/790 1184/807/793 1183/117/117
f 1183/117/117 1184/807/793 1188/115/115
f 88/805/791 89/808/794 1223/806/792
f 1223/806/792 89/808/794 1185/809/795
f 1223/806/792 1185/809/795 1184/807/793
f 1184/807/793 1185/809/795 1187/810/796
f 1184/807/793 1187/810/796 1188/115/115
f 1188/115/115 1187/810/796 1164/113/113
f 89/808/794 90/811/797 1185/809/795
f 1185/809/795 90/811/797 1186/812/798
f 1185/809/795 1186/812/798 1187/810/796
f 1187/810/796 1186/812/798 1165/813/799
f 1187/810/796 1165/813/799 1164/113/113
f 1164/113/113 1165/813/799 1145/111/111
f 1186/812/798 90/811/797 1166/814/800
f 1166/814/800 90/811/797 91/815/801
f 1166/814/800 91/815/801 1147/816/802
f 1147/816/802 91/815/801 92/817/803
f 1147/816/802 92/817/803 1128/818/804
f 1128/818/804 92/817/803 93/819/805
f 1128/818/804 93/819/805 1109/820/806
f 1109/820/806 93/819/805 94/821/807
f 1109/820/806 94/821/807 1090/822/808
f 1090/822/808 94/821/807 95/823/809
f 1090/822/808 95/823/809 1071/824/810
f 1071/824/810 95/823/809 96/825/811
f 1071/824/810 96/825/811 1052/826/812
f 1052/826/812 96/825/811 97/827/813
f 1052/826/812 97/827/813 1033/828/814
f 1033/828/814 97/827/813 98/829/815
f 1033/828/814 98/829/815 1014/830/816
f 1014/830/816 98/829/815 99/831/817
f 1014/830/816 99/831/817 995/832/818
f 995/832/818 99/831/817 100/833/819
f 995/832/818 100/833/819 976/834/820
f 976/834/820 100/833/819 101/835/821
f 976/834/820 101/835/821 940/836/822
f 940/836/822 101/835/821 102/837/823
f 940/836/822 102/837/823 145/838/824
f 145/838/824 102/837/823 103/839/825
f 145/838/824 103/839/825 921/840/826
f 921/840/826 103/839/825 902/841/827
f 921/840/826 902/841/827 901/842/828
f 901/842/828 902/841/827 882/843/829
f 901/842/828 882/843/829 881/83/83
f 881/83/83 882/843/829 862/81/81
f 103/839/825 104/844/830 902/841/827
f 902/841/827 104/844/830 883/845/831
f 902/841/827 883/845/831 882/843/829
f 882/843/829 883/845/831 863/846/832
f 882/843/829 863/846/832 862/81/81
f 862/81/81 863/846/832 843/79/79
f 104/844/830 105/847/833 883/845/831
f 883/845/831 105/847/833 864/848/834
f 883/845/831 864/848/834 863/846/832
f 863/846/832 864/848/834 844/849/835
f 863/846/832 844/849/835 843/79/79
f 843/79/79 844/849/835 824/77/77
f 105/847/833 106/850/836 864/848/834
f 864/848/834 106/850/836 845/851/837
f 864/848/834 845/851/837 844/849/835
f 844/849/835 845/851/837 825/852/838
f 844/849/835 825/852/838 824/77/77
f 824/77/77 825/852/838 805/75/75
f 106/850/836 107/853/839 845/851/837
f 845/851/837 107/853/839 826/854/840
f 845/851/837 826/854/840 825/852/838
f 825/852/838 826/854/840 806/855/841
f 825/852/838 806/855/841 805/75/75
f 805/75/75 806/855/841 786/73/73
f 107/853/839 108/856/842 826/854/840
f 826/854/840 108/856/842 807/857/843
f 826/854/840 807/857/843 806/855/841
f 806/855/841 807/857/843 787/858/844
f 806/855/841 787/858/844 786/73/73
f 786/73/73 787/858/844 767/71/71
f 108/856/842 109/859/845 807/857/843
f 807/857/843 109/859/845 788/860/846
f 807/857/843 788/860/846 787/858/844
f 787/858/844 788/860/846 768/861/847
f 787/858/844 768/861/847 767/71/71
f 767/71/71 768/861/847 748/69/69
f 109/859/845 110/862/848 788/860/846
f 788/860/846 110/862/848 769/863/849
f 788/860/846 769/863/849 768/861/847
f 768/861/847 769/863/849 749/864/850
f 768/861/847 749/864/850 748/69/69
f 748/69/69 749/864/850 729/67/67
f 110/862/848 111/865/851 769/863/849
f 769/863/849 111/865/851 750/866/852
f 769/863/849 750/866/852 749/864/850
f 749/864/850 750/866/852 730/867/853
f 749/864/850 730/867/853 729/67/67
f 729/67/67 730/867/853 710/65/65
f 111/865/851 112/868/854 750/866/852
f 750/866/852 112/868/854 731/869/855
f 750/866/852 731/869/855 730/867/853
f 730/867/853 731/869/855 711/870/856
f 730/867/853 711/870/856 710/65/65
f 710/65/65 711/870/856 672/63/63
f 112/868/854 113/871/857 731/869/855
f 731/869/855 113/871/857 712/872/858
f 731/869/855 712/872/858 711/870/856
f 711/870/856 712/872/858 673/873/859
f 711/870/856 673/873/859 672/63/63
f 672/63/63 673/873/859 677/61/61
f 113/871/857 114/874/860 712/872/858
f 712/872/858 114/874/860 674/875/861
f 712/872/858 674/875/861 673/873/859
f 673/873/859 674/875/861 676/876/862
f 673/873/859 676/876/862 677/61/61
f 677/61/61 676/876/862 654/59/59
f 114/874/860 115/877/863 674/875/861
f 674/875/861 115/877/863 675/878/864
f 674/875/861 675/878/864 676/876/862
f 676/876/862 675/878/864 655/879/865
f 676/876/862 655/879/865 654/59/59
f 654/59/59 655/879/865 636/57/57
f 675/878/864 115/877/863 143/880/866
f 143/880/866 115/877/863 116/881/867
f 143/880/866 116/881/867 638/882/868
f 638/882/868 116/881/867 117/883/869
f 638/882/868 117/883/869 619/884/870
f 619/884/870 117/883/869 118/885/871
f 619/884/870 118/885/871 600/886/872
f 600/886/872 118/885/871 119/887/873
f 600/886/872 119/887/873 581/888/874
f 581/888/874 119/887/873 120/889/875
f 581/888/874 120/889/875 562/890/876
f 562/890/876 120/889/875 121/891/877
f 562/890/876 121/891/877 543/892/878
f 543/892/878 121/891/877 122/893/879
f 543/892/878 122/893/879 524/894/880
f 524/894/880 122/893/879 123/895/881
f 524/894/880 123/895/881 505/896/882
f 505/896/882 123/895/881 124/897/883
f 505/896/882 124/897/883 486/898/884
f 486/898/884 124/897/883 125/899/885
f 486/898/884 125/899/885 467/900/886
f 467/900/886 125/899/885 126/901/887
f 467/900/886 126/901/887 448/902/888
f 448/902/888 126/901/887 127/903/889
f 448/902/888 127/903/889 410/904/890
f 410/904/890 127/903/889 128/905/891
f 410/904/890 128/905/891 411/906/892
f 411/906/892 128/905/891 141/907/893
f 411/906/892 141/907/893 391/908/894
f 391/908/894 141/907/893 373/909/895
f 391/908/894 373/909/895 372/29/29
f 372/29/29 373/909/895 353/27/27
f 128/905/891 129/910/896 141/907/893
f 141/907/893 129/910/896 374/911/897
f 141/907/893 374/911/897 373/909/895
f 373/909/895 374/911/897 354/912/898
f 373/909/895 354/912/898 353/27/27
f 353/27/27 354/912/898 334/25/25
f 129/910/896 130/913/899 374/911/897
f 374/911/897 130/913/899 355/914/900
f 374/911/897 355/914/900 354/912/898
f 354/912/898 355/914/900 335/915/901
f 354/912/898 335/915/901 334/25/25
f 334/25/25 335/915/901 315/23/23
f 130/913/899 131/916/902 355/914/900
f 355/914/900 131/916/902 336/917/903
f 355/914/900 336/917/903 335/915/901
f 335/915/901 336/917/903 316/918/904
f 335/915/901 316/918/904 315/23/23
f 315/23/23 316/918/904 296/21/21
f 131/916/902 132/919/905 336/917/903
f 336/917/903 132/919/905 317/920/906
f 336/917/903 317/920/906 316/918/904
f 316/918/904 317/920/906 297/921/907
f 316/918/904 297/921/907 296/21/21
f 296/21/21 297/921/907 277/19/19
f 132/919/905 133/922/908 317/920/906
f 317/920/906 133/922/908 298/923/909
f 317/920/906 298/923/909 297/921/907
f 297/921/907 298/923/909 278/924/910
f 297/921/907 278/924/910 277/19/19
f 277/19/19 278/924/910 258/17/17
f 133/922/908 134/925/911 298/923/909
f 298/923/909 134/925/911 279/926/912
f 298/923/909 279/926/912 278/924/910
f 278/924/910 279/926/912 259/927/913
f 278/924/910 259/927/913 258/17/17
f 258/17/17 259/927/913 239/15/15
f 134/925/911 135/928/914 279/926/912
f 279/926/912 135/928/914 260/929/915
f 279/926/912 260/929/915 259/927/913
f 259/927/913 260/929/915 240/930/916
f 259/927/913 240/930/916 239/15/15
f 239/15/15 240/930/916 220/13/13
f 135/928/914 136/931/917 260/929/915
f 260/929/915 136/931/917 241/932/918
f 260/929/915 241/932/918 240/930/916
f 240/930/916 241/932/918 221/933/919
f 240/930/916 221/933/919 220/13/13
f 220/13/13 221/933/919 201/11/11
f 136/931/917 137/934/920 241/932/918
f 241/932/918 137/934/920 222/935/921
f 241/932/918 222/935/921 221/933/919
f 221/933/919 222/935/921 202/936/922
f 221/933/919 202/936/922 201/11/11
f 201/11/11 202/936/922 182/9/9
f 137/934/920 138/937/923 222/935/921
f 222/935/921 138/937/923 203/938/924
f 222/935/921 203/938/924 202/936/922
f 202/936/922 203/938/924 183/939/925
f 202/936/922 183/939/925 182/9/9
f 182/9/9 183/939/925 163/7/7
f 138/937/923 139/940/926 203/938/924
f 203/938/924 139/940/926 184/941/927
f 203/938/924 184/941/927 183/939/925
f 183/939/925 184/941/927 164/5/5
f 183/939/925 164/5/5 163/7/7
f 139/940/926 140/1/1 184/941/927
f 184/941/927 140/1/1 165/3/3
f 184/941/927 165/3/3 164/5/5
f 148/592/589 147/594/591 167/942/928
f 167/942/928 147/594/591 166/597/594
f 167/942/928 166/597/594 186/943/929
f 186/943/929 166/597/594 185/599/596
f 186/943/929 185/599/596 205/944/930
f 205/944/930 185/599/596 204/601/598
f 205/944/930 204/601/598 224/945/931
f 224/945/931 204/601/598 223/603/600
f 224/945/931 223/603/600 243/946/932
f 243/946/932 223/603/600 242/605/602
f 243/946/932 242/605/602 262/947/933
f 262/947/933 242/605/602 261/607/604
f 262/947/933 261/607/604 281/948/934
f 281/948/934 261/607/604 280/609/606
f 281/948/934 280/609/606 300/949/935
f 300/949/935 280/609/606 299/611/608
f 300/949/935 299/611/608 319/950/936
f 319/950/936 299/611/608 318/613/610
f 319/950/936 318/613/610 338/951/937
f 338/951/937 318/613/610 337/615/612
f 338/951/937 337/615/612 357/952/938
f 357/952/938 337/615/612 356/617/614
f 357/952/938 356/617/614 375/953/939
f 375/953/939 356/617/614 142/619/616
f 375/953/939 142/619/616 428/954/940
f 428/954/940 142/619/616 429/621/618
f 428/954/940 429/621/618 393/623/620
f 169/552/549 150/551/548 149/590/587
f 149/590/587 148/592/589 168/955/941
f 168/955/941 148/592/589 167/942/928
f 168/955/941 167/942/928 187/956/942
f 187/956/942 167/942/928 186/943/929
f 187/956/942 186/943/929 206/957/943
f 206/957/943 186/943/929 205/944/930
f 206/957/943 205/944/930 225/958/944
f 225/958/944 205/944/930 224/945/931
f 225/958/944 224/945/931 244/959/945
f 244/959/945 224/945/931 243/946/932
f 244/959/945 243/946/932 263/960/946
f 263/960/946 243/946/932 262/947/933
f 263/960/946 262/947/933 282/961/947
f 282/961/947 262/947/933 281/948/934
f 282/961/947 281/948/934 301/962/948
f 301/962/948 281/948/934 300/949/935
f 301/962/948 300/949/935 320/963/949
f 320/963/949 300/949/935 319/950/936
f 320/963/949 319/950/936 339/964/950
f 339/964/950 319/950/936 338/951/937
f 339/964/950 338/951/937 358/965/951
f 358/965/951 338/951/937 357/952/938
f 358/965/951 357/952/938 376/966/952
f 376/966/952 357/952/938 375/953/939
f 376/966/952 375/953/939 427/967/953
f 427/967/953 375/953/939 428/954/940
f 427/967/953 428/954/940 394/968/954
f 394/968/954 428/954/940 393/623/620
f 394/968/954 393/623/620 432/625/622
f 153/470/467 152/472/469 172/969/955
f 172/969/955 152/472/469 171/474/471
f 172/969/955 171/474/471 191/970/956
f 191/970/956 171/474/471 190/476/473
f 191/970/956 190/476/473 210/971/957
f 210/971/957 190/476/473 209/478/475
f 210/971/957 209/478/475 229/972/958
f 229/972/958 209/478/475 228/480/477
f 229/972/958 228/480/477 248/973/959
f 248/973/959 228/480/477 247/482/479
f 248/973/959 247/482/479 267/974/960
f 267/974/960 247/482/479 266/484/481
f 267/974/960 266/484/481 286/975/961
f 286/975/961 266/484/481 285/486/483
f 286/975/961 285/486/483 305/976/962
f 305/976/962 285/486/483 304/488/485
f 305/976/962 304/488/485 324/977/963
f 324/977/963 304/488/485 323/490/487
f 324/977/963 323/490/487 343/978/964
f 343/978/964 323/490/487 342/492/489
f 343/978/964 342/492/489 362/979/965
f 362/979/965 342/492/489 361/494/491
f 362/979/965 361/494/491 380/980/966
f 380/980/966 361/494/491 379/496/493
f 380/980/966 379/496/493 423/981/967
f 423/981/967 379/496/493 424/498/495
f 423/981/967 424/498/495 398/982/968
f 398/982/968 424/498/495 397/500/497
f 398/982/968 397/500/497 436/983/969
f 436/983/969 397/500/497 435/502/499
f 436/983/969 435/502/499 455/984/970
f 455/984/970 435/502/499 454/504/501
f 455/984/970 454/504/501 474/985/971
f 474/985/971 454/504/501 473/506/503
f 474/985/971 473/506/503 493/986/972
f 493/986/972 473/506/503 492/508/505
f 493/986/972 492/508/505 512/987/973
f 512/987/973 492/508/505 511/510/507
f 512/987/973 511/510/507 531/988/974
f 531/988/974 511/510/507 530/512/509
f 531/988/974 530/512/509 550/989/975
f 550/989/975 530/512/509 549/514/511
f 550/989/975 549/514/511 569/990/976
f 569/990/976 549/514/511 568/516/513
f 569/990/976 568/516/513 588/991/977
f 588/991/977 568/516/513 587/518/515
f 588/991/977 587/518/515 607/992/978
f 607/992/978 587/518/515 606/520/517
f 607/992/978 606/520/517 626/993/979
f 626/993/979 606/520/517 625/522/519
f 626/993/979 625/522/519 644/994/980
f 644/994/980 625/522/519 643/524/521
f 644/994/980 643/524/521 687/995/981
f 687/995/981 643/524/521 688/526/523
f 687/995/981 688/526/523 662/996/982
f 662/996/982 688/526/523 661/528/525
f 662/996/982 661/528/525 700/997/983
f 700/997/983 661/528/525 699/530/527
f 700/997/983 699/530/527 719/998/984
f 719/998/984 699/530/527 718/532/529
f 719/998/984 718/532/529 738/999/985
f 738/999/985 718/532/529 737/534/531
f 738/999/985 737/534/531 757/1000/986
f 757/1000/986 737/534/531 756/536/533
f 757/1000/986 756/536/533 776/1001/987
f 776/1001/987 756/536/533 775/538/535
f 776/1001/987 775/538/535 795/1002/988
f 795/1002/988 775/538/535 794/540/537
f 795/1002/988 794/540/537 814/1003/989
f 814/1003/989 794/540/537 813/542/539
f 814/1003/989 813/542/539 833/1004/990
f 833/1004/990 813/542/539 832/544/541
f 833/1004/990 832/544/541 852/1005/991
f 852/1005/991 832/544/541 851/546/543
f 852/1005/991 851/546/543 871/1006/992
f 871/1006/992 851/546/543 870/548/545
f 871/1006/992 870/548/545 890/211/210
f 890/211/210 870/548/545 889/209/208
f 174/430/427 155/429/426 154/468/465
f 154/468/465 153/470/467 173/1007/993
f 173/1007/993 153/470/467 172/969/955
f 173/1007/993 172/969/955 192/1008/994
f 192/1008/994 172/969/955 191/970/956
f 192/1008/994 191/970/956 211/1009/995
f 211/1009/995 191/970/956 210/971/957
f 211/1009/995 210/971/957 230/1010/996
f 230/1010/996 210/971/957 229/972/958
f 230/1010/996 229/972/958 249/1011/997
f 249/1011/997 229/972/958 248/973/959
f 249/1011/997 248/973/959 268/1012/998
f 268/1012/998 248/973/959 267/974/960
f 268/1012/998 267/974/960 287/1013/999
f 287/1013/999 267/974/960 286/975/961
f 287/1013/999 286/975/961 306/1014/1000
f 306/1014/1000 286/975/961 305/976/962
f 306/1014/1000 305/976/962 325/1015/1001
f 325/1015/1001 305/976/962 324/977/963
f 325/1015/1001 324/977/963 344/1016/1002
f 344/1016/1002 324/977/963 343/978/964
f 344/1016/1002 343/978/964 363/1017/1003
f 363/1017/1003 343/978/964 362/979/965
f 363/1017/1003 362/979/965 381/1018/1004
f 381/1018/1004 362/979/965 380/980/966
f 381/1018/1004 380/980/966 422/1019/1005
f 422/1019/1005 380/980/966 423/981/967
f 422/1019/1005 423/981/967 399/1020/1006
f 399/1020/1006 423/981/967 398/982/968
f 399/1020/1006 398/982/968 437/1021/1007
f 437/1021/1007 398/982/968 436/983/969
f 437/1021/1007 436/983/969 456/1022/1008
f 456/1022/1008 436/983/969 455/984/970
f 456/1022/1008 455/984/970 475/1023/1009
f 475/1023/1009 455/984/970 474/985/971
f 475/1023/1009 474/985/971 494/1024/1010
f 494/1024/1010 474/985/971 493/986/972
f 494/1024/1010 493/986/972 513/1025/1011
f 513/1025/1011 493/986/972 512/987/973
f 513/1025/1011 512/987/973 532/1026/1012
f 532/1026/1012 512/987/973 531/988/974
f 532/1026/1012 531/988/974 551/1027/1013
f 551/1027/1013 531/988/974 550/989/975
f 551/1027/1013 550/989/975 570/1028/1014
f 570/1028/1014 550/989/975 569/990/976
f 570/1028/1014 569/990/976 589/1029/1015
f 589/1029/1015 569/990/976 588/991/977
f 589/1029/1015 588/991/977 608/1030/1016
f 608/1030/1016 588/991/977 607/992/978
f 608/1030/1016 607/992/978 627/1031/1017
f 627/1031/1017 607/992/978 626/993/979
f 627/1031/1017 626/993/979 645/1032/1018
f 645/1032/1018 626/993/979 644/994/980
f 645/1032/1018 644/994/980 686/1033/1019
f 686/1033/1019 644/994/980 687/995/981
f 686/1033/1019 687/995/981 663/1034/1020
f 663/1034/1020 687/995/981 662/996/982
f 663/1034/1020 662/996/982 701/1035/1021
f 701/1035/1021 662/996/982 700/997/983
f 701/1035/1021 700/997/983 720/1036/1022
f 720/1036/1022 700/997/983 719/998/984
f 720/1036/1022 719/998/984 739/1037/1023
f 739/1037/1023 719/998/984 738/999/985
f 739/1037/1023 738/999/985 758/1038/1024
f 758/1038/1024 738/999/985 757/1000/986
f 758/1038/1024 757/1000/986 777/1039/1025
f 777/1039/1025 757/1000/986 776/1001/987
f 777/1039/1025 776/1001/987 796/1040/1026
f 796/1040/1026 776/1001/987 795/1002/988
f 796/1040/1026 795/1002/988 815/1041/1027
f 815/1041/1027 795/1002/988 814/1003/989
f 815/1041/1027 814/1003/989 834/1042/1028
f 834/1042/1028 814/1003/989 833/1004/990
f 834/1042/1028 833/1004/990 853/1043/1029
f 853/1043/1029 833/1004/990 852/1005/991
f 853/1043/1029 852/1005/991 872/1044/1030
f 872/1044/1030 852/1005/991 871/1006/992
f 872/1044/1030 871/1006/992 891/213/212
f 891/213/212 871/1006/992 890/211/210
f 179/270/267 160/269/266 159/308/305
f 159/308/305 158/310/307 178/1045/1031
f 178/1045/1031 158/310/307 177/312/309
f 178/1045/1031 177/312/309 197/1046/1032
f 197/1046/1032 177/312/309 196/314/311
f 197/1046/1032 196/314/311 216/1047/1033
f 216/1047/1033 196/314/311 215/316/313
f 216/1047/1033 215/316/313 235/1048/1034
f 235/1048/1034 215/316/313 234/318/315
f 235/1048/1034 234/318/315 254/1049/1035
f 254/1049/1035 234/318/315 253/320/317
f 254/1049/1035 253/320/317 273/1050/1036
f 273/1050/1036 253/320/317 272/322/319
f 273/1050/1036 272/322/319 292/1051/1037
f 292/1051/1037 272/322/319 291/324/321
f 292/1051/1037 291/324/321 311/1052/1038
f 311/1052/1038 291/324/321 310/326/323
f 311/1052/1038 310/326/323 330/1053/1039
f 330/1053/1039 310/326/323 329/328/325
f 330/1053/1039 329/328/325 349/1054/1040
f 349/1054/1040 329/328/325 348/330/327
f 349/1054/1040 348/330/327 368/1055/1041
f 368/1055/1041 348/330/327 367/332/329
f 368/1055/1041 367/332/329 386/1056/1042
f 386/1056/1042 367/332/329 385/334/331
f 386/1056/1042 385/334/331 417/1057/1043
f 417/1057/1043 385/334/331 418/336/333
f 417/1057/1043 418/336/333 404/1058/1044
f 404/1058/1044 418/336/333 403/338/335
f 404/1058/1044 403/338/335 442/1059/1045
f 442/1059/1045 403/338/335 441/340/337
f 442/1059/1045 441/340/337 461/1060/1046
f 461/1060/1046 441/340/337 460/342/339
f 461/1060/1046 460/342/339 480/1061/1047
f 480/1061/1047 460/342/339 479/344/341
f 480/1061/1047 479/344/341 499/1062/1048
f 499/1062/1048 479/344/341 498/346/343
f 499/1062/1048 498/346/343 518/1063/1049
f 518/1063/1049 498/346/343 517/348/345
f 518/1063/1049 517/348/345 537/1064/1050
f 537/1064/1050 517/348/345 536/350/347
f 537/1064/1050 536/350/347 556/1065/1051
f 556/1065/1051 536/350/347 555/352/349
f 556/1065/1051 555/352/349 575/1066/1052
f 575/1066/1052 555/352/349 574/354/351
f 575/1066/1052 574/354/351 594/1067/1053
f 594/1067/1053 574/354/351 593/356/353
f 594/1067/1053 593/356/353 613/1068/1054
f 613/1068/1054 593/356/353 612/358/355
f 613/1068/1054 612/358/355 632/1069/1055
f 632/1069/1055 612/358/355 631/360/357
f 632/1069/1055 631/360/357 650/1070/1056
f 650/1070/1056 631/360/357 649/362/359
f 650/1070/1056 649/362/359 681/1071/1057
f 681/1071/1057 649/362/359 682/364/361
f 681/1071/1057 682/364/361 668/1072/1058
f 668/1072/1058 682/364/361 667/366/363
f 668/1072/1058 667/366/363 706/1073/1059
f 706/1073/1059 667/366/363 705/368/365
f 706/1073/1059 705/368/365 725/1074/1060
f 725/1074/1060 705/368/365 724/370/367
f 725/1074/1060 724/370/367 744/1075/1061
f 744/1075/1061 724/370/367 743/372/369
f 744/1075/1061 743/372/369 763/1076/1062
f 763/1076/1062 743/372/369 762/374/371
f 763/1076/1062 762/374/371 782/1077/1063
f 782/1077/1063 762/374/371 781/376/373
f 782/1077/1063 781/376/373 801/1078/1064
f 801/1078/1064 781/376/373 800/378/375
f 801/1078/1064 800/378/375 820/1079/1065
f 820/1079/1065 800/378/375 819/380/377
f 820/1079/1065 819/380/377 839/1080/1066
f 839/1080/1066 819/380/377 838/382/379
f 839/1080/1066 838/382/379 858/1081/1067
f 858/1081/1067 838/382/379 857/384/381
f 858/1081/1067 857/384/381 877/1082/1068
f 877/1082/1068 857/384/381 876/386/383
f 877/1082/1068 876/386/383 896/223/222
f 896/223/222 876/386/383 895/221/220
f 188/553/550 169/552/549 168/955/941
f 168/955/941 169/552/549 149/590/587
f 188/553/550 168/955/941 187/956/942
f 193/431/428 174/430/427 173/1007/993
f 173/1007/993 174/430/427 154/468/465
f 193/431/428 173/1007/993 192/1008/994
f 198/271/268 179/270/267 178/1045/1031
f 178/1045/1031 179/270/267 159/308/305
f 198/271/268 178/1045/1031 197/1046/1032
f 207/554/551 188/553/550 187/956/942
f 207/554/551 187/956/942 206/957/943
f 212/432/429 193/431/428 192/1008/994
f 212/432/429 192/1008/994 211/1009/995
f 217/272/269 198/271/268 197/1046/1032
f 217/272/269 197/1046/1032 216/1047/1033
f 226/555/552 207/554/551 206/957/943
f 226/555/552 206/957/943 225/958/944
f 231/433/430 212/432/429 211/1009/995
f 231/433/430 211/1009/995 230/1010/996
f 236/273/270 217/272/269 216/1047/1033
f 236/273/270 216/1047/1033 235/1048/1034
f 245/556/553 226/555/552 225/958/944
f 245/556/553 225/958/944 244/959/945
f 250/434/431 231/433/430 230/1010/996
f 250/434/431 230/1010/996 249/1011/997
f 255/274/271 236/273/270 235/1048/1034
f 255/274/271 235/1048/1034 254/1049/1035
f 264/557/554 245/556/553 244/959/945
f 264/557/554 244/959/945 263/960/946
f 269/435/432 250/434/431 249/1011/997
f 269/435/432 249/1011/997 268/1012/998
f 274/275/272 255/274/271 254/1049/1035
f 274/275/272 254/1049/1035 273/1050/1036
f 283/558/555 264/557/554 263/960/946
f 283/558/555 263/960/946 282/961/947
f 288/436/433 269/435/432 268/1012/998
f 288/436/433 268/1012/998 287/1013/999
f 293/276/273 274/275/272 273/1050/1036
f 293/276/273 273/1050/1036 292/1051/1037
f 302/559/556 283/558/555 282/961/947
f 302/559/556 282/961/947 301/962/948
f 307/437/434 288/436/433 287/1013/999
f 307/437/434 287/1013/999 306/1014/1000
f 312/277/274 293/276/273 292/1051/1037
f 312/277/274 292/1051/1037 311/1052/1038
f 321/560/557 302/559/556 301/962/948
f 321/560/557 301/962/948 320/963/949
f 326/438/435 307/437/434 306/1014/1000
f 326/438/435 306/1014/1000 325/1015/1001
f 331/278/275 312/277/274 311/1052/1038
f 331/278/275 311/1052/1038 330/1053/1039
f 340/561/558 321/560/557 320/963/949
f 340/561/558 320/963/949 339/964/950
f 345/439/436 326/438/435 325/1015/1001
f 345/439/436 325/1015/1001 344/1016/1002
f 350/279/276 331/278/275 330/1053/1039
f 350/279/276 330/1053/1039 349/1054/1040
f 359/562/559 340/561/558 339/964/950
f 359/562/559 339/964/950 358/965/951
f 364/440/437 345/439/436 344/1016/1002
f 364/440/437 344/1016/1002 363/1017/1003
f 369/280/277 350/279/276 349/1054/1040
f 369/280/277 349/1054/1040 368/1055/1041
f 377/563/560 359/562/559 358/965/951
f 377/563/560 358/965/951 376/966/952
f 382/441/438 364/440/437 363/1017/1003
f 382/441/438 363/1017/1003 381/1018/1004
f 387/281/278 369/280/277 368/1055/1041
f 387/281/278 368/1055/1041 386/1056/1042
f 391/908/894 372/29/29 390/31/31
f 426/564/561 377/563/560 376/966/952
f 426/564/561 376/966/952 427/967/953
f 421/442/439 382/441/438 381/1018/1004
f 421/442/439 381/1018/1004 422/1019/1005
f 416/282/279 387/281/278 386/1056/1042
f 416/282/279 386/1056/1042 417/1057/1043
f 391/908/894 390/31/31 412/1083/1069
f 412/1083/1069 390/31/31 413/33/33
f 412/1083/1069 413/33/33 409/1084/1070
f 409/1084/1070 413/33/33 408/35/35
f 409/1084/1070 408/35/35 447/1085/1071
f 447/1085/1071 408/35/35 446/37/37
f 447/1085/1071 446/37/37 466/1086/1072
f 466/1086/1072 446/37/37 465/39/39
f 466/1086/1072 465/39/39 485/1087/1073
f 485/1087/1073 465/39/39 484/41/41
f 485/1087/1073 484/41/41 504/1088/1074
f 504/1088/1074 484/41/41 503/43/43
f 504/1088/1074 503/43/43 523/1089/1075
f 523/1089/1075 503/43/43 522/45/45
f 523/1089/1075 522/45/45 542/1090/1076
f 542/1090/1076 522/45/45 541/47/47
f 542/1090/1076 541/47/47 561/1091/1077
f 561/1091/1077 541/47/47 560/49/49
f 561/1091/1077 560/49/49 580/1092/1078
f 580/1092/1078 560/49/49 579/51/51
f 580/1092/1078 579/51/51 599/1093/1079
f 599/1093/1079 579/51/51 598/53/53
f 599/1093/1079 598/53/53 618/1094/1080
f 618/1094/1080 598/53/53 617/55/55
f 618/1094/1080 617/55/55 637/1095/1081
f 637/1095/1081 617/55/55 636/57/57
f 637/1095/1081 636/57/57 655/879/865
f 426/564/561 427/967/953 395/565/562
f 395/565/562 427/967/953 394/968/954
f 395/565/562 394/968/954 433/566/563
f 433/566/563 394/968/954 432/625/622
f 433/566/563 432/625/622 452/567/564
f 421/442/439 422/1019/1005 400/443/440
f 400/443/440 422/1019/1005 399/1020/1006
f 400/443/440 399/1020/1006 438/444/441
f 438/444/441 399/1020/1006 437/1021/1007
f 438/444/441 437/1021/1007 457/445/442
f 457/445/442 437/1021/1007 456/1022/1008
f 457/445/442 456/1022/1008 476/446/443
f 476/446/443 456/1022/1008 475/1023/1009
f 476/446/443 475/1023/1009 495/447/444
f 495/447/444 475/1023/1009 494/1024/1010
f 495/447/444 494/1024/1010 514/448/445
f 514/448/445 494/1024/1010 513/1025/1011
f 514/448/445 513/1025/1011 533/449/446
f 533/449/446 513/1025/1011 532/1026/1012
f 533/449/446 532/1026/1012 552/450/447
f 552/450/447 532/1026/1012 551/1027/1013
f 552/450/447 551/1027/1013 571/451/448
f 571/451/448 551/1027/1013 570/1028/1014
f 571/451/448 570/1028/1014 590/452/449
f 590/452/449 570/1028/1014 589/1029/1015
f 590/452/449 589/1029/1015 609/453/450
f 609/453/450 589/1029/1015 608/1030/1016
f 609/453/450 608/1030/1016 628/454/451
f 628/454/451 608/1030/1016 627/1031/1017
f 628/454/451 627/1031/1017 646/455/452
f 646/455/452 627/1031/1017 645/1032/1018
f 646/455/452 645/1032/1018 685/456/453
f 685/456/453 645/1032/1018 686/1033/1019
f 685/456/453 686/1033/1019 664/457/454
f 664/457/454 686/1033/1019 663/1034/1020
f 664/457/454 663/1034/1020 702/458/455
f 702/458/455 663/1034/1020 701/1035/1021
f 702/458/455 701/1035/1021 721/459/456
f 721/459/456 701/1035/1021 720/1036/1022
f 721/459/456 720/1036/1022 740/460/457
f 740/460/457 720/1036/1022 739/1037/1023
f 740/460/457 739/1037/1023 759/461/458
f 759/461/458 739/1037/1023 758/1038/1024
f 759/461/458 758/1038/1024 778/462/459
f 778/462/459 758/1038/1024 777/1039/1025
f 778/462/459 777/1039/1025 797/463/460
f 797/463/460 777/1039/1025 796/1040/1026
f 797/463/460 796/1040/1026 816/464/461
f 816/464/461 796/1040/1026 815/1041/1027
f 816/464/461 815/1041/1027 835/465/462
f 835/465/462 815/1041/1027 834/1042/1028
f 835/465/462 834/1042/1028 854/466/463
f 854/466/463 834/1042/1028 853/1043/1029
f 854/466/463 853/1043/1029 873/467/464
f 873/467/464 853/1043/1029 872/1044/1030
f 873/467/464 872/1044/1030 892/215/214
f 892/215/214 872/1044/1030 891/213/212
f 416/282/279 417/1057/1043 405/283/280
f 405/283/280 417/1057/1043 404/1058/1044
f 405/283/280 404/1058/1044 443/284/281
f 443/284/281 404/1058/1044 442/1059/1045
f 443/284/281 442/1059/1045 462/285/282
f 462/285/282 442/1059/1045 461/1060/1046
f 462/285/282 461/1060/1046 481/286/283
f 481/286/283 461/1060/1046 480/1061/1047
f 481/286/283 480/1061/1047 500/287/284
f 500/287/284 480/1061/1047 499/1062/1048
f 500/287/284 499/1062/1048 519/288/285
f 519/288/285 499/1062/1048 518/1063/1049
f 519/288/285 518/1063/1049 538/289/286
f 538/289/286 518/1063/1049 537/1064/1050
f 538/289/286 537/1064/1050 557/290/287
f 557/290/287 537/1064/1050 556/1065/1051
f 557/290/287 556/1065/1051 576/291/288
f 576/291/288 556/1065/1051 575/1066/1052
f 576/291/288 575/1066/1052 595/292/289
f 595/292/289 575/1066/1052 594/1067/1053
f 595/292/289 594/1067/1053 614/293/290
f 614/293/290 594/1067/1053 613/1068/1054
f 614/293/290 613/1068/1054 633/294/291
f 633/294/291 613/1068/1054 632/1069/1055
f 633/294/291 632/1069/1055 651/295/292
f 651/295/292 632/1069/1055 650/1070/1056
f 651/295/292 650/1070/1056 680/296/293
f 680/296/293 650/1070/1056 681/1071/1057
f 680/296/293 681/1071/1057 669/297/294
f 669/297/294 681/1071/1057 668/1072/1058
f 669/297/294 668/1072/1058 707/298/295
f 707/298/295 668/1072/1058 706/1073/1059
f 707/298/295 706/1073/1059 726/299/296
f 726/299/296 706/1073/1059 725/1074/1060
f 726/299/296 725/1074/1060 745/300/297
f 745/300/297 725/1074/1060 744/1075/1061
f 745/300/297 744/1075/1061 764/301/298
f 764/301/298 744/1075/1061 763/1076/1062
f 764/301/298 763/1076/1062 783/302/299
f 783/302/299 763/1076/1062 782/1077/1063
f 783/302/299 782/1077/1063 802/303/300
f 802/303/300 782/1077/1063 801/1078/1064
f 802/303/300 801/1078/1064 821/304/301
f 821/304/301 801/1078/1064 820/1079/1065
f 821/304/301 820/1079/1065 840/305/302
f 840/305/302 820/1079/1065 839/1080/1066
f 840/305/302 839/1080/1066 859/306/303
f 859/306/303 839/1080/1066 858/1081/1067
f 859/306/303 858/1081/1067 878/307/304
f 878/307/304 858/1081/1067 877/1082/1068
f 878/307/304 877/1082/1068 897/225/224
f 897/225/224 877/1082/1068 896/223/222
f 409/1084/1070 410/904/890 412/1083/1069
f 412/1083/1069 410/904/890 411/906/892
f 412/1083/1069 411/906/892 391/908/894
f 410/904/890 409/1084/1070 448/902/888
f 448/902/888 409/1084/1070 447/1085/1071
f 448/902/888 447/1085/1071 467/900/886
f 467/900/886 447/1085/1071 466/1086/1072
f 467/900/886 466/1086/1072 486/898/884
f 486/898/884 466/1086/1072 485/1087/1073
f 486/898/884 485/1087/1073 505/896/882
f 505/896/882 485/1087/1073 504/1088/1074
f 505/896/882 504/1088/1074 524/894/880
f 524/894/880 504/1088/1074 523/1089/1075
f 524/894/880 523/1089/1075 543/892/878
f 543/892/878 523/1089/1075 542/1090/1076
f 543/892/878 542/1090/1076 562/890/876
f 562/890/876 542/1090/1076 561/1091/1077
f 562/890/876 561/1091/1077 581/888/874
f 581/888/874 561/1091/1077 580/1092/1078
f 581/888/874 580/1092/1078 600/886/872
f 600/886/872 580/1092/1078 599/1093/1079
f 600/886/872 599/1093/1079 619/884/870
f 619/884/870 599/1093/1079 618/1094/1080
f 619/884/870 618/1094/1080 638/882/868
f 638/882/868 618/1094/1080 637/1095/1081
f 638/882/868 637/1095/1081 143/880/866
f 143/880/866 637/1095/1081 655/879/865
f 143/880/866 655/879/865 675/878/864
f 693/676/673 656/679/676 657/677/674
f 657/677/674 656/679/676 695/1096/1082
f 657/677/674 695/1096/1082 696/678/675
f 696/678/675 695/1096/1082 715/1097/1083
f 696/678/675 715/1097/1083 716/581/578
f 716/581/578 715/1097/1083 735/582/579
f 656/679/676 694/681/678 695/1096/1082
f 695/1096/1082 694/681/678 714/1098/1084
f 695/1096/1082 714/1098/1084 715/1097/1083
f 715/1097/1083 714/1098/1084 734/1099/1085
f 715/1097/1083 734/1099/1085 735/582/579
f 735/582/579 734/1099/1085 754/583/580
f 694/681/678 713/683/680 714/1098/1084
f 714/1098/1084 713/683/680 733/1100/1086
f 714/1098/1084 733/1100/1086 734/1099/1085
f 734/1099/1085 733/1100/1086 753/1101/1087
f 734/1099/1085 753/1101/1087 754/583/580
f 754/583/580 753/1101/1087 773/584/581
f 713/683/680 732/685/682 733/1100/1086
f 733/1100/1086 732/685/682 752/1102/1088
f 733/1100/1086 752/1102/1088 753/1101/1087
f 753/1101/1087 752/1102/1088 772/1103/1089
f 753/1101/1087 772/1103/1089 773/584/581
f 773/584/581 772/1103/1089 792/585/582
f 732/685/682 751/687/684 752/1102/1088
f 752/1102/1088 751/687/684 771/1104/1090
f 752/1102/1088 771/1104/1090 772/1103/1089
f 772/1103/1089 771/1104/1090 791/1105/1091
f 772/1103/1089 791/1105/1091 792/585/582
f 792/585/582 791/1105/1091 811/586/583
f 751/687/684 770/689/686 771/1104/1090
f 771/1104/1090 770/689/686 790/1106/1092
f 771/1104/1090 790/1106/1092 791/1105/1091
f 791/1105/1091 790/1106/1092 810/1107/1093
f 791/1105/1091 810/1107/1093 811/586/583
f 811/586/583 810/1107/1093 830/587/584
f 770/689/686 789/691/688 790/1106/1092
f 790/1106/1092 789/691/688 809/1108/1094
f 790/1106/1092 809/1108/1094 810/1107/1093
f 810/1107/1093 809/1108/1094 829/1109/1095
f 810/1107/1093 829/1109/1095 830/587/584
f 830/587/584 829/1109/1095 849/588/585
f 789/691/688 808/693/690 809/1108/1094
f 809/1108/1094 808/693/690 828/1110/1096
f 809/1108/1094 828/1110/1096 829/1109/1095
f 829/1109/1095 828/1110/1096 848/1111/1097
f 829/1109/1095 848/1111/1097 849/588/585
f 849/588/585 848/1111/1097 868/589/586
f 808/693/690 827/695/692 828/1110/1096
f 828/1110/1096 827/695/692 847/1112/1098
f 828/1110/1096 847/1112/1098 848/1111/1097
f 848/1111/1097 847/1112/1098 867/1113/1099
f 848/1111/1097 867/1113/1099 868/589/586
f 868/589/586 867/1113/1099 887/205/204
f 827/695/692 846/697/694 847/1112/1098
f 847/1112/1098 846/697/694 866/1114/1100
f 847/1112/1098 866/1114/1100 867/1113/1099
f 867/1113/1099 866/1114/1100 886/203/202
f 867/1113/1099 886/203/202 887/205/204
f 846/697/694 865/699/696 866/1114/1100
f 866/1114/1100 865/699/696 885/201/200
f 866/1114/1100 885/201/200 886/203/202
f 884/199/198 885/201/200 865/699/696
f 901/842/828 881/83/83 900/85/85
f 901/842/828 900/85/85 920/1115/1101
f 920/1115/1101 900/85/85 919/87/87
f 920/1115/1101 919/87/87 941/1116/1102
f 941/1116/1102 919/87/87 942/89/89
f 941/1116/1102 942/89/89 939/1117/1103
f 939/1117/1103 942/89/89 938/91/91
f 939/1117/1103 938/91/91 975/1118/1104
f 975/1118/1104 938/91/91 974/93/93
f 975/1118/1104 974/93/93 994/1119/1105
f 994/1119/1105 974/93/93 993/95/95
f 994/1119/1105 993/95/95 1013/1120/1106
f 1013/1120/1106 993/95/95 1012/97/97
f 1013/1120/1106 1012/97/97 1032/1121/1107
f 1032/1121/1107 1012/97/97 1031/99/99
f 1032/1121/1107 1031/99/99 1051/1122/1108
f 1051/1122/1108 1031/99/99 1050/101/101
f 1051/1122/1108 1050/101/101 1070/1123/1109
f 1070/1123/1109 1050/101/101 1069/103/103
f 1070/1123/1109 1069/103/103 1089/1124/1110
f 1089/1124/1110 1069/103/103 1088/105/105
f 1089/1124/1110 1088/105/105 1108/1125/1111
f 1108/1125/1111 1088/105/105 1107/107/107
f 1108/1125/1111 1107/107/107 1127/1126/1112
f 1127/1126/1112 1107/107/107 1126/109/109
f 1127/1126/1112 1126/109/109 1146/1127/1113
f 1146/1127/1113 1126/109/109 1145/111/111
f 1146/1127/1113 1145/111/111 1165/813/799
f 904/200/199 903/198/197 957/1128/1114
f 957/1128/1114 903/198/197 146/196/195
f 957/1128/1114 146/196/195 923/1129/1115
f 923/1129/1115 146/196/195 922/194/193
f 923/1129/1115 922/194/193 959/1130/1116
f 959/1130/1116 922/194/193 958/192/191
f 959/1130/1116 958/192/191 978/1131/1117
f 978/1131/1117 958/192/191 977/190/189
f 978/1131/1117 977/190/189 997/1132/1118
f 997/1132/1118 977/190/189 996/188/187
f 997/1132/1118 996/188/187 1016/1133/1119
f 1016/1133/1119 996/188/187 1015/186/185
f 1016/1133/1119 1015/186/185 1035/1134/1120
f 1035/1134/1120 1015/186/185 1034/184/183
f 1035/1134/1120 1034/184/183 1054/1135/1121
f 1054/1135/1121 1034/184/183 1053/182/181
f 1054/1135/1121 1053/182/181 1073/1136/1122
f 1073/1136/1122 1053/182/181 1072/180/179
f 1073/1136/1122 1072/180/179 1092/1137/1123
f 1092/1137/1123 1072/180/179 1091/178/177
f 1092/1137/1123 1091/178/177 1111/1138/1124
f 1111/1138/1124 1091/178/177 1110/176/175
f 1111/1138/1124 1110/176/175 1130/1139/1125
f 1130/1139/1125 1110/176/175 1129/174/173
f 1130/1139/1125 1129/174/173 1149/1140/1126
f 1149/1140/1126 1129/174/173 1148/171/170
f 1149/1140/1126 1148/171/170 1203/169/168
f 905/202/201 904/200/199 956/1141/1127
f 956/1141/1127 904/200/199 957/1128/1114
f 956/1141/1127 957/1128/1114 924/1142/1128
f 924/1142/1128 957/1128/1114 923/1129/1115
f 924/1142/1128 923/1129/1115 960/1143/1129
f 960/1143/1129 923/1129/1115 959/1130/1116
f 960/1143/1129 959/1130/1116 979/1144/1130
f 979/1144/1130 959/1130/1116 978/1131/1117
f 979/1144/1130 978/1131/1117 998/1145/1131
f 998/1145/1131 978/1131/1117 997/1132/1118
f 998/1145/1131 997/1132/1118 1017/1146/1132
f 1017/1146/1132 997/1132/1118 1016/1133/1119
f 1017/1146/1132 1016/1133/1119 1036/1147/1133
f 1036/1147/1133 1016/1133/1119 1035/1134/1120
f 1036/1147/1133 1035/1134/1120 1055/1148/1134
f 1055/1148/1134 1035/1134/1120 1054/1135/1121
f 1055/1148/1134 1054/1135/1121 1074/1149/1135
f 1074/1149/1135 1054/1135/1121 1073/1136/1122
f 1074/1149/1135 1073/1136/1122 1093/1150/1136
f 1093/1150/1136 1073/1136/1122 1092/1137/1123
f 1093/1150/1136 1092/1137/1123 1112/1151/1137
f 1112/1151/1137 1092/1137/1123 1111/1138/1124
f 1112/1151/1137 1111/1138/1124 1131/1152/1138
f 1131/1152/1138 1111/1138/1124 1130/1139/1125
f 1131/1152/1138 1130/1139/1125 1150/1153/1139
f 1150/1153/1139 1130/1139/1125 1149/1140/1126
f 1150/1153/1139 1149/1140/1126 1202/1154/1140
f 1202/1154/1140 1149/1140/1126 1203/169/168
f 1202/1154/1140 1203/169/168 1169/167/166
f 906/204/203 905/202/201 955/1155/1141
f 955/1155/1141 905/202/201 956/1141/1127
f 955/1155/1141 956/1141/1127 925/1156/1142
f 925/1156/1142 956/1141/1127 924/1142/1128
f 925/1156/1142 924/1142/1128 961/1157/1143
f 961/1157/1143 924/1142/1128 960/1143/1129
f 961/1157/1143 960/1143/1129 980/1158/1144
f 980/1158/1144 960/1143/1129 979/1144/1130
f 980/1158/1144 979/1144/1130 999/1159/1145
f 999/1159/1145 979/1144/1130 998/1145/1131
f 999/1159/1145 998/1145/1131 1018/1160/1146
f 1018/1160/1146 998/1145/1131 1017/1146/1132
f 1018/1160/1146 1017/1146/1132 1037/1161/1147
f 1037/1161/1147 1017/1146/1132 1036/1147/1133
f 1037/1161/1147 1036/1147/1133 1056/1162/1148
f 1056/1162/1148 1036/1147/1133 1055/1148/1134
f 1056/1162/1148 1055/1148/1134 1075/1163/1149
f 1075/1163/1149 1055/1148/1134 1074/1149/1135
f 1075/1163/1149 1074/1149/1135 1094/1164/1150
f 1094/1164/1150 1074/1149/1135 1093/1150/1136
f 1094/1164/1150 1093/1150/1136 1113/1165/1151
f 1113/1165/1151 1093/1150/1136 1112/1151/1137
f 1113/1165/1151 1112/1151/1137 1132/1166/1152
f 1132/1166/1152 1112/1151/1137 1131/1152/1138
f 1132/1166/1152 1131/1152/1138 1151/1167/1153
f 1151/1167/1153 1131/1152/1138 1150/1153/1139
f 1151/1167/1153 1150/1153/1139 1201/1168/1154
f 1201/1168/1154 1150/1153/1139 1202/1154/1140
f 1201/1168/1154 1202/1154/1140 1170/1169/1155
f 1170/1169/1155 1202/1154/1140 1169/167/166
f 1170/1169/1155 1169/167/166 1208/165/164
f 907/206/205 906/204/203 954/1170/1156
f 954/1170/1156 906/204/203 955/1155/1141
f 954/1170/1156 955/1155/1141 926/1171/1157
f 926/1171/1157 955/1155/1141 925/1156/1142
f 926/1171/1157 925/1156/1142 962/1172/1158
f 962/1172/1158 925/1156/1142 961/1157/1143
f 962/1172/1158 961/1157/1143 981/1173/1159
f 981/1173/1159 961/1157/1143 980/1158/1144
f 981/1173/1159 980/1158/1144 1000/1174/1160
f 1000/1174/1160 980/1158/1144 999/1159/1145
f 1000/1174/1160 999/1159/1145 1019/1175/1161
f 1019/1175/1161 999/1159/1145 1018/1160/1146
f 1019/1175/1161 1018/1160/1146 1038/1176/1162
f 1038/1176/1162 1018/1160/1146 1037/1161/1147
f 1038/1176/1162 1037/1161/1147 1057/1177/1163
f 1057/1177/1163 1037/1161/1147 1056/1162/1148
f 1057/1177/1163 1056/1162/1148 1076/1178/1164
f 1076/1178/1164 1056/1162/1148 1075/1163/1149
f 1076/1178/1164 1075/1163/1149 1095/1179/1165
f 1095/1179/1165 1075/1163/1149 1094/1164/1150
f 1095/1179/1165 1094/1164/1150 1114/1180/1166
f 1114/1180/1166 1094/1164/1150 1113/1165/1151
f 1114/1180/1166 1113/1165/1151 1133/1181/1167
f 1133/1181/1167 1113/1165/1151 1132/1166/1152
f 1133/1181/1167 1132/1166/1152 1152/1182/1168
f 1152/1182/1168 1132/1166/1152 1151/1167/1153
f 1152/1182/1168 1151/1167/1153 1200/1183/1169
f 1200/1183/1169 1151/1167/1153 1201/1168/1154
f 1200/1183/1169 1201/1168/1154 1171/1184/1170
f 1171/1184/1170 1201/1168/1154 1170/1169/1155
f 1171/1184/1170 1170/1169/1155 1209/1185/1171
f 1209/1185/1171 1170/1169/1155 1208/165/164
f 1209/1185/1171 1208/165/164 1228/163/162
f 908/208/207 907/206/205 953/1186/1172
f 953/1186/1172 907/206/205 954/1170/1156
f 953/1186/1172 954/1170/1156 927/1187/1173
f 927/1187/1173 954/1170/1156 926/1171/1157
f 927/1187/1173 926/1171/1157 963/1188/1174
f 963/1188/1174 926/1171/1157 962/1172/1158
f 963/1188/1174 962/1172/1158 982/1189/1175
f 982/1189/1175 962/1172/1158 981/1173/1159
f 982/1189/1175 981/1173/1159 1001/1190/1176
f 1001/1190/1176 981/1173/1159 1000/1174/1160
f 1001/1190/1176 1000/1174/1160 1020/1191/1177
f 1020/1191/1177 1000/1174/1160 1019/1175/1161
f 1020/1191/1177 1019/1175/1161 1039/1192/1178
f 1039/1192/1178 1019/1175/1161 1038/1176/1162
f 1039/1192/1178 1038/1176/1162 1058/1193/1179
f 1058/1193/1179 1038/1176/1162 1057/1177/1163
f 1058/1193/1179 1057/1177/1163 1077/1194/1180
f 1077/1194/1180 1057/1177/1163 1076/1178/1164
f 1077/1194/1180 1076/1178/1164 1096/1195/1181
f 1096/1195/1181 1076/1178/1164 1095/1179/1165
f 1096/1195/1181 1095/1179/1165 1115/1196/1182
f 1115/1196/1182 1095/1179/1165 1114/1180/1166
f 1115/1196/1182 1114/1180/1166 1134/1197/1183
f 1134/1197/1183 1114/1180/1166 1133/1181/1167
f 1134/1197/1183 1133/1181/1167 1153/1198/1184
f 1153/1198/1184 1133/1181/1167 1152/1182/1168
f 1153/1198/1184 1152/1182/1168 1199/1199/1185
f 1199/1199/1185 1152/1182/1168 1200/1183/1169
f 1199/1199/1185 1200/1183/1169 1172/1200/1186
f 1172/1200/1186 1200/1183/1169 1171/1184/1170
f 1172/1200/1186 1171/1184/1170 1210/1201/1187
f 1210/1201/1187 1171/1184/1170 1209/1185/1171
f 1210/1201/1187 1209/1185/1171 1229/1202/1188
f 1229/1202/1188 1209/1185/1171 1228/163/162
f 1229/1202/1188 1228/163/162 1248/161/160
f 909/210/209 908/208/207 952/1203/1189
f 952/1203/1189 908/208/207 953/1186/1172
f 952/1203/1189 953/1186/1172 928/1204/1190
f 928/1204/1190 953/1186/1172 927/1187/1173
f 928/1204/1190 927/1187/1173 964/1205/1191
f 964/1205/1191 927/1187/1173 963/1188/1174
f 964/1205/1191 963/1188/1174 983/1206/1192
f 983/1206/1192 963/1188/1174 982/1189/1175
f 983/1206/1192 982/1189/1175 1002/1207/1193
f 1002/1207/1193 982/1189/1175 1001/1190/1176
f 1002/1207/1193 1001/1190/1176 1021/1208/1194
f 1021/1208/1194 1001/1190/1176 1020/1191/1177
f 1021/1208/1194 1020/1191/1177 1040/1209/1195
f 1040/1209/1195 1020/1191/1177 1039/1192/1178
f 1040/1209/1195 1039/1192/1178 1059/1210/1196
f 1059/1210/1196 1039/1192/1178 1058/1193/1179
f 1059/1210/1196 1058/1193/1179 1078/1211/1197
f 1078/1211/1197 1058/1193/1179 1077/1194/1180
f 1078/1211/1197 1077/1194/1180 1097/1212/1198
f 1097/1212/1198 1077/1194/1180 1096/1195/1181
f 1097/1212/1198 1096/1195/1181 1116/1213/1199
f 1116/1213/1199 1096/1195/1181 1115/1196/1182
f 1116/1213/1199 1115/1196/1182 1135/1214/1200
f 1135/1214/1200 1115/1196/1182 1134/1197/1183
f 1135/1214/1200 1134/1197/1183 1154/1215/1201
f 1154/1215/1201 1134/1197/1183 1153/1198/1184
f 1154/1215/1201 1153/1198/1184 1198/1216/1202
f 1198/1216/1202 1153/1198/1184 1199/1199/1185
f 1198/1216/1202 1199/1199/1185 1173/1217/1203
f 1173/1217/1203 1199/1199/1185 1172/1200/1186
f 1173/1217/1203 1172/1200/1186 1211/1218/1204
f 1211/1218/1204 1172/1200/1186 1210/1201/1187
f 1211/1218/1204 1210/1201/1187 1230/1219/1205
f 1230/1219/1205 1210/1201/1187 1229/1202/1188
f 1230/1219/1205 1229/1202/1188 1249/1220/1206
f 1249/1220/1206 1229/1202/1188 1248/161/160
f 1249/1220/1206 1248/161/160 1268/159/158
f 910/212/211 909/210/209 951/1221/1207
f 951/1221/1207 909/210/209 952/1203/1189
f 951/1221/1207 952/1203/1189 929/1222/1208
f 929/1222/1208 952/1203/1189 928/1204/1190
f 929/1222/1208 928/1204/1190 965/1223/1209
f 965/1223/1209 928/1204/1190 964/1205/1191
f 965/1223/1209 964/1205/1191 984/1224/1210
f 984/1224/1210 964/1205/1191 983/1206/1192
f 984/1224/1210 983/1206/1192 1003/1225/1211
f 1003/1225/1211 983/1206/1192 1002/1207/1193
f 1003/1225/1211 1002/1207/1193 1022/1226/1212
f 1022/1226/1212 1002/1207/1193 1021/1208/1194
f 1022/1226/1212 1021/1208/1194 1041/1227/1213
f 1041/1227/1213 1021/1208/1194 1040/1209/1195
f 1041/1227/1213 1040/1209/1195 1060/1228/1214
f 1060/1228/1214 1040/1209/1195 1059/1210/1196
f 1060/1228/1214 1059/1210/1196 1079/1229/1215
f 1079/1229/1215 1059/1210/1196 1078/1211/1197
f 1079/1229/1215 1078/1211/1197 1098/1230/1216
f 1098/1230/1216 1078/1211/1197 1097/1212/1198
f 1098/1230/1216 1097/1212/1198 1117/1231/1217
f 1117/1231/1217 1097/1212/1198 1116/1213/1199
f 1117/1231/1217 1116/1213/1199 1136/1232/1218
f 1136/1232/1218 1116/1213/1199 1135/1214/1200
f 1136/1232/1218 1135/1214/1200 1155/1233/1219
f 1155/1233/1219 1135/1214/1200 1154/1215/1201
f 1155/1233/1219 1154/1215/1201 1197/1234/1220
f 1197/1234/1220 1154/1215/1201 1198/1216/1202
f 1197/1234/1220 1198/1216/1202 1174/1235/1221
f 1174/1235/1221 1198/1216/1202 1173/1217/1203
f 1174/1235/1221 1173/1217/1203 1212/1236/1222
f 1212/1236/1222 1173/1217/1203 1211/1218/1204
f 1212/1236/1222 1211/1218/1204 1231/1237/1223
f 1231/1237/1223 1211/1218/1204 1230/1219/1205
f 1231/1237/1223 1230/1219/1205 1250/1238/1224
f 1250/1238/1224 1230/1219/1205 1249/1220/1206
f 1250/1238/1224 1249/1220/1206 1269/1239/1225
f 1269/1239/1225 1249/1220/1206 1268/159/158
f 1269/1239/1225 1268/159/158 1288/157/156
f 911/214/213 910/212/211 950/1240/1226
f 950/1240/1226 910/212/211 951/1221/1207
f 950/1240/1226 951/1221/1207 930/1241/1227
f 930/1241/1227 951/1221/1207 929/1222/1208
f 930/1241/1227 929/1222/1208 966/1242/1228
f 966/1242/1228 929/1222/1208 965/1223/1209
f 966/1242/1228 965/1223/1209 985/1243/1229
f 985/1243/1229 965/1223/1209 984/1224/1210
f 985/1243/1229 984/1224/1210 1004/1244/1230
f 1004/1244/1230 984/1224/1210 1003/1225/1211
f 1004/1244/1230 1003/1225/1211 1023/1245/1231
f 1023/1245/1231 1003/1225/1211 1022/1226/1212
f 1023/1245/1231 1022/1226/1212 1042/1246/1232
f 1042/1246/1232 1022/1226/1212 1041/1227/1213
f 1042/1246/1232 1041/1227/1213 1061/1247/1233
f 1061/1247/1233 1041/1227/1213 1060/1228/1214
f 1061/1247/1233 1060/1228/1214 1080/1248/1234
f 1080/1248/1234 1060/1228/1214 1079/1229/1215
f 1080/1248/1234 1079/1229/1215 1099/1249/1235
f 1099/1249/1235 1079/1229/1215 1098/1230/1216
f 1099/1249/1235 1098/1230/1216 1118/1250/1236
f 1118/1250/1236 1098/1230/1216 1117/1231/1217
f 1118/1250/1236 1117/1231/1217 1137/1251/1237
f 1137/1251/1237 1117/1231/1217 1136/1232/1218
f 1137/1251/1237 1136/1232/1218 1156/1252/1238
f 1156/1252/1238 1136/1232/1218 1155/1233/1219
f 1156/1252/1238 1155/1233/1219 1196/1253/1239
f 1196/1253/1239 1155/1233/1219 1197/1234/1220
f 1196/1253/1239 1197/1234/1220 1175/1254/1240
f 1175/1254/1240 1197/1234/1220 1174/1235/1221
f 1175/1254/1240 1174/1235/1221 1213/1255/1241
f 1213/1255/1241 1174/1235/1221 1212/1236/1222
f 1213/1255/1241 1212/1236/1222 1232/1256/1242
f 1232/1256/1242 1212/1236/1222 1231/1237/1223
f 1232/1256/1242 1231/1237/1223 1251/1257/1243
f 1251/1257/1243 1231/1237/1223 1250/1238/1224
f 1251/1257/1243 1250/1238/1224 1270/1258/1244
f 1270/1258/1244 1250/1238/1224 1269/1239/1225
f 1270/1258/1244 1269/1239/1225 1289/1259/1245
f 1289/1259/1245 1269/1239/1225 1288/157/156
f 1289/1259/1245 1288/157/156 1308/155/154
f 912/216/215 911/214/213 949/1260/1246
f 949/1260/1246 911/214/213 950/1240/1226
f 949/1260/1246 950/1240/1226 931/1261/1247
f 931/1261/1247 950/1240/1226 930/1241/1227
f 931/1261/1247 930/1241/1227 967/1262/1248
f 967/1262/1248 930/1241/1227 966/1242/1228
f 967/1262/1248 966/1242/1228 986/1263/1249
f 986/1263/1249 966/1242/1228 985/1243/1229
f 986/1263/1249 985/1243/1229 1005/1264/1250
f 1005/1264/1250 985/1243/1229 1004/1244/1230
f 1005/1264/1250 1004/1244/1230 1024/1265/1251
f 1024/1265/1251 1004/1244/1230 1023/1245/1231
f 1024/1265/1251 1023/1245/1231 1043/1266/1252
f 1043/1266/1252 1023/1245/1231 1042/1246/1232
f 1043/1266/1252 1042/1246/1232 1062/1267/1253
f 1062/1267/1253 1042/1246/1232 1061/1247/1233
f 1062/1267/1253 1061/1247/1233 1081/1268/1254
f 1081/1268/1254 1061/1247/1233 1080/1248/1234
f 1081/1268/1254 1080/1248/1234 1100/1269/1255
f 1100/1269/1255 1080/1248/1234 1099/1249/1235
f 1100/1269/1255 1099/1249/1235 1119/1270/1256
f 1119/1270/1256 1099/1249/1235 1118/1250/1236
f 1119/1270/1256 1118/1250/1236 1138/1271/1257
f 1138/1271/1257 1118/1250/1236 1137/1251/1237
f 1138/1271/1257 1137/1251/1237 1157/1272/1258
f 1157/1272/1258 1137/1251/1237 1156/1252/1238
f 1157/1272/1258 1156/1252/1238 1195/1273/1259
f 1195/1273/1259 1156/1252/1238 1196/1253/1239
f 1195/1273/1259 1196/1253/1239 1176/1274/1260
f 1176/1274/1260 1196/1253/1239 1175/1254/1240
f 1176/1274/1260 1175/1254/1240 1214/1275/1261
f 1214/1275/1261 1175/1254/1240 1213/1255/1241
f 1214/1275/1261 1213/1255/1241 1233/1276/1262
f 1233/1276/1262 1213/1255/1241 1232/1256/1242
f 1233/1276/1262 1232/1256/1242 1252/1277/1263
f 1252/1277/1263 1232/1256/1242 1251/1257/1243
f 1252/1277/1263 1251/1257/1243 1271/1278/1264
f 1271/1278/1264 1251/1257/1243 1270/1258/1244
f 1271/1278/1264 1270/1258/1244 1290/1279/1265
f 1290/1279/1265 1270/1258/1244 1289/1259/1245
f 1290/1279/1265 1289/1259/1245 1309/1280/1266
f 1309/1280/1266 1289/1259/1245 1308/155/154
f 1309/1280/1266 1308/155/154 1328/153/152
f 913/218/217 912/216/215 948/1281/1267
f 948/1281/1267 912/216/215 949/1260/1246
f 948/1281/1267 949/1260/1246 932/1282/1268
f 932/1282/1268 949/1260/1246 931/1261/1247
f 932/1282/1268 931/1261/1247 968/1283/1269
f 968/1283/1269 931/1261/1247 967/1262/1248
f 968/1283/1269 967/1262/1248 987/1284/1270
f 987/1284/1270 967/1262/1248 986/1263/1249
f 987/1284/1270 986/1263/1249 1006/1285/1271
f 1006/1285/1271 986/1263/1249 1005/1264/1250
f 1006/1285/1271 1005/1264/1250 1025/1286/1272
f 1025/1286/1272 1005/1264/1250 1024/1265/1251
f 1025/1286/1272 1024/1265/1251 1044/1287/1273
f 1044/1287/1273 1024/1265/1251 1043/1266/1252
f 1044/1287/1273 1043/1266/1252 1063/1288/1274
f 1063/1288/1274 1043/1266/1252 1062/1267/1253
f 1063/1288/1274 1062/1267/1253 1082/1289/1275
f 1082/1289/1275 1062/1267/1253 1081/1268/1254
f 1082/1289/1275 1081/1268/1254 1101/1290/1276
f 1101/1290/1276 1081/1268/1254 1100/1269/1255
f 1101/1290/1276 1100/1269/1255 1120/1291/1277
f 1120/1291/1277 1100/1269/1255 1119/1270/1256
f 1120/1291/1277 1119/1270/1256 1139/1292/1278
f 1139/1292/1278 1119/1270/1256 1138/1271/1257
f 1139/1292/1278 1138/1271/1257 1158/1293/1279
f 1158/1293/1279 1138/1271/1257 1157/1272/1258
f 1158/1293/1279 1157/1272/1258 1194/1294/1280
f 1194/1294/1280 1157/1272/1258 1195/1273/1259
f 1194/1294/1280 1195/1273/1259 1177/1295/1281
f 1177/1295/1281 1195/1273/1259 1176/1274/1260
f 1177/1295/1281 1176/1274/1260 1215/1296/1282
f 1215/1296/1282 1176/1274/1260 1214/1275/1261
f 1215/1296/1282 1214/1275/1261 1234/1297/1283
f 1234/1297/1283 1214/1275/1261 1233/1276/1262
f 1234/1297/1283 1233/1276/1262 1253/1298/1284
f 1253/1298/1284 1233/1276/1262 1252/1277/1263
f 1253/1298/1284 1252/1277/1263 1272/1299/1285
f 1272/1299/1285 1252/1277/1263 1271/1278/1264
f 1272/1299/1285 1271/1278/1264 1291/1300/1286
f 1291/1300/1286 1271/1278/1264 1290/1279/1265
f 1291/1300/1286 1290/1279/1265 1310/1301/1287
f 1310/1301/1287 1290/1279/1265 1309/1280/1266
f 1310/1301/1287 1309/1280/1266 1329/1302/1288
f 1329/1302/1288 1309/1280/1266 1328/153/152
f 1329/1302/1288 1328/153/152 1348/151/150
f 914/220/219 913/218/217 947/1303/1289
f 947/1303/1289 913/218/217 948/1281/1267
f 947/1303/1289 948/1281/1267 933/1304/1290
f 933/1304/1290 948/1281/1267 932/1282/1268
f 933/1304/1290 932/1282/1268 969/1305/1291
f 969/1305/1291 932/1282/1268 968/1283/1269
f 969/1305/1291 968/1283/1269 988/1306/1292
f 988/1306/1292 968/1283/1269 987/1284/1270
f 988/1306/1292 987/1284/1270 1007/1307/1293
f 1007/1307/1293 987/1284/1270 1006/1285/1271
f 1007/1307/1293 1006/1285/1271 1026/1308/1294
f 1026/1308/1294 1006/1285/1271 1025/1286/1272
f 1026/1308/1294 1025/1286/1272 1045/1309/1295
f 1045/1309/1295 1025/1286/1272 1044/1287/1273
f 1045/1309/1295 1044/1287/1273 1064/1310/1296
f 1064/1310/1296 1044/1287/1273 1063/1288/1274
f 1064/1310/1296 1063/1288/1274 1083/1311/1297
f 1083/1311/1297 1063/1288/1274 1082/1289/1275
f 1083/1311/1297 1082/1289/1275 1102/1312/1298
f 1102/1312/1298 1082/1289/1275 1101/1290/1276
f 1102/1312/1298 1101/1290/1276 1121/1313/1299
f 1121/1313/1299 1101/1290/1276 1120/1291/1277
f 1121/1313/1299 1120/1291/1277 1140/1314/1300
f 1140/1314/1300 1120/1291/1277 1139/1292/1278
f 1140/1314/1300 1139/1292/1278 1159/1315/1301
f 1159/1315/1301 1139/1292/1278 1158/1293/1279
f 1159/1315/1301 1158/1293/1279 1193/1316/1302
f 1193/1316/1302 1158/1293/1279 1194/1294/1280
f 1193/1316/1302 1194/1294/1280 1178/1317/1303
f 1178/1317/1303 1194/1294/1280 1177/1295/1281
f 1178/1317/1303 1177/1295/1281 1216/1318/1304
f 1216/1318/1304 1177/1295/1281 1215/1296/1282
f 1216/1318/1304 1215/1296/1282 1235/1319/1305
f 1235/1319/1305 1215/1296/1282 1234/1297/1283
f 1235/1319/1305 1234/1297/1283 1254/1320/1306
f 1254/1320/1306 1234/1297/1283 1253/1298/1284
f 1254/1320/1306 1253/1298/1284 1273/1321/1307
f 1273/1321/1307 1253/1298/1284 1272/1299/1285
f 1273/1321/1307 1272/1299/1285 1292/1322/1308
f 1292/1322/1308 1272/1299/1285 1291/1300/1286
f 1292/1322/1308 1291/1300/1286 1311/1323/1309
f 1311/1323/1309 1291/1300/1286 1310/1301/1287
f 1311/1323/1309 1310/1301/1287 1330/1324/1310
f 1330/1324/1310 1310/1301/1287 1329/1302/1288
f 1330/1324/1310 1329/1302/1288 1349/1325/1311
f 1349/1325/1311 1329/1302/1288 1348/151/150
f 1349/1325/1311 1348/151/150 1368/149/148
f 915/222/221 914/220/219 946/1326/1312
f 946/1326/1312 914/220/219 947/1303/1289
f 946/1326/1312 947/1303/1289 934/1327/1313
f 934/1327/1313 947/1303/1289 933/1304/1290
f 934/1327/1313 933/1304/1290 970/1328/1314
f 970/1328/1314 933/1304/1290 969/1305/1291
f 970/1328/1314 969/1305/1291 989/1329/1315
f 989/1329/1315 969/1305/1291 988/1306/1292
f 989/1329/1315 988/1306/1292 1008/1330/1316
f 1008/1330/1316 988/1306/1292 1007/1307/1293
f 1008/1330/1316 1007/1307/1293 1027/1331/1317
f 1027/1331/1317 1007/1307/1293 1026/1308/1294
f 1027/1331/1317 1026/1308/1294 1046/1332/1318
f 1046/1332/1318 1026/1308/1294 1045/1309/1295
f 1046/1332/1318 1045/1309/1295 1065/1333/1319
f 1065/1333/1319 1045/1309/1295 1064/1310/1296
f 1065/1333/1319 1064/1310/1296 1084/1334/1320
f 1084/1334/1320 1064/1310/1296 1083/1311/1297
f 1084/1334/1320 1083/1311/1297 1103/1335/1321
f 1103/1335/1321 1083/1311/1297 1102/1312/1298
f 1103/1335/1321 1102/1312/1298 1122/1336/1322
f 1122/1336/1322 1102/1312/1298 1121/1313/1299
f 1122/1336/1322 1121/1313/1299 1141/1337/1323
f 1141/1337/1323 1121/1313/1299 1140/1314/1300
f 1141/1337/1323 1140/1314/1300 1160/1338/1324
f 1160/1338/1324 1140/1314/1300 1159/1315/1301
f 1160/1338/1324 1159/1315/1301 1192/1339/1325
f 1192/1339/1325 1159/1315/1301 1193/1316/1302
f 1192/1339/1325 1193/1316/1302 1179/1340/1326
f 1179/1340/1326 1193/1316/1302 1178/1317/1303
f 1179/1340/1326 1178/1317/1303 1217/1341/1327
f 1217/1341/1327 1178/1317/1303 1216/1318/1304
f 1217/1341/1327 1216/1318/1304 1236/1342/1328
f 1236/1342/1328 1216/1318/1304 1235/1319/1305
f 1236/1342/1328 1235/1319/1305 1255/1343/1329
f 1255/1343/1329 1235/1319/1305 1254/1320/1306
f 1255/1343/1329 1254/1320/1306 1274/1344/1330
f 1274/1344/1330 1254/1320/1306 1273/1321/1307
f 1274/1344/1330 1273/1321/1307 1293/1345/1331
f 1293/1345/1331 1273/1321/1307 1292/1322/1308
f 1293/1345/1331 1292/1322/1308 1312/1346/1332
f 1312/1346/1332 1292/1322/1308 1311/1323/1309
f 1312/1346/1332 1311/1323/1309 1331/1347/1333
f 1331/1347/1333 1311/1323/1309 1330/1324/1310
f 1331/1347/1333 1330/1324/1310 1350/1348/1334
f 1350/1348/1334 1330/1324/1310 1349/1325/1311
f 1350/1348/1334 1349/1325/1311 1369/1349/1335
f 1369/1349/1335 1349/1325/1311 1368/149/148
f 1369/1349/1335 1368/149/148 1388/147/146
f 916/224/223 915/222/221 945/1350/1336
f 945/1350/1336 915/222/221 946/1326/1312
f 945/1350/1336 946/1326/1312 935/1351/1337
f 935/1351/1337 946/1326/1312 934/1327/1313
f 935/1351/1337 934/1327/1313 971/1352/1338
f 971/1352/1338 934/1327/1313 970/1328/1314
f 971/1352/1338 970/1328/1314 990/1353/1339
f 990/1353/1339 970/1328/1314 989/1329/1315
f 990/1353/1339 989/1329/1315 1009/1354/1340
f 1009/1354/1340 989/1329/1315 1008/1330/1316
f 1009/1354/1340 1008/1330/1316 1028/1355/1341
f 1028/1355/1341 1008/1330/1316 1027/1331/1317
f 1028/1355/1341 1027/1331/1317 1047/1356/1342
f 1047/1356/1342 1027/1331/1317 1046/1332/1318
f 1047/1356/1342 1046/1332/1318 1066/1357/1343
f 1066/1357/1343 1046/1332/1318 1065/1333/1319
f 1066/1357/1343 1065/1333/1319 1085/1358/1344
f 1085/1358/1344 1065/1333/1319 1084/1334/1320
f 1085/1358/1344 1084/1334/1320 1104/1359/1345
f 1104/1359/1345 1084/1334/1320 1103/1335/1321
f 1104/1359/1345 1103/1335/1321 1123/1360/1346
f 1123/1360/1346 1103/1335/1321 1122/1336/1322
f 1123/1360/1346 1122/1336/1322 1142/1361/1347
f 1142/1361/1347 1122/1336/1322 1141/1337/1323
f 1142/1361/1347 1141/1337/1323 1161/1362/1348
f 1161/1362/1348 1141/1337/1323 1160/1338/1324
f 1161/1362/1348 1160/1338/1324 1191/1363/1349
f 1191/1363/1349 1160/1338/1324 1192/1339/1325
f 1191/1363/1349 1192/1339/1325 1180/1364/1350
f 1180/1364/1350 1192/1339/1325 1179/1340/1326
f 1180/1364/1350 1179/1340/1326 1218/1365/1351
f 1218/1365/1351 1179/1340/1326 1217/1341/1327
f 1218/1365/1351 1217/1341/1327 1237/1366/1352
f 1237/1366/1352 1217/1341/1327 1236/1342/1328
f 1237/1366/1352 1236/1342/1328 1256/1367/1353
f 1256/1367/1353 1236/1342/1328 1255/1343/1329
f 1256/1367/1353 1255/1343/1329 1275/1368/1354
f 1275/1368/1354 1255/1343/1329 1274/1344/1330
f 1275/1368/1354 1274/1344/1330 1294/1369/1355
f 1294/1369/1355 1274/1344/1330 1293/1345/1331
f 1294/1369/1355 1293/1345/1331 1313/1370/1356
f 1313/1370/1356 1293/1345/1331 1312/1346/1332
f 1313/1370/1356 1312/1346/1332 1332/1371/1357
f 1332/1371/1357 1312/1346/1332 1331/1347/1333
f 1332/1371/1357 1331/1347/1333 1351/1372/1358
f 1351/1372/1358 1331/1347/1333 1350/1348/1334
f 1351/1372/1358 1350/1348/1334 1370/1373/1359
f 1370/1373/1359 1350/1348/1334 1369/1349/1335
f 1370/1373/1359 1369/1349/1335 1389/1374/1360
f 1389/1374/1360 1369/1349/1335 1388/147/146
f 1389/1374/1360 1388/147/146 1408/145/144
f 943/90/90 918/88/88 917/226/225
f 917/226/225 916/224/223 944/1375/1361
f 944/1375/1361 916/224/223 945/1350/1336
f 944/1375/1361 945/1350/1336 936/1376/1362
f 936/1376/1362 945/1350/1336 935/1351/1337
f 936/1376/1362 935/1351/1337 972/1377/1363
f 972/1377/1363 935/1351/1337 971/1352/1338
f 972/1377/1363 971/1352/1338 991/1378/1364
f 991/1378/1364 971/1352/1338 990/1353/1339
f 991/1378/1364 990/1353/1339 1010/1379/1365
f 1010/1379/1365 990/1353/1339 1009/1354/1340
f 1010/1379/1365 1009/1354/1340 1029/1380/1366
f 1029/1380/1366 1009/1354/1340 1028/1355/1341
f 1029/1380/1366 1028/1355/1341 1048/1381/1367
f 1048/1381/1367 1028/1355/1341 1047/1356/1342
f 1048/1381/1367 1047/1356/1342 1067/1382/1368
f 1067/1382/1368 1047/1356/1342 1066/1357/1343
f 1067/1382/1368 1066/1357/1343 1086/1383/1369
f 1086/1383/1369 1066/1357/1343 1085/1358/1344
f 1086/1383/1369 1085/1358/1344 1105/1384/1370
f 1105/1384/1370 1085/1358/1344 1104/1359/1345
f 1105/1384/1370 1104/1359/1345 1124/1385/1371
f 1124/1385/1371 1104/1359/1345 1123/1360/1346
f 1124/1385/1371 1123/1360/1346 1143/1386/1372
f 1143/1386/1372 1123/1360/1346 1142/1361/1347
f 1143/1386/1372 1142/1361/1347 1162/1387/1373
f 1162/1387/1373 1142/1361/1347 1161/1362/1348
f 1162/1387/1373 1161/1362/1348 1190/1388/1374
f 1190/1388/1374 1161/1362/1348 1191/1363/1349
f 1190/1388/1374 1191/1363/1349 1181/1389/1375
f 1181/1389/1375 1191/1363/1349 1180/1364/1350
f 1181/1389/1375 1180/1364/1350 1219/1390/1376
f 1219/1390/1376 1180/1364/1350 1218/1365/1351
f 1219/1390/1376 1218/1365/1351 1238/1391/1377
f 1238/1391/1377 1218/1365/1351 1237/1366/1352
f 1238/1391/1377 1237/1366/1352 1257/1392/1378
f 1257/1392/1378 1237/1366/1352 1256/1367/1353
f 1257/1392/1378 1256/1367/1353 1276/1393/1379
f 1276/1393/1379 1256/1367/1353 1275/1368/1354
f 1276/1393/1379 1275/1368/1354 1295/1394/1380
f 1295/1394/1380 1275/1368/1354 1294/1369/1355
f 1295/1394/1380 1294/1369/1355 1314/1395/1381
f 1314/1395/1381 1294/1369/1355 1313/1370/1356
f 1314/1395/1381 1313/1370/1356 1333/1396/1382
f 1333/1396/1382 1313/1370/1356 1332/1371/1357
f 1333/1396/1382 1332/1371/1357 1352/1397/1383
f 1352/1397/1383 1332/1371/1357 1351/1372/1358
f 1352/1397/1383 1351/1372/1358 1371/1398/1384
f 1371/1398/1384 1351/1372/1358 1370/1373/1359
f 1371/1398/1384 1370/1373/1359 1390/1399/1385
f 1390/1399/1385 1370/1373/1359 1389/1374/1360
f 1390/1399/1385 1389/1374/1360 1409/143/142
f 1409/143/142 1389/1374/1360 1408/145/144
f 145/838/824 921/840/826 920/1115/1101
f 920/1115/1101 921/840/826 901/842/828
f 145/838/824 920/1115/1101 941/1116/1102
f 936/1376/1362 937/92/92 944/1375/1361
f 944/1375/1361 937/92/92 943/90/90
f 944/1375/1361 943/90/90 917/226/225
f 937/92/92 936/1376/1362 973/94/94
f 973/94/94 936/1376/1362 972/1377/1363
f 973/94/94 972/1377/1363 992/96/96
f 992/96/96 972/1377/1363 991/1378/1364
f 992/96/96 991/1378/1364 1011/98/98
f 1011/98/98 991/1378/1364 1010/1379/1365
f 1011/98/98 1010/1379/1365 1030/100/100
f 1030/100/100 1010/1379/1365 1029/1380/1366
f 1030/100/100 1029/1380/1366 1049/102/102
f 1049/102/102 1029/1380/1366 1048/1381/1367
f 1049/102/102 1048/1381/1367 1068/104/104
f 1068/104/104 1048/1381/1367 1067/1382/1368
f 1068/104/104 1067/1382/1368 1087/106/106
f 1087/106/106 1067/1382/1368 1086/1383/1369
f 1087/106/106 1086/1383/1369 1106/108/108
f 1106/108/108 1086/1383/1369 1105/1384/1370
f 1106/108/108 1105/1384/1370 1125/110/110
f 1125/110/110 1105/1384/1370 1124/1385/1371
f 1125/110/110 1124/1385/1371 1144/112/112
f 1144/112/112 1124/1385/1371 1143/1386/1372
f 1144/112/112 1143/1386/1372 1163/114/114
f 1163/114/114 1143/1386/1372 1162/1387/1373
f 1163/114/114 1162/1387/1373 1189/116/116
f 1189/116/116 1162/1387/1373 1190/1388/1374
f 1189/116/116 1190/1388/1374 1182/118/118
f 1182/118/118 1190/1388/1374 1181/1389/1375
f 1182/118/118 1181/1389/1375 1220/120/120
f 1220/120/120 1181/1389/1375 1219/1390/1376
f 1220/120/120 1219/1390/1376 1239/122/122
f 1239/122/122 1219/1390/1376 1238/1391/1377
f 1239/122/122 1238/1391/1377 1258/124/124
f 1258/124/124 1238/1391/1377 1257/1392/1378
f 1258/124/124 1257/1392/1378 1277/126/126
f 1277/126/126 1257/1392/1378 1276/1393/1379
f 1277/126/126 1276/1393/1379 1296/128/128
f 1296/128/128 1276/1393/1379 1295/1394/1380
f 1296/128/128 1295/1394/1380 1315/130/130
f 1315/130/130 1295/1394/1380 1314/1395/1381
f 1315/130/130 1314/1395/1381 1334/132/132
f 1334/132/132 1314/1395/1381 1333/1396/1382
f 1334/132/132 1333/1396/1382 1353/134/134
f 1353/134/134 1333/1396/1382 1352/1397/1383
f 1353/134/134 1352/1397/1383 1372/136/136
f 1372/136/136 1352/1397/1383 1371/1398/1384
f 1372/136/136 1371/1398/1384 1391/138/138
f 1391/138/138 1371/1398/1384 1390/1399/1385
f 1391/138/138 1390/1399/1385 1410/140/140
f 1410/140/140 1390/1399/1385 1409/143/142
f 145/838/824 941/1116/1102 940/836/822
f 940/836/822 941/1116/1102 939/1117/1103
f 940/836/822 939/1117/1103 976/834/820
f 976/834/820 939/1117/1103 975/1118/1104
f 976/834/820 975/1118/1104 995/832/818
f 995/832/818 975/1118/1104 994/1119/1105
f 995/832/818 994/1119/1105 1014/830/816
f 1014/830/816 994/1119/1105 1013/1120/1106
f 1014/830/816 1013/1120/1106 1033/828/814
f 1033/828/814 1013/1120/1106 1032/1121/1107
f 1033/828/814 1032/1121/1107 1052/826/812
f 1052/826/812 1032/1121/1107 1051/1122/1108
f 1052/826/812 1051/1122/1108 1071/824/810
f 1071/824/810 1051/1122/1108 1070/1123/1109
f 1071/824/810 1070/1123/1109 1090/822/808
f 1090/822/808 1070/1123/1109 1089/1124/1110
f 1090/822/808 1089/1124/1110 1109/820/806
f 1109/820/806 1089/1124/1110 1108/1125/1111
f 1109/820/806 1108/1125/1111 1128/818/804
f 1128/818/804 1108/1125/1111 1127/1126/1112
f 1128/818/804 1127/1126/1112 1147/816/802
f 1147/816/802 1127/1126/1112 1146/1127/1113
f 1147/816/802 1146/1127/1113 1166/814/800
f 1166/814/800 1146/1127/1113 1165/813/799
f 1166/814/800 1165/813/799 1186/812/798
f 1204/170/169 1167/701/698 1168/168/167
f 1168/168/167 1167/701/698 1206/1400/1386
f 1168/168/167 1206/1400/1386 1207/166/165
f 1207/166/165 1206/1400/1386 1226/1401/1387
f 1207/166/165 1226/1401/1387 1227/164/163
f 1227/164/163 1226/1401/1387 1246/747/740
f 1167/701/698 1205/703/700 1206/1400/1386
f 1206/1400/1386 1205/703/700 1225/1402/1388
f 1206/1400/1386 1225/1402/1388 1226/1401/1387
f 1226/1401/1387 1225/1402/1388 1245/1403/1389
f 1226/1401/1387 1245/1403/1389 1246/747/740
f 1246/747/740 1245/1403/1389 1265/745/738
f 1205/703/700 1224/705/702 1225/1402/1388
f 1225/1402/1388 1224/705/702 1244/1404/1390
f 1225/1402/1388 1244/1404/1390 1245/1403/1389
f 1245/1403/1389 1244/1404/1390 1264/1405/1391
f 1245/1403/1389 1264/1405/1391 1265/745/738
f 1265/745/738 1264/1405/1391 1284/743/736
f 1224/705/702 1243/707/704 1244/1404/1390
f 1244/1404/1390 1243/707/704 1263/1406/1392
f 1244/1404/1390 1263/1406/1392 1264/1405/1391
f 1264/1405/1391 1263/1406/1392 1283/1407/1393
f 1264/1405/1391 1283/1407/1393 1284/743/736
f 1284/743/736 1283/1407/1393 1303/741/734
f 1243/707/704 1262/709/706 1263/1406/1392
f 1263/1406/1392 1262/709/706 1282/1408/1394
f 1263/1406/1392 1282/1408/1394 1283/1407/1393
f 1283/1407/1393 1282/1408/1394 1302/1409/1395
f 1283/1407/1393 1302/1409/1395 1303/741/734
f 1303/741/734 1302/1409/1395 1322/739/732
f 1287/158/157 1267/160/159 1286/755/747
f 1262/709/706 1281/711/708 1282/1408/1394
f 1282/1408/1394 1281/711/708 1301/1410/1396
f 1282/1408/1394 1301/1410/1396 1302/1409/1395
f 1302/1409/1395 1301/1410/1396 1321/1411/1397
f 1302/1409/1395 1321/1411/1397 1322/739/732
f 1322/739/732 1321/1411/1397 1341/737/730
f 1287/158/157 1286/755/747 1306/1412/1398
f 1306/1412/1398 1286/755/747 1305/754/746
f 1306/1412/1398 1305/754/746 1325/1413/1399
f 1325/1413/1399 1305/754/746 1324/753/745
f 1325/1413/1399 1324/753/745 1344/1414/1400
f 1344/1414/1400 1324/753/745 1343/752/744
f 1344/1414/1400 1343/752/744 1363/1415/1401
f 1363/1415/1401 1343/752/744 1362/751/743
f 1363/1415/1401 1362/751/743 1382/1416/1402
f 1382/1416/1402 1362/751/743 1381/750/742
f 1382/1416/1402 1381/750/742 1401/756/748
f 1401/756/748 1381/750/742 1400/749/741
f 1281/711/708 1300/713/710 1301/1410/1396
f 1301/1410/1396 1300/713/710 1320/1417/1403
f 1301/1410/1396 1320/1417/1403 1321/1411/1397
f 1321/1411/1397 1320/1417/1403 1340/1418/1404
f 1321/1411/1397 1340/1418/1404 1341/737/730
f 1341/737/730 1340/1418/1404 1360/735/728
f 1287/158/157 1306/1412/1398 1307/156/155
f 1307/156/155 1306/1412/1398 1326/1419/1405
f 1307/156/155 1326/1419/1405 1327/154/153
f 1327/154/153 1326/1419/1405 1346/766/756
f 1326/1419/1405 1306/1412/1398 1325/1413/1399
f 1300/713/710 1319/715/712 1320/1417/1403
f 1320/1417/1403 1319/715/712 1339/1420/1406
f 1320/1417/1403 1339/1420/1406 1340/1418/1404
f 1340/1418/1404 1339/1420/1406 1359/1421/1407
f 1340/1418/1404 1359/1421/1407 1360/735/728
f 1360/735/728 1359/1421/1407 1379/733/726
f 1326/1419/1405 1325/1413/1399 1345/1422/1408
f 1345/1422/1408 1325/1413/1399 1344/1414/1400
f 1345/1422/1408 1344/1414/1400 1364/1423/1409
f 1364/1423/1409 1344/1414/1400 1363/1415/1401
f 1364/1423/1409 1363/1415/1401 1383/1424/1410
f 1383/1424/1410 1363/1415/1401 1382/1416/1402
f 1383/1424/1410 1382/1416/1402 1402/758/749
f 1402/758/749 1382/1416/1402 1401/756/748
f 1319/715/712 1338/717/714 1339/1420/1406
f 1339/1420/1406 1338/717/714 1358/1425/1411
f 1339/1420/1406 1358/1425/1411 1359/1421/1407
f 1359/1421/1407 1358/1425/1411 1378/1426/1412
f 1359/1421/1407 1378/1426/1412 1379/733/726
f 1379/733/726 1378/1426/1412 1398/731/724
f 1365/764/754 1346/766/756 1345/1422/1408
f 1345/1422/1408 1346/766/756 1326/1419/1405
f 1365/764/754 1345/1422/1408 1364/1423/1409
f 1338/717/714 1357/719/716 1358/1425/1411
f 1358/1425/1411 1357/719/716 1377/1427/1413
f 1358/1425/1411 1377/1427/1413 1378/1426/1412
f 1378/1426/1412 1377/1427/1413 1397/729/723
f 1378/1426/1412 1397/729/723 1398/731/724
f 1384/762/752 1365/764/754 1364/1423/1409
f 1384/762/752 1364/1423/1409 1383/1424/1410
f 1393/779/765 1373/135/135 1392/137/137
f 1357/719/716 1376/721/718 1377/1427/1413
f 1377/1427/1413 1376/721/718 1396/727/722
f 1377/1427/1413 1396/727/722 1397/729/723
f 1395/723/720 1396/727/722 1376/721/718
f 1403/760/750 1384/762/752 1383/1424/1410
f 1403/760/750 1383/1424/1410 1402/758/749
f 1407/146/145 1387/148/147 1406/771/759
f 1411/139/139 1412/772/760 1392/137/137
f 1392/137/137 1412/772/760 1393/779/765
f 1412/772/760 1413/774/761 1393/779/765
usemtl Acciaio_-_Satinato
f 15/1428/593 14/1429/592 43/1430/1414
f 43/1430/1414 14/1429/592 77/1431/721
f 43/1430/1414 77/1431/721 44/1432/1415
f 44/1432/1415 77/1431/721 45/1433/1416
f 45/1433/1416 77/1431/721 46/1434/687
f 46/1434/687 77/1431/721 47/1435/689
f 47/1435/689 77/1431/721 48/1436/1417
f 48/1436/1417 77/1431/721 49/1437/1418
f 49/1437/1418 77/1431/721 50/1438/1419
f 50/1438/1419 77/1431/721 76/1439/719
f 50/1438/1419 76/1439/719 75/1440/717
f 75/1440/717 74/1441/1420 50/1438/1419
f 50/1438/1419 74/1441/1420 73/1442/1421
f 50/1438/1419 73/1442/1421 72/1443/1422
f 50/1438/1419 72/1443/1422 51/1444/1423
f 51/1444/1423 72/1443/1422 71/1445/1424
f 51/1444/1423 71/1445/1424 52/1446/1425
f 52/1446/1425 71/1445/1424 70/1447/1426
f 52/1446/1425 70/1447/1426 53/1448/194
f 53/1448/194 70/1447/1426 54/1449/192
f 54/1449/192 70/1447/1426 55/1450/190
f 55/1450/190 70/1447/1426 56/1451/1427
f 56/1451/1427 70/1447/1426 57/1452/1428
f 57/1452/1428 70/1447/1426 69/1453/705
f 57/1452/1428 69/1453/705 68/1454/703
f 68/1454/703 67/1455/1429 57/1452/1428
f 57/1452/1428 67/1455/1429 66/1456/1430
f 57/1452/1428 66/1456/1430 65/1457/1431
f 57/1452/1428 65/1457/1431 58/1458/1432
f 58/1458/1432 65/1457/1431 64/1459/1433
f 58/1458/1432 64/1459/1433 59/1460/1434
f 59/1460/1434 64/1459/1433 63/1461/1435
f 59/1460/1434 63/1461/1435 60/1462/180
f 60/1462/180 63/1461/1435 62/1463/176
f 60/1462/180 62/1463/176 61/1464/178
f 42/1465/1436 20/1466/603 43/1430/1414
f 43/1430/1414 20/1466/603 19/1467/601
f 43/1430/1414 19/1467/601 18/1468/599
f 42/1465/1436 41/1469/677 20/1466/603
f 20/1466/603 41/1469/677 40/1470/672
f 20/1466/603 40/1470/672 39/1471/668
f 39/1471/668 38/1472/1437 20/1466/603
f 20/1466/603 38/1472/1437 37/1473/1438
f 20/1466/603 37/1473/1438 21/1474/605
f 21/1474/605 37/1473/1438 22/1475/607
f 22/1475/607 37/1473/1438 23/1476/609
f 23/1476/609 37/1473/1438 24/1477/1439
f 24/1477/1439 37/1473/1438 36/1478/1440
f 24/1477/1439 36/1478/1440 25/1479/1441
f 25/1479/1441 36/1478/1440 26/1480/615
f 26/1480/615 36/1478/1440 35/1481/1442
f 26/1480/615 35/1481/1442 34/1482/648
f 34/1482/648 33/1483/644 26/1480/615
f 26/1480/615 33/1483/644 32/1484/640
f 26/1480/615 32/1484/640 31/1485/1443
f 31/1485/1443 30/1486/1444 26/1480/615
f 26/1480/615 30/1486/1444 29/1487/628
f 26/1480/615 29/1487/628 28/1488/624
f 28/1488/624 27/1489/617 26/1480/615
f 18/1468/599 17/1490/597 43/1430/1414
f 43/1430/1414 17/1490/597 16/1491/595
f 43/1430/1414 16/1491/595 15/1428/593
f 1477/1492/1445 1414/1493/1446 1543/1494/1447
f 1543/1494/1447 1414/1493/1446 1415/1495/1448
f 1543/1494/1447 1415/1495/1448 1542/1496/1449
f 1542/1496/1449 1415/1495/1448 1416/1497/1450
f 1542/1496/1449 1416/1497/1450 1417/1498/1451
f 1542/1496/1449 1417/1498/1451 1544/1499/1452
f 1544/1499/1452 1417/1498/1451 1418/1500/1453
f 1544/1499/1452 1418/1500/1453 1545/1501/1454
f 1545/1501/1454 1418/1500/1453 1419/1502/1455
f 1545/1501/1454 1419/1502/1455 1420/1503/1456
f 1545/1501/1454 1420/1503/1456 1546/1504/1457
f 1546/1504/1457 1420/1503/1456 1421/1505/1458
f 1546/1504/1457 1421/1505/1458 1422/1506/1459
f 1546/1504/1457 1422/1506/1459 1547/1507/1460
f 1547/1507/1460 1422/1506/1459 1423/1508/1461
f 1547/1507/1460 1423/1508/1461 1424/1509/1462
f 1547/1507/1460 1424/1509/1462 1548/1510/1463
f 1548/1510/1463 1424/1509/1462 1425/1511/1464
f 1548/1510/1463 1425/1511/1464 1426/1512/1465
f 1548/1510/1463 1426/1512/1465 1549/1513/1466
f 1549/1513/1466 1426/1512/1465 1427/1514/1467
f 1549/1513/1466 1427/1514/1467 1550/1515/1468
f 1550/1515/1468 1427/1514/1467 1428/1516/1469
f 1550/1515/1468 1428/1516/1469 1429/1517/1470
f 1550/1515/1468 1429/1517/1470 1551/1518/1471
f 1551/1519/1471 1429/1520/1470 1430/1521/1472
f 1551/1519/1471 1430/1521/1472 1431/1522/1473
f 1551/1519/1471 1431/1522/1473 1552/1523/1474
f 1552/1523/1474 1431/1522/1473 1432/1524/1475
f 1552/1523/1474 1432/1524/1475 1433/1525/1476
f 1552/1523/1474 1433/1525/1476 1553/1526/1477
f 1553/1526/1477 1433/1525/1476 1434/1527/1478
f 1553/1526/1477 1434/1527/1478 1554/1528/1479
f 1554/1528/1479 1434/1527/1478 1435/1529/1480
f 1554/1528/1479 1435/1529/1480 1436/1530/1481
f 1554/1528/1479 1436/1530/1481 1555/1531/1482
f 1555/1531/1482 1436/1530/1481 1437/1532/1483
f 1555/1531/1482 1437/1532/1483 1438/1533/1484
f 1555/1531/1482 1438/1533/1484 1556/1534/1485
f 1556/1534/1485 1438/1533/1484 1439/1535/1486
f 1556/1534/1485 1439/1535/1486 1440/1536/1487
f 1556/1534/1485 1440/1536/1487 1557/1537/1488
f 1557/1537/1488 1440/1536/1487 1441/1538/1489
f 1557/1537/1488 1441/1538/1489 1442/1539/1490
f 1557/1537/1488 1442/1539/1490 1558/1540/1491
f 1558/1540/1491 1442/1539/1490 1443/1541/1492
f 1558/1540/1491 1443/1541/1492 1559/1542/1493
f 1559/1542/1493 1443/1541/1492 1444/1543/1494
f 1559/1542/1493 1444/1543/1494 1445/1544/1495
f 1559/1542/1493 1445/1544/1495 1560/1545/1496
f 1560/1545/1496 1445/1544/1495 1446/1546/1497
f 1560/1545/1496 1446/1546/1497 1447/1547/1498
f 1560/1545/1496 1447/1547/1498 1561/1548/1499
f 1561/1548/1499 1447/1547/1498 1448/1549/1500
f 1561/1548/1499 1448/1549/1500 1449/1550/1501
f 1561/1548/1499 1449/1550/1501 1562/1551/1502
f 1562/1551/1502 1449/1550/1501 1450/1552/1503
f 1562/1551/1502 1450/1552/1503 1563/1553/1504
f 1563/1553/1504 1450/1552/1503 1451/1554/1505
f 1563/1553/1504 1451/1554/1505 1452/1555/1506
f 1563/1553/1504 1452/1555/1506 1564/1556/1507
f 1564/1556/1507 1452/1555/1506 1453/1557/1508
f 1564/1556/1507 1453/1557/1508 1454/1558/1509
f 1564/1556/1507 1454/1558/1509 1565/1559/1510
f 1565/1559/1510 1454/1558/1509 1455/1560/1511
f 1565/1559/1510 1455/1560/1511 1456/1561/1512
f 1565/1559/1510 1456/1561/1512 1566/1562/1513
f 1566/1562/1513 1456/1561/1512 1457/1563/1514
f 1566/1562/1513 1457/1563/1514 1458/1564/1515
f 1566/1562/1513 1458/1564/1515 1567/1565/1516
f 1567/1565/1516 1458/1564/1515 1459/1566/1517
f 1567/1565/1516 1459/1566/1517 1568/1567/1518
f 1568/1567/1518 1459/1566/1517 1460/1568/1519
f 1568/1567/1518 1460/1568/1519 1461/1569/1520
f 1568/1567/1518 1461/1569/1520 1569/1570/1521
f 1569/1570/1521 1461/1569/1520 1462/1571/1522
f 1569/1570/1521 1462/1571/1522 1463/1572/1523
f 1569/1570/1521 1463/1572/1523 1570/1573/1524
f 1570/1573/1524 1463/1572/1523 1464/1574/1525
f 1570/1573/1524 1464/1574/1525 1465/1575/1526
f 1570/1573/1524 1465/1575/1526 1571/1576/1527
f 1571/1576/1527 1465/1575/1526 1466/1577/1528
f 1571/1576/1527 1466/1577/1528 1572/1578/1529
f 1572/1578/1529 1466/1577/1528 1467/1579/1530
f 1572/1578/1529 1467/1579/1530 1468/1580/1531
f 1572/1578/1529 1468/1580/1531 1573/1581/1532
f 1573/1581/1532 1468/1580/1531 1469/1582/1533
f 1573/1581/1532 1469/1582/1533 1470/1583/1534
f 1573/1581/1532 1470/1583/1534 1574/1584/1535
f 1574/1584/1535 1470/1583/1534 1471/1585/1536
f 1574/1584/1535 1471/1585/1536 1472/1586/1537
f 1574/1584/1535 1472/1586/1537 1575/1587/1538
f 1575/1587/1538 1472/1586/1537 1473/1588/1539
f 1575/1587/1538 1473/1588/1539 1474/1589/1540
f 1575/1587/1538 1474/1589/1540 1576/1590/1541
f 1576/1590/1541 1474/1589/1540 1475/1591/1542
f 1576/1590/1541 1475/1591/1542 1577/1592/1543
f 1577/1592/1543 1475/1591/1542 1476/1593/1544
f 1577/1592/1543 1476/1593/1544 1477/1492/1445
f 1577/1592/1543 1477/1492/1445 1543/1494/1447
f 1541/1594/1545 1478/1595/1546 1543/1494/1447
f 1543/1494/1447 1478/1595/1546 1479/1596/1547
f 1543/1494/1447 1479/1596/1547 1577/1592/1543
f 1577/1592/1543 1479/1596/1547 1480/1597/1548
f 1577/1592/1543 1480/1597/1548 1481/1598/1549
f 1577/1592/1543 1481/1598/1549 1576/1590/1541
f 1576/1590/1541 1481/1598/1549 1482/1599/1550
f 1576/1590/1541 1482/1599/1550 1575/1587/1538
f 1575/1587/1538 1482/1599/1550 1483/1600/1551
f 1575/1587/1538 1483/1600/1551 1484/1601/1552
f 1575/1587/1538 1484/1601/1552 1574/1584/1535
f 1574/1584/1535 1484/1601/1552 1485/1602/1553
f 1574/1584/1535 1485/1602/1553 1486/1603/1554
f 1574/1584/1535 1486/1603/1554 1573/1581/1532
f 1573/1581/1532 1486/1603/1554 1487/1604/1555
f 1573/1581/1532 1487/1604/1555 1488/1605/1556
f 1573/1581/1532 1488/1605/1556 1572/1578/1529
f 1572/1578/1529 1488/1605/1556 1489/1606/1557
f 1572/1578/1529 1489/1606/1557 1490/1607/1558
f 1572/1578/1529 1490/1607/1558 1571/1576/1527
f 1571/1576/1527 1490/1607/1558 1491/1608/1559
f 1571/1576/1527 1491/1608/1559 1570/1573/1524
f 1570/1573/1524 1491/1608/1559 1492/1609/1560
f 1570/1573/1524 1492/1609/1560 1493/1610/1561
f 1570/1573/1524 1493/1610/1561 1569/1570/1521
f 1569/1570/1521 1493/1610/1561 1494/1611/1562
f 1569/1570/1521 1494/1611/1562 1495/1612/1563
f 1569/1570/1521 1495/1612/1563 1568/1567/1518
f 1568/1567/1518 1495/1612/1563 1496/1613/1564
f 1568/1567/1518 1496/1613/1564 1497/1614/1565
f 1568/1567/1518 1497/1614/1565 1567/1565/1516
f 1567/1565/1516 1497/1614/1565 1498/1615/1566
f 1567/1565/1516 1498/1615/1566 1566/1562/1513
f 1566/1562/1513 1498/1615/1566 1499/1616/1567
f 1566/1562/1513 1499/1616/1567 1500/1617/1568
f 1566/1562/1513 1500/1617/1568 1565/1559/1510
f 1565/1559/1510 1500/1617/1568 1501/1618/1569
f 1565/1559/1510 1501/1618/1569 1502/1619/1570
f 1565/1559/1510 1502/1619/1570 1564/1556/1507
f 1564/1556/1507 1502/1619/1570 1503/1620/1571
f 1564/1556/1507 1503/1620/1571 1504/1621/1572
f 1564/1556/1507 1504/1621/1572 1563/1553/1504
f 1563/1553/1504 1504/1621/1572 1505/1622/1573
f 1563/1553/1504 1505/1622/1573 1506/1623/1574
f 1563/1553/1504 1506/1623/1574 1562/1551/1502
f 1562/1551/1502 1506/1623/1574 1507/1624/1575
f 1562/1551/1502 1507/1624/1575 1561/1548/1499
f 1561/1548/1499 1507/1624/1575 1508/1625/1576
f 1561/1548/1499 1508/1625/1576 1509/1626/1577
f 1561/1548/1499 1509/1626/1577 1560/1545/1496
f 1560/1545/1496 1509/1626/1577 1510/1627/1578
f 1560/1545/1496 1510/1627/1578 1511/1628/1579
f 1560/1545/1496 1511/1628/1579 1559/1542/1493
f 1559/1542/1493 1511/1628/1579 1512/1629/1580
f 1559/1542/1493 1512/1629/1580 1513/1630/1581
f 1559/1542/1493 1513/1630/1581 1558/1540/1491
f 1558/1540/1491 1513/1630/1581 1514/1631/1582
f 1558/1540/1491 1514/1631/1582 1557/1537/1488
f 1557/1537/1488 1514/1631/1582 1515/1632/1583
f 1557/1537/1488 1515/1632/1583 1516/1633/1584
f 1557/1537/1488 1516/1633/1584 1556/1534/1485
f 1556/1534/1485 1516/1633/1584 1517/1634/1585
f 1556/1534/1485 1517/1634/1585 1518/1635/1586
f 1556/1534/1485 1518/1635/1586 1555/1531/1482
f 1555/1531/1482 1518/1635/1586 1519/1636/1587
f 1555/1531/1482 1519/1636/1587 1520/1637/1588
f 1555/1531/1482 1520/1637/1588 1554/1528/1479
f 1554/1528/1479 1520/1637/1588 1521/1638/1589
f 1554/1528/1479 1521/1638/1589 1522/1639/1590
f 1554/1528/1479 1522/1639/1590 1553/1526/1477
f 1553/1526/1477 1522/1639/1590 1523/1640/1591
f 1553/1526/1477 1523/1640/1591 1552/1523/1474
f 1552/1523/1474 1523/1640/1591 1524/1641/1592
f 1552/1523/1474 1524/1641/1592 1525/1642/1593
f 1552/1523/1474 1525/1642/1593 1551/1519/1471
f 1551/1519/1471 1525/1642/1593 1526/1643/1594
f 1551/1518/1471 1526/1644/1594 1527/1645/1595
f 1551/1518/1471 1527/1645/1595 1550/1515/1468
f 1550/1515/1468 1527/1645/1595 1528/1646/1596
f 1550/1515/1468 1528/1646/1596 1529/1647/1597
f 1550/1515/1468 1529/1647/1597 1549/1513/1466
f 1549/1513/1466 1529/1647/1597 1530/1648/1598
f 1549/1513/1466 1530/1648/1598 1548/1510/1463
f 1548/1510/1463 1530/1648/1598 1531/1649/1599
f 1548/1510/1463 1531/1649/1599 1532/1650/1600
f 1548/1510/1463 1532/1650/1600 1547/1507/1460
f 1547/1507/1460 1532/1650/1600 1533/1651/1601
f 1547/1507/1460 1533/1651/1601 1534/1652/1602
f 1547/1507/1460 1534/1652/1602 1546/1504/1457
f 1546/1504/1457 1534/1652/1602 1535/1653/1603
f 1546/1504/1457 1535/1653/1603 1536/1654/1604
f 1546/1504/1457 1536/1654/1604 1545/1501/1454
f 1545/1501/1454 1536/1654/1604 1537/1655/1605
f 1545/1501/1454 1537/1655/1605 1538/1656/1606
f 1545/1501/1454 1538/1656/1606 1544/1499/1452
f 1544/1499/1452 1538/1656/1606 1539/1657/1607
f 1544/1499/1452 1539/1657/1607 1542/1496/1449
f 1542/1496/1449 1539/1657/1607 1540/1658/1608
f 1542/1496/1449 1540/1658/1608 1541/1594/1545
f 1542/1496/1449 1541/1594/1545 1543/1494/1447
usemtl Bambù_scuro_-_Semi-lucido
f 78/1659/1609 1/1660/1610 1663/1661/1611
f 1663/1661/1611 1/1660/1610 140/1662/1612
f 1663/1661/1611 140/1662/1612 1648/1663/1613
f 1648/1663/1613 140/1662/1612 139/1664/1614
f 1648/1663/1613 139/1664/1614 1664/1665/1615
f 1664/1665/1615 139/1664/1614 138/1666/1616
f 1664/1665/1615 138/1666/1616 1673/1667/1617
f 1673/1667/1617 138/1666/1616 137/1668/1618
f 1673/1667/1617 137/1668/1618 1703/1669/1619
f 1703/1669/1619 137/1668/1618 1682/1670/1620
f 1703/1669/1619 1682/1670/1620 1683/1671/1621
f 1683/1671/1621 1682/1670/1620 1705/1672/1622
f 1683/1671/1621 1705/1672/1622 1706/1673/1623
f 1706/1673/1623 1705/1672/1622 1717/1674/1624
f 1706/1673/1623 1717/1674/1624 1718/1675/1625
f 1718/1675/1625 1717/1674/1624 1729/1676/1626
f 1718/1675/1625 1729/1676/1626 1730/1677/1627
f 1730/1677/1627 1729/1676/1626 1741/1678/1628
f 1730/1677/1627 1741/1678/1628 1742/1679/1629
f 1742/1679/1629 1741/1678/1628 1753/1680/1630
f 1742/1679/1629 1753/1680/1630 1754/1681/1631
f 1754/1681/1631 1753/1680/1630 1765/1682/1632
f 1754/1681/1631 1765/1682/1632 1766/1683/1633
f 1766/1683/1633 1765/1682/1632 1777/1684/1634
f 1766/1683/1633 1777/1684/1634 1778/1685/1635
f 1778/1685/1635 1777/1684/1634 1789/1686/1636
f 1778/1685/1635 1789/1686/1636 1790/1687/1637
f 1790/1687/1637 1789/1686/1636 1801/1688/1638
f 1790/1687/1637 1801/1688/1638 1802/1689/1639
f 1802/1689/1639 1801/1688/1638 1813/1690/1640
f 1802/1689/1639 1813/1690/1640 1624/1691/1641
f 1624/1691/1641 1813/1690/1640 1623/1692/1642
f 1623/1692/1642 1813/1690/1640 1824/1693/1643
f 1623/1692/1642 1824/1693/1643 1622/1694/1644
f 1622/1694/1644 1824/1693/1643 1835/1695/1645
f 1622/1694/1644 1835/1695/1645 1621/1696/1646
f 1621/1696/1646 1835/1695/1645 1846/1697/1647
f 1621/1696/1646 1846/1697/1647 1620/1698/1648
f 1620/1698/1648 1846/1697/1647 1857/1699/1649
f 1620/1698/1648 1857/1699/1649 1619/1700/1650
f 1619/1700/1650 1857/1699/1649 1868/1701/1651
f 1619/1700/1650 1868/1701/1651 1618/1702/1652
f 1618/1702/1652 1868/1701/1651 1879/1703/1653
f 1618/1702/1652 1879/1703/1653 1617/1704/1654
f 1617/1704/1654 1879/1703/1653 1890/1705/1655
f 1617/1704/1654 1890/1705/1655 1616/1706/1656
f 1616/1706/1656 1890/1705/1655 1901/1707/1657
f 1616/1706/1656 1901/1707/1657 1615/1708/1658
f 1615/1708/1658 1901/1707/1657 1912/1709/1659
f 1615/1708/1658 1912/1709/1659 1614/1710/1660
f 1614/1710/1660 1912/1709/1659 1923/1711/1661
f 1614/1710/1660 1923/1711/1661 1613/1712/1662
f 1613/1712/1662 1923/1711/1661 1934/1713/1663
f 1613/1712/1662 1934/1713/1663 1612/1714/1664
f 1612/1714/1664 1934/1713/1663 1945/1715/1665
f 1612/1714/1664 1945/1715/1665 1611/1716/1666
f 1611/1716/1666 1945/1715/1665 1956/1717/1667
f 1611/1716/1666 1956/1717/1667 1610/1718/1668
f 1610/1718/1668 1956/1717/1667 2293/1719/1669
f 1610/1718/1668 2293/1719/1669 1609/1720/1670
f 1609/1720/1670 2293/1719/1669 2295/1721/1671
f 1609/1720/1670 2295/1721/1671 1608/1722/1672
f 1608/1722/1672 2295/1721/1671 1647/1723/1673
f 1608/1724/1672 1647/1725/1673 2297/1726/1674
f 2297/1726/1674 1647/1725/1673 2296/1727/1675
f 2297/1726/1674 2296/1727/1675 2298/1728/1676
f 2298/1728/1676 2296/1727/1675 1490/1729/1677
f 2298/1728/1676 1490/1729/1677 1489/1730/1678
f 137/1668/1618 136/1731/1679 1682/1670/1620
f 1682/1670/1620 136/1731/1679 1704/1732/1680
f 1682/1670/1620 1704/1732/1680 1705/1672/1622
f 1705/1672/1622 1704/1732/1680 1716/1733/1681
f 1705/1672/1622 1716/1733/1681 1717/1674/1624
f 1717/1674/1624 1716/1733/1681 1728/1734/1682
f 1717/1674/1624 1728/1734/1682 1729/1676/1626
f 1729/1676/1626 1728/1734/1682 1740/1735/1683
f 1729/1676/1626 1740/1735/1683 1741/1678/1628
f 1741/1678/1628 1740/1735/1683 1752/1736/1684
f 1741/1678/1628 1752/1736/1684 1753/1680/1630
f 1753/1680/1630 1752/1736/1684 1764/1737/1685
f 1753/1680/1630 1764/1737/1685 1765/1682/1632
f 1765/1682/1632 1764/1737/1685 1776/1738/1686
f 1765/1682/1632 1776/1738/1686 1777/1684/1634
f 1777/1684/1634 1776/1738/1686 1788/1739/1687
f 1777/1684/1634 1788/1739/1687 1789/1686/1636
f 1789/1686/1636 1788/1739/1687 1800/1740/1688
f 1789/1686/1636 1800/1740/1688 1801/1688/1638
f 1801/1688/1638 1800/1740/1688 1812/1741/1689
f 1801/1688/1638 1812/1741/1689 1813/1690/1640
f 1813/1690/1640 1812/1741/1689 1824/1693/1643
f 136/1731/1679 135/1742/1690 1704/1732/1680
f 1704/1732/1680 135/1742/1690 1715/1743/1691
f 1704/1732/1680 1715/1743/1691 1716/1733/1681
f 1716/1733/1681 1715/1743/1691 1727/1744/1692
f 1716/1733/1681 1727/1744/1692 1728/1734/1682
f 1728/1734/1682 1727/1744/1692 1739/1745/1693
f 1728/1734/1682 1739/1745/1693 1740/1735/1683
f 1740/1735/1683 1739/1745/1693 1751/1746/1694
f 1740/1735/1683 1751/1746/1694 1752/1736/1684
f 1752/1736/1684 1751/1746/1694 1763/1747/1695
f 1752/1736/1684 1763/1747/1695 1764/1737/1685
f 1764/1737/1685 1763/1747/1695 1775/1748/1696
f 1764/1737/1685 1775/1748/1696 1776/1738/1686
f 1776/1738/1686 1775/1748/1696 1787/1749/1697
f 1776/1738/1686 1787/1749/1697 1788/1739/1687
f 1788/1739/1687 1787/1749/1697 1799/1750/1698
f 1788/1739/1687 1799/1750/1698 1800/1740/1688
f 1800/1740/1688 1799/1750/1698 1811/1751/1699
f 1800/1740/1688 1811/1751/1699 1812/1741/1689
f 1812/1741/1689 1811/1751/1699 1823/1752/1700
f 1812/1741/1689 1823/1752/1700 1824/1693/1643
f 1824/1693/1643 1823/1752/1700 1835/1695/1645
f 135/1742/1690 134/1753/1701 1715/1743/1691
f 1715/1743/1691 134/1753/1701 1726/1754/1702
f 1715/1743/1691 1726/1754/1702 1727/1744/1692
f 1727/1744/1692 1726/1754/1702 1738/1755/1703
f 1727/1744/1692 1738/1755/1703 1739/1745/1693
f 1739/1745/1693 1738/1755/1703 1750/1756/1704
f 1739/1745/1693 1750/1756/1704 1751/1746/1694
f 1751/1746/1694 1750/1756/1704 1762/1757/1705
f 1751/1746/1694 1762/1757/1705 1763/1747/1695
f 1763/1747/1695 1762/1757/1705 1774/1758/1706
f 1763/1747/1695 1774/1758/1706 1775/1748/1696
f 1775/1748/1696 1774/1758/1706 1786/1759/1707
f 1775/1748/1696 1786/1759/1707 1787/1749/1697
f 1787/1749/1697 1786/1759/1707 1798/1760/1708
f 1787/1749/1697 1798/1760/1708 1799/1750/1698
f 1799/1750/1698 1798/1760/1708 1810/1761/1709
f 1799/1750/1698 1810/1761/1709 1811/1751/1699
f 1811/1751/1699 1810/1761/1709 1822/1762/1710
f 1811/1751/1699 1822/1762/1710 1823/1752/1700
f 1823/1752/1700 1822/1762/1710 1834/1763/1711
f 1823/1752/1700 1834/1763/1711 1835/1695/1645
f 1835/1695/1645 1834/1763/1711 1846/1697/1647
f 134/1753/1701 133/1764/1712 1726/1754/1702
f 1726/1754/1702 133/1764/1712 1737/1765/1713
f 1726/1754/1702 1737/1765/1713 1738/1755/1703
f 1738/1755/1703 1737/1765/1713 1749/1766/1714
f 1738/1755/1703 1749/1766/1714 1750/1756/1704
f 1750/1756/1704 1749/1766/1714 1761/1767/1715
f 1750/1756/1704 1761/1767/1715 1762/1757/1705
f 1762/1757/1705 1761/1767/1715 1773/1768/1716
f 1762/1757/1705 1773/1768/1716 1774/1758/1706
f 1774/1758/1706 1773/1768/1716 1785/1769/1717
f 1774/1758/1706 1785/1769/1717 1786/1759/1707
f 1786/1759/1707 1785/1769/1717 1797/1770/1718
f 1786/1759/1707 1797/1770/1718 1798/1760/1708
f 1798/1760/1708 1797/1770/1718 1809/1771/1719
f 1798/1760/1708 1809/1771/1719 1810/1761/1709
f 1810/1761/1709 1809/1771/1719 1821/1772/1720
f 1810/1761/1709 1821/1772/1720 1822/1762/1710
f 1822/1762/1710 1821/1772/1720 1833/1773/1721
f 1822/1762/1710 1833/1773/1721 1834/1763/1711
f 1834/1763/1711 1833/1773/1721 1845/1774/1722
f 1834/1763/1711 1845/1774/1722 1846/1697/1647
f 1846/1697/1647 1845/1774/1722 1857/1699/1649
f 133/1764/1712 132/1775/1723 1737/1765/1713
f 1737/1765/1713 132/1775/1723 1748/1776/1724
f 1737/1765/1713 1748/1776/1724 1749/1766/1714
f 1749/1766/1714 1748/1776/1724 1760/1777/1725
f 1749/1766/1714 1760/1777/1725 1761/1767/1715
f 1761/1767/1715 1760/1777/1725 1772/1778/1726
f 1761/1767/1715 1772/1778/1726 1773/1768/1716
f 1773/1768/1716 1772/1778/1726 1784/1779/1727
f 1773/1768/1716 1784/1779/1727 1785/1769/1717
f 1785/1769/1717 1784/1779/1727 1796/1780/1728
f 1785/1769/1717 1796/1780/1728 1797/1770/1718
f 1797/1770/1718 1796/1780/1728 1808/1781/1729
f 1797/1770/1718 1808/1781/1729 1809/1771/1719
f 1809/1771/1719 1808/1781/1729 1820/1782/1730
f 1809/1771/1719 1820/1782/1730 1821/1772/1720
f 1821/1772/1720 1820/1782/1730 1832/1783/1731
f 1821/1772/1720 1832/1783/1731 1833/1773/1721
f 1833/1773/1721 1832/1783/1731 1844/1784/1732
f 1833/1773/1721 1844/1784/1732 1845/1774/1722
f 1845/1774/1722 1844/1784/1732 1856/1785/1733
f 1845/1774/1722 1856/1785/1733 1857/1699/1649
f 1857/1699/1649 1856/1785/1733 1868/1701/1651
f 132/1775/1723 131/1786/1734 1748/1776/1724
f 1748/1776/1724 131/1786/1734 1759/1787/1735
f 1748/1776/1724 1759/1787/1735 1760/1777/1725
f 1760/1777/1725 1759/1787/1735 1771/1788/1736
f 1760/1777/1725 1771/1788/1736 1772/1778/1726
f 1772/1778/1726 1771/1788/1736 1783/1789/1737
f 1772/1778/1726 1783/1789/1737 1784/1779/1727
f 1784/1779/1727 1783/1789/1737 1795/1790/1738
f 1784/1779/1727 1795/1790/1738 1796/1780/1728
f 1796/1780/1728 1795/1790/1738 1807/1791/1739
f 1796/1780/1728 1807/1791/1739 1808/1781/1729
f 1808/1781/1729 1807/1791/1739 1819/1792/1740
f 1808/1781/1729 1819/1792/1740 1820/1782/1730
f 1820/1782/1730 1819/1792/1740 1831/1793/1741
f 1820/1782/1730 1831/1793/1741 1832/1783/1731
f 1832/1783/1731 1831/1793/1741 1843/1794/1742
f 1832/1783/1731 1843/1794/1742 1844/1784/1732
f 1844/1784/1732 1843/1794/1742 1855/1795/1743
f 1844/1784/1732 1855/1795/1743 1856/1785/1733
f 1856/1785/1733 1855/1795/1743 1867/1796/1744
f 1856/1785/1733 1867/1796/1744 1868/1701/1651
f 1868/1701/1651 1867/1796/1744 1879/1703/1653
f 131/1786/1734 130/1797/1745 1759/1787/1735
f 1759/1787/1735 130/1797/1745 1770/1798/1746
f 1759/1787/1735 1770/1798/1746 1771/1788/1736
f 1771/1788/1736 1770/1798/1746 1782/1799/1747
f 1771/1788/1736 1782/1799/1747 1783/1789/1737
f 1783/1789/1737 1782/1799/1747 1794/1800/1748
f 1783/1789/1737 1794/1800/1748 1795/1790/1738
f 1795/1790/1738 1794/1800/1748 1806/1801/1749
f 1795/1790/1738 1806/1801/1749 1807/1791/1739
f 1807/1791/1739 1806/1801/1749 1818/1802/1750
f 1807/1791/1739 1818/1802/1750 1819/1792/1740
f 1819/1792/1740 1818/1802/1750 1830/1803/1751
f 1819/1792/1740 1830/1803/1751 1831/1793/1741
f 1831/1793/1741 1830/1803/1751 1842/1804/1752
f 1831/1793/1741 1842/1804/1752 1843/1794/1742
f 1843/1794/1742 1842/1804/1752 1854/1805/1753
f 1843/1794/1742 1854/1805/1753 1855/1795/1743
f 1855/1795/1743 1854/1805/1753 1866/1806/1754
f 1855/1795/1743 1866/1806/1754 1867/1796/1744
f 1867/1796/1744 1866/1806/1754 1878/1807/1755
f 1867/1796/1744 1878/1807/1755 1879/1703/1653
f 1879/1703/1653 1878/1807/1755 1890/1705/1655
f 130/1797/1745 129/1808/1756 1770/1798/1746
f 1770/1798/1746 129/1808/1756 1781/1809/1757
f 1770/1798/1746 1781/1809/1757 1782/1799/1747
f 1782/1799/1747 1781/1809/1757 1793/1810/1758
f 1782/1799/1747 1793/1810/1758 1794/1800/1748
f 1794/1800/1748 1793/1810/1758 1805/1811/1759
f 1794/1800/1748 1805/1811/1759 1806/1801/1749
f 1806/1801/1749 1805/1811/1759 1817/1812/1760
f 1806/1801/1749 1817/1812/1760 1818/1802/1750
f 1818/1802/1750 1817/1812/1760 1829/1813/1761
f 1818/1802/1750 1829/1813/1761 1830/1803/1751
f 1830/1803/1751 1829/1813/1761 1841/1814/1762
f 1830/1803/1751 1841/1814/1762 1842/1804/1752
f 1842/1804/1752 1841/1814/1762 1853/1815/1763
f 1842/1804/1752 1853/1815/1763 1854/1805/1753
f 1854/1805/1753 1853/1815/1763 1865/1816/1764
f 1854/1805/1753 1865/1816/1764 1866/1806/1754
f 1866/1806/1754 1865/1816/1764 1877/1817/1765
f 1866/1806/1754 1877/1817/1765 1878/1807/1755
f 1878/1807/1755 1877/1817/1765 1889/1818/1766
f 1878/1807/1755 1889/1818/1766 1890/1705/1655
f 1890/1705/1655 1889/1818/1766 1901/1707/1657
f 129/1808/1756 128/1819/1767 1781/1809/1757
f 1781/1809/1757 128/1819/1767 1792/1820/1768
f 1781/1809/1757 1792/1820/1768 1793/1810/1758
f 1793/1810/1758 1792/1820/1768 1804/1821/1769
f 1793/1810/1758 1804/1821/1769 1805/1811/1759
f 1805/1811/1759 1804/1821/1769 1816/1822/1770
f 1805/1811/1759 1816/1822/1770 1817/1812/1760
f 1817/1812/1760 1816/1822/1770 1828/1823/1771
f 1817/1812/1760 1828/1823/1771 1829/1813/1761
f 1829/1813/1761 1828/1823/1771 1840/1824/1772
f 1829/1813/1761 1840/1824/1772 1841/1814/1762
f 1841/1814/1762 1840/1824/1772 1852/1825/1773
f 1841/1814/1762 1852/1825/1773 1853/1815/1763
f 1853/1815/1763 1852/1825/1773 1864/1826/1774
f 1853/1815/1763 1864/1826/1774 1865/1816/1764
f 1865/1816/1764 1864/1826/1774 1876/1827/1775
f 1865/1816/1764 1876/1827/1775 1877/1817/1765
f 1877/1817/1765 1876/1827/1775 1888/1828/1776
f 1877/1817/1765 1888/1828/1776 1889/1818/1766
f 1889/1818/1766 1888/1828/1776 1900/1829/1777
f 1889/1818/1766 1900/1829/1777 1901/1707/1657
f 1901/1707/1657 1900/1829/1777 1912/1709/1659
f 128/1819/1767 127/1830/1778 1792/1820/1768
f 1792/1820/1768 127/1830/1778 1803/1831/1779
f 1792/1820/1768 1803/1831/1779 1804/1821/1769
f 1804/1821/1769 1803/1831/1779 1815/1832/1780
f 1804/1821/1769 1815/1832/1780 1816/1822/1770
f 1816/1822/1770 1815/1832/1780 1827/1833/1781
f 1816/1822/1770 1827/1833/1781 1828/1823/1771
f 1828/1823/1771 1827/1833/1781 1839/1834/1782
f 1828/1823/1771 1839/1834/1782 1840/1824/1772
f 1840/1824/1772 1839/1834/1782 1851/1835/1783
f 1840/1824/1772 1851/1835/1783 1852/1825/1773
f 1852/1825/1773 1851/1835/1783 1863/1836/1784
f 1852/1825/1773 1863/1836/1784 1864/1826/1774
f 1864/1826/1774 1863/1836/1784 1875/1837/1785
f 1864/1826/1774 1875/1837/1785 1876/1827/1775
f 1876/1827/1775 1875/1837/1785 1887/1838/1786
f 1876/1827/1775 1887/1838/1786 1888/1828/1776
f 1888/1828/1776 1887/1838/1786 1899/1839/1787
f 1888/1828/1776 1899/1839/1787 1900/1829/1777
f 1900/1829/1777 1899/1839/1787 1911/1840/1788
f 1900/1829/1777 1911/1840/1788 1912/1709/1659
f 1912/1709/1659 1911/1840/1788 1923/1711/1661
f 127/1830/1778 126/1841/1789 1803/1831/1779
f 1803/1831/1779 126/1841/1789 1814/1842/1790
f 1803/1831/1779 1814/1842/1790 1815/1832/1780
f 1815/1832/1780 1814/1842/1790 1826/1843/1791
f 1815/1832/1780 1826/1843/1791 1827/1833/1781
f 1827/1833/1781 1826/1843/1791 1838/1844/1792
f 1827/1833/1781 1838/1844/1792 1839/1834/1782
f 1839/1834/1782 1838/1844/1792 1850/1845/1793
f 1839/1834/1782 1850/1845/1793 1851/1835/1783
f 1851/1835/1783 1850/1845/1793 1862/1846/1794
f 1851/1835/1783 1862/1846/1794 1863/1836/1784
f 1863/1836/1784 1862/1846/1794 1874/1847/1795
f 1863/1836/1784 1874/1847/1795 1875/1837/1785
f 1875/1837/1785 1874/1847/1795 1886/1848/1796
f 1875/1837/1785 1886/1848/1796 1887/1838/1786
f 1887/1838/1786 1886/1848/1796 1898/1849/1797
f 1887/1838/1786 1898/1849/1797 1899/1839/1787
f 1899/1839/1787 1898/1849/1797 1910/1850/1798
f 1899/1839/1787 1910/1850/1798 1911/1840/1788
f 1911/1840/1788 1910/1850/1798 1922/1851/1799
f 1911/1840/1788 1922/1851/1799 1923/1711/1661
f 1923/1711/1661 1922/1851/1799 1934/1713/1663
f 126/1841/1789 125/1852/1800 1814/1842/1790
f 1814/1842/1790 125/1852/1800 124/1853/1801
f 1814/1842/1790 124/1853/1801 1825/1854/1802
f 1825/1854/1802 124/1853/1801 123/1855/1803
f 1825/1854/1802 123/1855/1803 1836/1856/1804
f 1836/1856/1804 123/1855/1803 122/1857/1805
f 1836/1856/1804 122/1857/1805 1847/1858/1806
f 1847/1858/1806 122/1857/1805 121/1859/1807
f 1847/1858/1806 121/1859/1807 1858/1860/1808
f 1858/1860/1808 121/1859/1807 120/1861/1809
f 1858/1860/1808 120/1861/1809 1869/1862/1810
f 1869/1862/1810 120/1861/1809 119/1863/1811
f 1869/1862/1810 119/1863/1811 1880/1864/1812
f 1880/1864/1812 119/1863/1811 118/1865/1813
f 1880/1864/1812 118/1865/1813 1891/1866/1814
f 1891/1866/1814 118/1865/1813 117/1867/1815
f 1891/1866/1814 117/1867/1815 1902/1868/1816
f 1902/1868/1816 117/1867/1815 116/1869/1817
f 1902/1868/1816 116/1869/1817 1913/1870/1818
f 1913/1870/1818 116/1869/1817 115/1871/1819
f 1913/1870/1818 115/1871/1819 1924/1872/1820
f 1924/1872/1820 115/1871/1819 114/1873/1821
f 1924/1872/1820 114/1873/1821 1935/1874/1822
f 1935/1874/1822 114/1873/1821 113/1875/1823
f 1935/1874/1822 113/1875/1823 1946/1876/1824
f 1946/1876/1824 113/1875/1823 112/1877/1825
f 1946/1876/1824 112/1877/1825 1957/1878/1826
f 1957/1878/1826 112/1877/1825 111/1879/1827
f 1957/1878/1826 111/1879/1827 1966/1880/1828
f 1966/1880/1828 111/1879/1827 110/1881/1829
f 1966/1880/1828 110/1881/1829 1638/1882/1830
f 1638/1883/1830 110/1884/1829 109/1885/1831
f 1638/1883/1830 109/1885/1831 108/1886/1832
f 1638/1883/1830 108/1886/1832 1974/1887/1833
f 1974/1887/1833 108/1886/1832 107/1888/1834
f 1974/1887/1833 107/1888/1834 1982/1889/1835
f 1982/1889/1835 107/1888/1834 106/1890/1836
f 1982/1889/1835 106/1890/1836 1991/1891/1837
f 1991/1891/1837 106/1890/1836 105/1892/1838
f 1991/1891/1837 105/1892/1838 2021/1893/1839
f 2021/1893/1839 105/1892/1838 2000/1894/1840
f 2021/1893/1839 2000/1894/1840 2001/1895/1841
f 2001/1895/1841 2000/1894/1840 2022/1896/1842
f 2001/1895/1841 2022/1896/1842 2023/1897/1843
f 2023/1897/1843 2022/1896/1842 2033/1898/1844
f 2023/1897/1843 2033/1898/1844 2034/1899/1845
f 2034/1899/1845 2033/1898/1844 2044/1900/1846
f 2034/1899/1845 2044/1900/1846 2045/1901/1847
f 2045/1901/1847 2044/1900/1846 2055/1902/1848
f 2045/1901/1847 2055/1902/1848 2056/1903/1849
f 2056/1903/1849 2055/1902/1848 2066/1904/1850
f 2056/1903/1849 2066/1904/1850 2067/1905/1851
f 2067/1905/1851 2066/1904/1850 2077/1906/1852
f 2067/1905/1851 2077/1906/1852 2078/1907/1853
f 2078/1907/1853 2077/1906/1852 2088/1908/1854
f 2078/1907/1853 2088/1908/1854 2089/1909/1855
f 2089/1909/1855 2088/1908/1854 2099/1910/1856
f 2089/1909/1855 2099/1910/1856 2100/1911/1857
f 2100/1911/1857 2099/1910/1856 2110/1912/1858
f 2100/1911/1857 2110/1912/1858 2111/1913/1859
f 2111/1913/1859 2110/1912/1858 2121/1914/1860
f 2111/1913/1859 2121/1914/1860 2122/1915/1861
f 2122/1915/1861 2121/1914/1860 2132/1916/1862
f 2122/1915/1861 2132/1916/1862 2133/1917/1863
f 2133/1917/1863 2132/1916/1862 2143/1918/1864
f 2133/1917/1863 2143/1918/1864 2144/1919/1865
f 2144/1919/1865 2143/1918/1864 2154/1920/1866
f 2144/1919/1865 2154/1920/1866 2155/1921/1867
f 2155/1921/1867 2154/1920/1866 2165/1922/1868
f 2155/1921/1867 2165/1922/1868 2166/1923/1869
f 2166/1923/1869 2165/1922/1868 2176/1924/1870
f 2166/1923/1869 2176/1924/1870 2177/1925/1871
f 2177/1925/1871 2176/1924/1870 2187/1926/1872
f 2177/1925/1871 2187/1926/1872 2188/1927/1873
f 2188/1927/1873 2187/1926/1872 2198/1928/1874
f 2188/1927/1873 2198/1928/1874 2199/1929/1875
f 2199/1929/1875 2198/1928/1874 2209/1930/1876
f 2199/1929/1875 2209/1930/1876 2210/1931/1877
f 2210/1931/1877 2209/1930/1876 2220/1932/1878
f 2210/1931/1877 2220/1932/1878 2221/1933/1879
f 2221/1933/1879 2220/1932/1878 2231/1934/1880
f 2221/1933/1879 2231/1934/1880 2232/1935/1881
f 2232/1935/1881 2231/1934/1880 2242/1936/1882
f 2232/1935/1881 2242/1936/1882 2243/1937/1883
f 2243/1937/1883 2242/1936/1882 2253/1938/1884
f 2243/1937/1883 2253/1938/1884 2254/1939/1885
f 2254/1939/1885 2253/1938/1884 2264/1940/1886
f 2254/1939/1885 2264/1940/1886 2265/1941/1887
f 2265/1941/1887 2264/1940/1886 2276/1942/1888
f 2265/1941/1887 2276/1942/1888 2277/1943/1889
f 2277/1943/1889 2276/1942/1888 2286/1944/1890
f 2277/1943/1889 2286/1944/1890 2287/1945/1891
f 2287/1945/1891 2286/1944/1890 1660/1946/1892
f 2287/1945/1891 1660/1946/1892 1659/1947/1893
f 1659/1947/1893 1660/1946/1892 1652/1948/1894
f 1659/1947/1893 1652/1948/1894 1653/1949/1895
f 1653/1949/1895 1652/1948/1894 1669/1950/1896
f 1653/1949/1895 1669/1950/1896 1670/1951/1897
f 1670/1951/1897 1669/1950/1896 1679/1952/1898
f 1670/1951/1897 1679/1952/1898 1680/1953/1899
f 1680/1953/1899 1679/1952/1898 1696/1954/1900
f 1680/1953/1899 1696/1954/1900 1441/1955/1901
f 1441/1955/1901 1696/1954/1900 1442/1956/1902
f 1442/1956/1902 1696/1954/1900 1695/1957/1903
f 1442/1956/1902 1695/1957/1903 1443/1958/1904
f 1443/1958/1904 1695/1957/1903 1444/1959/1905
f 1444/1959/1905 1695/1957/1903 1445/1960/1906
f 1445/1960/1906 1695/1957/1903 1446/1961/1907
f 1446/1961/1907 1695/1957/1903 1690/1962/1908
f 1446/1961/1907 1690/1962/1908 1691/1963/1909
f 1691/1963/1909 1690/1962/1908 1713/1964/1910
f 1691/1963/1909 1713/1964/1910 1714/1965/1911
f 1714/1965/1911 1713/1964/1910 1725/1966/1912
f 1714/1965/1911 1725/1966/1912 1632/1967/1913
f 1632/1967/1913 1725/1966/1912 1631/1968/1914
f 1631/1968/1914 1725/1966/1912 1736/1969/1915
f 1631/1968/1914 1736/1969/1915 1630/1970/1916
f 1630/1970/1916 1736/1969/1915 1747/1971/1917
f 1630/1970/1916 1747/1971/1917 1629/1972/1918
f 1629/1972/1918 1747/1971/1917 1758/1973/1919
f 1629/1972/1918 1758/1973/1919 1628/1974/1920
f 1628/1974/1920 1758/1973/1919 1769/1975/1921
f 1628/1974/1920 1769/1975/1921 1627/1976/1922
f 1627/1976/1922 1769/1975/1921 1780/1977/1923
f 1627/1976/1922 1780/1977/1923 1626/1978/1924
f 1626/1978/1924 1780/1977/1923 1791/1979/1925
f 1626/1978/1924 1791/1979/1925 1625/1980/1926
f 1625/1980/1926 1791/1979/1925 1802/1689/1639
f 1625/1980/1926 1802/1689/1639 1624/1691/1641
f 105/1892/1838 104/1981/1927 2000/1894/1840
f 2000/1894/1840 104/1981/1927 2022/1896/1842
f 104/1981/1927 103/1982/1928 2022/1896/1842
f 2022/1896/1842 103/1982/1928 2033/1898/1844
f 103/1982/1928 102/1983/1929 2033/1898/1844
f 2033/1898/1844 102/1983/1929 2044/1900/1846
f 102/1983/1929 101/1984/1930 2044/1900/1846
f 2044/1900/1846 101/1984/1930 2055/1902/1848
f 101/1984/1930 100/1985/1931 2055/1902/1848
f 2055/1902/1848 100/1985/1931 2066/1904/1850
f 100/1985/1931 99/1986/1932 2066/1904/1850
f 2066/1904/1850 99/1986/1932 2077/1906/1852
f 99/1986/1932 98/1987/1933 2077/1906/1852
f 2077/1906/1852 98/1987/1933 2088/1908/1854
f 98/1987/1933 97/1988/1934 2088/1908/1854
f 2088/1908/1854 97/1988/1934 2099/1910/1856
f 97/1988/1934 96/1989/1935 2099/1910/1856
f 2099/1910/1856 96/1989/1935 2110/1912/1858
f 96/1989/1935 95/1990/1936 2110/1912/1858
f 2110/1912/1858 95/1990/1936 2121/1914/1860
f 95/1990/1936 94/1991/1937 2121/1914/1860
f 2121/1914/1860 94/1991/1937 2132/1916/1862
f 94/1991/1937 93/1992/1938 2132/1916/1862
f 2132/1916/1862 93/1992/1938 92/1993/1939
f 2132/1916/1862 92/1993/1939 2143/1918/1864
f 2143/1918/1864 92/1993/1939 91/1994/1940
f 2143/1918/1864 91/1994/1940 2154/1920/1866
f 2154/1920/1866 91/1994/1940 90/1995/1941
f 2154/1920/1866 90/1995/1941 2165/1922/1868
f 2165/1922/1868 90/1995/1941 89/1996/1942
f 2165/1922/1868 89/1996/1942 2176/1924/1870
f 2176/1924/1870 89/1996/1942 88/1997/1943
f 2176/1924/1870 88/1997/1943 2187/1926/1872
f 2187/1926/1872 88/1997/1943 87/1998/1944
f 2187/1926/1872 87/1998/1944 2198/1928/1874
f 2198/1928/1874 87/1998/1944 86/1999/1945
f 2198/1928/1874 86/1999/1945 2209/1930/1876
f 2209/1930/1876 86/1999/1945 85/2000/1946
f 2209/1930/1876 85/2000/1946 2220/1932/1878
f 2220/1932/1878 85/2000/1946 84/2001/1947
f 2220/1932/1878 84/2001/1947 2231/1934/1880
f 2231/1934/1880 84/2001/1947 83/2002/1948
f 2231/1934/1880 83/2002/1948 2242/1936/1882
f 2242/1936/1882 83/2002/1948 82/2003/1949
f 2242/1936/1882 82/2003/1949 2253/1938/1884
f 2253/1938/1884 82/2003/1949 81/2004/1950
f 2253/1938/1884 81/2004/1950 2264/1940/1886
f 2264/1940/1886 81/2004/1950 80/2005/1951
f 2264/1940/1886 80/2005/1951 2275/2006/1952
f 2275/2006/1952 80/2005/1951 79/2007/1953
f 2275/2006/1952 79/2007/1953 2284/2008/1954
f 2284/2008/1954 79/2007/1953 78/1659/1609
f 2284/2008/1954 78/1659/1609 1663/1661/1611
f 1541/2009/1955 2013/2010/1956 1478/2011/1957
f 1478/2011/1957 2013/2010/1956 2008/2012/1958
f 1478/2011/1957 2008/2012/1958 2009/2013/1959
f 2009/2013/1959 2008/2012/1958 2030/2014/1960
f 2009/2013/1959 2030/2014/1960 2031/2015/1961
f 2031/2015/1961 2030/2014/1960 2041/2016/1962
f 2031/2015/1961 2041/2016/1962 2042/2017/1963
f 2042/2017/1963 2041/2016/1962 2052/2018/1964
f 2042/2017/1963 2052/2018/1964 2053/2019/1965
f 2053/2019/1965 2052/2018/1964 2063/2020/1966
f 2053/2019/1965 2063/2020/1966 2064/2021/1967
f 2064/2021/1967 2063/2020/1966 2074/2022/1968
f 2064/2021/1967 2074/2022/1968 2075/2023/1969
f 2075/2023/1969 2074/2022/1968 2085/2024/1970
f 2075/2023/1969 2085/2024/1970 2086/2025/1971
f 2086/2025/1971 2085/2024/1970 2096/2026/1972
f 2086/2025/1971 2096/2026/1972 2097/2027/1973
f 2097/2027/1973 2096/2026/1972 2107/2028/1974
f 2097/2027/1973 2107/2028/1974 2108/2029/1975
f 2108/2029/1975 2107/2028/1974 2118/2030/1976
f 2108/2029/1975 2118/2030/1976 2119/2031/1977
f 2119/2031/1977 2118/2030/1976 2129/2032/1978
f 2119/2031/1977 2129/2032/1978 2130/2033/1979
f 2130/2033/1979 2129/2032/1978 2140/2034/1980
f 2130/2033/1979 2140/2034/1980 2141/2035/1981
f 2141/2035/1981 2140/2034/1980 2151/2036/1982
f 2141/2035/1981 2151/2036/1982 2152/2037/1983
f 2152/2037/1983 2151/2036/1982 2162/2038/1984
f 2152/2037/1983 2162/2038/1984 2163/2039/1985
f 2163/2039/1985 2162/2038/1984 2173/2040/1986
f 2163/2039/1985 2173/2040/1986 2174/2041/1987
f 2174/2041/1987 2173/2040/1986 2184/2042/1988
f 2174/2041/1987 2184/2042/1988 2185/2043/1989
f 2185/2043/1989 2184/2042/1988 2195/2044/1990
f 2185/2043/1989 2195/2044/1990 2196/2045/1991
f 2196/2045/1991 2195/2044/1990 2206/2046/1992
f 2196/2045/1991 2206/2046/1992 2207/2047/1993
f 2207/2047/1993 2206/2046/1992 2217/2048/1994
f 2207/2047/1993 2217/2048/1994 2218/2049/1995
f 2218/2049/1995 2217/2048/1994 2228/2050/1996
f 2218/2049/1995 2228/2050/1996 2229/2051/1997
f 2229/2051/1997 2228/2050/1996 2239/2052/1998
f 2229/2051/1997 2239/2052/1998 2240/2053/1999
f 2240/2053/1999 2239/2052/1998 2250/2054/2000
f 2240/2053/1999 2250/2054/2000 2251/2055/2001
f 2251/2055/2001 2250/2054/2000 2261/2056/2002
f 2251/2055/2001 2261/2056/2002 2262/2057/2003
f 2262/2057/2003 2261/2056/2002 1414/2058/2004
f 2262/2057/2003 1414/2058/2004 1477/2059/2005
f 1541/2009/1955 1540/2060/2006 2013/2010/1956
f 2013/2010/1956 1540/2060/2006 1539/2061/2007
f 2013/2010/1956 1539/2061/2007 1538/2062/2008
f 2013/2010/1956 1538/2062/2008 2014/2063/2009
f 2014/2063/2009 1538/2062/2008 1537/2064/2010
f 2014/2063/2009 1537/2064/2010 1998/2065/2011
f 1998/2065/2011 1537/2064/2010 1999/2066/2012
f 1998/2065/2011 1999/2066/2012 1535/2067/2013
f 1535/2067/2013 1999/2066/2012 1536/2068/2014
f 1536/2068/2014 1999/2066/2012 1537/2064/2010
f 1535/2067/2013 1534/2069/2015 1998/2065/2011
f 1998/2065/2011 1534/2069/2015 1989/2070/2016
f 1998/2065/2011 1989/2070/2016 1988/2071/2017
f 1988/2071/2017 1989/2070/2016 1980/2072/2018
f 1988/2071/2017 1980/2072/2018 1979/2073/2019
f 1979/2073/2019 1980/2072/2018 1643/2074/2020
f 1979/2073/2019 1643/2074/2020 1642/2075/2021
f 1642/2076/2021 1643/2077/2020 1970/2078/2022
f 1642/2076/2021 1970/2078/2022 1969/2079/2023
f 1969/2079/2023 1970/2078/2022 1960/2080/2024
f 1969/2079/2023 1960/2080/2024 1959/2081/2025
f 1959/2081/2025 1960/2080/2024 1948/2082/2026
f 1959/2081/2025 1948/2082/2026 1947/2083/2027
f 1947/2083/2027 1948/2082/2026 1936/2084/2028
f 1947/2083/2027 1936/2084/2028 1935/1874/1822
f 1935/1874/1822 1936/2084/2028 1924/1872/1820
f 1534/2069/2015 1533/2085/2029 1989/2070/2016
f 1989/2070/2016 1533/2085/2029 1990/2086/2030
f 1989/2070/2016 1990/2086/2030 1529/2087/2031
f 1529/2087/2031 1990/2086/2030 1530/2088/2032
f 1530/2088/2032 1990/2086/2030 1531/2089/2033
f 1531/2089/2033 1990/2086/2030 1532/2090/2034
f 1532/2090/2034 1990/2086/2030 1533/2085/2029
f 1989/2070/2016 1529/2087/2031 1981/2091/2035
f 1981/2091/2035 1529/2087/2031 1528/2092/2036
f 1981/2091/2035 1528/2092/2036 1527/2093/2037
f 1981/2091/2035 1527/2093/2037 1645/2094/2038
f 1645/2095/2038 1527/2096/2037 1526/2097/2039
f 1645/2095/2038 1526/2097/2039 1525/2098/2040
f 1645/2095/2038 1525/2098/2040 1973/2099/2041
f 1973/2099/2041 1525/2098/2040 1524/2100/2042
f 1973/2099/2041 1524/2100/2042 1523/2101/2043
f 1522/2102/2044 1965/2103/2045 1523/2101/2043
f 1523/2101/2043 1965/2103/2045 1964/2104/2046
f 1523/2101/2043 1964/2104/2046 1973/2099/2041
f 1973/2099/2041 1964/2104/2046 1963/2105/2047
f 1973/2099/2041 1963/2105/2047 1972/2106/2048
f 1972/2106/2048 1963/2105/2047 1962/2107/2049
f 1972/2106/2048 1962/2107/2049 1971/2108/2050
f 1971/2108/2050 1962/2107/2049 1961/2109/2051
f 1971/2108/2050 1961/2109/2051 1970/2078/2022
f 1970/2078/2022 1961/2109/2051 1960/2080/2024
f 1522/2102/2044 1521/2110/2052 1965/2103/2045
f 1965/2103/2045 1521/2110/2052 1520/2111/2053
f 1965/2103/2045 1520/2111/2053 1964/2104/2046
f 1964/2104/2046 1520/2111/2053 1519/2112/2054
f 1964/2104/2046 1519/2112/2054 1518/2113/2055
f 1517/2114/2056 1954/2115/2057 1518/2113/2055
f 1518/2113/2055 1954/2115/2057 1953/2116/2058
f 1518/2113/2055 1953/2116/2058 1964/2104/2046
f 1964/2104/2046 1953/2116/2058 1952/2117/2059
f 1964/2104/2046 1952/2117/2059 1963/2105/2047
f 1963/2105/2047 1952/2117/2059 1951/2118/2060
f 1963/2105/2047 1951/2118/2060 1962/2107/2049
f 1962/2107/2049 1951/2118/2060 1950/2119/2061
f 1962/2107/2049 1950/2119/2061 1961/2109/2051
f 1961/2109/2051 1950/2119/2061 1949/2120/2062
f 1961/2109/2051 1949/2120/2062 1960/2080/2024
f 1960/2080/2024 1949/2120/2062 1948/2082/2026
f 1517/2114/2056 1516/2121/2063 1954/2115/2057
f 1954/2115/2057 1516/2121/2063 1515/2122/2064
f 1954/2115/2057 1515/2122/2064 1953/2116/2058
f 1953/2116/2058 1515/2122/2064 1514/2123/2065
f 1953/2116/2058 1514/2123/2065 1942/2124/2066
f 1942/2124/2066 1514/2123/2065 1513/2125/2067
f 1942/2124/2066 1513/2125/2067 1943/2126/2068
f 1943/2126/2068 1513/2125/2067 1512/2127/2069
f 1943/2126/2068 1512/2127/2069 1511/2128/2070
f 1511/2128/2070 1510/2129/2071 1943/2126/2068
f 1943/2126/2068 1510/2129/2071 1944/2130/2072
f 1943/2126/2068 1944/2130/2072 1932/2131/2073
f 1932/2131/2073 1944/2130/2072 1933/2132/2074
f 1932/2131/2073 1933/2132/2074 1921/2133/2075
f 1921/2133/2075 1933/2132/2074 1922/1851/1799
f 1921/2133/2075 1922/1851/1799 1910/1850/1798
f 1510/2129/2071 1509/2134/2076 1944/2130/2072
f 1944/2130/2072 1509/2134/2076 1508/2135/2077
f 1944/2130/2072 1508/2135/2077 1507/2136/2078
f 1944/2130/2072 1507/2136/2078 1955/2137/2079
f 1955/2137/2079 1507/2136/2078 1506/2138/2080
f 1955/2137/2079 1506/2138/2080 1505/2139/2081
f 1505/2139/2081 1504/2140/2082 1955/2137/2079
f 1955/2137/2079 1504/2140/2082 1503/2141/2083
f 1955/2137/2079 1503/2141/2083 1502/2142/2084
f 1955/2137/2079 1502/2142/2084 2292/2143/2085
f 2292/2143/2085 1502/2142/2084 1501/2144/2086
f 2292/2143/2085 1501/2144/2086 1500/2145/2087
f 1500/2145/2087 1499/2146/2088 2292/2143/2085
f 2292/2143/2085 1499/2146/2088 1498/2147/2089
f 2292/2143/2085 1498/2147/2089 2294/2148/2090
f 2294/2148/2090 1498/2147/2089 1497/2149/2091
f 2294/2148/2090 1497/2149/2091 1496/2150/2092
f 1496/2150/2092 1495/2151/2093 2294/2148/2090
f 2294/2148/2090 1495/2151/2093 1646/2152/2094
f 2294/2148/2090 1646/2152/2094 1647/1723/1673
f 1647/1725/1673 1646/2153/2094 2296/1727/1675
f 1495/2154/2093 1494/2155/2095 1646/2153/2094
f 1646/2153/2094 1494/2155/2095 1493/2156/2096
f 1646/2153/2094 1493/2156/2096 2296/1727/1675
f 2296/1727/1675 1493/2156/2096 1492/2157/2097
f 2296/1727/1675 1492/2157/2097 1491/2158/2098
f 1491/2158/2098 1490/1729/1677 2296/1727/1675
f 1489/1730/1678 1488/2159/2099 2298/1728/1676
f 2298/1728/1676 1488/2159/2099 1487/2160/2100
f 2298/1728/1676 1487/2160/2100 1486/2161/2101
f 2298/1728/1676 1486/2161/2101 2012/2162/2102
f 2012/2162/2102 1486/2161/2101 1485/2163/2103
f 2012/2162/2102 1485/2163/2103 1484/2164/2104
f 1484/2164/2104 1483/2165/2105 2012/2162/2102
f 2012/2162/2102 1483/2165/2105 1482/2166/2106
f 2012/2162/2102 1482/2166/2106 2009/2013/1959
f 2009/2013/1959 1482/2166/2106 1481/2167/2107
f 2009/2013/1959 1481/2167/2107 1480/2168/2108
f 1480/2168/2108 1479/2169/2109 2009/2013/1959
f 2009/2013/1959 1479/2169/2109 1478/2011/1957
f 1477/2059/2005 1476/2170/2110 2262/2057/2003
f 2262/2057/2003 1476/2170/2110 1475/2171/2111
f 2262/2057/2003 1475/2171/2111 2273/2172/2112
f 2273/2172/2112 1475/2171/2111 1474/2173/2113
f 2273/2172/2112 1474/2173/2113 1473/2174/2114
f 1473/2174/2114 1472/2175/2115 2273/2172/2112
f 2273/2172/2112 1472/2175/2115 1471/2176/2116
f 2273/2172/2112 1471/2176/2116 1470/2177/2117
f 2273/2172/2112 1470/2177/2117 2300/2178/2118
f 2300/2178/2118 1470/2177/2117 1469/2179/2119
f 2300/2178/2118 1469/2179/2119 1468/2180/2120
f 1468/2180/2120 1467/2181/2121 2300/2178/2118
f 2300/2178/2118 1467/2181/2121 1466/2182/2122
f 2300/2178/2118 1466/2182/2122 2302/2183/2123
f 2302/2183/2123 1466/2182/2122 1465/2184/2124
f 2302/2183/2123 1465/2184/2124 1464/2185/2125
f 1464/2185/2125 1463/2186/2126 2302/2183/2123
f 2302/2183/2123 1463/2186/2126 2304/2187/2127
f 2302/2183/2123 2304/2187/2127 2303/2188/2128
f 2303/2188/2128 2304/2187/2127 2305/2189/2129
f 2303/2188/2128 2305/2189/2129 1579/2190/2130
f 1579/2190/2130 2305/2189/2129 1578/2191/2131
f 1578/2191/2131 2305/2189/2129 1637/2192/2132
f 1637/2192/2132 2305/2189/2129 2307/2193/2133
f 1637/2192/2132 2307/2193/2133 1636/2194/2134
f 1636/2194/2134 2307/2193/2133 2309/2195/2135
f 1636/2194/2134 2309/2195/2135 1635/2196/2136
f 1635/2196/2136 2309/2195/2135 1693/2197/2137
f 1635/2196/2136 1693/2197/2137 1634/2198/2138
f 1634/2198/2138 1693/2197/2137 1692/2199/2139
f 1634/2198/2138 1692/2199/2139 1633/2200/2140
f 1633/2200/2140 1692/2199/2139 1714/1965/1911
f 1633/2200/2140 1714/1965/1911 1632/1967/1913
f 1463/2186/2126 1462/2201/2141 2304/2187/2127
f 2304/2187/2127 1462/2201/2141 1461/2202/2142
f 2304/2187/2127 1461/2202/2142 2306/2203/2143
f 2306/2203/2143 1461/2202/2142 1460/2204/2144
f 2306/2203/2143 1460/2204/2144 1459/2205/2145
f 1459/2205/2145 1458/2206/2146 2306/2203/2143
f 2306/2203/2143 1458/2206/2146 2308/2207/2147
f 2306/2203/2143 2308/2207/2147 2309/2195/2135
f 2309/2195/2135 2308/2207/2147 1693/2197/2137
f 1458/2206/2146 1457/2208/2148 2308/2207/2147
f 2308/2207/2147 1457/2208/2148 1456/2209/2149
f 2308/2207/2147 1456/2209/2149 1455/2210/2150
f 1455/2210/2150 1454/2211/2151 2308/2207/2147
f 2308/2207/2147 1454/2211/2151 1694/2212/2152
f 2308/2207/2147 1694/2212/2152 1693/2197/2137
f 1693/2197/2137 1694/2212/2152 1692/2199/2139
f 1454/2211/2151 1453/2213/2153 1694/2212/2152
f 1694/2212/2152 1453/2213/2153 1452/2214/2154
f 1694/2212/2152 1452/2214/2154 1451/2215/2155
f 1451/2215/2155 1450/2216/2156 1694/2212/2152
f 1694/2212/2152 1450/2216/2156 1691/1963/1909
f 1694/2212/2152 1691/1963/1909 1692/2199/2139
f 1692/2199/2139 1691/1963/1909 1714/1965/1911
f 1450/2216/2156 1449/2217/2157 1691/1963/1909
f 1691/1963/1909 1449/2217/2157 1448/2218/2158
f 1691/1963/1909 1448/2218/2158 1447/2219/2159
f 1447/2219/2159 1446/1961/1907 1691/1963/1909
f 1680/1953/1899 1441/1955/1901 1681/2220/2160
f 1681/2220/2160 1441/1955/1901 1440/2221/2161
f 1681/2220/2160 1440/2221/2161 1439/2222/2162
f 1439/2222/2162 1438/2223/2163 1681/2220/2160
f 1681/2220/2160 1438/2223/2163 1680/1953/1899
f 1438/2223/2163 1437/2224/2164 1680/1953/1899
f 1680/1953/1899 1437/2224/2164 1671/2225/2165
f 1680/1953/1899 1671/2225/2165 1670/1951/1897
f 1670/1951/1897 1671/2225/2165 1654/2226/2166
f 1670/1951/1897 1654/2226/2166 1653/1949/1895
f 1653/1949/1895 1654/2226/2166 1658/2227/2167
f 1653/1949/1895 1658/2227/2167 1659/1947/1893
f 1659/1947/1893 1658/2227/2167 2288/2228/2168
f 1659/1947/1893 2288/2228/2168 2287/1945/1891
f 2287/1945/1891 2288/2228/2168 2278/2229/2169
f 2287/1945/1891 2278/2229/2169 2277/1943/1889
f 2277/1943/1889 2278/2229/2169 2266/2230/2170
f 2277/1943/1889 2266/2230/2170 2265/1941/1887
f 2265/1941/1887 2266/2230/2170 2255/2231/2171
f 2265/1941/1887 2255/2231/2171 2254/1939/1885
f 2254/1939/1885 2255/2231/2171 2244/2232/2172
f 2254/1939/1885 2244/2232/2172 2243/1937/1883
f 2243/1937/1883 2244/2232/2172 2233/2233/2173
f 2243/1937/1883 2233/2233/2173 2232/1935/1881
f 2232/1935/1881 2233/2233/2173 2222/2234/2174
f 2232/1935/1881 2222/2234/2174 2221/1933/1879
f 2221/1933/1879 2222/2234/2174 2211/2235/2175
f 2221/1933/1879 2211/2235/2175 2210/1931/1877
f 2210/1931/1877 2211/2235/2175 2200/2236/2176
f 2210/1931/1877 2200/2236/2176 2199/1929/1875
f 2199/1929/1875 2200/2236/2176 2189/2237/2177
f 2199/1929/1875 2189/2237/2177 2188/1927/1873
f 2188/1927/1873 2189/2237/2177 2178/2238/2178
f 2188/1927/1873 2178/2238/2178 2177/1925/1871
f 2177/1925/1871 2178/2238/2178 2167/2239/2179
f 2177/1925/1871 2167/2239/2179 2166/1923/1869
f 2166/1923/1869 2167/2239/2179 2156/2240/2180
f 2166/1923/1869 2156/2240/2180 2155/1921/1867
f 2155/1921/1867 2156/2240/2180 2145/2241/2181
f 2155/1921/1867 2145/2241/2181 2144/1919/1865
f 2144/1919/1865 2145/2241/2181 2134/2242/2182
f 2144/1919/1865 2134/2242/2182 2133/1917/1863
f 2133/1917/1863 2134/2242/2182 2123/2243/2183
f 2133/1917/1863 2123/2243/2183 2122/1915/1861
f 2122/1915/1861 2123/2243/2183 2112/2244/2184
f 2122/1915/1861 2112/2244/2184 2111/1913/1859
f 2111/1913/1859 2112/2244/2184 2101/2245/2185
f 2111/1913/1859 2101/2245/2185 2100/1911/1857
f 2100/1911/1857 2101/2245/2185 2090/2246/2186
f 2100/1911/1857 2090/2246/2186 2089/1909/1855
f 2089/1909/1855 2090/2246/2186 2079/2247/2187
f 2089/1909/1855 2079/2247/2187 2078/1907/1853
f 2078/1907/1853 2079/2247/2187 2068/2248/2188
f 2078/1907/1853 2068/2248/2188 2067/1905/1851
f 2067/1905/1851 2068/2248/2188 2057/2249/2189
f 2067/1905/1851 2057/2249/2189 2056/1903/1849
f 2056/1903/1849 2057/2249/2189 2046/2250/2190
f 2056/1903/1849 2046/2250/2190 2045/1901/1847
f 2045/1901/1847 2046/2250/2190 2035/2251/2191
f 2045/1901/1847 2035/2251/2191 2034/1899/1845
f 2034/1899/1845 2035/2251/2191 2024/2252/2192
f 2034/1899/1845 2024/2252/2192 2023/1897/1843
f 2023/1897/1843 2024/2252/2192 2002/2253/2193
f 2023/1897/1843 2002/2253/2193 2001/1895/1841
f 2001/1895/1841 2002/2253/2193 2020/2254/2194
f 2001/1895/1841 2020/2254/2194 2021/1893/1839
f 2021/1893/1839 2020/2254/2194 1991/1891/1837
f 1437/2224/2164 1436/2255/2195 1671/2225/2165
f 1671/2225/2165 1436/2255/2195 1672/2256/2196
f 1671/2225/2165 1672/2256/2196 1433/2257/2197
f 1433/2257/2197 1672/2256/2196 1434/2258/2198
f 1434/2258/2198 1672/2256/2196 1435/2259/2199
f 1435/2259/2199 1672/2256/2196 1436/2255/2195
f 1671/2225/2165 1433/2257/2197 1655/2260/2200
f 1655/2260/2200 1433/2257/2197 1432/2261/2201
f 1655/2260/2200 1432/2261/2201 1431/2262/2202
f 1655/2260/2200 1431/2262/2202 1656/2263/2203
f 1656/2263/2203 1431/2262/2202 1430/2264/2204
f 1656/2263/2203 1430/2264/2204 1429/2265/2205
f 1656/2263/2203 1429/2265/2205 2291/2266/2206
f 2291/2266/2206 1429/2265/2205 1428/2267/2207
f 2291/2266/2206 1428/2267/2207 1427/2268/2208
f 1426/2269/2209 2283/2270/2210 1427/2268/2208
f 1427/2268/2208 2283/2270/2210 2282/2271/2211
f 1427/2268/2208 2282/2271/2211 2291/2266/2206
f 2291/2266/2206 2282/2271/2211 2281/2272/2212
f 2291/2266/2206 2281/2272/2212 2290/2273/2213
f 2290/2273/2213 2281/2272/2212 2280/2274/2214
f 2290/2273/2213 2280/2274/2214 2289/2275/2215
f 2289/2275/2215 2280/2274/2214 2279/2276/2216
f 2289/2275/2215 2279/2276/2216 2288/2228/2168
f 2288/2228/2168 2279/2276/2216 2278/2229/2169
f 1426/2269/2209 1425/2277/2217 2283/2270/2210
f 2283/2270/2210 1425/2277/2217 1424/2278/2218
f 2283/2270/2210 1424/2278/2218 1423/2279/2219
f 2283/2270/2210 1423/2279/2219 2282/2271/2211
f 2282/2271/2211 1423/2279/2219 1422/2280/2220
f 2282/2271/2211 1422/2280/2220 2271/2281/2221
f 2271/2281/2221 1422/2280/2220 1421/2282/2222
f 2271/2281/2221 1421/2282/2222 2272/2283/2223
f 2272/2283/2223 1421/2282/2222 1420/2284/2224
f 2272/2283/2223 1420/2284/2224 1419/2285/2225
f 2272/2283/2223 1419/2285/2225 2271/2281/2221
f 2271/2281/2221 1419/2285/2225 1418/2286/2226
f 2271/2281/2221 1418/2286/2226 1417/2287/2227
f 1416/2288/2228 2261/2056/2002 1417/2287/2227
f 1417/2287/2227 2261/2056/2002 2260/2289/2229
f 1417/2287/2227 2260/2289/2229 2271/2281/2221
f 2271/2281/2221 2260/2289/2229 2270/2290/2230
f 2271/2281/2221 2270/2290/2230 2282/2271/2211
f 2282/2271/2211 2270/2290/2230 2281/2272/2212
f 1416/2288/2228 1415/2291/2231 2261/2056/2002
f 2261/2056/2002 1415/2291/2231 1414/2058/2004
f 1579/2190/2130 1580/2292/2232 2303/2188/2128
f 2303/2188/2128 1580/2292/2232 2301/2293/2233
f 2303/2188/2128 2301/2293/2233 2302/2183/2123
f 2302/2183/2123 2301/2293/2233 2300/2178/2118
f 1580/2292/2232 1581/2294/2234 2301/2293/2233
f 2301/2293/2233 1581/2294/2234 2274/2295/2235
f 2301/2293/2233 2274/2295/2235 2300/2178/2118
f 2300/2178/2118 2274/2295/2235 2273/2172/2112
f 1581/2294/2234 1582/2296/2236 2274/2295/2235
f 2274/2295/2235 1582/2296/2236 2263/2297/2237
f 2274/2295/2235 2263/2297/2237 2273/2172/2112
f 2273/2172/2112 2263/2297/2237 2262/2057/2003
f 1582/2296/2236 1583/2298/2238 2263/2297/2237
f 2263/2297/2237 1583/2298/2238 2252/2299/2239
f 2263/2297/2237 2252/2299/2239 2262/2057/2003
f 2262/2057/2003 2252/2299/2239 2251/2055/2001
f 1583/2298/2238 1584/2300/2240 2252/2299/2239
f 2252/2299/2239 1584/2300/2240 2241/2301/2241
f 2252/2299/2239 2241/2301/2241 2251/2055/2001
f 2251/2055/2001 2241/2301/2241 2240/2053/1999
f 1584/2300/2240 1585/2302/2242 2241/2301/2241
f 2241/2301/2241 1585/2302/2242 2230/2303/2243
f 2241/2301/2241 2230/2303/2243 2240/2053/1999
f 2240/2053/1999 2230/2303/2243 2229/2051/1997
f 1585/2302/2242 1586/2304/2244 2230/2303/2243
f 2230/2303/2243 1586/2304/2244 2219/2305/2245
f 2230/2303/2243 2219/2305/2245 2229/2051/1997
f 2229/2051/1997 2219/2305/2245 2218/2049/1995
f 1586/2304/2244 1587/2306/2246 2219/2305/2245
f 2219/2305/2245 1587/2306/2246 2208/2307/2247
f 2219/2305/2245 2208/2307/2247 2218/2049/1995
f 2218/2049/1995 2208/2307/2247 2207/2047/1993
f 1587/2306/2246 1588/2308/2248 2208/2307/2247
f 2208/2307/2247 1588/2308/2248 2197/2309/2249
f 2208/2307/2247 2197/2309/2249 2207/2047/1993
f 2207/2047/1993 2197/2309/2249 2196/2045/1991
f 1588/2308/2248 1589/2310/2250 2197/2309/2249
f 2197/2309/2249 1589/2310/2250 2186/2311/2251
f 2197/2309/2249 2186/2311/2251 2196/2045/1991
f 2196/2045/1991 2186/2311/2251 2185/2043/1989
f 1589/2310/2250 1590/2312/2252 2186/2311/2251
f 2186/2311/2251 1590/2312/2252 2175/2313/2253
f 2186/2311/2251 2175/2313/2253 2185/2043/1989
f 2185/2043/1989 2175/2313/2253 2174/2041/1987
f 1590/2312/2252 1591/2314/2254 2175/2313/2253
f 2175/2313/2253 1591/2314/2254 2164/2315/2255
f 2175/2313/2253 2164/2315/2255 2174/2041/1987
f 2174/2041/1987 2164/2315/2255 2163/2039/1985
f 1591/2314/2254 1592/2316/2256 2164/2315/2255
f 2164/2315/2255 1592/2316/2256 2153/2317/2257
f 2164/2315/2255 2153/2317/2257 2163/2039/1985
f 2163/2039/1985 2153/2317/2257 2152/2037/1983
f 1592/2316/2256 1593/2318/2258 2153/2317/2257
f 2153/2317/2257 1593/2318/2258 2142/2319/2259
f 2153/2317/2257 2142/2319/2259 2152/2037/1983
f 2152/2037/1983 2142/2319/2259 2141/2035/1981
f 1593/2318/2258 1594/2320/2260 2142/2319/2259
f 2142/2319/2259 1594/2320/2260 2131/2321/2261
f 2142/2319/2259 2131/2321/2261 2141/2035/1981
f 2141/2035/1981 2131/2321/2261 2130/2033/1979
f 1594/2320/2260 1595/2322/2262 2131/2321/2261
f 2131/2321/2261 1595/2322/2262 2120/2323/2263
f 2131/2321/2261 2120/2323/2263 2130/2033/1979
f 2130/2033/1979 2120/2323/2263 2119/2031/1977
f 1595/2322/2262 1596/2324/2264 2120/2323/2263
f 2120/2323/2263 1596/2324/2264 2109/2325/2265
f 2120/2323/2263 2109/2325/2265 2119/2031/1977
f 2119/2031/1977 2109/2325/2265 2108/2029/1975
f 1596/2324/2264 1597/2326/2266 2109/2325/2265
f 2109/2325/2265 1597/2326/2266 2098/2327/2267
f 2109/2325/2265 2098/2327/2267 2108/2029/1975
f 2108/2029/1975 2098/2327/2267 2097/2027/1973
f 1597/2326/2266 1598/2328/2268 2098/2327/2267
f 2098/2327/2267 1598/2328/2268 2087/2329/2269
f 2098/2327/2267 2087/2329/2269 2097/2027/1973
f 2097/2027/1973 2087/2329/2269 2086/2025/1971
f 1598/2328/2268 1599/2330/2270 2087/2329/2269
f 2087/2329/2269 1599/2330/2270 2076/2331/2271
f 2087/2329/2269 2076/2331/2271 2086/2025/1971
f 2086/2025/1971 2076/2331/2271 2075/2023/1969
f 1599/2330/2270 1600/2332/2272 2076/2331/2271
f 2076/2331/2271 1600/2332/2272 2065/2333/2273
f 2076/2331/2271 2065/2333/2273 2075/2023/1969
f 2075/2023/1969 2065/2333/2273 2064/2021/1967
f 1600/2332/2272 1601/2334/2274 2065/2333/2273
f 2065/2333/2273 1601/2334/2274 2054/2335/2275
f 2065/2333/2273 2054/2335/2275 2064/2021/1967
f 2064/2021/1967 2054/2335/2275 2053/2019/1965
f 1601/2334/2274 1602/2336/2276 2054/2335/2275
f 2054/2335/2275 1602/2336/2276 2043/2337/2277
f 2054/2335/2275 2043/2337/2277 2053/2019/1965
f 2053/2019/1965 2043/2337/2277 2042/2017/1963
f 1602/2336/2276 1603/2338/2278 2043/2337/2277
f 2043/2337/2277 1603/2338/2278 2032/2339/2279
f 2043/2337/2277 2032/2339/2279 2042/2017/1963
f 2042/2017/1963 2032/2339/2279 2031/2015/1961
f 1603/2338/2278 1604/2340/2280 2032/2339/2279
f 2032/2339/2279 1604/2340/2280 2010/2341/2281
f 2032/2339/2279 2010/2341/2281 2031/2015/1961
f 2031/2015/1961 2010/2341/2281 2009/2013/1959
f 1604/2340/2280 1605/2342/2282 2010/2341/2281
f 2010/2341/2281 1605/2342/2282 2011/2343/2283
f 2010/2341/2281 2011/2343/2283 2009/2013/1959
f 2009/2013/1959 2011/2343/2283 2012/2162/2102
f 1605/2342/2282 1606/2344/2284 2011/2343/2283
f 2011/2343/2283 1606/2344/2284 2299/2345/2285
f 2011/2343/2283 2299/2345/2285 2012/2162/2102
f 2012/2162/2102 2299/2345/2285 2298/1728/1676
f 1606/2344/2284 1607/2346/2286 2299/2345/2285
f 2299/2345/2285 1607/2346/2286 2297/1726/1674
f 2299/2345/2285 2297/1726/1674 2298/1728/1676
f 1607/2346/2286 1608/1724/1672 2297/1726/1674
f 1638/1882/1830 1639/2347/2287 1966/1880/1828
f 1966/1880/1828 1639/2347/2287 1967/2348/2288
f 1966/1880/1828 1967/2348/2288 1957/1878/1826
f 1957/1878/1826 1967/2348/2288 1958/2349/2289
f 1957/1878/1826 1958/2349/2289 1946/1876/1824
f 1946/1876/1824 1958/2349/2289 1947/2083/2027
f 1946/1876/1824 1947/2083/2027 1935/1874/1822
f 1639/2347/2287 1640/2350/2290 1967/2348/2288
f 1967/2348/2288 1640/2350/2290 1968/2351/2291
f 1967/2348/2288 1968/2351/2291 1958/2349/2289
f 1958/2349/2289 1968/2351/2291 1959/2081/2025
f 1958/2349/2289 1959/2081/2025 1947/2083/2027
f 1639/2352/2287 1638/1883/1830 1975/2353/2292
f 1975/2353/2292 1638/1883/1830 1974/1887/1833
f 1975/2353/2292 1974/1887/1833 1983/2354/2293
f 1983/2354/2293 1974/1887/1833 1982/1889/1835
f 1983/2354/2293 1982/1889/1835 1992/2355/2294
f 1992/2355/2294 1982/1889/1835 1991/1891/1837
f 1992/2355/2294 1991/1891/1837 2020/2254/2194
f 1640/2350/2290 1641/2356/2295 1968/2351/2291
f 1968/2351/2291 1641/2356/2295 1969/2079/2023
f 1968/2351/2291 1969/2079/2023 1959/2081/2025
f 1640/2357/2290 1639/2352/2287 1976/2358/2296
f 1976/2358/2296 1639/2352/2287 1975/2353/2292
f 1976/2358/2296 1975/2353/2292 1984/2359/2297
f 1984/2359/2297 1975/2353/2292 1983/2354/2293
f 1984/2359/2297 1983/2354/2293 1993/2360/2298
f 1993/2360/2298 1983/2354/2293 1992/2355/2294
f 1993/2360/2298 1992/2355/2294 2019/2361/2299
f 2019/2361/2299 1992/2355/2294 2020/2254/2194
f 2019/2361/2299 2020/2254/2194 2002/2253/2193
f 1969/2079/2023 1641/2356/2295 1642/2076/2021
f 1642/2075/2021 1641/2362/2295 1978/2363/2300
f 1642/2075/2021 1978/2363/2300 1979/2073/2019
f 1979/2073/2019 1978/2363/2300 1987/2364/2301
f 1979/2073/2019 1987/2364/2301 1988/2071/2017
f 1988/2071/2017 1987/2364/2301 1997/2365/2302
f 1988/2071/2017 1997/2365/2302 1998/2065/2011
f 1998/2065/2011 1997/2365/2302 2014/2063/2009
f 1641/2362/2295 1640/2357/2290 1977/2366/2303
f 1977/2366/2303 1640/2357/2290 1976/2358/2296
f 1977/2366/2303 1976/2358/2296 1985/2367/2304
f 1985/2367/2304 1976/2358/2296 1984/2359/2297
f 1985/2367/2304 1984/2359/2297 1994/2368/2305
f 1994/2368/2305 1984/2359/2297 1993/2360/2298
f 1994/2368/2305 1993/2360/2298 2018/2369/2306
f 2018/2369/2306 1993/2360/2298 2019/2361/2299
f 2018/2369/2306 2019/2361/2299 2003/2370/2307
f 2003/2370/2307 2019/2361/2299 2002/2253/2193
f 2003/2370/2307 2002/2253/2193 2024/2252/2192
f 1971/2108/2050 1970/2078/2022 1643/2077/2020
f 1972/2106/2048 1971/2108/2050 1644/2371/2308
f 1644/2371/2308 1971/2108/2050 1643/2077/2020
f 1644/2372/2308 1643/2074/2020 1980/2072/2018
f 1973/2099/2041 1972/2106/2048 1645/2095/2038
f 1645/2095/2038 1972/2106/2048 1644/2371/2308
f 1645/2094/2038 1644/2372/2308 1981/2091/2035
f 1981/2091/2035 1644/2372/2308 1980/2072/2018
f 1981/2091/2035 1980/2072/2018 1989/2070/2016
f 2294/2148/2090 1647/1723/1673 2295/1721/1671
f 1648/1663/1613 1649/2373/2309 1663/1661/1611
f 1663/1661/1611 1649/2373/2309 1662/2374/2310
f 1663/1661/1611 1662/2374/2310 2284/2008/1954
f 2284/2008/1954 1662/2374/2310 2285/2375/2311
f 2284/2008/1954 2285/2375/2311 2275/2006/1952
f 2275/2006/1952 2285/2375/2311 2276/1942/1888
f 2275/2006/1952 2276/1942/1888 2264/1940/1886
f 1649/2373/2309 1650/2376/2312 1662/2374/2310
f 1662/2374/2310 1650/2376/2312 1661/2377/2313
f 1662/2374/2310 1661/2377/2313 2285/2375/2311
f 2285/2375/2311 1661/2377/2313 2286/1944/1890
f 2285/2375/2311 2286/1944/1890 2276/1942/1888
f 1649/2373/2309 1648/1663/1613 1665/2378/2314
f 1665/2378/2314 1648/1663/1613 1664/1665/1615
f 1665/2378/2314 1664/1665/1615 1674/2379/2315
f 1674/2379/2315 1664/1665/1615 1673/1667/1617
f 1674/2379/2315 1673/1667/1617 1702/2380/2316
f 1702/2380/2316 1673/1667/1617 1703/1669/1619
f 1702/2380/2316 1703/1669/1619 1683/1671/1621
f 1650/2376/2312 1651/2381/2317 1661/2377/2313
f 1661/2377/2313 1651/2381/2317 1660/1946/1892
f 1661/2377/2313 1660/1946/1892 2286/1944/1890
f 1650/2376/2312 1649/2373/2309 1666/2382/2318
f 1666/2382/2318 1649/2373/2309 1665/2378/2314
f 1666/2382/2318 1665/2378/2314 1675/2383/2319
f 1675/2383/2319 1665/2378/2314 1674/2379/2315
f 1675/2383/2319 1674/2379/2315 1701/2384/2320
f 1701/2384/2320 1674/2379/2315 1702/2380/2316
f 1701/2384/2320 1702/2380/2316 1684/2385/2321
f 1684/2385/2321 1702/2380/2316 1683/1671/1621
f 1684/2385/2321 1683/1671/1621 1706/1673/1623
f 1660/1946/1892 1651/2381/2317 1652/1948/1894
f 1652/1948/1894 1651/2381/2317 1668/2386/2322
f 1652/1948/1894 1668/2386/2322 1669/1950/1896
f 1669/1950/1896 1668/2386/2322 1678/2387/2323
f 1669/1950/1896 1678/2387/2323 1679/1952/1898
f 1679/1952/1898 1678/2387/2323 1697/2388/2324
f 1679/1952/1898 1697/2388/2324 1696/1954/1900
f 1696/1954/1900 1697/2388/2324 1689/2389/2325
f 1696/1954/1900 1689/2389/2325 1690/1962/1908
f 1690/1962/1908 1689/2389/2325 1712/2390/2326
f 1690/1962/1908 1712/2390/2326 1713/1964/1910
f 1713/1964/1910 1712/2390/2326 1724/2391/2327
f 1713/1964/1910 1724/2391/2327 1725/1966/1912
f 1725/1966/1912 1724/2391/2327 1736/1969/1915
f 1651/2381/2317 1650/2376/2312 1667/2392/2328
f 1667/2392/2328 1650/2376/2312 1666/2382/2318
f 1667/2392/2328 1666/2382/2318 1676/2393/2329
f 1676/2393/2329 1666/2382/2318 1675/2383/2319
f 1676/2393/2329 1675/2383/2319 1700/2394/2330
f 1700/2394/2330 1675/2383/2319 1701/2384/2320
f 1700/2394/2330 1701/2384/2320 1685/2395/2331
f 1685/2395/2331 1701/2384/2320 1684/2385/2321
f 1685/2395/2331 1684/2385/2321 1707/2396/2332
f 1707/2396/2332 1684/2385/2321 1706/1673/1623
f 1707/2396/2332 1706/1673/1623 1718/1675/1625
f 1654/2226/2166 1655/2260/2200 1657/2397/2333
f 1657/2397/2333 1655/2260/2200 1656/2263/2203
f 1657/2397/2333 1656/2263/2203 2290/2273/2213
f 2290/2273/2213 1656/2263/2203 2291/2266/2206
f 1655/2260/2200 1654/2226/2166 1671/2225/2165
f 1654/2226/2166 1657/2397/2333 1658/2227/2167
f 1658/2227/2167 1657/2397/2333 2289/2275/2215
f 1658/2227/2167 2289/2275/2215 2288/2228/2168
f 2289/2275/2215 1657/2397/2333 2290/2273/2213
f 1651/2381/2317 1667/2392/2328 1668/2386/2322
f 1668/2386/2322 1667/2392/2328 1677/2398/2334
f 1668/2386/2322 1677/2398/2334 1678/2387/2323
f 1678/2387/2323 1677/2398/2334 1698/2399/2335
f 1678/2387/2323 1698/2399/2335 1697/2388/2324
f 1697/2388/2324 1698/2399/2335 1688/2400/2336
f 1697/2388/2324 1688/2400/2336 1689/2389/2325
f 1689/2389/2325 1688/2400/2336 1711/2401/2337
f 1689/2389/2325 1711/2401/2337 1712/2390/2326
f 1712/2390/2326 1711/2401/2337 1723/2402/2338
f 1712/2390/2326 1723/2402/2338 1724/2391/2327
f 1724/2391/2327 1723/2402/2338 1735/2403/2339
f 1724/2391/2327 1735/2403/2339 1736/1969/1915
f 1736/1969/1915 1735/2403/2339 1747/1971/1917
f 1677/2398/2334 1667/2392/2328 1676/2393/2329
f 1677/2398/2334 1676/2393/2329 1699/2404/2340
f 1699/2404/2340 1676/2393/2329 1700/2394/2330
f 1699/2404/2340 1700/2394/2330 1686/2405/2341
f 1686/2405/2341 1700/2394/2330 1685/2395/2331
f 1686/2405/2341 1685/2395/2331 1708/2406/2342
f 1708/2406/2342 1685/2395/2331 1707/2396/2332
f 1708/2406/2342 1707/2396/2332 1719/2407/2343
f 1719/2407/2343 1707/2396/2332 1718/1675/1625
f 1719/2407/2343 1718/1675/1625 1730/1677/1627
f 1686/2405/2341 1687/2408/2344 1699/2404/2340
f 1699/2404/2340 1687/2408/2344 1698/2399/2335
f 1699/2404/2340 1698/2399/2335 1677/2398/2334
f 1698/2399/2335 1687/2408/2344 1688/2400/2336
f 1688/2400/2336 1687/2408/2344 1710/2409/2345
f 1688/2400/2336 1710/2409/2345 1711/2401/2337
f 1711/2401/2337 1710/2409/2345 1722/2410/2346
f 1711/2401/2337 1722/2410/2346 1723/2402/2338
f 1723/2402/2338 1722/2410/2346 1734/2411/2347
f 1723/2402/2338 1734/2411/2347 1735/2403/2339
f 1735/2403/2339 1734/2411/2347 1746/2412/2348
f 1735/2403/2339 1746/2412/2348 1747/1971/1917
f 1747/1971/1917 1746/2412/2348 1758/1973/1919
f 1687/2408/2344 1686/2405/2341 1709/2413/2349
f 1709/2413/2349 1686/2405/2341 1708/2406/2342
f 1709/2413/2349 1708/2406/2342 1720/2414/2350
f 1720/2414/2350 1708/2406/2342 1719/2407/2343
f 1720/2414/2350 1719/2407/2343 1731/2415/2351
f 1731/2415/2351 1719/2407/2343 1730/1677/1627
f 1731/2415/2351 1730/1677/1627 1742/1679/1629
f 1695/1957/1903 1696/1954/1900 1690/1962/1908
f 1687/2408/2344 1709/2413/2349 1710/2409/2345
f 1710/2409/2345 1709/2413/2349 1721/2416/2352
f 1710/2409/2345 1721/2416/2352 1722/2410/2346
f 1722/2410/2346 1721/2416/2352 1733/2417/2353
f 1722/2410/2346 1733/2417/2353 1734/2411/2347
f 1734/2411/2347 1733/2417/2353 1745/2418/2354
f 1734/2411/2347 1745/2418/2354 1746/2412/2348
f 1746/2412/2348 1745/2418/2354 1757/2419/2355
f 1746/2412/2348 1757/2419/2355 1758/1973/1919
f 1758/1973/1919 1757/2419/2355 1769/1975/1921
f 1721/2416/2352 1709/2413/2349 1720/2414/2350
f 1721/2416/2352 1720/2414/2350 1732/2420/2356
f 1732/2420/2356 1720/2414/2350 1731/2415/2351
f 1732/2420/2356 1731/2415/2351 1743/2421/2357
f 1743/2421/2357 1731/2415/2351 1742/1679/1629
f 1743/2421/2357 1742/1679/1629 1754/1681/1631
f 1721/2416/2352 1732/2420/2356 1733/2417/2353
f 1733/2417/2353 1732/2420/2356 1744/2422/2358
f 1733/2417/2353 1744/2422/2358 1745/2418/2354
f 1745/2418/2354 1744/2422/2358 1756/2423/2359
f 1745/2418/2354 1756/2423/2359 1757/2419/2355
f 1757/2419/2355 1756/2423/2359 1768/2424/2360
f 1757/2419/2355 1768/2424/2360 1769/1975/1921
f 1769/1975/1921 1768/2424/2360 1780/1977/1923
f 1744/2422/2358 1732/2420/2356 1743/2421/2357
f 1744/2422/2358 1743/2421/2357 1755/2425/2361
f 1755/2425/2361 1743/2421/2357 1754/1681/1631
f 1755/2425/2361 1754/1681/1631 1766/1683/1633
f 1744/2422/2358 1755/2425/2361 1756/2423/2359
f 1756/2423/2359 1755/2425/2361 1767/2426/2362
f 1756/2423/2359 1767/2426/2362 1768/2424/2360
f 1768/2424/2360 1767/2426/2362 1779/2427/2363
f 1768/2424/2360 1779/2427/2363 1780/1977/1923
f 1780/1977/1923 1779/2427/2363 1791/1979/1925
f 1767/2426/2362 1755/2425/2361 1766/1683/1633
f 1779/2427/2363 1767/2426/2362 1778/1685/1635
f 1778/1685/1635 1767/2426/2362 1766/1683/1633
f 1791/1979/1925 1779/2427/2363 1790/1687/1637
f 1790/1687/1637 1779/2427/2363 1778/1685/1635
f 1802/1689/1639 1791/1979/1925 1790/1687/1637
f 1814/1842/1790 1825/1854/1802 1826/1843/1791
f 1826/1843/1791 1825/1854/1802 1837/2428/2364
f 1826/1843/1791 1837/2428/2364 1838/1844/1792
f 1838/1844/1792 1837/2428/2364 1849/2429/2365
f 1838/1844/1792 1849/2429/2365 1850/1845/1793
f 1850/1845/1793 1849/2429/2365 1861/2430/2366
f 1850/1845/1793 1861/2430/2366 1862/1846/1794
f 1862/1846/1794 1861/2430/2366 1873/2431/2367
f 1862/1846/1794 1873/2431/2367 1874/1847/1795
f 1874/1847/1795 1873/2431/2367 1885/2432/2368
f 1874/1847/1795 1885/2432/2368 1886/1848/1796
f 1886/1848/1796 1885/2432/2368 1897/2433/2369
f 1886/1848/1796 1897/2433/2369 1898/1849/1797
f 1898/1849/1797 1897/2433/2369 1909/2434/2370
f 1898/1849/1797 1909/2434/2370 1910/1850/1798
f 1910/1850/1798 1909/2434/2370 1921/2133/2075
f 1825/1854/1802 1836/1856/1804 1837/2428/2364
f 1837/2428/2364 1836/1856/1804 1848/2435/2371
f 1837/2428/2364 1848/2435/2371 1849/2429/2365
f 1849/2429/2365 1848/2435/2371 1860/2436/2372
f 1849/2429/2365 1860/2436/2372 1861/2430/2366
f 1861/2430/2366 1860/2436/2372 1872/2437/2373
f 1861/2430/2366 1872/2437/2373 1873/2431/2367
f 1873/2431/2367 1872/2437/2373 1884/2438/2374
f 1873/2431/2367 1884/2438/2374 1885/2432/2368
f 1885/2432/2368 1884/2438/2374 1896/2439/2375
f 1885/2432/2368 1896/2439/2375 1897/2433/2369
f 1897/2433/2369 1896/2439/2375 1908/2440/2376
f 1897/2433/2369 1908/2440/2376 1909/2434/2370
f 1909/2434/2370 1908/2440/2376 1920/2441/2377
f 1909/2434/2370 1920/2441/2377 1921/2133/2075
f 1921/2133/2075 1920/2441/2377 1932/2131/2073
f 1836/1856/1804 1847/1858/1806 1848/2435/2371
f 1848/2435/2371 1847/1858/1806 1859/2442/2378
f 1848/2435/2371 1859/2442/2378 1860/2436/2372
f 1860/2436/2372 1859/2442/2378 1871/2443/2379
f 1860/2436/2372 1871/2443/2379 1872/2437/2373
f 1872/2437/2373 1871/2443/2379 1883/2444/2380
f 1872/2437/2373 1883/2444/2380 1884/2438/2374
f 1884/2438/2374 1883/2444/2380 1895/2445/2381
f 1884/2438/2374 1895/2445/2381 1896/2439/2375
f 1896/2439/2375 1895/2445/2381 1907/2446/2382
f 1896/2439/2375 1907/2446/2382 1908/2440/2376
f 1908/2440/2376 1907/2446/2382 1919/2447/2383
f 1908/2440/2376 1919/2447/2383 1920/2441/2377
f 1920/2441/2377 1919/2447/2383 1931/2448/2384
f 1920/2441/2377 1931/2448/2384 1932/2131/2073
f 1932/2131/2073 1931/2448/2384 1943/2126/2068
f 1847/1858/1806 1858/1860/1808 1859/2442/2378
f 1859/2442/2378 1858/1860/1808 1870/2449/2385
f 1859/2442/2378 1870/2449/2385 1871/2443/2379
f 1871/2443/2379 1870/2449/2385 1882/2450/2386
f 1871/2443/2379 1882/2450/2386 1883/2444/2380
f 1883/2444/2380 1882/2450/2386 1894/2451/2387
f 1883/2444/2380 1894/2451/2387 1895/2445/2381
f 1895/2445/2381 1894/2451/2387 1906/2452/2388
f 1895/2445/2381 1906/2452/2388 1907/2446/2382
f 1907/2446/2382 1906/2452/2388 1918/2453/2389
f 1907/2446/2382 1918/2453/2389 1919/2447/2383
f 1919/2447/2383 1918/2453/2389 1930/2454/2390
f 1919/2447/2383 1930/2454/2390 1931/2448/2384
f 1931/2448/2384 1930/2454/2390 1942/2124/2066
f 1931/2448/2384 1942/2124/2066 1943/2126/2068
f 1858/1860/1808 1869/1862/1810 1870/2449/2385
f 1870/2449/2385 1869/1862/1810 1881/2455/2391
f 1870/2449/2385 1881/2455/2391 1882/2450/2386
f 1882/2450/2386 1881/2455/2391 1893/2456/2392
f 1882/2450/2386 1893/2456/2392 1894/2451/2387
f 1894/2451/2387 1893/2456/2392 1905/2457/2393
f 1894/2451/2387 1905/2457/2393 1906/2452/2388
f 1906/2452/2388 1905/2457/2393 1917/2458/2394
f 1906/2452/2388 1917/2458/2394 1918/2453/2389
f 1918/2453/2389 1917/2458/2394 1929/2459/2395
f 1918/2453/2389 1929/2459/2395 1930/2454/2390
f 1930/2454/2390 1929/2459/2395 1941/2460/2396
f 1930/2454/2390 1941/2460/2396 1942/2124/2066
f 1942/2124/2066 1941/2460/2396 1953/2116/2058
f 1869/1862/1810 1880/1864/1812 1881/2455/2391
f 1881/2455/2391 1880/1864/1812 1892/2461/2397
f 1881/2455/2391 1892/2461/2397 1893/2456/2392
f 1893/2456/2392 1892/2461/2397 1904/2462/2398
f 1893/2456/2392 1904/2462/2398 1905/2457/2393
f 1905/2457/2393 1904/2462/2398 1916/2463/2399
f 1905/2457/2393 1916/2463/2399 1917/2458/2394
f 1917/2458/2394 1916/2463/2399 1928/2464/2400
f 1917/2458/2394 1928/2464/2400 1929/2459/2395
f 1929/2459/2395 1928/2464/2400 1940/2465/2401
f 1929/2459/2395 1940/2465/2401 1941/2460/2396
f 1941/2460/2396 1940/2465/2401 1952/2117/2059
f 1941/2460/2396 1952/2117/2059 1953/2116/2058
f 1880/1864/1812 1891/1866/1814 1892/2461/2397
f 1892/2461/2397 1891/1866/1814 1903/2466/2402
f 1892/2461/2397 1903/2466/2402 1904/2462/2398
f 1904/2462/2398 1903/2466/2402 1915/2467/2403
f 1904/2462/2398 1915/2467/2403 1916/2463/2399
f 1916/2463/2399 1915/2467/2403 1927/2468/2404
f 1916/2463/2399 1927/2468/2404 1928/2464/2400
f 1928/2464/2400 1927/2468/2404 1939/2469/2405
f 1928/2464/2400 1939/2469/2405 1940/2465/2401
f 1940/2465/2401 1939/2469/2405 1951/2118/2060
f 1940/2465/2401 1951/2118/2060 1952/2117/2059
f 1891/1866/1814 1902/1868/1816 1903/2466/2402
f 1903/2466/2402 1902/1868/1816 1914/2470/2406
f 1903/2466/2402 1914/2470/2406 1915/2467/2403
f 1915/2467/2403 1914/2470/2406 1926/2471/2407
f 1915/2467/2403 1926/2471/2407 1927/2468/2404
f 1927/2468/2404 1926/2471/2407 1938/2472/2408
f 1927/2468/2404 1938/2472/2408 1939/2469/2405
f 1939/2469/2405 1938/2472/2408 1950/2119/2061
f 1939/2469/2405 1950/2119/2061 1951/2118/2060
f 1902/1868/1816 1913/1870/1818 1914/2470/2406
f 1914/2470/2406 1913/1870/1818 1925/2473/2409
f 1914/2470/2406 1925/2473/2409 1926/2471/2407
f 1926/2471/2407 1925/2473/2409 1937/2474/2410
f 1926/2471/2407 1937/2474/2410 1938/2472/2408
f 1938/2472/2408 1937/2474/2410 1949/2120/2062
f 1938/2472/2408 1949/2120/2062 1950/2119/2061
f 1934/1713/1663 1922/1851/1799 1933/2132/2074
f 1913/1870/1818 1924/1872/1820 1925/2473/2409
f 1925/2473/2409 1924/1872/1820 1936/2084/2028
f 1925/2473/2409 1936/2084/2028 1937/2474/2410
f 1937/2474/2410 1936/2084/2028 1948/2082/2026
f 1937/2474/2410 1948/2082/2026 1949/2120/2062
f 1945/1715/1665 1934/1713/1663 1933/2132/2074
f 1945/1715/1665 1933/2132/2074 1944/2130/2072
f 1956/1717/1667 1945/1715/1665 1944/2130/2072
f 2293/1719/1669 1956/1717/1667 1955/2137/2079
f 1955/2137/2079 1956/1717/1667 1944/2130/2072
f 1641/2362/2295 1977/2366/2303 1978/2363/2300
f 1978/2363/2300 1977/2366/2303 1986/2475/2411
f 1978/2363/2300 1986/2475/2411 1987/2364/2301
f 1987/2364/2301 1986/2475/2411 1996/2476/2412
f 1987/2364/2301 1996/2476/2412 1997/2365/2302
f 1997/2365/2302 1996/2476/2412 2015/2477/2413
f 1997/2365/2302 2015/2477/2413 2014/2063/2009
f 2014/2063/2009 2015/2477/2413 2007/2478/2414
f 2014/2063/2009 2007/2478/2414 2008/2012/1958
f 2008/2012/1958 2007/2478/2414 2029/2479/2415
f 2008/2012/1958 2029/2479/2415 2030/2014/1960
f 2030/2014/1960 2029/2479/2415 2040/2480/2416
f 2030/2014/1960 2040/2480/2416 2041/2016/1962
f 2041/2016/1962 2040/2480/2416 2051/2481/2417
f 2041/2016/1962 2051/2481/2417 2052/2018/1964
f 2052/2018/1964 2051/2481/2417 2062/2482/2418
f 2052/2018/1964 2062/2482/2418 2063/2020/1966
f 2063/2020/1966 2062/2482/2418 2073/2483/2419
f 2063/2020/1966 2073/2483/2419 2074/2022/1968
f 2074/2022/1968 2073/2483/2419 2084/2484/2420
f 2074/2022/1968 2084/2484/2420 2085/2024/1970
f 2085/2024/1970 2084/2484/2420 2095/2485/2421
f 2085/2024/1970 2095/2485/2421 2096/2026/1972
f 2096/2026/1972 2095/2485/2421 2106/2486/2422
f 2096/2026/1972 2106/2486/2422 2107/2028/1974
f 2107/2028/1974 2106/2486/2422 2117/2487/2423
f 2107/2028/1974 2117/2487/2423 2118/2030/1976
f 2118/2030/1976 2117/2487/2423 2128/2488/2424
f 2118/2030/1976 2128/2488/2424 2129/2032/1978
f 2129/2032/1978 2128/2488/2424 2139/2489/2425
f 2129/2032/1978 2139/2489/2425 2140/2034/1980
f 2140/2034/1980 2139/2489/2425 2150/2490/2426
f 2140/2034/1980 2150/2490/2426 2151/2036/1982
f 2151/2036/1982 2150/2490/2426 2161/2491/2427
f 2151/2036/1982 2161/2491/2427 2162/2038/1984
f 2162/2038/1984 2161/2491/2427 2172/2492/2428
f 2162/2038/1984 2172/2492/2428 2173/2040/1986
f 2173/2040/1986 2172/2492/2428 2183/2493/2429
f 2173/2040/1986 2183/2493/2429 2184/2042/1988
f 2184/2042/1988 2183/2493/2429 2194/2494/2430
f 2184/2042/1988 2194/2494/2430 2195/2044/1990
f 2195/2044/1990 2194/2494/2430 2205/2495/2431
f 2195/2044/1990 2205/2495/2431 2206/2046/1992
f 2206/2046/1992 2205/2495/2431 2216/2496/2432
f 2206/2046/1992 2216/2496/2432 2217/2048/1994
f 2217/2048/1994 2216/2496/2432 2227/2497/2433
f 2217/2048/1994 2227/2497/2433 2228/2050/1996
f 2228/2050/1996 2227/2497/2433 2238/2498/2434
f 2228/2050/1996 2238/2498/2434 2239/2052/1998
f 2239/2052/1998 2238/2498/2434 2249/2499/2435
f 2239/2052/1998 2249/2499/2435 2250/2054/2000
f 2250/2054/2000 2249/2499/2435 2260/2289/2229
f 2250/2054/2000 2260/2289/2229 2261/2056/2002
f 1986/2475/2411 1977/2366/2303 1985/2367/2304
f 1986/2475/2411 1985/2367/2304 1995/2500/2436
f 1995/2500/2436 1985/2367/2304 1994/2368/2305
f 1995/2500/2436 1994/2368/2305 2017/2501/2437
f 2017/2501/2437 1994/2368/2305 2018/2369/2306
f 2017/2501/2437 2018/2369/2306 2004/2502/2438
f 2004/2502/2438 2018/2369/2306 2003/2370/2307
f 2004/2502/2438 2003/2370/2307 2025/2503/2439
f 2025/2503/2439 2003/2370/2307 2024/2252/2192
f 2025/2503/2439 2024/2252/2192 2035/2251/2191
f 1986/2475/2411 1995/2500/2436 1996/2476/2412
f 1996/2476/2412 1995/2500/2436 2016/2504/2440
f 1996/2476/2412 2016/2504/2440 2015/2477/2413
f 2015/2477/2413 2016/2504/2440 2006/2505/2441
f 2015/2477/2413 2006/2505/2441 2007/2478/2414
f 2007/2478/2414 2006/2505/2441 2028/2506/2442
f 2007/2478/2414 2028/2506/2442 2029/2479/2415
f 2029/2479/2415 2028/2506/2442 2039/2507/2443
f 2029/2479/2415 2039/2507/2443 2040/2480/2416
f 2040/2480/2416 2039/2507/2443 2050/2508/2444
f 2040/2480/2416 2050/2508/2444 2051/2481/2417
f 2051/2481/2417 2050/2508/2444 2061/2509/2445
f 2051/2481/2417 2061/2509/2445 2062/2482/2418
f 2062/2482/2418 2061/2509/2445 2072/2510/2446
f 2062/2482/2418 2072/2510/2446 2073/2483/2419
f 2073/2483/2419 2072/2510/2446 2083/2511/2447
f 2073/2483/2419 2083/2511/2447 2084/2484/2420
f 2084/2484/2420 2083/2511/2447 2094/2512/2448
f 2084/2484/2420 2094/2512/2448 2095/2485/2421
f 2095/2485/2421 2094/2512/2448 2105/2513/2449
f 2095/2485/2421 2105/2513/2449 2106/2486/2422
f 2106/2486/2422 2105/2513/2449 2116/2514/2450
f 2106/2486/2422 2116/2514/2450 2117/2487/2423
f 2117/2487/2423 2116/2514/2450 2127/2515/2451
f 2117/2487/2423 2127/2515/2451 2128/2488/2424
f 2128/2488/2424 2127/2515/2451 2138/2516/2452
f 2128/2488/2424 2138/2516/2452 2139/2489/2425
f 2139/2489/2425 2138/2516/2452 2149/2517/2453
f 2139/2489/2425 2149/2517/2453 2150/2490/2426
f 2150/2490/2426 2149/2517/2453 2160/2518/2454
f 2150/2490/2426 2160/2518/2454 2161/2491/2427
f 2161/2491/2427 2160/2518/2454 2171/2519/2455
f 2161/2491/2427 2171/2519/2455 2172/2492/2428
f 2172/2492/2428 2171/2519/2455 2182/2520/2456
f 2172/2492/2428 2182/2520/2456 2183/2493/2429
f 2183/2493/2429 2182/2520/2456 2193/2521/2457
f 2183/2493/2429 2193/2521/2457 2194/2494/2430
f 2194/2494/2430 2193/2521/2457 2204/2522/2458
f 2194/2494/2430 2204/2522/2458 2205/2495/2431
f 2205/2495/2431 2204/2522/2458 2215/2523/2459
f 2205/2495/2431 2215/2523/2459 2216/2496/2432
f 2216/2496/2432 2215/2523/2459 2226/2524/2460
f 2216/2496/2432 2226/2524/2460 2227/2497/2433
f 2227/2497/2433 2226/2524/2460 2237/2525/2461
f 2227/2497/2433 2237/2525/2461 2238/2498/2434
f 2238/2498/2434 2237/2525/2461 2248/2526/2462
f 2238/2498/2434 2248/2526/2462 2249/2499/2435
f 2249/2499/2435 2248/2526/2462 2259/2527/2463
f 2249/2499/2435 2259/2527/2463 2260/2289/2229
f 2260/2289/2229 2259/2527/2463 2270/2290/2230
f 2016/2504/2440 1995/2500/2436 2017/2501/2437
f 2016/2504/2440 2017/2501/2437 2005/2528/2464
f 2005/2528/2464 2017/2501/2437 2004/2502/2438
f 2005/2528/2464 2004/2502/2438 2026/2529/2465
f 2026/2529/2465 2004/2502/2438 2025/2503/2439
f 2026/2529/2465 2025/2503/2439 2036/2530/2466
f 2036/2530/2466 2025/2503/2439 2035/2251/2191
f 2036/2530/2466 2035/2251/2191 2046/2250/2190
f 2016/2504/2440 2005/2528/2464 2006/2505/2441
f 2006/2505/2441 2005/2528/2464 2027/2531/2467
f 2006/2505/2441 2027/2531/2467 2028/2506/2442
f 2028/2506/2442 2027/2531/2467 2038/2532/2468
f 2028/2506/2442 2038/2532/2468 2039/2507/2443
f 2039/2507/2443 2038/2532/2468 2049/2533/2469
f 2039/2507/2443 2049/2533/2469 2050/2508/2444
f 2050/2508/2444 2049/2533/2469 2060/2534/2470
f 2050/2508/2444 2060/2534/2470 2061/2509/2445
f 2061/2509/2445 2060/2534/2470 2071/2535/2471
f 2061/2509/2445 2071/2535/2471 2072/2510/2446
f 2072/2510/2446 2071/2535/2471 2082/2536/2472
f 2072/2510/2446 2082/2536/2472 2083/2511/2447
f 2083/2511/2447 2082/2536/2472 2093/2537/2473
f 2083/2511/2447 2093/2537/2473 2094/2512/2448
f 2094/2512/2448 2093/2537/2473 2104/2538/2474
f 2094/2512/2448 2104/2538/2474 2105/2513/2449
f 2105/2513/2449 2104/2538/2474 2115/2539/2475
f 2105/2513/2449 2115/2539/2475 2116/2514/2450
f 2116/2514/2450 2115/2539/2475 2126/2540/2476
f 2116/2514/2450 2126/2540/2476 2127/2515/2451
f 2127/2515/2451 2126/2540/2476 2137/2541/2477
f 2127/2515/2451 2137/2541/2477 2138/2516/2452
f 2138/2516/2452 2137/2541/2477 2148/2542/2478
f 2138/2516/2452 2148/2542/2478 2149/2517/2453
f 2149/2517/2453 2148/2542/2478 2159/2543/2479
f 2149/2517/2453 2159/2543/2479 2160/2518/2454
f 2160/2518/2454 2159/2543/2479 2170/2544/2480
f 2160/2518/2454 2170/2544/2480 2171/2519/2455
f 2171/2519/2455 2170/2544/2480 2181/2545/2481
f 2171/2519/2455 2181/2545/2481 2182/2520/2456
f 2182/2520/2456 2181/2545/2481 2192/2546/2482
f 2182/2520/2456 2192/2546/2482 2193/2521/2457
f 2193/2521/2457 2192/2546/2482 2203/2547/2483
f 2193/2521/2457 2203/2547/2483 2204/2522/2458
f 2204/2522/2458 2203/2547/2483 2214/2548/2484
f 2204/2522/2458 2214/2548/2484 2215/2523/2459
f 2215/2523/2459 2214/2548/2484 2225/2549/2485
f 2215/2523/2459 2225/2549/2485 2226/2524/2460
f 2226/2524/2460 2225/2549/2485 2236/2550/2486
f 2226/2524/2460 2236/2550/2486 2237/2525/2461
f 2237/2525/2461 2236/2550/2486 2247/2551/2487
f 2237/2525/2461 2247/2551/2487 2248/2526/2462
f 2248/2526/2462 2247/2551/2487 2258/2552/2488
f 2248/2526/2462 2258/2552/2488 2259/2527/2463
f 2259/2527/2463 2258/2552/2488 2269/2553/2489
f 2259/2527/2463 2269/2553/2489 2270/2290/2230
f 2270/2290/2230 2269/2553/2489 2281/2272/2212
f 2027/2531/2467 2005/2528/2464 2026/2529/2465
f 2013/2010/1956 2014/2063/2009 2008/2012/1958
f 2027/2531/2467 2026/2529/2465 2037/2554/2490
f 2037/2554/2490 2026/2529/2465 2036/2530/2466
f 2037/2554/2490 2036/2530/2466 2047/2555/2491
f 2047/2555/2491 2036/2530/2466 2046/2250/2190
f 2047/2555/2491 2046/2250/2190 2057/2249/2189
f 2027/2531/2467 2037/2554/2490 2038/2532/2468
f 2038/2532/2468 2037/2554/2490 2048/2556/2492
f 2038/2532/2468 2048/2556/2492 2049/2533/2469
f 2049/2533/2469 2048/2556/2492 2059/2557/2493
f 2049/2533/2469 2059/2557/2493 2060/2534/2470
f 2060/2534/2470 2059/2557/2493 2070/2558/2494
f 2060/2534/2470 2070/2558/2494 2071/2535/2471
f 2071/2535/2471 2070/2558/2494 2081/2559/2495
f 2071/2535/2471 2081/2559/2495 2082/2536/2472
f 2082/2536/2472 2081/2559/2495 2092/2560/2496
f 2082/2536/2472 2092/2560/2496 2093/2537/2473
f 2093/2537/2473 2092/2560/2496 2103/2561/2497
f 2093/2537/2473 2103/2561/2497 2104/2538/2474
f 2104/2538/2474 2103/2561/2497 2114/2562/2498
f 2104/2538/2474 2114/2562/2498 2115/2539/2475
f 2115/2539/2475 2114/2562/2498 2125/2563/2499
f 2115/2539/2475 2125/2563/2499 2126/2540/2476
f 2126/2540/2476 2125/2563/2499 2136/2564/2500
f 2126/2540/2476 2136/2564/2500 2137/2541/2477
f 2137/2541/2477 2136/2564/2500 2147/2565/2501
f 2137/2541/2477 2147/2565/2501 2148/2542/2478
f 2148/2542/2478 2147/2565/2501 2158/2566/2502
f 2148/2542/2478 2158/2566/2502 2159/2543/2479
f 2159/2543/2479 2158/2566/2502 2169/2567/2503
f 2159/2543/2479 2169/2567/2503 2170/2544/2480
f 2170/2544/2480 2169/2567/2503 2180/2568/2504
f 2170/2544/2480 2180/2568/2504 2181/2545/2481
f 2181/2545/2481 2180/2568/2504 2191/2569/2505
f 2181/2545/2481 2191/2569/2505 2192/2546/2482
f 2192/2546/2482 2191/2569/2505 2202/2570/2506
f 2192/2546/2482 2202/2570/2506 2203/2547/2483
f 2203/2547/2483 2202/2570/2506 2213/2571/2507
f 2203/2547/2483 2213/2571/2507 2214/2548/2484
f 2214/2548/2484 2213/2571/2507 2224/2572/2508
f 2214/2548/2484 2224/2572/2508 2225/2549/2485
f 2225/2549/2485 2224/2572/2508 2235/2573/2509
f 2225/2549/2485 2235/2573/2509 2236/2550/2486
f 2236/2550/2486 2235/2573/2509 2246/2574/2510
f 2236/2550/2486 2246/2574/2510 2247/2551/2487
f 2247/2551/2487 2246/2574/2510 2257/2575/2511
f 2247/2551/2487 2257/2575/2511 2258/2552/2488
f 2258/2552/2488 2257/2575/2511 2268/2576/2512
f 2258/2552/2488 2268/2576/2512 2269/2553/2489
f 2269/2553/2489 2268/2576/2512 2280/2274/2214
f 2269/2553/2489 2280/2274/2214 2281/2272/2212
f 2048/2556/2492 2037/2554/2490 2047/2555/2491
f 2048/2556/2492 2047/2555/2491 2058/2577/2513
f 2058/2577/2513 2047/2555/2491 2057/2249/2189
f 2058/2577/2513 2057/2249/2189 2068/2248/2188
f 2048/2556/2492 2058/2577/2513 2059/2557/2493
f 2059/2557/2493 2058/2577/2513 2069/2578/2514
f 2059/2557/2493 2069/2578/2514 2070/2558/2494
f 2070/2558/2494 2069/2578/2514 2080/2579/2515
f 2070/2558/2494 2080/2579/2515 2081/2559/2495
f 2081/2559/2495 2080/2579/2515 2091/2580/2516
f 2081/2559/2495 2091/2580/2516 2092/2560/2496
f 2092/2560/2496 2091/2580/2516 2102/2581/2517
f 2092/2560/2496 2102/2581/2517 2103/2561/2497
f 2103/2561/2497 2102/2581/2517 2113/2582/2518
f 2103/2561/2497 2113/2582/2518 2114/2562/2498
f 2114/2562/2498 2113/2582/2518 2124/2583/2519
f 2114/2562/2498 2124/2583/2519 2125/2563/2499
f 2125/2563/2499 2124/2583/2519 2135/2584/2520
f 2125/2563/2499 2135/2584/2520 2136/2564/2500
f 2136/2564/2500 2135/2584/2520 2146/2585/2521
f 2136/2564/2500 2146/2585/2521 2147/2565/2501
f 2147/2565/2501 2146/2585/2521 2157/2586/2522
f 2147/2565/2501 2157/2586/2522 2158/2566/2502
f 2158/2566/2502 2157/2586/2522 2168/2587/2523
f 2158/2566/2502 2168/2587/2523 2169/2567/2503
f 2169/2567/2503 2168/2587/2523 2179/2588/2524
f 2169/2567/2503 2179/2588/2524 2180/2568/2504
f 2180/2568/2504 2179/2588/2524 2190/2589/2525
f 2180/2568/2504 2190/2589/2525 2191/2569/2505
f 2191/2569/2505 2190/2589/2525 2201/2590/2526
f 2191/2569/2505 2201/2590/2526 2202/2570/2506
f 2202/2570/2506 2201/2590/2526 2212/2591/2527
f 2202/2570/2506 2212/2591/2527 2213/2571/2507
f 2213/2571/2507 2212/2591/2527 2223/2592/2528
f 2213/2571/2507 2223/2592/2528 2224/2572/2508
f 2224/2572/2508 2223/2592/2528 2234/2593/2529
f 2224/2572/2508 2234/2593/2529 2235/2573/2509
f 2235/2573/2509 2234/2593/2529 2245/2594/2530
f 2235/2573/2509 2245/2594/2530 2246/2574/2510
f 2246/2574/2510 2245/2594/2530 2256/2595/2531
f 2246/2574/2510 2256/2595/2531 2257/2575/2511
f 2257/2575/2511 2256/2595/2531 2267/2596/2532
f 2257/2575/2511 2267/2596/2532 2268/2576/2512
f 2268/2576/2512 2267/2596/2532 2279/2276/2216
f 2268/2576/2512 2279/2276/2216 2280/2274/2214
f 2069/2578/2514 2058/2577/2513 2068/2248/2188
f 2080/2579/2515 2069/2578/2514 2079/2247/2187
f 2079/2247/2187 2069/2578/2514 2068/2248/2188
f 2091/2580/2516 2080/2579/2515 2090/2246/2186
f 2090/2246/2186 2080/2579/2515 2079/2247/2187
f 2102/2581/2517 2091/2580/2516 2101/2245/2185
f 2101/2245/2185 2091/2580/2516 2090/2246/2186
f 2113/2582/2518 2102/2581/2517 2112/2244/2184
f 2112/2244/2184 2102/2581/2517 2101/2245/2185
f 2124/2583/2519 2113/2582/2518 2123/2243/2183
f 2123/2243/2183 2113/2582/2518 2112/2244/2184
f 2135/2584/2520 2124/2583/2519 2134/2242/2182
f 2134/2242/2182 2124/2583/2519 2123/2243/2183
f 2146/2585/2521 2135/2584/2520 2145/2241/2181
f 2145/2241/2181 2135/2584/2520 2134/2242/2182
f 2157/2586/2522 2146/2585/2521 2156/2240/2180
f 2156/2240/2180 2146/2585/2521 2145/2241/2181
f 2168/2587/2523 2157/2586/2522 2167/2239/2179
f 2167/2239/2179 2157/2586/2522 2156/2240/2180
f 2179/2588/2524 2168/2587/2523 2178/2238/2178
f 2178/2238/2178 2168/2587/2523 2167/2239/2179
f 2190/2589/2525 2179/2588/2524 2189/2237/2177
f 2189/2237/2177 2179/2588/2524 2178/2238/2178
f 2201/2590/2526 2190/2589/2525 2200/2236/2176
f 2200/2236/2176 2190/2589/2525 2189/2237/2177
f 2212/2591/2527 2201/2590/2526 2211/2235/2175
f 2211/2235/2175 2201/2590/2526 2200/2236/2176
f 2223/2592/2528 2212/2591/2527 2222/2234/2174
f 2222/2234/2174 2212/2591/2527 2211/2235/2175
f 2234/2593/2529 2223/2592/2528 2233/2233/2173
f 2233/2233/2173 2223/2592/2528 2222/2234/2174
f 2245/2594/2530 2234/2593/2529 2244/2232/2172
f 2244/2232/2172 2234/2593/2529 2233/2233/2173
f 2256/2595/2531 2245/2594/2530 2255/2231/2171
f 2255/2231/2171 2245/2594/2530 2244/2232/2172
f 2267/2596/2532 2256/2595/2531 2266/2230/2170
f 2266/2230/2170 2256/2595/2531 2255/2231/2171
f 2279/2276/2216 2267/2596/2532 2278/2229/2169
f 2278/2229/2169 2267/2596/2532 2266/2230/2170
f 2295/1721/1671 2293/1719/1669 2292/2143/2085
f 2292/2143/2085 2293/1719/1669 1955/2137/2079
f 2294/2148/2090 2295/1721/1671 2292/2143/2085
f 2307/2193/2133 2305/2189/2129 2304/2187/2127
f 2309/2195/2135 2307/2193/2133 2306/2203/2143
f 2306/2203/2143 2307/2193/2133 2304/2187/2127
usemtl Acciaio_-_Satinato
f 1637/2597/2533 1608/2598/2534 1578/2599/2535
f 1578/2599/2535 1608/2598/2534 1607/2600/2536
f 1578/2599/2535 1607/2600/2536 1579/2601/2537
f 1579/2601/2537 1607/2600/2536 1606/2602/2538
f 1579/2601/2537 1606/2602/2538 1580/2603/2539
f 1580/2603/2539 1606/2602/2538 1605/2604/2540
f 1580/2603/2539 1605/2604/2540 1581/2605/2541
f 1581/2605/2541 1605/2604/2540 1604/2606/2542
f 1581/2605/2541 1604/2606/2542 1582/2607/2543
f 1582/2607/2543 1604/2606/2542 1603/2608/2544
f 1582/2607/2543 1603/2608/2544 1583/2609/2545
f 1583/2609/2545 1603/2608/2544 1602/2610/2546
f 1583/2609/2545 1602/2610/2546 1584/2611/2547
f 1584/2611/2547 1602/2610/2546 1601/2612/2548
f 1584/2611/2547 1601/2612/2548 1585/2613/2549
f 1585/2613/2549 1601/2612/2548 1600/2614/2550
f 1585/2613/2549 1600/2614/2550 1586/2615/2551
f 1586/2615/2551 1600/2614/2550 1599/2616/2552
f 1586/2615/2551 1599/2616/2552 1587/2617/2553
f 1587/2617/2553 1599/2616/2552 1598/2618/2554
f 1587/2617/2553 1598/2618/2554 1588/2619/2555
f 1588/2619/2555 1598/2618/2554 1597/2620/2556
f 1588/2619/2555 1597/2620/2556 1589/2621/2557
f 1589/2621/2557 1597/2620/2556 1596/2622/2558
f 1589/2621/2557 1596/2622/2558 1590/2623/2559
f 1590/2623/2559 1596/2622/2558 1595/2624/2560
f 1590/2623/2559 1595/2624/2560 1591/2625/2561
f 1591/2625/2561 1595/2624/2560 1594/2626/2562
f 1591/2625/2561 1594/2626/2562 1592/2627/2563
f 1592/2627/2563 1594/2626/2562 1593/2628/2564
f 1608/2598/2534 1637/2597/2533 1609/2629/2565
f 1609/2629/2565 1637/2597/2533 1636/2630/2566
f 1609/2629/2565 1636/2630/2566 1610/2631/2567
f 1610/2631/2567 1636/2630/2566 1635/2632/2568
f 1610/2631/2567 1635/2632/2568 1611/2633/2569
f 1611/2633/2569 1635/2632/2568 1634/2634/2570
f 1611/2633/2569 1634/2634/2570 1612/2635/2571
f 1612/2635/2571 1634/2634/2570 1633/2636/2572
f 1612/2635/2571 1633/2636/2572 1613/2637/2573
f 1613/2637/2573 1633/2636/2572 1632/2638/2574
f 1613/2637/2573 1632/2638/2574 1614/2639/2575
f 1614/2639/2575 1632/2638/2574 1631/2640/2576
f 1614/2639/2575 1631/2640/2576 1615/2641/2577
f 1615/2641/2577 1631/2640/2576 1630/2642/2578
f 1615/2641/2577 1630/2642/2578 1616/2643/2579
f 1616/2643/2579 1630/2642/2578 1629/2644/2580
f 1616/2643/2579 1629/2644/2580 1617/2645/2581
f 1617/2645/2581 1629/2644/2580 1628/2646/2582
f 1617/2645/2581 1628/2646/2582 1618/2647/2583
f 1618/2647/2583 1628/2646/2582 1627/2648/2584
f 1618/2647/2583 1627/2648/2584 1619/2649/2585
f 1619/2649/2585 1627/2648/2584 1626/2650/2586
f 1619/2649/2585 1626/2650/2586 1620/2651/2587
f 1620/2651/2587 1626/2650/2586 1621/2652/2588
f 1621/2652/2588 1626/2650/2586 1625/2653/2589
f 1621/2652/2588 1625/2653/2589 1622/2654/2590
f 1622/2654/2590 1625/2653/2589 1624/2655/2591
f 1622/2654/2590 1624/2655/2591 1623/2656/2592
# 2309 vertices
# 2656 texture params
# 2592 normals
# 4618 facets

# 1 groups
