mtllib material.mtl
usemtl material_0
v -145.05692000 0.00000500 101.93155400
v -145.05692000 0.00000500 101.93155400
v -145.65480900 0.00000500 101.97429300
v -145.65480900 0.00000500 101.97429300
v -146.24328700 0.00000500 102.08827300
v -146.24328700 0.00000500 102.08827300
v -146.81389600 0.00000500 102.27185500
v -146.81389600 0.00000500 102.27185500
v -147.35843700 0.00000400 102.52240100
v -147.35843700 0.00000400 102.52240100
v -147.86908200 0.00000400 102.83631100
v -147.86908200 0.00000400 102.83631100
v -148.33849300 0.00000400 103.20907200
v -148.33849300 0.00000400 103.20907200
v -148.75992300 0.00000300 103.63532700
v -148.75992300 0.00000300 103.63532700
v -149.12731600 0.00000300 104.10895100
v -149.12731600 0.00000300 104.10895100
v -149.43539200 0.00000200 104.62313700
v -149.43539200 0.00000200 104.62313700
v -149.67972300 0.00000200 105.17049400
v -149.67972300 0.00000200 105.17049400
v -149.85679700 0.00000100 105.74315700
v -149.85679700 0.00000100 105.74315700
v -149.96407000 0.00000100 106.33289400
v -149.96407000 0.00000100 106.33289400
v -150.00000000 0.00000000 106.93123000
v -150.00000000 0.00000000 106.93123000
v -150.00000000 0.00524300 106.93148900
v -150.00000000 0.01043500 106.93225900
v -150.00000000 0.01552700 106.93353400
v -150.00000000 0.02046700 106.93530400
v -150.00000000 0.02521000 106.93755200
v -150.00000000 0.02971200 106.94025000
v -150.00000000 0.03393000 106.94337400
v -150.00000000 0.03782100 106.94689700
v -150.00000000 0.04134200 106.95078800
v -150.00000000 0.04446400 106.95500700
v -150.00000000 0.04716200 106.95950900
v -150.00000000 0.04941000 106.96425200
v -150.00000000 0.05118300 106.96919200
v -150.00000000 0.05245700 106.97428300
v -150.00000000 0.05322000 106.97947500
v -150.00000000 0.05347300 106.98471700
v -150.00000000 0.05321700 106.98996000
v -150.00000000 0.05245300 106.99515200
v -150.00000000 0.05118400 107.00024400
v -150.00000000 0.04941200 107.00518400
v -150.00000000 0.04715800 107.00992100
v -150.00000000 0.04445200 107.01441800
v -150.00000000 0.04132400 107.01863300
v -150.00000000 0.03780600 107.02252600
v -150.00000000 0.03392600 107.02605900
v -150.00000000 0.02971600 107.02919000
v -150.00000000 0.02521200 107.03188300
v -150.00000000 0.02046400 107.03411600
v -150.00000000 0.01552000 107.03587700
v -150.00000000 0.01042900 107.03715400
v -150.00000000 0.00523900 107.03793200
v -150.00000000 -0.00000100 107.03820100
v -150.00000000 -0.00524200 107.03794600
v -150.00000000 -0.01043100 107.03716600
v -150.00000000 -0.01551700 107.03587800
v -150.00000000 -0.02045500 107.03410200
v -150.00000000 -0.02520000 107.03186000
v -150.00000000 -0.02970600 107.02917100
v -150.00000000 -0.03392900 107.02605700
v -150.00000000 -0.03782100 107.02253900
v -150.00000000 -0.04133900 107.01864500
v -150.00000000 -0.04445300 107.01442300
v -150.00000000 -0.04714300 107.00991700
v -150.00000000 -0.04938700 107.00517300
v -150.00000000 -0.05116300 107.00023500
v -150.00000000 -0.05245100 106.99514900
v -150.00000000 -0.05322900 106.98996000
v -150.00000000 -0.05348000 106.98471900
v -150.00000000 -0.05320700 106.97948000
v -150.00000000 -0.05242600 106.97429200
v -150.00000000 -0.05114800 106.96920100
v -150.00000000 -0.04938700 106.96425800
v -150.00000000 -0.04715700 106.95950900
v -150.00000000 -0.04447100 106.95500200
v -150.00000000 -0.04134400 106.95078800
v -150.00000000 -0.03781100 106.94691000
v -150.00000000 -0.03391500 106.94339700
v -150.00000000 -0.02969500 106.94027600
v -150.00000000 -0.02519600 106.93757400
v -150.00000000 -0.02045800 106.93531900
v -150.00000000 -0.01552400 106.93353800
v -150.00000000 -0.01043500 106.93225800
v -150.00000000 -0.00524300 106.93148800
v -145.05690500 -0.49528900 101.95591400
v -145.05686000 -0.98581800 102.02865100
v -145.05678400 -1.46658900 102.14959800
v -145.05667900 -1.93276800 102.31785300
v -145.05654600 -2.38037700 102.53087900
v -145.05638600 -2.80546100 102.78610300
v -145.05620200 -3.20406300 103.08095100
v -145.05599400 -3.57222700 103.41285100
v -145.05576500 -3.90599600 103.77922800
v -145.05551600 -4.20138200 104.17738100
v -145.05525000 -4.45513800 104.60310600
v -145.05496900 -4.66582000 105.05176900
v -145.05467700 -4.83216300 105.51882300
v -145.05437600 -4.95290300 105.99972100
v -145.05407000 -5.02677500 106.48991600
v -145.05376000 -5.05251700 106.98486300
v -145.05345000 -5.02886500 107.48001100
v -145.05314400 -4.95535700 107.97023300
v -145.05284300 -4.83367300 108.45073200
v -145.05255200 -4.66582900 108.91723600
v -145.05227100 -4.45384100 109.36547500
v -145.05200500 -4.19972400 109.79117600
v -145.05175600 -3.90549400 110.19006800
v -145.05152500 -3.57316900 110.55788000
v -145.05131800 -3.20542300 110.89030600
v -145.05113400 -2.80652700 111.18449900
v -145.05097500 -2.38078100 111.43850200
v -145.05084200 -1.93248500 111.65036200
v -145.05073700 -1.46593800 111.81812700
v -145.05066100 -0.98543900 111.93984300
v -145.05061500 -0.49528600 112.01355700
v -145.05060000 -0.00008100 112.03757900
v -145.05061600 0.49497900 112.01221300
v -145.05066200 0.98528500 111.93865000
v -145.05073700 1.46625800 111.81808400
v -145.05084100 1.93332300 111.65171100
v -145.05097300 2.38190100 111.44072500
v -145.05113200 2.80741600 111.18632200
v -145.05131700 3.20517100 110.89044800
v -145.05152600 3.57169600 110.55670500
v -145.05175600 3.90412600 110.18885400
v -145.05200500 4.19959600 109.79065400
v -145.05227100 4.45523800 109.36586600
v -145.05255100 4.66818900 108.91825100
v -145.05284300 4.83559100 108.45158900
v -145.05314400 4.95550800 107.97051500
v -145.05345000 5.02764200 107.47996900
v -145.05376000 5.05184800 106.98469000
v -145.05407000 5.02798500 106.48941900
v -145.05437700 4.95590900 105.99889700
v -145.05467800 4.83552900 105.51789700
v -145.05496900 4.66798200 105.05125300
v -145.05525000 4.45559800 104.60318700
v -145.05551600 4.20074900 104.17781300
v -145.05576500 3.90580500 103.77924200
v -145.05599500 3.57313600 103.41158900
v -145.05620300 3.20555600 103.07879500
v -145.05638800 2.80706100 102.78370900
v -145.05654700 2.38172800 102.52877500
v -145.05668000 1.93363600 102.31643900
v -145.05678400 1.46686100 102.14914300
v -145.05686000 0.98581400 102.02873600
v -145.05690500 0.49529000 101.95596900
v -145.44016900 4.66065800 105.08393600
v -149.96851500 0.56651100 106.75367400
v -145.43671900 3.17854900 110.88776800
v -149.96848600 0.38649900 107.45931300
v -145.43671700 -3.17358100 110.89173800
v -149.96848600 -0.38589500 107.45979600
v -149.96853100 0.05561700 106.37551400
v -149.87502700 0.10574100 105.82647000
v -149.78633400 0.13627600 105.49200800
v -149.67456900 0.16617400 105.16450800
v -149.54008400 0.19528800 104.84560600
v -149.38355600 0.22348000 104.53680400
v -149.20591200 0.25062100 104.23951000
v -149.00808300 0.27658400 103.95512700
v -148.79100100 0.30124000 103.68505800
v -148.55559700 0.32446000 103.43070700
v -148.25833000 0.34964300 103.15486500
v -147.93950400 0.37254900 102.90396600
v -147.61906400 0.39205300 102.69032100
v -147.28314200 0.40926500 102.50178600
v -146.93365100 0.42406700 102.33965300
v -146.57256900 0.43635500 102.20505300
v -146.20210200 0.44607700 102.09857200
v -145.82450100 0.45318800 102.02068100
v -145.44201900 0.45764500 101.97185300
v -149.96853100 0.11077300 106.38309300
v -149.87502600 0.21060800 105.84088000
v -149.78633200 0.27142400 105.51057900
v -149.67456600 0.33097400 105.18715400
v -149.54007900 0.38896100 104.87221900
v -149.38355000 0.44511200 104.56726000
v -149.20590500 0.49917000 104.27366500
v -149.00807400 0.55088000 103.99282000
v -148.79098900 0.59998700 103.72611200
v -148.55558300 0.64623600 103.47492600
v -148.25831400 0.69639400 103.20251700
v -147.93948400 0.74201500 102.95474000
v -147.61904300 0.78086300 102.74375500
v -147.28311800 0.81514400 102.55756800
v -146.93362300 0.84462500 102.39745400
v -146.57253900 0.86909900 102.26453000
v -146.20207000 0.88846100 102.15937600
v -145.82446600 0.90262300 102.08245700
v -145.44198200 0.91150100 102.03423900
v -149.96853000 0.16501600 106.39564100
v -149.87502400 0.31373600 105.86473700
v -149.78632800 0.40433200 105.54132500
v -149.67456100 0.49304200 105.22464600
v -149.54007200 0.57942400 104.91628000
v -149.38354000 0.66306900 104.61768100
v -149.20589200 0.74359700 104.33021000
v -149.00805800 0.82062800 104.05522400
v -148.79097000 0.89378200 103.79407900
v -148.55556000 0.96267700 103.54813400
v -148.25828600 1.03739400 103.28140800
v -147.93945300 1.10535500 103.03880200
v -147.61900600 1.16322400 102.83221900
v -147.28307700 1.21429100 102.64991800
v -146.93357800 1.25820700 102.49314700
v -146.57249000 1.29466500 102.36299900
v -146.20201600 1.32350600 102.26004200
v -145.82440900 1.34460200 102.18473100
v -145.44192100 1.35782700 102.13752300
v -149.96853000 0.21788300 106.41309200
v -149.87502100 0.41424900 105.89791500
v -149.78632300 0.53387000 105.58408300
v -149.67455300 0.65100100 105.27678500
v -149.54006100 0.76505700 104.97755400
v -149.38352600 0.87549900 104.68780200
v -149.20587400 0.98182700 104.40884800
v -149.00803600 1.08353600 104.14200900
v -148.79094300 1.18012500 103.88860100
v -148.55552800 1.27109300 103.64994400
v -148.25824900 1.36974600 103.39112200
v -147.93940900 1.45947800 103.15570500
v -147.61895600 1.53588600 102.95524500
v -147.28302100 1.60331300 102.77834800
v -146.93351600 1.66129700 102.62622500
v -146.57242100 1.70943300 102.49993700
v -146.20194100 1.74751200 102.40003500
v -145.82432900 1.77536500 102.32696100
v -145.44183500 1.79282400 102.28115700
v -149.96852900 0.26893200 106.43530200
v -149.87501700 0.51130600 105.94014100
v -149.78631700 0.65895400 105.63850300
v -149.67454400 0.80352800 105.34314400
v -149.54004800 0.94430700 105.05554000
v -149.38350900 1.08062500 104.77704700
v -149.20585100 1.21186400 104.50893200
v -149.00800700 1.33740300 104.25246100
v -148.79090900 1.45662200 104.00890200
v -148.55548800 1.56890200 103.77951900
v -148.25820100 1.69066800 103.53075600
v -147.93935300 1.80142200 103.30448900
v -147.61889200 1.89573000 103.11182200
v -147.28294900 1.97895300 102.94180300
v -146.93343600 2.05051900 102.79559500
v -146.57233400 2.10993100 102.67422000
v -146.20184700 2.15692800 102.57820600
v -145.82422700 2.19130400 102.50797800
v -145.44172700 2.21284900 102.46396100
v -149.96852800 0.31776700 106.46203800
v -149.87501300 0.60415600 105.99097300
v -149.78630900 0.77861500 105.70401300
v -149.67453300 0.94944300 105.42302800
v -149.54003200 1.11578500 105.14942000
v -149.38348700 1.27685800 104.88448000
v -149.20582400 1.43192800 104.62941300
v -149.00797300 1.58026300 104.38542500
v -148.79086800 1.72113000 104.15372000
v -148.55544000 1.85379800 103.93550200
v -148.25814300 1.99767300 103.69884800
v -147.93928500 2.12853700 103.48359600
v -147.61881500 2.23996800 103.30031000
v -147.28286200 2.33830000 103.13856900
v -146.93334000 2.42285800 102.99948200
v -146.57222900 2.49305500 102.88402000
v -146.20173200 2.54858200 102.79268500
v -145.82410400 2.58919600 102.72588200
v -145.44159600 2.61464900 102.68401500
v -149.96852600 0.36399600 106.49306600
v -149.87500700 0.69204900 106.04996400
v -149.78630100 0.89189000 105.78003800
v -149.67451900 1.08756900 105.51573300
v -149.54001300 1.27811000 105.25836800
v -149.38346200 1.46261600 105.00915600
v -149.20579200 1.64024500 104.76923200
v -149.00793400 1.81015800 104.53972900
v -148.79082000 1.97151700 104.32178000
v -148.55538300 2.12348400 104.11651800
v -148.25807600 2.28828800 103.89391700
v -147.93920700 2.43818700 103.69144700
v -147.61872600 2.56582500 103.51904600
v -147.28276200 2.67845800 103.36691200
v -146.93322900 2.77531400 103.23608800
v -146.57210600 2.85571700 103.12748700
v -146.20160000 2.91931700 103.04158200
v -145.82396100 2.96583300 102.97875300
v -145.44144400 2.99498200 102.93938000
v -149.96852500 0.40722500 106.52814900
v -149.87500200 0.77423900 106.11666500
v -149.78629100 0.99781200 105.86600100
v -149.67450400 1.21673100 105.62055600
v -149.53999200 1.42990100 105.38155600
v -149.38343400 1.63631800 105.15012800
v -149.20575600 1.83504100 104.92732600
v -149.00788900 2.02513200 104.71420100
v -148.79076700 2.20565300 104.51180700
v -148.55531900 2.37566500 104.32119500
v -148.25800000 2.56003800 104.11448100
v -147.93911800 2.72773500 103.92646400
v -147.61862500 2.87052700 103.76637000
v -147.28264900 2.99653100 103.62509800
v -146.93310300 3.10488400 103.50361600
v -146.57196800 3.19483000 103.40277100
v -146.20145000 3.26597600 103.32300400
v -145.82380000 3.31800800 103.26466800
v -145.44127200 3.35061100 103.22811400
v -149.96852300 0.44705800 106.56704900
v -149.87499500 0.84997100 106.19062300
v -149.78628000 1.09541400 105.96131500
v -149.67448800 1.33574600 105.73678300
v -149.53996900 1.56976700 105.51814600
v -149.38340300 1.79637400 105.30643600
v -149.20571600 2.01453400 105.10261800
v -149.00784000 2.22321700 104.90765300
v -148.79070700 2.42139300 104.72250500
v -148.55524900 2.60803200 104.54813600
v -148.25791500 2.81043600 104.35903800
v -147.93902000 2.99453100 104.18704500
v -147.61851300 3.15128500 104.04059600
v -147.28252300 3.28960800 103.91136600
v -146.93296400 3.40855200 103.80024100
v -146.57181500 3.50728800 103.70799600
v -146.20128400 3.58538500 103.63503300
v -145.82362200 3.64249700 103.58167600
v -145.44108200 3.67827800 103.54824700
v -149.96852100 0.48314000 106.60944600
v -149.87498800 0.91857300 106.27123100
v -149.78626800 1.18382600 106.06520000
v -149.67447000 1.44355400 105.86346000
v -149.53994400 1.69646300 105.66701700
v -149.38336900 1.94135800 105.47679900
v -149.20567300 2.17712400 105.29367100
v -149.00778600 2.40264800 105.11849900
v -148.79064200 2.61681600 104.95214800
v -148.55517200 2.81851400 104.79548100
v -148.25782400 3.03724900 104.62558200
v -147.93891300 3.23619700 104.47105300
v -147.61839100 3.40559600 104.33947500
v -147.28238600 3.55507500 104.22336900
v -146.93281100 3.68361100 104.12353100
v -146.57164900 3.79030600 104.04065700
v -146.20110300 3.87469500 103.97510900
v -145.82342700 3.93640500 103.92717600
v -145.44087500 3.97506200 103.89715000
v -149.96851900 0.51522900 106.65494800
v -149.87498100 0.97958300 106.35774000
v -149.78625500 1.26245400 106.17669000
v -149.67445000 1.53943300 105.99941000
v -149.53991600 1.80913800 105.82678700
v -149.38333300 2.07029700 105.65963300
v -149.20562600 2.32172000 105.49871000
v -149.00772800 2.56222100 105.34477900
v -148.79057200 2.79061000 105.19860000
v -148.55508900 3.00570100 105.06093100
v -148.25772500 3.23895800 104.91163600
v -147.93879800 3.45111300 104.77584700
v -147.61826000 3.63175500 104.66022800
v -147.28223900 3.79115400 104.55820500
v -146.93264800 3.92821700 104.47047800
v -146.57147000 4.04198800 104.39765900
v -146.20090800 4.13197000 104.34006600
v -145.82321800 4.19776600 104.29795400
v -145.44065200 4.23897600 104.27157700
v -149.96851700 0.54309600 106.70315600
v -149.87497300 1.03256600 106.44939500
v -149.78624200 1.33073600 106.29481300
v -149.67443000 1.62269600 106.14344900
v -149.53988700 1.90698800 105.99606200
v -149.38329400 2.18227100 105.85334400
v -149.20557700 2.44729100 105.71594800
v -149.00766700 2.70079600 105.58452100
v -148.79049800 2.94153500 105.45971200
v -148.55500200 3.16825500 105.34217200
v -148.25762100 3.41412200 105.21470500
v -147.93867600 3.63774400 105.09877000
v -147.61812100 3.82814800 105.00005700
v -147.28208300 3.99615900 104.91295400
v -146.93247500 4.14062400 104.83805700
v -146.57128000 4.26053600 104.77589000
v -146.20070300 4.35537200 104.72672300
v -145.82299700 4.42471200 104.69077400
v -145.44041600 4.46813600 104.66826100
v -149.87496400 1.07708600 106.54544400
v -149.78622700 1.38811200 106.41859700
v -149.67440800 1.69265900 106.29439200
v -149.53985700 1.98920800 106.17344900
v -149.38325400 2.27635800 106.05633900
v -149.20552500 2.55280200 105.94359500
v -149.00760300 2.81723500 105.83575000
v -148.79042100 3.06834900 105.73333700
v -148.55491000 3.30484000 105.63688800
v -148.25751200 3.56130000 105.53229400
v -147.93854800 3.79455500 105.43716400
v -147.61797600 3.99316000 105.35616600
v -147.28192000 4.16840400 105.28469600
v -146.93229400 4.31908600 105.22324200
v -146.57108100 4.44415500 105.17223400
v -146.20048700 4.54306500 105.13189500
v -145.82276500 4.61537900 105.10240300
v -149.96851100 0.59907300 106.86004700
v -149.87494700 1.13899700 106.74768500
v -149.78619700 1.46790100 106.67923800
v -149.67436300 1.78995200 106.61221700
v -149.53979300 2.10354400 106.54695700
v -149.38316900 2.40719600 106.48376500
v -149.20541600 2.69952500 106.42293000
v -149.00746800 2.97915000 106.36473800
v -148.79025700 3.24468900 106.30947800
v -148.55471700 3.49476300 106.25743600
v -148.25728100 3.76594900 106.20100000
v -147.93828000 4.01259300 106.14967200
v -147.61767000 4.22259200 106.10597000
v -147.28157600 4.40788600 106.06740900
v -146.93191300 4.56720200 106.03425400
v -146.57066300 4.69943100 106.00673700
v -146.20003300 4.80399400 105.98497600
v -145.82227600 4.88042900 105.96907000
v -145.43964900 4.92827400 105.95911300
v -145.43991300 4.81465900 105.51533400
v -145.82252400 4.76790000 105.52960500
v -146.20026300 4.69321200 105.55239900
v -146.57087500 4.59104600 105.58357900
v -146.93210600 4.46185500 105.62300600
v -147.28175000 4.30620200 105.67051000
v -147.61782500 4.12517400 105.72575800
v -147.93841600 3.92001200 105.78837100
v -148.25739800 3.67905100 105.86191000
v -148.55481500 3.41411700 105.94276500
v -148.79034000 3.16981000 106.01732500
v -149.00753700 2.91039500 106.09649600
v -149.20547100 2.63722100 106.17986600
v -149.38321200 2.35163700 106.26702300
v -149.53982600 2.05499200 106.35755600
v -149.67438600 1.74863700 106.45105200
v -149.78621300 1.43401900 106.54707000
v -149.87495600 1.11270700 106.64513100
v -149.96851300 0.58524600 106.80610700
v -149.96850900 0.60787100 106.91502700
v -149.87493800 1.15572600 106.85221800
v -149.78618200 1.48946000 106.81395600
v -149.67433900 1.81624100 106.77649200
v -149.53976000 2.13443700 106.74001200
v -149.38312500 2.44254700 106.70468800
v -149.20536000 2.73916700 106.67068200
v -149.00739800 3.02289500 106.63815300
v -148.79017300 3.29233000 106.60726400
v -148.55461700 3.54607000 106.57817300
v -148.25716200 3.82123100 106.54662700
v -147.93814100 4.07148700 106.51793600
v -147.61751200 4.28456000 106.49350700
v -147.28139800 4.47256300 106.47195400
v -146.93171600 4.63420500 106.45342200
v -146.57044700 4.76836000 106.43804100
v -146.19979800 4.87444200 106.42587900
v -145.82202400 4.95198200 106.41698900
v -145.43938000 5.00050900 106.41142500
v -149.96850600 0.61164600 106.97058600
v -149.87492900 1.16290500 106.95785000
v -149.78616600 1.49871200 106.95009200
v -149.67431600 1.82752200 106.94249500
v -149.53972700 2.14769400 106.93509800
v -149.38308000 2.45771500 106.92793500
v -149.20530300 2.75617500 106.92103900
v -149.00732800 3.04166200 106.91444400
v -148.79008800 3.31276600 106.90818000
v -148.55451600 3.56807600 106.90228100
v -148.25704200 3.84493800 106.89588400
v -147.93800100 4.09673900 106.89006700
v -147.61735200 4.31112500 106.88511300
v -147.28121900 4.50028200 106.88074300
v -146.93151600 4.66291500 106.87698500
v -146.57022800 4.79788700 106.87386600
v -146.19956100 4.90461100 106.87140000
v -145.82176900 4.98261300 106.86959800
v -145.43910800 5.03142100 106.86847000
v -149.96850400 0.61041200 107.02626600
v -149.87491900 1.16056000 107.06371200
v -149.78615100 1.49568900 107.08652200
v -149.67429200 1.82383600 107.10885800
v -149.53969300 2.14336000 107.13060600
v -149.38303600 2.45275500 107.15166500
v -149.20524600 2.75060900 107.17193900
v -149.00725700 3.03551700 107.19133100
v -148.79000200 3.30606900 107.20974700
v -148.55441500 3.56085900 107.22708900
v -148.25692200 3.83715400 107.24589500
v -147.93786000 4.08843700 107.26299800
v -147.61719200 4.30237900 107.27756000
v -147.28103900 4.49114200 107.29040800
v -146.93131700 4.65343300 107.30145400
v -146.57000900 4.78811700 107.31062100
v -146.19932300 4.89460800 107.31786900
v -145.82151300 4.97243400 107.32316600
v -145.43883600 5.02112400 107.32648000
v -149.96850200 0.60418100 107.08160700
v -149.87491000 1.14871500 107.16893200
v -149.78613500 1.48042400 107.22212700
v -149.67426800 1.80522000 107.27421300
v -149.53966000 2.12148200 107.32493000
v -149.38299200 2.42771700 107.37404000
v -149.20518900 2.72252900 107.42131700
v -149.00718700 3.00452500 107.46654000
v -148.78991700 3.27231100 107.50948300
v -148.55431400 3.52449400 107.54992500
v -148.25680200 3.79796100 107.59378000
v -147.93772000 4.04667000 107.63366400
v -147.61703300 4.25841800 107.66762100
v -147.28086000 4.44524200 107.69758100
v -146.93111800 4.60586200 107.72333800
v -146.56979100 4.73915600 107.74471400
v -146.19908700 4.84454300 107.76161400
v -145.82125900 4.92155600 107.77396400
v -145.43856500 4.96972900 107.78168900
v -149.96849900 0.59296700 107.13615400
v -149.87490100 1.12739500 107.27264000
v -149.78612000 1.45294700 107.35578200
v -149.67424500 1.77171500 107.43719200
v -149.53962800 2.08210600 107.51646200
v -149.38294800 2.38265600 107.59321800
v -149.20513300 2.67199300 107.66711100
v -149.00711800 2.94875100 107.73779200
v -148.78983400 3.21156300 107.80491100
v -148.55421500 3.45906100 107.86811900
v -148.25668400 3.72744400 107.93666000
v -147.93758200 3.97152700 107.99899600
v -147.61687600 4.17933400 108.05206700
v -147.28068300 4.36267900 108.09889100
v -146.93092300 4.52030400 108.13914700
v -146.56957700 4.65111000 108.17255300
v -146.19885400 4.75452400 108.19896400
v -145.82100900 4.83009000 108.21826200
v -145.43829900 4.87735000 108.23033200
v -149.96849700 0.57678300 107.18944400
v -149.87489200 1.09662500 107.37395900
v -149.78610500 1.41329200 107.48635900
v -149.67422200 1.72336000 107.59641600
v -149.53959600 2.02527900 107.70358100
v -149.38290500 2.31762300 107.80734700
v -149.20507900 2.59906100 107.90724200
v -149.00705000 2.86826300 108.00279400
v -148.78975200 3.12389700 108.09353000
v -148.55411800 3.36463500 108.17897900
v -148.25656900 3.62568600 108.27163800
v -147.93744800 3.86309800 108.35590600
v -147.61672200 4.06522400 108.42764900
v -147.28051100 4.24355300 108.49094600
v -146.93073200 4.39686400 108.54536300
v -146.56936700 4.52408400 108.59052000
v -146.19862600 4.62466100 108.62621900
v -145.82076500 4.69814700 108.65230300
v -145.43803800 4.74409900 108.66861300
v -149.96849500 0.55571600 107.24098600
v -149.87488400 1.05657200 107.47195600
v -149.78609000 1.36167400 107.61265400
v -149.67420000 1.66041600 107.75041900
v -149.53956500 1.95130600 107.88456300
v -149.38286400 2.23297200 108.01445400
v -149.20502600 2.50412900 108.13949800
v -149.00698400 2.76349500 108.25910400
v -148.78967300 3.00978900 108.37268300
v -148.55402500 3.24172800 108.47964200
v -148.25645700 3.49323800 108.59562600
v -147.93731800 3.72197100 108.70110600
v -147.61657400 3.91670500 108.79090700
v -147.28034500 4.08851000 108.87013500
v -146.93054700 4.23621000 108.93824700
v -146.56916500 4.35877100 108.99476600
v -146.19840600 4.45565900 109.03944600
v -145.82052800 4.52644600 109.07208900
v -145.43778600 4.57070300 109.09249800
v -149.96849300 0.53002200 107.29038800
v -149.87487600 1.00772100 107.56588400
v -149.78607600 1.29871600 107.73370400
v -149.67417900 1.58364500 107.89802600
v -149.53953500 1.86108500 108.05803000
v -149.38282500 2.12972600 108.21295800
v -149.20497600 2.38834300 108.36210600
v -149.00692200 2.63571400 108.50476900
v -148.78959700 2.87061700 108.64024000
v -148.55393500 3.09182900 108.76781500
v -148.25635000 3.33170300 108.90615400
v -147.93719300 3.54985300 109.03196300
v -147.61643200 3.73557500 109.13907100
v -147.28018500 3.89942700 109.23356700
v -146.93037000 4.04028700 109.31480200
v -146.56897000 4.15716900 109.38220900
v -146.19819500 4.24956500 109.43549500
v -145.82030100 4.31706500 109.47442200
v -145.43754500 4.35926000 109.49875600
v -149.96849100 0.49997600 107.33728500
v -149.87486800 0.95059700 107.65504900
v -149.78606300 1.22509600 107.84861800
v -149.67415900 1.49387300 108.03815100
v -149.53950700 1.75558500 108.22270200
v -149.38278700 2.00899600 108.40140000
v -149.20492800 2.25295100 108.57342900
v -149.00686200 2.48629700 108.73797800
v -148.78952500 2.70788100 108.89423200
v -148.55385000 2.91654900 109.04137800
v -148.25624900 3.14282000 109.20093700
v -147.93707500 3.34859700 109.34604400
v -147.61629700 3.52378300 109.46957900
v -147.28003400 3.67833900 109.57856700
v -146.93020200 3.81120400 109.67225800
v -146.56878600 3.92145000 109.75000000
v -146.19799500 4.00859600 109.81145200
v -145.82008600 4.07225700 109.85634300
v -145.43731500 4.11204700 109.88440000
v -149.96848900 0.46585600 107.38131500
v -149.87486100 0.88572500 107.73876200
v -149.78605100 1.14149200 107.95650300
v -149.67414000 1.39192700 108.16970500
v -149.53948000 1.63577800 108.37730300
v -149.38275200 1.87189400 108.57831600
v -149.20488200 2.09920000 108.77182800
v -149.00680600 2.31662000 108.95692300
v -148.78945800 2.52307900 109.13268800
v -148.55377000 2.71750300 109.29820700
v -148.25615400 2.92832800 109.47768800
v -147.93696300 3.12005600 109.64091100
v -147.61617100 3.28328000 109.77986800
v -147.27989100 3.42728100 109.90246000
v -146.93004400 3.55107000 110.00784500
v -146.56861300 3.65378400 110.09528700
v -146.19780700 3.73497200 110.16440400
v -145.81988400 3.79427700 110.21489100
v -145.43710000 3.83134000 110.24644200
v -149.96848700 0.42793800 107.42211200
v -149.87485400 0.81363300 107.81632900
v -149.78603900 1.04858200 108.05646900
v -149.67412300 1.27863200 108.29160300
v -149.53945600 1.50263500 108.52055600
v -149.38271900 1.71953200 108.74224500
v -149.20484100 1.92833500 108.95566200
v -149.00675500 2.12805600 109.15979600
v -148.78939500 2.31770800 109.35363900
v -148.55369600 2.49630500 109.53618100
v -148.25606600 2.68996500 109.73412100
v -147.93686000 2.86608300 109.91412900
v -147.61605300 3.01601600 110.06737500
v -147.27976000 3.14828900 110.20257100
v -146.92989800 3.26199600 110.31879000
v -146.56845300 3.35634000 110.41521800
v -146.19763300 3.43091200 110.49143700
v -145.81969700 3.48538000 110.54710800
v -145.43690100 3.51941500 110.58189400
v -149.87484800 0.73484500 107.88706000
v -149.78602900 0.94704300 108.14762500
v -149.67410700 1.15481600 108.40275700
v -149.53943400 1.35712700 108.65118200
v -149.38268900 1.55302100 108.89172600
v -149.20480300 1.74160300 109.12329300
v -149.00670700 1.92198300 109.34478700
v -148.78933800 2.09326800 109.55511500
v -148.55362800 2.25456700 109.75318000
v -148.25598500 2.42947100 109.96795000
v -147.93676700 2.58853000 110.16326400
v -147.61594600 2.72394000 110.32953800
v -147.27963900 2.84339900 110.47622600
v -146.92976400 2.94608900 110.60232200
v -146.56830600 3.03129100 110.70694400
v -146.19747400 3.09863300 110.78963700
v -145.81952600 3.14781900 110.85003300
v -149.96848300 0.29421700 107.52148400
v -149.87483700 0.55939300 108.00526700
v -149.78601100 0.72092600 108.29996500
v -149.67408100 0.87909000 108.58851900
v -149.53939600 1.03309700 108.86948600
v -149.38264000 1.18221700 109.14154000
v -149.20473900 1.32577200 109.40343900
v -149.00662800 1.46308100 109.65394500
v -148.78924300 1.59346800 109.89182100
v -148.55351600 1.71625200 110.11582700
v -148.25585100 1.84939100 110.35872400
v -147.93661000 1.97046700 110.57961400
v -147.61576700 2.07354100 110.76765900
v -147.27943800 2.16447100 110.93355100
v -146.92954200 2.24263400 111.07615200
v -146.56806200 2.30748500 111.19446400
v -146.19720900 2.35873900 111.28797200
v -145.81924100 2.39617100 111.35626200
v -145.43641500 2.41955300 111.39892000
v -145.43655600 2.81101900 111.16107500
v -145.81937400 2.78384900 111.12070700
v -146.19733300 2.74035600 111.05609000
v -146.56817600 2.68080500 110.96761400
v -146.92964500 2.60545900 110.85567100
v -147.27953200 2.51464600 110.72075100
v -147.61585100 2.40900200 110.56379400
v -147.93668300 2.28925100 110.38587900
v -148.25591300 2.14858500 110.17689000
v -148.55356800 1.99390500 109.94708000
v -148.78928700 1.85125600 109.73514500
v -149.00666500 1.69977500 109.51008800
v -149.20476900 1.54025000 109.27308200
v -149.38266300 1.37347100 109.02529700
v -149.53941400 1.20022600 108.76790500
v -149.67409300 1.02130600 108.50208100
v -149.78602000 0.83755300 108.22907800
v -149.87484200 0.64988800 107.95026300
v -149.96848400 0.34181500 107.49255500
v -149.96848200 0.24416400 107.54590300
v -149.87483300 0.46422600 108.05169500
v -149.78600400 0.59827800 108.35980100
v -149.67407000 0.72953500 108.66148200
v -149.53938200 0.85734100 108.95523000
v -149.38262000 0.98109200 109.23965900
v -149.20471400 1.10022400 109.51347200
v -149.00659700 1.21417300 109.77537400
v -148.78920500 1.32237700 110.02406900
v -148.55347100 1.42427200 110.25826300
v -148.25579800 1.53475900 110.51220800
v -147.93654800 1.63523600 110.74314300
v -147.61569700 1.72077200 110.93973800
v -147.27936000 1.79623000 111.11317200
v -146.92945400 1.86109400 111.26225500
v -146.56796600 1.91490900 111.38594300
v -146.19710500 1.95744100 111.48369800
v -145.81912900 1.98850200 111.55508800
v -145.43629600 2.00790300 111.59967900
v -149.96848100 0.19209600 107.56569600
v -149.87483000 0.36523100 108.08932700
v -149.78599900 0.47069700 108.40829900
v -149.67406200 0.57396400 108.72062100
v -149.53937000 0.67451500 109.02472900
v -149.38260400 0.77187700 109.31919000
v -149.20469400 0.86560400 109.60265900
v -149.00657200 0.95525300 109.87379600
v -148.78917500 1.04038200 110.13126100
v -148.55343500 1.12054800 110.37371400
v -148.25575500 1.20747300 110.63661200
v -147.93649800 1.28652200 110.87568900
v -147.61564000 1.35381700 111.07921500
v -147.27929600 1.41318300 111.25876200
v -146.92938300 1.46421300 111.41309700
v -146.56788800 1.50655000 111.54114300
v -146.19702100 1.54001100 111.64234000
v -145.81903800 1.56444600 111.71624200
v -145.43619900 1.57970700 111.76239900
v -149.96848100 0.13845800 107.58074700
v -149.87482800 0.26324900 108.11794300
v -149.78599500 0.33926600 108.44517900
v -149.67405500 0.41369800 108.76559100
v -149.53936100 0.48617300 109.07757800
v -149.38259200 0.55634900 109.37966600
v -149.20467800 0.62390500 109.67047800
v -149.00655300 0.68852200 109.94863800
v -148.78915200 0.74988000 110.21277200
v -148.55340800 0.80766100 110.46150400
v -148.25572200 0.87031400 110.73121100
v -147.93646000 0.92729000 110.97647800
v -147.61559700 0.97579400 111.18527400
v -147.27924700 1.01858200 111.36946900
v -146.92932900 1.05536300 111.52779900
v -146.56782900 1.08587800 111.65915800
v -146.19695600 1.10999400 111.76297200
v -145.81896900 1.12760500 111.83878300
v -145.43612500 1.13860400 111.88613000
v -149.96848000 0.08369200 107.59094000
v -149.87482600 0.15912200 108.13732300
v -149.78599200 0.20507100 108.47015500
v -149.67405100 0.25006200 108.79604700
v -149.53935500 0.29386900 109.11336900
v -149.38258400 0.33628700 109.42062300
v -149.20466800 0.37712100 109.71640700
v -149.00654000 0.41617900 109.99932400
v -148.78913600 0.45326800 110.26797400
v -148.55338900 0.48819300 110.52095900
v -148.25570000 0.52606400 110.79527600
v -147.93643400 0.56050300 111.04473600
v -147.61556800 0.58982100 111.25710100
v -147.27921400 0.61568500 111.44444300
v -146.92929300 0.63791600 111.60547800
v -146.56778900 0.65636100 111.73908100
v -146.19691300 0.67093800 111.84466700
v -145.81892200 0.68158200 111.92177100
v -145.43607600 0.68823000 111.96992400
v -149.96848000 0.02823900 107.59615900
v -149.87482500 0.05369100 108.14724700
v -149.78599000 0.06919500 108.48294500
v -149.67404900 0.08437600 108.81164200
v -149.53935200 0.09915700 109.13169600
v -149.38258000 0.11347000 109.44159500
v -149.20466300 0.12724800 109.73992700
v -149.00653400 0.14042700 110.02527900
v -148.78912800 0.15294200 110.29624200
v -148.55338000 0.16472600 110.55140400
v -148.25568900 0.17750400 110.82808200
v -147.93642100 0.18912500 111.07968900
v -147.61555300 0.19901700 111.29388100
v -147.27919700 0.20774400 111.48283500
v -146.92927400 0.21524600 111.64525500
v -146.56776800 0.22146900 111.78000600
v -146.19689100 0.22638800 111.88650000
v -145.81889800 0.22997900 111.96426600
v -145.43605000 0.23222200 112.01283200
v -149.96848000 -0.02745600 107.59629000
v -149.87482500 -0.05220200 108.14749500
v -149.78599000 -0.06727700 108.48326500
v -149.67404900 -0.08203700 108.81203200
v -149.53935200 -0.09640800 109.13215400
v -149.38258000 -0.11032400 109.44212000
v -149.20466200 -0.12372000 109.74051400
v -149.00653400 -0.13653400 110.02592800
v -148.78912800 -0.14870100 110.29694800
v -148.55338000 -0.16015900 110.55216500
v -148.25568900 -0.17258300 110.82890200
v -147.93642100 -0.18388100 111.08056300
v -147.61555200 -0.19349900 111.29480000
v -147.27919700 -0.20198400 111.48379400
v -146.92927400 -0.20927700 111.64624900
v -146.56776800 -0.21532800 111.78102800
v -146.19689000 -0.22011000 111.88754500
v -145.81889800 -0.22360200 111.96532700
v -145.43605000 -0.22578300 112.01390300
v -149.96848000 -0.08292800 107.59122800
v -149.87482600 -0.15767000 108.13787100
v -149.78599200 -0.20320000 108.47086100
v -149.67405100 -0.24778000 108.79690700
v -149.53935500 -0.29118800 109.11438000
v -149.38258400 -0.33321900 109.42178000
v -149.20466800 -0.37368100 109.71770500
v -149.00654000 -0.41238200 110.00075600
v -148.78913600 -0.44913200 110.26953400
v -148.55338900 -0.48373900 110.52263800
v -148.25570000 -0.52126400 110.79708600
v -147.93643400 -0.55538900 111.04666400
v -147.61556700 -0.58443900 111.25912900
v -147.27921300 -0.61006700 111.44656000
v -146.92929200 -0.63209600 111.60767200
v -146.56778800 -0.65037200 111.74133700
v -146.19691200 -0.66481500 111.84697400
v -145.81892100 -0.67536300 111.92411300
v -145.43607400 -0.68195000 111.97228900
v -149.96848100 -0.13767400 107.58104000
v -149.87482800 -0.26175900 108.11850000
v -149.78599500 -0.33734500 108.44589700
v -149.67405500 -0.41135600 108.76646600
v -149.53936100 -0.48342000 109.07860600
v -149.38259200 -0.55319800 109.38084300
v -149.20467800 -0.62037100 109.67179800
v -149.00655300 -0.68462300 109.95009500
v -148.78915100 -0.74563400 110.21435900
v -148.55340700 -0.80308700 110.46321300
v -148.25572200 -0.86538600 110.73305200
v -147.93645900 -0.92203900 110.97844000
v -147.61559600 -0.97026800 111.18733800
v -147.27924600 -1.01281400 111.37162300
v -146.92932800 -1.04938600 111.53003100
v -146.56782800 -1.07972800 111.66145400
v -146.19695500 -1.10370800 111.76531900
v -145.81896800 -1.12121900 111.84116700
v -145.43612400 -1.13215600 111.88853700
v -149.96848100 -0.19127400 107.56591300
v -149.87483000 -0.36366700 108.08973900
v -149.78599900 -0.46868100 108.40883000
v -149.67406200 -0.57150600 108.72126800
v -149.53937000 -0.67162600 109.02549000
v -149.38260400 -0.76857100 109.32006000
v -149.20469300 -0.86189600 109.60363500
v -149.00657200 -0.95116200 109.87487400
v -148.78917400 -1.03592700 110.13243500
v -148.55343500 -1.11574900 110.37497800
v -148.25575500 -1.20230200 110.63797400
v -147.93649700 -1.28101300 110.87714000
v -147.61564000 -1.34801900 111.08074200
v -147.27929500 -1.40713100 111.26035500
v -146.92938200 -1.45794300 111.41474800
v -146.56788700 -1.50009900 111.54284200
v -146.19702000 -1.53341600 111.64407700
v -145.81903700 -1.55774700 111.71800500
v -145.43619800 -1.57294300 111.76417900
v -149.96848200 -0.24331100 107.54603600
v -149.87483300 -0.46260500 108.05194700
v -149.78600400 -0.59618900 108.36012500
v -149.67407000 -0.72698800 108.66187700
v -149.53938200 -0.85434800 108.95569500
v -149.38262000 -0.97766700 109.24019100
v -149.20471400 -1.09638300 109.51406900
v -149.00659700 -1.20993400 109.77603200
v -148.78920500 -1.31776000 110.02478600
v -148.55347100 -1.41929900 110.25903600
v -148.25579700 -1.52940100 110.51304000
v -147.93654800 -1.62952700 110.74402900
v -147.61569700 -1.71476500 110.94067200
v -147.27935900 -1.78996000 111.11414600
v -146.92945400 -1.85459700 111.26326400
v -146.56796500 -1.90822500 111.38698200
v -146.19710400 -1.95060900 111.48476000
v -145.81912800 -1.98156200 111.55616700
v -145.43629500 -2.00089500 111.60076800
v -149.96848300 -0.29337100 107.52159800
v -149.87483700 -0.55778300 108.00548300
v -149.78601100 -0.71885100 108.30024400
v -149.67408100 -0.87656100 108.58885900
v -149.53939600 -1.03012400 108.86988500
v -149.38264000 -1.17881600 109.14199600
v -149.20473900 -1.32195700 109.40395100
v -149.00662800 -1.45887200 109.65451000
v -148.78924200 -1.58888400 109.89243600
v -148.55351500 -1.71131500 110.11648900
v -148.25585000 -1.84407100 110.35943800
v -147.93660900 -1.96479900 110.58037500
v -147.61576700 -2.06757600 110.76846000
v -147.27943800 -2.15824500 110.93438700
v -146.92954100 -2.23618400 111.07701800
v -146.56806200 -2.30084800 111.19535600
v -146.19720900 -2.35195600 111.28888400
v -145.81924000 -2.38928100 111.35718900
v -145.43641500 -2.41259600 111.39985600
v -149.96848400 -0.34103700 107.49278800
v -149.87484200 -0.64841100 107.95070600
v -149.78601900 -0.83564900 108.22965000
v -149.67409300 -1.01898300 108.50277800
v -149.53941400 -1.19749700 108.76872400
v -149.38266300 -1.37034800 109.02623400
v -149.20476800 -1.53674800 109.27413300
v -149.00666500 -1.69590900 109.51124900
v -148.78928700 -1.84704600 109.73640900
v -148.55356800 -1.98937100 109.94844200
v -148.25591300 -2.14370000 110.17835700
v -147.93668200 -2.28404600 110.38744200
v -147.61585000 -2.40352500 110.56543900
v -147.27953100 -2.50892900 110.72246800
v -146.92964500 -2.59953500 110.85745100
v -146.56817500 -2.67471000 110.96944500
v -146.19733200 -2.73412700 111.05796100
v -145.81937300 -2.77752100 111.12260900
v -145.43655500 -2.80463000 111.16299500
v -149.96848700 -0.42752800 107.42281000
v -149.87485400 -0.81285200 107.81765700
v -149.78603900 -1.04757600 108.05818000
v -149.67412300 -1.27740600 108.29369000
v -149.53945600 -1.50119300 108.52300700
v -149.38271900 -1.71788200 108.74505100
v -149.20484000 -1.92648500 108.95880800
v -149.00675400 -2.12601400 109.16326800
v -148.78939400 -2.31548400 109.35742000
v -148.55369500 -2.49390900 109.54025400
v -148.25606400 -2.68738300 109.73851000
v -147.93685900 -2.86333100 109.91880600
v -147.61605100 -3.01312000 110.07229600
v -147.27975700 -3.14526700 110.20770800
v -146.92989500 -3.25886300 110.32411200
v -146.56845000 -3.35311700 110.42069500
v -146.19763000 -3.42761600 110.49703500
v -145.81969400 -3.48203200 110.55279500
v -145.43689700 -3.51603300 110.58763700
v -145.81952400 -3.14289900 110.85396500
v -146.19747200 -3.09379000 110.79350700
v -146.56830400 -3.02655300 110.71073100
v -146.92976300 -2.94148400 110.60600200
v -147.27963800 -2.83895500 110.47977800
v -147.61594500 -2.71968300 110.33294100
v -147.93676500 -2.58448400 110.16649700
v -148.25598400 -2.42567400 109.97098500
v -148.55362800 -2.25104400 109.75599600
v -148.78933700 -2.08999600 109.55772900
v -149.00670700 -1.91897900 109.34718800
v -149.20480200 -1.73888100 109.12546800
v -149.38268900 -1.55059400 108.89366600
v -149.53943300 -1.35500700 108.65287700
v -149.67410700 -1.15301200 108.40420000
v -149.78602900 -0.94556300 108.14880800
v -149.87484800 -0.73369700 107.88797800
v -149.96848900 -0.46551600 107.38208500
v -149.87486000 -0.88507800 107.74022700
v -149.78605100 -1.14065700 107.95839200
v -149.67414000 -1.39090900 108.17200800
v -149.53948000 -1.63458200 108.38000900
v -149.38275100 -1.87052600 108.58141300
v -149.20488200 -2.09766500 108.77530100
v -149.00680500 -2.31492600 108.96075600
v -148.78945600 -2.52123400 109.13686200
v -148.55376900 -2.71551600 109.30270200
v -148.25615200 -2.92618600 109.48253200
v -147.93696100 -3.11777300 109.64607300
v -147.61616800 -3.28087800 109.78530000
v -147.27988900 -3.42477300 109.90813000
v -146.93004100 -3.54847100 110.01371900
v -146.56861000 -3.65110900 110.10133100
v -146.19780400 -3.73223700 110.17058300
v -145.81988100 -3.79149800 110.22116900
v -145.43709600 -3.82853300 110.25278100
v -149.96849100 -0.49957400 107.33803700
v -149.87486800 -0.94983200 107.65647700
v -149.78606300 -1.22411000 107.85045800
v -149.67415900 -1.49267100 108.04039500
v -149.53950600 -1.75417200 108.22534000
v -149.38278600 -2.00737900 108.40441800
v -149.20492700 -2.25113800 108.57681400
v -149.00686100 -2.48429600 108.74171300
v -148.78952400 -2.70570100 108.89830000
v -148.55384900 -2.91420100 109.04575900
v -148.25624700 -3.14029000 109.20565800
v -147.93707300 -3.34590100 109.35107400
v -147.61629500 -3.52094600 109.47487300
v -147.28003100 -3.67537700 109.58409200
v -146.93019900 -3.80813400 109.67798300
v -146.56878300 -3.91829100 109.75589000
v -146.19799200 -4.00536700 109.81747300
v -145.82008300 -4.06897600 109.86246000
v -145.43731200 -4.10873300 109.89057700
v -149.96849300 -0.52950800 107.29107700
v -149.87487600 -1.00674400 107.56719400
v -149.78607600 -1.29745600 107.73539200
v -149.67417900 -1.58210900 107.90008500
v -149.53953500 -1.85928000 108.06044900
v -149.38282400 -2.12766000 108.21572700
v -149.20497500 -2.38602700 108.36521100
v -149.00692100 -2.63315800 108.50819500
v -148.78959600 -2.86783300 108.64397100
v -148.55393400 -3.08883000 108.77183400
v -148.25634900 -3.32847200 108.91048400
v -147.93719100 -3.54641000 109.03657700
v -147.61643000 -3.73195100 109.14392600
v -147.28018300 -3.89564500 109.23863500
v -146.93036700 -4.03636800 109.32005300
v -146.56896800 -4.15313700 109.38761100
v -146.19819200 -4.24544300 109.44101600
v -145.82029800 -4.31287700 109.48003100
v -145.43754100 -4.35503100 109.50441900
v -149.96849500 -0.55512300 107.24162000
v -149.87488400 -1.05544500 107.47316100
v -149.78609000 -1.36022000 107.61420700
v -149.67420000 -1.65864400 107.75231200
v -149.53956400 -1.94922400 107.88678800
v -149.38286400 -2.23058800 108.01699900
v -149.20502500 -2.50145600 108.14235200
v -149.00698400 -2.76054500 108.26225500
v -148.78967200 -3.00657600 108.37611400
v -148.55402400 -3.23826800 108.48333700
v -148.25645600 -3.48951000 108.59960700
v -147.93731600 -3.71799900 108.70534800
v -147.61657200 -3.91252500 108.79537100
v -147.28034300 -4.08414700 108.87479500
v -146.93054500 -4.23168900 108.94307400
v -146.56916200 -4.35411900 108.99973200
v -146.19840400 -4.45090500 109.04452200
v -145.82052500 -4.52161600 109.07724500
v -145.43778300 -4.56582600 109.09770400
v -149.96849700 -0.57622600 107.19007800
v -149.87489200 -1.09556500 107.37516500
v -149.78610500 -1.41192600 107.48791300
v -149.67422200 -1.72169400 107.59831000
v -149.53959500 -2.02332100 107.70580700
v -149.38290500 -2.31538300 107.80989500
v -149.20507800 -2.59654900 107.91009900
v -149.00704900 -2.86549100 108.00594700
v -148.78975100 -3.12087800 108.09696400
v -148.55411700 -3.36138300 108.18267700
v -148.25656700 -3.62218200 108.27562200
v -147.93744600 -3.85936500 108.36015100
v -147.61672100 -4.06129500 108.43211700
v -147.28050900 -4.23945200 108.49560900
v -146.93073000 -4.39261500 108.55019400
v -146.56936500 -4.51971300 108.59549000
v -146.19862400 -4.62019300 108.63129900
v -145.82076200 -4.69360900 108.65746300
v -145.43803500 -4.73951600 108.67382300
v -149.96849900 -0.59262100 107.13686400
v -149.87490100 -1.12673600 107.27399100
v -149.78612000 -1.45209800 107.35752300
v -149.67424500 -1.77068000 107.43931400
v -149.53962700 -2.08089000 107.51895600
v -149.38294700 -2.38126300 107.59607200
v -149.20513300 -2.67043200 107.67031200
v -149.00711700 -2.94702800 107.74132400
v -148.78983300 -3.20968700 107.80875800
v -148.55421400 -3.45704000 107.87226200
v -148.25668300 -3.72526600 107.94112500
v -147.93758100 -3.96920700 108.00375300
v -147.61687400 -4.17689300 108.05707300
v -147.28068100 -4.36013000 108.10411700
v -146.93092000 -4.51766400 108.14456100
v -146.56957400 -4.64839200 108.17812300
v -146.19885100 -4.75174600 108.20465700
v -145.82100600 -4.82726800 108.22404600
v -145.43829500 -4.87450100 108.23617200
v -149.96850200 -0.60411500 107.08239200
v -149.87491000 -1.14858800 107.17042400
v -149.78613500 -1.48026000 107.22404900
v -149.67426800 -1.80502100 107.27655700
v -149.53966000 -2.12124800 107.32768500
v -149.38299100 -2.42744900 107.37719200
v -149.20518800 -2.72222800 107.42485300
v -149.00718600 -3.00419200 107.47044200
v -148.78991600 -3.27194900 107.51373300
v -148.55431300 -3.52410400 107.55450200
v -148.25680000 -3.79754100 107.59871200
v -147.93771800 -4.04622200 107.63891900
v -147.61703000 -4.25794600 107.67315100
v -147.28085700 -4.44474900 107.70335400
v -146.93111600 -4.60535200 107.72932000
v -146.56978800 -4.73863100 107.75086900
v -146.19908300 -4.84400600 107.76790600
v -145.82125600 -4.92101000 107.78035600
v -145.43856100 -4.96917800 107.78814400
v -149.96850400 -0.61051300 107.02707800
v -149.87491900 -1.16075100 107.06525500
v -149.78615000 -1.49593500 107.08851200
v -149.67429200 -1.82413600 107.11128400
v -149.53969300 -2.14371300 107.13345800
v -149.38303500 -2.45315800 107.15492800
v -149.20524500 -2.75106200 107.17559800
v -149.00725600 -3.03601600 107.19537000
v -148.79000100 -3.30661200 107.21414500
v -148.55441300 -3.56144400 107.23182600
v -148.25692000 -3.83778400 107.25100000
v -147.93785800 -4.08910900 107.26843800
v -147.61718900 -4.30308600 107.28328400
v -147.28103600 -4.49188000 107.29638400
v -146.93131400 -4.65419700 107.30764600
v -146.57000600 -4.78890300 107.31699200
v -146.19931900 -4.89541100 107.32438200
v -145.82151000 -4.97325000 107.32978300
v -145.43883200 -5.02194700 107.33316200
v -149.96850600 -0.61170300 106.97142200
v -149.87492800 -1.16301300 106.95944000
v -149.78616600 -1.49885100 106.95214100
v -149.67431500 -1.82769100 106.94499300
v -149.53972600 -2.14789200 106.93803400
v -149.38308000 -2.45794300 106.93129500
v -149.20530200 -2.75642900 106.92480700
v -149.00732700 -3.04194300 106.91860200
v -148.79008600 -3.31307100 106.91270900
v -148.55451400 -3.56840500 106.90715900
v -148.25704000 -3.84529300 106.90114100
v -147.93799800 -4.09711700 106.89566800
v -147.61735000 -4.31152200 106.89100700
v -147.28121600 -4.50069600 106.88689600
v -146.93151300 -4.66334400 106.88336000
v -146.57022500 -4.79832800 106.88042600
v -146.19955700 -4.90506100 106.87810600
v -145.82176500 -4.98307000 106.87641000
v -145.43910400 -5.03188300 106.87534900
v -149.96850900 -0.60777800 106.91589700
v -149.87493800 -1.15555000 106.85387200
v -149.78618200 -1.48923300 106.81608800
v -149.67433900 -1.81596400 106.77909200
v -149.53976000 -2.13411200 106.74306700
v -149.38312400 -2.44217400 106.70818400
v -149.20535900 -2.73874900 106.67460200
v -149.00739700 -3.02243400 106.64248000
v -148.79017200 -3.29182700 106.61197500
v -148.55461500 -3.54552900 106.58324800
v -148.25716100 -3.82064800 106.55209500
v -147.93813900 -4.07086600 106.52376200
v -147.61750900 -4.28390600 106.49963900
v -147.28139500 -4.47187900 106.47835400
v -146.93171200 -4.63349700 106.46005300
v -146.57044300 -4.76763100 106.44486400
v -146.19979400 -4.87369600 106.43285300
v -145.82202000 -4.95122300 106.42407400
v -145.43937600 -4.99974200 106.41857900
v -149.96851100 -0.59886200 106.86094100
v -149.87494700 -1.13859600 106.74938600
v -149.78619700 -1.46738300 106.68143000
v -149.67436200 -1.78932100 106.61489000
v -149.53979300 -2.10280200 106.55009700
v -149.38316800 -2.40634700 106.48735900
v -149.20541500 -2.69857200 106.42696000
v -149.00746700 -2.97809800 106.36918500
v -148.79025600 -3.24354400 106.31432100
v -148.55471500 -3.49352900 106.26265200
v -148.25728000 -3.76461900 106.20662100
v -147.93827700 -4.01117600 106.15566100
v -147.61766700 -4.22110100 106.11227200
v -147.28157300 -4.40632800 106.07398700
v -146.93191000 -4.56558800 106.04106900
v -146.57065900 -4.69776900 106.01374800
v -146.20002900 -4.80229500 105.99214300
v -145.82227200 -4.87870200 105.97635000
v -145.43964400 -4.92652900 105.96646400
v -149.96851500 -0.56654200 106.75449000
v -149.87496400 -1.07714500 106.54699500
v -149.78622700 -1.38818800 106.42059600
v -149.67440800 -1.69275100 106.29682900
v -149.53985700 -1.98931600 106.17631400
v -149.38325300 -2.27648200 106.05961700
v -149.20552400 -2.55294100 105.94727100
v -149.00760200 -2.81738800 105.83980700
v -148.79041900 -3.06851600 105.73775500
v -148.55490800 -3.30501900 105.64164700
v -148.25751000 -3.56149300 105.53742200
v -147.93854600 -3.79476100 105.44262800
v -147.61797400 -3.99337600 105.36191600
v -147.28191700 -4.16862900 105.29069700
v -146.93229100 -4.31931900 105.22946000
v -146.57107800 -4.44439400 105.17863200
v -146.20048300 -4.54330900 105.13843500
v -145.82276100 -4.61562600 105.10904600
v -145.44016500 -4.66090800 105.09064400
v -145.43990700 -4.81377100 105.52433400
v -145.82251900 -4.76702100 105.53851800
v -146.20025800 -4.69234700 105.56117300
v -146.57087100 -4.59020100 105.59216300
v -146.93210200 -4.46103400 105.63135000
v -147.28174700 -4.30541100 105.67856300
v -147.61782200 -4.12441700 105.73347200
v -147.93841300 -3.91929200 105.79570300
v -148.25739600 -3.67837600 105.86879100
v -148.55481300 -3.41349100 105.94915100
v -148.79033800 -3.16922900 106.02325400
v -149.00753500 -2.90986200 106.10194000
v -149.20547000 -2.63673800 106.18479900
v -149.38321100 -2.35120600 106.27142200
v -149.53982500 -2.05461600 106.36140000
v -149.67438500 -1.74831700 106.45432300
v -149.78621200 -1.43375600 106.54975300
v -149.87495600 -1.11250300 106.64721300
v -149.96851300 -0.58513900 106.80720100
v -149.96851700 -0.54338400 106.70387300
v -149.87497300 -1.03311500 106.45075900
v -149.78624100 -1.33144300 106.29657000
v -149.67442900 -1.62355800 106.14559300
v -149.53988700 -1.90800100 105.99858100
v -149.38329400 -2.18343000 105.85622700
v -149.20557600 -2.44859100 105.71918000
v -149.00766600 -2.70223100 105.58808800
v -148.79049700 -2.94309800 105.46359800
v -148.55500000 -3.16993900 105.34635700
v -148.25761900 -3.41593600 105.21921400
v -147.93867400 -3.63967700 105.10357500
v -147.61811900 -3.83018200 105.00511400
v -147.28208100 -3.99828100 104.91823200
v -146.93247300 -4.14282300 104.84352600
v -146.57127700 -4.26279900 104.78151700
v -146.20069900 -4.35768500 104.73247600
v -145.82299300 -4.42706200 104.69661800
v -145.44041300 -4.47050900 104.67416200
v -149.96851900 -0.51572500 106.65558000
v -149.87498100 -0.98052600 106.35894200
v -149.78625500 -1.26366900 106.17824000
v -149.67445000 -1.54091400 106.00130000
v -149.53991600 -1.81087900 105.82900800
v -149.38333200 -2.07229000 105.66217500
v -149.20562500 -2.32395500 105.50156100
v -149.00772800 -2.56468700 105.34792500
v -148.79057100 -2.79329600 105.20202600
v -148.55508800 -3.00859500 105.06462100
v -148.25772400 -3.24207600 104.91561300
v -147.93879600 -3.45443500 104.78008400
v -147.61825800 -3.63525100 104.66468700
v -147.28223700 -3.79480300 104.56286000
v -146.93264600 -3.93199800 104.47530200
v -146.57146700 -4.04587800 104.40262300
v -146.20090600 -4.13594700 104.34514000
v -145.82321500 -4.20180600 104.30310900
v -145.44064900 -4.24305700 104.27678200
v -149.96852100 -0.48369000 106.61005300
v -149.87498800 -0.91961900 106.27238400
v -149.78626800 -1.18517400 106.06668600
v -149.67446900 -1.44519800 105.86527200
v -149.53994300 -1.69839500 105.66914700
v -149.38336900 -1.94356800 105.47923600
v -149.20567200 -2.17960300 105.29640500
v -149.00778500 -2.40538400 105.12151600
v -148.79064100 -2.61979600 104.95543300
v -148.55517100 -2.82172400 104.79902000
v -148.25782200 -3.04070800 104.62939600
v -147.93891100 -3.23988200 104.47511600
v -147.61838900 -3.40947400 104.34375100
v -147.28238400 -3.55912400 104.22783300
v -146.93280900 -3.68780600 104.12815600
v -146.57164600 -3.79462200 104.04541600
v -146.20110000 -3.87910800 103.97997400
v -145.82342400 -3.94088800 103.93211900
v -145.44087200 -3.97958900 103.90214200
v -149.96852300 -0.44754400 106.56773500
v -149.87499500 -0.85089500 106.19192700
v -149.78628000 -1.09660400 105.96299600
v -149.67448700 -1.33719700 105.73883200
v -149.53996900 -1.57147200 105.52055500
v -149.38340300 -1.79832500 105.30919300
v -149.20571500 -2.01672200 105.10570900
v -149.00783900 -2.22563200 104.91106500
v -148.79070600 -2.42402300 104.72622100
v -148.55524800 -2.61086500 104.55213800
v -148.25791400 -2.81348800 104.36335100
v -147.93901800 -2.99778300 104.19164100
v -147.61851100 -3.15470700 104.04543200
v -147.28252100 -3.29318000 103.91641500
v -146.93296100 -3.41225300 103.80547300
v -146.57181300 -3.51109600 103.71338000
v -146.20128100 -3.58927700 103.64053700
v -145.82361900 -3.64645100 103.58726700
v -145.44107900 -3.68227100 103.55389300
v -149.96852500 -0.40767100 106.52891100
v -149.87500200 -0.77508600 106.11811400
v -149.78629100 -0.99890400 105.86786900
v -149.67450400 -1.21806200 105.62283400
v -149.53999200 -1.43146500 105.38423300
v -149.38343400 -1.63810800 105.15319100
v -149.20575500 -1.83704900 104.93076100
v -149.00788800 -2.02734800 104.71799200
v -148.79076500 -2.20806600 104.51593600
v -148.55531800 -2.37826300 104.32564300
v -148.25799800 -2.56283800 104.11927400
v -147.93911600 -2.73071800 103.93157100
v -147.61862300 -2.87366600 103.77174400
v -147.28264600 -2.99980800 103.63070900
v -146.93310000 -3.10827900 103.50943000
v -146.57196500 -3.19832200 103.40875400
v -146.20144700 -3.26954600 103.32912000
v -145.82379700 -3.32163400 103.27088100
v -145.44126900 -3.35427100 103.23438900
v -149.96852600 -0.36445300 106.49383000
v -149.87500700 -0.69291800 106.05141700
v -149.78630100 -0.89300900 105.78191200
v -149.67451900 -1.08893400 105.51801800
v -149.54001300 -1.27971500 105.26105300
v -149.38346200 -1.46445100 105.01222800
v -149.20579100 -1.64230300 104.77267700
v -149.00793300 -1.81243000 104.54353100
v -148.79081900 -1.97399100 104.32592100
v -148.55538200 -2.12614800 104.12097900
v -148.25807400 -2.29115900 103.89872400
v -147.93920500 -2.44124500 103.69656900
v -147.61872400 -2.56904300 103.52443600
v -147.28276000 -2.68181700 103.37253900
v -146.93322600 -2.77879400 103.24191900
v -146.57210300 -2.85929700 103.13348700
v -146.20159700 -2.92297700 103.04771600
v -145.82395800 -2.96955000 102.98498500
v -145.44144000 -2.99873500 102.94567400
v -149.96852800 -0.31827300 106.46274000
v -149.87501200 -0.60511700 105.99230700
v -149.78630900 -0.77985400 105.70573200
v -149.67453200 -0.95095400 105.42512500
v -149.54003200 -1.11756100 105.15188400
v -149.38348700 -1.27889000 104.88729900
v -149.20582300 -1.43420600 104.63257500
v -149.00797200 -1.58277700 104.38891400
v -148.79086700 -1.72386800 104.15752000
v -148.55543800 -1.85674700 103.93959500
v -148.25814100 -2.00085100 103.70325900
v -147.93928300 -2.13192300 103.48829700
v -147.61881300 -2.24353000 103.30525600
v -147.28286000 -2.34201800 103.14373300
v -146.93333800 -2.42671100 103.00483300
v -146.57222600 -2.49701800 102.88952600
v -146.20172900 -2.55263300 102.79831400
v -145.82410100 -2.59331000 102.73160100
v -145.44159200 -2.61880300 102.68979100
v -149.96852900 -0.26951200 106.43588800
v -149.87501700 -0.51241000 105.94125500
v -149.78631700 -0.66037600 105.63993800
v -149.67454400 -0.80526200 105.34489500
v -149.54004800 -0.94634400 105.05759800
v -149.38350800 -1.08295700 104.77940100
v -149.20585000 -1.21447900 104.51157200
v -149.00800700 -1.34028800 104.25537600
v -148.79090800 -1.45976500 104.01207600
v -148.55548700 -1.57228700 103.78293800
v -148.25819900 -1.69431500 103.53444000
v -147.93935100 -1.80530800 103.30841500
v -147.61889100 -1.89981900 103.11595400
v -147.28294700 -1.98322000 102.94611600
v -146.93343400 -2.05494100 102.80006500
v -146.57233100 -2.11448000 102.67881900
v -146.20184400 -2.16157900 102.58290700
v -145.82422400 -2.19602800 102.51275500
v -145.44172400 -2.21761900 102.46878500
v -149.96853000 -0.20532300 106.40859300
v -149.87502100 -0.39037000 105.88936000
v -149.78632500 -0.50309500 105.57305800
v -149.67455500 -0.61347400 105.26334100
v -149.54006400 -0.72095500 104.96175500
v -149.38353000 -0.82503200 104.66972200
v -149.20587800 -0.92522900 104.38857200
v -149.00804100 -1.02107600 104.11963200
v -148.79095000 -1.11209700 103.86423000
v -148.55553700 -1.19782100 103.62369300
v -148.25825800 -1.29078800 103.36283300
v -147.93942000 -1.37534800 103.12556200
v -147.61896900 -1.44735100 102.92352400
v -147.28303500 -1.51089100 102.74523400
v -146.93353200 -1.56553200 102.59191200
v -146.57243900 -1.61089400 102.46462900
v -146.20196100 -1.64677800 102.36393900
v -145.82434900 -1.67302600 102.29028900
v -145.44185700 -1.68947900 102.24412300
v -149.96853100 -0.13843000 106.38883600
v -149.87502500 -0.26319000 105.85179900
v -149.78633000 -0.33919000 105.52465100
v -149.67456400 -0.41360800 105.20431300
v -149.54007600 -0.48607200 104.89238500
v -149.38354600 -0.55624100 104.59033700
v -149.20589900 -0.62379600 104.29954500
v -149.00806600 -0.68841600 104.02138100
v -148.79098000 -0.74978400 103.75721900
v -148.55557300 -0.80758000 103.50843200
v -148.25830100 -0.87026000 103.23862400
v -147.93947000 -0.92727100 102.99321400
v -147.61902600 -0.97581700 102.78424300
v -147.28309900 -1.01865700 102.59983500
v -146.93360300 -1.05549800 102.44125100
v -146.57251700 -1.08608300 102.30959700
v -146.20204500 -1.11027800 102.20544900
v -145.82444000 -1.12797600 102.12926600
v -145.44195400 -1.13907000 102.08151000
v -149.96853100 -0.06966700 106.37695400
v -149.87502700 -0.13245500 105.82920900
v -149.78633300 -0.17070400 105.49553700
v -149.67456900 -0.20815600 105.16881100
v -149.54008300 -0.24462500 104.85066300
v -149.38355500 -0.27993900 104.54259200
v -149.20591100 -0.31393700 104.24600000
v -149.00808100 -0.34645900 103.96228900
v -148.79099900 -0.37734300 103.69285900
v -148.55559400 -0.40643100 103.43911000
v -148.25832700 -0.43797500 103.16392000
v -147.93950000 -0.46666800 102.91361400
v -147.61906000 -0.49110000 102.70047400
v -147.28313800 -0.51266000 102.51238600
v -146.93364500 -0.53120100 102.35063600
v -146.57256300 -0.54659400 102.21635500
v -146.20209600 -0.55877100 102.11012600
v -145.82449500 -0.56767800 102.03242000
v -145.44201200 -0.57326200 101.98370700
vn -0.00113800 0.00000000 -0.09999400
vn -0.00113800 0.00000000 -0.09999400
vn -0.01313700 0.00000000 -0.09913300
vn -0.01313700 0.00000000 -0.09913300
vn -0.02484000 0.00000000 -0.09686600
vn -0.02484000 0.00000000 -0.09686600
vn -0.03625100 0.00000000 -0.09319800
vn -0.03625100 0.00000000 -0.09319800
vn -0.04721200 0.00000000 -0.08815400
vn -0.04721200 0.00000000 -0.08815400
vn -0.05737300 0.00000000 -0.08190400
vn -0.05737300 0.00000000 -0.08190400
vn -0.06673600 0.00000000 -0.07447400
vn -0.06673600 0.00000000 -0.07447400
vn -0.07522900 0.00000000 -0.06588400
vn -0.07522900 0.00000000 -0.06588400
vn -0.08255200 0.00000000 -0.05643700
vn -0.08255200 0.00000000 -0.05643700
vn -0.08868500 0.00000000 -0.04620500
vn -0.08868500 0.00000000 -0.04620500
vn -0.09360500 0.00000000 -0.03518800
vn -0.09360500 0.00000000 -0.03518800
vn -0.09714200 0.00000000 -0.02373600
vn -0.09714200 0.00000000 -0.02373600
vn -0.09927600 0.00000000 -0.01200800
vn -0.09927600 0.00000000 -0.01200800
vn -0.10000000 0.00000000 -0.00000000
vn -0.10000000 0.00000000 -0.00000000
vn -0.10000000 0.00000000 -0.00000000
vn -0.10000000 0.00000000 -0.00000000
vn -0.10000000 0.00000000 -0.00000000
vn -0.10000000 0.00000000 -0.00000000
vn -0.10000000 0.00000000 -0.00000000
vn -0.10000000 0.00000000 -0.00000000
vn -0.10000000 0.00000000 -0.00000000
vn -0.10000000 0.00000000 -0.00000000
vn -0.10000000 0.00000000 -0.00000000
vn -0.10000000 -0.00000000 0.00000000
vn -0.10000000 -0.00000000 0.00000000
vn -0.10000000 0.00000000 -0.00000000
vn -0.10000000 0.00000000 -0.00000000
vn -0.10000000 0.00000000 -0.00000000
vn -0.10000000 0.00000000 -0.00000000
vn -0.10000000 -0.00000000 -0.00000000
vn -0.10000000 -0.00000000 -0.00000000
vn -0.10000000 0.00000000 0.00000000
vn -0.10000000 0.00000000 0.00000000
vn -0.10000000 0.00000000 0.00000000
vn -0.10000000 -0.00000000 -0.00000000
vn -0.10000000 -0.00000000 -0.00000000
vn -0.10000000 -0.00000000 -0.00000000
vn -0.10000000 -0.00000000 -0.00000000
vn -0.10000000 0.00000000 0.00000000
vn -0.10000000 0.00000000 0.00000000
vn -0.10000000 0.00000000 0.00000000
vn -0.10000000 -0.00000000 -0.00000000
vn -0.10000000 -0.00000000 -0.00000000
vn -0.10000000 -0.00000000 -0.00000000
vn -0.10000000 -0.00000000 -0.00000000
vn -0.10000000 0.00000000 0.00000000
vn -0.10000000 0.00000000 0.00000000
vn -0.10000000 0.00000000 -0.00000000
vn -0.10000000 0.00000000 -0.00000000
vn -0.10000000 0.00000000 -0.00000100
vn -0.10000000 0.00000000 -0.00000100
vn -0.10000000 0.00000000 -0.00000000
vn -0.10000000 0.00000000 0.00000000
vn -0.10000000 0.00000000 0.00000000
vn -0.10000000 0.00000000 0.00000000
vn -0.10000000 0.00000000 -0.00000000
vn -0.10000000 0.00000100 -0.00000000
vn -0.10000000 0.00000100 -0.00000000
vn -0.10000000 0.00000000 -0.00000000
vn -0.10000000 0.00000000 0.00000000
vn -0.10000000 0.00000000 0.00000000
vn -0.10000000 0.00000000 0.00000000
vn -0.10000000 0.00000000 0.00000000
vn -0.10000000 0.00000100 0.00000000
vn -0.10000000 0.00000100 0.00000000
vn -0.10000000 0.00000100 0.00000000
vn -0.10000000 0.00000000 0.00000000
vn -0.10000000 0.00000000 0.00000000
vn -0.10000000 0.00000000 0.00000000
vn -0.10000000 0.00000000 0.00000000
vn -0.10000000 0.00000000 0.00000000
vn -0.10000000 0.00000000 0.00000100
vn -0.10000000 0.00000000 0.00000100
vn -0.10000000 0.00000000 0.00000000
vn -0.10000000 0.00000000 0.00000000
vn -0.10000000 0.00000000 0.00000000
vn -0.10000000 0.00000000 0.00000000
vn -0.00113800 -0.00980300 -0.09951200
vn -0.00113700 -0.01950200 -0.09807300
vn -0.00113600 -0.02924300 -0.09562200
vn -0.00113300 -0.03852700 -0.09227400
vn -0.00113100 -0.04728500 -0.08810700
vn -0.00112700 -0.05553200 -0.08315600
vn -0.00112400 -0.06327400 -0.07742800
vn -0.00112000 -0.07050200 -0.07091000
vn -0.00111500 -0.07718500 -0.06357000
vn -0.00111000 -0.08322600 -0.05542700
vn -0.00110500 -0.08832400 -0.04688000
vn -0.00109900 -0.09246900 -0.03805700
vn -0.00109300 -0.09570200 -0.02898000
vn -0.00108700 -0.09804300 -0.01965600
vn -0.00108100 -0.09948500 -0.01008000
vn -0.00107500 -0.09999400 -0.00024900
vn -0.00106900 -0.09951000 0.00982700
vn -0.00106300 -0.09802500 0.01974700
vn -0.00105700 -0.09562000 0.02925300
vn -0.00105100 -0.09234700 0.03835200
vn -0.00104600 -0.08823300 0.04705200
vn -0.00104000 -0.08327500 0.05535600
vn -0.00103500 -0.07745100 0.06324800
vn -0.00103100 -0.07072100 0.07069300
vn -0.00102600 -0.06325300 0.07744700
vn -0.00102300 -0.05534100 0.08328500
vn -0.00102000 -0.04702700 0.08824600
vn -0.00101700 -0.03832800 0.09235700
vn -0.00101500 -0.02924500 0.09562300
vn -0.00101300 -0.01976800 0.09802100
vn -0.00101200 -0.00989100 0.09950400
vn -0.00101200 0.00017400 0.09999500
vn -0.00101200 0.01001000 0.09949300
vn -0.00101300 0.01960500 0.09805400
vn -0.00101500 0.02896300 0.09570900
vn -0.00101700 0.03808500 0.09245800
vn -0.00102000 0.04696300 0.08828000
vn -0.00102300 0.05557000 0.08313200
vn -0.00102600 0.06360600 0.07715700
vn -0.00103100 0.07085200 0.07056200
vn -0.00103500 0.07733800 0.06338600
vn -0.00104000 0.08308200 0.05564500
vn -0.00104600 0.08808100 0.04733500
vn -0.00105100 0.09231000 0.03844300
vn -0.00105700 0.09570300 0.02898100
vn -0.00106300 0.09810100 0.01936600
vn -0.00106900 0.09952100 0.00971700
vn -0.00107500 0.09999400 0.00003900
vn -0.00108100 0.09952600 -0.00966700
vn -0.00108800 0.09809400 -0.01940000
vn -0.00109400 0.09566700 -0.02909600
vn -0.00109900 0.09233800 -0.03837300
vn -0.00110500 0.08816900 -0.04716900
vn -0.00111000 0.08318200 -0.05549300
vn -0.00111500 0.07737200 -0.06334300
vn -0.00112000 0.07071500 -0.07069800
vn -0.00112400 0.06336900 -0.07735100
vn -0.00112800 0.05551700 -0.08316600
vn -0.00113100 0.04717600 -0.08816500
vn -0.00113400 0.03834600 -0.09234900
vn -0.00113600 0.02902300 -0.09568900
vn -0.00113700 0.01949300 -0.09807500
vn -0.00113800 0.00981800 -0.09951000
vn -0.00885100 0.09218700 -0.03772700
vn -0.09936900 0.01037800 -0.00424700
vn -0.00878100 0.06307400 0.07710100
vn -0.09936900 0.00710400 0.00868300
vn -0.00878100 -0.06261200 0.07747600
vn -0.09936900 -0.00705200 0.00872600
vn -0.09937000 0.00102100 -0.01116300
vn -0.09751000 0.00202000 -0.02208300
vn -0.09574300 0.00263000 -0.02874500
vn -0.09350100 0.00323100 -0.03531400
vn -0.09078600 0.00382000 -0.04175300
vn -0.08765300 0.00438500 -0.04793500
vn -0.08411800 0.00492600 -0.05385000
vn -0.08018600 0.00544300 -0.05950300
vn -0.07585300 0.00593700 -0.06489300
vn -0.07111100 0.00640500 -0.07001500
vn -0.06513000 0.00691300 -0.07556600
vn -0.05877600 0.00737000 -0.08056700
vn -0.05240800 0.00775900 -0.08481300
vn -0.04570700 0.00810300 -0.08857300
vn -0.03866900 0.00840200 -0.09183800
vn -0.03140600 0.00864900 -0.09454600
vn -0.02402100 0.00884300 -0.09666900
vn -0.01651500 0.00898500 -0.09821700
vn -0.00888800 0.00907400 -0.09919000
vn -0.09937000 0.00202900 -0.01102400
vn -0.09751000 0.00401300 -0.02180900
vn -0.09574300 0.00522400 -0.02838900
vn -0.09350100 0.00641700 -0.03487600
vn -0.09078600 0.00758800 -0.04123600
vn -0.08765300 0.00871100 -0.04734100
vn -0.08411800 0.00978600 -0.05318200
vn -0.08018600 0.01081300 -0.05876500
vn -0.07585300 0.01179300 -0.06408800
vn -0.07111100 0.01272300 -0.06914700
vn -0.06513000 0.01373200 -0.07463000
vn -0.05877500 0.01464100 -0.07956800
vn -0.05240700 0.01541300 -0.08376100
vn -0.04570700 0.01609600 -0.08747500
vn -0.03866800 0.01668900 -0.09069900
vn -0.03140500 0.01718100 -0.09337300
vn -0.02402000 0.01756700 -0.09547000
vn -0.01651500 0.01784800 -0.09699900
vn -0.00888800 0.01802500 -0.09796000
vn -0.09937000 0.00302200 -0.01079400
vn -0.09751000 0.00597800 -0.02135400
vn -0.09574300 0.00778200 -0.02779600
vn -0.09350100 0.00956000 -0.03414900
vn -0.09078600 0.01130400 -0.04037500
vn -0.08765300 0.01297700 -0.04635300
vn -0.08411800 0.01457900 -0.05207300
vn -0.08018600 0.01610900 -0.05753900
vn -0.07585300 0.01756800 -0.06275100
vn -0.07111100 0.01895500 -0.06770500
vn -0.06513000 0.02045800 -0.07307300
vn -0.05877500 0.02181200 -0.07790800
vn -0.05240700 0.02296100 -0.08201400
vn -0.04570600 0.02397900 -0.08565000
vn -0.03866800 0.02486300 -0.08880700
vn -0.03140500 0.02559600 -0.09142500
vn -0.02401900 0.02617100 -0.09347800
vn -0.01651400 0.02659000 -0.09497500
vn -0.00888700 0.02685300 -0.09591600
vn -0.09937000 0.00400100 -0.01047200
vn -0.09751000 0.00791400 -0.02071600
vn -0.09574300 0.01030200 -0.02696500
vn -0.09350100 0.01265600 -0.03312800
vn -0.09078500 0.01496400 -0.03916800
vn -0.08765200 0.01717900 -0.04496700
vn -0.08411700 0.01929900 -0.05051500
vn -0.08018500 0.02132500 -0.05581800
vn -0.07585100 0.02325700 -0.06087400
vn -0.07111000 0.02509300 -0.06567900
vn -0.06512800 0.02708200 -0.07088700
vn -0.05877300 0.02887400 -0.07557800
vn -0.05240500 0.03039600 -0.07956000
vn -0.04570400 0.03174300 -0.08308700
vn -0.03866600 0.03291300 -0.08614900
vn -0.03140300 0.03388400 -0.08868900
vn -0.02401700 0.03464400 -0.09068000
vn -0.01651200 0.03519900 -0.09213200
vn -0.00888500 0.03554800 -0.09304500
vn -0.09937000 0.00493600 -0.01006600
vn -0.09751000 0.00976500 -0.01991300
vn -0.09574200 0.01271000 -0.02592000
vn -0.09350000 0.01561500 -0.03184300
vn -0.09078400 0.01846200 -0.03764900
vn -0.08765000 0.02119500 -0.04322300
vn -0.08411500 0.02381100 -0.04855600
vn -0.08018200 0.02631000 -0.05365300
vn -0.07584800 0.02869300 -0.05851300
vn -0.07110600 0.03095800 -0.06313100
vn -0.06512400 0.03341200 -0.06813600
vn -0.05876900 0.03562300 -0.07264400
vn -0.05240100 0.03750000 -0.07647200
vn -0.04570000 0.03916200 -0.07986100
vn -0.03866100 0.04060500 -0.08280400
vn -0.03139900 0.04180200 -0.08524500
vn -0.02401300 0.04274000 -0.08715900
vn -0.01650800 0.04342400 -0.08855400
vn -0.00888200 0.04385400 -0.08943100
vn -0.09937000 0.00582400 -0.00958000
vn -0.09750900 0.01152100 -0.01895200
vn -0.09574200 0.01499600 -0.02467000
vn -0.09349900 0.01842300 -0.03030700
vn -0.09078300 0.02178200 -0.03583300
vn -0.08764900 0.02500700 -0.04113800
vn -0.08411400 0.02809200 -0.04621400
vn -0.08018000 0.03104100 -0.05106400
vn -0.07584600 0.03385200 -0.05569000
vn -0.07110400 0.03652400 -0.06008500
vn -0.06512200 0.03942000 -0.06484800
vn -0.05876700 0.04202800 -0.06913900
vn -0.05239800 0.04424200 -0.07278100
vn -0.04569700 0.04620300 -0.07600700
vn -0.03865800 0.04790500 -0.07880700
vn -0.03139600 0.04931700 -0.08113000
vn -0.02401000 0.05042400 -0.08295100
vn -0.01650500 0.05123100 -0.08427900
vn -0.00887900 0.05173800 -0.08511300
vn -0.09937000 0.00666400 -0.00901600
vn -0.09750900 0.01318300 -0.01783500
vn -0.09574200 0.01716000 -0.02321600
vn -0.09349900 0.02108100 -0.02852100
vn -0.09078300 0.02492500 -0.03372200
vn -0.08764900 0.02861500 -0.03871400
vn -0.08411400 0.03214600 -0.04349100
vn -0.08018100 0.03552000 -0.04805600
vn -0.07584700 0.03873800 -0.05240900
vn -0.07110400 0.04179500 -0.05654500
vn -0.06512200 0.04510800 -0.06102800
vn -0.05876700 0.04809300 -0.06506600
vn -0.05239800 0.05062700 -0.06849400
vn -0.04569700 0.05287100 -0.07153000
vn -0.03865800 0.05481900 -0.07416500
vn -0.03139400 0.05643500 -0.07635100
vn -0.02400900 0.05770100 -0.07806500
vn -0.01650300 0.05862500 -0.07931400
vn -0.00887600 0.05920500 -0.08010000
vn -0.09937000 0.00745600 -0.00837100
vn -0.09751000 0.01475100 -0.01656100
vn -0.09574300 0.01920100 -0.02155700
vn -0.09350000 0.02358900 -0.02648300
vn -0.09078400 0.02789000 -0.03131200
vn -0.08765000 0.03201900 -0.03594800
vn -0.08411500 0.03596900 -0.04038400
vn -0.08018200 0.03974500 -0.04462300
vn -0.07584800 0.04334500 -0.04866500
vn -0.07110600 0.04676700 -0.05250600
vn -0.06512300 0.05047400 -0.05666800
vn -0.05876800 0.05381400 -0.06041800
vn -0.05239900 0.05665000 -0.06360200
vn -0.04569700 0.05916100 -0.06642100
vn -0.03865800 0.06134100 -0.06886900
vn -0.03139400 0.06314900 -0.07089900
vn -0.02400700 0.06456700 -0.07249000
vn -0.01650100 0.06560000 -0.07365000
vn -0.00887300 0.06624900 -0.07437900
vn -0.09937000 0.00819800 -0.00764700
vn -0.09751000 0.01621700 -0.01512900
vn -0.09574200 0.02110900 -0.01969300
vn -0.09350000 0.02593300 -0.02419300
vn -0.09078300 0.03066200 -0.02860400
vn -0.08765000 0.03520100 -0.03283900
vn -0.08411400 0.03954500 -0.03689100
vn -0.08018100 0.04369600 -0.04076300
vn -0.07584700 0.04765400 -0.04445600
vn -0.07110400 0.05141500 -0.04796500
vn -0.06512200 0.05549100 -0.05176800
vn -0.05876600 0.05916300 -0.05519300
vn -0.05239700 0.06228100 -0.05810100
vn -0.04569500 0.06504100 -0.06067600
vn -0.03865500 0.06743800 -0.06291200
vn -0.03139100 0.06942600 -0.06476700
vn -0.02400400 0.07098400 -0.06622000
vn -0.01649800 0.07212000 -0.06728000
vn -0.00887000 0.07283300 -0.06794600
vn -0.09936900 0.00886300 -0.00686700
vn -0.09750900 0.01753400 -0.01358500
vn -0.09574100 0.02282300 -0.01768300
vn -0.09349800 0.02803900 -0.02172400
vn -0.09078100 0.03315100 -0.02568600
vn -0.08764700 0.03805900 -0.02948800
vn -0.08411100 0.04275500 -0.03312600
vn -0.08017700 0.04724200 -0.03660300
vn -0.07584200 0.05152100 -0.03991800
vn -0.07109900 0.05558700 -0.04306900
vn -0.06511600 0.05999400 -0.04648300
vn -0.05876000 0.06396300 -0.04955800
vn -0.05239000 0.06733200 -0.05216900
vn -0.04568800 0.07031600 -0.05448100
vn -0.03864900 0.07290700 -0.05648800
vn -0.03138500 0.07505500 -0.05815300
vn -0.02399800 0.07673900 -0.05945700
vn -0.01649200 0.07796700 -0.06040800
vn -0.00886500 0.07873800 -0.06100600
vn -0.09936900 0.00944800 -0.00604000
vn -0.09750800 0.01869100 -0.01194800
vn -0.09574000 0.02432900 -0.01555300
vn -0.09349700 0.02988800 -0.01910700
vn -0.09077900 0.03533800 -0.02259100
vn -0.08764500 0.04056900 -0.02593500
vn -0.08410800 0.04557400 -0.02913500
vn -0.08017400 0.05035700 -0.03219200
vn -0.07583800 0.05491800 -0.03510800
vn -0.07109500 0.05925200 -0.03787900
vn -0.06511100 0.06394800 -0.04088100
vn -0.05875500 0.06817800 -0.04358500
vn -0.05238400 0.07176900 -0.04588100
vn -0.04568200 0.07494900 -0.04791400
vn -0.03864300 0.07771000 -0.04967800
vn -0.03137900 0.07999900 -0.05114200
vn -0.02399300 0.08179400 -0.05228900
vn -0.01648700 0.08310200 -0.05312500
vn -0.00885900 0.08392300 -0.05365100
vn -0.09936900 0.00995300 -0.00516600
vn -0.09750800 0.01968900 -0.01022100
vn -0.09574000 0.02562900 -0.01330400
vn -0.09349600 0.03148500 -0.01634400
vn -0.09077900 0.03722600 -0.01932400
vn -0.08764400 0.04273700 -0.02218500
vn -0.08410700 0.04800900 -0.02492200
vn -0.08017200 0.05304800 -0.02753700
vn -0.07583700 0.05785200 -0.03003100
vn -0.07109300 0.06241800 -0.03240100
vn -0.06510900 0.06736500 -0.03496900
vn -0.05875200 0.07182100 -0.03728200
vn -0.05238200 0.07560400 -0.03924600
vn -0.04567900 0.07895300 -0.04098500
vn -0.03863900 0.08186100 -0.04249400
vn -0.03137500 0.08427300 -0.04374600
vn -0.02398800 0.08616300 -0.04472700
vn -0.01648200 0.08754000 -0.04544200
vn -0.00885500 0.08840600 -0.04589100
vn -0.09750900 0.02053000 -0.00840200
vn -0.09574100 0.02672400 -0.01093600
vn -0.09349700 0.03283100 -0.01343600
vn -0.09078000 0.03881700 -0.01588500
vn -0.08764500 0.04456300 -0.01823700
vn -0.08410800 0.05006100 -0.02048700
vn -0.08017400 0.05531500 -0.02263700
vn -0.07583800 0.06032500 -0.02468700
vn -0.07109400 0.06508600 -0.02663600
vn -0.06511000 0.07024500 -0.02874700
vn -0.05875300 0.07489200 -0.03064900
vn -0.05238200 0.07883700 -0.03226300
vn -0.04567900 0.08233000 -0.03369300
vn -0.03863800 0.08536200 -0.03493400
vn -0.03137300 0.08787700 -0.03596300
vn -0.02398600 0.08984800 -0.03676900
vn -0.01647900 0.09128500 -0.03735700
vn -0.09936900 0.01098000 -0.00227400
vn -0.09750900 0.02172200 -0.00449800
vn -0.09574100 0.02827500 -0.00585500
vn -0.09349700 0.03473600 -0.00719300
vn -0.09078000 0.04107000 -0.00850400
vn -0.08764500 0.04714900 -0.00976300
vn -0.08410800 0.05296700 -0.01096800
vn -0.08017300 0.05852700 -0.01211900
vn -0.07583800 0.06382800 -0.01321700
vn -0.07109300 0.06886500 -0.01426000
vn -0.06510900 0.07432400 -0.01539000
vn -0.05875100 0.07924100 -0.01640800
vn -0.05237900 0.08341500 -0.01727300
vn -0.04567600 0.08711100 -0.01803800
vn -0.03863400 0.09032000 -0.01870200
vn -0.03136700 0.09298100 -0.01925300
vn -0.02397900 0.09506600 -0.01968500
vn -0.01647100 0.09658500 -0.02000000
vn -0.00884100 0.09753900 -0.02019700
vn -0.00884600 0.09524800 -0.02914800
vn -0.01647600 0.09431600 -0.02886200
vn -0.02398400 0.09283200 -0.02840800
vn -0.03137200 0.09079500 -0.02778500
vn -0.03863800 0.08819700 -0.02699000
vn -0.04567900 0.08506300 -0.02603100
vn -0.05238300 0.08145400 -0.02492600
vn -0.05875400 0.07737800 -0.02367900
vn -0.06511100 0.07257600 -0.02220900
vn -0.07109600 0.06724500 -0.02057800
vn -0.07584000 0.06232600 -0.01907300
vn -0.08017500 0.05715000 -0.01748900
vn -0.08411000 0.05172100 -0.01582800
vn -0.08764600 0.04604000 -0.01408900
vn -0.09078100 0.04010300 -0.01227200
vn -0.09349700 0.03391900 -0.01038000
vn -0.09574100 0.02760900 -0.00844900
vn -0.09750900 0.02121100 -0.00649100
vn -0.09936900 0.01072200 -0.00328100
vn -0.09936900 0.01114400 -0.00126100
vn -0.09750800 0.02204500 -0.00249500
vn -0.09573900 0.02869500 -0.00324800
vn -0.09349500 0.03525300 -0.00399000
vn -0.09077700 0.04168100 -0.00471700
vn -0.08764100 0.04785000 -0.00541600
vn -0.08410400 0.05375400 -0.00608400
vn -0.08016800 0.05939600 -0.00672200
vn -0.07583200 0.06477500 -0.00733100
vn -0.07108700 0.06988600 -0.00791000
vn -0.06510200 0.07542500 -0.00853600
vn -0.05874300 0.08041400 -0.00910100
vn -0.05237100 0.08464900 -0.00958000
vn -0.04566700 0.08839900 -0.01000500
vn -0.03862600 0.09165400 -0.01037300
vn -0.03136000 0.09435300 -0.01067900
vn -0.02397100 0.09646800 -0.01091800
vn -0.01646400 0.09801000 -0.01109300
vn -0.00883400 0.09897700 -0.01120200
vn -0.09936900 0.01121400 -0.00025100
vn -0.09750700 0.02218300 -0.00049700
vn -0.09573800 0.02887500 -0.00064700
vn -0.09349300 0.03547400 -0.00079500
vn -0.09077500 0.04194100 -0.00094000
vn -0.08763800 0.04814900 -0.00107900
vn -0.08410000 0.05408900 -0.00121200
vn -0.08016400 0.05976600 -0.00133900
vn -0.07582700 0.06517800 -0.00146000
vn -0.07108100 0.07032000 -0.00157500
vn -0.06509500 0.07589300 -0.00170000
vn -0.05873700 0.08091200 -0.00181300
vn -0.05236400 0.08517200 -0.00190800
vn -0.04566000 0.08894500 -0.00199300
vn -0.03861800 0.09221900 -0.00206600
vn -0.03135200 0.09493400 -0.00212700
vn -0.02396400 0.09706200 -0.00217500
vn -0.01645700 0.09861200 -0.00220900
vn -0.00882800 0.09958500 -0.00223100
vn -0.09936900 0.01119100 0.00075600
vn -0.09750700 0.02214000 0.00149600
vn -0.09573800 0.02881800 0.00194700
vn -0.09349300 0.03540300 0.00239200
vn -0.09077400 0.04185800 0.00282800
vn -0.08763700 0.04805400 0.00324600
vn -0.08409900 0.05398200 0.00364700
vn -0.08016200 0.05964700 0.00402900
vn -0.07582500 0.06504800 0.00439400
vn -0.07107900 0.07018000 0.00474100
vn -0.06509200 0.07574200 0.00511700
vn -0.05873300 0.08075000 0.00545500
vn -0.05236100 0.08500200 0.00574200
vn -0.04565600 0.08876700 0.00599700
vn -0.03861400 0.09203400 0.00621700
vn -0.03134800 0.09474400 0.00640000
vn -0.02395900 0.09686700 0.00654400
vn -0.01645200 0.09841300 0.00664800
vn -0.00882300 0.09938400 0.00671400
vn -0.09936900 0.01107700 0.00176100
vn -0.09750700 0.02191400 0.00348300
vn -0.09573800 0.02852400 0.00453400
vn -0.09349300 0.03504300 0.00557000
vn -0.09077500 0.04143200 0.00658500
vn -0.08763800 0.04756400 0.00756000
vn -0.08410000 0.05343300 0.00849300
vn -0.08016400 0.05904000 0.00938400
vn -0.07582600 0.06438700 0.01023400
vn -0.07108000 0.06946700 0.01104100
vn -0.06509400 0.07497200 0.01191600
vn -0.05873400 0.07993100 0.01270400
vn -0.05236100 0.08414000 0.01337300
vn -0.04565600 0.08786600 0.01396600
vn -0.03861300 0.09110100 0.01448000
vn -0.03134600 0.09378300 0.01490600
vn -0.02395700 0.09588400 0.01524000
vn -0.01644800 0.09741500 0.01548300
vn -0.00881800 0.09837600 0.01563600
vn -0.09936900 0.01087000 0.00276200
vn -0.09750800 0.02150300 0.00546500
vn -0.09573900 0.02799000 0.00711300
vn -0.09349400 0.03438700 0.00873900
vn -0.09077600 0.04065600 0.01033200
vn -0.08764000 0.04667500 0.01186100
vn -0.08410200 0.05243400 0.01332500
vn -0.08016600 0.05793700 0.01472300
vn -0.07582900 0.06318400 0.01605700
vn -0.07108300 0.06817000 0.01732400
vn -0.06509600 0.07357300 0.01869700
vn -0.05873600 0.07843900 0.01993300
vn -0.05236300 0.08257000 0.02098300
vn -0.04565700 0.08622800 0.02191300
vn -0.03861300 0.08940300 0.02272000
vn -0.03134500 0.09203500 0.02338900
vn -0.02395500 0.09409800 0.02391300
vn -0.01644500 0.09560000 0.02429400
vn -0.00881400 0.09654200 0.02453400
vn -0.09936900 0.01056600 0.00376000
vn -0.09750800 0.02090300 0.00743900
vn -0.09573900 0.02720800 0.00968300
vn -0.09349400 0.03342600 0.01189600
vn -0.09077600 0.03952100 0.01406500
vn -0.08764000 0.04537100 0.01614700
vn -0.08410200 0.05096900 0.01813900
vn -0.08016600 0.05631800 0.02004300
vn -0.07582800 0.06141900 0.02185800
vn -0.07108200 0.06626600 0.02358300
vn -0.06509500 0.07151800 0.02545300
vn -0.05873500 0.07624900 0.02713600
vn -0.05236100 0.08026400 0.02856500
vn -0.04565500 0.08382000 0.02983100
vn -0.03861000 0.08690600 0.03092900
vn -0.03134200 0.08946500 0.03184000
vn -0.02395100 0.09146900 0.03255300
vn -0.01644100 0.09293000 0.03307300
vn -0.00880900 0.09384500 0.03339900
vn -0.09936900 0.01017600 0.00472100
vn -0.09750700 0.02013000 0.00934000
vn -0.09573700 0.02620200 0.01215800
vn -0.09349200 0.03219000 0.01493600
vn -0.09077300 0.03805900 0.01765900
vn -0.08763600 0.04369200 0.02027300
vn -0.08409700 0.04908200 0.02277400
vn -0.08016000 0.05423300 0.02516400
vn -0.07582100 0.05914400 0.02744300
vn -0.07107400 0.06381100 0.02960800
vn -0.06508700 0.06886700 0.03195400
vn -0.05872600 0.07342100 0.03406700
vn -0.05235200 0.07728700 0.03586100
vn -0.04564600 0.08071000 0.03744900
vn -0.03860100 0.08368000 0.03882700
vn -0.03133300 0.08614300 0.03997000
vn -0.02394300 0.08807200 0.04086500
vn -0.01643300 0.08947800 0.04151700
vn -0.00880200 0.09035900 0.04192600
vn -0.09936900 0.00970800 0.00562600
vn -0.09750500 0.01920500 0.01112900
vn -0.09573500 0.02499800 0.01448600
vn -0.09348900 0.03071000 0.01779600
vn -0.09076900 0.03630900 0.02104000
vn -0.08763100 0.04168300 0.02415400
vn -0.08409100 0.04682500 0.02713400
vn -0.08015200 0.05173800 0.02998100
vn -0.07581300 0.05642200 0.03269500
vn -0.07106500 0.06087300 0.03527400
vn -0.06507600 0.06569500 0.03806900
vn -0.05871500 0.07003800 0.04058500
vn -0.05234100 0.07372500 0.04272200
vn -0.04563500 0.07698800 0.04461300
vn -0.03859100 0.07982100 0.04625400
vn -0.03132300 0.08216900 0.04761500
vn -0.02393400 0.08400800 0.04868000
vn -0.01642600 0.08534800 0.04945700
vn -0.00879600 0.08618800 0.04994300
vn -0.09936800 0.00916700 0.00647400
vn -0.09750500 0.01813400 0.01280600
vn -0.09573400 0.02360400 0.01666900
vn -0.09348700 0.02899700 0.02047800
vn -0.09076600 0.03428300 0.02421100
vn -0.08762700 0.03935700 0.02779400
vn -0.08408600 0.04421100 0.03122200
vn -0.08014700 0.04885000 0.03449800
vn -0.07580700 0.05327200 0.03762100
vn -0.07105900 0.05747400 0.04058800
vn -0.06507000 0.06202600 0.04380300
vn -0.05870800 0.06612600 0.04669900
vn -0.05233300 0.06960500 0.04915600
vn -0.04562700 0.07268600 0.05133200
vn -0.03858300 0.07535900 0.05321900
vn -0.03131600 0.07757500 0.05478500
vn -0.02392700 0.07931100 0.05601100
vn -0.01641900 0.08057600 0.05690300
vn -0.00879000 0.08136800 0.05746300
vn -0.09936800 0.00855200 0.00726600
vn -0.09750500 0.01691800 0.01437400
vn -0.09573400 0.02202200 0.01871000
vn -0.09348700 0.02705400 0.02298500
vn -0.09076600 0.03198600 0.02717500
vn -0.08762700 0.03671900 0.03119700
vn -0.08408600 0.04124800 0.03504500
vn -0.08014700 0.04557600 0.03872100
vn -0.07580600 0.04970200 0.04222700
vn -0.07105800 0.05362200 0.04555700
vn -0.06506800 0.05786900 0.04916600
vn -0.05870600 0.06169400 0.05241600
vn -0.05233100 0.06494100 0.05517400
vn -0.04562500 0.06781500 0.05761500
vn -0.03858100 0.07030900 0.05973400
vn -0.03131300 0.07237600 0.06149100
vn -0.02392400 0.07399600 0.06286700
vn -0.01641500 0.07517500 0.06386900
vn -0.00878600 0.07591400 0.06449700
vn -0.09936800 0.00786500 0.00800300
vn -0.09750500 0.01555900 0.01583200
vn -0.09573500 0.02025200 0.02060800
vn -0.09348800 0.02488000 0.02531600
vn -0.09076800 0.02941600 0.02993200
vn -0.08762900 0.03376900 0.03436200
vn -0.08408900 0.03793500 0.03860100
vn -0.08015000 0.04191500 0.04265100
vn -0.07581000 0.04571000 0.04651200
vn -0.07106200 0.04931600 0.05018200
vn -0.06507200 0.05322300 0.05415700
vn -0.05871000 0.05674100 0.05773700
vn -0.05233500 0.05972800 0.06077600
vn -0.04562800 0.06237100 0.06346600
vn -0.03858300 0.06466600 0.06580100
vn -0.03131400 0.06656800 0.06773600
vn -0.02392400 0.06805700 0.06925200
vn -0.01641400 0.06914200 0.07035600
vn -0.00878300 0.06982200 0.07104800
vn -0.09750600 0.01405300 0.01717800
vn -0.09573600 0.01829200 0.02236000
vn -0.09349100 0.02247200 0.02746900
vn -0.09077100 0.02656900 0.03247700
vn -0.08763300 0.03050100 0.03728400
vn -0.08409300 0.03426400 0.04188400
vn -0.08015500 0.03786000 0.04627900
vn -0.07581600 0.04128800 0.05047000
vn -0.07106800 0.04454600 0.05445200
vn -0.06507900 0.04807500 0.05876700
vn -0.05871600 0.05125400 0.06265300
vn -0.05234100 0.05395300 0.06595100
vn -0.04563300 0.05634200 0.06887100
vn -0.03858700 0.05841500 0.07140600
vn -0.03131700 0.06013300 0.07350600
vn -0.02392500 0.06148000 0.07515200
vn -0.01641400 0.06246000 0.07635000
vn -0.09936900 0.00537400 0.00984800
vn -0.09750600 0.01063000 0.01948200
vn -0.09573600 0.01383700 0.02535900
vn -0.09349100 0.01699900 0.03115400
vn -0.09077100 0.02009900 0.03683400
vn -0.08763300 0.02307400 0.04228600
vn -0.08409300 0.02592000 0.04750300
vn -0.08015500 0.02864000 0.05248700
vn -0.07581500 0.03123400 0.05724000
vn -0.07106700 0.03369800 0.06175700
vn -0.06507700 0.03636900 0.06665000
vn -0.05871500 0.03877300 0.07105800
vn -0.05233900 0.04081500 0.07479800
vn -0.04563100 0.04262200 0.07811000
vn -0.03858400 0.04419000 0.08098400
vn -0.03131400 0.04549000 0.08336700
vn -0.02392100 0.04650900 0.08523300
vn -0.01640900 0.04725000 0.08659200
vn -0.00877600 0.04771500 0.08744300
vn -0.00877900 0.05564800 0.08262100
vn -0.01641300 0.05510600 0.08181600
vn -0.02392600 0.05424100 0.08053200
vn -0.03131800 0.05305300 0.07876900
vn -0.03858900 0.05153700 0.07651700
vn -0.04563600 0.04970700 0.07380100
vn -0.05234400 0.04759900 0.07067100
vn -0.05872000 0.04521800 0.06713600
vn -0.06508200 0.04241300 0.06297200
vn -0.07107100 0.03929900 0.05834800
vn -0.07581900 0.03642500 0.05408000
vn -0.08015800 0.03340000 0.04958900
vn -0.08409600 0.03022800 0.04487900
vn -0.08763500 0.02690800 0.03995000
vn -0.09077300 0.02343800 0.03479900
vn -0.09349200 0.01982400 0.02943300
vn -0.09573700 0.01613600 0.02395800
vn -0.09750700 0.01239700 0.01840600
vn -0.09936900 0.00626600 0.00930400
vn -0.09936800 0.00445400 0.01029900
vn -0.09750500 0.00881200 0.02037400
vn -0.09573500 0.01147000 0.02652000
vn -0.09348800 0.01409100 0.03258000
vn -0.09076700 0.01666000 0.03851900
vn -0.08762800 0.01912600 0.04422000
vn -0.08408800 0.02148500 0.04967500
vn -0.08014900 0.02374000 0.05488800
vn -0.07580800 0.02588900 0.05985700
vn -0.07105900 0.02793100 0.06457900
vn -0.06506900 0.03014400 0.06969500
vn -0.05870600 0.03213700 0.07430200
vn -0.05233000 0.03382800 0.07821300
vn -0.04562200 0.03532600 0.08167500
vn -0.03857600 0.03662500 0.08467900
vn -0.03130600 0.03770200 0.08716900
vn -0.02391500 0.03854600 0.08912000
vn -0.01640400 0.03916000 0.09054000
vn -0.00877200 0.03954500 0.09142900
vn -0.09936800 0.00351100 0.01066000
vn -0.09750400 0.00694600 0.02108700
vn -0.09573300 0.00904100 0.02744800
vn -0.09348600 0.01110700 0.03371900
vn -0.09076500 0.01313200 0.03986600
vn -0.08762500 0.01507600 0.04576700
vn -0.08408300 0.01693500 0.05141200
vn -0.08014400 0.01871200 0.05680600
vn -0.07580300 0.02040600 0.06194800
vn -0.07105300 0.02201500 0.06683400
vn -0.06506200 0.02375900 0.07212800
vn -0.05869900 0.02533000 0.07689500
vn -0.05232300 0.02666200 0.08094100
vn -0.04561500 0.02784200 0.08452300
vn -0.03856900 0.02886600 0.08763100
vn -0.03130000 0.02971500 0.09020700
vn -0.02390900 0.03037900 0.09222500
vn -0.01639900 0.03086300 0.09369400
vn -0.00876900 0.03116600 0.09461400
vn -0.09936800 0.00254500 0.01093100
vn -0.09750400 0.00503400 0.02162400
vn -0.09573300 0.00655300 0.02814700
vn -0.09348600 0.00805000 0.03457800
vn -0.09076400 0.00951800 0.04088200
vn -0.08762400 0.01092600 0.04693200
vn -0.08408200 0.01227400 0.05272100
vn -0.08014200 0.01356200 0.05825200
vn -0.07580100 0.01479000 0.06352500
vn -0.07105200 0.01595600 0.06853500
vn -0.06506100 0.01722000 0.07396300
vn -0.05869700 0.01835800 0.07885200
vn -0.05232100 0.01932400 0.08300100
vn -0.04561300 0.02017900 0.08667300
vn -0.03856700 0.02092100 0.08986000
vn -0.03129800 0.02153600 0.09250200
vn -0.02390700 0.02201800 0.09457100
vn -0.01639800 0.02236800 0.09607700
vn -0.00876700 0.02258800 0.09702000
vn -0.09936800 0.00155500 0.01111400
vn -0.09750500 0.00307700 0.02198600
vn -0.09573400 0.00400500 0.02861800
vn -0.09348700 0.00492000 0.03515700
vn -0.09076600 0.00581700 0.04156700
vn -0.08762600 0.00667800 0.04771800
vn -0.08408500 0.00750200 0.05360500
vn -0.08014500 0.00828900 0.05922900
vn -0.07580400 0.00903900 0.06459100
vn -0.07105500 0.00975200 0.06968600
vn -0.06506400 0.01052500 0.07520600
vn -0.05870100 0.01122000 0.08017700
vn -0.05232400 0.01181100 0.08439600
vn -0.04561600 0.01233300 0.08813100
vn -0.03857000 0.01278700 0.09137200
vn -0.03130000 0.01316300 0.09405900
vn -0.02390900 0.01345700 0.09616300
vn -0.01639800 0.01367200 0.09769400
vn -0.00876700 0.01380600 0.09865400
vn -0.09936900 0.00054200 0.01120700
vn -0.09750600 0.00107300 0.02217000
vn -0.09573500 0.00139700 0.02885800
vn -0.09348900 0.00171600 0.03545200
vn -0.09076900 0.00202900 0.04191600
vn -0.08763000 0.00232900 0.04812000
vn -0.08409000 0.00261600 0.05405600
vn -0.08015100 0.00289100 0.05972900
vn -0.07581100 0.00315300 0.06513700
vn -0.07106200 0.00340100 0.07027600
vn -0.06507100 0.00367100 0.07584400
vn -0.05870800 0.00391300 0.08085800
vn -0.05233200 0.00411900 0.08511400
vn -0.04562300 0.00430200 0.08888200
vn -0.03857600 0.00446000 0.09215200
vn -0.03130500 0.00459100 0.09486200
vn -0.02391300 0.00469400 0.09698500
vn -0.01640100 0.00476800 0.09853100
vn -0.00876800 0.00481500 0.09949800
vn -0.09936900 -0.00049400 0.01120800
vn -0.09750600 -0.00097600 0.02217100
vn -0.09573700 -0.00127100 0.02886000
vn -0.09349100 -0.00156100 0.03545500
vn -0.09077100 -0.00184600 0.04191900
vn -0.08763300 -0.00211900 0.04812400
vn -0.08409300 -0.00238100 0.05406100
vn -0.08015500 -0.00263100 0.05973500
vn -0.07581600 -0.00286900 0.06514400
vn -0.07106700 -0.00309500 0.07028400
vn -0.06507700 -0.00334100 0.07585400
vn -0.05871400 -0.00356200 0.08087000
vn -0.05233700 -0.00374900 0.08512800
vn -0.04562900 -0.00391500 0.08889700
vn -0.03858100 -0.00405900 0.09216800
vn -0.03131000 -0.00417900 0.09488000
vn -0.02391600 -0.00427200 0.09700400
vn -0.01640300 -0.00434000 0.09855000
vn -0.00876900 -0.00438300 0.09951800
vn -0.09936900 -0.00154100 0.01111300
vn -0.09750600 -0.00304900 0.02198400
vn -0.09573600 -0.00396800 0.02861500
vn -0.09349000 -0.00487500 0.03515400
vn -0.09077000 -0.00576400 0.04156400
vn -0.08763200 -0.00661700 0.04771600
vn -0.08409200 -0.00743400 0.05360300
vn -0.08015400 -0.00821400 0.05922800
vn -0.07581400 -0.00895700 0.06459100
vn -0.07106500 -0.00966400 0.06968700
vn -0.06507500 -0.01043000 0.07520900
vn -0.05871200 -0.01112000 0.08018200
vn -0.05233600 -0.01170500 0.08440400
vn -0.04562700 -0.01222300 0.08814100
vn -0.03858000 -0.01267300 0.09138400
vn -0.03130900 -0.01304600 0.09407200
vn -0.02391600 -0.01333800 0.09617800
vn -0.01640300 -0.01355000 0.09771000
vn -0.00876900 -0.01368300 0.09867100
vn -0.09936800 -0.00255500 0.01092700
vn -0.09750500 -0.00505500 0.02161600
vn -0.09573400 -0.00657900 0.02813600
vn -0.09348800 -0.00808300 0.03456500
vn -0.09076700 -0.00955600 0.04086700
vn -0.08762800 -0.01097100 0.04691500
vn -0.08408700 -0.01232400 0.05270200
vn -0.08014700 -0.01361700 0.05823200
vn -0.07580700 -0.01485000 0.06350400
vn -0.07105800 -0.01602100 0.06851400
vn -0.06506700 -0.01729100 0.07394100
vn -0.05870400 -0.01843400 0.07882900
vn -0.05232700 -0.01940400 0.08297800
vn -0.04561900 -0.02026300 0.08665100
vn -0.03857300 -0.02100800 0.08983800
vn -0.03130300 -0.02162600 0.09248000
vn -0.02391100 -0.02210900 0.09454900
vn -0.01640000 -0.02246100 0.09605500
vn -0.00876800 -0.02268200 0.09699800
vn -0.09936800 -0.00353100 0.01065400
vn -0.09750400 -0.00698500 0.02107600
vn -0.09573300 -0.00909100 0.02743400
vn -0.09348500 -0.01116900 0.03370200
vn -0.09076300 -0.01320500 0.03984600
vn -0.08762300 -0.01515900 0.04574200
vn -0.08408100 -0.01702900 0.05138400
vn -0.08014100 -0.01881500 0.05677500
vn -0.07580000 -0.02051800 0.06191400
vn -0.07105000 -0.02213600 0.06679700
vn -0.06505900 -0.02388900 0.07208800
vn -0.05869600 -0.02546800 0.07685200
vn -0.05232000 -0.02680800 0.08089500
vn -0.04561200 -0.02799400 0.08447400
vn -0.03856700 -0.02902300 0.08758000
vn -0.03129800 -0.02987700 0.09015500
vn -0.02390700 -0.03054500 0.09217100
vn -0.01639800 -0.03103100 0.09363900
vn -0.00876800 -0.03133600 0.09455800
vn -0.09936800 -0.00446800 0.01029700
vn -0.09750300 -0.00883900 0.02037100
vn -0.09573200 -0.01150500 0.02651500
vn -0.09348400 -0.01413400 0.03257300
vn -0.09076200 -0.01671000 0.03851100
vn -0.08762100 -0.01918300 0.04421000
vn -0.08407900 -0.02154900 0.04966300
vn -0.08013800 -0.02380900 0.05487200
vn -0.07579700 -0.02596400 0.05983900
vn -0.07104700 -0.02801200 0.06455800
vn -0.06505600 -0.03023000 0.06967000
vn -0.05869300 -0.03222700 0.07427400
vn -0.05231600 -0.03392300 0.07818100
vn -0.04560900 -0.03542300 0.08163900
vn -0.03856400 -0.03672600 0.08464100
vn -0.03129600 -0.03780500 0.08712800
vn -0.02390700 -0.03865000 0.08907700
vn -0.01639800 -0.03926600 0.09049500
vn -0.00876900 -0.03965100 0.09138300
vn -0.09936800 -0.00536800 0.00985800
vn -0.09750400 -0.01061800 0.01950100
vn -0.09573200 -0.01382100 0.02538300
vn -0.09348500 -0.01697900 0.03118200
vn -0.09076300 -0.02007400 0.03686700
vn -0.08762300 -0.02304500 0.04232200
vn -0.08408100 -0.02588700 0.04754200
vn -0.08014000 -0.02860300 0.05253000
vn -0.07579900 -0.03119200 0.05728500
vn -0.07104900 -0.03365200 0.06180200
vn -0.06505900 -0.03631700 0.06669700
vn -0.05869600 -0.03871700 0.07110400
vn -0.05232000 -0.04075400 0.07484500
vn -0.04561300 -0.04255700 0.07815600
vn -0.03856800 -0.04412200 0.08103000
vn -0.03129900 -0.04541900 0.08341200
vn -0.02391000 -0.04643400 0.08527700
vn -0.01640100 -0.04717400 0.08663500
vn -0.00877200 -0.04763700 0.08748600
vn -0.09936800 -0.00622900 0.00933400
vn -0.09750500 -0.01232300 0.01846500
vn -0.09573400 -0.01604000 0.02403500
vn -0.09348700 -0.01970500 0.02952700
vn -0.09076600 -0.02329700 0.03491000
vn -0.08762700 -0.02674500 0.04007700
vn -0.08408600 -0.03004400 0.04502100
vn -0.08014700 -0.03319600 0.04974400
vn -0.07580600 -0.03620200 0.05424800
vn -0.07105700 -0.03905700 0.05852700
vn -0.06506700 -0.04215100 0.06316300
vn -0.05870500 -0.04493800 0.06733800
vn -0.05232900 -0.04730200 0.07088100
vn -0.04562100 -0.04939600 0.07401800
vn -0.03857600 -0.05121300 0.07674100
vn -0.03130700 -0.05271900 0.07899700
vn -0.02391700 -0.05389800 0.08076500
vn -0.01640700 -0.05475700 0.08205200
vn -0.00877600 -0.05529500 0.08285800
vn -0.09936900 -0.00783200 0.00803000
vn -0.09750700 -0.01549400 0.01588500
vn -0.09573800 -0.02016800 0.02067700
vn -0.09349200 -0.02477700 0.02540200
vn -0.09077300 -0.02929400 0.03003400
vn -0.08763600 -0.03363000 0.03448000
vn -0.08409700 -0.03778000 0.03873400
vn -0.08016000 -0.04174500 0.04279900
vn -0.07582100 -0.04552500 0.04667500
vn -0.07107400 -0.04911800 0.05035800
vn -0.06508500 -0.05301000 0.05434900
vn -0.05872300 -0.05651600 0.05794400
vn -0.05234800 -0.05949200 0.06099500
vn -0.04564000 -0.06212700 0.06369600
vn -0.03859400 -0.06441400 0.06604100
vn -0.03132400 -0.06631000 0.06798400
vn -0.02393100 -0.06779500 0.06950700
vn -0.01641900 -0.06887600 0.07061500
vn -0.00878600 -0.06955300 0.07131000
vn -0.01641400 -0.06200300 0.07672200
vn -0.02392500 -0.06103000 0.07551800
vn -0.03131700 -0.05969300 0.07386500
vn -0.03858700 -0.05798700 0.07175400
vn -0.04563300 -0.05592900 0.06920700
vn -0.05234000 -0.05355800 0.06627300
vn -0.05871600 -0.05087900 0.06295800
vn -0.06507800 -0.04772300 0.05905300
vn -0.07106700 -0.04422000 0.05471800
vn -0.07581500 -0.04098600 0.05071700
vn -0.08015500 -0.03758300 0.04650500
vn -0.08409300 -0.03401300 0.04208900
vn -0.08763300 -0.03027800 0.03746600
vn -0.09077100 -0.02637400 0.03263600
vn -0.09349000 -0.02230700 0.02760300
vn -0.09573600 -0.01815800 0.02246900
vn -0.09750600 -0.01395000 0.01726200
vn -0.09936900 -0.00854800 0.00726400
vn -0.09750700 -0.01691100 0.01437000
vn -0.09573700 -0.02201200 0.01870500
vn -0.09349100 -0.02704300 0.02297900
vn -0.09077200 -0.03197300 0.02716900
vn -0.08763500 -0.03670600 0.03119000
vn -0.08409500 -0.04123400 0.03503800
vn -0.08015800 -0.04556100 0.03871500
vn -0.07581900 -0.04968700 0.04222100
vn -0.07107100 -0.05360800 0.04555300
vn -0.06508300 -0.05785600 0.04916200
vn -0.05872100 -0.06168200 0.05241300
vn -0.05234600 -0.06492900 0.05517300
vn -0.04563900 -0.06780500 0.05761600
vn -0.03859300 -0.07030000 0.05973700
vn -0.03132400 -0.07236900 0.06149500
vn -0.02393200 -0.07398900 0.06287200
vn -0.01642100 -0.07516900 0.06387400
vn -0.00878900 -0.07590900 0.06450300
vn -0.09936900 -0.00917800 0.00645400
vn -0.09750600 -0.01815600 0.01276800
vn -0.09573500 -0.02363300 0.01662000
vn -0.09348900 -0.02903300 0.02041700
vn -0.09076900 -0.03432600 0.02414000
vn -0.08763100 -0.03940700 0.02771300
vn -0.08409100 -0.04426800 0.03113100
vn -0.08015200 -0.04891300 0.03439800
vn -0.07581300 -0.05334100 0.03751200
vn -0.07106500 -0.05754900 0.04047100
vn -0.06507600 -0.06210800 0.04367700
vn -0.05871400 -0.06621400 0.04656500
vn -0.05234000 -0.06969900 0.04901600
vn -0.04563300 -0.07278500 0.05118600
vn -0.03858900 -0.07546300 0.05306900
vn -0.03132100 -0.07768200 0.05463000
vn -0.02393100 -0.07942100 0.05585300
vn -0.01642200 -0.08068800 0.05674400
vn -0.00879100 -0.08148100 0.05730200
vn -0.09936800 -0.00972300 0.00560400
vn -0.09750500 -0.01923300 0.01108600
vn -0.09573400 -0.02503500 0.01443100
vn -0.09348700 -0.03075500 0.01772800
vn -0.09076600 -0.03636200 0.02096000
vn -0.08762700 -0.04174300 0.02406100
vn -0.08408700 -0.04689200 0.02702900
vn -0.08014800 -0.05181200 0.02986500
vn -0.07580800 -0.05650200 0.03256900
vn -0.07105900 -0.06095900 0.03513700
vn -0.06507000 -0.06578700 0.03792000
vn -0.05870900 -0.07013500 0.04042700
vn -0.05233500 -0.07382600 0.04255400
vn -0.04562900 -0.07709300 0.04443700
vn -0.03858600 -0.07992800 0.04607200
vn -0.03131900 -0.08227900 0.04742700
vn -0.02393000 -0.08412000 0.04848800
vn -0.01642300 -0.08546100 0.04926100
vn -0.00879400 -0.08630200 0.04974600
vn -0.09936800 -0.01018400 0.00471500
vn -0.09750500 -0.02014600 0.00932700
vn -0.09573400 -0.02622300 0.01214100
vn -0.09348700 -0.03221500 0.01491500
vn -0.09076600 -0.03808700 0.01763300
vn -0.08762700 -0.04372400 0.02024300
vn -0.08408600 -0.04911700 0.02274000
vn -0.08014700 -0.05427000 0.02512500
vn -0.07580700 -0.05918200 0.02740000
vn -0.07105900 -0.06385000 0.02956100
vn -0.06507000 -0.06890700 0.03190200
vn -0.05870900 -0.07346100 0.03401100
vn -0.05233500 -0.07732700 0.03580000
vn -0.04563000 -0.08074900 0.03738400
vn -0.03858700 -0.08371800 0.03875900
vn -0.03132100 -0.08618000 0.03989900
vn -0.02393300 -0.08810900 0.04079200
vn -0.01642600 -0.08951400 0.04144200
vn -0.00879900 -0.09039400 0.04185000
vn -0.09936800 -0.01056300 0.00378700
vn -0.09750500 -0.02089600 0.00749100
vn -0.09573500 -0.02719900 0.00975100
vn -0.09348800 -0.03341300 0.01197800
vn -0.09076800 -0.03950500 0.01416200
vn -0.08762900 -0.04535100 0.01625800
vn -0.08408900 -0.05094600 0.01826400
vn -0.08015100 -0.05629100 0.02018000
vn -0.07581200 -0.06138700 0.02200700
vn -0.07106400 -0.06622900 0.02374200
vn -0.06507600 -0.07147500 0.02562300
vn -0.05871500 -0.07619900 0.02731700
vn -0.05234100 -0.08020900 0.02875400
vn -0.04563600 -0.08376000 0.03002700
vn -0.03859400 -0.08684100 0.03113200
vn -0.03132700 -0.08939500 0.03204700
vn -0.02394000 -0.09139700 0.03276500
vn -0.01643300 -0.09285400 0.03328700
vn -0.00880400 -0.09376800 0.03361500
vn -0.09936900 -0.01085800 0.00281900
vn -0.09750600 -0.02148000 0.00557700
vn -0.09573700 -0.02796000 0.00725900
vn -0.09349100 -0.03434900 0.00891800
vn -0.09077200 -0.04061100 0.01054400
vn -0.08763500 -0.04662200 0.01210500
vn -0.08409600 -0.05237400 0.01359800
vn -0.08015800 -0.05787000 0.01502500
vn -0.07582000 -0.06311000 0.01638500
vn -0.07107300 -0.06808900 0.01767800
vn -0.06508600 -0.07348300 0.01907900
vn -0.05872600 -0.07834200 0.02034000
vn -0.05235300 -0.08246700 0.02141100
vn -0.04564800 -0.08611800 0.02235900
vn -0.03860500 -0.08928800 0.02318200
vn -0.03133800 -0.09191500 0.02386400
vn -0.02394900 -0.09397400 0.02439900
vn -0.01644100 -0.09547400 0.02478800
vn -0.00881100 -0.09641400 0.02503200
vn -0.09936900 -0.01106800 0.00181200
vn -0.09750800 -0.02189500 0.00358500
vn -0.09573900 -0.02850000 0.00466600
vn -0.09349400 -0.03501300 0.00573200
vn -0.09077600 -0.04139700 0.00677800
vn -0.08764000 -0.04752500 0.00778100
vn -0.08410200 -0.05338900 0.00874100
vn -0.08016600 -0.05899200 0.00965800
vn -0.07582900 -0.06433500 0.01053300
vn -0.07108400 -0.06941200 0.01136400
vn -0.06509700 -0.07491300 0.01226500
vn -0.05873800 -0.07986800 0.01307600
vn -0.05236500 -0.08407400 0.01376500
vn -0.04565900 -0.08779900 0.01437400
vn -0.03861600 -0.09103100 0.01490300
vn -0.03134800 -0.09371200 0.01534200
vn -0.02395900 -0.09581200 0.01568600
vn -0.01644900 -0.09734200 0.01593700
vn -0.00881900 -0.09830200 0.01609400
vn -0.09936900 -0.01118800 0.00076700
vn -0.09750800 -0.02213300 0.00151700
vn -0.09574000 -0.02880900 0.00197500
vn -0.09349600 -0.03539300 0.00242600
vn -0.09077800 -0.04184600 0.00286800
vn -0.08764300 -0.04804100 0.00329300
vn -0.08410500 -0.05396900 0.00369900
vn -0.08017000 -0.05963300 0.00408700
vn -0.07583300 -0.06503400 0.00445800
vn -0.07108800 -0.07016700 0.00480900
vn -0.06510200 -0.07572800 0.00519100
vn -0.05874300 -0.08073800 0.00553400
vn -0.05237000 -0.08499100 0.00582600
vn -0.04566500 -0.08875600 0.00608400
vn -0.03862200 -0.09202500 0.00630800
vn -0.03135500 -0.09473500 0.00649300
vn -0.02396500 -0.09685900 0.00663900
vn -0.01645600 -0.09840600 0.00674500
vn -0.00882500 -0.09937700 0.00681200
vn -0.09936900 -0.01121200 -0.00027500
vn -0.09750700 -0.02218100 -0.00054500
vn -0.09573900 -0.02887200 -0.00070900
vn -0.09349400 -0.03547000 -0.00087100
vn -0.09077600 -0.04193700 -0.00103000
vn -0.08764000 -0.04814500 -0.00118200
vn -0.08410200 -0.05408400 -0.00132800
vn -0.08016600 -0.05976000 -0.00146800
vn -0.07582900 -0.06517200 -0.00160100
vn -0.07108300 -0.07031500 -0.00172700
vn -0.06509700 -0.07588700 -0.00186400
vn -0.05873900 -0.08090600 -0.00198700
vn -0.05236600 -0.08516700 -0.00209200
vn -0.04566200 -0.08893900 -0.00218400
vn -0.03862000 -0.09221400 -0.00226500
vn -0.03135400 -0.09492900 -0.00233100
vn -0.02396600 -0.09705700 -0.00238400
vn -0.01645800 -0.09860700 -0.00242200
vn -0.00882900 -0.09957900 -0.00244600
vn -0.09936900 -0.01114400 -0.00129300
vn -0.09750600 -0.02204500 -0.00255900
vn -0.09573700 -0.02869400 -0.00333100
vn -0.09349100 -0.03525100 -0.00409200
vn -0.09077200 -0.04167800 -0.00483800
vn -0.08763500 -0.04784600 -0.00555400
vn -0.08409600 -0.05374800 -0.00623900
vn -0.08015900 -0.05938800 -0.00689300
vn -0.07582200 -0.06476500 -0.00751800
vn -0.07107600 -0.06987400 -0.00811100
vn -0.06509000 -0.07541000 -0.00875300
vn -0.05873100 -0.08039600 -0.00933200
vn -0.05235900 -0.08462900 -0.00982300
vn -0.04565600 -0.08837600 -0.01025800
vn -0.03861500 -0.09162800 -0.01063600
vn -0.03135100 -0.09432500 -0.01094900
vn -0.02396400 -0.09643900 -0.01119400
vn -0.01645800 -0.09797800 -0.01137300
vn -0.00883200 -0.09894500 -0.01148500
vn -0.09936900 -0.01098500 -0.00228700
vn -0.09750600 -0.02173000 -0.00452400
vn -0.09573600 -0.02828500 -0.00588800
vn -0.09348900 -0.03474800 -0.00723400
vn -0.09077000 -0.04108200 -0.00855300
vn -0.08763200 -0.04716200 -0.00981800
vn -0.08409300 -0.05297900 -0.01103000
vn -0.08015500 -0.05853700 -0.01218700
vn -0.07581700 -0.06383700 -0.01329000
vn -0.07107100 -0.06887200 -0.01433800
vn -0.06508500 -0.07432700 -0.01547400
vn -0.05872600 -0.07924100 -0.01649700
vn -0.05235500 -0.08341100 -0.01736500
vn -0.04565200 -0.08710400 -0.01813400
vn -0.03861300 -0.09030800 -0.01880100
vn -0.03134900 -0.09296600 -0.01935400
vn -0.02396400 -0.09504800 -0.01978800
vn -0.01646000 -0.09656600 -0.02010400
vn -0.00883500 -0.09751800 -0.02030200
vn -0.09936900 -0.01040300 -0.00420000
vn -0.09750600 -0.02057900 -0.00830800
vn -0.09573700 -0.02678600 -0.01081400
vn -0.09349100 -0.03290700 -0.01328500
vn -0.09077200 -0.03890600 -0.01570700
vn -0.08763500 -0.04466400 -0.01803200
vn -0.08409700 -0.05017400 -0.02025600
vn -0.08016000 -0.05543800 -0.02238200
vn -0.07582300 -0.06045700 -0.02440800
vn -0.07107800 -0.06522600 -0.02633400
vn -0.06509300 -0.07039400 -0.02842000
vn -0.05873500 -0.07504800 -0.03029900
vn -0.05236400 -0.07899800 -0.03189400
vn -0.04566200 -0.08249600 -0.03330600
vn -0.03862300 -0.08553300 -0.03453200
vn -0.03136000 -0.08805000 -0.03554800
vn -0.02397600 -0.09002300 -0.03634500
vn -0.01647200 -0.09146200 -0.03692500
vn -0.00884600 -0.09236500 -0.03729000
vn -0.00884000 -0.09533400 -0.02886800
vn -0.01646500 -0.09440200 -0.02858600
vn -0.02396800 -0.09291800 -0.02813700
vn -0.03135200 -0.09088300 -0.02752000
vn -0.03861500 -0.08828500 -0.02673400
vn -0.04565400 -0.08515200 -0.02578500
vn -0.05235600 -0.08154200 -0.02469200
vn -0.05872700 -0.07746500 -0.02345700
vn -0.06508500 -0.07266200 -0.02200300
vn -0.07107100 -0.06732900 -0.02038800
vn -0.07581700 -0.06240700 -0.01889800
vn -0.08015500 -0.05722600 -0.01732900
vn -0.08409300 -0.05179300 -0.01568300
vn -0.08763200 -0.04610600 -0.01396100
vn -0.09077000 -0.04016200 -0.01216200
vn -0.09348900 -0.03397000 -0.01028600
vn -0.09573600 -0.02765100 -0.00837300
vn -0.09750600 -0.02124400 -0.00643300
vn -0.09936900 -0.01073900 -0.00325200
vn -0.09936900 -0.00997900 -0.00511900
vn -0.09750800 -0.01974100 -0.01012700
vn -0.09573900 -0.02569500 -0.01318200
vn -0.09349500 -0.03156700 -0.01619400
vn -0.09077700 -0.03732200 -0.01914700
vn -0.08764100 -0.04284700 -0.02198100
vn -0.08410400 -0.04813300 -0.02469300
vn -0.08016900 -0.05318400 -0.02728400
vn -0.07583300 -0.05800000 -0.02975500
vn -0.07108900 -0.06257700 -0.03210300
vn -0.06510400 -0.06753600 -0.03464700
vn -0.05874700 -0.07200200 -0.03693800
vn -0.05237700 -0.07579400 -0.03888300
vn -0.04567500 -0.07915200 -0.04060600
vn -0.03863500 -0.08206600 -0.04210100
vn -0.03137100 -0.08448300 -0.04334100
vn -0.02398600 -0.08637800 -0.04431300
vn -0.01648000 -0.08775800 -0.04502100
vn -0.00885400 -0.08862500 -0.04546600
vn -0.09936900 -0.00946400 -0.00601200
vn -0.09750900 -0.01872200 -0.01189400
vn -0.09574100 -0.02437000 -0.01548200
vn -0.09349800 -0.02993900 -0.01902000
vn -0.09078100 -0.03539800 -0.02248800
vn -0.08764700 -0.04063800 -0.02581700
vn -0.08411100 -0.04565300 -0.02900300
vn -0.08017700 -0.05044400 -0.03204700
vn -0.07584200 -0.05501300 -0.03494900
vn -0.07109900 -0.05935500 -0.03770800
vn -0.06511600 -0.06406000 -0.04069700
vn -0.05875900 -0.06829900 -0.04338900
vn -0.05238900 -0.07189700 -0.04567500
vn -0.04568700 -0.07508300 -0.04769900
vn -0.03864700 -0.07784900 -0.04945700
vn -0.03138200 -0.08014300 -0.05091400
vn -0.02399500 -0.08194100 -0.05205600
vn -0.01648900 -0.08325200 -0.05288900
vn -0.00886000 -0.08407500 -0.05341200
vn -0.09937000 -0.00885700 -0.00687400
vn -0.09751000 -0.01752100 -0.01359800
vn -0.09574200 -0.02280700 -0.01770000
vn -0.09349900 -0.02801800 -0.02174500
vn -0.09078300 -0.03312700 -0.02571100
vn -0.08764900 -0.03803100 -0.02951700
vn -0.08411400 -0.04272400 -0.03315900
vn -0.08018000 -0.04720900 -0.03663900
vn -0.07584600 -0.05148500 -0.03995800
vn -0.07110300 -0.05554900 -0.04311200
vn -0.06512000 -0.05995300 -0.04653000
vn -0.05876400 -0.06392000 -0.04960900
vn -0.05239400 -0.06728800 -0.05222300
vn -0.04569200 -0.07027000 -0.05453800
vn -0.03865200 -0.07285900 -0.05654700
vn -0.03138800 -0.07500700 -0.05821400
vn -0.02400100 -0.07669000 -0.05952000
vn -0.01649400 -0.07791700 -0.06047200
vn -0.00886500 -0.07868800 -0.06107100
vn -0.09936900 -0.00818200 -0.00766700
vn -0.09750900 -0.01618700 -0.01516700
vn -0.09574100 -0.02107000 -0.01974200
vn -0.09349700 -0.02588500 -0.02425400
vn -0.09078000 -0.03060400 -0.02867600
vn -0.08764600 -0.03513500 -0.03292000
vn -0.08411000 -0.03947000 -0.03698200
vn -0.08017600 -0.04361200 -0.04086400
vn -0.07584100 -0.04756200 -0.04456500
vn -0.07109800 -0.05131500 -0.04808200
vn -0.06511500 -0.05538300 -0.05189300
vn -0.05875900 -0.05904600 -0.05532600
vn -0.05238900 -0.06215700 -0.05824000
vn -0.04568800 -0.06491100 -0.06082100
vn -0.03864900 -0.06730200 -0.06306100
vn -0.03138500 -0.06928500 -0.06491900
vn -0.02400000 -0.07084000 -0.06637600
vn -0.01649500 -0.07197300 -0.06743800
vn -0.00886800 -0.07268500 -0.06810500
vn -0.09936900 -0.00745400 -0.00838000
vn -0.09750800 -0.01474600 -0.01657800
vn -0.09573900 -0.01919400 -0.02157800
vn -0.09349500 -0.02358000 -0.02650900
vn -0.09077700 -0.02787900 -0.03134200
vn -0.08764100 -0.03200600 -0.03598100
vn -0.08410400 -0.03595400 -0.04042000
vn -0.08016900 -0.03972700 -0.04466200
vn -0.07583400 -0.04332500 -0.04870600
vn -0.07109000 -0.04674300 -0.05254900
vn -0.06510600 -0.05044700 -0.05671200
vn -0.05875100 -0.05378300 -0.06046300
vn -0.05238100 -0.05661500 -0.06364700
vn -0.04568100 -0.05912300 -0.06646600
vn -0.03864300 -0.06130000 -0.06891400
vn -0.03138100 -0.06310500 -0.07094400
vn -0.02399700 -0.06452000 -0.07253500
vn -0.01649400 -0.06555200 -0.07369500
vn -0.00886900 -0.06620000 -0.07442300
vn -0.09936900 -0.00667500 -0.00901500
vn -0.09750700 -0.01320500 -0.01783400
vn -0.09573800 -0.01718800 -0.02321400
vn -0.09349300 -0.02111500 -0.02851800
vn -0.09077400 -0.02496400 -0.03371700
vn -0.08763800 -0.02865900 -0.03870700
vn -0.08410000 -0.03219400 -0.04348200
vn -0.08016500 -0.03557200 -0.04804400
vn -0.07582900 -0.03879300 -0.05239400
vn -0.07108500 -0.04185300 -0.05652700
vn -0.06510100 -0.04516900 -0.06100600
vn -0.05874500 -0.04815500 -0.06503900
vn -0.05237600 -0.05069000 -0.06846300
vn -0.04567600 -0.05293500 -0.07149500
vn -0.03863900 -0.05488400 -0.07412700
vn -0.03137800 -0.05650000 -0.07631000
vn -0.02399600 -0.05776600 -0.07802100
vn -0.01649400 -0.05869000 -0.07926800
vn -0.00887100 -0.05927000 -0.08005200
vn -0.09936900 -0.00584600 -0.00957400
vn -0.09750700 -0.01156500 -0.01893900
vn -0.09573800 -0.01505300 -0.02465200
vn -0.09349300 -0.01849200 -0.03028500
vn -0.09077400 -0.02186400 -0.03580600
vn -0.08763800 -0.02509900 -0.04110500
vn -0.08410000 -0.02819500 -0.04617600
vn -0.08016500 -0.03115400 -0.05102000
vn -0.07582900 -0.03397400 -0.05564000
vn -0.07108500 -0.03665400 -0.06002900
vn -0.06510100 -0.03955800 -0.06478400
vn -0.05874500 -0.04217400 -0.06906800
vn -0.05237700 -0.04439400 -0.07270400
vn -0.04567700 -0.04636000 -0.07592300
vn -0.03864000 -0.04806600 -0.07871800
vn -0.03138000 -0.04948200 -0.08103600
vn -0.02399800 -0.05059100 -0.08285300
vn -0.01649600 -0.05140000 -0.08417800
vn -0.00887400 -0.05190900 -0.08501000
vn -0.09936900 -0.00496700 -0.01005600
vn -0.09750700 -0.00982600 -0.01989300
vn -0.09573900 -0.01279000 -0.02589400
vn -0.09349400 -0.01571300 -0.03181000
vn -0.09077600 -0.01857800 -0.03761000
vn -0.08764100 -0.02132700 -0.04317600
vn -0.08410400 -0.02395800 -0.04850300
vn -0.08016900 -0.02647200 -0.05359200
vn -0.07583400 -0.02886900 -0.05844500
vn -0.07109000 -0.03114700 -0.06305600
vn -0.06510700 -0.03361500 -0.06805200
vn -0.05875200 -0.03583800 -0.07255200
vn -0.05238400 -0.03772500 -0.07637300
vn -0.04568400 -0.03939600 -0.07975600
vn -0.03864700 -0.04084600 -0.08269200
vn -0.03138600 -0.04204900 -0.08512800
vn -0.02400300 -0.04299300 -0.08703700
vn -0.01650100 -0.04368000 -0.08842900
vn -0.00887800 -0.04411300 -0.08930400
vn -0.09936900 -0.00379400 -0.01055000
vn -0.09750900 -0.00750600 -0.02087200
vn -0.09574200 -0.00977100 -0.02716800
vn -0.09349800 -0.01200400 -0.03337600
vn -0.09078200 -0.01419200 -0.03946200
vn -0.08764800 -0.01629300 -0.04530300
vn -0.08411200 -0.01830300 -0.05089300
vn -0.08017900 -0.02022400 -0.05623400
vn -0.07584500 -0.02205600 -0.06132800
vn -0.07110300 -0.02379700 -0.06616800
vn -0.06512000 -0.02568300 -0.07141200
vn -0.05876600 -0.02738200 -0.07613700
vn -0.05239700 -0.02882500 -0.08014800
vn -0.04569700 -0.03010200 -0.08370000
vn -0.03865900 -0.03121100 -0.08678300
vn -0.03139700 -0.03213100 -0.08934100
vn -0.02401300 -0.03285200 -0.09134600
vn -0.01650900 -0.03337800 -0.09280800
vn -0.00888300 -0.03370900 -0.09372700
vn -0.09937000 -0.00254200 -0.01091700
vn -0.09751000 -0.00502800 -0.02159800
vn -0.09574300 -0.00654500 -0.02811300
vn -0.09350100 -0.00804100 -0.03453800
vn -0.09078600 -0.00950700 -0.04083600
vn -0.08765300 -0.01091400 -0.04688100
vn -0.08411800 -0.01226100 -0.05266600
vn -0.08018600 -0.01354800 -0.05819500
vn -0.07585300 -0.01477600 -0.06346700
vn -0.07111100 -0.01594200 -0.06847600
vn -0.06513000 -0.01720600 -0.07390600
vn -0.05877600 -0.01834500 -0.07879700
vn -0.05240700 -0.01931100 -0.08294900
vn -0.04570700 -0.02016800 -0.08662700
vn -0.03866800 -0.02091100 -0.08981900
vn -0.03140500 -0.02152800 -0.09246800
vn -0.02402000 -0.02201100 -0.09454400
vn -0.01651400 -0.02236300 -0.09605800
vn -0.00888700 -0.02258500 -0.09701000
vn -0.09937000 -0.00127600 -0.01113600
vn -0.09751000 -0.00252500 -0.02203100
vn -0.09574400 -0.00328700 -0.02867700
vn -0.09350100 -0.00403800 -0.03523100
vn -0.09078600 -0.00477400 -0.04165500
vn -0.08765300 -0.00548100 -0.04782200
vn -0.08411900 -0.00615800 -0.05372300
vn -0.08018600 -0.00680400 -0.05936200
vn -0.07585300 -0.00742000 -0.06474000
vn -0.07111200 -0.00800600 -0.06985000
vn -0.06513000 -0.00864100 -0.07538800
vn -0.05877600 -0.00921300 -0.08037700
vn -0.05240800 -0.00969800 -0.08461300
vn -0.04570700 -0.01012800 -0.08836400
vn -0.03866900 -0.01050100 -0.09162100
vn -0.03140600 -0.01081100 -0.09432300
vn -0.02402100 -0.01105400 -0.09644100
vn -0.01651500 -0.01123100 -0.09798500
vn -0.00888800 -0.01134200 -0.09895600
vt -0.78033800 -1.12188600
vt -0.78033800 1.12188600
vt -0.72031200 -1.12188600
vt -0.72031200 1.12188600
vt -0.66028600 -1.12188600
vt -0.66028600 1.12188600
vt -0.60026000 1.12188600
vt -0.60026000 -1.12188600
vt -0.54023400 -1.12188600
vt -0.54023400 1.12188600
vt -0.48020800 1.12188600
vt -0.48020800 -1.12188600
vt -0.42018200 1.12188600
vt -0.42018200 -1.12188600
vt -0.36015600 1.12188600
vt -0.36015600 -1.12188600
vt -0.30013000 1.12188600
vt -0.30013000 -1.12188600
vt -0.24010400 1.12188600
vt -0.24010400 -1.12188600
vt -0.18007800 1.12188600
vt -0.18007800 -1.12188600
vt -0.12005200 1.12188600
vt -0.12005200 -1.12188600
vt -0.06002600 -1.12188600
vt -0.06002600 1.12188600
vt -0.00000000 -1.12188600
vt -0.00000000 1.12188600
vt -0.00000000 -1.08682700
vt -0.00000000 -1.05176800
vt -0.00000000 -1.01670900
vt -0.00000000 -0.98165200
vt -0.00000000 -0.94659300
vt -0.00000000 -0.91153000
vt -0.00000000 -0.87647100
vt -0.00000000 -0.84141400
vt -0.00000000 -0.80635900
vt 0.00000100 -0.77130000
vt 0.00000100 -0.73623600
vt -0.00000000 -0.70117400
vt -0.00000000 -0.66611900
vt -0.00000000 -0.63106300
vt -0.00000000 -0.59600800
vt 0.00000100 -0.56094500
vt 0.00000100 -0.52587900
vt -0.00000000 -0.49081900
vt -0.00000000 -0.45576600
vt -0.00000000 -0.42071400
vt 0.00000200 -0.38566300
vt 0.00000300 -0.35059800
vt 0.00000300 -0.31552500
vt 0.00000200 -0.28045700
vt -0.00000000 -0.24540300
vt -0.00000000 -0.21035400
vt -0.00000000 -0.17530200
vt 0.00000200 -0.14024800
vt 0.00000200 -0.10518200
vt 0.00000200 -0.07011000
vt 0.00000200 -0.03504600
vt -0.00000000 0.00000500
vt -0.00000000 0.03505800
vt 0.00000100 0.07010400
vt 0.00000300 0.10515900
vt 0.00000300 0.14023000
vt 0.00000300 0.17530600
vt 0.00000200 0.21037200
vt -0.00000000 0.24542200
vt -0.00000000 0.28047100
vt -0.00000000 0.31551900
vt 0.00000200 0.35057200
vt 0.00000300 0.38564000
vt 0.00000300 0.42071500
vt 0.00000200 0.45578400
vt -0.00000000 0.49083600
vt -0.00000000 0.52588400
vt -0.00000000 0.56093200
vt 0.00000200 0.59598100
vt 0.00000300 0.63104700
vt 0.00000400 0.66612400
vt 0.00000300 0.70119800
vt 0.00000200 0.73625500
vt -0.00000000 0.77130000
vt -0.00000000 0.80635100
vt 0.00000200 0.84139600
vt 0.00000300 0.87645500
vt 0.00000400 0.91153000
vt 0.00000300 0.94660600
vt 0.00000200 0.98167000
vt -0.00000000 1.01671700
vt -0.00000000 1.05176800
vt -0.00000000 1.08682700
vt -0.78033800 1.08682700
vt -0.78033800 1.05176800
vt -0.78033800 1.01671700
vt -0.78033600 0.98167000
vt -0.78033500 0.94660600
vt -0.78033400 0.91153000
vt -0.78033500 0.87645500
vt -0.78033600 0.84139600
vt -0.78033800 0.80635100
vt -0.78033800 0.77130000
vt -0.78033700 0.73625500
vt -0.78033500 0.70119800
vt -0.78033400 0.66612400
vt -0.78033500 0.63104700
vt -0.78033600 0.59598100
vt -0.78033700 0.56093200
vt -0.78033800 0.52588400
vt -0.78033700 0.49083600
vt -0.78033600 0.45578400
vt -0.78033500 0.42071500
vt -0.78033500 0.38564000
vt -0.78033600 0.35057200
vt -0.78033700 0.31551900
vt -0.78033800 0.28047100
vt -0.78033700 0.24542200
vt -0.78033600 0.21037200
vt -0.78033500 0.17530600
vt -0.78033500 0.14023000
vt -0.78033600 0.10515900
vt -0.78033700 0.07010400
vt -0.78033800 0.03505800
vt -0.78033800 0.00000500
vt -0.78033700 -0.03504600
vt -0.78033600 -0.07011000
vt -0.78033600 -0.10518200
vt -0.78033600 -0.14024800
vt -0.78033700 -0.17530200
vt -0.78033800 -0.21035400
vt -0.78033700 -0.24540300
vt -0.78033600 -0.28045700
vt -0.78033500 -0.31552500
vt -0.78033500 -0.35059800
vt -0.78033600 -0.38566300
vt -0.78033800 -0.42071400
vt -0.78033800 -0.45576600
vt -0.78033700 -0.49081900
vt -0.78033700 -0.52587900
vt -0.78033700 -0.56094500
vt -0.78033700 -0.59600800
vt -0.78033800 -0.63106300
vt -0.78033800 -0.66611900
vt -0.78033700 -0.70117400
vt -0.78033700 -0.73623600
vt -0.78033700 -0.77130000
vt -0.78033800 -0.80635900
vt -0.78033800 -0.84141400
vt -0.78033800 -0.87647100
vt -0.78033700 -0.91153000
vt -0.78033700 -0.94659300
vt -0.78033800 -0.98165200
vt -0.78033800 -1.01670900
vt -0.78033800 -1.05176800
vt -0.78033800 -1.08682700
vt -0.74173700 -0.69923500
vt -0.05599000 -0.69923500
vt -0.74173700 -0.24407300
vt -0.05599000 -0.24407300
vt -0.74173700 0.24360100
vt -0.05599000 0.24360100
vt -0.05599000 -1.08937400
vt -0.11198300 -1.08937400
vt -0.14675600 -1.08937400
vt -0.18153000 -1.08937400
vt -0.21630300 -1.08937400
vt -0.25107600 -1.08937400
vt -0.28584900 -1.08937400
vt -0.32062300 -1.08937400
vt -0.35539600 -1.08937400
vt -0.39016900 -1.08937400
vt -0.43084800 -1.08937400
vt -0.47152800 -1.08937400
vt -0.51012900 -1.08937400
vt -0.54873000 -1.08937400
vt -0.58733200 -1.08937400
vt -0.62593300 -1.08937400
vt -0.66453400 -1.08937400
vt -0.70313600 -1.08937400
vt -0.74173700 -1.08937400
vt -0.05599000 -1.05686300
vt -0.11198300 -1.05686300
vt -0.14675600 -1.05686300
vt -0.18153000 -1.05686300
vt -0.21630300 -1.05686300
vt -0.25107600 -1.05686300
vt -0.28584900 -1.05686300
vt -0.32062300 -1.05686300
vt -0.35539600 -1.05686300
vt -0.39016900 -1.05686300
vt -0.43084800 -1.05686300
vt -0.47152800 -1.05686300
vt -0.51012900 -1.05686300
vt -0.54873000 -1.05686300
vt -0.58733200 -1.05686300
vt -0.62593300 -1.05686300
vt -0.66453400 -1.05686300
vt -0.70313600 -1.05686300
vt -0.74173700 -1.05686300
vt -0.05599000 -1.02435100
vt -0.11198300 -1.02435100
vt -0.14675600 -1.02435100
vt -0.18153000 -1.02435100
vt -0.21630300 -1.02435100
vt -0.25107600 -1.02435100
vt -0.28584900 -1.02435100
vt -0.32062300 -1.02435100
vt -0.35539600 -1.02435100
vt -0.39016900 -1.02435100
vt -0.43084800 -1.02435100
vt -0.47152800 -1.02435100
vt -0.51012900 -1.02435100
vt -0.54873000 -1.02435100
vt -0.58733200 -1.02435100
vt -0.62593300 -1.02435100
vt -0.66453400 -1.02435100
vt -0.70313600 -1.02435100
vt -0.74173700 -1.02435100
vt -0.05599000 -0.99183900
vt -0.11198300 -0.99183900
vt -0.14675600 -0.99183900
vt -0.18153000 -0.99183900
vt -0.21630300 -0.99183900
vt -0.25107600 -0.99183900
vt -0.28584900 -0.99183900
vt -0.32062300 -0.99183900
vt -0.35539600 -0.99183900
vt -0.39016900 -0.99183900
vt -0.43084800 -0.99183900
vt -0.47152800 -0.99183900
vt -0.51012900 -0.99183900
vt -0.54873000 -0.99183900
vt -0.58733200 -0.99183900
vt -0.62593300 -0.99183900
vt -0.66453400 -0.99183900
vt -0.70313600 -0.99183900
vt -0.74173700 -0.99183900
vt -0.05599000 -0.95932800
vt -0.11198300 -0.95932800
vt -0.14675600 -0.95932800
vt -0.18153000 -0.95932800
vt -0.21630300 -0.95932800
vt -0.25107600 -0.95932800
vt -0.28584900 -0.95932800
vt -0.32062300 -0.95932800
vt -0.35539600 -0.95932800
vt -0.39016900 -0.95932800
vt -0.43084800 -0.95932800
vt -0.47152800 -0.95932800
vt -0.51012900 -0.95932800
vt -0.54873000 -0.95932800
vt -0.58733200 -0.95932800
vt -0.62593300 -0.95932800
vt -0.66453400 -0.95932800
vt -0.70313600 -0.95932800
vt -0.74173700 -0.95932800
vt -0.05599000 -0.92681600
vt -0.11198300 -0.92681600
vt -0.14675600 -0.92681600
vt -0.18153000 -0.92681600
vt -0.21630300 -0.92681600
vt -0.25107600 -0.92681600
vt -0.28584900 -0.92681600
vt -0.32062300 -0.92681600
vt -0.35539600 -0.92681600
vt -0.39016900 -0.92681600
vt -0.43084800 -0.92681600
vt -0.47152800 -0.92681600
vt -0.51012900 -0.92681600
vt -0.54873000 -0.92681600
vt -0.58733200 -0.92681600
vt -0.62593300 -0.92681600
vt -0.66453400 -0.92681600
vt -0.70313600 -0.92681600
vt -0.74173700 -0.92681600
vt -0.05599000 -0.89430500
vt -0.11198300 -0.89430500
vt -0.14675600 -0.89430500
vt -0.18153000 -0.89430500
vt -0.21630300 -0.89430500
vt -0.25107600 -0.89430500
vt -0.28584900 -0.89430500
vt -0.32062300 -0.89430500
vt -0.35539600 -0.89430500
vt -0.39016900 -0.89430500
vt -0.43084800 -0.89430500
vt -0.47152800 -0.89430500
vt -0.51012900 -0.89430500
vt -0.54873000 -0.89430500
vt -0.58733200 -0.89430500
vt -0.62593300 -0.89430500
vt -0.66453400 -0.89430500
vt -0.70313600 -0.89430500
vt -0.74173700 -0.89430500
vt -0.05599000 -0.86179300
vt -0.11198300 -0.86179300
vt -0.14675600 -0.86179300
vt -0.18153000 -0.86179300
vt -0.21630300 -0.86179300
vt -0.25107600 -0.86179300
vt -0.28584900 -0.86179300
vt -0.32062300 -0.86179300
vt -0.35539600 -0.86179300
vt -0.39016900 -0.86179300
vt -0.43084800 -0.86179300
vt -0.47152800 -0.86179300
vt -0.51012900 -0.86179300
vt -0.54873000 -0.86179300
vt -0.58733200 -0.86179300
vt -0.62593300 -0.86179300
vt -0.66453400 -0.86179300
vt -0.70313600 -0.86179300
vt -0.74173700 -0.86179300
vt -0.05599000 -0.82928100
vt -0.11198300 -0.82928100
vt -0.14675600 -0.82928100
vt -0.18153000 -0.82928100
vt -0.21630300 -0.82928100
vt -0.25107600 -0.82928100
vt -0.28584900 -0.82928100
vt -0.32062300 -0.82928100
vt -0.35539600 -0.82928100
vt -0.39016900 -0.82928100
vt -0.43084800 -0.82928100
vt -0.47152800 -0.82928100
vt -0.51012900 -0.82928100
vt -0.54873000 -0.82928100
vt -0.58733200 -0.82928100
vt -0.62593300 -0.82928100
vt -0.66453400 -0.82928100
vt -0.70313600 -0.82928100
vt -0.74173700 -0.82928100
vt -0.05599000 -0.79677000
vt -0.11198300 -0.79677000
vt -0.14675600 -0.79677000
vt -0.18153000 -0.79677000
vt -0.21630300 -0.79677000
vt -0.25107600 -0.79677000
vt -0.28584900 -0.79677000
vt -0.32062300 -0.79677000
vt -0.35539600 -0.79677000
vt -0.39016900 -0.79677000
vt -0.43084800 -0.79677000
vt -0.47152800 -0.79677000
vt -0.51012900 -0.79677000
vt -0.54873000 -0.79677000
vt -0.58733200 -0.79677000
vt -0.62593300 -0.79677000
vt -0.66453400 -0.79677000
vt -0.70313600 -0.79677000
vt -0.74173700 -0.79677000
vt -0.05599000 -0.76425800
vt -0.11198300 -0.76425800
vt -0.14675600 -0.76425800
vt -0.18153000 -0.76425800
vt -0.21630300 -0.76425800
vt -0.25107600 -0.76425800
vt -0.28584900 -0.76425800
vt -0.32062300 -0.76425800
vt -0.35539600 -0.76425800
vt -0.39016900 -0.76425800
vt -0.43084800 -0.76425800
vt -0.47152800 -0.76425800
vt -0.51012900 -0.76425800
vt -0.54873000 -0.76425800
vt -0.58733200 -0.76425800
vt -0.62593300 -0.76425800
vt -0.66453400 -0.76425800
vt -0.70313600 -0.76425800
vt -0.74173700 -0.76425800
vt -0.05599000 -0.73174700
vt -0.11198300 -0.73174700
vt -0.14675600 -0.73174700
vt -0.18153000 -0.73174700
vt -0.21630300 -0.73174700
vt -0.25107600 -0.73174700
vt -0.28584900 -0.73174700
vt -0.32062300 -0.73174700
vt -0.35539600 -0.73174700
vt -0.39016900 -0.73174700
vt -0.43084800 -0.73174700
vt -0.47152800 -0.73174700
vt -0.51012900 -0.73174700
vt -0.54873000 -0.73174700
vt -0.58733200 -0.73174700
vt -0.62593300 -0.73174700
vt -0.66453400 -0.73174700
vt -0.70313600 -0.73174700
vt -0.74173700 -0.73174700
vt -0.11198300 -0.69923500
vt -0.14675600 -0.69923500
vt -0.18153000 -0.69923500
vt -0.21630300 -0.69923500
vt -0.25107600 -0.69923500
vt -0.28584900 -0.69923500
vt -0.32062300 -0.69923500
vt -0.35539600 -0.69923500
vt -0.39016900 -0.69923500
vt -0.43084800 -0.69923500
vt -0.47152800 -0.69923500
vt -0.51012900 -0.69923500
vt -0.54873000 -0.69923500
vt -0.58733200 -0.69923500
vt -0.62593300 -0.69923500
vt -0.66453400 -0.69923500
vt -0.70313600 -0.69923500
vt -0.05599000 -0.63421200
vt -0.11198300 -0.63421200
vt -0.14675600 -0.63421200
vt -0.18153000 -0.63421200
vt -0.21630300 -0.63421200
vt -0.25107600 -0.63421200
vt -0.28584900 -0.63421200
vt -0.32062300 -0.63421200
vt -0.35539600 -0.63421200
vt -0.39016900 -0.63421200
vt -0.43084800 -0.63421200
vt -0.47152800 -0.63421200
vt -0.51012900 -0.63421200
vt -0.54873000 -0.63421200
vt -0.58733200 -0.63421200
vt -0.62593300 -0.63421200
vt -0.66453400 -0.63421200
vt -0.70313600 -0.63421200
vt -0.74173700 -0.63421200
vt -0.74173700 -0.66672300
vt -0.70313600 -0.66672300
vt -0.66453400 -0.66672300
vt -0.62593300 -0.66672300
vt -0.58733200 -0.66672300
vt -0.54873000 -0.66672300
vt -0.51012900 -0.66672300
vt -0.47152800 -0.66672300
vt -0.43084800 -0.66672300
vt -0.39016900 -0.66672300
vt -0.35539600 -0.66672300
vt -0.32062300 -0.66672300
vt -0.28584900 -0.66672300
vt -0.25107600 -0.66672300
vt -0.21630300 -0.66672300
vt -0.18153000 -0.66672300
vt -0.14675600 -0.66672300
vt -0.11198300 -0.66672300
vt -0.05599000 -0.66672300
vt -0.05599000 -0.60170000
vt -0.11198300 -0.60170000
vt -0.14675600 -0.60170000
vt -0.18153000 -0.60170000
vt -0.21630300 -0.60170000
vt -0.25107600 -0.60170000
vt -0.28584900 -0.60170000
vt -0.32062300 -0.60170000
vt -0.35539600 -0.60170000
vt -0.39016900 -0.60170000
vt -0.43084800 -0.60170000
vt -0.47152800 -0.60170000
vt -0.51012900 -0.60170000
vt -0.54873000 -0.60170000
vt -0.58733200 -0.60170000
vt -0.62593300 -0.60170000
vt -0.66453400 -0.60170000
vt -0.70313600 -0.60170000
vt -0.74173700 -0.60170000
vt -0.05599000 -0.56918900
vt -0.11198300 -0.56918900
vt -0.14675600 -0.56918900
vt -0.18153000 -0.56918900
vt -0.21630300 -0.56918900
vt -0.25107600 -0.56918900
vt -0.28584900 -0.56918900
vt -0.32062300 -0.56918900
vt -0.35539600 -0.56918900
vt -0.39016900 -0.56918900
vt -0.43084800 -0.56918900
vt -0.47152800 -0.56918900
vt -0.51012900 -0.56918900
vt -0.54873000 -0.56918900
vt -0.58733200 -0.56918900
vt -0.62593300 -0.56918900
vt -0.66453400 -0.56918900
vt -0.70313600 -0.56918900
vt -0.74173700 -0.56918900
vt -0.05599000 -0.53667700
vt -0.11198300 -0.53667700
vt -0.14675600 -0.53667700
vt -0.18153000 -0.53667700
vt -0.21630300 -0.53667700
vt -0.25107600 -0.53667700
vt -0.28584900 -0.53667700
vt -0.32062300 -0.53667700
vt -0.35539600 -0.53667700
vt -0.39016900 -0.53667700
vt -0.43084800 -0.53667700
vt -0.47152800 -0.53667700
vt -0.51012900 -0.53667700
vt -0.54873000 -0.53667700
vt -0.58733200 -0.53667700
vt -0.62593300 -0.53667700
vt -0.66453400 -0.53667700
vt -0.70313600 -0.53667700
vt -0.74173700 -0.53667700
vt -0.05599000 -0.50416500
vt -0.11198300 -0.50416500
vt -0.14675600 -0.50416500
vt -0.18153000 -0.50416500
vt -0.21630300 -0.50416500
vt -0.25107600 -0.50416500
vt -0.28584900 -0.50416500
vt -0.32062300 -0.50416500
vt -0.35539600 -0.50416500
vt -0.39016900 -0.50416500
vt -0.43084800 -0.50416500
vt -0.47152800 -0.50416500
vt -0.51012900 -0.50416500
vt -0.54873000 -0.50416500
vt -0.58733200 -0.50416500
vt -0.62593300 -0.50416500
vt -0.66453400 -0.50416500
vt -0.70313600 -0.50416500
vt -0.74173700 -0.50416500
vt -0.05599000 -0.47165400
vt -0.11198300 -0.47165400
vt -0.14675600 -0.47165400
vt -0.18153000 -0.47165400
vt -0.21630300 -0.47165400
vt -0.25107600 -0.47165400
vt -0.28584900 -0.47165400
vt -0.32062300 -0.47165400
vt -0.35539600 -0.47165400
vt -0.39016900 -0.47165400
vt -0.43084800 -0.47165400
vt -0.47152800 -0.47165400
vt -0.51012900 -0.47165400
vt -0.54873000 -0.47165400
vt -0.58733200 -0.47165400
vt -0.62593300 -0.47165400
vt -0.66453400 -0.47165400
vt -0.70313600 -0.47165400
vt -0.74173700 -0.47165400
vt -0.05599000 -0.43914200
vt -0.11198300 -0.43914200
vt -0.14675600 -0.43914200
vt -0.18153000 -0.43914200
vt -0.21630300 -0.43914200
vt -0.25107600 -0.43914200
vt -0.28584900 -0.43914200
vt -0.32062300 -0.43914200
vt -0.35539600 -0.43914200
vt -0.39016900 -0.43914200
vt -0.43084800 -0.43914200
vt -0.47152800 -0.43914200
vt -0.51012900 -0.43914200
vt -0.54873000 -0.43914200
vt -0.58733200 -0.43914200
vt -0.62593300 -0.43914200
vt -0.66453400 -0.43914200
vt -0.70313600 -0.43914200
vt -0.74173700 -0.43914200
vt -0.05599000 -0.40663100
vt -0.11198300 -0.40663100
vt -0.14675600 -0.40663100
vt -0.18153000 -0.40663100
vt -0.21630300 -0.40663100
vt -0.25107600 -0.40663100
vt -0.28584900 -0.40663100
vt -0.32062300 -0.40663100
vt -0.35539600 -0.40663100
vt -0.39016900 -0.40663100
vt -0.43084800 -0.40663100
vt -0.47152800 -0.40663100
vt -0.51012900 -0.40663100
vt -0.54873000 -0.40663100
vt -0.58733200 -0.40663100
vt -0.62593300 -0.40663100
vt -0.66453400 -0.40663100
vt -0.70313600 -0.40663100
vt -0.74173700 -0.40663100
vt -0.05599000 -0.37411900
vt -0.11198300 -0.37411900
vt -0.14675600 -0.37411900
vt -0.18153000 -0.37411900
vt -0.21630300 -0.37411900
vt -0.25107600 -0.37411900
vt -0.28584900 -0.37411900
vt -0.32062300 -0.37411900
vt -0.35539600 -0.37411900
vt -0.39016900 -0.37411900
vt -0.43084800 -0.37411900
vt -0.47152800 -0.37411900
vt -0.51012900 -0.37411900
vt -0.54873000 -0.37411900
vt -0.58733200 -0.37411900
vt -0.62593300 -0.37411900
vt -0.66453400 -0.37411900
vt -0.70313600 -0.37411900
vt -0.74173700 -0.37411900
vt -0.05599000 -0.34160800
vt -0.11198300 -0.34160800
vt -0.14675600 -0.34160800
vt -0.18153000 -0.34160800
vt -0.21630300 -0.34160800
vt -0.25107600 -0.34160800
vt -0.28584900 -0.34160800
vt -0.32062300 -0.34160800
vt -0.35539600 -0.34160800
vt -0.39016900 -0.34160800
vt -0.43084800 -0.34160800
vt -0.47152800 -0.34160800
vt -0.51012900 -0.34160800
vt -0.54873000 -0.34160800
vt -0.58733200 -0.34160800
vt -0.62593300 -0.34160800
vt -0.66453400 -0.34160800
vt -0.70313600 -0.34160800
vt -0.74173700 -0.34160800
vt -0.05599000 -0.30909600
vt -0.11198300 -0.30909600
vt -0.14675600 -0.30909600
vt -0.18153000 -0.30909600
vt -0.21630300 -0.30909600
vt -0.25107600 -0.30909600
vt -0.28584900 -0.30909600
vt -0.32062300 -0.30909600
vt -0.35539600 -0.30909600
vt -0.39016900 -0.30909600
vt -0.43084800 -0.30909600
vt -0.47152800 -0.30909600
vt -0.51012900 -0.30909600
vt -0.54873000 -0.30909600
vt -0.58733200 -0.30909600
vt -0.62593300 -0.30909600
vt -0.66453400 -0.30909600
vt -0.70313600 -0.30909600
vt -0.74173700 -0.30909600
vt -0.05599000 -0.27658400
vt -0.11198300 -0.27658400
vt -0.14675600 -0.27658400
vt -0.18153000 -0.27658400
vt -0.21630300 -0.27658400
vt -0.25107600 -0.27658400
vt -0.28584900 -0.27658400
vt -0.32062300 -0.27658400
vt -0.35539600 -0.27658400
vt -0.39016900 -0.27658400
vt -0.43084800 -0.27658400
vt -0.47152800 -0.27658400
vt -0.51012900 -0.27658400
vt -0.54873000 -0.27658400
vt -0.58733200 -0.27658400
vt -0.62593300 -0.27658400
vt -0.66453400 -0.27658400
vt -0.70313600 -0.27658400
vt -0.74173700 -0.27658400
vt -0.11198300 -0.24407300
vt -0.14675600 -0.24407300
vt -0.18153000 -0.24407300
vt -0.21630300 -0.24407300
vt -0.25107600 -0.24407300
vt -0.28584900 -0.24407300
vt -0.32062300 -0.24407300
vt -0.35539600 -0.24407300
vt -0.39016900 -0.24407300
vt -0.43084800 -0.24407300
vt -0.47152800 -0.24407300
vt -0.51012900 -0.24407300
vt -0.54873000 -0.24407300
vt -0.58733200 -0.24407300
vt -0.62593300 -0.24407300
vt -0.66453400 -0.24407300
vt -0.70313600 -0.24407300
vt -0.05599000 -0.17905000
vt -0.11198300 -0.17905000
vt -0.14675600 -0.17905000
vt -0.18153000 -0.17905000
vt -0.21630300 -0.17905000
vt -0.25107600 -0.17905000
vt -0.28584900 -0.17905000
vt -0.32062300 -0.17905000
vt -0.35539600 -0.17905000
vt -0.39016900 -0.17905000
vt -0.43084800 -0.17905000
vt -0.47152800 -0.17905000
vt -0.51012900 -0.17905000
vt -0.54873000 -0.17905000
vt -0.58733200 -0.17905000
vt -0.62593300 -0.17905000
vt -0.66453400 -0.17905000
vt -0.70313600 -0.17905000
vt -0.74173700 -0.17905000
vt -0.74173700 -0.21156100
vt -0.70313600 -0.21156100
vt -0.66453400 -0.21156100
vt -0.62593300 -0.21156100
vt -0.58733200 -0.21156100
vt -0.54873000 -0.21156100
vt -0.51012900 -0.21156100
vt -0.47152800 -0.21156100
vt -0.43084800 -0.21156100
vt -0.39016900 -0.21156100
vt -0.35539600 -0.21156100
vt -0.32062300 -0.21156100
vt -0.28584900 -0.21156100
vt -0.25107600 -0.21156100
vt -0.21630300 -0.21156100
vt -0.18153000 -0.21156100
vt -0.14675600 -0.21156100
vt -0.11198300 -0.21156100
vt -0.05599000 -0.21156100
vt -0.05599000 -0.14653800
vt -0.11198300 -0.14653800
vt -0.14675600 -0.14653800
vt -0.18153000 -0.14653800
vt -0.21630300 -0.14653800
vt -0.25107600 -0.14653800
vt -0.28584900 -0.14653800
vt -0.32062300 -0.14653800
vt -0.35539600 -0.14653800
vt -0.39016900 -0.14653800
vt -0.43084800 -0.14653800
vt -0.47152800 -0.14653800
vt -0.51012900 -0.14653800
vt -0.54873000 -0.14653800
vt -0.58733200 -0.14653800
vt -0.62593300 -0.14653800
vt -0.66453400 -0.14653800
vt -0.70313600 -0.14653800
vt -0.74173700 -0.14653800
vt -0.05599000 -0.11402600
vt -0.11198300 -0.11402600
vt -0.14675600 -0.11402600
vt -0.18153000 -0.11402600
vt -0.21630300 -0.11402600
vt -0.25107600 -0.11402600
vt -0.28584900 -0.11402600
vt -0.32062300 -0.11402600
vt -0.35539600 -0.11402600
vt -0.39016900 -0.11402600
vt -0.43084800 -0.11402600
vt -0.47152800 -0.11402600
vt -0.51012900 -0.11402600
vt -0.54873000 -0.11402600
vt -0.58733200 -0.11402600
vt -0.62593300 -0.11402600
vt -0.66453400 -0.11402600
vt -0.70313600 -0.11402600
vt -0.74173700 -0.11402600
vt -0.05599000 -0.08151500
vt -0.11198300 -0.08151500
vt -0.14675600 -0.08151500
vt -0.18153000 -0.08151500
vt -0.21630300 -0.08151500
vt -0.25107600 -0.08151500
vt -0.28584900 -0.08151500
vt -0.32062300 -0.08151500
vt -0.35539600 -0.08151500
vt -0.39016900 -0.08151500
vt -0.43084800 -0.08151500
vt -0.47152800 -0.08151500
vt -0.51012900 -0.08151500
vt -0.54873000 -0.08151500
vt -0.58733200 -0.08151500
vt -0.62593300 -0.08151500
vt -0.66453400 -0.08151500
vt -0.70313600 -0.08151500
vt -0.74173700 -0.08151500
vt -0.05599000 -0.04900300
vt -0.11198300 -0.04900300
vt -0.14675600 -0.04900300
vt -0.18153000 -0.04900300
vt -0.21630300 -0.04900300
vt -0.25107600 -0.04900300
vt -0.28584900 -0.04900300
vt -0.32062300 -0.04900300
vt -0.35539600 -0.04900300
vt -0.39016900 -0.04900300
vt -0.43084800 -0.04900300
vt -0.47152800 -0.04900300
vt -0.51012900 -0.04900300
vt -0.54873000 -0.04900300
vt -0.58733200 -0.04900300
vt -0.62593300 -0.04900300
vt -0.66453400 -0.04900300
vt -0.70313600 -0.04900300
vt -0.74173700 -0.04900300
vt -0.05599000 -0.01649200
vt -0.11198300 -0.01649200
vt -0.14675600 -0.01649200
vt -0.18153000 -0.01649200
vt -0.21630300 -0.01649200
vt -0.25107600 -0.01649200
vt -0.28584900 -0.01649200
vt -0.32062300 -0.01649200
vt -0.35539600 -0.01649200
vt -0.39016900 -0.01649200
vt -0.43084800 -0.01649200
vt -0.47152800 -0.01649200
vt -0.51012900 -0.01649200
vt -0.54873000 -0.01649200
vt -0.58733200 -0.01649200
vt -0.62593300 -0.01649200
vt -0.66453400 -0.01649200
vt -0.70313600 -0.01649200
vt -0.74173700 -0.01649200
vt -0.05599000 0.01602000
vt -0.11198300 0.01602000
vt -0.14675600 0.01602000
vt -0.18153000 0.01602000
vt -0.21630300 0.01602000
vt -0.25107600 0.01602000
vt -0.28584900 0.01602000
vt -0.32062300 0.01602000
vt -0.35539600 0.01602000
vt -0.39016900 0.01602000
vt -0.43084800 0.01602000
vt -0.47152800 0.01602000
vt -0.51012900 0.01602000
vt -0.54873000 0.01602000
vt -0.58733200 0.01602000
vt -0.62593300 0.01602000
vt -0.66453400 0.01602000
vt -0.70313600 0.01602000
vt -0.74173700 0.01602000
vt -0.05599000 0.04853200
vt -0.11198300 0.04853200
vt -0.14675600 0.04853200
vt -0.18153000 0.04853200
vt -0.21630300 0.04853200
vt -0.25107600 0.04853200
vt -0.28584900 0.04853200
vt -0.32062300 0.04853200
vt -0.35539600 0.04853200
vt -0.39016900 0.04853200
vt -0.43084800 0.04853200
vt -0.47152800 0.04853200
vt -0.51012900 0.04853200
vt -0.54873000 0.04853200
vt -0.58733200 0.04853200
vt -0.62593300 0.04853200
vt -0.66453400 0.04853200
vt -0.70313600 0.04853200
vt -0.74173700 0.04853200
vt -0.05599000 0.08104300
vt -0.11198300 0.08104300
vt -0.14675600 0.08104300
vt -0.18153000 0.08104300
vt -0.21630300 0.08104300
vt -0.25107600 0.08104300
vt -0.28584900 0.08104300
vt -0.32062300 0.08104300
vt -0.35539600 0.08104300
vt -0.39016900 0.08104300
vt -0.43084800 0.08104300
vt -0.47152800 0.08104300
vt -0.51012900 0.08104300
vt -0.54873000 0.08104300
vt -0.58733200 0.08104300
vt -0.62593300 0.08104300
vt -0.66453400 0.08104300
vt -0.70313600 0.08104300
vt -0.74173700 0.08104300
vt -0.05599000 0.11355500
vt -0.11198300 0.11355500
vt -0.14675600 0.11355500
vt -0.18153000 0.11355500
vt -0.21630300 0.11355500
vt -0.25107600 0.11355500
vt -0.28584900 0.11355500
vt -0.32062300 0.11355500
vt -0.35539600 0.11355500
vt -0.39016900 0.11355500
vt -0.43084800 0.11355500
vt -0.47152800 0.11355500
vt -0.51012900 0.11355500
vt -0.54873000 0.11355500
vt -0.58733200 0.11355500
vt -0.62593300 0.11355500
vt -0.66453400 0.11355500
vt -0.70313600 0.11355500
vt -0.74173700 0.11355500
vt -0.05599000 0.14606600
vt -0.11198300 0.14606600
vt -0.14675600 0.14606600
vt -0.18153000 0.14606600
vt -0.21630300 0.14606600
vt -0.25107600 0.14606600
vt -0.28584900 0.14606600
vt -0.32062300 0.14606600
vt -0.35539600 0.14606600
vt -0.39016900 0.14606600
vt -0.43084800 0.14606600
vt -0.47152800 0.14606600
vt -0.51012900 0.14606600
vt -0.54873000 0.14606600
vt -0.58733200 0.14606600
vt -0.62593300 0.14606600
vt -0.66453400 0.14606600
vt -0.70313600 0.14606600
vt -0.74173700 0.14606600
vt -0.05599000 0.17857800
vt -0.11198300 0.17857800
vt -0.14675600 0.17857800
vt -0.18153000 0.17857800
vt -0.21630300 0.17857800
vt -0.25107600 0.17857800
vt -0.28584900 0.17857800
vt -0.32062300 0.17857800
vt -0.35539600 0.17857800
vt -0.39016900 0.17857800
vt -0.43084800 0.17857800
vt -0.47152800 0.17857800
vt -0.51012900 0.17857800
vt -0.54873000 0.17857800
vt -0.58733200 0.17857800
vt -0.62593300 0.17857800
vt -0.66453400 0.17857800
vt -0.70313600 0.17857800
vt -0.74173700 0.17857800
vt -0.05599000 0.21109000
vt -0.11198300 0.21109000
vt -0.14675600 0.21109000
vt -0.18153000 0.21109000
vt -0.21630300 0.21109000
vt -0.25107600 0.21109000
vt -0.28584900 0.21109000
vt -0.32062300 0.21109000
vt -0.35539600 0.21109000
vt -0.39016900 0.21109000
vt -0.43084800 0.21109000
vt -0.47152800 0.21109000
vt -0.51012900 0.21109000
vt -0.54873000 0.21109000
vt -0.58733200 0.21109000
vt -0.62593300 0.21109000
vt -0.66453400 0.21109000
vt -0.70313600 0.21109000
vt -0.74173700 0.21109000
vt -0.05599000 0.27611300
vt -0.11198300 0.27611300
vt -0.14675600 0.27611300
vt -0.18153000 0.27611300
vt -0.21630300 0.27611300
vt -0.25107600 0.27611300
vt -0.28584900 0.27611300
vt -0.32062300 0.27611300
vt -0.35539600 0.27611300
vt -0.39016900 0.27611300
vt -0.43084800 0.27611300
vt -0.47152800 0.27611300
vt -0.51012900 0.27611300
vt -0.54873000 0.27611300
vt -0.58733200 0.27611300
vt -0.62593300 0.27611300
vt -0.66453400 0.27611300
vt -0.70313600 0.27611300
vt -0.74173700 0.27611300
vt -0.70313600 0.24360100
vt -0.66453400 0.24360100
vt -0.62593300 0.24360100
vt -0.58733200 0.24360100
vt -0.54873000 0.24360100
vt -0.51012900 0.24360100
vt -0.47152800 0.24360100
vt -0.43084800 0.24360100
vt -0.39016900 0.24360100
vt -0.35539600 0.24360100
vt -0.32062300 0.24360100
vt -0.28584900 0.24360100
vt -0.25107600 0.24360100
vt -0.21630300 0.24360100
vt -0.18153000 0.24360100
vt -0.14675600 0.24360100
vt -0.11198300 0.24360100
vt -0.05599000 0.30862400
vt -0.11198300 0.30862400
vt -0.14675600 0.30862400
vt -0.18153000 0.30862400
vt -0.21630300 0.30862400
vt -0.25107600 0.30862400
vt -0.28584900 0.30862400
vt -0.32062300 0.30862400
vt -0.35539600 0.30862400
vt -0.39016900 0.30862400
vt -0.43084800 0.30862400
vt -0.47152800 0.30862400
vt -0.51012900 0.30862400
vt -0.54873000 0.30862400
vt -0.58733200 0.30862400
vt -0.62593300 0.30862400
vt -0.66453400 0.30862400
vt -0.70313600 0.30862400
vt -0.74173700 0.30862400
vt -0.05599000 0.34113600
vt -0.11198300 0.34113600
vt -0.14675600 0.34113600
vt -0.18153000 0.34113600
vt -0.21630300 0.34113600
vt -0.25107600 0.34113600
vt -0.28584900 0.34113600
vt -0.32062300 0.34113600
vt -0.35539600 0.34113600
vt -0.39016900 0.34113600
vt -0.43084800 0.34113600
vt -0.47152800 0.34113600
vt -0.51012900 0.34113600
vt -0.54873000 0.34113600
vt -0.58733200 0.34113600
vt -0.62593300 0.34113600
vt -0.66453400 0.34113600
vt -0.70313600 0.34113600
vt -0.74173700 0.34113600
vt -0.05599000 0.37364700
vt -0.11198300 0.37364700
vt -0.14675600 0.37364700
vt -0.18153000 0.37364700
vt -0.21630300 0.37364700
vt -0.25107600 0.37364700
vt -0.28584900 0.37364700
vt -0.32062300 0.37364700
vt -0.35539600 0.37364700
vt -0.39016900 0.37364700
vt -0.43084800 0.37364700
vt -0.47152800 0.37364700
vt -0.51012900 0.37364700
vt -0.54873000 0.37364700
vt -0.58733200 0.37364700
vt -0.62593300 0.37364700
vt -0.66453400 0.37364700
vt -0.70313600 0.37364700
vt -0.74173700 0.37364700
vt -0.05599000 0.40615900
vt -0.11198300 0.40615900
vt -0.14675600 0.40615900
vt -0.18153000 0.40615900
vt -0.21630300 0.40615900
vt -0.25107600 0.40615900
vt -0.28584900 0.40615900
vt -0.32062300 0.40615900
vt -0.35539600 0.40615900
vt -0.39016900 0.40615900
vt -0.43084800 0.40615900
vt -0.47152800 0.40615900
vt -0.51012900 0.40615900
vt -0.54873000 0.40615900
vt -0.58733200 0.40615900
vt -0.62593300 0.40615900
vt -0.66453400 0.40615900
vt -0.70313600 0.40615900
vt -0.74173700 0.40615900
vt -0.05599000 0.43867100
vt -0.11198300 0.43867100
vt -0.14675600 0.43867100
vt -0.18153000 0.43867100
vt -0.21630300 0.43867100
vt -0.25107600 0.43867100
vt -0.28584900 0.43867100
vt -0.32062300 0.43867100
vt -0.35539600 0.43867100
vt -0.39016900 0.43867100
vt -0.43084800 0.43867100
vt -0.47152800 0.43867100
vt -0.51012900 0.43867100
vt -0.54873000 0.43867100
vt -0.58733200 0.43867100
vt -0.62593300 0.43867100
vt -0.66453400 0.43867100
vt -0.70313600 0.43867100
vt -0.74173700 0.43867100
vt -0.05599000 0.47118200
vt -0.11198300 0.47118200
vt -0.14675600 0.47118200
vt -0.18153000 0.47118200
vt -0.21630300 0.47118200
vt -0.25107600 0.47118200
vt -0.28584900 0.47118200
vt -0.32062300 0.47118200
vt -0.35539600 0.47118200
vt -0.39016900 0.47118200
vt -0.43084800 0.47118200
vt -0.47152800 0.47118200
vt -0.51012900 0.47118200
vt -0.54873000 0.47118200
vt -0.58733200 0.47118200
vt -0.62593300 0.47118200
vt -0.66453400 0.47118200
vt -0.70313600 0.47118200
vt -0.74173700 0.47118200
vt -0.05599000 0.50369400
vt -0.11198300 0.50369400
vt -0.14675600 0.50369400
vt -0.18153000 0.50369400
vt -0.21630300 0.50369400
vt -0.25107600 0.50369400
vt -0.28584900 0.50369400
vt -0.32062300 0.50369400
vt -0.35539600 0.50369400
vt -0.39016900 0.50369400
vt -0.43084800 0.50369400
vt -0.47152800 0.50369400
vt -0.51012900 0.50369400
vt -0.54873000 0.50369400
vt -0.58733200 0.50369400
vt -0.62593300 0.50369400
vt -0.66453400 0.50369400
vt -0.70313600 0.50369400
vt -0.74173700 0.50369400
vt -0.05599000 0.53620500
vt -0.11198300 0.53620500
vt -0.14675600 0.53620500
vt -0.18153000 0.53620500
vt -0.21630300 0.53620500
vt -0.25107600 0.53620500
vt -0.28584900 0.53620500
vt -0.32062300 0.53620500
vt -0.35539600 0.53620500
vt -0.39016900 0.53620500
vt -0.43084800 0.53620500
vt -0.47152800 0.53620500
vt -0.51012900 0.53620500
vt -0.54873000 0.53620500
vt -0.58733200 0.53620500
vt -0.62593300 0.53620500
vt -0.66453400 0.53620500
vt -0.70313600 0.53620500
vt -0.74173700 0.53620500
vt -0.05599000 0.56871700
vt -0.11198300 0.56871700
vt -0.14675600 0.56871700
vt -0.18153000 0.56871700
vt -0.21630300 0.56871700
vt -0.25107600 0.56871700
vt -0.28584900 0.56871700
vt -0.32062300 0.56871700
vt -0.35539600 0.56871700
vt -0.39016900 0.56871700
vt -0.43084800 0.56871700
vt -0.47152800 0.56871700
vt -0.51012900 0.56871700
vt -0.54873000 0.56871700
vt -0.58733200 0.56871700
vt -0.62593300 0.56871700
vt -0.66453400 0.56871700
vt -0.70313600 0.56871700
vt -0.74173700 0.56871700
vt -0.05599000 0.60122900
vt -0.11198300 0.60122900
vt -0.14675600 0.60122900
vt -0.18153000 0.60122900
vt -0.21630300 0.60122900
vt -0.25107600 0.60122900
vt -0.28584900 0.60122900
vt -0.32062300 0.60122900
vt -0.35539600 0.60122900
vt -0.39016900 0.60122900
vt -0.43084800 0.60122900
vt -0.47152800 0.60122900
vt -0.51012900 0.60122900
vt -0.54873000 0.60122900
vt -0.58733200 0.60122900
vt -0.62593300 0.60122900
vt -0.66453400 0.60122900
vt -0.70313600 0.60122900
vt -0.74173700 0.60122900
vt -0.05599000 0.63374000
vt -0.11198300 0.63374000
vt -0.14675600 0.63374000
vt -0.18153000 0.63374000
vt -0.21630300 0.63374000
vt -0.25107600 0.63374000
vt -0.28584900 0.63374000
vt -0.32062300 0.63374000
vt -0.35539600 0.63374000
vt -0.39016900 0.63374000
vt -0.43084800 0.63374000
vt -0.47152800 0.63374000
vt -0.51012900 0.63374000
vt -0.54873000 0.63374000
vt -0.58733200 0.63374000
vt -0.62593300 0.63374000
vt -0.66453400 0.63374000
vt -0.70313600 0.63374000
vt -0.74173700 0.63374000
vt -0.05599000 0.69876300
vt -0.11198300 0.69876300
vt -0.14675600 0.69876300
vt -0.18153000 0.69876300
vt -0.21630300 0.69876300
vt -0.25107600 0.69876300
vt -0.28584900 0.69876300
vt -0.32062300 0.69876300
vt -0.35539600 0.69876300
vt -0.39016900 0.69876300
vt -0.43084800 0.69876300
vt -0.47152800 0.69876300
vt -0.51012900 0.69876300
vt -0.54873000 0.69876300
vt -0.58733200 0.69876300
vt -0.62593300 0.69876300
vt -0.66453400 0.69876300
vt -0.70313600 0.69876300
vt -0.74173700 0.69876300
vt -0.74173700 0.66612400
vt -0.70313600 0.66612400
vt -0.66453400 0.66612400
vt -0.62593300 0.66612400
vt -0.58733200 0.66612400
vt -0.54873000 0.66612400
vt -0.51012900 0.66612400
vt -0.47152800 0.66612400
vt -0.43084800 0.66612400
vt -0.39016900 0.66612400
vt -0.35539600 0.66612400
vt -0.32062300 0.66612400
vt -0.28584900 0.66612400
vt -0.25107600 0.66612400
vt -0.21630300 0.66612400
vt -0.18153000 0.66612400
vt -0.14675600 0.66612400
vt -0.11198300 0.66612400
vt -0.05599000 0.66612400
vt -0.05599000 0.73127500
vt -0.11198300 0.73127500
vt -0.14675600 0.73127500
vt -0.18153000 0.73127500
vt -0.21630300 0.73127500
vt -0.25107600 0.73127500
vt -0.28584900 0.73127500
vt -0.32062300 0.73127500
vt -0.35539600 0.73127500
vt -0.39016900 0.73127500
vt -0.43084800 0.73127500
vt -0.47152800 0.73127500
vt -0.51012900 0.73127500
vt -0.54873000 0.73127500
vt -0.58733200 0.73127500
vt -0.62593300 0.73127500
vt -0.66453400 0.73127500
vt -0.70313600 0.73127500
vt -0.74173700 0.73127500
vt -0.05599000 0.76378700
vt -0.11198300 0.76378700
vt -0.14675600 0.76378700
vt -0.18153000 0.76378700
vt -0.21630300 0.76378700
vt -0.25107600 0.76378700
vt -0.28584900 0.76378700
vt -0.32062300 0.76378700
vt -0.35539600 0.76378700
vt -0.39016900 0.76378700
vt -0.43084800 0.76378700
vt -0.47152800 0.76378700
vt -0.51012900 0.76378700
vt -0.54873000 0.76378700
vt -0.58733200 0.76378700
vt -0.62593300 0.76378700
vt -0.66453400 0.76378700
vt -0.70313600 0.76378700
vt -0.74173700 0.76378700
vt -0.05599000 0.79629800
vt -0.11198300 0.79629800
vt -0.14675600 0.79629800
vt -0.18153000 0.79629800
vt -0.21630300 0.79629800
vt -0.25107600 0.79629800
vt -0.28584900 0.79629800
vt -0.32062300 0.79629800
vt -0.35539600 0.79629800
vt -0.39016900 0.79629800
vt -0.43084800 0.79629800
vt -0.47152800 0.79629800
vt -0.51012900 0.79629800
vt -0.54873000 0.79629800
vt -0.58733200 0.79629800
vt -0.62593300 0.79629800
vt -0.66453400 0.79629800
vt -0.70313600 0.79629800
vt -0.74173700 0.79629800
vt -0.05599000 0.82881000
vt -0.11198300 0.82881000
vt -0.14675600 0.82881000
vt -0.18153000 0.82881000
vt -0.21630300 0.82881000
vt -0.25107600 0.82881000
vt -0.28584900 0.82881000
vt -0.32062300 0.82881000
vt -0.35539600 0.82881000
vt -0.39016900 0.82881000
vt -0.43084800 0.82881000
vt -0.47152800 0.82881000
vt -0.51012900 0.82881000
vt -0.54873000 0.82881000
vt -0.58733200 0.82881000
vt -0.62593300 0.82881000
vt -0.66453400 0.82881000
vt -0.70313600 0.82881000
vt -0.74173700 0.82881000
vt -0.05599000 0.86132100
vt -0.11198300 0.86132100
vt -0.14675600 0.86132100
vt -0.18153000 0.86132100
vt -0.21630300 0.86132100
vt -0.25107600 0.86132100
vt -0.28584900 0.86132100
vt -0.32062300 0.86132100
vt -0.35539600 0.86132100
vt -0.39016900 0.86132100
vt -0.43084800 0.86132100
vt -0.47152800 0.86132100
vt -0.51012900 0.86132100
vt -0.54873000 0.86132100
vt -0.58733200 0.86132100
vt -0.62593300 0.86132100
vt -0.66453400 0.86132100
vt -0.70313600 0.86132100
vt -0.74173700 0.86132100
vt -0.05599000 0.89383300
vt -0.11198300 0.89383300
vt -0.14675600 0.89383300
vt -0.18153000 0.89383300
vt -0.21630300 0.89383300
vt -0.25107600 0.89383300
vt -0.28584900 0.89383300
vt -0.32062300 0.89383300
vt -0.35539600 0.89383300
vt -0.39016900 0.89383300
vt -0.43084800 0.89383300
vt -0.47152800 0.89383300
vt -0.51012900 0.89383300
vt -0.54873000 0.89383300
vt -0.58733200 0.89383300
vt -0.62593300 0.89383300
vt -0.66453400 0.89383300
vt -0.70313600 0.89383300
vt -0.74173700 0.89383300
vt -0.05599000 0.92634500
vt -0.11198300 0.92634500
vt -0.14675600 0.92634500
vt -0.18153000 0.92634500
vt -0.21630300 0.92634500
vt -0.25107600 0.92634500
vt -0.28584900 0.92634500
vt -0.32062300 0.92634500
vt -0.35539600 0.92634500
vt -0.39016900 0.92634500
vt -0.43084800 0.92634500
vt -0.47152800 0.92634500
vt -0.51012900 0.92634500
vt -0.54873000 0.92634500
vt -0.58733200 0.92634500
vt -0.62593300 0.92634500
vt -0.66453400 0.92634500
vt -0.70313600 0.92634500
vt -0.74173700 0.92634500
vt -0.05599000 0.95885600
vt -0.11198300 0.95885600
vt -0.14675600 0.95885600
vt -0.18153000 0.95885600
vt -0.21630300 0.95885600
vt -0.25107600 0.95885600
vt -0.28584900 0.95885600
vt -0.32062300 0.95885600
vt -0.35539600 0.95885600
vt -0.39016900 0.95885600
vt -0.43084800 0.95885600
vt -0.47152800 0.95885600
vt -0.51012900 0.95885600
vt -0.54873000 0.95885600
vt -0.58733200 0.95885600
vt -0.62593300 0.95885600
vt -0.66453400 0.95885600
vt -0.70313600 0.95885600
vt -0.74173700 0.95885600
vt -0.05599000 0.99961400
vt -0.11198300 0.99961400
vt -0.14675600 0.99961400
vt -0.18153000 0.99961400
vt -0.21630300 0.99961400
vt -0.25107600 0.99961400
vt -0.28584900 0.99961400
vt -0.32062300 0.99961400
vt -0.35539600 0.99961400
vt -0.39016900 0.99961400
vt -0.43084800 0.99961400
vt -0.47152800 0.99961400
vt -0.51012900 0.99961400
vt -0.54873000 0.99961400
vt -0.58733200 0.99961400
vt -0.62593300 0.99961400
vt -0.66453400 0.99961400
vt -0.70313600 0.99961400
vt -0.74173700 0.99961400
vt -0.05599000 1.04037100
vt -0.11198300 1.04037100
vt -0.14675600 1.04037100
vt -0.18153000 1.04037100
vt -0.21630300 1.04037100
vt -0.25107600 1.04037100
vt -0.28584900 1.04037100
vt -0.32062300 1.04037100
vt -0.35539600 1.04037100
vt -0.39016900 1.04037100
vt -0.43084800 1.04037100
vt -0.47152800 1.04037100
vt -0.51012900 1.04037100
vt -0.54873000 1.04037100
vt -0.58733200 1.04037100
vt -0.62593300 1.04037100
vt -0.66453400 1.04037100
vt -0.70313600 1.04037100
vt -0.74173700 1.04037100
vt -0.05599000 1.08112800
vt -0.11198300 1.08112800
vt -0.14675600 1.08112800
vt -0.18153000 1.08112800
vt -0.21630300 1.08112800
vt -0.25107600 1.08112800
vt -0.28584900 1.08112800
vt -0.32062300 1.08112800
vt -0.35539600 1.08112800
vt -0.39016900 1.08112800
vt -0.43084800 1.08112800
vt -0.47152800 1.08112800
vt -0.51012900 1.08112800
vt -0.54873000 1.08112800
vt -0.58733200 1.08112800
vt -0.62593300 1.08112800
vt -0.66453400 1.08112800
vt -0.70313600 1.08112800
vt -0.74173700 1.08112800
f 154/154/154 1/1/1 179/179/179
f 179/179/179 1/1/1 3/3/3
f 179/179/179 3/3/3 178/178/178
f 178/178/178 3/3/3 5/5/5
f 178/178/178 5/5/5 177/177/177
f 177/177/177 5/5/5 176/176/176
f 177/177/177 176/176/176 196/196/196
f 196/196/196 176/176/176 195/195/195
f 196/196/196 195/195/195 215/215/215
f 215/215/215 195/195/195 214/214/214
f 215/215/215 214/214/214 234/234/234
f 234/234/234 214/214/214 233/233/233
f 234/234/234 233/233/233 253/253/253
f 253/253/253 233/233/233 252/252/252
f 253/253/253 252/252/252 272/272/272
f 272/272/272 252/252/252 271/271/271
f 272/272/272 271/271/271 291/291/291
f 291/291/291 271/271/271 290/290/290
f 291/291/291 290/290/290 310/310/310
f 310/310/310 290/290/290 309/309/309
f 310/310/310 309/309/309 329/329/329
f 329/329/329 309/309/309 328/328/328
f 329/329/329 328/328/328 348/348/348
f 348/348/348 328/328/328 347/347/347
f 348/348/348 347/347/347 367/367/367
f 367/367/367 347/347/347 366/366/366
f 367/367/367 366/366/366 386/386/386
f 386/386/386 366/366/366 385/385/385
f 386/386/386 385/385/385 404/404/404
f 404/404/404 385/385/385 403/403/403
f 404/404/404 403/403/403 427/427/427
f 427/427/427 403/403/403 428/428/428
f 427/427/427 428/428/428 422/422/422
f 422/422/422 428/428/428 421/421/421
f 422/422/422 421/421/421 460/460/460
f 460/460/460 421/421/421 459/459/459
f 460/460/460 459/459/459 479/479/479
f 479/479/479 459/459/459 478/478/478
f 479/479/479 478/478/478 498/498/498
f 498/498/498 478/478/478 497/497/497
f 498/498/498 497/497/497 517/517/517
f 517/517/517 497/497/497 516/516/516
f 517/517/517 516/516/516 536/536/536
f 536/536/536 516/516/516 535/535/535
f 536/536/536 535/535/535 555/555/555
f 555/555/555 535/535/535 554/554/554
f 555/555/555 554/554/554 574/574/574
f 574/574/574 554/554/554 573/573/573
f 574/574/574 573/573/573 593/593/593
f 593/593/593 573/573/573 592/592/592
f 593/593/593 592/592/592 612/612/612
f 612/612/612 592/592/592 611/611/611
f 612/612/612 611/611/611 631/631/631
f 631/631/631 611/611/611 630/630/630
f 631/631/631 630/630/630 650/650/650
f 650/650/650 630/630/630 649/649/649
f 650/650/650 649/649/649 668/668/668
f 668/668/668 649/649/649 667/667/667
f 668/668/668 667/667/667 691/691/691
f 691/691/691 667/667/667 692/692/692
f 691/691/691 692/692/692 686/686/686
f 686/686/686 692/692/692 685/685/685
f 686/686/686 685/685/685 724/724/724
f 724/724/724 685/685/685 723/723/723
f 724/724/724 723/723/723 743/743/743
f 743/743/743 723/723/723 742/742/742
f 743/743/743 742/742/742 762/762/762
f 762/762/762 742/742/742 761/761/761
f 762/762/762 761/761/761 781/781/781
f 781/781/781 761/761/761 780/780/780
f 781/781/781 780/780/780 800/800/800
f 800/800/800 780/780/780 799/799/799
f 800/800/800 799/799/799 819/819/819
f 819/819/819 799/799/799 818/818/818
f 819/819/819 818/818/818 838/838/838
f 838/838/838 818/818/818 837/837/837
f 838/838/838 837/837/837 857/857/857
f 857/857/857 837/837/837 856/856/856
f 857/857/857 856/856/856 876/876/876
f 876/876/876 856/856/856 875/875/875
f 876/876/876 875/875/875 895/895/895
f 895/895/895 875/875/875 894/894/894
f 895/895/895 894/894/894 914/914/914
f 914/914/914 894/894/894 913/913/913
f 914/914/914 913/913/913 933/933/933
f 933/933/933 913/913/913 932/932/932
f 933/933/933 932/932/932 956/956/956
f 956/956/956 932/932/932 957/957/957
f 956/956/956 957/957/957 952/952/952
f 952/952/952 957/957/957 951/951/951
f 952/952/952 951/951/951 988/988/988
f 988/988/988 951/951/951 987/987/987
f 988/988/988 987/987/987 1007/1007/1007
f 1007/1007/1007 987/987/987 1006/1006/1006
f 1007/1007/1007 1006/1006/1006 1026/1026/1026
f 1026/1026/1026 1006/1006/1006 1025/1025/1025
f 1026/1026/1026 1025/1025/1025 1045/1045/1045
f 1045/1045/1045 1025/1025/1025 1044/1044/1044
f 1045/1045/1045 1044/1044/1044 1064/1064/1064
f 1064/1064/1064 1044/1044/1044 1063/1063/1063
f 1064/1064/1064 1063/1063/1063 1083/1083/1083
f 1083/1083/1083 1063/1063/1063 1082/1082/1082
f 1083/1083/1083 1082/1082/1082 1102/1102/1102
f 1102/1102/1102 1082/1082/1082 1101/1101/1101
f 1102/1102/1102 1101/1101/1101 1121/1121/1121
f 1121/1121/1121 1101/1101/1101 1120/1120/1120
f 1121/1121/1121 1120/1120/1120 1140/1140/1140
f 1140/1140/1140 1120/1120/1120 1139/1139/1139
f 1140/1140/1140 1139/1139/1139 1159/1159/1159
f 1159/1159/1159 1139/1139/1139 1158/1158/1158
f 1159/1159/1159 1158/1158/1158 1178/1178/1178
f 1178/1178/1178 1158/1158/1158 1177/1177/1177
f 1178/1178/1178 1177/1177/1177 1202/1202/1202
f 1202/1202/1202 1177/1177/1177 1203/1203/1203
f 1202/1202/1202 1203/1203/1203 1197/1197/1197
f 1197/1197/1197 1203/1203/1203 1196/1196/1196
f 1197/1197/1197 1196/1196/1196 1235/1235/1235
f 1235/1235/1235 1196/1196/1196 1234/1234/1234
f 1235/1235/1235 1234/1234/1234 1254/1254/1254
f 1254/1254/1254 1234/1234/1234 1253/1253/1253
f 1254/1254/1254 1253/1253/1253 1273/1273/1273
f 1273/1273/1273 1253/1253/1253 1272/1272/1272
f 1273/1273/1273 1272/1272/1272 1292/1292/1292
f 1292/1292/1292 1272/1272/1272 1291/1291/1291
f 1292/1292/1292 1291/1291/1291 1311/1311/1311
f 1311/1311/1311 1291/1291/1291 1310/1310/1310
f 1311/1311/1311 1310/1310/1310 1330/1330/1330
f 1330/1330/1330 1310/1310/1310 1329/1329/1329
f 1330/1330/1330 1329/1329/1329 1349/1349/1349
f 1349/1349/1349 1329/1329/1329 1348/1348/1348
f 1349/1349/1349 1348/1348/1348 1368/1368/1368
f 1368/1368/1368 1348/1348/1348 1367/1367/1367
f 1368/1368/1368 1367/1367/1367 1387/1387/1387
f 1387/1387/1387 1367/1367/1367 1386/1386/1386
f 1387/1387/1387 1386/1386/1386 1406/1406/1406
f 1406/1406/1406 1386/1386/1386 1405/1405/1405
f 1406/1406/1406 1405/1405/1405 1425/1425/1425
f 1425/1425/1425 1405/1405/1405 1424/1424/1424
f 1425/1425/1425 1424/1424/1424 6/6/6
f 6/6/6 1424/1424/1424 7/7/7
f 7/7/7 1424/1424/1424 1423/1423/1423
f 7/7/7 1423/1423/1423 10/10/10
f 10/10/10 1423/1423/1423 1422/1422/1422
f 10/10/10 1422/1422/1422 1421/1421/1421
f 1421/1421/1421 1422/1422/1422 1402/1402/1402
f 1421/1421/1421 1402/1402/1402 1401/1401/1401
f 1401/1401/1401 1402/1402/1402 1382/1382/1382
f 1401/1401/1401 1382/1382/1382 1381/1381/1381
f 1381/1381/1381 1382/1382/1382 1362/1362/1362
f 1381/1381/1381 1362/1362/1362 1361/1361/1361
f 1361/1361/1361 1362/1362/1362 1342/1342/1342
f 1361/1361/1361 1342/1342/1342 1341/1341/1341
f 1341/1341/1341 1342/1342/1342 1322/1322/1322
f 1341/1341/1341 1322/1322/1322 1321/1321/1321
f 1321/1321/1321 1322/1322/1322 1302/1302/1302
f 1321/1321/1321 1302/1302/1302 1301/1301/1301
f 1301/1301/1301 1302/1302/1302 1282/1282/1282
f 1301/1301/1301 1282/1282/1282 1281/1281/1281
f 1281/1281/1281 1282/1282/1282 1262/1262/1262
f 1281/1281/1281 1262/1262/1262 1261/1261/1261
f 1261/1261/1261 1262/1262/1262 1242/1242/1242
f 1261/1261/1261 1242/1242/1242 1241/1241/1241
f 1241/1241/1241 1242/1242/1242 1222/1222/1222
f 1241/1241/1241 1222/1222/1222 1221/1221/1221
f 1221/1221/1221 1222/1222/1222 1183/1183/1183
f 1221/1221/1221 1183/1183/1183 1182/1182/1182
f 1182/1182/1182 1183/1183/1183 1217/1217/1217
f 1182/1182/1182 1217/1217/1217 1218/1218/1218
f 1218/1218/1218 1217/1217/1217 1162/1162/1162
f 1218/1218/1218 1162/1162/1162 79/79/79
f 79/79/79 1162/1162/1162 78/78/78
f 78/78/78 1162/1162/1162 1143/1143/1143
f 78/78/78 1143/1143/1143 77/77/77
f 77/77/77 1143/1143/1143 1124/1124/1124
f 77/77/77 1124/1124/1124 76/76/76
f 76/76/76 1124/1124/1124 1105/1105/1105
f 76/76/76 1105/1105/1105 75/75/75
f 75/75/75 1105/1105/1105 1086/1086/1086
f 75/75/75 1086/1086/1086 74/74/74
f 74/74/74 1086/1086/1086 1067/1067/1067
f 74/74/74 1067/1067/1067 73/73/73
f 73/73/73 1067/1067/1067 1048/1048/1048
f 73/73/73 1048/1048/1048 72/72/72
f 72/72/72 1048/1048/1048 1029/1029/1029
f 72/72/72 1029/1029/1029 71/71/71
f 71/71/71 1029/1029/1029 1010/1010/1010
f 71/71/71 1010/1010/1010 70/70/70
f 70/70/70 1010/1010/1010 991/991/991
f 70/70/70 991/991/991 69/69/69
f 69/69/69 991/991/991 972/972/972
f 69/69/69 972/972/972 68/68/68
f 68/68/68 972/972/972 936/936/936
f 68/68/68 936/936/936 67/67/67
f 67/67/67 936/936/936 160/160/160
f 67/67/67 160/160/160 66/66/66
f 66/66/66 160/160/160 917/917/917
f 66/66/66 917/917/917 898/898/898
f 898/898/898 917/917/917 918/918/918
f 898/898/898 918/918/918 899/899/899
f 899/899/899 918/918/918 919/919/919
f 899/899/899 919/919/919 900/900/900
f 900/900/900 919/919/919 920/920/920
f 900/900/900 920/920/920 901/901/901
f 901/901/901 920/920/920 921/921/921
f 901/901/901 921/921/921 902/902/902
f 902/902/902 921/921/921 922/922/922
f 902/902/902 922/922/922 903/903/903
f 903/903/903 922/922/922 923/923/923
f 903/903/903 923/923/923 904/904/904
f 904/904/904 923/923/923 924/924/924
f 904/904/904 924/924/924 905/905/905
f 905/905/905 924/924/924 925/925/925
f 905/905/905 925/925/925 906/906/906
f 906/906/906 925/925/925 926/926/926
f 906/906/906 926/926/926 907/907/907
f 907/907/907 926/926/926 927/927/927
f 907/907/907 927/927/927 908/908/908
f 908/908/908 927/927/927 928/928/928
f 908/908/908 928/928/928 909/909/909
f 909/909/909 928/928/928 929/929/929
f 909/909/909 929/929/929 910/910/910
f 910/910/910 929/929/929 930/930/930
f 910/910/910 930/930/930 911/911/911
f 911/911/911 930/930/930 931/931/931
f 911/911/911 931/931/931 912/912/912
f 912/912/912 931/931/931 932/932/932
f 912/912/912 932/932/932 913/913/913
f 5/5/5 8/8/8 176/176/176
f 176/176/176 8/8/8 175/175/175
f 176/176/176 175/175/175 195/195/195
f 195/195/195 175/175/175 194/194/194
f 195/195/195 194/194/194 214/214/214
f 214/214/214 194/194/194 213/213/213
f 214/214/214 213/213/213 233/233/233
f 233/233/233 213/213/213 232/232/232
f 233/233/233 232/232/232 252/252/252
f 252/252/252 232/232/232 251/251/251
f 252/252/252 251/251/251 271/271/271
f 271/271/271 251/251/251 270/270/270
f 271/271/271 270/270/270 290/290/290
f 290/290/290 270/270/270 289/289/289
f 290/290/290 289/289/289 309/309/309
f 309/309/309 289/289/289 308/308/308
f 309/309/309 308/308/308 328/328/328
f 328/328/328 308/308/308 327/327/327
f 328/328/328 327/327/327 347/347/347
f 347/347/347 327/327/327 346/346/346
f 347/347/347 346/346/346 366/366/366
f 366/366/366 346/346/346 365/365/365
f 366/366/366 365/365/365 385/385/385
f 385/385/385 365/365/365 384/384/384
f 385/385/385 384/384/384 403/403/403
f 403/403/403 384/384/384 402/402/402
f 403/403/403 402/402/402 428/428/428
f 428/428/428 402/402/402 429/429/429
f 428/428/428 429/429/429 421/421/421
f 421/421/421 429/429/429 420/420/420
f 421/421/421 420/420/420 459/459/459
f 459/459/459 420/420/420 458/458/458
f 459/459/459 458/458/458 478/478/478
f 478/478/478 458/458/458 477/477/477
f 478/478/478 477/477/477 497/497/497
f 497/497/497 477/477/477 496/496/496
f 497/497/497 496/496/496 516/516/516
f 516/516/516 496/496/496 515/515/515
f 516/516/516 515/515/515 535/535/535
f 535/535/535 515/515/515 534/534/534
f 535/535/535 534/534/534 554/554/554
f 554/554/554 534/534/534 553/553/553
f 554/554/554 553/553/553 573/573/573
f 573/573/573 553/553/553 572/572/572
f 573/573/573 572/572/572 592/592/592
f 592/592/592 572/572/572 591/591/591
f 592/592/592 591/591/591 611/611/611
f 611/611/611 591/591/591 610/610/610
f 611/611/611 610/610/610 630/630/630
f 630/630/630 610/610/610 629/629/629
f 630/630/630 629/629/629 649/649/649
f 649/649/649 629/629/629 648/648/648
f 649/649/649 648/648/648 667/667/667
f 667/667/667 648/648/648 666/666/666
f 667/667/667 666/666/666 692/692/692
f 692/692/692 666/666/666 693/693/693
f 692/692/692 693/693/693 685/685/685
f 685/685/685 693/693/693 684/684/684
f 685/685/685 684/684/684 723/723/723
f 723/723/723 684/684/684 722/722/722
f 723/723/723 722/722/722 742/742/742
f 742/742/742 722/722/722 741/741/741
f 742/742/742 741/741/741 761/761/761
f 761/761/761 741/741/741 760/760/760
f 761/761/761 760/760/760 780/780/780
f 780/780/780 760/760/760 779/779/779
f 780/780/780 779/779/779 799/799/799
f 799/799/799 779/779/779 798/798/798
f 799/799/799 798/798/798 818/818/818
f 818/818/818 798/798/798 817/817/817
f 818/818/818 817/817/817 837/837/837
f 837/837/837 817/817/817 836/836/836
f 837/837/837 836/836/836 856/856/856
f 856/856/856 836/836/836 855/855/855
f 856/856/856 855/855/855 875/875/875
f 875/875/875 855/855/855 874/874/874
f 875/875/875 874/874/874 894/894/894
f 894/894/894 874/874/874 893/893/893
f 894/894/894 893/893/893 913/913/913
f 913/913/913 893/893/893 912/912/912
f 8/8/8 9/9/9 175/175/175
f 175/175/175 9/9/9 174/174/174
f 175/175/175 174/174/174 194/194/194
f 194/194/194 174/174/174 193/193/193
f 194/194/194 193/193/193 213/213/213
f 213/213/213 193/193/193 212/212/212
f 213/213/213 212/212/212 232/232/232
f 232/232/232 212/212/212 231/231/231
f 232/232/232 231/231/231 251/251/251
f 251/251/251 231/231/231 250/250/250
f 251/251/251 250/250/250 270/270/270
f 270/270/270 250/250/250 269/269/269
f 270/270/270 269/269/269 289/289/289
f 289/289/289 269/269/269 288/288/288
f 289/289/289 288/288/288 308/308/308
f 308/308/308 288/288/288 307/307/307
f 308/308/308 307/307/307 327/327/327
f 327/327/327 307/307/307 326/326/326
f 327/327/327 326/326/326 346/346/346
f 346/346/346 326/326/326 345/345/345
f 346/346/346 345/345/345 365/365/365
f 365/365/365 345/345/345 364/364/364
f 365/365/365 364/364/364 384/384/384
f 384/384/384 364/364/364 383/383/383
f 384/384/384 383/383/383 402/402/402
f 402/402/402 383/383/383 401/401/401
f 402/402/402 401/401/401 429/429/429
f 429/429/429 401/401/401 430/430/430
f 429/429/429 430/430/430 420/420/420
f 420/420/420 430/430/430 419/419/419
f 420/420/420 419/419/419 458/458/458
f 458/458/458 419/419/419 457/457/457
f 458/458/458 457/457/457 477/477/477
f 477/477/477 457/457/457 476/476/476
f 477/477/477 476/476/476 496/496/496
f 496/496/496 476/476/476 495/495/495
f 496/496/496 495/495/495 515/515/515
f 515/515/515 495/495/495 514/514/514
f 515/515/515 514/514/514 534/534/534
f 534/534/534 514/514/514 533/533/533
f 534/534/534 533/533/533 553/553/553
f 553/553/553 533/533/533 552/552/552
f 553/553/553 552/552/552 572/572/572
f 572/572/572 552/552/552 571/571/571
f 572/572/572 571/571/571 591/591/591
f 591/591/591 571/571/571 590/590/590
f 591/591/591 590/590/590 610/610/610
f 610/610/610 590/590/590 609/609/609
f 610/610/610 609/609/609 629/629/629
f 629/629/629 609/609/609 628/628/628
f 629/629/629 628/628/628 648/648/648
f 648/648/648 628/628/628 647/647/647
f 648/648/648 647/647/647 666/666/666
f 666/666/666 647/647/647 665/665/665
f 666/666/666 665/665/665 693/693/693
f 693/693/693 665/665/665 694/694/694
f 693/693/693 694/694/694 684/684/684
f 684/684/684 694/694/694 683/683/683
f 684/684/684 683/683/683 722/722/722
f 722/722/722 683/683/683 721/721/721
f 722/722/722 721/721/721 741/741/741
f 741/741/741 721/721/721 740/740/740
f 741/741/741 740/740/740 760/760/760
f 760/760/760 740/740/740 759/759/759
f 760/760/760 759/759/759 779/779/779
f 779/779/779 759/759/759 778/778/778
f 779/779/779 778/778/778 798/798/798
f 798/798/798 778/778/778 797/797/797
f 798/798/798 797/797/797 817/817/817
f 817/817/817 797/797/797 816/816/816
f 817/817/817 816/816/816 836/836/836
f 836/836/836 816/816/816 835/835/835
f 836/836/836 835/835/835 855/855/855
f 855/855/855 835/835/835 854/854/854
f 855/855/855 854/854/854 874/874/874
f 874/874/874 854/854/854 873/873/873
f 874/874/874 873/873/873 893/893/893
f 893/893/893 873/873/873 892/892/892
f 893/893/893 892/892/892 912/912/912
f 912/912/912 892/892/892 911/911/911
f 174/174/174 9/9/9 173/173/173
f 173/173/173 9/9/9 12/12/12
f 173/173/173 12/12/12 172/172/172
f 172/172/172 12/12/12 171/171/171
f 172/172/172 171/171/171 191/191/191
f 191/191/191 171/171/171 190/190/190
f 191/191/191 190/190/190 210/210/210
f 210/210/210 190/190/190 209/209/209
f 210/210/210 209/209/209 229/229/229
f 229/229/229 209/209/209 228/228/228
f 229/229/229 228/228/228 248/248/248
f 248/248/248 228/228/228 247/247/247
f 248/248/248 247/247/247 267/267/267
f 267/267/267 247/247/247 266/266/266
f 267/267/267 266/266/266 286/286/286
f 286/286/286 266/266/266 285/285/285
f 286/286/286 285/285/285 305/305/305
f 305/305/305 285/285/285 304/304/304
f 305/305/305 304/304/304 324/324/324
f 324/324/324 304/304/304 323/323/323
f 324/324/324 323/323/323 343/343/343
f 343/343/343 323/323/323 342/342/342
f 343/343/343 342/342/342 362/362/362
f 362/362/362 342/342/342 361/361/361
f 362/362/362 361/361/361 381/381/381
f 381/381/381 361/361/361 380/380/380
f 381/381/381 380/380/380 399/399/399
f 399/399/399 380/380/380 398/398/398
f 399/399/399 398/398/398 432/432/432
f 432/432/432 398/398/398 433/433/433
f 432/432/432 433/433/433 417/417/417
f 417/417/417 433/433/433 416/416/416
f 417/417/417 416/416/416 455/455/455
f 455/455/455 416/416/416 454/454/454
f 455/455/455 454/454/454 474/474/474
f 474/474/474 454/454/454 473/473/473
f 474/474/474 473/473/473 493/493/493
f 493/493/493 473/473/473 492/492/492
f 493/493/493 492/492/492 512/512/512
f 512/512/512 492/492/492 511/511/511
f 512/512/512 511/511/511 531/531/531
f 531/531/531 511/511/511 530/530/530
f 531/531/531 530/530/530 550/550/550
f 550/550/550 530/530/530 549/549/549
f 550/550/550 549/549/549 569/569/569
f 569/569/569 549/549/549 568/568/568
f 569/569/569 568/568/568 588/588/588
f 588/588/588 568/568/568 587/587/587
f 588/588/588 587/587/587 607/607/607
f 607/607/607 587/587/587 606/606/606
f 607/607/607 606/606/606 626/626/626
f 626/626/626 606/606/606 625/625/625
f 626/626/626 625/625/625 645/645/645
f 645/645/645 625/625/625 644/644/644
f 645/645/645 644/644/644 663/663/663
f 663/663/663 644/644/644 662/662/662
f 663/663/663 662/662/662 696/696/696
f 696/696/696 662/662/662 697/697/697
f 696/696/696 697/697/697 681/681/681
f 681/681/681 697/697/697 680/680/680
f 681/681/681 680/680/680 719/719/719
f 719/719/719 680/680/680 718/718/718
f 719/719/719 718/718/718 738/738/738
f 738/738/738 718/718/718 737/737/737
f 738/738/738 737/737/737 757/757/757
f 757/757/757 737/737/737 756/756/756
f 757/757/757 756/756/756 776/776/776
f 776/776/776 756/756/756 775/775/775
f 776/776/776 775/775/775 795/795/795
f 795/795/795 775/775/775 794/794/794
f 795/795/795 794/794/794 814/814/814
f 814/814/814 794/794/794 813/813/813
f 814/814/814 813/813/813 833/833/833
f 833/833/833 813/813/813 832/832/832
f 833/833/833 832/832/832 852/852/852
f 852/852/852 832/832/832 851/851/851
f 852/852/852 851/851/851 871/871/871
f 871/871/871 851/851/851 870/870/870
f 871/871/871 870/870/870 890/890/890
f 890/890/890 870/870/870 889/889/889
f 890/890/890 889/889/889 909/909/909
f 909/909/909 889/889/889 908/908/908
f 12/12/12 14/14/14 171/171/171
f 171/171/171 14/14/14 170/170/170
f 171/171/171 170/170/170 190/190/190
f 190/190/190 170/170/170 189/189/189
f 190/190/190 189/189/189 209/209/209
f 209/209/209 189/189/189 208/208/208
f 209/209/209 208/208/208 228/228/228
f 228/228/228 208/208/208 227/227/227
f 228/228/228 227/227/227 247/247/247
f 247/247/247 227/227/227 246/246/246
f 247/247/247 246/246/246 266/266/266
f 266/266/266 246/246/246 265/265/265
f 266/266/266 265/265/265 285/285/285
f 285/285/285 265/265/265 284/284/284
f 285/285/285 284/284/284 304/304/304
f 304/304/304 284/284/284 303/303/303
f 304/304/304 303/303/303 323/323/323
f 323/323/323 303/303/303 322/322/322
f 323/323/323 322/322/322 342/342/342
f 342/342/342 322/322/322 341/341/341
f 342/342/342 341/341/341 361/361/361
f 361/361/361 341/341/341 360/360/360
f 361/361/361 360/360/360 380/380/380
f 380/380/380 360/360/360 379/379/379
f 380/380/380 379/379/379 398/398/398
f 398/398/398 379/379/379 397/397/397
f 398/398/398 397/397/397 433/433/433
f 433/433/433 397/397/397 434/434/434
f 433/433/433 434/434/434 416/416/416
f 416/416/416 434/434/434 415/415/415
f 416/416/416 415/415/415 454/454/454
f 454/454/454 415/415/415 453/453/453
f 454/454/454 453/453/453 473/473/473
f 473/473/473 453/453/453 472/472/472
f 473/473/473 472/472/472 492/492/492
f 492/492/492 472/472/472 491/491/491
f 492/492/492 491/491/491 511/511/511
f 511/511/511 491/491/491 510/510/510
f 511/511/511 510/510/510 530/530/530
f 530/530/530 510/510/510 529/529/529
f 530/530/530 529/529/529 549/549/549
f 549/549/549 529/529/529 548/548/548
f 549/549/549 548/548/548 568/568/568
f 568/568/568 548/548/548 567/567/567
f 568/568/568 567/567/567 587/587/587
f 587/587/587 567/567/567 586/586/586
f 587/587/587 586/586/586 606/606/606
f 606/606/606 586/586/586 605/605/605
f 606/606/606 605/605/605 625/625/625
f 625/625/625 605/605/605 624/624/624
f 625/625/625 624/624/624 644/644/644
f 644/644/644 624/624/624 643/643/643
f 644/644/644 643/643/643 662/662/662
f 662/662/662 643/643/643 661/661/661
f 662/662/662 661/661/661 697/697/697
f 697/697/697 661/661/661 698/698/698
f 697/697/697 698/698/698 680/680/680
f 680/680/680 698/698/698 679/679/679
f 680/680/680 679/679/679 718/718/718
f 718/718/718 679/679/679 717/717/717
f 718/718/718 717/717/717 737/737/737
f 737/737/737 717/717/717 736/736/736
f 737/737/737 736/736/736 756/756/756
f 756/756/756 736/736/736 755/755/755
f 756/756/756 755/755/755 775/775/775
f 775/775/775 755/755/755 774/774/774
f 775/775/775 774/774/774 794/794/794
f 794/794/794 774/774/774 793/793/793
f 794/794/794 793/793/793 813/813/813
f 813/813/813 793/793/793 812/812/812
f 813/813/813 812/812/812 832/832/832
f 832/832/832 812/812/812 831/831/831
f 832/832/832 831/831/831 851/851/851
f 851/851/851 831/831/831 850/850/850
f 851/851/851 850/850/850 870/870/870
f 870/870/870 850/850/850 869/869/869
f 870/870/870 869/869/869 889/889/889
f 889/889/889 869/869/869 888/888/888
f 889/889/889 888/888/888 908/908/908
f 908/908/908 888/888/888 907/907/907
f 14/14/14 16/16/16 170/170/170
f 170/170/170 16/16/16 169/169/169
f 170/170/170 169/169/169 189/189/189
f 189/189/189 169/169/169 188/188/188
f 189/189/189 188/188/188 208/208/208
f 208/208/208 188/188/188 207/207/207
f 208/208/208 207/207/207 227/227/227
f 227/227/227 207/207/207 226/226/226
f 227/227/227 226/226/226 246/246/246
f 246/246/246 226/226/226 245/245/245
f 246/246/246 245/245/245 265/265/265
f 265/265/265 245/245/245 264/264/264
f 265/265/265 264/264/264 284/284/284
f 284/284/284 264/264/264 283/283/283
f 284/284/284 283/283/283 303/303/303
f 303/303/303 283/283/283 302/302/302
f 303/303/303 302/302/302 322/322/322
f 322/322/322 302/302/302 321/321/321
f 322/322/322 321/321/321 341/341/341
f 341/341/341 321/321/321 340/340/340
f 341/341/341 340/340/340 360/360/360
f 360/360/360 340/340/340 359/359/359
f 360/360/360 359/359/359 379/379/379
f 379/379/379 359/359/359 378/378/378
f 379/379/379 378/378/378 397/397/397
f 397/397/397 378/378/378 396/396/396
f 397/397/397 396/396/396 434/434/434
f 434/434/434 396/396/396 435/435/435
f 434/434/434 435/435/435 415/415/415
f 415/415/415 435/435/435 414/414/414
f 415/415/415 414/414/414 453/453/453
f 453/453/453 414/414/414 452/452/452
f 453/453/453 452/452/452 472/472/472
f 472/472/472 452/452/452 471/471/471
f 472/472/472 471/471/471 491/491/491
f 491/491/491 471/471/471 490/490/490
f 491/491/491 490/490/490 510/510/510
f 510/510/510 490/490/490 509/509/509
f 510/510/510 509/509/509 529/529/529
f 529/529/529 509/509/509 528/528/528
f 529/529/529 528/528/528 548/548/548
f 548/548/548 528/528/528 547/547/547
f 548/548/548 547/547/547 567/567/567
f 567/567/567 547/547/547 566/566/566
f 567/567/567 566/566/566 586/586/586
f 586/586/586 566/566/566 585/585/585
f 586/586/586 585/585/585 605/605/605
f 605/605/605 585/585/585 604/604/604
f 605/605/605 604/604/604 624/624/624
f 624/624/624 604/604/604 623/623/623
f 624/624/624 623/623/623 643/643/643
f 643/643/643 623/623/623 642/642/642
f 643/643/643 642/642/642 661/661/661
f 661/661/661 642/642/642 660/660/660
f 661/661/661 660/660/660 698/698/698
f 698/698/698 660/660/660 699/699/699
f 698/698/698 699/699/699 679/679/679
f 679/679/679 699/699/699 678/678/678
f 679/679/679 678/678/678 717/717/717
f 717/717/717 678/678/678 716/716/716
f 717/717/717 716/716/716 736/736/736
f 736/736/736 716/716/716 735/735/735
f 736/736/736 735/735/735 755/755/755
f 755/755/755 735/735/735 754/754/754
f 755/755/755 754/754/754 774/774/774
f 774/774/774 754/754/754 773/773/773
f 774/774/774 773/773/773 793/793/793
f 793/793/793 773/773/773 792/792/792
f 793/793/793 792/792/792 812/812/812
f 812/812/812 792/792/792 811/811/811
f 812/812/812 811/811/811 831/831/831
f 831/831/831 811/811/811 830/830/830
f 831/831/831 830/830/830 850/850/850
f 850/850/850 830/830/830 849/849/849
f 850/850/850 849/849/849 869/869/869
f 869/869/869 849/849/849 868/868/868
f 869/869/869 868/868/868 888/888/888
f 888/888/888 868/868/868 887/887/887
f 888/888/888 887/887/887 907/907/907
f 907/907/907 887/887/887 906/906/906
f 169/169/169 16/16/16 168/168/168
f 168/168/168 16/16/16 18/18/18
f 168/168/168 18/18/18 167/167/167
f 167/167/167 18/18/18 20/20/20
f 167/167/167 20/20/20 166/166/166
f 166/166/166 20/20/20 165/165/165
f 166/166/166 165/165/165 185/185/185
f 185/185/185 165/165/165 184/184/184
f 185/185/185 184/184/184 204/204/204
f 204/204/204 184/184/184 203/203/203
f 204/204/204 203/203/203 223/223/223
f 223/223/223 203/203/203 222/222/222
f 223/223/223 222/222/222 242/242/242
f 242/242/242 222/222/222 241/241/241
f 242/242/242 241/241/241 261/261/261
f 261/261/261 241/241/241 260/260/260
f 261/261/261 260/260/260 280/280/280
f 280/280/280 260/260/260 279/279/279
f 280/280/280 279/279/279 299/299/299
f 299/299/299 279/279/279 298/298/298
f 299/299/299 298/298/298 318/318/318
f 318/318/318 298/298/298 317/317/317
f 318/318/318 317/317/317 337/337/337
f 337/337/337 317/317/317 336/336/336
f 337/337/337 336/336/336 356/356/356
f 356/356/356 336/336/336 355/355/355
f 356/356/356 355/355/355 375/375/375
f 375/375/375 355/355/355 374/374/374
f 375/375/375 374/374/374 393/393/393
f 393/393/393 374/374/374 392/392/392
f 393/393/393 392/392/392 438/438/438
f 438/438/438 392/392/392 439/439/439
f 438/438/438 439/439/439 411/411/411
f 411/411/411 439/439/439 410/410/410
f 411/411/411 410/410/410 449/449/449
f 449/449/449 410/410/410 448/448/448
f 449/449/449 448/448/448 468/468/468
f 468/468/468 448/448/448 467/467/467
f 468/468/468 467/467/467 487/487/487
f 487/487/487 467/467/467 486/486/486
f 487/487/487 486/486/486 506/506/506
f 506/506/506 486/486/486 505/505/505
f 506/506/506 505/505/505 525/525/525
f 525/525/525 505/505/505 524/524/524
f 525/525/525 524/524/524 544/544/544
f 544/544/544 524/524/524 543/543/543
f 544/544/544 543/543/543 563/563/563
f 563/563/563 543/543/543 562/562/562
f 563/563/563 562/562/562 582/582/582
f 582/582/582 562/562/562 581/581/581
f 582/582/582 581/581/581 601/601/601
f 601/601/601 581/581/581 600/600/600
f 601/601/601 600/600/600 620/620/620
f 620/620/620 600/600/600 619/619/619
f 620/620/620 619/619/619 639/639/639
f 639/639/639 619/619/619 638/638/638
f 639/639/639 638/638/638 657/657/657
f 657/657/657 638/638/638 656/656/656
f 657/657/657 656/656/656 702/702/702
f 702/702/702 656/656/656 703/703/703
f 702/702/702 703/703/703 675/675/675
f 675/675/675 703/703/703 674/674/674
f 675/675/675 674/674/674 713/713/713
f 713/713/713 674/674/674 712/712/712
f 713/713/713 712/712/712 732/732/732
f 732/732/732 712/712/712 731/731/731
f 732/732/732 731/731/731 751/751/751
f 751/751/751 731/731/731 750/750/750
f 751/751/751 750/750/750 770/770/770
f 770/770/770 750/750/750 769/769/769
f 770/770/770 769/769/769 789/789/789
f 789/789/789 769/769/769 788/788/788
f 789/789/789 788/788/788 808/808/808
f 808/808/808 788/788/788 807/807/807
f 808/808/808 807/807/807 827/827/827
f 827/827/827 807/807/807 826/826/826
f 827/827/827 826/826/826 846/846/846
f 846/846/846 826/826/826 845/845/845
f 846/846/846 845/845/845 865/865/865
f 865/865/865 845/845/845 864/864/864
f 865/865/865 864/864/864 884/884/884
f 884/884/884 864/864/864 883/883/883
f 884/884/884 883/883/883 903/903/903
f 903/903/903 883/883/883 902/902/902
f 20/20/20 22/22/22 165/165/165
f 165/165/165 22/22/22 164/164/164
f 165/165/165 164/164/164 184/184/184
f 184/184/184 164/164/164 183/183/183
f 184/184/184 183/183/183 203/203/203
f 203/203/203 183/183/183 202/202/202
f 203/203/203 202/202/202 222/222/222
f 222/222/222 202/202/202 221/221/221
f 222/222/222 221/221/221 241/241/241
f 241/241/241 221/221/221 240/240/240
f 241/241/241 240/240/240 260/260/260
f 260/260/260 240/240/240 259/259/259
f 260/260/260 259/259/259 279/279/279
f 279/279/279 259/259/259 278/278/278
f 279/279/279 278/278/278 298/298/298
f 298/298/298 278/278/278 297/297/297
f 298/298/298 297/297/297 317/317/317
f 317/317/317 297/297/297 316/316/316
f 317/317/317 316/316/316 336/336/336
f 336/336/336 316/316/316 335/335/335
f 336/336/336 335/335/335 355/355/355
f 355/355/355 335/335/335 354/354/354
f 355/355/355 354/354/354 374/374/374
f 374/374/374 354/354/354 373/373/373
f 374/374/374 373/373/373 392/392/392
f 392/392/392 373/373/373 391/391/391
f 392/392/392 391/391/391 439/439/439
f 439/439/439 391/391/391 440/440/440
f 439/439/439 440/440/440 410/410/410
f 410/410/410 440/440/440 409/409/409
f 410/410/410 409/409/409 448/448/448
f 448/448/448 409/409/409 447/447/447
f 448/448/448 447/447/447 467/467/467
f 467/467/467 447/447/447 466/466/466
f 467/467/467 466/466/466 486/486/486
f 486/486/486 466/466/466 485/485/485
f 486/486/486 485/485/485 505/505/505
f 505/505/505 485/485/485 504/504/504
f 505/505/505 504/504/504 524/524/524
f 524/524/524 504/504/504 523/523/523
f 524/524/524 523/523/523 543/543/543
f 543/543/543 523/523/523 542/542/542
f 543/543/543 542/542/542 562/562/562
f 562/562/562 542/542/542 561/561/561
f 562/562/562 561/561/561 581/581/581
f 581/581/581 561/561/561 580/580/580
f 581/581/581 580/580/580 600/600/600
f 600/600/600 580/580/580 599/599/599
f 600/600/600 599/599/599 619/619/619
f 619/619/619 599/599/599 618/618/618
f 619/619/619 618/618/618 638/638/638
f 638/638/638 618/618/618 637/637/637
f 638/638/638 637/637/637 656/656/656
f 656/656/656 637/637/637 655/655/655
f 656/656/656 655/655/655 703/703/703
f 703/703/703 655/655/655 704/704/704
f 703/703/703 704/704/704 674/674/674
f 674/674/674 704/704/704 673/673/673
f 674/674/674 673/673/673 712/712/712
f 712/712/712 673/673/673 711/711/711
f 712/712/712 711/711/711 731/731/731
f 731/731/731 711/711/711 730/730/730
f 731/731/731 730/730/730 750/750/750
f 750/750/750 730/730/730 749/749/749
f 750/750/750 749/749/749 769/769/769
f 769/769/769 749/749/749 768/768/768
f 769/769/769 768/768/768 788/788/788
f 788/788/788 768/768/768 787/787/787
f 788/788/788 787/787/787 807/807/807
f 807/807/807 787/787/787 806/806/806
f 807/807/807 806/806/806 826/826/826
f 826/826/826 806/806/806 825/825/825
f 826/826/826 825/825/825 845/845/845
f 845/845/845 825/825/825 844/844/844
f 845/845/845 844/844/844 864/864/864
f 864/864/864 844/844/844 863/863/863
f 864/864/864 863/863/863 883/883/883
f 883/883/883 863/863/863 882/882/882
f 883/883/883 882/882/882 902/902/902
f 902/902/902 882/882/882 901/901/901
f 164/164/164 22/22/22 163/163/163
f 163/163/163 22/22/22 24/24/24
f 163/163/163 24/24/24 162/162/162
f 162/162/162 24/24/24 25/25/25
f 162/162/162 25/25/25 161/161/161
f 161/161/161 25/25/25 27/27/27
f 161/161/161 27/27/27 29/29/29
f 161/161/161 29/29/29 180/180/180
f 180/180/180 29/29/29 30/30/30
f 180/180/180 30/30/30 199/199/199
f 199/199/199 30/30/30 31/31/31
f 199/199/199 31/31/31 218/218/218
f 218/218/218 31/31/31 32/32/32
f 218/218/218 32/32/32 237/237/237
f 237/237/237 32/32/32 33/33/33
f 237/237/237 33/33/33 256/256/256
f 256/256/256 33/33/33 34/34/34
f 256/256/256 34/34/34 275/275/275
f 275/275/275 34/34/34 35/35/35
f 275/275/275 35/35/35 294/294/294
f 294/294/294 35/35/35 36/36/36
f 294/294/294 36/36/36 313/313/313
f 313/313/313 36/36/36 37/37/37
f 313/313/313 37/37/37 332/332/332
f 332/332/332 37/37/37 38/38/38
f 332/332/332 38/38/38 351/351/351
f 351/351/351 38/38/38 39/39/39
f 351/351/351 39/39/39 370/370/370
f 370/370/370 39/39/39 40/40/40
f 370/370/370 40/40/40 156/156/156
f 156/156/156 40/40/40 41/41/41
f 156/156/156 41/41/41 443/443/443
f 443/443/443 41/41/41 406/406/406
f 443/443/443 406/406/406 407/407/407
f 407/407/407 406/406/406 445/445/445
f 407/407/407 445/445/445 446/446/446
f 446/446/446 445/445/445 465/465/465
f 446/446/446 465/465/465 466/466/466
f 466/466/466 465/465/465 485/485/485
f 41/41/41 42/42/42 406/406/406
f 406/406/406 42/42/42 444/444/444
f 406/406/406 444/444/444 445/445/445
f 445/445/445 444/444/444 464/464/464
f 445/445/445 464/464/464 465/465/465
f 465/465/465 464/464/464 484/484/484
f 465/465/465 484/484/484 485/485/485
f 485/485/485 484/484/484 504/504/504
f 42/42/42 43/43/43 444/444/444
f 444/444/444 43/43/43 463/463/463
f 444/444/444 463/463/463 464/464/464
f 464/464/464 463/463/463 483/483/483
f 464/464/464 483/483/483 484/484/484
f 484/484/484 483/483/483 503/503/503
f 484/484/484 503/503/503 504/504/504
f 504/504/504 503/503/503 523/523/523
f 43/43/43 44/44/44 463/463/463
f 463/463/463 44/44/44 482/482/482
f 463/463/463 482/482/482 483/483/483
f 483/483/483 482/482/482 502/502/502
f 483/483/483 502/502/502 503/503/503
f 503/503/503 502/502/502 522/522/522
f 503/503/503 522/522/522 523/523/523
f 523/523/523 522/522/522 542/542/542
f 44/44/44 45/45/45 482/482/482
f 482/482/482 45/45/45 501/501/501
f 482/482/482 501/501/501 502/502/502
f 502/502/502 501/501/501 521/521/521
f 502/502/502 521/521/521 522/522/522
f 522/522/522 521/521/521 541/541/541
f 522/522/522 541/541/541 542/542/542
f 542/542/542 541/541/541 561/561/561
f 45/45/45 46/46/46 501/501/501
f 501/501/501 46/46/46 520/520/520
f 501/501/501 520/520/520 521/521/521
f 521/521/521 520/520/520 540/540/540
f 521/521/521 540/540/540 541/541/541
f 541/541/541 540/540/540 560/560/560
f 541/541/541 560/560/560 561/561/561
f 561/561/561 560/560/560 580/580/580
f 46/46/46 47/47/47 520/520/520
f 520/520/520 47/47/47 539/539/539
f 520/520/520 539/539/539 540/540/540
f 540/540/540 539/539/539 559/559/559
f 540/540/540 559/559/559 560/560/560
f 560/560/560 559/559/559 579/579/579
f 560/560/560 579/579/579 580/580/580
f 580/580/580 579/579/579 599/599/599
f 47/47/47 48/48/48 539/539/539
f 539/539/539 48/48/48 558/558/558
f 539/539/539 558/558/558 559/559/559
f 559/559/559 558/558/558 578/578/578
f 559/559/559 578/578/578 579/579/579
f 579/579/579 578/578/578 598/598/598
f 579/579/579 598/598/598 599/599/599
f 599/599/599 598/598/598 618/618/618
f 48/48/48 49/49/49 558/558/558
f 558/558/558 49/49/49 577/577/577
f 558/558/558 577/577/577 578/578/578
f 578/578/578 577/577/577 597/597/597
f 578/578/578 597/597/597 598/598/598
f 598/598/598 597/597/597 617/617/617
f 598/598/598 617/617/617 618/618/618
f 618/618/618 617/617/617 637/637/637
f 49/49/49 50/50/50 577/577/577
f 577/577/577 50/50/50 596/596/596
f 577/577/577 596/596/596 597/597/597
f 597/597/597 596/596/596 616/616/616
f 597/597/597 616/616/616 617/617/617
f 617/617/617 616/616/616 636/636/636
f 617/617/617 636/636/636 637/637/637
f 637/637/637 636/636/636 655/655/655
f 50/50/50 51/51/51 596/596/596
f 596/596/596 51/51/51 615/615/615
f 596/596/596 615/615/615 616/616/616
f 616/616/616 615/615/615 635/635/635
f 616/616/616 635/635/635 636/636/636
f 636/636/636 635/635/635 654/654/654
f 636/636/636 654/654/654 655/655/655
f 655/655/655 654/654/654 704/704/704
f 51/51/51 52/52/52 615/615/615
f 615/615/615 52/52/52 634/634/634
f 615/615/615 634/634/634 635/635/635
f 635/635/635 634/634/634 653/653/653
f 635/635/635 653/653/653 654/654/654
f 654/654/654 653/653/653 705/705/705
f 654/654/654 705/705/705 704/704/704
f 704/704/704 705/705/705 673/673/673
f 52/52/52 53/53/53 634/634/634
f 634/634/634 53/53/53 158/158/158
f 634/634/634 158/158/158 653/653/653
f 653/653/653 158/158/158 706/706/706
f 653/653/653 706/706/706 705/705/705
f 705/705/705 706/706/706 672/672/672
f 705/705/705 672/672/672 673/673/673
f 673/673/673 672/672/672 711/711/711
f 53/53/53 54/54/54 158/158/158
f 158/158/158 54/54/54 707/707/707
f 158/158/158 707/707/707 706/706/706
f 706/706/706 707/707/707 671/671/671
f 706/706/706 671/671/671 672/672/672
f 672/672/672 671/671/671 710/710/710
f 672/672/672 710/710/710 711/711/711
f 711/711/711 710/710/710 730/730/730
f 707/707/707 54/54/54 670/670/670
f 670/670/670 54/54/54 55/55/55
f 670/670/670 55/55/55 708/708/708
f 708/708/708 55/55/55 56/56/56
f 708/708/708 56/56/56 727/727/727
f 727/727/727 56/56/56 57/57/57
f 727/727/727 57/57/57 746/746/746
f 746/746/746 57/57/57 58/58/58
f 746/746/746 58/58/58 765/765/765
f 765/765/765 58/58/58 59/59/59
f 765/765/765 59/59/59 784/784/784
f 784/784/784 59/59/59 60/60/60
f 784/784/784 60/60/60 803/803/803
f 803/803/803 60/60/60 61/61/61
f 803/803/803 61/61/61 822/822/822
f 822/822/822 61/61/61 62/62/62
f 822/822/822 62/62/62 841/841/841
f 841/841/841 62/62/62 63/63/63
f 841/841/841 63/63/63 860/860/860
f 860/860/860 63/63/63 64/64/64
f 860/860/860 64/64/64 879/879/879
f 879/879/879 64/64/64 65/65/65
f 879/879/879 65/65/65 898/898/898
f 898/898/898 65/65/65 66/66/66
f 1218/1218/1218 79/79/79 1181/1181/1181
f 1181/1181/1181 79/79/79 80/80/80
f 1181/1181/1181 80/80/80 1219/1219/1219
f 1219/1219/1219 80/80/80 81/81/81
f 1219/1219/1219 81/81/81 1238/1238/1238
f 1238/1238/1238 81/81/81 82/82/82
f 1238/1238/1238 82/82/82 1257/1257/1257
f 1257/1257/1257 82/82/82 83/83/83
f 1257/1257/1257 83/83/83 1276/1276/1276
f 1276/1276/1276 83/83/83 84/84/84
f 1276/1276/1276 84/84/84 1295/1295/1295
f 1295/1295/1295 84/84/84 85/85/85
f 1295/1295/1295 85/85/85 1314/1314/1314
f 1314/1314/1314 85/85/85 86/86/86
f 1314/1314/1314 86/86/86 1333/1333/1333
f 1333/1333/1333 86/86/86 87/87/87
f 1333/1333/1333 87/87/87 1352/1352/1352
f 1352/1352/1352 87/87/87 88/88/88
f 1352/1352/1352 88/88/88 1371/1371/1371
f 1371/1371/1371 88/88/88 89/89/89
f 1371/1371/1371 89/89/89 1390/1390/1390
f 1390/1390/1390 89/89/89 90/90/90
f 1390/1390/1390 90/90/90 1409/1409/1409
f 1409/1409/1409 90/90/90 91/91/91
f 1409/1409/1409 91/91/91 26/26/26
f 26/26/26 91/91/91 28/28/28
f 1409/1409/1409 26/26/26 1410/1410/1410
f 1410/1410/1410 26/26/26 23/23/23
f 1410/1410/1410 23/23/23 1411/1411/1411
f 1411/1411/1411 23/23/23 21/21/21
f 1411/1411/1411 21/21/21 1412/1412/1412
f 1412/1412/1412 21/21/21 1413/1413/1413
f 1412/1412/1412 1413/1413/1413 1393/1393/1393
f 1393/1393/1393 1413/1413/1413 1394/1394/1394
f 1393/1393/1393 1394/1394/1394 1374/1374/1374
f 1374/1374/1374 1394/1394/1394 1375/1375/1375
f 1374/1374/1374 1375/1375/1375 1355/1355/1355
f 1355/1355/1355 1375/1375/1375 1356/1356/1356
f 1355/1355/1355 1356/1356/1356 1336/1336/1336
f 1336/1336/1336 1356/1356/1356 1337/1337/1337
f 1336/1336/1336 1337/1337/1337 1317/1317/1317
f 1317/1317/1317 1337/1337/1337 1318/1318/1318
f 1317/1317/1317 1318/1318/1318 1298/1298/1298
f 1298/1298/1298 1318/1318/1318 1299/1299/1299
f 1298/1298/1298 1299/1299/1299 1279/1279/1279
f 1279/1279/1279 1299/1299/1299 1280/1280/1280
f 1279/1279/1279 1280/1280/1280 1260/1260/1260
f 1260/1260/1260 1280/1280/1280 1261/1261/1261
f 1260/1260/1260 1261/1261/1261 1241/1241/1241
f 21/21/21 19/19/19 1413/1413/1413
f 1413/1413/1413 19/19/19 1414/1414/1414
f 1413/1413/1413 1414/1414/1414 1394/1394/1394
f 1394/1394/1394 1414/1414/1414 1395/1395/1395
f 1394/1394/1394 1395/1395/1395 1375/1375/1375
f 1375/1375/1375 1395/1395/1395 1376/1376/1376
f 1375/1375/1375 1376/1376/1376 1356/1356/1356
f 1356/1356/1356 1376/1376/1376 1357/1357/1357
f 1356/1356/1356 1357/1357/1357 1337/1337/1337
f 1337/1337/1337 1357/1357/1357 1338/1338/1338
f 1337/1337/1337 1338/1338/1338 1318/1318/1318
f 1318/1318/1318 1338/1338/1338 1319/1319/1319
f 1318/1318/1318 1319/1319/1319 1299/1299/1299
f 1299/1299/1299 1319/1319/1319 1300/1300/1300
f 1299/1299/1299 1300/1300/1300 1280/1280/1280
f 1280/1280/1280 1300/1300/1300 1281/1281/1281
f 1280/1280/1280 1281/1281/1281 1261/1261/1261
f 1414/1414/1414 19/19/19 1415/1415/1415
f 1415/1415/1415 19/19/19 17/17/17
f 1415/1415/1415 17/17/17 1416/1416/1416
f 1416/1416/1416 17/17/17 15/15/15
f 1416/1416/1416 15/15/15 1417/1417/1417
f 1417/1417/1417 15/15/15 1418/1418/1418
f 1417/1417/1417 1418/1418/1418 1398/1398/1398
f 1398/1398/1398 1418/1418/1418 1399/1399/1399
f 1398/1398/1398 1399/1399/1399 1379/1379/1379
f 1379/1379/1379 1399/1399/1399 1380/1380/1380
f 1379/1379/1379 1380/1380/1380 1360/1360/1360
f 1360/1360/1360 1380/1380/1380 1361/1361/1361
f 1360/1360/1360 1361/1361/1361 1341/1341/1341
f 15/15/15 13/13/13 1418/1418/1418
f 1418/1418/1418 13/13/13 1419/1419/1419
f 1418/1418/1418 1419/1419/1419 1399/1399/1399
f 1399/1399/1399 1419/1419/1419 1400/1400/1400
f 1399/1399/1399 1400/1400/1400 1380/1380/1380
f 1380/1380/1380 1400/1400/1400 1381/1381/1381
f 1380/1380/1380 1381/1381/1381 1361/1361/1361
f 13/13/13 11/11/11 1419/1419/1419
f 1419/1419/1419 11/11/11 1420/1420/1420
f 1419/1419/1419 1420/1420/1420 1400/1400/1400
f 1400/1400/1400 1420/1420/1420 1401/1401/1401
f 1400/1400/1400 1401/1401/1401 1381/1381/1381
f 1420/1420/1420 11/11/11 1421/1421/1421
f 1421/1421/1421 11/11/11 10/10/10
f 1425/1425/1425 6/6/6 1426/1426/1426
f 1426/1426/1426 6/6/6 4/4/4
f 1426/1426/1426 4/4/4 1427/1427/1427
f 1427/1427/1427 4/4/4 2/2/2
f 1427/1427/1427 2/2/2 92/92/92
f 92/92/92 93/93/93 1427/1427/1427
f 1427/1427/1427 93/93/93 1408/1408/1408
f 1427/1427/1427 1408/1408/1408 1407/1407/1407
f 1407/1407/1407 1408/1408/1408 1388/1388/1388
f 1407/1407/1407 1388/1388/1388 1387/1387/1387
f 1387/1387/1387 1388/1388/1388 1368/1368/1368
f 93/93/93 94/94/94 1408/1408/1408
f 1408/1408/1408 94/94/94 1389/1389/1389
f 1408/1408/1408 1389/1389/1389 1388/1388/1388
f 1388/1388/1388 1389/1389/1389 1369/1369/1369
f 1388/1388/1388 1369/1369/1369 1368/1368/1368
f 1368/1368/1368 1369/1369/1369 1349/1349/1349
f 94/94/94 95/95/95 1389/1389/1389
f 1389/1389/1389 95/95/95 1370/1370/1370
f 1389/1389/1389 1370/1370/1370 1369/1369/1369
f 1369/1369/1369 1370/1370/1370 1350/1350/1350
f 1369/1369/1369 1350/1350/1350 1349/1349/1349
f 1349/1349/1349 1350/1350/1350 1330/1330/1330
f 95/95/95 96/96/96 1370/1370/1370
f 1370/1370/1370 96/96/96 1351/1351/1351
f 1370/1370/1370 1351/1351/1351 1350/1350/1350
f 1350/1350/1350 1351/1351/1351 1331/1331/1331
f 1350/1350/1350 1331/1331/1331 1330/1330/1330
f 1330/1330/1330 1331/1331/1331 1311/1311/1311
f 96/96/96 97/97/97 1351/1351/1351
f 1351/1351/1351 97/97/97 1332/1332/1332
f 1351/1351/1351 1332/1332/1332 1331/1331/1331
f 1331/1331/1331 1332/1332/1332 1312/1312/1312
f 1331/1331/1331 1312/1312/1312 1311/1311/1311
f 1311/1311/1311 1312/1312/1312 1292/1292/1292
f 97/97/97 98/98/98 1332/1332/1332
f 1332/1332/1332 98/98/98 1313/1313/1313
f 1332/1332/1332 1313/1313/1313 1312/1312/1312
f 1312/1312/1312 1313/1313/1313 1293/1293/1293
f 1312/1312/1312 1293/1293/1293 1292/1292/1292
f 1292/1292/1292 1293/1293/1293 1273/1273/1273
f 98/98/98 99/99/99 1313/1313/1313
f 1313/1313/1313 99/99/99 1294/1294/1294
f 1313/1313/1313 1294/1294/1294 1293/1293/1293
f 1293/1293/1293 1294/1294/1294 1274/1274/1274
f 1293/1293/1293 1274/1274/1274 1273/1273/1273
f 1273/1273/1273 1274/1274/1274 1254/1254/1254
f 99/99/99 100/100/100 1294/1294/1294
f 1294/1294/1294 100/100/100 1275/1275/1275
f 1294/1294/1294 1275/1275/1275 1274/1274/1274
f 1274/1274/1274 1275/1275/1275 1255/1255/1255
f 1274/1274/1274 1255/1255/1255 1254/1254/1254
f 1254/1254/1254 1255/1255/1255 1235/1235/1235
f 100/100/100 101/101/101 1275/1275/1275
f 1275/1275/1275 101/101/101 1256/1256/1256
f 1275/1275/1275 1256/1256/1256 1255/1255/1255
f 1255/1255/1255 1256/1256/1256 1236/1236/1236
f 1255/1255/1255 1236/1236/1236 1235/1235/1235
f 1235/1235/1235 1236/1236/1236 1197/1197/1197
f 101/101/101 102/102/102 1256/1256/1256
f 1256/1256/1256 102/102/102 1237/1237/1237
f 1256/1256/1256 1237/1237/1237 1236/1236/1236
f 1236/1236/1236 1237/1237/1237 1198/1198/1198
f 1236/1236/1236 1198/1198/1198 1197/1197/1197
f 1197/1197/1197 1198/1198/1198 1202/1202/1202
f 102/102/102 103/103/103 1237/1237/1237
f 1237/1237/1237 103/103/103 1199/1199/1199
f 1237/1237/1237 1199/1199/1199 1198/1198/1198
f 1198/1198/1198 1199/1199/1199 1201/1201/1201
f 1198/1198/1198 1201/1201/1201 1202/1202/1202
f 1202/1202/1202 1201/1201/1201 1178/1178/1178
f 103/103/103 104/104/104 1199/1199/1199
f 1199/1199/1199 104/104/104 1200/1200/1200
f 1199/1199/1199 1200/1200/1200 1201/1201/1201
f 1201/1201/1201 1200/1200/1200 1179/1179/1179
f 1201/1201/1201 1179/1179/1179 1178/1178/1178
f 1178/1178/1178 1179/1179/1179 1159/1159/1159
f 1200/1200/1200 104/104/104 1180/1180/1180
f 1180/1180/1180 104/104/104 105/105/105
f 1180/1180/1180 105/105/105 1161/1161/1161
f 1161/1161/1161 105/105/105 106/106/106
f 1161/1161/1161 106/106/106 1142/1142/1142
f 1142/1142/1142 106/106/106 107/107/107
f 1142/1142/1142 107/107/107 1123/1123/1123
f 1123/1123/1123 107/107/107 108/108/108
f 1123/1123/1123 108/108/108 1104/1104/1104
f 1104/1104/1104 108/108/108 109/109/109
f 1104/1104/1104 109/109/109 1085/1085/1085
f 1085/1085/1085 109/109/109 110/110/110
f 1085/1085/1085 110/110/110 1066/1066/1066
f 1066/1066/1066 110/110/110 111/111/111
f 1066/1066/1066 111/111/111 1047/1047/1047
f 1047/1047/1047 111/111/111 112/112/112
f 1047/1047/1047 112/112/112 1028/1028/1028
f 1028/1028/1028 112/112/112 113/113/113
f 1028/1028/1028 113/113/113 1009/1009/1009
f 1009/1009/1009 113/113/113 114/114/114
f 1009/1009/1009 114/114/114 990/990/990
f 990/990/990 114/114/114 115/115/115
f 990/990/990 115/115/115 954/954/954
f 954/954/954 115/115/115 116/116/116
f 954/954/954 116/116/116 159/159/159
f 159/159/159 116/116/116 117/117/117
f 159/159/159 117/117/117 935/935/935
f 935/935/935 117/117/117 916/916/916
f 935/935/935 916/916/916 915/915/915
f 915/915/915 916/916/916 896/896/896
f 915/915/915 896/896/896 895/895/895
f 895/895/895 896/896/896 876/876/876
f 117/117/117 118/118/118 916/916/916
f 916/916/916 118/118/118 897/897/897
f 916/916/916 897/897/897 896/896/896
f 896/896/896 897/897/897 877/877/877
f 896/896/896 877/877/877 876/876/876
f 876/876/876 877/877/877 857/857/857
f 118/118/118 119/119/119 897/897/897
f 897/897/897 119/119/119 878/878/878
f 897/897/897 878/878/878 877/877/877
f 877/877/877 878/878/878 858/858/858
f 877/877/877 858/858/858 857/857/857
f 857/857/857 858/858/858 838/838/838
f 119/119/119 120/120/120 878/878/878
f 878/878/878 120/120/120 859/859/859
f 878/878/878 859/859/859 858/858/858
f 858/858/858 859/859/859 839/839/839
f 858/858/858 839/839/839 838/838/838
f 838/838/838 839/839/839 819/819/819
f 120/120/120 121/121/121 859/859/859
f 859/859/859 121/121/121 840/840/840
f 859/859/859 840/840/840 839/839/839
f 839/839/839 840/840/840 820/820/820
f 839/839/839 820/820/820 819/819/819
f 819/819/819 820/820/820 800/800/800
f 121/121/121 122/122/122 840/840/840
f 840/840/840 122/122/122 821/821/821
f 840/840/840 821/821/821 820/820/820
f 820/820/820 821/821/821 801/801/801
f 820/820/820 801/801/801 800/800/800
f 800/800/800 801/801/801 781/781/781
f 122/122/122 123/123/123 821/821/821
f 821/821/821 123/123/123 802/802/802
f 821/821/821 802/802/802 801/801/801
f 801/801/801 802/802/802 782/782/782
f 801/801/801 782/782/782 781/781/781
f 781/781/781 782/782/782 762/762/762
f 123/123/123 124/124/124 802/802/802
f 802/802/802 124/124/124 783/783/783
f 802/802/802 783/783/783 782/782/782
f 782/782/782 783/783/783 763/763/763
f 782/782/782 763/763/763 762/762/762
f 762/762/762 763/763/763 743/743/743
f 124/124/124 125/125/125 783/783/783
f 783/783/783 125/125/125 764/764/764
f 783/783/783 764/764/764 763/763/763
f 763/763/763 764/764/764 744/744/744
f 763/763/763 744/744/744 743/743/743
f 743/743/743 744/744/744 724/724/724
f 125/125/125 126/126/126 764/764/764
f 764/764/764 126/126/126 745/745/745
f 764/764/764 745/745/745 744/744/744
f 744/744/744 745/745/745 725/725/725
f 744/744/744 725/725/725 724/724/724
f 724/724/724 725/725/725 686/686/686
f 126/126/126 127/127/127 745/745/745
f 745/745/745 127/127/127 726/726/726
f 745/745/745 726/726/726 725/725/725
f 725/725/725 726/726/726 687/687/687
f 725/725/725 687/687/687 686/686/686
f 686/686/686 687/687/687 691/691/691
f 127/127/127 128/128/128 726/726/726
f 726/726/726 128/128/128 688/688/688
f 726/726/726 688/688/688 687/687/687
f 687/687/687 688/688/688 690/690/690
f 687/687/687 690/690/690 691/691/691
f 691/691/691 690/690/690 668/668/668
f 128/128/128 129/129/129 688/688/688
f 688/688/688 129/129/129 689/689/689
f 688/688/688 689/689/689 690/690/690
f 690/690/690 689/689/689 669/669/669
f 690/690/690 669/669/669 668/668/668
f 668/668/668 669/669/669 650/650/650
f 689/689/689 129/129/129 157/157/157
f 157/157/157 129/129/129 130/130/130
f 157/157/157 130/130/130 652/652/652
f 652/652/652 130/130/130 131/131/131
f 652/652/652 131/131/131 633/633/633
f 633/633/633 131/131/131 132/132/132
f 633/633/633 132/132/132 614/614/614
f 614/614/614 132/132/132 133/133/133
f 614/614/614 133/133/133 595/595/595
f 595/595/595 133/133/133 134/134/134
f 595/595/595 134/134/134 576/576/576
f 576/576/576 134/134/134 135/135/135
f 576/576/576 135/135/135 557/557/557
f 557/557/557 135/135/135 136/136/136
f 557/557/557 136/136/136 538/538/538
f 538/538/538 136/136/136 137/137/137
f 538/538/538 137/137/137 519/519/519
f 519/519/519 137/137/137 138/138/138
f 519/519/519 138/138/138 500/500/500
f 500/500/500 138/138/138 139/139/139
f 500/500/500 139/139/139 481/481/481
f 481/481/481 139/139/139 140/140/140
f 481/481/481 140/140/140 462/462/462
f 462/462/462 140/140/140 141/141/141
f 462/462/462 141/141/141 424/424/424
f 424/424/424 141/141/141 142/142/142
f 424/424/424 142/142/142 425/425/425
f 425/425/425 142/142/142 155/155/155
f 425/425/425 155/155/155 405/405/405
f 405/405/405 155/155/155 387/387/387
f 405/405/405 387/387/387 386/386/386
f 386/386/386 387/387/387 367/367/367
f 142/142/142 143/143/143 155/155/155
f 155/155/155 143/143/143 388/388/388
f 155/155/155 388/388/388 387/387/387
f 387/387/387 388/388/388 368/368/368
f 387/387/387 368/368/368 367/367/367
f 367/367/367 368/368/368 348/348/348
f 143/143/143 144/144/144 388/388/388
f 388/388/388 144/144/144 369/369/369
f 388/388/388 369/369/369 368/368/368
f 368/368/368 369/369/369 349/349/349
f 368/368/368 349/349/349 348/348/348
f 348/348/348 349/349/349 329/329/329
f 144/144/144 145/145/145 369/369/369
f 369/369/369 145/145/145 350/350/350
f 369/369/369 350/350/350 349/349/349
f 349/349/349 350/350/350 330/330/330
f 349/349/349 330/330/330 329/329/329
f 329/329/329 330/330/330 310/310/310
f 145/145/145 146/146/146 350/350/350
f 350/350/350 146/146/146 331/331/331
f 350/350/350 331/331/331 330/330/330
f 330/330/330 331/331/331 311/311/311
f 330/330/330 311/311/311 310/310/310
f 310/310/310 311/311/311 291/291/291
f 146/146/146 147/147/147 331/331/331
f 331/331/331 147/147/147 312/312/312
f 331/331/331 312/312/312 311/311/311
f 311/311/311 312/312/312 292/292/292
f 311/311/311 292/292/292 291/291/291
f 291/291/291 292/292/292 272/272/272
f 147/147/147 148/148/148 312/312/312
f 312/312/312 148/148/148 293/293/293
f 312/312/312 293/293/293 292/292/292
f 292/292/292 293/293/293 273/273/273
f 292/292/292 273/273/273 272/272/272
f 272/272/272 273/273/273 253/253/253
f 148/148/148 149/149/149 293/293/293
f 293/293/293 149/149/149 274/274/274
f 293/293/293 274/274/274 273/273/273
f 273/273/273 274/274/274 254/254/254
f 273/273/273 254/254/254 253/253/253
f 253/253/253 254/254/254 234/234/234
f 149/149/149 150/150/150 274/274/274
f 274/274/274 150/150/150 255/255/255
f 274/274/274 255/255/255 254/254/254
f 254/254/254 255/255/255 235/235/235
f 254/254/254 235/235/235 234/234/234
f 234/234/234 235/235/235 215/215/215
f 150/150/150 151/151/151 255/255/255
f 255/255/255 151/151/151 236/236/236
f 255/255/255 236/236/236 235/235/235
f 235/235/235 236/236/236 216/216/216
f 235/235/235 216/216/216 215/215/215
f 215/215/215 216/216/216 196/196/196
f 151/151/151 152/152/152 236/236/236
f 236/236/236 152/152/152 217/217/217
f 236/236/236 217/217/217 216/216/216
f 216/216/216 217/217/217 197/197/197
f 216/216/216 197/197/197 196/196/196
f 196/196/196 197/197/197 177/177/177
f 152/152/152 153/153/153 217/217/217
f 217/217/217 153/153/153 198/198/198
f 217/217/217 198/198/198 197/197/197
f 197/197/197 198/198/198 178/178/178
f 197/197/197 178/178/178 177/177/177
f 153/153/153 154/154/154 198/198/198
f 198/198/198 154/154/154 179/179/179
f 198/198/198 179/179/179 178/178/178
f 162/162/162 161/161/161 181/181/181
f 181/181/181 161/161/161 180/180/180
f 181/181/181 180/180/180 200/200/200
f 200/200/200 180/180/180 199/199/199
f 200/200/200 199/199/199 219/219/219
f 219/219/219 199/199/199 218/218/218
f 219/219/219 218/218/218 238/238/238
f 238/238/238 218/218/218 237/237/237
f 238/238/238 237/237/237 257/257/257
f 257/257/257 237/237/237 256/256/256
f 257/257/257 256/256/256 276/276/276
f 276/276/276 256/256/256 275/275/275
f 276/276/276 275/275/275 295/295/295
f 295/295/295 275/275/275 294/294/294
f 295/295/295 294/294/294 314/314/314
f 314/314/314 294/294/294 313/313/313
f 314/314/314 313/313/313 333/333/333
f 333/333/333 313/313/313 332/332/332
f 333/333/333 332/332/332 352/352/352
f 352/352/352 332/332/332 351/351/351
f 352/352/352 351/351/351 371/371/371
f 371/371/371 351/351/351 370/370/370
f 371/371/371 370/370/370 389/389/389
f 389/389/389 370/370/370 156/156/156
f 389/389/389 156/156/156 442/442/442
f 442/442/442 156/156/156 443/443/443
f 442/442/442 443/443/443 407/407/407
f 183/183/183 164/164/164 163/163/163
f 163/163/163 162/162/162 182/182/182
f 182/182/182 162/162/162 181/181/181
f 182/182/182 181/181/181 201/201/201
f 201/201/201 181/181/181 200/200/200
f 201/201/201 200/200/200 220/220/220
f 220/220/220 200/200/200 219/219/219
f 220/220/220 219/219/219 239/239/239
f 239/239/239 219/219/219 238/238/238
f 239/239/239 238/238/238 258/258/258
f 258/258/258 238/238/238 257/257/257
f 258/258/258 257/257/257 277/277/277
f 277/277/277 257/257/257 276/276/276
f 277/277/277 276/276/276 296/296/296
f 296/296/296 276/276/276 295/295/295
f 296/296/296 295/295/295 315/315/315
f 315/315/315 295/295/295 314/314/314
f 315/315/315 314/314/314 334/334/334
f 334/334/334 314/314/314 333/333/333
f 334/334/334 333/333/333 353/353/353
f 353/353/353 333/333/333 352/352/352
f 353/353/353 352/352/352 372/372/372
f 372/372/372 352/352/352 371/371/371
f 372/372/372 371/371/371 390/390/390
f 390/390/390 371/371/371 389/389/389
f 390/390/390 389/389/389 441/441/441
f 441/441/441 389/389/389 442/442/442
f 441/441/441 442/442/442 408/408/408
f 408/408/408 442/442/442 407/407/407
f 408/408/408 407/407/407 446/446/446
f 167/167/167 166/166/166 186/186/186
f 186/186/186 166/166/166 185/185/185
f 186/186/186 185/185/185 205/205/205
f 205/205/205 185/185/185 204/204/204
f 205/205/205 204/204/204 224/224/224
f 224/224/224 204/204/204 223/223/223
f 224/224/224 223/223/223 243/243/243
f 243/243/243 223/223/223 242/242/242
f 243/243/243 242/242/242 262/262/262
f 262/262/262 242/242/242 261/261/261
f 262/262/262 261/261/261 281/281/281
f 281/281/281 261/261/261 280/280/280
f 281/281/281 280/280/280 300/300/300
f 300/300/300 280/280/280 299/299/299
f 300/300/300 299/299/299 319/319/319
f 319/319/319 299/299/299 318/318/318
f 319/319/319 318/318/318 338/338/338
f 338/338/338 318/318/318 337/337/337
f 338/338/338 337/337/337 357/357/357
f 357/357/357 337/337/337 356/356/356
f 357/357/357 356/356/356 376/376/376
f 376/376/376 356/356/356 375/375/375
f 376/376/376 375/375/375 394/394/394
f 394/394/394 375/375/375 393/393/393
f 394/394/394 393/393/393 437/437/437
f 437/437/437 393/393/393 438/438/438
f 437/437/437 438/438/438 412/412/412
f 412/412/412 438/438/438 411/411/411
f 412/412/412 411/411/411 450/450/450
f 450/450/450 411/411/411 449/449/449
f 450/450/450 449/449/449 469/469/469
f 469/469/469 449/449/449 468/468/468
f 469/469/469 468/468/468 488/488/488
f 488/488/488 468/468/468 487/487/487
f 488/488/488 487/487/487 507/507/507
f 507/507/507 487/487/487 506/506/506
f 507/507/507 506/506/506 526/526/526
f 526/526/526 506/506/506 525/525/525
f 526/526/526 525/525/525 545/545/545
f 545/545/545 525/525/525 544/544/544
f 545/545/545 544/544/544 564/564/564
f 564/564/564 544/544/544 563/563/563
f 564/564/564 563/563/563 583/583/583
f 583/583/583 563/563/563 582/582/582
f 583/583/583 582/582/582 602/602/602
f 602/602/602 582/582/582 601/601/601
f 602/602/602 601/601/601 621/621/621
f 621/621/621 601/601/601 620/620/620
f 621/621/621 620/620/620 640/640/640
f 640/640/640 620/620/620 639/639/639
f 640/640/640 639/639/639 658/658/658
f 658/658/658 639/639/639 657/657/657
f 658/658/658 657/657/657 701/701/701
f 701/701/701 657/657/657 702/702/702
f 701/701/701 702/702/702 676/676/676
f 676/676/676 702/702/702 675/675/675
f 676/676/676 675/675/675 714/714/714
f 714/714/714 675/675/675 713/713/713
f 714/714/714 713/713/713 733/733/733
f 733/733/733 713/713/713 732/732/732
f 733/733/733 732/732/732 752/752/752
f 752/752/752 732/732/732 751/751/751
f 752/752/752 751/751/751 771/771/771
f 771/771/771 751/751/751 770/770/770
f 771/771/771 770/770/770 790/790/790
f 790/790/790 770/770/770 789/789/789
f 790/790/790 789/789/789 809/809/809
f 809/809/809 789/789/789 808/808/808
f 809/809/809 808/808/808 828/828/828
f 828/828/828 808/808/808 827/827/827
f 828/828/828 827/827/827 847/847/847
f 847/847/847 827/827/827 846/846/846
f 847/847/847 846/846/846 866/866/866
f 866/866/866 846/846/846 865/865/865
f 866/866/866 865/865/865 885/885/885
f 885/885/885 865/865/865 884/884/884
f 885/885/885 884/884/884 904/904/904
f 904/904/904 884/884/884 903/903/903
f 188/188/188 169/169/169 168/168/168
f 168/168/168 167/167/167 187/187/187
f 187/187/187 167/167/167 186/186/186
f 187/187/187 186/186/186 206/206/206
f 206/206/206 186/186/186 205/205/205
f 206/206/206 205/205/205 225/225/225
f 225/225/225 205/205/205 224/224/224
f 225/225/225 224/224/224 244/244/244
f 244/244/244 224/224/224 243/243/243
f 244/244/244 243/243/243 263/263/263
f 263/263/263 243/243/243 262/262/262
f 263/263/263 262/262/262 282/282/282
f 282/282/282 262/262/262 281/281/281
f 282/282/282 281/281/281 301/301/301
f 301/301/301 281/281/281 300/300/300
f 301/301/301 300/300/300 320/320/320
f 320/320/320 300/300/300 319/319/319
f 320/320/320 319/319/319 339/339/339
f 339/339/339 319/319/319 338/338/338
f 339/339/339 338/338/338 358/358/358
f 358/358/358 338/338/338 357/357/357
f 358/358/358 357/357/357 377/377/377
f 377/377/377 357/357/357 376/376/376
f 377/377/377 376/376/376 395/395/395
f 395/395/395 376/376/376 394/394/394
f 395/395/395 394/394/394 436/436/436
f 436/436/436 394/394/394 437/437/437
f 436/436/436 437/437/437 413/413/413
f 413/413/413 437/437/437 412/412/412
f 413/413/413 412/412/412 451/451/451
f 451/451/451 412/412/412 450/450/450
f 451/451/451 450/450/450 470/470/470
f 470/470/470 450/450/450 469/469/469
f 470/470/470 469/469/469 489/489/489
f 489/489/489 469/469/469 488/488/488
f 489/489/489 488/488/488 508/508/508
f 508/508/508 488/488/488 507/507/507
f 508/508/508 507/507/507 527/527/527
f 527/527/527 507/507/507 526/526/526
f 527/527/527 526/526/526 546/546/546
f 546/546/546 526/526/526 545/545/545
f 546/546/546 545/545/545 565/565/565
f 565/565/565 545/545/545 564/564/564
f 565/565/565 564/564/564 584/584/584
f 584/584/584 564/564/564 583/583/583
f 584/584/584 583/583/583 603/603/603
f 603/603/603 583/583/583 602/602/602
f 603/603/603 602/602/602 622/622/622
f 622/622/622 602/602/602 621/621/621
f 622/622/622 621/621/621 641/641/641
f 641/641/641 621/621/621 640/640/640
f 641/641/641 640/640/640 659/659/659
f 659/659/659 640/640/640 658/658/658
f 659/659/659 658/658/658 700/700/700
f 700/700/700 658/658/658 701/701/701
f 700/700/700 701/701/701 677/677/677
f 677/677/677 701/701/701 676/676/676
f 677/677/677 676/676/676 715/715/715
f 715/715/715 676/676/676 714/714/714
f 715/715/715 714/714/714 734/734/734
f 734/734/734 714/714/714 733/733/733
f 734/734/734 733/733/733 753/753/753
f 753/753/753 733/733/733 752/752/752
f 753/753/753 752/752/752 772/772/772
f 772/772/772 752/752/752 771/771/771
f 772/772/772 771/771/771 791/791/791
f 791/791/791 771/771/771 790/790/790
f 791/791/791 790/790/790 810/810/810
f 810/810/810 790/790/790 809/809/809
f 810/810/810 809/809/809 829/829/829
f 829/829/829 809/809/809 828/828/828
f 829/829/829 828/828/828 848/848/848
f 848/848/848 828/828/828 847/847/847
f 848/848/848 847/847/847 867/867/867
f 867/867/867 847/847/847 866/866/866
f 867/867/867 866/866/866 886/886/886
f 886/886/886 866/866/866 885/885/885
f 886/886/886 885/885/885 905/905/905
f 905/905/905 885/885/885 904/904/904
f 193/193/193 174/174/174 173/173/173
f 173/173/173 172/172/172 192/192/192
f 192/192/192 172/172/172 191/191/191
f 192/192/192 191/191/191 211/211/211
f 211/211/211 191/191/191 210/210/210
f 211/211/211 210/210/210 230/230/230
f 230/230/230 210/210/210 229/229/229
f 230/230/230 229/229/229 249/249/249
f 249/249/249 229/229/229 248/248/248
f 249/249/249 248/248/248 268/268/268
f 268/268/268 248/248/248 267/267/267
f 268/268/268 267/267/267 287/287/287
f 287/287/287 267/267/267 286/286/286
f 287/287/287 286/286/286 306/306/306
f 306/306/306 286/286/286 305/305/305
f 306/306/306 305/305/305 325/325/325
f 325/325/325 305/305/305 324/324/324
f 325/325/325 324/324/324 344/344/344
f 344/344/344 324/324/324 343/343/343
f 344/344/344 343/343/343 363/363/363
f 363/363/363 343/343/343 362/362/362
f 363/363/363 362/362/362 382/382/382
f 382/382/382 362/362/362 381/381/381
f 382/382/382 381/381/381 400/400/400
f 400/400/400 381/381/381 399/399/399
f 400/400/400 399/399/399 431/431/431
f 431/431/431 399/399/399 432/432/432
f 431/431/431 432/432/432 418/418/418
f 418/418/418 432/432/432 417/417/417
f 418/418/418 417/417/417 456/456/456
f 456/456/456 417/417/417 455/455/455
f 456/456/456 455/455/455 475/475/475
f 475/475/475 455/455/455 474/474/474
f 475/475/475 474/474/474 494/494/494
f 494/494/494 474/474/474 493/493/493
f 494/494/494 493/493/493 513/513/513
f 513/513/513 493/493/493 512/512/512
f 513/513/513 512/512/512 532/532/532
f 532/532/532 512/512/512 531/531/531
f 532/532/532 531/531/531 551/551/551
f 551/551/551 531/531/531 550/550/550
f 551/551/551 550/550/550 570/570/570
f 570/570/570 550/550/550 569/569/569
f 570/570/570 569/569/569 589/589/589
f 589/589/589 569/569/569 588/588/588
f 589/589/589 588/588/588 608/608/608
f 608/608/608 588/588/588 607/607/607
f 608/608/608 607/607/607 627/627/627
f 627/627/627 607/607/607 626/626/626
f 627/627/627 626/626/626 646/646/646
f 646/646/646 626/626/626 645/645/645
f 646/646/646 645/645/645 664/664/664
f 664/664/664 645/645/645 663/663/663
f 664/664/664 663/663/663 695/695/695
f 695/695/695 663/663/663 696/696/696
f 695/695/695 696/696/696 682/682/682
f 682/682/682 696/696/696 681/681/681
f 682/682/682 681/681/681 720/720/720
f 720/720/720 681/681/681 719/719/719
f 720/720/720 719/719/719 739/739/739
f 739/739/739 719/719/719 738/738/738
f 739/739/739 738/738/738 758/758/758
f 758/758/758 738/738/738 757/757/757
f 758/758/758 757/757/757 777/777/777
f 777/777/777 757/757/757 776/776/776
f 777/777/777 776/776/776 796/796/796
f 796/796/796 776/776/776 795/795/795
f 796/796/796 795/795/795 815/815/815
f 815/815/815 795/795/795 814/814/814
f 815/815/815 814/814/814 834/834/834
f 834/834/834 814/814/814 833/833/833
f 834/834/834 833/833/833 853/853/853
f 853/853/853 833/833/833 852/852/852
f 853/853/853 852/852/852 872/872/872
f 872/872/872 852/852/852 871/871/871
f 872/872/872 871/871/871 891/891/891
f 891/891/891 871/871/871 890/890/890
f 891/891/891 890/890/890 910/910/910
f 910/910/910 890/890/890 909/909/909
f 202/202/202 183/183/183 182/182/182
f 182/182/182 183/183/183 163/163/163
f 202/202/202 182/182/182 201/201/201
f 207/207/207 188/188/188 187/187/187
f 187/187/187 188/188/188 168/168/168
f 207/207/207 187/187/187 206/206/206
f 212/212/212 193/193/193 192/192/192
f 192/192/192 193/193/193 173/173/173
f 212/212/212 192/192/192 211/211/211
f 221/221/221 202/202/202 201/201/201
f 221/221/221 201/201/201 220/220/220
f 226/226/226 207/207/207 206/206/206
f 226/226/226 206/206/206 225/225/225
f 231/231/231 212/212/212 211/211/211
f 231/231/231 211/211/211 230/230/230
f 240/240/240 221/221/221 220/220/220
f 240/240/240 220/220/220 239/239/239
f 245/245/245 226/226/226 225/225/225
f 245/245/245 225/225/225 244/244/244
f 250/250/250 231/231/231 230/230/230
f 250/250/250 230/230/230 249/249/249
f 259/259/259 240/240/240 239/239/239
f 259/259/259 239/239/239 258/258/258
f 264/264/264 245/245/245 244/244/244
f 264/264/264 244/244/244 263/263/263
f 269/269/269 250/250/250 249/249/249
f 269/269/269 249/249/249 268/268/268
f 278/278/278 259/259/259 258/258/258
f 278/278/278 258/258/258 277/277/277
f 283/283/283 264/264/264 263/263/263
f 283/283/283 263/263/263 282/282/282
f 288/288/288 269/269/269 268/268/268
f 288/288/288 268/268/268 287/287/287
f 297/297/297 278/278/278 277/277/277
f 297/297/297 277/277/277 296/296/296
f 302/302/302 283/283/283 282/282/282
f 302/302/302 282/282/282 301/301/301
f 307/307/307 288/288/288 287/287/287
f 307/307/307 287/287/287 306/306/306
f 316/316/316 297/297/297 296/296/296
f 316/316/316 296/296/296 315/315/315
f 321/321/321 302/302/302 301/301/301
f 321/321/321 301/301/301 320/320/320
f 326/326/326 307/307/307 306/306/306
f 326/326/326 306/306/306 325/325/325
f 335/335/335 316/316/316 315/315/315
f 335/335/335 315/315/315 334/334/334
f 340/340/340 321/321/321 320/320/320
f 340/340/340 320/320/320 339/339/339
f 345/345/345 326/326/326 325/325/325
f 345/345/345 325/325/325 344/344/344
f 354/354/354 335/335/335 334/334/334
f 354/354/354 334/334/334 353/353/353
f 359/359/359 340/340/340 339/339/339
f 359/359/359 339/339/339 358/358/358
f 364/364/364 345/345/345 344/344/344
f 364/364/364 344/344/344 363/363/363
f 373/373/373 354/354/354 353/353/353
f 373/373/373 353/353/353 372/372/372
f 378/378/378 359/359/359 358/358/358
f 378/378/378 358/358/358 377/377/377
f 383/383/383 364/364/364 363/363/363
f 383/383/383 363/363/363 382/382/382
f 391/391/391 373/373/373 372/372/372
f 391/391/391 372/372/372 390/390/390
f 396/396/396 378/378/378 377/377/377
f 396/396/396 377/377/377 395/395/395
f 401/401/401 383/383/383 382/382/382
f 401/401/401 382/382/382 400/400/400
f 405/405/405 386/386/386 404/404/404
f 440/440/440 391/391/391 390/390/390
f 440/440/440 390/390/390 441/441/441
f 435/435/435 396/396/396 395/395/395
f 435/435/435 395/395/395 436/436/436
f 430/430/430 401/401/401 400/400/400
f 430/430/430 400/400/400 431/431/431
f 405/405/405 404/404/404 426/426/426
f 426/426/426 404/404/404 427/427/427
f 426/426/426 427/427/427 423/423/423
f 423/423/423 427/427/427 422/422/422
f 423/423/423 422/422/422 461/461/461
f 461/461/461 422/422/422 460/460/460
f 461/461/461 460/460/460 480/480/480
f 480/480/480 460/460/460 479/479/479
f 480/480/480 479/479/479 499/499/499
f 499/499/499 479/479/479 498/498/498
f 499/499/499 498/498/498 518/518/518
f 518/518/518 498/498/498 517/517/517
f 518/518/518 517/517/517 537/537/537
f 537/537/537 517/517/517 536/536/536
f 537/537/537 536/536/536 556/556/556
f 556/556/556 536/536/536 555/555/555
f 556/556/556 555/555/555 575/575/575
f 575/575/575 555/555/555 574/574/574
f 575/575/575 574/574/574 594/594/594
f 594/594/594 574/574/574 593/593/593
f 594/594/594 593/593/593 613/613/613
f 613/613/613 593/593/593 612/612/612
f 613/613/613 612/612/612 632/632/632
f 632/632/632 612/612/612 631/631/631
f 632/632/632 631/631/631 651/651/651
f 651/651/651 631/631/631 650/650/650
f 651/651/651 650/650/650 669/669/669
f 440/440/440 441/441/441 409/409/409
f 409/409/409 441/441/441 408/408/408
f 409/409/409 408/408/408 447/447/447
f 447/447/447 408/408/408 446/446/446
f 447/447/447 446/446/446 466/466/466
f 435/435/435 436/436/436 414/414/414
f 414/414/414 436/436/436 413/413/413
f 414/414/414 413/413/413 452/452/452
f 452/452/452 413/413/413 451/451/451
f 452/452/452 451/451/451 471/471/471
f 471/471/471 451/451/451 470/470/470
f 471/471/471 470/470/470 490/490/490
f 490/490/490 470/470/470 489/489/489
f 490/490/490 489/489/489 509/509/509
f 509/509/509 489/489/489 508/508/508
f 509/509/509 508/508/508 528/528/528
f 528/528/528 508/508/508 527/527/527
f 528/528/528 527/527/527 547/547/547
f 547/547/547 527/527/527 546/546/546
f 547/547/547 546/546/546 566/566/566
f 566/566/566 546/546/546 565/565/565
f 566/566/566 565/565/565 585/585/585
f 585/585/585 565/565/565 584/584/584
f 585/585/585 584/584/584 604/604/604
f 604/604/604 584/584/584 603/603/603
f 604/604/604 603/603/603 623/623/623
f 623/623/623 603/603/603 622/622/622
f 623/623/623 622/622/622 642/642/642
f 642/642/642 622/622/622 641/641/641
f 642/642/642 641/641/641 660/660/660
f 660/660/660 641/641/641 659/659/659
f 660/660/660 659/659/659 699/699/699
f 699/699/699 659/659/659 700/700/700
f 699/699/699 700/700/700 678/678/678
f 678/678/678 700/700/700 677/677/677
f 678/678/678 677/677/677 716/716/716
f 716/716/716 677/677/677 715/715/715
f 716/716/716 715/715/715 735/735/735
f 735/735/735 715/715/715 734/734/734
f 735/735/735 734/734/734 754/754/754
f 754/754/754 734/734/734 753/753/753
f 754/754/754 753/753/753 773/773/773
f 773/773/773 753/753/753 772/772/772
f 773/773/773 772/772/772 792/792/792
f 792/792/792 772/772/772 791/791/791
f 792/792/792 791/791/791 811/811/811
f 811/811/811 791/791/791 810/810/810
f 811/811/811 810/810/810 830/830/830
f 830/830/830 810/810/810 829/829/829
f 830/830/830 829/829/829 849/849/849
f 849/849/849 829/829/829 848/848/848
f 849/849/849 848/848/848 868/868/868
f 868/868/868 848/848/848 867/867/867
f 868/868/868 867/867/867 887/887/887
f 887/887/887 867/867/867 886/886/886
f 887/887/887 886/886/886 906/906/906
f 906/906/906 886/886/886 905/905/905
f 430/430/430 431/431/431 419/419/419
f 419/419/419 431/431/431 418/418/418
f 419/419/419 418/418/418 457/457/457
f 457/457/457 418/418/418 456/456/456
f 457/457/457 456/456/456 476/476/476
f 476/476/476 456/456/456 475/475/475
f 476/476/476 475/475/475 495/495/495
f 495/495/495 475/475/475 494/494/494
f 495/495/495 494/494/494 514/514/514
f 514/514/514 494/494/494 513/513/513
f 514/514/514 513/513/513 533/533/533
f 533/533/533 513/513/513 532/532/532
f 533/533/533 532/532/532 552/552/552
f 552/552/552 532/532/532 551/551/551
f 552/552/552 551/551/551 571/571/571
f 571/571/571 551/551/551 570/570/570
f 571/571/571 570/570/570 590/590/590
f 590/590/590 570/570/570 589/589/589
f 590/590/590 589/589/589 609/609/609
f 609/609/609 589/589/589 608/608/608
f 609/609/609 608/608/608 628/628/628
f 628/628/628 608/608/608 627/627/627
f 628/628/628 627/627/627 647/647/647
f 647/647/647 627/627/627 646/646/646
f 647/647/647 646/646/646 665/665/665
f 665/665/665 646/646/646 664/664/664
f 665/665/665 664/664/664 694/694/694
f 694/694/694 664/664/664 695/695/695
f 694/694/694 695/695/695 683/683/683
f 683/683/683 695/695/695 682/682/682
f 683/683/683 682/682/682 721/721/721
f 721/721/721 682/682/682 720/720/720
f 721/721/721 720/720/720 740/740/740
f 740/740/740 720/720/720 739/739/739
f 740/740/740 739/739/739 759/759/759
f 759/759/759 739/739/739 758/758/758
f 759/759/759 758/758/758 778/778/778
f 778/778/778 758/758/758 777/777/777
f 778/778/778 777/777/777 797/797/797
f 797/797/797 777/777/777 796/796/796
f 797/797/797 796/796/796 816/816/816
f 816/816/816 796/796/796 815/815/815
f 816/816/816 815/815/815 835/835/835
f 835/835/835 815/815/815 834/834/834
f 835/835/835 834/834/834 854/854/854
f 854/854/854 834/834/834 853/853/853
f 854/854/854 853/853/853 873/873/873
f 873/873/873 853/853/853 872/872/872
f 873/873/873 872/872/872 892/892/892
f 892/892/892 872/872/872 891/891/891
f 892/892/892 891/891/891 911/911/911
f 911/911/911 891/891/891 910/910/910
f 423/423/423 424/424/424 426/426/426
f 426/426/426 424/424/424 425/425/425
f 426/426/426 425/425/425 405/405/405
f 424/424/424 423/423/423 462/462/462
f 462/462/462 423/423/423 461/461/461
f 462/462/462 461/461/461 481/481/481
f 481/481/481 461/461/461 480/480/480
f 481/481/481 480/480/480 500/500/500
f 500/500/500 480/480/480 499/499/499
f 500/500/500 499/499/499 519/519/519
f 519/519/519 499/499/499 518/518/518
f 519/519/519 518/518/518 538/538/538
f 538/538/538 518/518/518 537/537/537
f 538/538/538 537/537/537 557/557/557
f 557/557/557 537/537/537 556/556/556
f 557/557/557 556/556/556 576/576/576
f 576/576/576 556/556/556 575/575/575
f 576/576/576 575/575/575 595/595/595
f 595/595/595 575/575/575 594/594/594
f 595/595/595 594/594/594 614/614/614
f 614/614/614 594/594/594 613/613/613
f 614/614/614 613/613/613 633/633/633
f 633/633/633 613/613/613 632/632/632
f 633/633/633 632/632/632 652/652/652
f 652/652/652 632/632/632 651/651/651
f 652/652/652 651/651/651 157/157/157
f 157/157/157 651/651/651 669/669/669
f 157/157/157 669/669/669 689/689/689
f 707/707/707 670/670/670 671/671/671
f 671/671/671 670/670/670 709/709/709
f 671/671/671 709/709/709 710/710/710
f 710/710/710 709/709/709 729/729/729
f 710/710/710 729/729/729 730/730/730
f 730/730/730 729/729/729 749/749/749
f 670/670/670 708/708/708 709/709/709
f 709/709/709 708/708/708 728/728/728
f 709/709/709 728/728/728 729/729/729
f 729/729/729 728/728/728 748/748/748
f 729/729/729 748/748/748 749/749/749
f 749/749/749 748/748/748 768/768/768
f 708/708/708 727/727/727 728/728/728
f 728/728/728 727/727/727 747/747/747
f 728/728/728 747/747/747 748/748/748
f 748/748/748 747/747/747 767/767/767
f 748/748/748 767/767/767 768/768/768
f 768/768/768 767/767/767 787/787/787
f 727/727/727 746/746/746 747/747/747
f 747/747/747 746/746/746 766/766/766
f 747/747/747 766/766/766 767/767/767
f 767/767/767 766/766/766 786/786/786
f 767/767/767 786/786/786 787/787/787
f 787/787/787 786/786/786 806/806/806
f 746/746/746 765/765/765 766/766/766
f 766/766/766 765/765/765 785/785/785
f 766/766/766 785/785/785 786/786/786
f 786/786/786 785/785/785 805/805/805
f 786/786/786 805/805/805 806/806/806
f 806/806/806 805/805/805 825/825/825
f 765/765/765 784/784/784 785/785/785
f 785/785/785 784/784/784 804/804/804
f 785/785/785 804/804/804 805/805/805
f 805/805/805 804/804/804 824/824/824
f 805/805/805 824/824/824 825/825/825
f 825/825/825 824/824/824 844/844/844
f 784/784/784 803/803/803 804/804/804
f 804/804/804 803/803/803 823/823/823
f 804/804/804 823/823/823 824/824/824
f 824/824/824 823/823/823 843/843/843
f 824/824/824 843/843/843 844/844/844
f 844/844/844 843/843/843 863/863/863
f 803/803/803 822/822/822 823/823/823
f 823/823/823 822/822/822 842/842/842
f 823/823/823 842/842/842 843/843/843
f 843/843/843 842/842/842 862/862/862
f 843/843/843 862/862/862 863/863/863
f 863/863/863 862/862/862 882/882/882
f 822/822/822 841/841/841 842/842/842
f 842/842/842 841/841/841 861/861/861
f 842/842/842 861/861/861 862/862/862
f 862/862/862 861/861/861 881/881/881
f 862/862/862 881/881/881 882/882/882
f 882/882/882 881/881/881 901/901/901
f 841/841/841 860/860/860 861/861/861
f 861/861/861 860/860/860 880/880/880
f 861/861/861 880/880/880 881/881/881
f 881/881/881 880/880/880 900/900/900
f 881/881/881 900/900/900 901/901/901
f 860/860/860 879/879/879 880/880/880
f 880/880/880 879/879/879 899/899/899
f 880/880/880 899/899/899 900/900/900
f 898/898/898 899/899/899 879/879/879
f 915/915/915 895/895/895 914/914/914
f 915/915/915 914/914/914 934/934/934
f 934/934/934 914/914/914 933/933/933
f 934/934/934 933/933/933 955/955/955
f 955/955/955 933/933/933 956/956/956
f 955/955/955 956/956/956 953/953/953
f 953/953/953 956/956/956 952/952/952
f 953/953/953 952/952/952 989/989/989
f 989/989/989 952/952/952 988/988/988
f 989/989/989 988/988/988 1008/1008/1008
f 1008/1008/1008 988/988/988 1007/1007/1007
f 1008/1008/1008 1007/1007/1007 1027/1027/1027
f 1027/1027/1027 1007/1007/1007 1026/1026/1026
f 1027/1027/1027 1026/1026/1026 1046/1046/1046
f 1046/1046/1046 1026/1026/1026 1045/1045/1045
f 1046/1046/1046 1045/1045/1045 1065/1065/1065
f 1065/1065/1065 1045/1045/1045 1064/1064/1064
f 1065/1065/1065 1064/1064/1064 1084/1084/1084
f 1084/1084/1084 1064/1064/1064 1083/1083/1083
f 1084/1084/1084 1083/1083/1083 1103/1103/1103
f 1103/1103/1103 1083/1083/1083 1102/1102/1102
f 1103/1103/1103 1102/1102/1102 1122/1122/1122
f 1122/1122/1122 1102/1102/1102 1121/1121/1121
f 1122/1122/1122 1121/1121/1121 1141/1141/1141
f 1141/1141/1141 1121/1121/1121 1140/1140/1140
f 1141/1141/1141 1140/1140/1140 1160/1160/1160
f 1160/1160/1160 1140/1140/1140 1159/1159/1159
f 1160/1160/1160 1159/1159/1159 1179/1179/1179
f 918/918/918 917/917/917 971/971/971
f 971/971/971 917/917/917 160/160/160
f 971/971/971 160/160/160 937/937/937
f 937/937/937 160/160/160 936/936/936
f 937/937/937 936/936/936 973/973/973
f 973/973/973 936/936/936 972/972/972
f 973/973/973 972/972/972 992/992/992
f 992/992/992 972/972/972 991/991/991
f 992/992/992 991/991/991 1011/1011/1011
f 1011/1011/1011 991/991/991 1010/1010/1010
f 1011/1011/1011 1010/1010/1010 1030/1030/1030
f 1030/1030/1030 1010/1010/1010 1029/1029/1029
f 1030/1030/1030 1029/1029/1029 1049/1049/1049
f 1049/1049/1049 1029/1029/1029 1048/1048/1048
f 1049/1049/1049 1048/1048/1048 1068/1068/1068
f 1068/1068/1068 1048/1048/1048 1067/1067/1067
f 1068/1068/1068 1067/1067/1067 1087/1087/1087
f 1087/1087/1087 1067/1067/1067 1086/1086/1086
f 1087/1087/1087 1086/1086/1086 1106/1106/1106
f 1106/1106/1106 1086/1086/1086 1105/1105/1105
f 1106/1106/1106 1105/1105/1105 1125/1125/1125
f 1125/1125/1125 1105/1105/1105 1124/1124/1124
f 1125/1125/1125 1124/1124/1124 1144/1144/1144
f 1144/1144/1144 1124/1124/1124 1143/1143/1143
f 1144/1144/1144 1143/1143/1143 1163/1163/1163
f 1163/1163/1163 1143/1143/1143 1162/1162/1162
f 1163/1163/1163 1162/1162/1162 1217/1217/1217
f 919/919/919 918/918/918 970/970/970
f 970/970/970 918/918/918 971/971/971
f 970/970/970 971/971/971 938/938/938
f 938/938/938 971/971/971 937/937/937
f 938/938/938 937/937/937 974/974/974
f 974/974/974 937/937/937 973/973/973
f 974/974/974 973/973/973 993/993/993
f 993/993/993 973/973/973 992/992/992
f 993/993/993 992/992/992 1012/1012/1012
f 1012/1012/1012 992/992/992 1011/1011/1011
f 1012/1012/1012 1011/1011/1011 1031/1031/1031
f 1031/1031/1031 1011/1011/1011 1030/1030/1030
f 1031/1031/1031 1030/1030/1030 1050/1050/1050
f 1050/1050/1050 1030/1030/1030 1049/1049/1049
f 1050/1050/1050 1049/1049/1049 1069/1069/1069
f 1069/1069/1069 1049/1049/1049 1068/1068/1068
f 1069/1069/1069 1068/1068/1068 1088/1088/1088
f 1088/1088/1088 1068/1068/1068 1087/1087/1087
f 1088/1088/1088 1087/1087/1087 1107/1107/1107
f 1107/1107/1107 1087/1087/1087 1106/1106/1106
f 1107/1107/1107 1106/1106/1106 1126/1126/1126
f 1126/1126/1126 1106/1106/1106 1125/1125/1125
f 1126/1126/1126 1125/1125/1125 1145/1145/1145
f 1145/1145/1145 1125/1125/1125 1144/1144/1144
f 1145/1145/1145 1144/1144/1144 1164/1164/1164
f 1164/1164/1164 1144/1144/1144 1163/1163/1163
f 1164/1164/1164 1163/1163/1163 1216/1216/1216
f 1216/1216/1216 1163/1163/1163 1217/1217/1217
f 1216/1216/1216 1217/1217/1217 1183/1183/1183
f 920/920/920 919/919/919 969/969/969
f 969/969/969 919/919/919 970/970/970
f 969/969/969 970/970/970 939/939/939
f 939/939/939 970/970/970 938/938/938
f 939/939/939 938/938/938 975/975/975
f 975/975/975 938/938/938 974/974/974
f 975/975/975 974/974/974 994/994/994
f 994/994/994 974/974/974 993/993/993
f 994/994/994 993/993/993 1013/1013/1013
f 1013/1013/1013 993/993/993 1012/1012/1012
f 1013/1013/1013 1012/1012/1012 1032/1032/1032
f 1032/1032/1032 1012/1012/1012 1031/1031/1031
f 1032/1032/1032 1031/1031/1031 1051/1051/1051
f 1051/1051/1051 1031/1031/1031 1050/1050/1050
f 1051/1051/1051 1050/1050/1050 1070/1070/1070
f 1070/1070/1070 1050/1050/1050 1069/1069/1069
f 1070/1070/1070 1069/1069/1069 1089/1089/1089
f 1089/1089/1089 1069/1069/1069 1088/1088/1088
f 1089/1089/1089 1088/1088/1088 1108/1108/1108
f 1108/1108/1108 1088/1088/1088 1107/1107/1107
f 1108/1108/1108 1107/1107/1107 1127/1127/1127
f 1127/1127/1127 1107/1107/1107 1126/1126/1126
f 1127/1127/1127 1126/1126/1126 1146/1146/1146
f 1146/1146/1146 1126/1126/1126 1145/1145/1145
f 1146/1146/1146 1145/1145/1145 1165/1165/1165
f 1165/1165/1165 1145/1145/1145 1164/1164/1164
f 1165/1165/1165 1164/1164/1164 1215/1215/1215
f 1215/1215/1215 1164/1164/1164 1216/1216/1216
f 1215/1215/1215 1216/1216/1216 1184/1184/1184
f 1184/1184/1184 1216/1216/1216 1183/1183/1183
f 1184/1184/1184 1183/1183/1183 1222/1222/1222
f 921/921/921 920/920/920 968/968/968
f 968/968/968 920/920/920 969/969/969
f 968/968/968 969/969/969 940/940/940
f 940/940/940 969/969/969 939/939/939
f 940/940/940 939/939/939 976/976/976
f 976/976/976 939/939/939 975/975/975
f 976/976/976 975/975/975 995/995/995
f 995/995/995 975/975/975 994/994/994
f 995/995/995 994/994/994 1014/1014/1014
f 1014/1014/1014 994/994/994 1013/1013/1013
f 1014/1014/1014 1013/1013/1013 1033/1033/1033
f 1033/1033/1033 1013/1013/1013 1032/1032/1032
f 1033/1033/1033 1032/1032/1032 1052/1052/1052
f 1052/1052/1052 1032/1032/1032 1051/1051/1051
f 1052/1052/1052 1051/1051/1051 1071/1071/1071
f 1071/1071/1071 1051/1051/1051 1070/1070/1070
f 1071/1071/1071 1070/1070/1070 1090/1090/1090
f 1090/1090/1090 1070/1070/1070 1089/1089/1089
f 1090/1090/1090 1089/1089/1089 1109/1109/1109
f 1109/1109/1109 1089/1089/1089 1108/1108/1108
f 1109/1109/1109 1108/1108/1108 1128/1128/1128
f 1128/1128/1128 1108/1108/1108 1127/1127/1127
f 1128/1128/1128 1127/1127/1127 1147/1147/1147
f 1147/1147/1147 1127/1127/1127 1146/1146/1146
f 1147/1147/1147 1146/1146/1146 1166/1166/1166
f 1166/1166/1166 1146/1146/1146 1165/1165/1165
f 1166/1166/1166 1165/1165/1165 1214/1214/1214
f 1214/1214/1214 1165/1165/1165 1215/1215/1215
f 1214/1214/1214 1215/1215/1215 1185/1185/1185
f 1185/1185/1185 1215/1215/1215 1184/1184/1184
f 1185/1185/1185 1184/1184/1184 1223/1223/1223
f 1223/1223/1223 1184/1184/1184 1222/1222/1222
f 1223/1223/1223 1222/1222/1222 1242/1242/1242
f 922/922/922 921/921/921 967/967/967
f 967/967/967 921/921/921 968/968/968
f 967/967/967 968/968/968 941/941/941
f 941/941/941 968/968/968 940/940/940
f 941/941/941 940/940/940 977/977/977
f 977/977/977 940/940/940 976/976/976
f 977/977/977 976/976/976 996/996/996
f 996/996/996 976/976/976 995/995/995
f 996/996/996 995/995/995 1015/1015/1015
f 1015/1015/1015 995/995/995 1014/1014/1014
f 1015/1015/1015 1014/1014/1014 1034/1034/1034
f 1034/1034/1034 1014/1014/1014 1033/1033/1033
f 1034/1034/1034 1033/1033/1033 1053/1053/1053
f 1053/1053/1053 1033/1033/1033 1052/1052/1052
f 1053/1053/1053 1052/1052/1052 1072/1072/1072
f 1072/1072/1072 1052/1052/1052 1071/1071/1071
f 1072/1072/1072 1071/1071/1071 1091/1091/1091
f 1091/1091/1091 1071/1071/1071 1090/1090/1090
f 1091/1091/1091 1090/1090/1090 1110/1110/1110
f 1110/1110/1110 1090/1090/1090 1109/1109/1109
f 1110/1110/1110 1109/1109/1109 1129/1129/1129
f 1129/1129/1129 1109/1109/1109 1128/1128/1128
f 1129/1129/1129 1128/1128/1128 1148/1148/1148
f 1148/1148/1148 1128/1128/1128 1147/1147/1147
f 1148/1148/1148 1147/1147/1147 1167/1167/1167
f 1167/1167/1167 1147/1147/1147 1166/1166/1166
f 1167/1167/1167 1166/1166/1166 1213/1213/1213
f 1213/1213/1213 1166/1166/1166 1214/1214/1214
f 1213/1213/1213 1214/1214/1214 1186/1186/1186
f 1186/1186/1186 1214/1214/1214 1185/1185/1185
f 1186/1186/1186 1185/1185/1185 1224/1224/1224
f 1224/1224/1224 1185/1185/1185 1223/1223/1223
f 1224/1224/1224 1223/1223/1223 1243/1243/1243
f 1243/1243/1243 1223/1223/1223 1242/1242/1242
f 1243/1243/1243 1242/1242/1242 1262/1262/1262
f 923/923/923 922/922/922 966/966/966
f 966/966/966 922/922/922 967/967/967
f 966/966/966 967/967/967 942/942/942
f 942/942/942 967/967/967 941/941/941
f 942/942/942 941/941/941 978/978/978
f 978/978/978 941/941/941 977/977/977
f 978/978/978 977/977/977 997/997/997
f 997/997/997 977/977/977 996/996/996
f 997/997/997 996/996/996 1016/1016/1016
f 1016/1016/1016 996/996/996 1015/1015/1015
f 1016/1016/1016 1015/1015/1015 1035/1035/1035
f 1035/1035/1035 1015/1015/1015 1034/1034/1034
f 1035/1035/1035 1034/1034/1034 1054/1054/1054
f 1054/1054/1054 1034/1034/1034 1053/1053/1053
f 1054/1054/1054 1053/1053/1053 1073/1073/1073
f 1073/1073/1073 1053/1053/1053 1072/1072/1072
f 1073/1073/1073 1072/1072/1072 1092/1092/1092
f 1092/1092/1092 1072/1072/1072 1091/1091/1091
f 1092/1092/1092 1091/1091/1091 1111/1111/1111
f 1111/1111/1111 1091/1091/1091 1110/1110/1110
f 1111/1111/1111 1110/1110/1110 1130/1130/1130
f 1130/1130/1130 1110/1110/1110 1129/1129/1129
f 1130/1130/1130 1129/1129/1129 1149/1149/1149
f 1149/1149/1149 1129/1129/1129 1148/1148/1148
f 1149/1149/1149 1148/1148/1148 1168/1168/1168
f 1168/1168/1168 1148/1148/1148 1167/1167/1167
f 1168/1168/1168 1167/1167/1167 1212/1212/1212
f 1212/1212/1212 1167/1167/1167 1213/1213/1213
f 1212/1212/1212 1213/1213/1213 1187/1187/1187
f 1187/1187/1187 1213/1213/1213 1186/1186/1186
f 1187/1187/1187 1186/1186/1186 1225/1225/1225
f 1225/1225/1225 1186/1186/1186 1224/1224/1224
f 1225/1225/1225 1224/1224/1224 1244/1244/1244
f 1244/1244/1244 1224/1224/1224 1243/1243/1243
f 1244/1244/1244 1243/1243/1243 1263/1263/1263
f 1263/1263/1263 1243/1243/1243 1262/1262/1262
f 1263/1263/1263 1262/1262/1262 1282/1282/1282
f 924/924/924 923/923/923 965/965/965
f 965/965/965 923/923/923 966/966/966
f 965/965/965 966/966/966 943/943/943
f 943/943/943 966/966/966 942/942/942
f 943/943/943 942/942/942 979/979/979
f 979/979/979 942/942/942 978/978/978
f 979/979/979 978/978/978 998/998/998
f 998/998/998 978/978/978 997/997/997
f 998/998/998 997/997/997 1017/1017/1017
f 1017/1017/1017 997/997/997 1016/1016/1016
f 1017/1017/1017 1016/1016/1016 1036/1036/1036
f 1036/1036/1036 1016/1016/1016 1035/1035/1035
f 1036/1036/1036 1035/1035/1035 1055/1055/1055
f 1055/1055/1055 1035/1035/1035 1054/1054/1054
f 1055/1055/1055 1054/1054/1054 1074/1074/1074
f 1074/1074/1074 1054/1054/1054 1073/1073/1073
f 1074/1074/1074 1073/1073/1073 1093/1093/1093
f 1093/1093/1093 1073/1073/1073 1092/1092/1092
f 1093/1093/1093 1092/1092/1092 1112/1112/1112
f 1112/1112/1112 1092/1092/1092 1111/1111/1111
f 1112/1112/1112 1111/1111/1111 1131/1131/1131
f 1131/1131/1131 1111/1111/1111 1130/1130/1130
f 1131/1131/1131 1130/1130/1130 1150/1150/1150
f 1150/1150/1150 1130/1130/1130 1149/1149/1149
f 1150/1150/1150 1149/1149/1149 1169/1169/1169
f 1169/1169/1169 1149/1149/1149 1168/1168/1168
f 1169/1169/1169 1168/1168/1168 1211/1211/1211
f 1211/1211/1211 1168/1168/1168 1212/1212/1212
f 1211/1211/1211 1212/1212/1212 1188/1188/1188
f 1188/1188/1188 1212/1212/1212 1187/1187/1187
f 1188/1188/1188 1187/1187/1187 1226/1226/1226
f 1226/1226/1226 1187/1187/1187 1225/1225/1225
f 1226/1226/1226 1225/1225/1225 1245/1245/1245
f 1245/1245/1245 1225/1225/1225 1244/1244/1244
f 1245/1245/1245 1244/1244/1244 1264/1264/1264
f 1264/1264/1264 1244/1244/1244 1263/1263/1263
f 1264/1264/1264 1263/1263/1263 1283/1283/1283
f 1283/1283/1283 1263/1263/1263 1282/1282/1282
f 1283/1283/1283 1282/1282/1282 1302/1302/1302
f 925/925/925 924/924/924 964/964/964
f 964/964/964 924/924/924 965/965/965
f 964/964/964 965/965/965 944/944/944
f 944/944/944 965/965/965 943/943/943
f 944/944/944 943/943/943 980/980/980
f 980/980/980 943/943/943 979/979/979
f 980/980/980 979/979/979 999/999/999
f 999/999/999 979/979/979 998/998/998
f 999/999/999 998/998/998 1018/1018/1018
f 1018/1018/1018 998/998/998 1017/1017/1017
f 1018/1018/1018 1017/1017/1017 1037/1037/1037
f 1037/1037/1037 1017/1017/1017 1036/1036/1036
f 1037/1037/1037 1036/1036/1036 1056/1056/1056
f 1056/1056/1056 1036/1036/1036 1055/1055/1055
f 1056/1056/1056 1055/1055/1055 1075/1075/1075
f 1075/1075/1075 1055/1055/1055 1074/1074/1074
f 1075/1075/1075 1074/1074/1074 1094/1094/1094
f 1094/1094/1094 1074/1074/1074 1093/1093/1093
f 1094/1094/1094 1093/1093/1093 1113/1113/1113
f 1113/1113/1113 1093/1093/1093 1112/1112/1112
f 1113/1113/1113 1112/1112/1112 1132/1132/1132
f 1132/1132/1132 1112/1112/1112 1131/1131/1131
f 1132/1132/1132 1131/1131/1131 1151/1151/1151
f 1151/1151/1151 1131/1131/1131 1150/1150/1150
f 1151/1151/1151 1150/1150/1150 1170/1170/1170
f 1170/1170/1170 1150/1150/1150 1169/1169/1169
f 1170/1170/1170 1169/1169/1169 1210/1210/1210
f 1210/1210/1210 1169/1169/1169 1211/1211/1211
f 1210/1210/1210 1211/1211/1211 1189/1189/1189
f 1189/1189/1189 1211/1211/1211 1188/1188/1188
f 1189/1189/1189 1188/1188/1188 1227/1227/1227
f 1227/1227/1227 1188/1188/1188 1226/1226/1226
f 1227/1227/1227 1226/1226/1226 1246/1246/1246
f 1246/1246/1246 1226/1226/1226 1245/1245/1245
f 1246/1246/1246 1245/1245/1245 1265/1265/1265
f 1265/1265/1265 1245/1245/1245 1264/1264/1264
f 1265/1265/1265 1264/1264/1264 1284/1284/1284
f 1284/1284/1284 1264/1264/1264 1283/1283/1283
f 1284/1284/1284 1283/1283/1283 1303/1303/1303
f 1303/1303/1303 1283/1283/1283 1302/1302/1302
f 1303/1303/1303 1302/1302/1302 1322/1322/1322
f 926/926/926 925/925/925 963/963/963
f 963/963/963 925/925/925 964/964/964
f 963/963/963 964/964/964 945/945/945
f 945/945/945 964/964/964 944/944/944
f 945/945/945 944/944/944 981/981/981
f 981/981/981 944/944/944 980/980/980
f 981/981/981 980/980/980 1000/1000/1000
f 1000/1000/1000 980/980/980 999/999/999
f 1000/1000/1000 999/999/999 1019/1019/1019
f 1019/1019/1019 999/999/999 1018/1018/1018
f 1019/1019/1019 1018/1018/1018 1038/1038/1038
f 1038/1038/1038 1018/1018/1018 1037/1037/1037
f 1038/1038/1038 1037/1037/1037 1057/1057/1057
f 1057/1057/1057 1037/1037/1037 1056/1056/1056
f 1057/1057/1057 1056/1056/1056 1076/1076/1076
f 1076/1076/1076 1056/1056/1056 1075/1075/1075
f 1076/1076/1076 1075/1075/1075 1095/1095/1095
f 1095/1095/1095 1075/1075/1075 1094/1094/1094
f 1095/1095/1095 1094/1094/1094 1114/1114/1114
f 1114/1114/1114 1094/1094/1094 1113/1113/1113
f 1114/1114/1114 1113/1113/1113 1133/1133/1133
f 1133/1133/1133 1113/1113/1113 1132/1132/1132
f 1133/1133/1133 1132/1132/1132 1152/1152/1152
f 1152/1152/1152 1132/1132/1132 1151/1151/1151
f 1152/1152/1152 1151/1151/1151 1171/1171/1171
f 1171/1171/1171 1151/1151/1151 1170/1170/1170
f 1171/1171/1171 1170/1170/1170 1209/1209/1209
f 1209/1209/1209 1170/1170/1170 1210/1210/1210
f 1209/1209/1209 1210/1210/1210 1190/1190/1190
f 1190/1190/1190 1210/1210/1210 1189/1189/1189
f 1190/1190/1190 1189/1189/1189 1228/1228/1228
f 1228/1228/1228 1189/1189/1189 1227/1227/1227
f 1228/1228/1228 1227/1227/1227 1247/1247/1247
f 1247/1247/1247 1227/1227/1227 1246/1246/1246
f 1247/1247/1247 1246/1246/1246 1266/1266/1266
f 1266/1266/1266 1246/1246/1246 1265/1265/1265
f 1266/1266/1266 1265/1265/1265 1285/1285/1285
f 1285/1285/1285 1265/1265/1265 1284/1284/1284
f 1285/1285/1285 1284/1284/1284 1304/1304/1304
f 1304/1304/1304 1284/1284/1284 1303/1303/1303
f 1304/1304/1304 1303/1303/1303 1323/1323/1323
f 1323/1323/1323 1303/1303/1303 1322/1322/1322
f 1323/1323/1323 1322/1322/1322 1342/1342/1342
f 927/927/927 926/926/926 962/962/962
f 962/962/962 926/926/926 963/963/963
f 962/962/962 963/963/963 946/946/946
f 946/946/946 963/963/963 945/945/945
f 946/946/946 945/945/945 982/982/982
f 982/982/982 945/945/945 981/981/981
f 982/982/982 981/981/981 1001/1001/1001
f 1001/1001/1001 981/981/981 1000/1000/1000
f 1001/1001/1001 1000/1000/1000 1020/1020/1020
f 1020/1020/1020 1000/1000/1000 1019/1019/1019
f 1020/1020/1020 1019/1019/1019 1039/1039/1039
f 1039/1039/1039 1019/1019/1019 1038/1038/1038
f 1039/1039/1039 1038/1038/1038 1058/1058/1058
f 1058/1058/1058 1038/1038/1038 1057/1057/1057
f 1058/1058/1058 1057/1057/1057 1077/1077/1077
f 1077/1077/1077 1057/1057/1057 1076/1076/1076
f 1077/1077/1077 1076/1076/1076 1096/1096/1096
f 1096/1096/1096 1076/1076/1076 1095/1095/1095
f 1096/1096/1096 1095/1095/1095 1115/1115/1115
f 1115/1115/1115 1095/1095/1095 1114/1114/1114
f 1115/1115/1115 1114/1114/1114 1134/1134/1134
f 1134/1134/1134 1114/1114/1114 1133/1133/1133
f 1134/1134/1134 1133/1133/1133 1153/1153/1153
f 1153/1153/1153 1133/1133/1133 1152/1152/1152
f 1153/1153/1153 1152/1152/1152 1172/1172/1172
f 1172/1172/1172 1152/1152/1152 1171/1171/1171
f 1172/1172/1172 1171/1171/1171 1208/1208/1208
f 1208/1208/1208 1171/1171/1171 1209/1209/1209
f 1208/1208/1208 1209/1209/1209 1191/1191/1191
f 1191/1191/1191 1209/1209/1209 1190/1190/1190
f 1191/1191/1191 1190/1190/1190 1229/1229/1229
f 1229/1229/1229 1190/1190/1190 1228/1228/1228
f 1229/1229/1229 1228/1228/1228 1248/1248/1248
f 1248/1248/1248 1228/1228/1228 1247/1247/1247
f 1248/1248/1248 1247/1247/1247 1267/1267/1267
f 1267/1267/1267 1247/1247/1247 1266/1266/1266
f 1267/1267/1267 1266/1266/1266 1286/1286/1286
f 1286/1286/1286 1266/1266/1266 1285/1285/1285
f 1286/1286/1286 1285/1285/1285 1305/1305/1305
f 1305/1305/1305 1285/1285/1285 1304/1304/1304
f 1305/1305/1305 1304/1304/1304 1324/1324/1324
f 1324/1324/1324 1304/1304/1304 1323/1323/1323
f 1324/1324/1324 1323/1323/1323 1343/1343/1343
f 1343/1343/1343 1323/1323/1323 1342/1342/1342
f 1343/1343/1343 1342/1342/1342 1362/1362/1362
f 928/928/928 927/927/927 961/961/961
f 961/961/961 927/927/927 962/962/962
f 961/961/961 962/962/962 947/947/947
f 947/947/947 962/962/962 946/946/946
f 947/947/947 946/946/946 983/983/983
f 983/983/983 946/946/946 982/982/982
f 983/983/983 982/982/982 1002/1002/1002
f 1002/1002/1002 982/982/982 1001/1001/1001
f 1002/1002/1002 1001/1001/1001 1021/1021/1021
f 1021/1021/1021 1001/1001/1001 1020/1020/1020
f 1021/1021/1021 1020/1020/1020 1040/1040/1040
f 1040/1040/1040 1020/1020/1020 1039/1039/1039
f 1040/1040/1040 1039/1039/1039 1059/1059/1059
f 1059/1059/1059 1039/1039/1039 1058/1058/1058
f 1059/1059/1059 1058/1058/1058 1078/1078/1078
f 1078/1078/1078 1058/1058/1058 1077/1077/1077
f 1078/1078/1078 1077/1077/1077 1097/1097/1097
f 1097/1097/1097 1077/1077/1077 1096/1096/1096
f 1097/1097/1097 1096/1096/1096 1116/1116/1116
f 1116/1116/1116 1096/1096/1096 1115/1115/1115
f 1116/1116/1116 1115/1115/1115 1135/1135/1135
f 1135/1135/1135 1115/1115/1115 1134/1134/1134
f 1135/1135/1135 1134/1134/1134 1154/1154/1154
f 1154/1154/1154 1134/1134/1134 1153/1153/1153
f 1154/1154/1154 1153/1153/1153 1173/1173/1173
f 1173/1173/1173 1153/1153/1153 1172/1172/1172
f 1173/1173/1173 1172/1172/1172 1207/1207/1207
f 1207/1207/1207 1172/1172/1172 1208/1208/1208
f 1207/1207/1207 1208/1208/1208 1192/1192/1192
f 1192/1192/1192 1208/1208/1208 1191/1191/1191
f 1192/1192/1192 1191/1191/1191 1230/1230/1230
f 1230/1230/1230 1191/1191/1191 1229/1229/1229
f 1230/1230/1230 1229/1229/1229 1249/1249/1249
f 1249/1249/1249 1229/1229/1229 1248/1248/1248
f 1249/1249/1249 1248/1248/1248 1268/1268/1268
f 1268/1268/1268 1248/1248/1248 1267/1267/1267
f 1268/1268/1268 1267/1267/1267 1287/1287/1287
f 1287/1287/1287 1267/1267/1267 1286/1286/1286
f 1287/1287/1287 1286/1286/1286 1306/1306/1306
f 1306/1306/1306 1286/1286/1286 1305/1305/1305
f 1306/1306/1306 1305/1305/1305 1325/1325/1325
f 1325/1325/1325 1305/1305/1305 1324/1324/1324
f 1325/1325/1325 1324/1324/1324 1344/1344/1344
f 1344/1344/1344 1324/1324/1324 1343/1343/1343
f 1344/1344/1344 1343/1343/1343 1363/1363/1363
f 1363/1363/1363 1343/1343/1343 1362/1362/1362
f 1363/1363/1363 1362/1362/1362 1382/1382/1382
f 929/929/929 928/928/928 960/960/960
f 960/960/960 928/928/928 961/961/961
f 960/960/960 961/961/961 948/948/948
f 948/948/948 961/961/961 947/947/947
f 948/948/948 947/947/947 984/984/984
f 984/984/984 947/947/947 983/983/983
f 984/984/984 983/983/983 1003/1003/1003
f 1003/1003/1003 983/983/983 1002/1002/1002
f 1003/1003/1003 1002/1002/1002 1022/1022/1022
f 1022/1022/1022 1002/1002/1002 1021/1021/1021
f 1022/1022/1022 1021/1021/1021 1041/1041/1041
f 1041/1041/1041 1021/1021/1021 1040/1040/1040
f 1041/1041/1041 1040/1040/1040 1060/1060/1060
f 1060/1060/1060 1040/1040/1040 1059/1059/1059
f 1060/1060/1060 1059/1059/1059 1079/1079/1079
f 1079/1079/1079 1059/1059/1059 1078/1078/1078
f 1079/1079/1079 1078/1078/1078 1098/1098/1098
f 1098/1098/1098 1078/1078/1078 1097/1097/1097
f 1098/1098/1098 1097/1097/1097 1117/1117/1117
f 1117/1117/1117 1097/1097/1097 1116/1116/1116
f 1117/1117/1117 1116/1116/1116 1136/1136/1136
f 1136/1136/1136 1116/1116/1116 1135/1135/1135
f 1136/1136/1136 1135/1135/1135 1155/1155/1155
f 1155/1155/1155 1135/1135/1135 1154/1154/1154
f 1155/1155/1155 1154/1154/1154 1174/1174/1174
f 1174/1174/1174 1154/1154/1154 1173/1173/1173
f 1174/1174/1174 1173/1173/1173 1206/1206/1206
f 1206/1206/1206 1173/1173/1173 1207/1207/1207
f 1206/1206/1206 1207/1207/1207 1193/1193/1193
f 1193/1193/1193 1207/1207/1207 1192/1192/1192
f 1193/1193/1193 1192/1192/1192 1231/1231/1231
f 1231/1231/1231 1192/1192/1192 1230/1230/1230
f 1231/1231/1231 1230/1230/1230 1250/1250/1250
f 1250/1250/1250 1230/1230/1230 1249/1249/1249
f 1250/1250/1250 1249/1249/1249 1269/1269/1269
f 1269/1269/1269 1249/1249/1249 1268/1268/1268
f 1269/1269/1269 1268/1268/1268 1288/1288/1288
f 1288/1288/1288 1268/1268/1268 1287/1287/1287
f 1288/1288/1288 1287/1287/1287 1307/1307/1307
f 1307/1307/1307 1287/1287/1287 1306/1306/1306
f 1307/1307/1307 1306/1306/1306 1326/1326/1326
f 1326/1326/1326 1306/1306/1306 1325/1325/1325
f 1326/1326/1326 1325/1325/1325 1345/1345/1345
f 1345/1345/1345 1325/1325/1325 1344/1344/1344
f 1345/1345/1345 1344/1344/1344 1364/1364/1364
f 1364/1364/1364 1344/1344/1344 1363/1363/1363
f 1364/1364/1364 1363/1363/1363 1383/1383/1383
f 1383/1383/1383 1363/1363/1363 1382/1382/1382
f 1383/1383/1383 1382/1382/1382 1402/1402/1402
f 930/930/930 929/929/929 959/959/959
f 959/959/959 929/929/929 960/960/960
f 959/959/959 960/960/960 949/949/949
f 949/949/949 960/960/960 948/948/948
f 949/949/949 948/948/948 985/985/985
f 985/985/985 948/948/948 984/984/984
f 985/985/985 984/984/984 1004/1004/1004
f 1004/1004/1004 984/984/984 1003/1003/1003
f 1004/1004/1004 1003/1003/1003 1023/1023/1023
f 1023/1023/1023 1003/1003/1003 1022/1022/1022
f 1023/1023/1023 1022/1022/1022 1042/1042/1042
f 1042/1042/1042 1022/1022/1022 1041/1041/1041
f 1042/1042/1042 1041/1041/1041 1061/1061/1061
f 1061/1061/1061 1041/1041/1041 1060/1060/1060
f 1061/1061/1061 1060/1060/1060 1080/1080/1080
f 1080/1080/1080 1060/1060/1060 1079/1079/1079
f 1080/1080/1080 1079/1079/1079 1099/1099/1099
f 1099/1099/1099 1079/1079/1079 1098/1098/1098
f 1099/1099/1099 1098/1098/1098 1118/1118/1118
f 1118/1118/1118 1098/1098/1098 1117/1117/1117
f 1118/1118/1118 1117/1117/1117 1137/1137/1137
f 1137/1137/1137 1117/1117/1117 1136/1136/1136
f 1137/1137/1137 1136/1136/1136 1156/1156/1156
f 1156/1156/1156 1136/1136/1136 1155/1155/1155
f 1156/1156/1156 1155/1155/1155 1175/1175/1175
f 1175/1175/1175 1155/1155/1155 1174/1174/1174
f 1175/1175/1175 1174/1174/1174 1205/1205/1205
f 1205/1205/1205 1174/1174/1174 1206/1206/1206
f 1205/1205/1205 1206/1206/1206 1194/1194/1194
f 1194/1194/1194 1206/1206/1206 1193/1193/1193
f 1194/1194/1194 1193/1193/1193 1232/1232/1232
f 1232/1232/1232 1193/1193/1193 1231/1231/1231
f 1232/1232/1232 1231/1231/1231 1251/1251/1251
f 1251/1251/1251 1231/1231/1231 1250/1250/1250
f 1251/1251/1251 1250/1250/1250 1270/1270/1270
f 1270/1270/1270 1250/1250/1250 1269/1269/1269
f 1270/1270/1270 1269/1269/1269 1289/1289/1289
f 1289/1289/1289 1269/1269/1269 1288/1288/1288
f 1289/1289/1289 1288/1288/1288 1308/1308/1308
f 1308/1308/1308 1288/1288/1288 1307/1307/1307
f 1308/1308/1308 1307/1307/1307 1327/1327/1327
f 1327/1327/1327 1307/1307/1307 1326/1326/1326
f 1327/1327/1327 1326/1326/1326 1346/1346/1346
f 1346/1346/1346 1326/1326/1326 1345/1345/1345
f 1346/1346/1346 1345/1345/1345 1365/1365/1365
f 1365/1365/1365 1345/1345/1345 1364/1364/1364
f 1365/1365/1365 1364/1364/1364 1384/1384/1384
f 1384/1384/1384 1364/1364/1364 1383/1383/1383
f 1384/1384/1384 1383/1383/1383 1403/1403/1403
f 1403/1403/1403 1383/1383/1383 1402/1402/1402
f 1403/1403/1403 1402/1402/1402 1422/1422/1422
f 957/957/957 932/932/932 931/931/931
f 931/931/931 930/930/930 958/958/958
f 958/958/958 930/930/930 959/959/959
f 958/958/958 959/959/959 950/950/950
f 950/950/950 959/959/959 949/949/949
f 950/950/950 949/949/949 986/986/986
f 986/986/986 949/949/949 985/985/985
f 986/986/986 985/985/985 1005/1005/1005
f 1005/1005/1005 985/985/985 1004/1004/1004
f 1005/1005/1005 1004/1004/1004 1024/1024/1024
f 1024/1024/1024 1004/1004/1004 1023/1023/1023
f 1024/1024/1024 1023/1023/1023 1043/1043/1043
f 1043/1043/1043 1023/1023/1023 1042/1042/1042
f 1043/1043/1043 1042/1042/1042 1062/1062/1062
f 1062/1062/1062 1042/1042/1042 1061/1061/1061
f 1062/1062/1062 1061/1061/1061 1081/1081/1081
f 1081/1081/1081 1061/1061/1061 1080/1080/1080
f 1081/1081/1081 1080/1080/1080 1100/1100/1100
f 1100/1100/1100 1080/1080/1080 1099/1099/1099
f 1100/1100/1100 1099/1099/1099 1119/1119/1119
f 1119/1119/1119 1099/1099/1099 1118/1118/1118
f 1119/1119/1119 1118/1118/1118 1138/1138/1138
f 1138/1138/1138 1118/1118/1118 1137/1137/1137
f 1138/1138/1138 1137/1137/1137 1157/1157/1157
f 1157/1157/1157 1137/1137/1137 1156/1156/1156
f 1157/1157/1157 1156/1156/1156 1176/1176/1176
f 1176/1176/1176 1156/1156/1156 1175/1175/1175
f 1176/1176/1176 1175/1175/1175 1204/1204/1204
f 1204/1204/1204 1175/1175/1175 1205/1205/1205
f 1204/1204/1204 1205/1205/1205 1195/1195/1195
f 1195/1195/1195 1205/1205/1205 1194/1194/1194
f 1195/1195/1195 1194/1194/1194 1233/1233/1233
f 1233/1233/1233 1194/1194/1194 1232/1232/1232
f 1233/1233/1233 1232/1232/1232 1252/1252/1252
f 1252/1252/1252 1232/1232/1232 1251/1251/1251
f 1252/1252/1252 1251/1251/1251 1271/1271/1271
f 1271/1271/1271 1251/1251/1251 1270/1270/1270
f 1271/1271/1271 1270/1270/1270 1290/1290/1290
f 1290/1290/1290 1270/1270/1270 1289/1289/1289
f 1290/1290/1290 1289/1289/1289 1309/1309/1309
f 1309/1309/1309 1289/1289/1289 1308/1308/1308
f 1309/1309/1309 1308/1308/1308 1328/1328/1328
f 1328/1328/1328 1308/1308/1308 1327/1327/1327
f 1328/1328/1328 1327/1327/1327 1347/1347/1347
f 1347/1347/1347 1327/1327/1327 1346/1346/1346
f 1347/1347/1347 1346/1346/1346 1366/1366/1366
f 1366/1366/1366 1346/1346/1346 1365/1365/1365
f 1366/1366/1366 1365/1365/1365 1385/1385/1385
f 1385/1385/1385 1365/1365/1365 1384/1384/1384
f 1385/1385/1385 1384/1384/1384 1404/1404/1404
f 1404/1404/1404 1384/1384/1384 1403/1403/1403
f 1404/1404/1404 1403/1403/1403 1423/1423/1423
f 1423/1423/1423 1403/1403/1403 1422/1422/1422
f 159/159/159 935/935/935 934/934/934
f 934/934/934 935/935/935 915/915/915
f 159/159/159 934/934/934 955/955/955
f 950/950/950 951/951/951 958/958/958
f 958/958/958 951/951/951 957/957/957
f 958/958/958 957/957/957 931/931/931
f 951/951/951 950/950/950 987/987/987
f 987/987/987 950/950/950 986/986/986
f 987/987/987 986/986/986 1006/1006/1006
f 1006/1006/1006 986/986/986 1005/1005/1005
f 1006/1006/1006 1005/1005/1005 1025/1025/1025
f 1025/1025/1025 1005/1005/1005 1024/1024/1024
f 1025/1025/1025 1024/1024/1024 1044/1044/1044
f 1044/1044/1044 1024/1024/1024 1043/1043/1043
f 1044/1044/1044 1043/1043/1043 1063/1063/1063
f 1063/1063/1063 1043/1043/1043 1062/1062/1062
f 1063/1063/1063 1062/1062/1062 1082/1082/1082
f 1082/1082/1082 1062/1062/1062 1081/1081/1081
f 1082/1082/1082 1081/1081/1081 1101/1101/1101
f 1101/1101/1101 1081/1081/1081 1100/1100/1100
f 1101/1101/1101 1100/1100/1100 1120/1120/1120
f 1120/1120/1120 1100/1100/1100 1119/1119/1119
f 1120/1120/1120 1119/1119/1119 1139/1139/1139
f 1139/1139/1139 1119/1119/1119 1138/1138/1138
f 1139/1139/1139 1138/1138/1138 1158/1158/1158
f 1158/1158/1158 1138/1138/1138 1157/1157/1157
f 1158/1158/1158 1157/1157/1157 1177/1177/1177
f 1177/1177/1177 1157/1157/1157 1176/1176/1176
f 1177/1177/1177 1176/1176/1176 1203/1203/1203
f 1203/1203/1203 1176/1176/1176 1204/1204/1204
f 1203/1203/1203 1204/1204/1204 1196/1196/1196
f 1196/1196/1196 1204/1204/1204 1195/1195/1195
f 1196/1196/1196 1195/1195/1195 1234/1234/1234
f 1234/1234/1234 1195/1195/1195 1233/1233/1233
f 1234/1234/1234 1233/1233/1233 1253/1253/1253
f 1253/1253/1253 1233/1233/1233 1252/1252/1252
f 1253/1253/1253 1252/1252/1252 1272/1272/1272
f 1272/1272/1272 1252/1252/1252 1271/1271/1271
f 1272/1272/1272 1271/1271/1271 1291/1291/1291
f 1291/1291/1291 1271/1271/1271 1290/1290/1290
f 1291/1291/1291 1290/1290/1290 1310/1310/1310
f 1310/1310/1310 1290/1290/1290 1309/1309/1309
f 1310/1310/1310 1309/1309/1309 1329/1329/1329
f 1329/1329/1329 1309/1309/1309 1328/1328/1328
f 1329/1329/1329 1328/1328/1328 1348/1348/1348
f 1348/1348/1348 1328/1328/1328 1347/1347/1347
f 1348/1348/1348 1347/1347/1347 1367/1367/1367
f 1367/1367/1367 1347/1347/1347 1366/1366/1366
f 1367/1367/1367 1366/1366/1366 1386/1386/1386
f 1386/1386/1386 1366/1366/1366 1385/1385/1385
f 1386/1386/1386 1385/1385/1385 1405/1405/1405
f 1405/1405/1405 1385/1385/1385 1404/1404/1404
f 1405/1405/1405 1404/1404/1404 1424/1424/1424
f 1424/1424/1424 1404/1404/1404 1423/1423/1423
f 159/159/159 955/955/955 954/954/954
f 954/954/954 955/955/955 953/953/953
f 954/954/954 953/953/953 990/990/990
f 990/990/990 953/953/953 989/989/989
f 990/990/990 989/989/989 1009/1009/1009
f 1009/1009/1009 989/989/989 1008/1008/1008
f 1009/1009/1009 1008/1008/1008 1028/1028/1028
f 1028/1028/1028 1008/1008/1008 1027/1027/1027
f 1028/1028/1028 1027/1027/1027 1047/1047/1047
f 1047/1047/1047 1027/1027/1027 1046/1046/1046
f 1047/1047/1047 1046/1046/1046 1066/1066/1066
f 1066/1066/1066 1046/1046/1046 1065/1065/1065
f 1066/1066/1066 1065/1065/1065 1085/1085/1085
f 1085/1085/1085 1065/1065/1065 1084/1084/1084
f 1085/1085/1085 1084/1084/1084 1104/1104/1104
f 1104/1104/1104 1084/1084/1084 1103/1103/1103
f 1104/1104/1104 1103/1103/1103 1123/1123/1123
f 1123/1123/1123 1103/1103/1103 1122/1122/1122
f 1123/1123/1123 1122/1122/1122 1142/1142/1142
f 1142/1142/1142 1122/1122/1122 1141/1141/1141
f 1142/1142/1142 1141/1141/1141 1161/1161/1161
f 1161/1161/1161 1141/1141/1141 1160/1160/1160
f 1161/1161/1161 1160/1160/1160 1180/1180/1180
f 1180/1180/1180 1160/1160/1160 1179/1179/1179
f 1180/1180/1180 1179/1179/1179 1200/1200/1200
f 1218/1218/1218 1181/1181/1181 1182/1182/1182
f 1182/1182/1182 1181/1181/1181 1220/1220/1220
f 1182/1182/1182 1220/1220/1220 1221/1221/1221
f 1221/1221/1221 1220/1220/1220 1240/1240/1240
f 1221/1221/1221 1240/1240/1240 1241/1241/1241
f 1241/1241/1241 1240/1240/1240 1260/1260/1260
f 1181/1181/1181 1219/1219/1219 1220/1220/1220
f 1220/1220/1220 1219/1219/1219 1239/1239/1239
f 1220/1220/1220 1239/1239/1239 1240/1240/1240
f 1240/1240/1240 1239/1239/1239 1259/1259/1259
f 1240/1240/1240 1259/1259/1259 1260/1260/1260
f 1260/1260/1260 1259/1259/1259 1279/1279/1279
f 1219/1219/1219 1238/1238/1238 1239/1239/1239
f 1239/1239/1239 1238/1238/1238 1258/1258/1258
f 1239/1239/1239 1258/1258/1258 1259/1259/1259
f 1259/1259/1259 1258/1258/1258 1278/1278/1278
f 1259/1259/1259 1278/1278/1278 1279/1279/1279
f 1279/1279/1279 1278/1278/1278 1298/1298/1298
f 1238/1238/1238 1257/1257/1257 1258/1258/1258
f 1258/1258/1258 1257/1257/1257 1277/1277/1277
f 1258/1258/1258 1277/1277/1277 1278/1278/1278
f 1278/1278/1278 1277/1277/1277 1297/1297/1297
f 1278/1278/1278 1297/1297/1297 1298/1298/1298
f 1298/1298/1298 1297/1297/1297 1317/1317/1317
f 1257/1257/1257 1276/1276/1276 1277/1277/1277
f 1277/1277/1277 1276/1276/1276 1296/1296/1296
f 1277/1277/1277 1296/1296/1296 1297/1297/1297
f 1297/1297/1297 1296/1296/1296 1316/1316/1316
f 1297/1297/1297 1316/1316/1316 1317/1317/1317
f 1317/1317/1317 1316/1316/1316 1336/1336/1336
f 1301/1301/1301 1281/1281/1281 1300/1300/1300
f 1276/1276/1276 1295/1295/1295 1296/1296/1296
f 1296/1296/1296 1295/1295/1295 1315/1315/1315
f 1296/1296/1296 1315/1315/1315 1316/1316/1316
f 1316/1316/1316 1315/1315/1315 1335/1335/1335
f 1316/1316/1316 1335/1335/1335 1336/1336/1336
f 1336/1336/1336 1335/1335/1335 1355/1355/1355
f 1301/1301/1301 1300/1300/1300 1320/1320/1320
f 1320/1320/1320 1300/1300/1300 1319/1319/1319
f 1320/1320/1320 1319/1319/1319 1339/1339/1339
f 1339/1339/1339 1319/1319/1319 1338/1338/1338
f 1339/1339/1339 1338/1338/1338 1358/1358/1358
f 1358/1358/1358 1338/1338/1338 1357/1357/1357
f 1358/1358/1358 1357/1357/1357 1377/1377/1377
f 1377/1377/1377 1357/1357/1357 1376/1376/1376
f 1377/1377/1377 1376/1376/1376 1396/1396/1396
f 1396/1396/1396 1376/1376/1376 1395/1395/1395
f 1396/1396/1396 1395/1395/1395 1415/1415/1415
f 1415/1415/1415 1395/1395/1395 1414/1414/1414
f 1295/1295/1295 1314/1314/1314 1315/1315/1315
f 1315/1315/1315 1314/1314/1314 1334/1334/1334
f 1315/1315/1315 1334/1334/1334 1335/1335/1335
f 1335/1335/1335 1334/1334/1334 1354/1354/1354
f 1335/1335/1335 1354/1354/1354 1355/1355/1355
f 1355/1355/1355 1354/1354/1354 1374/1374/1374
f 1301/1301/1301 1320/1320/1320 1321/1321/1321
f 1321/1321/1321 1320/1320/1320 1340/1340/1340
f 1321/1321/1321 1340/1340/1340 1341/1341/1341
f 1341/1341/1341 1340/1340/1340 1360/1360/1360
f 1340/1340/1340 1320/1320/1320 1339/1339/1339
f 1314/1314/1314 1333/1333/1333 1334/1334/1334
f 1334/1334/1334 1333/1333/1333 1353/1353/1353
f 1334/1334/1334 1353/1353/1353 1354/1354/1354
f 1354/1354/1354 1353/1353/1353 1373/1373/1373
f 1354/1354/1354 1373/1373/1373 1374/1374/1374
f 1374/1374/1374 1373/1373/1373 1393/1393/1393
f 1340/1340/1340 1339/1339/1339 1359/1359/1359
f 1359/1359/1359 1339/1339/1339 1358/1358/1358
f 1359/1359/1359 1358/1358/1358 1378/1378/1378
f 1378/1378/1378 1358/1358/1358 1377/1377/1377
f 1378/1378/1378 1377/1377/1377 1397/1397/1397
f 1397/1397/1397 1377/1377/1377 1396/1396/1396
f 1397/1397/1397 1396/1396/1396 1416/1416/1416
f 1416/1416/1416 1396/1396/1396 1415/1415/1415
f 1333/1333/1333 1352/1352/1352 1353/1353/1353
f 1353/1353/1353 1352/1352/1352 1372/1372/1372
f 1353/1353/1353 1372/1372/1372 1373/1373/1373
f 1373/1373/1373 1372/1372/1372 1392/1392/1392
f 1373/1373/1373 1392/1392/1392 1393/1393/1393
f 1393/1393/1393 1392/1392/1392 1412/1412/1412
f 1379/1379/1379 1360/1360/1360 1359/1359/1359
f 1359/1359/1359 1360/1360/1360 1340/1340/1340
f 1379/1379/1379 1359/1359/1359 1378/1378/1378
f 1352/1352/1352 1371/1371/1371 1372/1372/1372
f 1372/1372/1372 1371/1371/1371 1391/1391/1391
f 1372/1372/1372 1391/1391/1391 1392/1392/1392
f 1392/1392/1392 1391/1391/1391 1411/1411/1411
f 1392/1392/1392 1411/1411/1411 1412/1412/1412
f 1398/1398/1398 1379/1379/1379 1378/1378/1378
f 1398/1398/1398 1378/1378/1378 1397/1397/1397
f 1407/1407/1407 1387/1387/1387 1406/1406/1406
f 1371/1371/1371 1390/1390/1390 1391/1391/1391
f 1391/1391/1391 1390/1390/1390 1410/1410/1410
f 1391/1391/1391 1410/1410/1410 1411/1411/1411
f 1409/1409/1409 1410/1410/1410 1390/1390/1390
f 1417/1417/1417 1398/1398/1398 1397/1397/1397
f 1417/1417/1417 1397/1397/1397 1416/1416/1416
f 1421/1421/1421 1401/1401/1401 1420/1420/1420
f 1425/1425/1425 1426/1426/1426 1406/1406/1406
f 1406/1406/1406 1426/1426/1426 1407/1407/1407
f 1426/1426/1426 1427/1427/1427 1407/1407/1407

