mtllib material.mtl
usemtl material_0
v -145.05692000 0.00000500 101.93155400
v -145.05690500 -0.49528900 101.95591400
v -145.05686000 -0.98581800 102.02865100
v -145.05678400 -1.46658900 102.14959800
v -145.05667900 -1.93276800 102.31785300
v -145.05654600 -2.38037700 102.53087900
v -145.05638600 -2.80546100 102.78610300
v -145.05620200 -3.20406300 103.08095100
v -145.05599400 -3.57222700 103.41285100
v -145.05576500 -3.90599600 103.77922800
v -145.05551600 -4.20138200 104.17738100
v -145.05525000 -4.45513800 104.60310600
v -145.05496900 -4.66582000 105.05176900
v -145.05467700 -4.83216300 105.51882300
v -145.05437600 -4.95290300 105.99972100
v -145.05407000 -5.02677500 106.48991600
v -145.05376000 -5.05251700 106.98486300
v -145.05345000 -5.02886500 107.48001100
v -145.05314400 -4.95535700 107.97023300
v -145.05284300 -4.83367300 108.45073200
v -145.05255200 -4.66582900 108.91723600
v -145.05227100 -4.45384100 109.36547500
v -145.05200500 -4.19972400 109.79117600
v -145.05175600 -3.90549400 110.19006800
v -145.05152500 -3.57316900 110.55788000
v -145.05131800 -3.20542300 110.89030600
v -145.05113400 -2.80652700 111.18449900
v -145.05097500 -2.38078100 111.43850200
v -145.05084200 -1.93248500 111.65036200
v -145.05073700 -1.46593800 111.81812700
v -145.05066100 -0.98543900 111.93984300
v -145.05061500 -0.49528600 112.01355700
v -145.05060000 -0.00008100 112.03757900
v -145.05061600 0.49497900 112.01221300
v -145.05061600 0.49497900 112.01221300
v -145.05066200 0.98528500 111.93865000
v -145.05073700 1.46625800 111.81808400
v -145.05084100 1.93332300 111.65171100
v -145.05097300 2.38190100 111.44072500
v -145.05113200 2.80741600 111.18632200
v -145.05131700 3.20517100 110.89044800
v -145.05152600 3.57169600 110.55670500
v -145.05175600 3.90412600 110.18885400
v -145.05200500 4.19959600 109.79065400
v -145.05227100 4.45523800 109.36586600
v -145.05255100 4.66818900 108.91825100
v -145.05284300 4.83559100 108.45158900
v -145.05314400 4.95550800 107.97051500
v -145.05345000 5.02764200 107.47996900
v -145.05376000 5.05184800 106.98469000
v -145.05407000 5.02798500 106.48941900
v -145.05437700 4.95590900 105.99889700
v -145.05467800 4.83552900 105.51789700
v -145.05496900 4.66798200 105.05125300
v -145.05525000 4.45559800 104.60318700
v -145.05551600 4.20074900 104.17781300
v -145.05576500 3.90580500 103.77924200
v -145.05599500 3.57313600 103.41158900
v -145.05620300 3.20555600 103.07879500
v -145.05638800 2.80706100 102.78370900
v -145.05654700 2.38172800 102.52877500
v -145.05668000 1.93363600 102.31643900
v -145.05678400 1.46686100 102.14914300
v -145.05686000 0.98581400 102.02873600
v -145.05690500 0.49529000 101.95596900
v -0.01028000 -2.51432900 100.77687400
v -0.25249300 -2.50125100 100.77436100
v -0.49730300 -2.46398500 100.76216100
v -0.74018600 -2.40254100 100.74087500
v -0.97661900 -2.31693100 100.71110700
v -1.20242500 -2.20778100 100.67408400
v -1.41452200 -2.07794900 100.63211500
v -1.61003300 -1.93080200 100.58745700
v -1.78608700 -1.76970300 100.54236600
v -1.94582800 -1.59179000 100.49744000
v -2.09136900 -1.39459600 100.45335100
v -2.21933700 -1.18101700 100.41218400
v -2.32635500 -0.95395000 100.37602500
v -2.40966000 -0.71655500 100.34688100
v -2.46874500 -0.47309000 100.32564400
v -2.50362400 -0.22808800 100.31277800
v -2.51430900 0.01393900 100.30874700
v -2.50081000 0.25652400 100.31383000
v -2.46311600 0.50157900 100.32769400
v -2.40121400 0.74457100 100.34987400
v -2.31509100 0.98096600 100.37990700
v -2.20546200 1.20661300 100.41675500
v -2.07527600 1.41843500 100.45837000
v -1.92790900 1.61353400 100.50266300
v -1.76669400 1.78905800 100.54756200
v -1.58823400 1.94870200 100.59271800
v -1.39064500 2.09400800 100.63717900
v -1.17680500 2.22160700 100.67868800
v -0.94959000 2.32813300 100.71498600
v -0.71217500 2.41093100 100.74379900
v -0.46883500 2.46956300 100.76405900
v -0.22409500 2.50401600 100.77516300
v 0.01761800 2.51428000 100.77650900
v 0.26029300 2.50039800 100.76771400
v 0.50499600 2.46242400 100.74928700
v 0.74730900 2.40038400 100.72194200
v 0.98281400 2.31430400 100.68639400
v 1.20752400 2.20496000 100.64408200
v 1.41847900 2.07525800 100.59735000
v 1.61286300 1.92847900 100.54847400
v 1.78790000 1.76786500 100.49971400
v 1.94723600 1.59002900 100.45142100
v 2.09239200 1.39305600 100.40435300
v 2.22000800 1.17978300 100.36063500
v 2.32672100 0.95305200 100.32239200
v 2.40981400 0.71598600 100.29164900
v 2.46879100 0.47281200 100.26927500
v 2.50362900 0.22801600 100.25573500
v 2.51430900 -0.01393900 100.25149700
v 2.50081800 -0.25643300 100.25684100
v 2.46317000 -0.50127100 100.27143300
v 2.40138700 -0.74396500 100.29480500
v 2.31549000 -0.98002900 100.32649100
v 2.20617200 -1.20534100 100.36548000
v 2.07634300 -1.41686300 100.40969700
v 1.92936400 -1.61175600 100.45701700
v 1.76859000 -1.78718800 100.50531700
v 1.59119200 -1.94632700 100.55419700
v 1.39473500 -2.09128800 100.60294100
v 1.18203500 -2.21879000 100.64927500
v 0.95590800 -2.32555300 100.69092500
v 0.71938400 -2.40883800 100.72555800
v 0.47656600 -2.46808000 100.75190300
v 0.23187200 -2.50325200 100.76924600
v -0.01028000 -2.51432900 113.00917500
v 0.23188000 -2.50325100 113.01649700
v 0.47659400 -2.46807400 113.03353300
v 0.71943900 -2.40882200 113.05957500
v 0.95599300 -2.32551700 113.09391700
v 1.18215100 -2.21872700 113.13529100
v 1.39487800 -2.09119100 113.18136600
v 1.59135600 -1.94619200 113.22987100
v 1.76876600 -1.78701400 113.27853400
v 1.92955000 -1.61153200 113.32663800
v 2.07652900 -1.41659000 113.37377500
v 2.20634600 -1.20502400 113.41782700
v 2.31564000 -0.97967400 113.45667300
v 2.40150500 -0.74358000 113.48824000
v 2.46325200 -0.50086700 113.51152100
v 2.50086100 -0.25602300 113.52605000
v 2.51431100 -0.01353500 113.53136200
v 2.50359100 0.22842800 113.52712100
v 2.50359100 0.22842800 113.52712100
v 2.46871000 0.47323100 113.51360900
v 2.40969000 0.71640900 113.49129300
v 2.32654800 0.95347600 113.46063900
v 2.21978300 1.18020400 113.42251600
v 2.09211600 1.39347000 113.37894600
v 1.94690800 1.59043200 113.33205000
v 1.78752100 1.76824900 113.28395100
v 1.61240600 1.92886000 113.23540300
v 1.41794100 2.07562500 113.18676600
v 1.20690800 2.20529800 113.14030200
v 0.98212600 2.31459600 113.09828400
v 0.74656000 2.40061600 113.06305200
v 0.50420400 2.46258600 113.03603700
v 0.25947900 2.50048400 113.01794800
v 0.01681000 2.51428600 113.00949300
v -0.22491200 2.50394200 113.01117900
v -0.46963900 2.46941000 113.02262300
v -0.71294200 2.41070600 113.04321700
v -0.95030100 2.32784300 113.07235200
v -1.17744600 2.22126600 113.10895100
v -1.39120900 2.09363400 113.15073500
v -1.58871600 1.94831100 113.19544300
v -1.76709400 1.78866300 113.24081500
v -1.92825300 1.61312100 113.28591100
v -2.07556700 1.41800900 113.33038100
v -2.20570000 1.20618100 113.37214800
v -2.31527500 0.98053100 113.40912000
v -2.40134700 0.74413800 113.43924500
v -2.46320300 0.50115200 113.46148800
v -2.50085300 0.25610700 113.47538500
v -2.51431100 0.01353500 113.48047000
v -2.50358600 -0.22849600 113.47640900
v -2.50358600 -0.22849600 113.47640900
v -2.46866800 -0.47348900 113.46348500
v -2.40954800 -0.71693500 113.44216200
v -2.32621200 -0.95429900 113.41290300
v -2.21917100 -1.18132800 113.37660400
v -2.09119200 -1.39486300 113.33527400
v -1.94565000 -1.59200800 113.29100400
v -1.78592000 -1.76987100 113.24588400
v -1.60987900 -1.93093100 113.20057700
v -1.41438900 -2.07804100 113.15568100
v -1.20231800 -2.20784000 113.11345300
v -0.97654200 -2.31696400 113.07615300
v -0.74013800 -2.40255500 113.04609200
v -0.49728000 -2.46399000 113.02450300
v -0.25248700 -2.50125200 113.01199400
v 45.00000000 -0.00000000 99.76778800
v 45.00000000 -0.74181600 99.80666500
v 45.00000000 -1.47550400 99.92287000
v 45.00000000 -2.19302600 100.11512900
v 45.00000000 -2.88652100 100.38133700
v 45.00000000 -3.54839000 100.71857700
v 45.00000000 -4.17138300 101.12315300
v 45.00000000 -4.74867300 101.59063300
v 45.00000000 -5.27393600 102.11589600
v 45.00000000 -5.74141600 102.69318600
v 45.00000000 -6.14599200 103.31617900
v 45.00000000 -6.48323200 103.97804900
v 45.00000000 -6.74944000 104.67154400
v 45.00000000 -6.94169900 105.38906600
v 45.00000000 -7.05790400 106.12275500
v 45.00000000 -7.09678100 106.86457000
v 45.00000000 -7.05790400 107.60638600
v 45.00000000 -6.94169900 108.34007400
v 45.00000000 -6.74944000 109.05759700
v 45.00000000 -6.48323200 109.75109200
v 45.00000000 -6.14599200 110.41296100
v 45.00000000 -5.74141600 111.03595400
v 45.00000000 -5.27393600 111.61324400
v 45.00000000 -4.74867300 112.13850700
v 45.00000000 -4.17138300 112.60598800
v 45.00000000 -3.54839000 113.01056400
v 45.00000000 -2.88652100 113.34780300
v 45.00000000 -2.19302600 113.61401100
v 45.00000000 -1.47550400 113.80627100
v 45.00000000 -0.74181600 113.92247600
v 45.00000000 0.00000000 113.96135300
v 45.00000000 0.00000000 113.96135300
v 45.00000000 0.74181600 113.92247600
v 45.00000000 1.47550400 113.80627100
v 45.00000000 2.19302600 113.61401100
v 45.00000000 2.88652100 113.34780300
v 45.00000000 3.54839000 113.01056400
v 45.00000000 4.17138300 112.60598800
v 45.00000000 4.74867300 112.13850700
v 45.00000000 5.27393600 111.61324400
v 45.00000000 5.74141600 111.03595400
v 45.00000000 6.14599200 110.41296100
v 45.00000000 6.48323200 109.75109200
v 45.00000000 6.74944000 109.05759700
v 45.00000000 6.94169900 108.34007400
v 45.00000000 7.05790400 107.60638600
v 45.00000000 7.09678100 106.86457000
v 45.00000000 7.05790400 106.12275500
v 45.00000000 6.94169900 105.38906600
v 45.00000000 6.74944000 104.67154400
v 45.00000000 6.48323200 103.97804900
v 45.00000000 6.14599200 103.31617900
v 45.00000000 5.74141600 102.69318600
v 45.00000000 5.27393600 102.11589600
v 45.00000000 4.74867300 101.59063300
v 45.00000000 4.17138300 101.12315300
v 45.00000000 3.54839000 100.71857700
v 45.00000000 2.88652100 100.38133700
v 45.00000000 2.19302600 100.11512900
v 45.00000000 1.47550400 99.92287000
v 45.00000000 0.74181600 99.80666500
v -129.21233100 -0.00000000 112.19824000
v -129.21233100 -0.00000000 112.19824000
v -113.37403100 -0.00000000 112.35853100
v -113.37403100 -0.00000000 112.35853100
v -97.53573100 -0.00000000 112.51882200
v -97.53573100 -0.00000000 112.51882200
v -81.69743100 -0.00000000 112.67911300
v -81.69743100 -0.00000000 112.67911300
v -65.85913000 -0.00000000 112.83940500
v -65.85913000 -0.00000000 112.83940500
v -50.02083000 -0.00000000 112.99969600
v -50.02083000 -0.00000000 112.99969600
v -34.18253000 -0.00000000 113.15998700
v -34.18253000 -0.00000000 113.15998700
v -18.34422900 -0.00000000 113.32027800
v -18.34422900 -0.00000000 113.32027800
v 13.33237100 -0.00000000 113.64086100
v 13.33237100 -0.00000000 113.64086100
v 29.17067200 -0.00000000 113.80115200
v 29.17067200 -0.00000000 113.80115200
v -129.21891700 0.54600400 101.77985700
v -113.38083100 0.56380600 101.60047500
v -97.54274600 0.58160700 101.42109400
v -81.70466000 0.59940900 101.24171300
v -65.86657500 0.61721000 101.06233200
v -50.02848900 0.63501200 100.88295100
v -34.19040300 0.65281300 100.70357000
v -18.35231800 0.67061500 100.52418900
v -18.35234000 0.00000100 100.48904400
v -34.19042500 0.00000100 100.66935800
v -50.02851000 0.00000200 100.84967200
v -65.86659500 0.00000300 101.02998600
v -81.70468000 0.00000300 101.21030000
v -97.54276500 0.00000400 101.39061400
v -113.38085000 0.00000400 101.57092800
v -129.21893500 0.00000400 101.75124200
v -129.21886300 1.08602700 101.86538800
v -113.38077500 1.12143500 101.68879500
v -97.54268800 1.15684300 101.51220300
v -81.70460100 1.19225000 101.33561000
v -65.86651300 1.22765800 101.15901800
v -50.02842600 1.26306600 100.98242500
v -34.19033900 1.29847400 100.80583300
v -18.35225100 1.33388200 100.62924100
v -2.51416400 1.36929000 100.45264800
v -129.21877300 1.61415000 102.00689800
v -113.38068300 1.66677700 101.83491900
v -97.54259300 1.71940300 101.66294000
v -81.70450300 1.77203000 101.49096200
v -65.86641200 1.82465600 101.31898300
v -50.02832200 1.87728200 101.14700400
v -34.19023200 1.92990900 100.97502500
v -18.35214200 1.98253500 100.80304700
v -2.51405100 2.03516200 100.63106800
v -129.21865000 2.12458800 102.20283600
v -113.38055500 2.19385500 102.03724500
v -97.54246100 2.26312200 101.87165400
v -81.70436700 2.33238900 101.70606300
v -65.86627200 2.40165600 101.54047200
v -50.02817800 2.47092300 101.37488100
v -34.19008400 2.54019000 101.20929000
v -18.35198900 2.60945600 101.04369800
v -2.51389500 2.67872300 100.87810700
v 13.32419900 2.74799000 100.71251600
v 29.16229400 2.81725600 100.54692400
v 29.16212900 2.14040600 100.28710700
v 13.32403900 2.08778400 100.45908800
v -2.51394200 2.50421500 100.80340600
v -18.35203500 2.44119800 100.97164400
v -34.19012800 2.37809000 101.13984400
v -50.02822000 2.31488800 101.30800600
v -65.86631300 2.25159400 101.47613100
v -81.70440600 2.18820800 101.64421900
v -97.54249800 2.12472900 101.81226900
v -113.38059100 2.06115800 101.98028100
v -129.21868400 1.99749400 102.14825500
v -129.21849300 2.61174900 102.45105700
v -113.38039300 2.69689900 102.29355900
v -97.54229400 2.78204900 102.13606000
v -81.70419400 2.86719800 101.97856100
v -65.86609500 2.95234800 101.82106300
v -50.02799600 3.03749800 101.66356400
v -34.18989600 3.12264700 101.50606500
v -18.35179700 3.20779700 101.34856600
v -2.51369700 3.29294600 101.19106700
v 13.32440200 3.37809500 101.03356900
v 29.16250200 3.46324500 100.87607000
v -129.21830400 3.07029500 102.74884000
v -113.38019900 3.17039500 102.60105000
v -97.54209300 3.27049500 102.45326000
v -81.70398800 3.37059400 102.30547000
v -65.86588200 3.47069400 102.15767900
v -50.02777700 3.57079300 102.00988900
v -34.18967100 3.67089300 101.86209800
v -18.35156500 3.77099200 101.71430800
v -2.51346000 3.87109100 101.56651700
v 13.32464600 3.97119000 101.41872600
v 29.16275100 4.07129000 101.27093600
v -129.21808700 3.49520200 103.09292300
v -113.37997400 3.60915500 102.95635100
v -97.54186200 3.72310800 102.81977800
v -81.70374900 3.83706100 102.68320600
v -65.86563600 3.95101400 102.54663300
v -50.02752400 4.06496700 102.41006100
v -34.18941100 4.17892000 102.27348800
v -18.35129800 4.29287200 102.13691500
v -2.51318600 4.40682500 102.00034200
v 13.32492700 4.52077700 101.86377000
v 29.16304000 4.63472900 101.72719600
v -129.21784300 3.88181600 103.47953600
v -113.37972200 4.00837300 103.35556800
v -97.54160100 4.13493100 103.23160000
v -81.70348100 4.26148900 103.10763200
v -65.86536000 4.38804700 102.98366400
v -50.02723900 4.51460400 102.85969600
v -34.18911900 4.64116200 102.73572800
v -18.35099800 4.76771900 102.61175900
v -2.51287800 4.89427700 102.48779100
v 13.32524300 5.02083400 102.36382200
v 29.16336400 5.14739100 102.23985300
v -129.21757400 4.22589900 103.90444300
v -113.37944500 4.36367500 103.79432800
v -97.54131500 4.50145100 103.68421300
v -81.70318600 4.63922700 103.57409800
v -65.86505600 4.77700300 103.46398300
v -50.02692700 4.91477900 103.35386800
v -34.18879800 5.05255500 103.24375200
v -18.35066800 5.19033100 103.13363700
v -2.51253900 5.32810600 103.02352100
v 13.32559000 5.46588200 102.91340500
v 29.16372000 5.60365700 102.80329000
v -129.21728400 4.52368200 104.36298900
v -113.37914500 4.67116700 104.26782400
v -97.54100600 4.81865200 104.17265900
v -81.70286800 4.96613700 104.07749300
v -65.86472900 5.11362200 103.98232800
v -50.02659000 5.26110700 103.88716200
v -34.18845100 5.40859100 103.79199700
v -18.35031200 5.55607600 103.69683100
v -2.51217400 5.70356000 103.60166500
v 13.32596500 5.85104500 103.50649800
v 29.16410400 5.99852900 103.41133200
v -129.21697600 4.77190400 104.85015000
v -113.37882700 4.92748200 104.77086700
v -97.54067800 5.08306000 104.69158500
v -81.70253000 5.23863700 104.61230200
v -65.86438100 5.39421500 104.53302000
v -50.02623200 5.54979300 104.45373700
v -34.18808300 5.70537100 104.37445300
v -18.34993400 5.86094800 104.29517000
v -2.51178500 6.01652600 104.21588700
v 13.32636400 6.17210300 104.13660300
v 29.16451200 6.32768100 104.05731900
v -129.21665300 4.96784300 105.36058800
v -113.37849400 5.12980900 105.29794700
v -97.54033500 5.29177600 105.23530700
v -81.70217500 5.45374200 105.17266600
v -65.86401600 5.61570900 105.11002400
v -50.02585700 5.77767500 105.04738300
v -34.18769700 5.93964100 104.98474200
v -18.34953800 6.10160700 104.92210000
v -2.51137800 6.26357300 104.85945800
v 13.32678100 6.42553900 104.79681600
v 29.16494000 6.58750500 104.73417400
v -129.21632000 5.10935300 105.88871100
v -113.37814900 5.27593400 105.84328900
v -97.53997900 5.44251400 105.79786700
v -81.70180900 5.60909500 105.75244400
v -65.86363900 5.77567500 105.70702100
v -50.02546800 5.94225500 105.66159800
v -34.18729800 6.10883600 105.61617500
v -18.34912800 6.27541600 105.57075100
v -2.51095800 6.44199600 105.52532800
v 13.32721300 6.60857600 105.47990400
v 29.16538300 6.77515600 105.43448000
v -129.21597800 5.19488500 106.42873300
v -113.37779700 5.36425400 106.40091700
v -97.53961600 5.53362400 106.37310100
v -81.70143400 5.70299300 106.34528500
v -65.86325300 5.87236200 106.31746800
v -50.02507100 6.04173200 106.28965200
v -34.18689000 6.21110100 106.26183500
v -18.34870900 6.38047000 106.23401800
v -2.51052700 6.54983900 106.20620000
v 13.32765400 6.71920800 106.17838300
v 29.16583600 6.88857800 106.15056500
v -129.21563300 5.22350000 106.97467900
v -113.37744100 5.39380300 106.96466800
v -97.53924800 5.56410500 106.95465700
v -81.70105500 5.73440800 106.94464700
v -65.86286300 5.90471100 106.93463600
v -50.02467000 6.07501300 106.92462600
v -34.18647700 6.24531600 106.91461600
v -18.34828500 6.41561800 106.90460600
v -2.51009200 6.58592100 106.89459600
v 13.32810100 6.75622400 106.88458600
v 29.16629300 6.92652600 106.87457700
v -129.21528800 5.19488500 107.52074200
v -113.37708400 5.36425500 107.52852900
v -97.53888000 5.53362600 107.53631600
v -81.70067600 5.70299600 107.54410200
v -65.86247200 5.87236600 107.55188900
v -50.02426900 6.04173600 107.55967500
v -34.18606500 6.21110600 107.56746100
v -18.34786100 6.38047600 107.57524700
v -2.50965700 6.54984600 107.58303300
v 13.32854700 6.71921600 107.59081800
v 29.16675100 6.88858700 107.59860300
v -129.21494700 5.10935500 108.06076400
v -113.37673200 5.27593600 108.08615800
v -97.53851700 5.44251800 108.11155100
v -81.70030200 5.60910000 108.13694400
v -65.86208700 5.77568200 108.16233700
v -50.02387200 5.94226400 108.18773000
v -34.18565700 6.10884600 108.21312300
v -18.34744200 6.27542800 108.23851500
v -2.50922700 6.44201000 108.26390700
v 13.32898900 6.60859200 108.28929900
v 29.16720400 6.77517400 108.31469100
v -129.21461300 4.96784500 108.58888800
v -113.37638700 5.12981300 108.63150000
v -97.53816100 5.29178100 108.67411200
v -81.69993500 5.45375000 108.71672400
v -65.86170900 5.61571800 108.75933600
v -50.02348300 5.77768700 108.80194700
v -34.18525700 5.93965600 108.84455800
v -18.34703200 6.10162400 108.88717000
v -2.50880600 6.26359300 108.92978100
v 13.32942000 6.42556200 108.97239100
v 29.16764600 6.58753100 109.01500200
v -129.21429000 4.77190600 109.09932700
v -113.37605400 4.92748600 109.15858100
v -97.53781700 5.08306700 109.21783500
v -81.69958100 5.23864700 109.27708900
v -65.86134500 5.39422800 109.33634300
v -50.02310800 5.54980800 109.39559700
v -34.18487200 5.70538900 109.45485000
v -18.34663500 5.86097000 109.51410300
v -2.50839900 6.01655100 109.57335700
v 13.32983800 6.17213200 109.63261000
v 29.16807400 6.32771300 109.69186300
v -129.21398200 4.52368500 109.58648800
v -113.37573600 4.67117300 109.66162500
v -97.53748900 4.81866100 109.73676300
v -81.69924300 4.96614900 109.81190000
v -65.86099600 5.11363700 109.88703700
v -50.02275000 5.26112500 109.96217400
v -34.18450300 5.40861300 110.03731100
v -18.34625700 5.55610100 110.11244800
v -2.50801100 5.70359000 110.18758400
v 13.33023600 5.85107800 110.26272100
v 29.16848200 5.99856700 110.33785700
v -129.21369200 4.22590200 110.04503400
v -113.37543700 4.36368100 110.13512200
v -97.53718100 4.50146000 110.22521000
v -81.69892500 4.63924000 110.31529800
v -65.86066900 4.77701900 110.40538500
v -50.02241300 4.91479900 110.49547300
v -34.18415700 5.05257800 110.58556000
v -18.34590100 5.19035800 110.67564700
v -2.50764500 5.32813800 110.76573400
v 13.33061100 5.46591800 110.85582100
v 29.16886700 5.60369800 110.94590800
v -129.21342400 3.88181800 110.46994200
v -113.37515900 4.00838000 110.57388400
v -97.53689500 4.13494100 110.67782500
v -81.69863000 4.26150200 110.78176600
v -65.86036500 4.38806300 110.88570800
v -50.02210000 4.51462500 110.98964900
v -34.18383600 4.64118600 111.09359000
v -18.34557100 4.76774800 111.19753100
v -2.50730600 4.89431000 111.30147200
v 13.33095800 5.02087200 111.40541200
v 29.16922300 5.14743400 111.50935300
v -129.21317900 3.49520500 110.85655600
v -113.37490700 3.60916100 110.97310200
v -97.53663400 3.72311800 111.08964900
v -81.69836200 3.83707400 111.20619500
v -65.86008900 3.95103100 111.32274200
v -50.02181600 4.06498800 111.43928800
v -34.18354400 4.17894400 111.55583500
v -18.34527100 4.29290100 111.67238100
v -2.50699800 4.40685800 111.78892700
v 13.33127400 4.52081500 111.90547300
v 29.16954700 4.63477200 112.02201900
v -129.21296200 3.07029800 111.20063900
v -113.37468200 3.17040100 111.32840400
v -97.53640300 3.27050400 111.45616900
v -81.69812300 3.37060700 111.58393500
v -65.85984300 3.47071000 111.71170000
v -50.02156300 3.57081300 111.83946500
v -34.18328400 3.67091600 111.96723000
v -18.34500400 3.77102000 112.09499400
v -2.50672400 3.87112300 112.22275900
v 13.33155600 3.97122700 112.35052400
v 29.16983500 4.07133100 112.47828900
v -129.21277400 2.61175100 111.49842300
v -113.37448800 2.69690400 111.63589700
v -97.53620200 2.78205700 111.77337100
v -81.69791600 2.86721000 111.91084500
v -65.85963000 2.95236300 112.04831900
v -50.02134400 3.03751600 112.18579300
v -34.18305900 3.12266900 112.32326700
v -18.34477300 3.20782200 112.46074100
v -2.50648700 3.29297500 112.59821500
v 13.33179900 3.37812800 112.73568900
v 29.17008500 3.46328200 112.87316300
v -129.21261700 2.12459000 111.74664400
v -113.37432600 2.19385900 111.89221100
v -97.53603500 2.26312900 112.03777800
v -81.69774400 2.33239900 112.18334600
v -65.85945300 2.40166800 112.32891300
v -50.02116200 2.47093800 112.47448000
v -34.18287100 2.54020800 112.62004700
v -18.34458000 2.60947800 112.76561400
v -2.50628900 2.67874800 112.91118100
v 13.33200200 2.74801800 113.05674800
v 29.17029300 2.81728800 113.20231500
v -129.21249300 1.61415000 111.94258300
v -113.37419800 1.66677700 112.09453900
v -97.53590300 1.71940300 112.24649500
v -81.69760800 1.77202900 112.39845100
v -65.85931300 1.82465600 112.55040800
v -50.02101800 1.87728200 112.70236400
v -34.18272300 1.92990900 112.85432000
v -18.34442800 1.98253500 113.00627600
v -2.50613300 2.03516200 113.15823200
v 13.33216200 2.08779200 113.31018700
v 29.17045700 2.14042300 113.46214100
v -129.21240400 1.08602700 112.08409400
v -113.37410600 1.12143500 112.24066300
v -97.53580800 1.15684300 112.39723300
v -81.69751000 1.19225000 112.55380300
v -65.85921200 1.22765800 112.71037200
v -50.02091400 1.26306600 112.86694200
v -34.18261600 1.29847400 113.02351200
v -18.34431800 1.33388200 113.18008200
v -2.50602000 1.36929000 113.33665100
v -129.21234900 0.54600400 112.16962500
v -113.37405000 0.56380600 112.32898300
v -97.53575000 0.58160700 112.48834100
v -81.69745000 0.59940900 112.64770000
v -65.85915100 0.61721000 112.80705800
v -50.02085100 0.63501200 112.96641600
v -34.18255100 0.65281300 113.12577500
v -18.34425200 0.67061500 113.28513300
v -129.21234900 -0.54600400 112.16962500
v -113.37405000 -0.56380600 112.32898300
v -97.53575000 -0.58160700 112.48834100
v -81.69745000 -0.59940900 112.64770000
v -65.85915100 -0.61721000 112.80705800
v -50.02085100 -0.63501200 112.96641600
v -34.18255100 -0.65281300 113.12577500
v -18.34425200 -0.67061500 113.28513300
v -129.21240400 -1.08602700 112.08409400
v -113.37410600 -1.12143500 112.24066300
v -97.53580800 -1.15684300 112.39723300
v -81.69751000 -1.19225000 112.55380300
v -65.85921200 -1.22765800 112.71037200
v -50.02091400 -1.26306600 112.86694200
v -34.18261600 -1.29847400 113.02351200
v -18.34431800 -1.33388200 113.18008200
v -2.50602000 -1.36929000 113.33665100
v -129.21249300 -1.61415000 111.94258300
v -113.37419800 -1.66677700 112.09453900
v -97.53590300 -1.71940300 112.24649500
v -81.69760800 -1.77203000 112.39845100
v -65.85931300 -1.82465600 112.55040800
v -50.02101800 -1.87728200 112.70236400
v -34.18272300 -1.92990900 112.85432000
v -18.34442800 -1.98253500 113.00627600
v -2.50613300 -2.03516200 113.15823200
v -129.21261700 -2.12459000 111.74664400
v -113.37432600 -2.19385900 111.89221100
v -97.53603500 -2.26312900 112.03777800
v -81.69774400 -2.33239900 112.18334600
v -65.85945300 -2.40166800 112.32891300
v -50.02116200 -2.47093800 112.47448000
v -34.18287100 -2.54020800 112.62004700
v -18.34458000 -2.60947800 112.76561400
v -2.50628900 -2.67874800 112.91118100
v 13.33200200 -2.74801800 113.05674800
v 29.17029300 -2.81728800 113.20231500
v 29.17045700 -2.14042300 113.46214100
v 13.33216200 -2.08779200 113.31018700
v -2.50624200 -2.50440200 112.98581700
v -18.34453400 -2.44135700 112.83761300
v -34.18282700 -2.37822000 112.68944700
v -50.02112000 -2.31499300 112.54131800
v -65.85941200 -2.25167400 112.39322600
v -81.69770500 -2.18826400 112.24517100
v -97.53599700 -2.12476200 112.09715300
v -113.37429000 -2.06117000 111.94917300
v -129.21258200 -1.99748600 111.80122900
v -129.21277400 -2.61175100 111.49842300
v -113.37448800 -2.69690400 111.63589700
v -97.53620200 -2.78205700 111.77337100
v -81.69791600 -2.86721000 111.91084500
v -65.85963000 -2.95236300 112.04831900
v -50.02134400 -3.03751600 112.18579300
v -34.18305900 -3.12266900 112.32326700
v -18.34477300 -3.20782200 112.46074100
v -2.50648700 -3.29297500 112.59821500
v 13.33179900 -3.37812800 112.73568900
v 29.17008500 -3.46328200 112.87316300
v -129.21296200 -3.07029800 111.20063900
v -113.37468200 -3.17040100 111.32840400
v -97.53640300 -3.27050400 111.45616900
v -81.69812300 -3.37060700 111.58393500
v -65.85984300 -3.47071000 111.71170000
v -50.02156300 -3.57081300 111.83946500
v -34.18328400 -3.67091600 111.96723000
v -18.34500400 -3.77102000 112.09499400
v -2.50672400 -3.87112300 112.22275900
v 13.33155600 -3.97122700 112.35052400
v 29.16983500 -4.07133100 112.47828900
v -129.21317900 -3.49520500 110.85655500
v -113.37490700 -3.60916100 110.97310200
v -97.53663400 -3.72311800 111.08964900
v -81.69836200 -3.83707400 111.20619500
v -65.86008900 -3.95103100 111.32274200
v -50.02181600 -4.06498800 111.43928800
v -34.18354400 -4.17894400 111.55583500
v -18.34527100 -4.29290100 111.67238100
v -2.50699800 -4.40685800 111.78892700
v 13.33127400 -4.52081500 111.90547300
v 29.16954700 -4.63477200 112.02201900
v -129.21342400 -3.88181800 110.46994200
v -113.37515900 -4.00838000 110.57388400
v -97.53689500 -4.13494100 110.67782500
v -81.69863000 -4.26150200 110.78176600
v -65.86036500 -4.38806300 110.88570800
v -50.02210000 -4.51462500 110.98964900
v -34.18383600 -4.64118600 111.09359000
v -18.34557100 -4.76774800 111.19753100
v -2.50730600 -4.89431000 111.30147200
v 13.33095800 -5.02087200 111.40541200
v 29.16922300 -5.14743400 111.50935300
v -129.21369200 -4.22590200 110.04503400
v -113.37543700 -4.36368100 110.13512200
v -97.53718100 -4.50146000 110.22521000
v -81.69892500 -4.63924000 110.31529800
v -65.86066900 -4.77701900 110.40538500
v -50.02241300 -4.91479900 110.49547300
v -34.18415700 -5.05257800 110.58556000
v -18.34590100 -5.19035800 110.67564700
v -2.50764500 -5.32813800 110.76573400
v 13.33061100 -5.46591800 110.85582100
v 29.16886700 -5.60369800 110.94590800
v -129.21398200 -4.52368500 109.58648800
v -113.37573600 -4.67117300 109.66162500
v -97.53748900 -4.81866100 109.73676300
v -81.69924300 -4.96614900 109.81190000
v -65.86099600 -5.11363700 109.88703700
v -50.02275000 -5.26112500 109.96217400
v -34.18450300 -5.40861300 110.03731100
v -18.34625700 -5.55610100 110.11244800
v -2.50801100 -5.70359000 110.18758400
v 13.33023600 -5.85107800 110.26272100
v 29.16848200 -5.99856700 110.33785700
v -129.21429000 -4.77190600 109.09932700
v -113.37605400 -4.92748600 109.15858100
v -97.53781700 -5.08306700 109.21783500
v -81.69958100 -5.23864700 109.27708900
v -65.86134500 -5.39422800 109.33634300
v -50.02310800 -5.54980800 109.39559700
v -34.18487200 -5.70538900 109.45485000
v -18.34663500 -5.86097000 109.51410300
v -2.50839900 -6.01655100 109.57335700
v 13.32983800 -6.17213200 109.63261000
v 29.16807400 -6.32771300 109.69186300
v -129.21461300 -4.96784500 108.58888800
v -113.37638700 -5.12981300 108.63150000
v -97.53816100 -5.29178100 108.67411200
v -81.69993500 -5.45375000 108.71672400
v -65.86170900 -5.61571800 108.75933600
v -50.02348300 -5.77768700 108.80194700
v -34.18525700 -5.93965600 108.84455800
v -18.34703200 -6.10162400 108.88717000
v -2.50880600 -6.26359300 108.92978100
v 13.32942000 -6.42556200 108.97239100
v 29.16764600 -6.58753100 109.01500200
v -129.21494700 -5.10935500 108.06076400
v -113.37673200 -5.27593600 108.08615800
v -97.53851700 -5.44251800 108.11155100
v -81.70030200 -5.60910000 108.13694400
v -65.86208700 -5.77568200 108.16233700
v -50.02387200 -5.94226400 108.18773000
v -34.18565700 -6.10884600 108.21312300
v -18.34744200 -6.27542800 108.23851500
v -2.50922700 -6.44201000 108.26390700
v 13.32898900 -6.60859200 108.28929900
v 29.16720400 -6.77517400 108.31469100
v -129.21528800 -5.19488500 107.52074200
v -113.37708400 -5.36425500 107.52852900
v -97.53888000 -5.53362600 107.53631600
v -81.70067600 -5.70299600 107.54410200
v -65.86247200 -5.87236600 107.55188900
v -50.02426900 -6.04173600 107.55967500
v -34.18606500 -6.21110600 107.56746100
v -18.34786100 -6.38047600 107.57524700
v -2.50965700 -6.54984600 107.58303300
v 13.32854700 -6.71921600 107.59081800
v 29.16675100 -6.88858700 107.59860300
v -129.21563300 -5.22350000 106.97484300
v -113.37744000 -5.39380300 106.96482200
v -97.53924800 -5.56410500 106.95480000
v -81.70105500 -5.73440800 106.94477700
v -65.86286300 -5.90471100 106.93475400
v -50.02467000 -6.07501300 106.92473000
v -34.18647700 -6.24531600 106.91470500
v -18.34828500 -6.41561800 106.90467900
v -2.51009200 -6.58592100 106.89465200
v 13.32810100 -6.75622400 106.88462500
v 29.16629300 -6.92652600 106.87459700
v -129.21597800 -5.19488500 106.42873300
v -113.37779700 -5.36425400 106.40091700
v -97.53961600 -5.53362400 106.37310100
v -81.70143400 -5.70299300 106.34528500
v -65.86325300 -5.87236200 106.31746800
v -50.02507100 -6.04173200 106.28965200
v -34.18689000 -6.21110100 106.26183500
v -18.34870900 -6.38047000 106.23401800
v -2.51052700 -6.54983900 106.20620000
v 13.32765400 -6.71920800 106.17838300
v 29.16583600 -6.88857800 106.15056500
v -129.21632000 -5.10935300 105.88871100
v -113.37814900 -5.27593400 105.84328900
v -97.53997900 -5.44251400 105.79786700
v -81.70180900 -5.60909500 105.75244400
v -65.86363900 -5.77567500 105.70702100
v -50.02546800 -5.94225500 105.66159800
v -34.18729800 -6.10883600 105.61617500
v -18.34912800 -6.27541600 105.57075100
v -2.51095800 -6.44199600 105.52532800
v 13.32721300 -6.60857600 105.47990400
v 29.16538300 -6.77515600 105.43448000
v -129.21665300 -4.96784300 105.36058800
v -113.37849400 -5.12980900 105.29794700
v -97.54033500 -5.29177600 105.23530700
v -81.70217500 -5.45374200 105.17266600
v -65.86401600 -5.61570900 105.11002500
v -50.02585700 -5.77767500 105.04738300
v -34.18769700 -5.93964100 104.98474200
v -18.34953800 -6.10160700 104.92210000
v -2.51137800 -6.26357300 104.85945800
v 13.32678100 -6.42553900 104.79681600
v 29.16494000 -6.58750500 104.73417400
v -129.21697600 -4.77190400 104.85015000
v -113.37882700 -4.92748200 104.77086700
v -97.54067800 -5.08306000 104.69158500
v -81.70253000 -5.23863700 104.61230200
v -65.86438100 -5.39421500 104.53302000
v -50.02623200 -5.54979300 104.45373700
v -34.18808300 -5.70537100 104.37445400
v -18.34993400 -5.86094800 104.29517000
v -2.51178500 -6.01652600 104.21588700
v 13.32636400 -6.17210300 104.13660300
v 29.16451200 -6.32768100 104.05731900
v -129.21728400 -4.52368200 104.36298900
v -113.37914500 -4.67116700 104.26782400
v -97.54100600 -4.81865200 104.17265900
v -81.70286800 -4.96613700 104.07749300
v -65.86472900 -5.11362200 103.98232800
v -50.02659000 -5.26110700 103.88716200
v -34.18845100 -5.40859100 103.79199700
v -18.35031200 -5.55607600 103.69683100
v -2.51217400 -5.70356000 103.60166500
v 13.32596500 -5.85104500 103.50649800
v 29.16410400 -5.99852900 103.41133200
v -129.21757400 -4.22589900 103.90444300
v -113.37944500 -4.36367500 103.79432800
v -97.54131500 -4.50145100 103.68421300
v -81.70318600 -4.63922700 103.57409800
v -65.86505600 -4.77700300 103.46398300
v -50.02692700 -4.91477900 103.35386800
v -34.18879800 -5.05255500 103.24375200
v -18.35066800 -5.19033100 103.13363700
v -2.51253900 -5.32810600 103.02352100
v 13.32559000 -5.46588200 102.91340500
v 29.16372000 -5.60365700 102.80329000
v -129.21784300 -3.88181600 103.47953600
v -113.37972200 -4.00837300 103.35556800
v -97.54160100 -4.13493100 103.23160000
v -81.70348100 -4.26148900 103.10763200
v -65.86536000 -4.38804700 102.98366400
v -50.02723900 -4.51460400 102.85969600
v -34.18911900 -4.64116200 102.73572800
v -18.35099800 -4.76771900 102.61175900
v -2.51287800 -4.89427700 102.48779100
v 13.32524300 -5.02083400 102.36382200
v 29.16336400 -5.14739100 102.23985300
v -129.21808700 -3.49520200 103.09292300
v -113.37997400 -3.60915500 102.95635100
v -97.54186200 -3.72310800 102.81977800
v -81.70374900 -3.83706100 102.68320600
v -65.86563600 -3.95101400 102.54663300
v -50.02752400 -4.06496700 102.41006100
v -34.18941100 -4.17892000 102.27348800
v -18.35129800 -4.29287200 102.13691500
v -2.51318600 -4.40682500 102.00034200
v 13.32492700 -4.52077700 101.86377000
v 29.16304000 -4.63472900 101.72719600
v -129.21830400 -3.07029500 102.74884000
v -113.38019900 -3.17039500 102.60105000
v -97.54209300 -3.27049500 102.45326000
v -81.70398800 -3.37059400 102.30547000
v -65.86588200 -3.47069400 102.15767900
v -50.02777700 -3.57079300 102.00988900
v -34.18967100 -3.67089300 101.86209800
v -18.35156500 -3.77099200 101.71430800
v -2.51346000 -3.87109100 101.56651700
v 13.32464600 -3.97119100 101.41872600
v 29.16275100 -4.07129000 101.27093600
v -129.21849300 -2.61174900 102.45105700
v -113.38039300 -2.69689900 102.29355900
v -97.54229400 -2.78204900 102.13606000
v -81.70419400 -2.86719800 101.97856100
v -65.86609500 -2.95234800 101.82106300
v -50.02799600 -3.03749800 101.66356400
v -34.18989600 -3.12264700 101.50606500
v -18.35179700 -3.20779700 101.34856600
v -2.51369700 -3.29294600 101.19106700
v 13.32440200 -3.37809500 101.03356900
v 29.16250200 -3.46324500 100.87607000
v -129.21865000 -2.12458800 102.20283600
v -113.38055500 -2.19385500 102.03724500
v -97.54246100 -2.26312200 101.87165400
v -81.70436700 -2.33238900 101.70606300
v -65.86627200 -2.40165600 101.54047200
v -50.02817800 -2.47092300 101.37488100
v -34.19008400 -2.54019000 101.20929000
v -18.35198900 -2.60945600 101.04369800
v -2.51389500 -2.67872300 100.87810700
v 13.32419900 -2.74799000 100.71251600
v 29.16229400 -2.81725600 100.54692400
v -129.21877300 -1.61415000 102.00689800
v -113.38068300 -1.66677700 101.83491900
v -97.54259300 -1.71940300 101.66294000
v -81.70450300 -1.77202900 101.49096200
v -65.86641200 -1.82465600 101.31898300
v -50.02832200 -1.87728200 101.14700400
v -34.19023200 -1.92990900 100.97502500
v -18.35214200 -1.98253500 100.80304700
v -2.51405100 -2.03516200 100.63106800
v 13.32403900 -2.08778400 100.45908800
v 29.16212900 -2.14040600 100.28710700
v -129.21886300 -1.08602700 101.86538800
v -113.38077500 -1.12143500 101.68879500
v -97.54268800 -1.15684300 101.51220300
v -81.70460100 -1.19225000 101.33561000
v -65.86651300 -1.22765800 101.15901800
v -50.02842600 -1.26306600 100.98242500
v -34.19033900 -1.29847400 100.80583300
v -18.35225100 -1.33388200 100.62924100
v -2.51416400 -1.36929000 100.45264800
v -129.21891700 -0.54600400 101.77985700
v -113.38083100 -0.56380600 101.60047500
v -97.54274600 -0.58160700 101.42109400
v -81.70466000 -0.59940900 101.24171300
v -65.86657500 -0.61721000 101.06233200
v -50.02848900 -0.63501200 100.88295100
v -34.19040300 -0.65281300 100.70357000
v -18.35231800 -0.67061500 100.52418900
v 13.33227800 1.40470000 113.49322100
v 29.17057600 1.44011200 113.64979000
v 13.33234800 0.70621900 113.60384900
v 29.17064800 0.72402200 113.76320800
v 13.33234800 -0.70621900 113.60384900
v 29.17064800 -0.72402200 113.76320800
v 13.33227800 -1.40470000 113.49322100
v 29.17057600 -1.44011200 113.64979000
v 13.32392300 -1.40469500 100.27605500
v 29.16201100 -1.44010000 100.09946200
v 13.32385300 -0.70621600 100.16542700
v 29.16193900 -0.72401600 99.98604600
v 13.32383000 0.00000000 100.12841600
v 29.16191500 -0.00000000 99.94810200
v 13.32385300 0.70621600 100.16542700
v 29.16193900 0.72401600 99.98604600
v 13.32392300 1.40469500 100.27605500
v 29.16201100 1.44010000 100.09946200
vn -0.00113800 0.00000000 -0.09999400
vn -0.00113800 -0.00980100 -0.09951200
vn -0.00113700 -0.01950800 -0.09807200
vn -0.00113600 -0.02902400 -0.09568900
vn -0.00113400 -0.03826100 -0.09238400
vn -0.00113100 -0.04713300 -0.08818900
vn -0.00112800 -0.05555400 -0.08314100
vn -0.00112400 -0.06343900 -0.07729300
vn -0.00112000 -0.07071000 -0.07070300
vn -0.00111500 -0.07729700 -0.06343400
vn -0.00111000 -0.08314100 -0.05555400
vn -0.00110500 -0.08818400 -0.04714100
vn -0.00109900 -0.09238000 -0.03827100
vn -0.00109400 -0.09568800 -0.02902800
vn -0.00108800 -0.09807300 -0.01950400
vn -0.00108100 -0.09951300 -0.00979500
vn -0.00107500 -0.09999400 0.00000300
vn -0.00106900 -0.09951300 0.00980100
vn -0.00106300 -0.09807400 0.01950500
vn -0.00105700 -0.09569000 0.02902200
vn -0.00105100 -0.09238400 0.03826400
vn -0.00104500 -0.08818600 0.04713900
vn -0.00104000 -0.08314000 0.05555800
vn -0.00103500 -0.07729500 0.06343800
vn -0.00103100 -0.07070700 0.07070700
vn -0.00102600 -0.06343800 0.07729500
vn -0.00102300 -0.05555900 0.08314000
vn -0.00101900 -0.04714000 0.08818600
vn -0.00101700 -0.03826500 0.09238400
vn -0.00101500 -0.02902200 0.09569100
vn -0.00101300 -0.01950400 0.09807400
vn -0.00101200 -0.00980100 0.09951300
vn -0.00101200 -0.00000200 0.09999500
vn -0.00101200 0.00979800 0.09951400
vn -0.00101200 0.00979800 0.09951400
vn -0.00101300 0.01950600 0.09807400
vn -0.00101500 0.02902800 0.09568900
vn -0.00101700 0.03827000 0.09238200
vn -0.00101900 0.04713900 0.08818700
vn -0.00102300 0.05555400 0.08314300
vn -0.00102600 0.06343400 0.07729900
vn -0.00103100 0.07070400 0.07071000
vn -0.00103500 0.07729600 0.06343700
vn -0.00104000 0.08314400 0.05555200
vn -0.00104500 0.08818900 0.04713400
vn -0.00105100 0.09238400 0.03826500
vn -0.00105700 0.09568900 0.02902700
vn -0.00106300 0.09807300 0.01951000
vn -0.00106900 0.09951300 0.00980300
vn -0.00107500 0.09999400 -0.00000100
vn -0.00108100 0.09951200 -0.00980300
vn -0.00108800 0.09807300 -0.01950800
vn -0.00109400 0.09568800 -0.02902600
vn -0.00109900 0.09238300 -0.03826500
vn -0.00110500 0.08818700 -0.04713600
vn -0.00111000 0.08314100 -0.05555400
vn -0.00111500 0.07729600 -0.06343600
vn -0.00112000 0.07070600 -0.07070600
vn -0.00112400 0.06343600 -0.07729600
vn -0.00112800 0.05555400 -0.08314100
vn -0.00113100 0.04713600 -0.08818700
vn -0.00113400 0.03826500 -0.09238200
vn -0.00113600 0.02902700 -0.09568800
vn -0.00113700 0.01950800 -0.09807200
vn -0.00113800 0.00980100 -0.09951200
vn -0.00113400 -0.03802000 -0.09248400
vn -0.00113400 -0.03783600 -0.09255900
vn -0.00113400 -0.03728700 -0.09278100
vn -0.00113400 -0.03637200 -0.09314400
vn -0.00113400 -0.03509000 -0.09363400
vn -0.00113500 -0.03345000 -0.09423300
vn -0.00113500 -0.03149400 -0.09490400
vn -0.00113600 -0.02927300 -0.09561300
vn -0.00113600 -0.02683800 -0.09632500
vn -0.00113700 -0.02414600 -0.09703400
vn -0.00113700 -0.02116000 -0.09772900
vn -0.00113700 -0.01792300 -0.09837400
vn -0.00113800 -0.01447900 -0.09894000
vn -0.00113800 -0.01087800 -0.09940000
vn -0.00113800 -0.00718300 -0.09973500
vn -0.00113800 -0.00346300 -0.09993400
vn -0.00113800 0.00021200 -0.09999300
vn -0.00113800 0.00389500 -0.09991800
vn -0.00113800 0.00761500 -0.09970300
vn -0.00113800 0.01130300 -0.09935300
vn -0.00113800 0.01488900 -0.09887900
vn -0.00113700 0.01831100 -0.09830300
vn -0.00113700 0.02152100 -0.09765000
vn -0.00113600 0.02447500 -0.09695200
vn -0.00113600 0.02713000 -0.09624300
vn -0.00113600 0.02954300 -0.09553000
vn -0.00113500 0.03173600 -0.09482400
vn -0.00113500 0.03365800 -0.09415900
vn -0.00113400 0.03525800 -0.09357100
vn -0.00113400 0.03649700 -0.09309500
vn -0.00113400 0.03737000 -0.09274800
vn -0.00113400 0.03787600 -0.09254200
vn -0.00113400 0.03801700 -0.09248500
vn -0.00113400 0.03779200 -0.09257700
vn -0.00113400 0.03720300 -0.09281500
vn -0.00113400 0.03625200 -0.09319100
vn -0.00113400 0.03493900 -0.09369100
vn -0.00113500 0.03327600 -0.09429400
vn -0.00113500 0.03130800 -0.09496600
vn -0.00113600 0.02908400 -0.09567000
vn -0.00113600 0.02665400 -0.09637600
vn -0.00113700 0.02396700 -0.09707900
vn -0.00113700 0.02099300 -0.09776500
vn -0.00113700 0.01777600 -0.09840100
vn -0.00113800 0.01435700 -0.09895800
vn -0.00113800 0.01078500 -0.09941000
vn -0.00113800 0.00712100 -0.09974000
vn -0.00113800 0.00343400 -0.09993500
vn -0.00113800 -0.00021000 -0.09999300
vn -0.00113800 -0.00386200 -0.09991900
vn -0.00113800 -0.00755000 -0.09970800
vn -0.00113800 -0.01120600 -0.09936400
vn -0.00113800 -0.01476300 -0.09889800
vn -0.00113700 -0.01816100 -0.09833000
vn -0.00113700 -0.02135300 -0.09768700
vn -0.00113700 -0.02429500 -0.09699700
vn -0.00113600 -0.02694700 -0.09629400
vn -0.00113600 -0.02935500 -0.09558800
vn -0.00113500 -0.03155100 -0.09488500
vn -0.00113500 -0.03348600 -0.09422000
vn -0.00113400 -0.03511000 -0.09362700
vn -0.00113400 -0.03638100 -0.09314000
vn -0.00113400 -0.03729000 -0.09278000
vn -0.00113400 -0.03783700 -0.09255900
vn -0.00101700 -0.03802000 0.09248500
vn -0.00101700 -0.03783700 0.09256000
vn -0.00101700 -0.03729000 0.09278200
vn -0.00101600 -0.03638100 0.09314200
vn -0.00101600 -0.03511000 0.09362800
vn -0.00101600 -0.03348600 0.09422100
vn -0.00101500 -0.03155000 0.09488700
vn -0.00101500 -0.02935300 0.09559000
vn -0.00101400 -0.02694400 0.09629600
vn -0.00101400 -0.02429200 0.09699900
vn -0.00101300 -0.02134900 0.09768900
vn -0.00101300 -0.01815700 0.09833300
vn -0.00101300 -0.01475800 0.09890000
vn -0.00101200 -0.01120000 0.09936600
vn -0.00101200 -0.00754400 0.09971000
vn -0.00101200 -0.00385600 0.09992100
vn -0.00101200 -0.00020400 0.09999500
vn -0.00101200 0.00344000 0.09993600
vn -0.00101200 0.00344000 0.09993600
vn -0.00101200 0.00712800 0.09974100
vn -0.00101200 0.01079100 0.09941100
vn -0.00101300 0.01436300 0.09895800
vn -0.00101300 0.01778200 0.09840100
vn -0.00101300 0.02100000 0.09776500
vn -0.00101400 0.02397400 0.09707800
vn -0.00101400 0.02666000 0.09637500
vn -0.00101500 0.02909100 0.09567000
vn -0.00101500 0.03131400 0.09496500
vn -0.00101600 0.03328200 0.09429400
vn -0.00101600 0.03494400 0.09369100
vn -0.00101600 0.03625600 0.09319100
vn -0.00101700 0.03720600 0.09281500
vn -0.00101700 0.03779400 0.09257800
vn -0.00101700 0.03801800 0.09248600
vn -0.00101700 0.03787600 0.09254400
vn -0.00101700 0.03736800 0.09275000
vn -0.00101600 0.03649400 0.09309700
vn -0.00101600 0.03525400 0.09357400
vn -0.00101600 0.03365300 0.09416200
vn -0.00101500 0.03173100 0.09482700
vn -0.00101500 0.02953700 0.09553300
vn -0.00101400 0.02712500 0.09624600
vn -0.00101400 0.02446900 0.09695500
vn -0.00101300 0.02151500 0.09765300
vn -0.00101300 0.01830500 0.09830500
vn -0.00101300 0.01488300 0.09888100
vn -0.00101200 0.01129700 0.09935500
vn -0.00101200 0.00760900 0.09970500
vn -0.00101200 0.00388900 0.09991900
vn -0.00101200 0.00020600 0.09999500
vn -0.00101200 -0.00346900 0.09993500
vn -0.00101200 -0.00346900 0.09993500
vn -0.00101200 -0.00718900 0.09973600
vn -0.00101200 -0.01088400 0.09940100
vn -0.00101300 -0.01448500 0.09894000
vn -0.00101300 -0.01792800 0.09837500
vn -0.00101300 -0.02116500 0.09772900
vn -0.00101400 -0.02415000 0.09703500
vn -0.00101400 -0.02684000 0.09632500
vn -0.00101500 -0.02927500 0.09561400
vn -0.00101500 -0.03149500 0.09490500
vn -0.00101600 -0.03345100 0.09423400
vn -0.00101600 -0.03509100 0.09363500
vn -0.00101600 -0.03637300 0.09314500
vn -0.00101700 -0.03728700 0.09278300
vn -0.00101700 -0.03783700 0.09256000
vn -0.00113800 -0.00000000 -0.09999400
vn -0.00113800 -0.01045200 -0.09944600
vn -0.00113700 -0.02079000 -0.09780800
vn -0.00113500 -0.03090000 -0.09510000
vn -0.00113300 -0.04067100 -0.09134900
vn -0.00113000 -0.04999700 -0.08659700
vn -0.00112600 -0.05877500 -0.08089700
vn -0.00112200 -0.06690900 -0.07431000
vn -0.00111700 -0.07431000 -0.06690900
vn -0.00111200 -0.08089700 -0.05877500
vn -0.00110700 -0.08659700 -0.04999700
vn -0.00110100 -0.09134900 -0.04067100
vn -0.00109500 -0.09510000 -0.03090000
vn -0.00108800 -0.09780900 -0.02079000
vn -0.00108200 -0.09944600 -0.01045200
vn -0.00107500 -0.09999400 0.00000000
vn -0.00106900 -0.09944700 0.01045200
vn -0.00106200 -0.09780900 0.02079000
vn -0.00105600 -0.09510000 0.03090000
vn -0.00104900 -0.09135000 0.04067100
vn -0.00104400 -0.08659800 0.04999700
vn -0.00103800 -0.08089700 0.05877500
vn -0.00103300 -0.07431100 0.06690900
vn -0.00102800 -0.06691000 0.07431100
vn -0.00102400 -0.05877500 0.08089700
vn -0.00102000 -0.04999700 0.08659800
vn -0.00101700 -0.04067200 0.09135000
vn -0.00101500 -0.03090000 0.09510100
vn -0.00101300 -0.02079000 0.09781000
vn -0.00101200 -0.01045200 0.09944700
vn -0.00101200 -0.00000000 0.09999500
vn -0.00101200 -0.00000000 0.09999500
vn -0.00101200 0.01045200 0.09944700
vn -0.00101300 0.02079000 0.09781000
vn -0.00101500 0.03090000 0.09510100
vn -0.00101700 0.04067200 0.09135000
vn -0.00102000 0.04999700 0.08659800
vn -0.00102400 0.05877500 0.08089700
vn -0.00102800 0.06691000 0.07431100
vn -0.00103300 0.07431100 0.06690900
vn -0.00103800 0.08089700 0.05877500
vn -0.00104400 0.08659800 0.04999700
vn -0.00104900 0.09135000 0.04067100
vn -0.00105600 0.09510000 0.03090000
vn -0.00106200 0.09780900 0.02079000
vn -0.00106900 0.09944700 0.01045200
vn -0.00107500 0.09999400 -0.00000000
vn -0.00108200 0.09944600 -0.01045200
vn -0.00108800 0.09780900 -0.02079000
vn -0.00109500 0.09510000 -0.03090000
vn -0.00110100 0.09134900 -0.04067100
vn -0.00110700 0.08659700 -0.04999700
vn -0.00111200 0.08089700 -0.05877500
vn -0.00111700 0.07431000 -0.06690900
vn -0.00112200 0.06690900 -0.07431000
vn -0.00112600 0.05877500 -0.08089700
vn -0.00113000 0.04999700 -0.08659700
vn -0.00113300 0.04067100 -0.09134900
vn -0.00113500 0.03090000 -0.09510000
vn -0.00113700 0.02079000 -0.09780800
vn -0.00113800 0.01045200 -0.09944600
vn -0.00101200 -0.00000000 0.09999500
vn -0.00101200 -0.00000000 0.09999500
vn -0.00101200 -0.00000000 0.09999500
vn -0.00101200 -0.00000000 0.09999500
vn -0.00101200 -0.00000000 0.09999500
vn -0.00101200 -0.00000000 0.09999500
vn -0.00101200 -0.00000000 0.09999500
vn -0.00101200 -0.00000000 0.09999500
vn -0.00101200 -0.00000000 0.09999500
vn -0.00101200 -0.00000000 0.09999500
vn -0.00101200 -0.00000000 0.09999500
vn -0.00101200 -0.00000000 0.09999500
vn -0.00101200 -0.00000000 0.09999500
vn -0.00101200 -0.00000000 0.09999500
vn -0.00101200 -0.00000000 0.09999500
vn -0.00101200 -0.00000000 0.09999500
vn -0.00101200 -0.00000000 0.09999500
vn -0.00101200 -0.00000000 0.09999500
vn -0.00101200 -0.00000000 0.09999500
vn -0.00101200 -0.00000000 0.09999500
vn -0.00113800 0.01045200 -0.09944600
vn -0.00113800 0.01045200 -0.09944600
vn -0.00113800 0.01045200 -0.09944600
vn -0.00113800 0.01045200 -0.09944600
vn -0.00113800 0.01045200 -0.09944600
vn -0.00113800 0.01045200 -0.09944600
vn -0.00113800 0.01045200 -0.09944600
vn -0.00113800 0.01045200 -0.09944600
vn -0.00113800 0.00000000 -0.09999400
vn -0.00113800 0.00000000 -0.09999400
vn -0.00113800 0.00000000 -0.09999400
vn -0.00113800 0.00000000 -0.09999400
vn -0.00113800 0.00000000 -0.09999400
vn -0.00113800 0.00000000 -0.09999400
vn -0.00113800 0.00000000 -0.09999400
vn -0.00113800 0.00000000 -0.09999400
vn -0.00113700 0.02079000 -0.09780800
vn -0.00113700 0.02079000 -0.09780800
vn -0.00113700 0.02079000 -0.09780800
vn -0.00113700 0.02079000 -0.09780800
vn -0.00113700 0.02079000 -0.09780800
vn -0.00113700 0.02079000 -0.09780800
vn -0.00113700 0.02079000 -0.09780800
vn -0.00113700 0.02079000 -0.09780800
vn -0.00113700 0.02079000 -0.09780800
vn -0.00113500 0.03090000 -0.09509900
vn -0.00113500 0.03090000 -0.09509900
vn -0.00113500 0.03090000 -0.09509900
vn -0.00113500 0.03090000 -0.09509900
vn -0.00113500 0.03090000 -0.09509900
vn -0.00113500 0.03090000 -0.09509900
vn -0.00113500 0.03090000 -0.09509900
vn -0.00113500 0.03090000 -0.09509900
vn -0.00113500 0.03090000 -0.09509900
vn -0.00113300 0.04067100 -0.09134900
vn -0.00113300 0.04067100 -0.09134900
vn -0.00113300 0.04067100 -0.09134900
vn -0.00113300 0.04067100 -0.09134900
vn -0.00113300 0.04067100 -0.09134900
vn -0.00113300 0.04067100 -0.09134900
vn -0.00113300 0.04067100 -0.09134900
vn -0.00113300 0.04067100 -0.09134900
vn -0.00113300 0.04067100 -0.09134900
vn -0.00113300 0.04067100 -0.09134900
vn -0.00113300 0.04067100 -0.09134900
vn -0.00113500 0.03090000 -0.09509900
vn -0.00113500 0.03090000 -0.09509900
vn -0.00113400 0.03802200 -0.09248300
vn -0.00113400 0.03804900 -0.09247200
vn -0.00113400 0.03807600 -0.09246100
vn -0.00113400 0.03810300 -0.09244900
vn -0.00113400 0.03813000 -0.09243800
vn -0.00113400 0.03815700 -0.09242700
vn -0.00113400 0.03818400 -0.09241600
vn -0.00113400 0.03821100 -0.09240500
vn -0.00113400 0.03823800 -0.09239300
vn -0.00113000 0.04999700 -0.08659700
vn -0.00113000 0.04999700 -0.08659700
vn -0.00113000 0.04999700 -0.08659700
vn -0.00113000 0.04999700 -0.08659700
vn -0.00113000 0.04999700 -0.08659700
vn -0.00113000 0.04999700 -0.08659700
vn -0.00113000 0.04999700 -0.08659700
vn -0.00113000 0.04999700 -0.08659700
vn -0.00113000 0.04999700 -0.08659700
vn -0.00113000 0.04999700 -0.08659700
vn -0.00113000 0.04999700 -0.08659700
vn -0.00112600 0.05877500 -0.08089600
vn -0.00112600 0.05877500 -0.08089600
vn -0.00112600 0.05877500 -0.08089600
vn -0.00112600 0.05877500 -0.08089600
vn -0.00112600 0.05877500 -0.08089600
vn -0.00112600 0.05877500 -0.08089600
vn -0.00112600 0.05877500 -0.08089600
vn -0.00112600 0.05877500 -0.08089600
vn -0.00112600 0.05877500 -0.08089700
vn -0.00112600 0.05877500 -0.08089700
vn -0.00112600 0.05877500 -0.08089700
vn -0.00112200 0.06690900 -0.07431000
vn -0.00112200 0.06690900 -0.07431000
vn -0.00112200 0.06690900 -0.07431000
vn -0.00112200 0.06690900 -0.07431000
vn -0.00112200 0.06690900 -0.07431000
vn -0.00112200 0.06690900 -0.07431000
vn -0.00112200 0.06690900 -0.07431000
vn -0.00112200 0.06690900 -0.07431000
vn -0.00112200 0.06690900 -0.07431000
vn -0.00112200 0.06690900 -0.07431000
vn -0.00112200 0.06690900 -0.07431000
vn -0.00111700 0.07431000 -0.06690900
vn -0.00111700 0.07431000 -0.06690900
vn -0.00111700 0.07431000 -0.06690900
vn -0.00111700 0.07431000 -0.06690900
vn -0.00111700 0.07431000 -0.06690900
vn -0.00111700 0.07431000 -0.06690900
vn -0.00111700 0.07431000 -0.06690900
vn -0.00111700 0.07431000 -0.06690900
vn -0.00111700 0.07431000 -0.06690900
vn -0.00111700 0.07431000 -0.06690900
vn -0.00111700 0.07431000 -0.06690900
vn -0.00111200 0.08089700 -0.05877400
vn -0.00111200 0.08089700 -0.05877500
vn -0.00111200 0.08089700 -0.05877500
vn -0.00111200 0.08089700 -0.05877500
vn -0.00111200 0.08089700 -0.05877500
vn -0.00111200 0.08089700 -0.05877500
vn -0.00111200 0.08089700 -0.05877500
vn -0.00111200 0.08089700 -0.05877500
vn -0.00111200 0.08089700 -0.05877500
vn -0.00111200 0.08089700 -0.05877500
vn -0.00111200 0.08089700 -0.05877500
vn -0.00110700 0.08659800 -0.04999600
vn -0.00110700 0.08659700 -0.04999700
vn -0.00110700 0.08659700 -0.04999700
vn -0.00110700 0.08659700 -0.04999700
vn -0.00110700 0.08659700 -0.04999700
vn -0.00110700 0.08659700 -0.04999700
vn -0.00110700 0.08659700 -0.04999700
vn -0.00110700 0.08659700 -0.04999700
vn -0.00110700 0.08659700 -0.04999700
vn -0.00110700 0.08659700 -0.04999700
vn -0.00110700 0.08659700 -0.04999700
vn -0.00110100 0.09134900 -0.04067100
vn -0.00110100 0.09134900 -0.04067100
vn -0.00110100 0.09134900 -0.04067100
vn -0.00110100 0.09134900 -0.04067100
vn -0.00110100 0.09134900 -0.04067100
vn -0.00110100 0.09134900 -0.04067100
vn -0.00110100 0.09134900 -0.04067100
vn -0.00110100 0.09134900 -0.04067100
vn -0.00110100 0.09134900 -0.04067100
vn -0.00110100 0.09134900 -0.04067100
vn -0.00110100 0.09134900 -0.04067100
vn -0.00109500 0.09510000 -0.03089900
vn -0.00109500 0.09510000 -0.03089900
vn -0.00109500 0.09510000 -0.03089900
vn -0.00109500 0.09510000 -0.03089900
vn -0.00109500 0.09510000 -0.03089900
vn -0.00109500 0.09510000 -0.03090000
vn -0.00109500 0.09510000 -0.03090000
vn -0.00109500 0.09510000 -0.03090000
vn -0.00109500 0.09510000 -0.03090000
vn -0.00109500 0.09510000 -0.03090000
vn -0.00109500 0.09510000 -0.03090000
vn -0.00108800 0.09780900 -0.02078900
vn -0.00108800 0.09780900 -0.02078900
vn -0.00108800 0.09780900 -0.02078900
vn -0.00108800 0.09780900 -0.02079000
vn -0.00108800 0.09780900 -0.02079000
vn -0.00108800 0.09780900 -0.02079000
vn -0.00108800 0.09780900 -0.02079000
vn -0.00108800 0.09780900 -0.02079000
vn -0.00108800 0.09780900 -0.02079000
vn -0.00108800 0.09780900 -0.02079000
vn -0.00108800 0.09780900 -0.02079000
vn -0.00108200 0.09944600 -0.01045200
vn -0.00108200 0.09944600 -0.01045200
vn -0.00108200 0.09944600 -0.01045200
vn -0.00108200 0.09944600 -0.01045200
vn -0.00108200 0.09944600 -0.01045200
vn -0.00108200 0.09944600 -0.01045200
vn -0.00108200 0.09944600 -0.01045200
vn -0.00108200 0.09944600 -0.01045200
vn -0.00108200 0.09944600 -0.01045200
vn -0.00108200 0.09944600 -0.01045200
vn -0.00108200 0.09944600 -0.01045200
vn -0.00107500 0.09999400 -0.00000100
vn -0.00107500 0.09999400 -0.00000000
vn -0.00107500 0.09999400 -0.00000000
vn -0.00107500 0.09999400 -0.00000000
vn -0.00107500 0.09999400 -0.00000000
vn -0.00107500 0.09999400 -0.00000000
vn -0.00107500 0.09999400 -0.00000000
vn -0.00107500 0.09999400 -0.00000000
vn -0.00107500 0.09999400 -0.00000000
vn -0.00107500 0.09999400 -0.00000000
vn -0.00107500 0.09999400 -0.00000000
vn -0.00106900 0.09944600 0.01045300
vn -0.00106900 0.09944600 0.01045300
vn -0.00106900 0.09944600 0.01045300
vn -0.00106900 0.09944600 0.01045300
vn -0.00106900 0.09944600 0.01045300
vn -0.00106900 0.09944600 0.01045300
vn -0.00106900 0.09944600 0.01045300
vn -0.00106900 0.09944600 0.01045200
vn -0.00106900 0.09944600 0.01045200
vn -0.00106900 0.09944600 0.01045200
vn -0.00106900 0.09944700 0.01045200
vn -0.00106200 0.09780900 0.02079100
vn -0.00106200 0.09780900 0.02079100
vn -0.00106200 0.09780900 0.02079000
vn -0.00106200 0.09780900 0.02079000
vn -0.00106200 0.09780900 0.02079000
vn -0.00106200 0.09780900 0.02079000
vn -0.00106200 0.09780900 0.02079000
vn -0.00106200 0.09780900 0.02079000
vn -0.00106200 0.09780900 0.02079000
vn -0.00106200 0.09780900 0.02079000
vn -0.00106200 0.09780900 0.02079000
vn -0.00105600 0.09510000 0.03090100
vn -0.00105600 0.09510000 0.03090000
vn -0.00105600 0.09510000 0.03090000
vn -0.00105600 0.09510000 0.03090000
vn -0.00105600 0.09510000 0.03090000
vn -0.00105600 0.09510000 0.03090000
vn -0.00105600 0.09510000 0.03090000
vn -0.00105600 0.09510000 0.03090000
vn -0.00105600 0.09510000 0.03090000
vn -0.00105600 0.09510000 0.03090000
vn -0.00105600 0.09510000 0.03090000
vn -0.00104900 0.09134900 0.04067200
vn -0.00104900 0.09134900 0.04067200
vn -0.00104900 0.09134900 0.04067200
vn -0.00104900 0.09134900 0.04067200
vn -0.00104900 0.09134900 0.04067200
vn -0.00104900 0.09134900 0.04067200
vn -0.00104900 0.09134900 0.04067200
vn -0.00104900 0.09134900 0.04067200
vn -0.00104900 0.09134900 0.04067200
vn -0.00104900 0.09134900 0.04067200
vn -0.00104900 0.09134900 0.04067100
vn -0.00104400 0.08659800 0.04999800
vn -0.00104400 0.08659800 0.04999800
vn -0.00104400 0.08659800 0.04999800
vn -0.00104400 0.08659800 0.04999800
vn -0.00104400 0.08659800 0.04999800
vn -0.00104400 0.08659800 0.04999800
vn -0.00104400 0.08659800 0.04999700
vn -0.00104400 0.08659800 0.04999700
vn -0.00104400 0.08659800 0.04999700
vn -0.00104400 0.08659800 0.04999700
vn -0.00104400 0.08659800 0.04999700
vn -0.00103800 0.08089700 0.05877600
vn -0.00103800 0.08089700 0.05877600
vn -0.00103800 0.08089700 0.05877600
vn -0.00103800 0.08089700 0.05877600
vn -0.00103800 0.08089700 0.05877600
vn -0.00103800 0.08089700 0.05877600
vn -0.00103800 0.08089700 0.05877600
vn -0.00103800 0.08089700 0.05877500
vn -0.00103800 0.08089700 0.05877500
vn -0.00103800 0.08089700 0.05877500
vn -0.00103800 0.08089700 0.05877500
vn -0.00103300 0.07431000 0.06691000
vn -0.00103300 0.07431000 0.06691000
vn -0.00103300 0.07431000 0.06691000
vn -0.00103300 0.07431000 0.06691000
vn -0.00103300 0.07431000 0.06691000
vn -0.00103300 0.07431000 0.06691000
vn -0.00103300 0.07431000 0.06691000
vn -0.00103300 0.07431000 0.06691000
vn -0.00103300 0.07431000 0.06691000
vn -0.00103300 0.07431000 0.06691000
vn -0.00103300 0.07431000 0.06691000
vn -0.00102800 0.06690900 0.07431100
vn -0.00102800 0.06690900 0.07431100
vn -0.00102800 0.06690900 0.07431100
vn -0.00102800 0.06690900 0.07431100
vn -0.00102800 0.06690900 0.07431100
vn -0.00102800 0.06690900 0.07431100
vn -0.00102800 0.06690900 0.07431100
vn -0.00102800 0.06690900 0.07431100
vn -0.00102800 0.06690900 0.07431100
vn -0.00102800 0.06690900 0.07431100
vn -0.00102800 0.06691000 0.07431100
vn -0.00102400 0.05877500 0.08089800
vn -0.00102400 0.05877500 0.08089800
vn -0.00102400 0.05877500 0.08089800
vn -0.00102400 0.05877500 0.08089800
vn -0.00102400 0.05877500 0.08089800
vn -0.00102400 0.05877500 0.08089800
vn -0.00102400 0.05877500 0.08089800
vn -0.00102400 0.05877500 0.08089800
vn -0.00102400 0.05877500 0.08089800
vn -0.00102400 0.05877500 0.08089700
vn -0.00102400 0.05877500 0.08089700
vn -0.00102000 0.04999700 0.08659800
vn -0.00102000 0.04999700 0.08659800
vn -0.00102000 0.04999700 0.08659800
vn -0.00102000 0.04999700 0.08659800
vn -0.00102000 0.04999700 0.08659800
vn -0.00102000 0.04999700 0.08659800
vn -0.00102000 0.04999700 0.08659800
vn -0.00102000 0.04999700 0.08659800
vn -0.00102000 0.04999700 0.08659800
vn -0.00102000 0.04999700 0.08659800
vn -0.00102000 0.04999700 0.08659800
vn -0.00101700 0.04067100 0.09135000
vn -0.00101700 0.04067100 0.09135000
vn -0.00101700 0.04067100 0.09135000
vn -0.00101700 0.04067100 0.09135000
vn -0.00101700 0.04067100 0.09135000
vn -0.00101700 0.04067100 0.09135000
vn -0.00101700 0.04067100 0.09135000
vn -0.00101700 0.04067100 0.09135000
vn -0.00101700 0.04067200 0.09135000
vn -0.00101700 0.04067200 0.09135000
vn -0.00101700 0.04067200 0.09135000
vn -0.00101500 0.03090000 0.09510100
vn -0.00101500 0.03090000 0.09510100
vn -0.00101500 0.03090000 0.09510100
vn -0.00101500 0.03090000 0.09510100
vn -0.00101500 0.03090000 0.09510100
vn -0.00101500 0.03090000 0.09510100
vn -0.00101500 0.03090000 0.09510100
vn -0.00101500 0.03090000 0.09510100
vn -0.00101500 0.03090000 0.09510100
vn -0.00101500 0.03090000 0.09510100
vn -0.00101500 0.03090000 0.09510100
vn -0.00101300 0.02079000 0.09781000
vn -0.00101300 0.02079000 0.09781000
vn -0.00101300 0.02079000 0.09781000
vn -0.00101300 0.02079000 0.09781000
vn -0.00101300 0.02079000 0.09781000
vn -0.00101300 0.02079000 0.09781000
vn -0.00101300 0.02079000 0.09781000
vn -0.00101300 0.02079000 0.09781000
vn -0.00101300 0.02079000 0.09781000
vn -0.00101200 0.01045200 0.09944700
vn -0.00101200 0.01045200 0.09944700
vn -0.00101200 0.01045200 0.09944700
vn -0.00101200 0.01045200 0.09944700
vn -0.00101200 0.01045200 0.09944700
vn -0.00101200 0.01045200 0.09944700
vn -0.00101200 0.01045200 0.09944700
vn -0.00101200 0.01045200 0.09944700
vn -0.00101200 -0.01045200 0.09944700
vn -0.00101200 -0.01045200 0.09944700
vn -0.00101200 -0.01045200 0.09944700
vn -0.00101200 -0.01045200 0.09944700
vn -0.00101200 -0.01045200 0.09944700
vn -0.00101200 -0.01045200 0.09944700
vn -0.00101200 -0.01045200 0.09944700
vn -0.00101200 -0.01045200 0.09944700
vn -0.00101300 -0.02079000 0.09781000
vn -0.00101300 -0.02079000 0.09781000
vn -0.00101300 -0.02079000 0.09781000
vn -0.00101300 -0.02079000 0.09781000
vn -0.00101300 -0.02079000 0.09781000
vn -0.00101300 -0.02079000 0.09781000
vn -0.00101300 -0.02079000 0.09781000
vn -0.00101300 -0.02079000 0.09781000
vn -0.00101300 -0.02079000 0.09781000
vn -0.00101500 -0.03090000 0.09510100
vn -0.00101500 -0.03090000 0.09510100
vn -0.00101500 -0.03090000 0.09510100
vn -0.00101500 -0.03090000 0.09510100
vn -0.00101500 -0.03090000 0.09510100
vn -0.00101500 -0.03090000 0.09510100
vn -0.00101500 -0.03090000 0.09510100
vn -0.00101500 -0.03090000 0.09510100
vn -0.00101500 -0.03090000 0.09510100
vn -0.00101700 -0.04067100 0.09135000
vn -0.00101700 -0.04067100 0.09135000
vn -0.00101700 -0.04067100 0.09135000
vn -0.00101700 -0.04067100 0.09135000
vn -0.00101700 -0.04067100 0.09135000
vn -0.00101700 -0.04067100 0.09135000
vn -0.00101700 -0.04067100 0.09135000
vn -0.00101700 -0.04067100 0.09135000
vn -0.00101700 -0.04067200 0.09135000
vn -0.00101700 -0.04067200 0.09135000
vn -0.00101700 -0.04067200 0.09135000
vn -0.00101500 -0.03090000 0.09510100
vn -0.00101500 -0.03090000 0.09510100
vn -0.00101700 -0.03802400 0.09248300
vn -0.00101700 -0.03805100 0.09247200
vn -0.00101700 -0.03807800 0.09246100
vn -0.00101700 -0.03810500 0.09245000
vn -0.00101700 -0.03813100 0.09243900
vn -0.00101700 -0.03815800 0.09242800
vn -0.00101700 -0.03818500 0.09241700
vn -0.00101700 -0.03821100 0.09240600
vn -0.00101700 -0.03823800 0.09239500
vn -0.00102000 -0.04999700 0.08659800
vn -0.00102000 -0.04999700 0.08659800
vn -0.00102000 -0.04999700 0.08659800
vn -0.00102000 -0.04999700 0.08659800
vn -0.00102000 -0.04999700 0.08659800
vn -0.00102000 -0.04999700 0.08659800
vn -0.00102000 -0.04999700 0.08659800
vn -0.00102000 -0.04999700 0.08659800
vn -0.00102000 -0.04999700 0.08659800
vn -0.00102000 -0.04999700 0.08659800
vn -0.00102000 -0.04999700 0.08659800
vn -0.00102400 -0.05877500 0.08089800
vn -0.00102400 -0.05877500 0.08089800
vn -0.00102400 -0.05877500 0.08089800
vn -0.00102400 -0.05877500 0.08089800
vn -0.00102400 -0.05877500 0.08089800
vn -0.00102400 -0.05877500 0.08089800
vn -0.00102400 -0.05877500 0.08089800
vn -0.00102400 -0.05877500 0.08089800
vn -0.00102400 -0.05877500 0.08089800
vn -0.00102400 -0.05877500 0.08089700
vn -0.00102400 -0.05877500 0.08089700
vn -0.00102800 -0.06690900 0.07431100
vn -0.00102800 -0.06690900 0.07431100
vn -0.00102800 -0.06690900 0.07431100
vn -0.00102800 -0.06690900 0.07431100
vn -0.00102800 -0.06690900 0.07431100
vn -0.00102800 -0.06690900 0.07431100
vn -0.00102800 -0.06690900 0.07431100
vn -0.00102800 -0.06690900 0.07431100
vn -0.00102800 -0.06690900 0.07431100
vn -0.00102800 -0.06690900 0.07431100
vn -0.00102800 -0.06691000 0.07431100
vn -0.00103300 -0.07431000 0.06691000
vn -0.00103300 -0.07431000 0.06691000
vn -0.00103300 -0.07431000 0.06691000
vn -0.00103300 -0.07431000 0.06691000
vn -0.00103300 -0.07431000 0.06691000
vn -0.00103300 -0.07431000 0.06691000
vn -0.00103300 -0.07431000 0.06691000
vn -0.00103300 -0.07431000 0.06691000
vn -0.00103300 -0.07431000 0.06691000
vn -0.00103300 -0.07431000 0.06691000
vn -0.00103300 -0.07431000 0.06691000
vn -0.00103800 -0.08089700 0.05877600
vn -0.00103800 -0.08089700 0.05877600
vn -0.00103800 -0.08089700 0.05877600
vn -0.00103800 -0.08089700 0.05877600
vn -0.00103800 -0.08089700 0.05877600
vn -0.00103800 -0.08089700 0.05877600
vn -0.00103800 -0.08089700 0.05877600
vn -0.00103800 -0.08089700 0.05877500
vn -0.00103800 -0.08089700 0.05877500
vn -0.00103800 -0.08089700 0.05877500
vn -0.00103800 -0.08089700 0.05877500
vn -0.00104400 -0.08659800 0.04999800
vn -0.00104400 -0.08659800 0.04999800
vn -0.00104400 -0.08659800 0.04999800
vn -0.00104400 -0.08659800 0.04999800
vn -0.00104400 -0.08659800 0.04999800
vn -0.00104400 -0.08659800 0.04999800
vn -0.00104400 -0.08659800 0.04999700
vn -0.00104400 -0.08659800 0.04999700
vn -0.00104400 -0.08659800 0.04999700
vn -0.00104400 -0.08659800 0.04999700
vn -0.00104400 -0.08659800 0.04999700
vn -0.00104900 -0.09134900 0.04067200
vn -0.00104900 -0.09134900 0.04067200
vn -0.00104900 -0.09134900 0.04067200
vn -0.00104900 -0.09134900 0.04067200
vn -0.00104900 -0.09134900 0.04067200
vn -0.00104900 -0.09134900 0.04067200
vn -0.00104900 -0.09134900 0.04067200
vn -0.00104900 -0.09134900 0.04067200
vn -0.00104900 -0.09134900 0.04067200
vn -0.00104900 -0.09134900 0.04067200
vn -0.00104900 -0.09134900 0.04067100
vn -0.00105600 -0.09510000 0.03090100
vn -0.00105600 -0.09510000 0.03090000
vn -0.00105600 -0.09510000 0.03090000
vn -0.00105600 -0.09510000 0.03090000
vn -0.00105600 -0.09510000 0.03090000
vn -0.00105600 -0.09510000 0.03090000
vn -0.00105600 -0.09510000 0.03090000
vn -0.00105600 -0.09510000 0.03090000
vn -0.00105600 -0.09510000 0.03090000
vn -0.00105600 -0.09510000 0.03090000
vn -0.00105600 -0.09510000 0.03090000
vn -0.00106200 -0.09780900 0.02079100
vn -0.00106200 -0.09780900 0.02079100
vn -0.00106200 -0.09780900 0.02079000
vn -0.00106200 -0.09780900 0.02079000
vn -0.00106200 -0.09780900 0.02079000
vn -0.00106200 -0.09780900 0.02079000
vn -0.00106200 -0.09780900 0.02079000
vn -0.00106200 -0.09780900 0.02079000
vn -0.00106200 -0.09780900 0.02079000
vn -0.00106200 -0.09780900 0.02079000
vn -0.00106200 -0.09780900 0.02079000
vn -0.00106900 -0.09944600 0.01045300
vn -0.00106900 -0.09944600 0.01045300
vn -0.00106900 -0.09944600 0.01045300
vn -0.00106900 -0.09944600 0.01045300
vn -0.00106900 -0.09944600 0.01045300
vn -0.00106900 -0.09944600 0.01045300
vn -0.00106900 -0.09944600 0.01045300
vn -0.00106900 -0.09944600 0.01045200
vn -0.00106900 -0.09944600 0.01045200
vn -0.00106900 -0.09944600 0.01045200
vn -0.00106900 -0.09944700 0.01045200
vn -0.00107500 -0.09999400 0.00000300
vn -0.00107500 -0.09999400 0.00000200
vn -0.00107500 -0.09999400 0.00000200
vn -0.00107500 -0.09999400 0.00000200
vn -0.00107500 -0.09999400 0.00000200
vn -0.00107500 -0.09999400 0.00000100
vn -0.00107500 -0.09999400 0.00000100
vn -0.00107500 -0.09999400 0.00000100
vn -0.00107500 -0.09999400 0.00000100
vn -0.00107500 -0.09999400 0.00000000
vn -0.00107500 -0.09999400 0.00000000
vn -0.00108200 -0.09944600 -0.01045200
vn -0.00108200 -0.09944600 -0.01045200
vn -0.00108200 -0.09944600 -0.01045200
vn -0.00108200 -0.09944600 -0.01045200
vn -0.00108200 -0.09944600 -0.01045200
vn -0.00108200 -0.09944600 -0.01045200
vn -0.00108200 -0.09944600 -0.01045200
vn -0.00108200 -0.09944600 -0.01045200
vn -0.00108200 -0.09944600 -0.01045200
vn -0.00108200 -0.09944600 -0.01045200
vn -0.00108200 -0.09944600 -0.01045200
vn -0.00108800 -0.09780900 -0.02078900
vn -0.00108800 -0.09780900 -0.02078900
vn -0.00108800 -0.09780900 -0.02078900
vn -0.00108800 -0.09780900 -0.02079000
vn -0.00108800 -0.09780900 -0.02079000
vn -0.00108800 -0.09780900 -0.02079000
vn -0.00108800 -0.09780900 -0.02079000
vn -0.00108800 -0.09780900 -0.02079000
vn -0.00108800 -0.09780900 -0.02079000
vn -0.00108800 -0.09780900 -0.02079000
vn -0.00108800 -0.09780900 -0.02079000
vn -0.00109500 -0.09510000 -0.03089900
vn -0.00109500 -0.09510000 -0.03089900
vn -0.00109500 -0.09510000 -0.03089900
vn -0.00109500 -0.09510000 -0.03089900
vn -0.00109500 -0.09510000 -0.03089900
vn -0.00109500 -0.09510000 -0.03090000
vn -0.00109500 -0.09510000 -0.03090000
vn -0.00109500 -0.09510000 -0.03090000
vn -0.00109500 -0.09510000 -0.03090000
vn -0.00109500 -0.09510000 -0.03090000
vn -0.00109500 -0.09510000 -0.03090000
vn -0.00110100 -0.09134900 -0.04067100
vn -0.00110100 -0.09134900 -0.04067100
vn -0.00110100 -0.09134900 -0.04067100
vn -0.00110100 -0.09134900 -0.04067100
vn -0.00110100 -0.09134900 -0.04067100
vn -0.00110100 -0.09134900 -0.04067100
vn -0.00110100 -0.09134900 -0.04067100
vn -0.00110100 -0.09134900 -0.04067100
vn -0.00110100 -0.09134900 -0.04067100
vn -0.00110100 -0.09134900 -0.04067100
vn -0.00110100 -0.09134900 -0.04067100
vn -0.00110700 -0.08659800 -0.04999600
vn -0.00110700 -0.08659700 -0.04999700
vn -0.00110700 -0.08659700 -0.04999700
vn -0.00110700 -0.08659700 -0.04999700
vn -0.00110700 -0.08659700 -0.04999700
vn -0.00110700 -0.08659700 -0.04999700
vn -0.00110700 -0.08659700 -0.04999700
vn -0.00110700 -0.08659700 -0.04999700
vn -0.00110700 -0.08659700 -0.04999700
vn -0.00110700 -0.08659700 -0.04999700
vn -0.00110700 -0.08659700 -0.04999700
vn -0.00111200 -0.08089700 -0.05877400
vn -0.00111200 -0.08089700 -0.05877500
vn -0.00111200 -0.08089700 -0.05877500
vn -0.00111200 -0.08089700 -0.05877500
vn -0.00111200 -0.08089700 -0.05877500
vn -0.00111200 -0.08089700 -0.05877500
vn -0.00111200 -0.08089700 -0.05877500
vn -0.00111200 -0.08089700 -0.05877500
vn -0.00111200 -0.08089700 -0.05877500
vn -0.00111200 -0.08089700 -0.05877500
vn -0.00111200 -0.08089700 -0.05877500
vn -0.00111700 -0.07431000 -0.06690900
vn -0.00111700 -0.07431000 -0.06690900
vn -0.00111700 -0.07431000 -0.06690900
vn -0.00111700 -0.07431000 -0.06690900
vn -0.00111700 -0.07431000 -0.06690900
vn -0.00111700 -0.07431000 -0.06690900
vn -0.00111700 -0.07431000 -0.06690900
vn -0.00111700 -0.07431000 -0.06690900
vn -0.00111700 -0.07431000 -0.06690900
vn -0.00111700 -0.07431000 -0.06690900
vn -0.00111700 -0.07431000 -0.06690900
vn -0.00112200 -0.06690900 -0.07431000
vn -0.00112200 -0.06690900 -0.07431000
vn -0.00112200 -0.06690900 -0.07431000
vn -0.00112200 -0.06690900 -0.07431000
vn -0.00112200 -0.06690900 -0.07431000
vn -0.00112200 -0.06690900 -0.07431000
vn -0.00112200 -0.06690900 -0.07431000
vn -0.00112200 -0.06690900 -0.07431000
vn -0.00112200 -0.06690900 -0.07431000
vn -0.00112200 -0.06690900 -0.07431000
vn -0.00112200 -0.06690900 -0.07431000
vn -0.00112600 -0.05877500 -0.08089600
vn -0.00112600 -0.05877500 -0.08089600
vn -0.00112600 -0.05877500 -0.08089600
vn -0.00112600 -0.05877500 -0.08089600
vn -0.00112600 -0.05877500 -0.08089600
vn -0.00112600 -0.05877500 -0.08089600
vn -0.00112600 -0.05877500 -0.08089600
vn -0.00112600 -0.05877500 -0.08089600
vn -0.00112600 -0.05877500 -0.08089700
vn -0.00112600 -0.05877500 -0.08089700
vn -0.00112600 -0.05877500 -0.08089700
vn -0.00113000 -0.04999700 -0.08659700
vn -0.00113000 -0.04999700 -0.08659700
vn -0.00113000 -0.04999700 -0.08659700
vn -0.00113000 -0.04999700 -0.08659700
vn -0.00113000 -0.04999700 -0.08659700
vn -0.00113000 -0.04999700 -0.08659700
vn -0.00113000 -0.04999700 -0.08659700
vn -0.00113000 -0.04999700 -0.08659700
vn -0.00113000 -0.04999700 -0.08659700
vn -0.00113000 -0.04999700 -0.08659700
vn -0.00113000 -0.04999700 -0.08659700
vn -0.00113300 -0.04067100 -0.09134900
vn -0.00113300 -0.04067100 -0.09134900
vn -0.00113300 -0.04067100 -0.09134900
vn -0.00113300 -0.04067100 -0.09134900
vn -0.00113300 -0.04067100 -0.09134900
vn -0.00113300 -0.04067100 -0.09134900
vn -0.00113300 -0.04067100 -0.09134900
vn -0.00113300 -0.04067100 -0.09134900
vn -0.00113300 -0.04067100 -0.09134900
vn -0.00113300 -0.04067100 -0.09134900
vn -0.00113300 -0.04067100 -0.09134900
vn -0.00113500 -0.03090000 -0.09509900
vn -0.00113500 -0.03090000 -0.09509900
vn -0.00113500 -0.03090000 -0.09509900
vn -0.00113500 -0.03090000 -0.09509900
vn -0.00113500 -0.03090000 -0.09509900
vn -0.00113500 -0.03090000 -0.09509900
vn -0.00113500 -0.03090000 -0.09509900
vn -0.00113500 -0.03090000 -0.09509900
vn -0.00113500 -0.03090000 -0.09509900
vn -0.00113500 -0.03090000 -0.09509900
vn -0.00113500 -0.03090000 -0.09509900
vn -0.00113700 -0.02079000 -0.09780800
vn -0.00113700 -0.02079000 -0.09780800
vn -0.00113700 -0.02079000 -0.09780800
vn -0.00113700 -0.02079000 -0.09780800
vn -0.00113700 -0.02079000 -0.09780800
vn -0.00113700 -0.02079000 -0.09780800
vn -0.00113700 -0.02079000 -0.09780800
vn -0.00113700 -0.02079000 -0.09780800
vn -0.00113700 -0.02079000 -0.09780800
vn -0.00113800 -0.01045200 -0.09944600
vn -0.00113800 -0.01045200 -0.09944600
vn -0.00113800 -0.01045200 -0.09944600
vn -0.00113800 -0.01045200 -0.09944600
vn -0.00113800 -0.01045200 -0.09944600
vn -0.00113800 -0.01045200 -0.09944600
vn -0.00113800 -0.01045200 -0.09944600
vn -0.00113800 -0.01045200 -0.09944600
vn -0.00101300 0.02079000 0.09781000
vn -0.00101300 0.02079000 0.09781000
vn -0.00101200 0.01045200 0.09944700
vn -0.00101200 0.01045200 0.09944700
vn -0.00101200 -0.01045200 0.09944700
vn -0.00101200 -0.01045200 0.09944700
vn -0.00101300 -0.02079000 0.09781000
vn -0.00101300 -0.02079000 0.09781000
vn -0.00113700 -0.02079000 -0.09780800
vn -0.00113700 -0.02079000 -0.09780800
vn -0.00113800 -0.01045200 -0.09944600
vn -0.00113800 -0.01045200 -0.09944600
vn -0.00113800 0.00000000 -0.09999400
vn -0.00113800 -0.00000000 -0.09999400
vn -0.00113800 0.01045200 -0.09944600
vn -0.00113800 0.01045200 -0.09944600
vn -0.00113700 0.02079000 -0.09780800
vn -0.00113700 0.02079000 -0.09780800
vt -46.00804100 -0.00000100
vt -46.00804100 0.05964000
vt -46.00804100 0.11928100
vt -46.00804200 0.17890800
vt -46.00804400 0.23852900
vt -46.00804500 0.29817800
vt -46.00804600 0.35784900
vt -46.00804500 0.41751700
vt -46.00804400 0.47715800
vt -46.00804300 0.53677600
vt -46.00804300 0.59640300
vt -46.00804500 0.65602000
vt -46.00804600 0.71565800
vt -46.00804800 0.77532400
vt -46.00804800 0.83499700
vt -46.00804700 0.89465000
vt -46.00804500 0.95427400
vt -46.00804500 1.01389700
vt -46.00804600 1.07352000
vt -46.00804800 1.13315000
vt -46.00804900 1.19280800
vt -46.00805000 1.25247800
vt -46.00804900 1.31213500
vt -46.00804800 1.37176500
vt -46.00804700 1.43138800
vt -46.00804800 1.49101200
vt -46.00805000 1.55063900
vt -46.00805100 1.61029400
vt -46.00805100 1.66996500
vt -46.00805100 1.72962700
vt -46.00804900 1.78926200
vt -46.00804800 1.84888100
vt -46.00804800 1.90851200
vt -46.00805000 1.96814100
vt -46.00805000 -1.84890200
vt -46.00805000 -1.78925200
vt -46.00805000 -1.72958800
vt -46.00805000 -1.66993400
vt -46.00804800 -1.61030100
vt -46.00804800 -1.55067200
vt -46.00804800 -1.49104700
vt -46.00804900 -1.43141300
vt -46.00805000 -1.37175600
vt -46.00804900 -1.31209100
vt -46.00804800 -1.25244000
vt -46.00804600 -1.19281200
vt -46.00804600 -1.13318200
vt -46.00804600 -1.07355000
vt -46.00804600 -1.01390700
vt -46.00804600 -0.95425300
vt -46.00804500 -0.89460500
vt -46.00804400 -0.83497100
vt -46.00804400 -0.77533500
vt -46.00804400 -0.71570000
vt -46.00804400 -0.65605400
vt -46.00804400 -0.59640400
vt -46.00804300 -0.53676200
vt -46.00804200 -0.47712800
vt -46.00804200 -0.41749100
vt -46.00804300 -0.35784900
vt -46.00804200 -0.29820200
vt -46.00804200 -0.23856000
vt -46.00804100 -0.17892300
vt -46.00804100 -0.11928300
vt -46.00804100 -0.05964100
vt -31.50246900 0.23694600
vt -31.52669100 0.23574100
vt -31.55117300 0.23214000
vt -31.57546100 0.22616100
vt -31.59910400 0.21782200
vt -31.62168400 0.20721300
vt -31.64289200 0.19464900
vt -31.66244100 0.18048500
vt -31.68004500 0.16507200
vt -31.69601700 0.14816100
vt -31.71056900 0.12953500
vt -31.72336400 0.10948100
vt -31.73406400 0.08827800
vt -31.74239400 0.06621900
vt -31.74830100 0.04367600
vt -31.75178800 0.02104400
vt -31.75285600 -0.00128600
vt -31.75150700 -0.02366900
vt -31.74773800 -0.04631100
vt -31.74154900 -0.06881800
vt -31.73293800 -0.09079500
vt -31.72197700 -0.11187800
vt -31.70896000 -0.13178100
vt -31.69422500 -0.15022200
vt -31.67810600 -0.16691800
vt -31.66026200 -0.18220300
vt -31.64050400 -0.19619900
vt -31.61912200 -0.20855400
vt -31.59640100 -0.21891200
vt -31.57266000 -0.22697800
vt -31.54832600 -0.23268100
vt -31.52385100 -0.23600500
vt -31.49967900 -0.23692900
vt -31.47540900 -0.23544900
vt -31.45093600 -0.23158800
vt -31.42670200 -0.22537600
vt -31.40314800 -0.21684000
vt -31.38067300 -0.20609500
vt -31.35957300 -0.19346300
vt -31.34013100 -0.17929000
vt -31.32262300 -0.16391700
vt -31.30668500 -0.14704200
vt -31.29216600 -0.12849900
vt -31.27940100 -0.10857000
vt -31.26872600 -0.08752500
vt -31.26041500 -0.06564800
vt -31.25451600 -0.04330100
vt -31.25103100 -0.02086700
vt -31.24996200 0.00127500
vt -31.25131200 0.02346900
vt -31.25507800 0.04591200
vt -31.26125800 0.06822400
vt -31.26985000 0.09002200
vt -31.28078500 0.11095100
vt -31.29377100 0.13073300
vt -31.30847300 0.14909600
vt -31.32455400 0.16575900
vt -31.34229800 0.18100700
vt -31.36194800 0.19501800
vt -31.38322200 0.20744900
vt -31.40583900 0.21795200
vt -31.42949500 0.22621800
vt -31.45377900 0.23215800
vt -31.47825100 0.23574400
vt -31.50324200 1.67157300
vt -31.47902500 1.67277500
vt -31.45455300 1.67636100
vt -31.43026900 1.68230200
vt -31.40661400 1.69057100
vt -31.38400000 1.70107600
vt -31.36272900 1.71351000
vt -31.34308300 1.72752500
vt -31.32534400 1.74277700
vt -31.30926800 1.75944500
vt -31.29457200 1.77781300
vt -31.28159300 1.79759900
vt -31.27066500 1.81853100
vt -31.26208000 1.84033200
vt -31.25590700 1.86264600
vt -31.25214600 1.88509000
vt -31.25080100 1.90728300
vt -31.25187300 1.92942600
vt -31.25187300 -1.88761700
vt -31.25536100 -1.86518200
vt -31.26126200 -1.84283400
vt -31.26957400 -1.82095600
vt -31.28024900 -1.79991100
vt -31.29301400 -1.77998200
vt -31.30753200 -1.76144000
vt -31.32346900 -1.74456600
vt -31.34097800 -1.72919200
vt -31.36042300 -1.71502100
vt -31.38152500 -1.70239000
vt -31.40400100 -1.69165000
vt -31.42755700 -1.68312000
vt -31.45179200 -1.67691400
vt -31.47626500 -1.67306100
vt -31.50053300 -1.67158800
vt -31.52470600 -1.67252100
vt -31.54918100 -1.67585200
vt -31.57351400 -1.68156300
vt -31.59725300 -1.68963500
vt -31.61997200 -1.69999800
vt -31.64135200 -1.71235600
vt -31.66110600 -1.72635300
vt -31.67894800 -1.74163900
vt -31.69506800 -1.75833700
vt -31.70980300 -1.77677900
vt -31.72282000 -1.79668300
vt -31.73378000 -1.81776600
vt -31.74239000 -1.83974300
vt -31.74857700 -1.86225000
vt -31.75234300 -1.88489100
vt -31.75368900 -1.90727300
vt -31.75261700 1.88744000
vt -31.75261700 -1.92960400
vt -31.74912400 1.86480800
vt -31.74321000 1.84226700
vt -31.73487400 1.82021000
vt -31.72416700 1.79901000
vt -31.71136600 1.77896000
vt -31.69680800 1.76033800
vt -31.68083100 1.74343200
vt -31.66322300 1.72802200
vt -31.64367000 1.71386100
vt -31.62245900 1.70130100
vt -31.59987800 1.69069400
vt -31.57623400 1.68235700
vt -31.55194500 1.67637800
vt -31.52746400 1.67277800
vt -27.00111800 0.00000000
vt -27.00112000 0.06361700
vt -27.00112700 0.12723400
vt -27.00114000 0.19085100
vt -27.00115600 0.25446800
vt -27.00117800 0.31808500
vt -27.00120300 0.38170200
vt -27.00123300 0.44531900
vt -27.00126600 0.50893600
vt -27.00130300 0.57255300
vt -27.00134200 0.63617000
vt -27.00138400 0.69978800
vt -27.00142800 0.76340500
vt -27.00147300 0.82702200
vt -27.00151900 0.89063900
vt -27.00156600 0.95425700
vt -27.00161300 1.01787400
vt -27.00165900 1.08149200
vt -27.00170500 1.14510900
vt -27.00174900 1.20872700
vt -27.00179100 1.27234400
vt -27.00183000 1.33596200
vt -27.00186600 1.39958000
vt -27.00190000 1.46319700
vt -27.00192900 1.52681500
vt -27.00195500 1.59043300
vt -27.00197600 1.65405000
vt -27.00199300 1.71766800
vt -27.00200500 1.78128600
vt -27.00201200 1.84490400
vt -27.00201500 1.90852200
vt -27.00201500 -1.90852200
vt -27.00201200 -1.84490400
vt -27.00200500 -1.78128600
vt -27.00199300 -1.71766800
vt -27.00197600 -1.65405000
vt -27.00195500 -1.59043300
vt -27.00192900 -1.52681500
vt -27.00190000 -1.46319700
vt -27.00186600 -1.39957900
vt -27.00183000 -1.33596200
vt -27.00179100 -1.27234400
vt -27.00174900 -1.20872700
vt -27.00170500 -1.14510900
vt -27.00165900 -1.08149200
vt -27.00161300 -1.01787400
vt -27.00156600 -0.95425700
vt -27.00151900 -0.89063900
vt -27.00147300 -0.82702200
vt -27.00142800 -0.76340500
vt -27.00138400 -0.69978800
vt -27.00134200 -0.63617000
vt -27.00130300 -0.57255300
vt -27.00126600 -0.50893600
vt -27.00123300 -0.44531900
vt -27.00120300 -0.38170200
vt -27.00117800 -0.31808500
vt -27.00115600 -0.25446800
vt -27.00114000 -0.19085100
vt -27.00112700 -0.12723400
vt -27.00112000 -0.06361700
vt -44.42414000 1.90852200
vt -44.42414000 -1.90852200
vt -42.84022900 1.90852200
vt -42.84022900 -1.90852200
vt -41.25631800 1.90852200
vt -41.25631800 -1.90852200
vt -39.67240700 1.90852200
vt -39.67240700 -1.90852200
vt -38.08849600 1.90852200
vt -38.08849600 -1.90852200
vt -36.50458400 1.90852200
vt -36.50458400 -1.90852200
vt -34.92067300 -1.90852200
vt -34.92067300 1.90852200
vt -33.33676200 -1.90852200
vt -33.33676200 1.90852200
vt -30.16894000 1.90852200
vt -30.16894000 -1.90852200
vt -28.58502900 1.90852200
vt -28.58502900 -1.90852200
vt -44.42414000 -0.06361700
vt -42.84022900 -0.06361700
vt -41.25631800 -0.06361700
vt -39.67240700 -0.06361700
vt -38.08849600 -0.06361700
vt -36.50458400 -0.06361700
vt -34.92067300 -0.06361700
vt -33.33676200 -0.06361700
vt -33.33676200 -0.00000000
vt -34.92067300 -0.00000000
vt -36.50458400 -0.00000000
vt -38.08849600 -0.00000000
vt -39.67240700 -0.00000000
vt -41.25631800 -0.00000000
vt -42.84022900 -0.00000000
vt -44.42414000 -0.00000100
vt -44.42414000 -0.12723500
vt -42.84022900 -0.12723500
vt -41.25631800 -0.12723500
vt -39.67240700 -0.12723500
vt -38.08849600 -0.12723500
vt -36.50458400 -0.12723500
vt -34.92067300 -0.12723500
vt -33.33676200 -0.12723500
vt -31.75285100 -0.12723500
vt -44.42414000 -0.19085200
vt -42.84022900 -0.19085200
vt -41.25631800 -0.19085200
vt -39.67240700 -0.19085200
vt -38.08849600 -0.19085200
vt -36.50458400 -0.19085200
vt -34.92067300 -0.19085200
vt -33.33676200 -0.19085200
vt -31.75285100 -0.19085200
vt -44.42414000 -0.25446900
vt -42.84022900 -0.25446900
vt -41.25631800 -0.25446900
vt -39.67240700 -0.25446900
vt -38.08849600 -0.25446900
vt -36.50458400 -0.25446900
vt -34.92067300 -0.25446900
vt -33.33676200 -0.25446800
vt -31.75285100 -0.25446800
vt -30.16894000 -0.25446800
vt -28.58502900 -0.25446800
vt -28.58502900 -0.19085100
vt -30.16894000 -0.19085200
vt -31.75285100 -0.23695800
vt -33.33676200 -0.23713600
vt -34.92067300 -0.23731400
vt -36.50458400 -0.23749200
vt -38.08849600 -0.23767000
vt -39.67240700 -0.23784800
vt -41.25631800 -0.23802600
vt -42.84022900 -0.23820400
vt -44.42414000 -0.23838200
vt -44.42414000 -0.31808700
vt -42.84022900 -0.31808700
vt -41.25631800 -0.31808600
vt -39.67240700 -0.31808600
vt -38.08849600 -0.31808600
vt -36.50458400 -0.31808600
vt -34.92067300 -0.31808600
vt -33.33676200 -0.31808600
vt -31.75285100 -0.31808500
vt -30.16894000 -0.31808500
vt -28.58502900 -0.31808500
vt -44.42414000 -0.38170400
vt -42.84022900 -0.38170400
vt -41.25631800 -0.38170400
vt -39.67240700 -0.38170400
vt -38.08849600 -0.38170300
vt -36.50458400 -0.38170300
vt -34.92067300 -0.38170300
vt -33.33676200 -0.38170300
vt -31.75285100 -0.38170300
vt -30.16894000 -0.38170200
vt -28.58502900 -0.38170200
vt -44.42414000 -0.44532100
vt -42.84022900 -0.44532100
vt -41.25631800 -0.44532100
vt -39.67240700 -0.44532100
vt -38.08849600 -0.44532100
vt -36.50458400 -0.44532000
vt -34.92067300 -0.44532000
vt -33.33676200 -0.44532000
vt -31.75285100 -0.44532000
vt -30.16894000 -0.44531900
vt -28.58502900 -0.44531900
vt -44.42414000 -0.50893900
vt -42.84022900 -0.50893900
vt -41.25631800 -0.50893800
vt -39.67240700 -0.50893800
vt -38.08849600 -0.50893800
vt -36.50458400 -0.50893800
vt -34.92067300 -0.50893700
vt -33.33676200 -0.50893700
vt -31.75285100 -0.50893700
vt -30.16894000 -0.50893700
vt -28.58502900 -0.50893600
vt -44.42414000 -0.57255600
vt -42.84022900 -0.57255600
vt -41.25631800 -0.57255600
vt -39.67240700 -0.57255500
vt -38.08849600 -0.57255500
vt -36.50458400 -0.57255500
vt -34.92067300 -0.57255500
vt -33.33676200 -0.57255400
vt -31.75285100 -0.57255400
vt -30.16894000 -0.57255400
vt -28.58502900 -0.57255300
vt -44.42414000 -0.63617400
vt -42.84022900 -0.63617300
vt -41.25631800 -0.63617300
vt -39.67240700 -0.63617300
vt -38.08849600 -0.63617200
vt -36.50458400 -0.63617200
vt -34.92067300 -0.63617200
vt -33.33676200 -0.63617200
vt -31.75285100 -0.63617100
vt -30.16894000 -0.63617100
vt -28.58502900 -0.63617100
vt -44.42414000 -0.69979100
vt -42.84022900 -0.69979100
vt -41.25631800 -0.69979000
vt -39.67240700 -0.69979000
vt -38.08849600 -0.69979000
vt -36.50458400 -0.69978900
vt -34.92067300 -0.69978900
vt -33.33676200 -0.69978900
vt -31.75285100 -0.69978800
vt -30.16894000 -0.69978800
vt -28.58502900 -0.69978800
vt -44.42414000 -0.76340800
vt -42.84022900 -0.76340800
vt -41.25631800 -0.76340800
vt -39.67240700 -0.76340700
vt -38.08849600 -0.76340700
vt -36.50458400 -0.76340700
vt -34.92067300 -0.76340600
vt -33.33676200 -0.76340600
vt -31.75285100 -0.76340600
vt -30.16894000 -0.76340500
vt -28.58502900 -0.76340500
vt -44.42414000 -0.82702600
vt -42.84022900 -0.82702500
vt -41.25631800 -0.82702500
vt -39.67240700 -0.82702500
vt -38.08849600 -0.82702400
vt -36.50458400 -0.82702400
vt -34.92067300 -0.82702400
vt -33.33676200 -0.82702300
vt -31.75285100 -0.82702300
vt -30.16894000 -0.82702300
vt -28.58502900 -0.82702200
vt -44.42414000 -0.89064300
vt -42.84022900 -0.89064300
vt -41.25631800 -0.89064200
vt -39.67240700 -0.89064200
vt -38.08849600 -0.89064200
vt -36.50458400 -0.89064100
vt -34.92067300 -0.89064100
vt -33.33676200 -0.89064100
vt -31.75285100 -0.89064000
vt -30.16894000 -0.89064000
vt -28.58502900 -0.89064000
vt -44.42414000 -0.95425400
vt -42.84022900 -0.95425400
vt -41.25631800 -0.95425400
vt -39.67240700 -0.95425500
vt -38.08849600 -0.95425500
vt -36.50458400 -0.95425500
vt -34.92067300 -0.95425500
vt -33.33676200 -0.95425600
vt -31.75285100 -0.95425600
vt -30.16894000 -0.95425600
vt -28.58502900 -0.95425600
vt -44.42414000 -1.01787800
vt -42.84022900 -1.01787800
vt -41.25631800 -1.01787700
vt -39.67240700 -1.01787700
vt -38.08849600 -1.01787700
vt -36.50458400 -1.01787600
vt -34.92067300 -1.01787600
vt -33.33676200 -1.01787500
vt -31.75285100 -1.01787500
vt -30.16894000 -1.01787500
vt -28.58502900 -1.01787400
vt -44.42414000 -1.08149500
vt -42.84022900 -1.08149500
vt -41.25631800 -1.08149500
vt -39.67240700 -1.08149400
vt -38.08849600 -1.08149400
vt -36.50458400 -1.08149400
vt -34.92067300 -1.08149300
vt -33.33676200 -1.08149300
vt -31.75285100 -1.08149300
vt -30.16894000 -1.08149200
vt -28.58502900 -1.08149200
vt -44.42414000 -1.14511300
vt -42.84022900 -1.14511200
vt -41.25631800 -1.14511200
vt -39.67240700 -1.14511200
vt -38.08849600 -1.14511100
vt -36.50458400 -1.14511100
vt -34.92067300 -1.14511100
vt -33.33676200 -1.14511000
vt -31.75285100 -1.14511000
vt -30.16894000 -1.14511000
vt -28.58502900 -1.14510900
vt -44.42414000 -1.20873000
vt -42.84022900 -1.20873000
vt -41.25631800 -1.20872900
vt -39.67240700 -1.20872900
vt -38.08849600 -1.20872900
vt -36.50458400 -1.20872900
vt -34.92067300 -1.20872800
vt -33.33676200 -1.20872800
vt -31.75285100 -1.20872800
vt -30.16894000 -1.20872700
vt -28.58502900 -1.20872700
vt -44.42414000 -1.27234700
vt -42.84022900 -1.27234700
vt -41.25631800 -1.27234700
vt -39.67240700 -1.27234700
vt -38.08849600 -1.27234600
vt -36.50458400 -1.27234600
vt -34.92067300 -1.27234600
vt -33.33676200 -1.27234500
vt -31.75285100 -1.27234500
vt -30.16894000 -1.27234500
vt -28.58502900 -1.27234500
vt -44.42414000 -1.33596500
vt -42.84022900 -1.33596500
vt -41.25631800 -1.33596400
vt -39.67240700 -1.33596400
vt -38.08849600 -1.33596400
vt -36.50458400 -1.33596400
vt -34.92067300 -1.33596300
vt -33.33676200 -1.33596300
vt -31.75285100 -1.33596300
vt -30.16894000 -1.33596200
vt -28.58502900 -1.33596200
vt -44.42414000 -1.39958200
vt -42.84022900 -1.39958200
vt -41.25631800 -1.39958200
vt -39.67240700 -1.39958200
vt -38.08849600 -1.39958100
vt -36.50458400 -1.39958100
vt -34.92067300 -1.39958100
vt -33.33676200 -1.39958100
vt -31.75285100 -1.39958000
vt -30.16894000 -1.39958000
vt -28.58502900 -1.39958000
vt -44.42414000 -1.46320000
vt -42.84022900 -1.46319900
vt -41.25631800 -1.46319900
vt -39.67240700 -1.46319900
vt -38.08849600 -1.46319900
vt -36.50458400 -1.46319900
vt -34.92067300 -1.46319800
vt -33.33676200 -1.46319800
vt -31.75285100 -1.46319800
vt -30.16894000 -1.46319800
vt -28.58502900 -1.46319700
vt -44.42414000 -1.52681700
vt -42.84022900 -1.52681700
vt -41.25631800 -1.52681700
vt -39.67240700 -1.52681700
vt -38.08849600 -1.52681600
vt -36.50458400 -1.52681600
vt -34.92067300 -1.52681600
vt -33.33676200 -1.52681600
vt -31.75285100 -1.52681600
vt -30.16894000 -1.52681500
vt -28.58502900 -1.52681500
vt -44.42414000 -1.59043500
vt -42.84022900 -1.59043400
vt -41.25631800 -1.59043400
vt -39.67240700 -1.59043400
vt -38.08849600 -1.59043400
vt -36.50458400 -1.59043400
vt -34.92067300 -1.59043400
vt -33.33676200 -1.59043300
vt -31.75285100 -1.59043300
vt -30.16894000 -1.59043300
vt -28.58502900 -1.59043300
vt -44.42414000 -1.65405200
vt -42.84022900 -1.65405200
vt -41.25631800 -1.65405200
vt -39.67240700 -1.65405200
vt -38.08849600 -1.65405100
vt -36.50458400 -1.65405100
vt -34.92067300 -1.65405100
vt -33.33676200 -1.65405100
vt -31.75285100 -1.65405100
vt -30.16894000 -1.65405100
vt -28.58502900 -1.65405100
vt -44.42414000 -1.71767000
vt -42.84022900 -1.71767000
vt -41.25631800 -1.71767000
vt -39.67240700 -1.71767000
vt -38.08849600 -1.71767000
vt -36.50458400 -1.71767000
vt -34.92067300 -1.71767000
vt -33.33676200 -1.71767000
vt -31.75285100 -1.71767000
vt -30.16894000 -1.71766900
vt -28.58502900 -1.71766900
vt -44.42414000 -1.78128700
vt -42.84022900 -1.78128700
vt -41.25631800 -1.78128700
vt -39.67240700 -1.78128700
vt -38.08849600 -1.78128700
vt -36.50458400 -1.78128700
vt -34.92067300 -1.78128700
vt -33.33676200 -1.78128700
vt -31.75285100 -1.78128700
vt -44.42414000 -1.84490400
vt -42.84022900 -1.84490400
vt -41.25631800 -1.84490400
vt -39.67240700 -1.84490400
vt -38.08849600 -1.84490400
vt -36.50458400 -1.84490400
vt -34.92067300 -1.84490400
vt -33.33676200 -1.84490400
vt -44.42414000 1.84490400
vt -42.84022900 1.84490400
vt -41.25631800 1.84490400
vt -39.67240700 1.84490400
vt -38.08849600 1.84490400
vt -36.50458400 1.84490400
vt -34.92067300 1.84490400
vt -33.33676200 1.84490400
vt -44.42414000 1.78128700
vt -42.84022900 1.78128700
vt -41.25631800 1.78128700
vt -39.67240700 1.78128700
vt -38.08849600 1.78128700
vt -36.50458400 1.78128700
vt -34.92067300 1.78128700
vt -33.33676200 1.78128700
vt -31.75285100 1.78128700
vt -44.42414000 1.71767000
vt -42.84022900 1.71767000
vt -41.25631800 1.71767000
vt -39.67240700 1.71767000
vt -38.08849600 1.71767000
vt -36.50458400 1.71767000
vt -34.92067300 1.71767000
vt -33.33676200 1.71767000
vt -31.75285100 1.71767000
vt -44.42414000 1.65405200
vt -42.84022900 1.65405200
vt -41.25631800 1.65405200
vt -39.67240700 1.65405200
vt -38.08849600 1.65405100
vt -36.50458400 1.65405100
vt -34.92067300 1.65405100
vt -33.33676200 1.65405100
vt -31.75285100 1.65405100
vt -30.16894000 1.65405100
vt -28.58502900 1.65405100
vt -28.58502900 1.71766900
vt -30.16894000 1.71766900
vt -31.75285100 1.67154500
vt -33.33676200 1.67137000
vt -34.92067300 1.67119400
vt -36.50458400 1.67101800
vt -38.08849600 1.67084300
vt -39.67240700 1.67066700
vt -41.25631800 1.67049200
vt -42.84022900 1.67031600
vt -44.42414000 1.67014000
vt -44.42414000 1.59043500
vt -42.84022900 1.59043400
vt -41.25631800 1.59043400
vt -39.67240700 1.59043400
vt -38.08849600 1.59043400
vt -36.50458400 1.59043400
vt -34.92067300 1.59043400
vt -33.33676200 1.59043300
vt -31.75285100 1.59043300
vt -30.16894000 1.59043300
vt -28.58502900 1.59043300
vt -44.42414000 1.52681700
vt -42.84022900 1.52681700
vt -41.25631800 1.52681700
vt -39.67240700 1.52681700
vt -38.08849600 1.52681600
vt -36.50458400 1.52681600
vt -34.92067300 1.52681600
vt -33.33676200 1.52681600
vt -31.75285100 1.52681600
vt -30.16894000 1.52681500
vt -28.58502900 1.52681500
vt -44.42414000 1.46320000
vt -42.84022900 1.46319900
vt -41.25631800 1.46319900
vt -39.67240700 1.46319900
vt -38.08849600 1.46319900
vt -36.50458400 1.46319900
vt -34.92067300 1.46319800
vt -33.33676200 1.46319800
vt -31.75285100 1.46319800
vt -30.16894000 1.46319800
vt -28.58502900 1.46319700
vt -44.42414000 1.39958200
vt -42.84022900 1.39958200
vt -41.25631800 1.39958200
vt -39.67240700 1.39958200
vt -38.08849600 1.39958100
vt -36.50458400 1.39958100
vt -34.92067300 1.39958100
vt -33.33676200 1.39958100
vt -31.75285100 1.39958000
vt -30.16894000 1.39958000
vt -28.58502900 1.39958000
vt -44.42414000 1.33596500
vt -42.84022900 1.33596500
vt -41.25631800 1.33596400
vt -39.67240700 1.33596400
vt -38.08849600 1.33596400
vt -36.50458400 1.33596400
vt -34.92067300 1.33596300
vt -33.33676200 1.33596300
vt -31.75285100 1.33596300
vt -30.16894000 1.33596200
vt -28.58502900 1.33596200
vt -44.42414000 1.27234700
vt -42.84022900 1.27234700
vt -41.25631800 1.27234700
vt -39.67240700 1.27234700
vt -38.08849600 1.27234600
vt -36.50458400 1.27234600
vt -34.92067300 1.27234600
vt -33.33676200 1.27234500
vt -31.75285100 1.27234500
vt -30.16894000 1.27234500
vt -28.58502900 1.27234500
vt -44.42414000 1.20873000
vt -42.84022900 1.20873000
vt -41.25631800 1.20872900
vt -39.67240700 1.20872900
vt -38.08849600 1.20872900
vt -36.50458400 1.20872900
vt -34.92067300 1.20872800
vt -33.33676200 1.20872800
vt -31.75285100 1.20872800
vt -30.16894000 1.20872700
vt -28.58502900 1.20872700
vt -44.42414000 1.14511300
vt -42.84022900 1.14511200
vt -41.25631800 1.14511200
vt -39.67240700 1.14511200
vt -38.08849600 1.14511100
vt -36.50458400 1.14511100
vt -34.92067300 1.14511100
vt -33.33676200 1.14511000
vt -31.75285100 1.14511000
vt -30.16894000 1.14511000
vt -28.58502900 1.14510900
vt -44.42414000 1.08149500
vt -42.84022900 1.08149500
vt -41.25631800 1.08149500
vt -39.67240700 1.08149400
vt -38.08849600 1.08149400
vt -36.50458400 1.08149400
vt -34.92067300 1.08149300
vt -33.33676200 1.08149300
vt -31.75285100 1.08149300
vt -30.16894000 1.08149200
vt -28.58502900 1.08149200
vt -44.42414000 1.01787800
vt -42.84022900 1.01787800
vt -41.25631800 1.01787700
vt -39.67240700 1.01787700
vt -38.08849600 1.01787700
vt -36.50458400 1.01787600
vt -34.92067300 1.01787600
vt -33.33676200 1.01787500
vt -31.75285100 1.01787500
vt -30.16894000 1.01787500
vt -28.58502900 1.01787400
vt -44.42414000 0.95427300
vt -42.84022900 0.95427100
vt -41.25631800 0.95427000
vt -39.67240700 0.95426800
vt -38.08849600 0.95426700
vt -36.50458400 0.95426500
vt -34.92067300 0.95426400
vt -33.33676200 0.95426300
vt -31.75285100 0.95426100
vt -30.16894000 0.95426000
vt -28.58502900 0.95425800
vt -44.42414000 0.89064300
vt -42.84022900 0.89064300
vt -41.25631800 0.89064200
vt -39.67240700 0.89064200
vt -38.08849600 0.89064200
vt -36.50458400 0.89064100
vt -34.92067300 0.89064100
vt -33.33676200 0.89064100
vt -31.75285100 0.89064000
vt -30.16894000 0.89064000
vt -28.58502900 0.89064000
vt -44.42414000 0.82702600
vt -42.84022900 0.82702500
vt -41.25631800 0.82702500
vt -39.67240700 0.82702500
vt -38.08849600 0.82702400
vt -36.50458400 0.82702400
vt -34.92067300 0.82702400
vt -33.33676200 0.82702300
vt -31.75285100 0.82702300
vt -30.16894000 0.82702300
vt -28.58502900 0.82702200
vt -44.42414000 0.76340800
vt -42.84022900 0.76340800
vt -41.25631800 0.76340800
vt -39.67240700 0.76340700
vt -38.08849600 0.76340700
vt -36.50458400 0.76340700
vt -34.92067300 0.76340600
vt -33.33676200 0.76340600
vt -31.75285100 0.76340600
vt -30.16894000 0.76340500
vt -28.58502900 0.76340500
vt -44.42414000 0.69979100
vt -42.84022900 0.69979100
vt -41.25631800 0.69979000
vt -39.67240700 0.69979000
vt -38.08849600 0.69979000
vt -36.50458400 0.69978900
vt -34.92067300 0.69978900
vt -33.33676200 0.69978900
vt -31.75285100 0.69978800
vt -30.16894000 0.69978800
vt -28.58502900 0.69978800
vt -44.42414000 0.63617400
vt -42.84022900 0.63617300
vt -41.25631800 0.63617300
vt -39.67240700 0.63617300
vt -38.08849600 0.63617200
vt -36.50458400 0.63617200
vt -34.92067300 0.63617200
vt -33.33676200 0.63617200
vt -31.75285100 0.63617100
vt -30.16894000 0.63617100
vt -28.58502900 0.63617100
vt -44.42414000 0.57255600
vt -42.84022900 0.57255600
vt -41.25631800 0.57255600
vt -39.67240700 0.57255500
vt -38.08849600 0.57255500
vt -36.50458400 0.57255500
vt -34.92067300 0.57255500
vt -33.33676200 0.57255400
vt -31.75285100 0.57255400
vt -30.16894000 0.57255400
vt -28.58502900 0.57255300
vt -44.42414000 0.50893900
vt -42.84022900 0.50893900
vt -41.25631800 0.50893800
vt -39.67240700 0.50893800
vt -38.08849600 0.50893800
vt -36.50458400 0.50893800
vt -34.92067300 0.50893700
vt -33.33676200 0.50893700
vt -31.75285100 0.50893700
vt -30.16894000 0.50893700
vt -28.58502900 0.50893600
vt -44.42414000 0.44532100
vt -42.84022900 0.44532100
vt -41.25631800 0.44532100
vt -39.67240700 0.44532100
vt -38.08849600 0.44532100
vt -36.50458400 0.44532000
vt -34.92067300 0.44532000
vt -33.33676200 0.44532000
vt -31.75285100 0.44532000
vt -30.16894000 0.44531900
vt -28.58502900 0.44531900
vt -44.42414000 0.38170400
vt -42.84022900 0.38170400
vt -41.25631800 0.38170400
vt -39.67240700 0.38170400
vt -38.08849600 0.38170300
vt -36.50458400 0.38170300
vt -34.92067300 0.38170300
vt -33.33676200 0.38170300
vt -31.75285100 0.38170300
vt -30.16894000 0.38170200
vt -28.58502900 0.38170200
vt -44.42414000 0.31808700
vt -42.84022900 0.31808700
vt -41.25631800 0.31808600
vt -39.67240700 0.31808600
vt -38.08849600 0.31808600
vt -36.50458400 0.31808600
vt -34.92067300 0.31808600
vt -33.33676200 0.31808600
vt -31.75285100 0.31808500
vt -30.16894000 0.31808500
vt -28.58502900 0.31808500
vt -44.42414000 0.25446900
vt -42.84022900 0.25446900
vt -41.25631800 0.25446900
vt -39.67240700 0.25446900
vt -38.08849600 0.25446900
vt -36.50458400 0.25446900
vt -34.92067300 0.25446900
vt -33.33676200 0.25446800
vt -31.75285100 0.25446800
vt -30.16894000 0.25446800
vt -28.58502900 0.25446800
vt -44.42414000 0.19085200
vt -42.84022900 0.19085200
vt -41.25631800 0.19085200
vt -39.67240700 0.19085200
vt -38.08849600 0.19085200
vt -36.50458400 0.19085200
vt -34.92067300 0.19085200
vt -33.33676200 0.19085200
vt -31.75285100 0.19085200
vt -30.16894000 0.19085200
vt -28.58502900 0.19085100
vt -44.42414000 0.12723500
vt -42.84022900 0.12723500
vt -41.25631800 0.12723500
vt -39.67240700 0.12723500
vt -38.08849600 0.12723500
vt -36.50458400 0.12723500
vt -34.92067300 0.12723500
vt -33.33676200 0.12723500
vt -31.75285100 0.12723500
vt -44.42414000 0.06361700
vt -42.84022900 0.06361700
vt -41.25631800 0.06361700
vt -39.67240700 0.06361700
vt -38.08849600 0.06361700
vt -36.50458400 0.06361700
vt -34.92067300 0.06361700
vt -33.33676200 0.06361700
vt -30.16894000 -1.78128700
vt -28.58502900 -1.78128600
vt -30.16894000 -1.84490400
vt -28.58502900 -1.84490400
vt -30.16894000 1.84490400
vt -28.58502900 1.84490400
vt -30.16894000 1.78128700
vt -28.58502900 1.78128600
vt -30.16894000 0.12723500
vt -28.58502900 0.12723400
vt -30.16894000 0.06361700
vt -28.58502900 0.06361700
vt -30.16894000 0.00000000
vt -28.58502900 0.00000000
vt -30.16894000 -0.06361700
vt -28.58502900 -0.06361700
vt -30.16894000 -0.12723500
vt -28.58502900 -0.12723400
f 2/2/2 1/1/1 292/292/292
f 292/292/292 1/1/1 65/65/65
f 292/292/292 65/65/65 277/277/277
f 277/277/277 65/65/65 64/64/64
f 277/277/277 64/64/64 293/293/293
f 293/293/293 64/64/64 63/63/63
f 293/293/293 63/63/63 302/302/302
f 302/302/302 63/63/63 62/62/62
f 302/302/302 62/62/62 332/332/332
f 332/332/332 62/62/62 311/311/311
f 332/332/332 311/311/311 312/312/312
f 312/312/312 311/311/311 334/334/334
f 312/312/312 334/334/334 335/335/335
f 335/335/335 334/334/334 346/346/346
f 335/335/335 346/346/346 347/347/347
f 347/347/347 346/346/346 358/358/358
f 347/347/347 358/358/358 359/359/359
f 359/359/359 358/358/358 370/370/370
f 359/359/359 370/370/370 371/371/371
f 371/371/371 370/370/370 382/382/382
f 371/371/371 382/382/382 383/383/383
f 383/383/383 382/382/382 394/394/394
f 383/383/383 394/394/394 395/395/395
f 395/395/395 394/394/394 406/406/406
f 395/395/395 406/406/406 407/407/407
f 407/407/407 406/406/406 418/418/418
f 407/407/407 418/418/418 419/419/419
f 419/419/419 418/418/418 430/430/430
f 419/419/419 430/430/430 431/431/431
f 431/431/431 430/430/430 442/442/442
f 431/431/431 442/442/442 243/243/243
f 243/243/243 442/442/442 242/242/242
f 242/242/242 442/442/442 453/453/453
f 242/242/242 453/453/453 241/241/241
f 241/241/241 453/453/453 464/464/464
f 241/241/241 464/464/464 240/240/240
f 240/240/240 464/464/464 475/475/475
f 240/240/240 475/475/475 239/239/239
f 239/239/239 475/475/475 486/486/486
f 239/239/239 486/486/486 238/238/238
f 238/238/238 486/486/486 497/497/497
f 238/238/238 497/497/497 237/237/237
f 237/237/237 497/497/497 508/508/508
f 237/237/237 508/508/508 236/236/236
f 236/236/236 508/508/508 519/519/519
f 236/236/236 519/519/519 235/235/235
f 235/235/235 519/519/519 530/530/530
f 235/235/235 530/530/530 234/234/234
f 234/234/234 530/530/530 541/541/541
f 234/234/234 541/541/541 233/233/233
f 233/233/233 541/541/541 552/552/552
f 233/233/233 552/552/552 232/232/232
f 232/232/232 552/552/552 563/563/563
f 232/232/232 563/563/563 231/231/231
f 231/231/231 563/563/563 574/574/574
f 231/231/231 574/574/574 230/230/230
f 230/230/230 574/574/574 585/585/585
f 230/230/230 585/585/585 229/229/229
f 229/229/229 585/585/585 922/922/922
f 229/229/229 922/922/922 228/228/228
f 228/228/228 922/922/922 924/924/924
f 228/228/228 924/924/924 227/227/227
f 227/227/227 924/924/924 276/276/276
f 226/226/226 275/275/275 926/926/926
f 926/926/926 275/275/275 925/925/925
f 926/926/926 925/925/925 927/927/927
f 927/927/927 925/925/925 142/142/142
f 927/927/927 142/142/142 141/141/141
f 62/62/62 61/61/61 311/311/311
f 311/311/311 61/61/61 333/333/333
f 311/311/311 333/333/333 334/334/334
f 334/334/334 333/333/333 345/345/345
f 334/334/334 345/345/345 346/346/346
f 346/346/346 345/345/345 357/357/357
f 346/346/346 357/357/357 358/358/358
f 358/358/358 357/357/357 369/369/369
f 358/358/358 369/369/369 370/370/370
f 370/370/370 369/369/369 381/381/381
f 370/370/370 381/381/381 382/382/382
f 382/382/382 381/381/381 393/393/393
f 382/382/382 393/393/393 394/394/394
f 394/394/394 393/393/393 405/405/405
f 394/394/394 405/405/405 406/406/406
f 406/406/406 405/405/405 417/417/417
f 406/406/406 417/417/417 418/418/418
f 418/418/418 417/417/417 429/429/429
f 418/418/418 429/429/429 430/430/430
f 430/430/430 429/429/429 441/441/441
f 430/430/430 441/441/441 442/442/442
f 442/442/442 441/441/441 453/453/453
f 61/61/61 60/60/60 333/333/333
f 333/333/333 60/60/60 344/344/344
f 333/333/333 344/344/344 345/345/345
f 345/345/345 344/344/344 356/356/356
f 345/345/345 356/356/356 357/357/357
f 357/357/357 356/356/356 368/368/368
f 357/357/357 368/368/368 369/369/369
f 369/369/369 368/368/368 380/380/380
f 369/369/369 380/380/380 381/381/381
f 381/381/381 380/380/380 392/392/392
f 381/381/381 392/392/392 393/393/393
f 393/393/393 392/392/392 404/404/404
f 393/393/393 404/404/404 405/405/405
f 405/405/405 404/404/404 416/416/416
f 405/405/405 416/416/416 417/417/417
f 417/417/417 416/416/416 428/428/428
f 417/417/417 428/428/428 429/429/429
f 429/429/429 428/428/428 440/440/440
f 429/429/429 440/440/440 441/441/441
f 441/441/441 440/440/440 452/452/452
f 441/441/441 452/452/452 453/453/453
f 453/453/453 452/452/452 464/464/464
f 60/60/60 59/59/59 344/344/344
f 344/344/344 59/59/59 355/355/355
f 344/344/344 355/355/355 356/356/356
f 356/356/356 355/355/355 367/367/367
f 356/356/356 367/367/367 368/368/368
f 368/368/368 367/367/367 379/379/379
f 368/368/368 379/379/379 380/380/380
f 380/380/380 379/379/379 391/391/391
f 380/380/380 391/391/391 392/392/392
f 392/392/392 391/391/391 403/403/403
f 392/392/392 403/403/403 404/404/404
f 404/404/404 403/403/403 415/415/415
f 404/404/404 415/415/415 416/416/416
f 416/416/416 415/415/415 427/427/427
f 416/416/416 427/427/427 428/428/428
f 428/428/428 427/427/427 439/439/439
f 428/428/428 439/439/439 440/440/440
f 440/440/440 439/439/439 451/451/451
f 440/440/440 451/451/451 452/452/452
f 452/452/452 451/451/451 463/463/463
f 452/452/452 463/463/463 464/464/464
f 464/464/464 463/463/463 475/475/475
f 59/59/59 58/58/58 355/355/355
f 355/355/355 58/58/58 366/366/366
f 355/355/355 366/366/366 367/367/367
f 367/367/367 366/366/366 378/378/378
f 367/367/367 378/378/378 379/379/379
f 379/379/379 378/378/378 390/390/390
f 379/379/379 390/390/390 391/391/391
f 391/391/391 390/390/390 402/402/402
f 391/391/391 402/402/402 403/403/403
f 403/403/403 402/402/402 414/414/414
f 403/403/403 414/414/414 415/415/415
f 415/415/415 414/414/414 426/426/426
f 415/415/415 426/426/426 427/427/427
f 427/427/427 426/426/426 438/438/438
f 427/427/427 438/438/438 439/439/439
f 439/439/439 438/438/438 450/450/450
f 439/439/439 450/450/450 451/451/451
f 451/451/451 450/450/450 462/462/462
f 451/451/451 462/462/462 463/463/463
f 463/463/463 462/462/462 474/474/474
f 463/463/463 474/474/474 475/475/475
f 475/475/475 474/474/474 486/486/486
f 58/58/58 57/57/57 366/366/366
f 366/366/366 57/57/57 377/377/377
f 366/366/366 377/377/377 378/378/378
f 378/378/378 377/377/377 389/389/389
f 378/378/378 389/389/389 390/390/390
f 390/390/390 389/389/389 401/401/401
f 390/390/390 401/401/401 402/402/402
f 402/402/402 401/401/401 413/413/413
f 402/402/402 413/413/413 414/414/414
f 414/414/414 413/413/413 425/425/425
f 414/414/414 425/425/425 426/426/426
f 426/426/426 425/425/425 437/437/437
f 426/426/426 437/437/437 438/438/438
f 438/438/438 437/437/437 449/449/449
f 438/438/438 449/449/449 450/450/450
f 450/450/450 449/449/449 461/461/461
f 450/450/450 461/461/461 462/462/462
f 462/462/462 461/461/461 473/473/473
f 462/462/462 473/473/473 474/474/474
f 474/474/474 473/473/473 485/485/485
f 474/474/474 485/485/485 486/486/486
f 486/486/486 485/485/485 497/497/497
f 57/57/57 56/56/56 377/377/377
f 377/377/377 56/56/56 388/388/388
f 377/377/377 388/388/388 389/389/389
f 389/389/389 388/388/388 400/400/400
f 389/389/389 400/400/400 401/401/401
f 401/401/401 400/400/400 412/412/412
f 401/401/401 412/412/412 413/413/413
f 413/413/413 412/412/412 424/424/424
f 413/413/413 424/424/424 425/425/425
f 425/425/425 424/424/424 436/436/436
f 425/425/425 436/436/436 437/437/437
f 437/437/437 436/436/436 448/448/448
f 437/437/437 448/448/448 449/449/449
f 449/449/449 448/448/448 460/460/460
f 449/449/449 460/460/460 461/461/461
f 461/461/461 460/460/460 472/472/472
f 461/461/461 472/472/472 473/473/473
f 473/473/473 472/472/472 484/484/484
f 473/473/473 484/484/484 485/485/485
f 485/485/485 484/484/484 496/496/496
f 485/485/485 496/496/496 497/497/497
f 497/497/497 496/496/496 508/508/508
f 56/56/56 55/55/55 388/388/388
f 388/388/388 55/55/55 399/399/399
f 388/388/388 399/399/399 400/400/400
f 400/400/400 399/399/399 411/411/411
f 400/400/400 411/411/411 412/412/412
f 412/412/412 411/411/411 423/423/423
f 412/412/412 423/423/423 424/424/424
f 424/424/424 423/423/423 435/435/435
f 424/424/424 435/435/435 436/436/436
f 436/436/436 435/435/435 447/447/447
f 436/436/436 447/447/447 448/448/448
f 448/448/448 447/447/447 459/459/459
f 448/448/448 459/459/459 460/460/460
f 460/460/460 459/459/459 471/471/471
f 460/460/460 471/471/471 472/472/472
f 472/472/472 471/471/471 483/483/483
f 472/472/472 483/483/483 484/484/484
f 484/484/484 483/483/483 495/495/495
f 484/484/484 495/495/495 496/496/496
f 496/496/496 495/495/495 507/507/507
f 496/496/496 507/507/507 508/508/508
f 508/508/508 507/507/507 519/519/519
f 55/55/55 54/54/54 399/399/399
f 399/399/399 54/54/54 410/410/410
f 399/399/399 410/410/410 411/411/411
f 411/411/411 410/410/410 422/422/422
f 411/411/411 422/422/422 423/423/423
f 423/423/423 422/422/422 434/434/434
f 423/423/423 434/434/434 435/435/435
f 435/435/435 434/434/434 446/446/446
f 435/435/435 446/446/446 447/447/447
f 447/447/447 446/446/446 458/458/458
f 447/447/447 458/458/458 459/459/459
f 459/459/459 458/458/458 470/470/470
f 459/459/459 470/470/470 471/471/471
f 471/471/471 470/470/470 482/482/482
f 471/471/471 482/482/482 483/483/483
f 483/483/483 482/482/482 494/494/494
f 483/483/483 494/494/494 495/495/495
f 495/495/495 494/494/494 506/506/506
f 495/495/495 506/506/506 507/507/507
f 507/507/507 506/506/506 518/518/518
f 507/507/507 518/518/518 519/519/519
f 519/519/519 518/518/518 530/530/530
f 54/54/54 53/53/53 410/410/410
f 410/410/410 53/53/53 421/421/421
f 410/410/410 421/421/421 422/422/422
f 422/422/422 421/421/421 433/433/433
f 422/422/422 433/433/433 434/434/434
f 434/434/434 433/433/433 445/445/445
f 434/434/434 445/445/445 446/446/446
f 446/446/446 445/445/445 457/457/457
f 446/446/446 457/457/457 458/458/458
f 458/458/458 457/457/457 469/469/469
f 458/458/458 469/469/469 470/470/470
f 470/470/470 469/469/469 481/481/481
f 470/470/470 481/481/481 482/482/482
f 482/482/482 481/481/481 493/493/493
f 482/482/482 493/493/493 494/494/494
f 494/494/494 493/493/493 505/505/505
f 494/494/494 505/505/505 506/506/506
f 506/506/506 505/505/505 517/517/517
f 506/506/506 517/517/517 518/518/518
f 518/518/518 517/517/517 529/529/529
f 518/518/518 529/529/529 530/530/530
f 530/530/530 529/529/529 541/541/541
f 53/53/53 52/52/52 421/421/421
f 421/421/421 52/52/52 432/432/432
f 421/421/421 432/432/432 433/433/433
f 433/433/433 432/432/432 444/444/444
f 433/433/433 444/444/444 445/445/445
f 445/445/445 444/444/444 456/456/456
f 445/445/445 456/456/456 457/457/457
f 457/457/457 456/456/456 468/468/468
f 457/457/457 468/468/468 469/469/469
f 469/469/469 468/468/468 480/480/480
f 469/469/469 480/480/480 481/481/481
f 481/481/481 480/480/480 492/492/492
f 481/481/481 492/492/492 493/493/493
f 493/493/493 492/492/492 504/504/504
f 493/493/493 504/504/504 505/505/505
f 505/505/505 504/504/504 516/516/516
f 505/505/505 516/516/516 517/517/517
f 517/517/517 516/516/516 528/528/528
f 517/517/517 528/528/528 529/529/529
f 529/529/529 528/528/528 540/540/540
f 529/529/529 540/540/540 541/541/541
f 541/541/541 540/540/540 552/552/552
f 52/52/52 51/51/51 432/432/432
f 432/432/432 51/51/51 443/443/443
f 432/432/432 443/443/443 444/444/444
f 444/444/444 443/443/443 455/455/455
f 444/444/444 455/455/455 456/456/456
f 456/456/456 455/455/455 467/467/467
f 456/456/456 467/467/467 468/468/468
f 468/468/468 467/467/467 479/479/479
f 468/468/468 479/479/479 480/480/480
f 480/480/480 479/479/479 491/491/491
f 480/480/480 491/491/491 492/492/492
f 492/492/492 491/491/491 503/503/503
f 492/492/492 503/503/503 504/504/504
f 504/504/504 503/503/503 515/515/515
f 504/504/504 515/515/515 516/516/516
f 516/516/516 515/515/515 527/527/527
f 516/516/516 527/527/527 528/528/528
f 528/528/528 527/527/527 539/539/539
f 528/528/528 539/539/539 540/540/540
f 540/540/540 539/539/539 551/551/551
f 540/540/540 551/551/551 552/552/552
f 552/552/552 551/551/551 563/563/563
f 51/51/51 50/50/50 443/443/443
f 443/443/443 50/50/50 49/49/49
f 443/443/443 49/49/49 454/454/454
f 454/454/454 49/49/49 48/48/48
f 454/454/454 48/48/48 465/465/465
f 465/465/465 48/48/48 47/47/47
f 465/465/465 47/47/47 476/476/476
f 476/476/476 47/47/47 46/46/46
f 476/476/476 46/46/46 487/487/487
f 487/487/487 46/46/46 45/45/45
f 487/487/487 45/45/45 498/498/498
f 498/498/498 45/45/45 44/44/44
f 498/498/498 44/44/44 509/509/509
f 509/509/509 44/44/44 43/43/43
f 509/509/509 43/43/43 520/520/520
f 520/520/520 43/43/43 42/42/42
f 520/520/520 42/42/42 531/531/531
f 531/531/531 42/42/42 41/41/41
f 531/531/531 41/41/41 542/542/542
f 542/542/542 41/41/41 40/40/40
f 542/542/542 40/40/40 553/553/553
f 553/553/553 40/40/40 39/39/39
f 553/553/553 39/39/39 564/564/564
f 564/564/564 39/39/39 38/38/38
f 564/564/564 38/38/38 575/575/575
f 575/575/575 38/38/38 37/37/37
f 575/575/575 37/37/37 586/586/586
f 586/586/586 37/37/37 36/36/36
f 586/586/586 36/36/36 595/595/595
f 595/595/595 36/36/36 35/35/35
f 595/595/595 35/35/35 258/258/258
f 257/257/257 34/34/34 33/33/33
f 257/257/257 33/33/33 32/32/32
f 257/257/257 32/32/32 603/603/603
f 603/603/603 32/32/32 31/31/31
f 603/603/603 31/31/31 611/611/611
f 611/611/611 31/31/31 30/30/30
f 611/611/611 30/30/30 620/620/620
f 620/620/620 30/30/30 29/29/29
f 620/620/620 29/29/29 650/650/650
f 650/650/650 29/29/29 629/629/629
f 650/650/650 629/629/629 630/630/630
f 630/630/630 629/629/629 651/651/651
f 630/630/630 651/651/651 652/652/652
f 652/652/652 651/651/651 662/662/662
f 652/652/652 662/662/662 663/663/663
f 663/663/663 662/662/662 673/673/673
f 663/663/663 673/673/673 674/674/674
f 674/674/674 673/673/673 684/684/684
f 674/674/674 684/684/684 685/685/685
f 685/685/685 684/684/684 695/695/695
f 685/685/685 695/695/695 696/696/696
f 696/696/696 695/695/695 706/706/706
f 696/696/696 706/706/706 707/707/707
f 707/707/707 706/706/706 717/717/717
f 707/707/707 717/717/717 718/718/718
f 718/718/718 717/717/717 728/728/728
f 718/718/718 728/728/728 729/729/729
f 729/729/729 728/728/728 739/739/739
f 729/729/729 739/739/739 740/740/740
f 740/740/740 739/739/739 750/750/750
f 740/740/740 750/750/750 751/751/751
f 751/751/751 750/750/750 761/761/761
f 751/751/751 761/761/761 762/762/762
f 762/762/762 761/761/761 772/772/772
f 762/762/762 772/772/772 773/773/773
f 773/773/773 772/772/772 783/783/783
f 773/773/773 783/783/783 784/784/784
f 784/784/784 783/783/783 794/794/794
f 784/784/784 794/794/794 795/795/795
f 795/795/795 794/794/794 805/805/805
f 795/795/795 805/805/805 806/806/806
f 806/806/806 805/805/805 816/816/816
f 806/806/806 816/816/816 817/817/817
f 817/817/817 816/816/816 827/827/827
f 817/817/817 827/827/827 828/828/828
f 828/828/828 827/827/827 838/838/838
f 828/828/828 838/838/838 839/839/839
f 839/839/839 838/838/838 849/849/849
f 839/839/839 849/849/849 850/850/850
f 850/850/850 849/849/849 860/860/860
f 850/850/850 860/860/860 861/861/861
f 861/861/861 860/860/860 871/871/871
f 861/861/861 871/871/871 872/872/872
f 872/872/872 871/871/871 882/882/882
f 872/872/872 882/882/882 883/883/883
f 883/883/883 882/882/882 893/893/893
f 883/883/883 893/893/893 894/894/894
f 894/894/894 893/893/893 905/905/905
f 894/894/894 905/905/905 906/906/906
f 906/906/906 905/905/905 915/915/915
f 906/906/906 915/915/915 916/916/916
f 916/916/916 915/915/915 289/289/289
f 916/916/916 289/289/289 288/288/288
f 288/288/288 289/289/289 281/281/281
f 288/288/288 281/281/281 282/282/282
f 282/282/282 281/281/281 298/298/298
f 282/282/282 298/298/298 299/299/299
f 299/299/299 298/298/298 308/308/308
f 299/299/299 308/308/308 309/309/309
f 309/309/309 308/308/308 325/325/325
f 309/309/309 325/325/325 93/93/93
f 93/93/93 325/325/325 94/94/94
f 94/94/94 325/325/325 324/324/324
f 94/94/94 324/324/324 95/95/95
f 95/95/95 324/324/324 96/96/96
f 96/96/96 324/324/324 97/97/97
f 97/97/97 324/324/324 98/98/98
f 98/98/98 324/324/324 319/319/319
f 98/98/98 319/319/319 320/320/320
f 320/320/320 319/319/319 342/342/342
f 320/320/320 342/342/342 343/343/343
f 343/343/343 342/342/342 354/354/354
f 343/343/343 354/354/354 251/251/251
f 251/251/251 354/354/354 250/250/250
f 250/250/250 354/354/354 365/365/365
f 250/250/250 365/365/365 249/249/249
f 249/249/249 365/365/365 376/376/376
f 249/249/249 376/376/376 248/248/248
f 248/248/248 376/376/376 387/387/387
f 248/248/248 387/387/387 247/247/247
f 247/247/247 387/387/387 398/398/398
f 247/247/247 398/398/398 246/246/246
f 246/246/246 398/398/398 409/409/409
f 246/246/246 409/409/409 245/245/245
f 245/245/245 409/409/409 420/420/420
f 245/245/245 420/420/420 244/244/244
f 244/244/244 420/420/420 431/431/431
f 244/244/244 431/431/431 243/243/243
f 29/29/29 28/28/28 629/629/629
f 629/629/629 28/28/28 651/651/651
f 28/28/28 27/27/27 651/651/651
f 651/651/651 27/27/27 662/662/662
f 27/27/27 26/26/26 662/662/662
f 662/662/662 26/26/26 673/673/673
f 26/26/26 25/25/25 673/673/673
f 673/673/673 25/25/25 684/684/684
f 25/25/25 24/24/24 684/684/684
f 684/684/684 24/24/24 695/695/695
f 24/24/24 23/23/23 695/695/695
f 695/695/695 23/23/23 706/706/706
f 23/23/23 22/22/22 706/706/706
f 706/706/706 22/22/22 717/717/717
f 22/22/22 21/21/21 717/717/717
f 717/717/717 21/21/21 728/728/728
f 21/21/21 20/20/20 728/728/728
f 728/728/728 20/20/20 739/739/739
f 20/20/20 19/19/19 739/739/739
f 739/739/739 19/19/19 750/750/750
f 19/19/19 18/18/18 750/750/750
f 750/750/750 18/18/18 761/761/761
f 18/18/18 17/17/17 761/761/761
f 761/761/761 17/17/17 16/16/16
f 761/761/761 16/16/16 772/772/772
f 772/772/772 16/16/16 15/15/15
f 772/772/772 15/15/15 783/783/783
f 783/783/783 15/15/15 14/14/14
f 783/783/783 14/14/14 794/794/794
f 794/794/794 14/14/14 13/13/13
f 794/794/794 13/13/13 805/805/805
f 805/805/805 13/13/13 12/12/12
f 805/805/805 12/12/12 816/816/816
f 816/816/816 12/12/12 11/11/11
f 816/816/816 11/11/11 827/827/827
f 827/827/827 11/11/11 10/10/10
f 827/827/827 10/10/10 838/838/838
f 838/838/838 10/10/10 9/9/9
f 838/838/838 9/9/9 849/849/849
f 849/849/849 9/9/9 8/8/8
f 849/849/849 8/8/8 860/860/860
f 860/860/860 8/8/8 7/7/7
f 860/860/860 7/7/7 871/871/871
f 871/871/871 7/7/7 6/6/6
f 871/871/871 6/6/6 882/882/882
f 882/882/882 6/6/6 5/5/5
f 882/882/882 5/5/5 893/893/893
f 893/893/893 5/5/5 4/4/4
f 893/893/893 4/4/4 904/904/904
f 904/904/904 4/4/4 3/3/3
f 904/904/904 3/3/3 913/913/913
f 913/913/913 3/3/3 2/2/2
f 913/913/913 2/2/2 292/292/292
f 195/195/195 642/642/642 130/130/130
f 130/130/130 642/642/642 637/637/637
f 130/130/130 637/637/637 638/638/638
f 638/638/638 637/637/637 659/659/659
f 638/638/638 659/659/659 660/660/660
f 660/660/660 659/659/659 670/670/670
f 660/660/660 670/670/670 671/671/671
f 671/671/671 670/670/670 681/681/681
f 671/671/671 681/681/681 682/682/682
f 682/682/682 681/681/681 692/692/692
f 682/682/682 692/692/692 693/693/693
f 693/693/693 692/692/692 703/703/703
f 693/693/693 703/703/703 704/704/704
f 704/704/704 703/703/703 714/714/714
f 704/704/704 714/714/714 715/715/715
f 715/715/715 714/714/714 725/725/725
f 715/715/715 725/725/725 726/726/726
f 726/726/726 725/725/725 736/736/736
f 726/726/726 736/736/736 737/737/737
f 737/737/737 736/736/736 747/747/747
f 737/737/737 747/747/747 748/748/748
f 748/748/748 747/747/747 758/758/758
f 748/748/748 758/758/758 759/759/759
f 759/759/759 758/758/758 769/769/769
f 759/759/759 769/769/769 770/770/770
f 770/770/770 769/769/769 780/780/780
f 770/770/770 780/780/780 781/781/781
f 781/781/781 780/780/780 791/791/791
f 781/781/781 791/791/791 792/792/792
f 792/792/792 791/791/791 802/802/802
f 792/792/792 802/802/802 803/803/803
f 803/803/803 802/802/802 813/813/813
f 803/803/803 813/813/813 814/814/814
f 814/814/814 813/813/813 824/824/824
f 814/814/814 824/824/824 825/825/825
f 825/825/825 824/824/824 835/835/835
f 825/825/825 835/835/835 836/836/836
f 836/836/836 835/835/835 846/846/846
f 836/836/836 846/846/846 847/847/847
f 847/847/847 846/846/846 857/857/857
f 847/847/847 857/857/857 858/858/858
f 858/858/858 857/857/857 868/868/868
f 858/858/858 868/868/868 869/869/869
f 869/869/869 868/868/868 879/879/879
f 869/869/869 879/879/879 880/880/880
f 880/880/880 879/879/879 890/890/890
f 880/880/880 890/890/890 891/891/891
f 891/891/891 890/890/890 66/66/66
f 891/891/891 66/66/66 129/129/129
f 195/195/195 194/194/194 642/642/642
f 642/642/642 194/194/194 193/193/193
f 642/642/642 193/193/193 192/192/192
f 642/642/642 192/192/192 643/643/643
f 643/643/643 192/192/192 191/191/191
f 643/643/643 191/191/191 627/627/627
f 627/627/627 191/191/191 628/628/628
f 627/627/627 628/628/628 189/189/189
f 189/189/189 628/628/628 190/190/190
f 190/190/190 628/628/628 191/191/191
f 189/189/189 188/188/188 627/627/627
f 627/627/627 188/188/188 618/618/618
f 627/627/627 618/618/618 617/617/617
f 617/617/617 618/618/618 609/609/609
f 617/617/617 609/609/609 608/608/608
f 608/608/608 609/609/609 267/267/267
f 608/608/608 267/267/267 265/265/265
f 266/266/266 268/268/268 599/599/599
f 266/266/266 599/599/599 598/598/598
f 598/598/598 599/599/599 589/589/589
f 598/598/598 589/589/589 588/588/588
f 588/588/588 589/589/589 577/577/577
f 588/588/588 577/577/577 576/576/576
f 576/576/576 577/577/577 565/565/565
f 576/576/576 565/565/565 564/564/564
f 564/564/564 565/565/565 553/553/553
f 188/188/188 187/187/187 618/618/618
f 618/618/618 187/187/187 619/619/619
f 618/618/618 619/619/619 183/183/183
f 183/183/183 619/619/619 184/184/184
f 184/184/184 619/619/619 185/185/185
f 185/185/185 619/619/619 186/186/186
f 186/186/186 619/619/619 187/187/187
f 618/618/618 183/183/183 610/610/610
f 610/610/610 183/183/183 182/182/182
f 610/610/610 182/182/182 180/180/180
f 610/610/610 180/180/180 272/272/272
f 271/271/271 181/181/181 179/179/179
f 271/271/271 179/179/179 178/178/178
f 271/271/271 178/178/178 602/602/602
f 602/602/602 178/178/178 177/177/177
f 602/602/602 177/177/177 176/176/176
f 175/175/175 594/594/594 176/176/176
f 176/176/176 594/594/594 593/593/593
f 176/176/176 593/593/593 602/602/602
f 602/602/602 593/593/593 592/592/592
f 602/602/602 592/592/592 601/601/601
f 601/601/601 592/592/592 591/591/591
f 601/601/601 591/591/591 600/600/600
f 600/600/600 591/591/591 590/590/590
f 600/600/600 590/590/590 599/599/599
f 599/599/599 590/590/590 589/589/589
f 175/175/175 174/174/174 594/594/594
f 594/594/594 174/174/174 173/173/173
f 594/594/594 173/173/173 593/593/593
f 593/593/593 173/173/173 172/172/172
f 593/593/593 172/172/172 171/171/171
f 170/170/170 583/583/583 171/171/171
f 171/171/171 583/583/583 582/582/582
f 171/171/171 582/582/582 593/593/593
f 593/593/593 582/582/582 581/581/581
f 593/593/593 581/581/581 592/592/592
f 592/592/592 581/581/581 580/580/580
f 592/592/592 580/580/580 591/591/591
f 591/591/591 580/580/580 579/579/579
f 591/591/591 579/579/579 590/590/590
f 590/590/590 579/579/579 578/578/578
f 590/590/590 578/578/578 589/589/589
f 589/589/589 578/578/578 577/577/577
f 170/170/170 169/169/169 583/583/583
f 583/583/583 169/169/169 168/168/168
f 583/583/583 168/168/168 582/582/582
f 582/582/582 168/168/168 167/167/167
f 582/582/582 167/167/167 571/571/571
f 571/571/571 167/167/167 166/166/166
f 571/571/571 166/166/166 572/572/572
f 572/572/572 166/166/166 165/165/165
f 572/572/572 165/165/165 164/164/164
f 164/164/164 163/163/163 572/572/572
f 572/572/572 163/163/163 573/573/573
f 572/572/572 573/573/573 561/561/561
f 561/561/561 573/573/573 562/562/562
f 561/561/561 562/562/562 550/550/550
f 550/550/550 562/562/562 551/551/551
f 550/550/550 551/551/551 539/539/539
f 163/163/163 162/162/162 573/573/573
f 573/573/573 162/162/162 161/161/161
f 573/573/573 161/161/161 160/160/160
f 573/573/573 160/160/160 584/584/584
f 584/584/584 160/160/160 159/159/159
f 584/584/584 159/159/159 158/158/158
f 158/158/158 157/157/157 584/584/584
f 584/584/584 157/157/157 156/156/156
f 584/584/584 156/156/156 155/155/155
f 584/584/584 155/155/155 921/921/921
f 921/921/921 155/155/155 154/154/154
f 921/921/921 154/154/154 153/153/153
f 153/153/153 152/152/152 921/921/921
f 921/921/921 152/152/152 151/151/151
f 921/921/921 151/151/151 923/923/923
f 923/923/923 151/151/151 150/150/150
f 923/923/923 150/150/150 149/149/149
f 149/149/149 148/148/148 923/923/923
f 923/923/923 148/148/148 274/274/274
f 923/923/923 274/274/274 276/276/276
f 275/275/275 273/273/273 925/925/925
f 147/147/147 146/146/146 273/273/273
f 273/273/273 146/146/146 145/145/145
f 273/273/273 145/145/145 925/925/925
f 925/925/925 145/145/145 144/144/144
f 925/925/925 144/144/144 143/143/143
f 143/143/143 142/142/142 925/925/925
f 141/141/141 140/140/140 927/927/927
f 927/927/927 140/140/140 139/139/139
f 927/927/927 139/139/139 138/138/138
f 927/927/927 138/138/138 641/641/641
f 641/641/641 138/138/138 137/137/137
f 641/641/641 137/137/137 136/136/136
f 136/136/136 135/135/135 641/641/641
f 641/641/641 135/135/135 134/134/134
f 641/641/641 134/134/134 638/638/638
f 638/638/638 134/134/134 133/133/133
f 638/638/638 133/133/133 132/132/132
f 132/132/132 131/131/131 638/638/638
f 638/638/638 131/131/131 130/130/130
f 129/129/129 128/128/128 891/891/891
f 891/891/891 128/128/128 127/127/127
f 891/891/891 127/127/127 902/902/902
f 902/902/902 127/127/127 126/126/126
f 902/902/902 126/126/126 125/125/125
f 125/125/125 124/124/124 902/902/902
f 902/902/902 124/124/124 123/123/123
f 902/902/902 123/123/123 122/122/122
f 902/902/902 122/122/122 929/929/929
f 929/929/929 122/122/122 121/121/121
f 929/929/929 121/121/121 120/120/120
f 120/120/120 119/119/119 929/929/929
f 929/929/929 119/119/119 118/118/118
f 929/929/929 118/118/118 931/931/931
f 931/931/931 118/118/118 117/117/117
f 931/931/931 117/117/117 116/116/116
f 116/116/116 115/115/115 931/931/931
f 931/931/931 115/115/115 933/933/933
f 931/931/931 933/933/933 932/932/932
f 932/932/932 933/933/933 934/934/934
f 932/932/932 934/934/934 197/197/197
f 197/197/197 934/934/934 196/196/196
f 196/196/196 934/934/934 256/256/256
f 256/256/256 934/934/934 936/936/936
f 256/256/256 936/936/936 255/255/255
f 255/255/255 936/936/936 938/938/938
f 255/255/255 938/938/938 254/254/254
f 254/254/254 938/938/938 322/322/322
f 254/254/254 322/322/322 253/253/253
f 253/253/253 322/322/322 321/321/321
f 253/253/253 321/321/321 252/252/252
f 252/252/252 321/321/321 343/343/343
f 252/252/252 343/343/343 251/251/251
f 115/115/115 114/114/114 933/933/933
f 933/933/933 114/114/114 113/113/113
f 933/933/933 113/113/113 935/935/935
f 935/935/935 113/113/113 112/112/112
f 935/935/935 112/112/112 111/111/111
f 111/111/111 110/110/110 935/935/935
f 935/935/935 110/110/110 937/937/937
f 935/935/935 937/937/937 938/938/938
f 938/938/938 937/937/937 322/322/322
f 110/110/110 109/109/109 937/937/937
f 937/937/937 109/109/109 108/108/108
f 937/937/937 108/108/108 107/107/107
f 107/107/107 106/106/106 937/937/937
f 937/937/937 106/106/106 323/323/323
f 937/937/937 323/323/323 322/322/322
f 322/322/322 323/323/323 321/321/321
f 106/106/106 105/105/105 323/323/323
f 323/323/323 105/105/105 104/104/104
f 323/323/323 104/104/104 103/103/103
f 103/103/103 102/102/102 323/323/323
f 323/323/323 102/102/102 320/320/320
f 323/323/323 320/320/320 321/321/321
f 321/321/321 320/320/320 343/343/343
f 102/102/102 101/101/101 320/320/320
f 320/320/320 101/101/101 100/100/100
f 320/320/320 100/100/100 99/99/99
f 99/99/99 98/98/98 320/320/320
f 309/309/309 93/93/93 310/310/310
f 310/310/310 93/93/93 92/92/92
f 310/310/310 92/92/92 91/91/91
f 91/91/91 90/90/90 310/310/310
f 310/310/310 90/90/90 309/309/309
f 90/90/90 89/89/89 309/309/309
f 309/309/309 89/89/89 300/300/300
f 309/309/309 300/300/300 299/299/299
f 299/299/299 300/300/300 283/283/283
f 299/299/299 283/283/283 282/282/282
f 282/282/282 283/283/283 287/287/287
f 282/282/282 287/287/287 288/288/288
f 288/288/288 287/287/287 917/917/917
f 288/288/288 917/917/917 916/916/916
f 916/916/916 917/917/917 907/907/907
f 916/916/916 907/907/907 906/906/906
f 906/906/906 907/907/907 895/895/895
f 906/906/906 895/895/895 894/894/894
f 894/894/894 895/895/895 884/884/884
f 894/894/894 884/884/884 883/883/883
f 883/883/883 884/884/884 873/873/873
f 883/883/883 873/873/873 872/872/872
f 872/872/872 873/873/873 862/862/862
f 872/872/872 862/862/862 861/861/861
f 861/861/861 862/862/862 851/851/851
f 861/861/861 851/851/851 850/850/850
f 850/850/850 851/851/851 840/840/840
f 850/850/850 840/840/840 839/839/839
f 839/839/839 840/840/840 829/829/829
f 839/839/839 829/829/829 828/828/828
f 828/828/828 829/829/829 818/818/818
f 828/828/828 818/818/818 817/817/817
f 817/817/817 818/818/818 807/807/807
f 817/817/817 807/807/807 806/806/806
f 806/806/806 807/807/807 796/796/796
f 806/806/806 796/796/796 795/795/795
f 795/795/795 796/796/796 785/785/785
f 795/795/795 785/785/785 784/784/784
f 784/784/784 785/785/785 774/774/774
f 784/784/784 774/774/774 773/773/773
f 773/773/773 774/774/774 763/763/763
f 773/773/773 763/763/763 762/762/762
f 762/762/762 763/763/763 752/752/752
f 762/762/762 752/752/752 751/751/751
f 751/751/751 752/752/752 741/741/741
f 751/751/751 741/741/741 740/740/740
f 740/740/740 741/741/741 730/730/730
f 740/740/740 730/730/730 729/729/729
f 729/729/729 730/730/730 719/719/719
f 729/729/729 719/719/719 718/718/718
f 718/718/718 719/719/719 708/708/708
f 718/718/718 708/708/708 707/707/707
f 707/707/707 708/708/708 697/697/697
f 707/707/707 697/697/697 696/696/696
f 696/696/696 697/697/697 686/686/686
f 696/696/696 686/686/686 685/685/685
f 685/685/685 686/686/686 675/675/675
f 685/685/685 675/675/675 674/674/674
f 674/674/674 675/675/675 664/664/664
f 674/674/674 664/664/664 663/663/663
f 663/663/663 664/664/664 653/653/653
f 663/663/663 653/653/653 652/652/652
f 652/652/652 653/653/653 631/631/631
f 652/652/652 631/631/631 630/630/630
f 630/630/630 631/631/631 649/649/649
f 630/630/630 649/649/649 650/650/650
f 650/650/650 649/649/649 620/620/620
f 89/89/89 88/88/88 300/300/300
f 300/300/300 88/88/88 301/301/301
f 300/300/300 301/301/301 85/85/85
f 85/85/85 301/301/301 86/86/86
f 86/86/86 301/301/301 87/87/87
f 87/87/87 301/301/301 88/88/88
f 300/300/300 85/85/85 284/284/284
f 284/284/284 85/85/85 84/84/84
f 284/284/284 84/84/84 83/83/83
f 284/284/284 83/83/83 285/285/285
f 285/285/285 83/83/83 82/82/82
f 285/285/285 82/82/82 81/81/81
f 285/285/285 81/81/81 920/920/920
f 920/920/920 81/81/81 80/80/80
f 920/920/920 80/80/80 79/79/79
f 78/78/78 912/912/912 79/79/79
f 79/79/79 912/912/912 911/911/911
f 79/79/79 911/911/911 920/920/920
f 920/920/920 911/911/911 910/910/910
f 920/920/920 910/910/910 919/919/919
f 919/919/919 910/910/910 909/909/909
f 919/919/919 909/909/909 918/918/918
f 918/918/918 909/909/909 908/908/908
f 918/918/918 908/908/908 917/917/917
f 917/917/917 908/908/908 907/907/907
f 78/78/78 77/77/77 912/912/912
f 912/912/912 77/77/77 76/76/76
f 912/912/912 76/76/76 75/75/75
f 912/912/912 75/75/75 911/911/911
f 911/911/911 75/75/75 74/74/74
f 911/911/911 74/74/74 900/900/900
f 900/900/900 74/74/74 73/73/73
f 900/900/900 73/73/73 901/901/901
f 901/901/901 73/73/73 72/72/72
f 901/901/901 72/72/72 71/71/71
f 901/901/901 71/71/71 900/900/900
f 900/900/900 71/71/71 70/70/70
f 900/900/900 70/70/70 69/69/69
f 68/68/68 890/890/890 69/69/69
f 69/69/69 890/890/890 889/889/889
f 69/69/69 889/889/889 900/900/900
f 900/900/900 889/889/889 899/899/899
f 900/900/900 899/899/899 911/911/911
f 911/911/911 899/899/899 910/910/910
f 68/68/68 67/67/67 890/890/890
f 890/890/890 67/67/67 66/66/66
f 197/197/197 198/198/198 932/932/932
f 932/932/932 198/198/198 930/930/930
f 932/932/932 930/930/930 931/931/931
f 931/931/931 930/930/930 929/929/929
f 198/198/198 199/199/199 930/930/930
f 930/930/930 199/199/199 903/903/903
f 930/930/930 903/903/903 929/929/929
f 929/929/929 903/903/903 902/902/902
f 199/199/199 200/200/200 903/903/903
f 903/903/903 200/200/200 892/892/892
f 903/903/903 892/892/892 902/902/902
f 902/902/902 892/892/892 891/891/891
f 200/200/200 201/201/201 892/892/892
f 892/892/892 201/201/201 881/881/881
f 892/892/892 881/881/881 891/891/891
f 891/891/891 881/881/881 880/880/880
f 201/201/201 202/202/202 881/881/881
f 881/881/881 202/202/202 870/870/870
f 881/881/881 870/870/870 880/880/880
f 880/880/880 870/870/870 869/869/869
f 202/202/202 203/203/203 870/870/870
f 870/870/870 203/203/203 859/859/859
f 870/870/870 859/859/859 869/869/869
f 869/869/869 859/859/859 858/858/858
f 203/203/203 204/204/204 859/859/859
f 859/859/859 204/204/204 848/848/848
f 859/859/859 848/848/848 858/858/858
f 858/858/858 848/848/848 847/847/847
f 204/204/204 205/205/205 848/848/848
f 848/848/848 205/205/205 837/837/837
f 848/848/848 837/837/837 847/847/847
f 847/847/847 837/837/837 836/836/836
f 205/205/205 206/206/206 837/837/837
f 837/837/837 206/206/206 826/826/826
f 837/837/837 826/826/826 836/836/836
f 836/836/836 826/826/826 825/825/825
f 206/206/206 207/207/207 826/826/826
f 826/826/826 207/207/207 815/815/815
f 826/826/826 815/815/815 825/825/825
f 825/825/825 815/815/815 814/814/814
f 207/207/207 208/208/208 815/815/815
f 815/815/815 208/208/208 804/804/804
f 815/815/815 804/804/804 814/814/814
f 814/814/814 804/804/804 803/803/803
f 208/208/208 209/209/209 804/804/804
f 804/804/804 209/209/209 793/793/793
f 804/804/804 793/793/793 803/803/803
f 803/803/803 793/793/793 792/792/792
f 209/209/209 210/210/210 793/793/793
f 793/793/793 210/210/210 782/782/782
f 793/793/793 782/782/782 792/792/792
f 792/792/792 782/782/782 781/781/781
f 210/210/210 211/211/211 782/782/782
f 782/782/782 211/211/211 771/771/771
f 782/782/782 771/771/771 781/781/781
f 781/781/781 771/771/771 770/770/770
f 211/211/211 212/212/212 771/771/771
f 771/771/771 212/212/212 760/760/760
f 771/771/771 760/760/760 770/770/770
f 770/770/770 760/760/760 759/759/759
f 212/212/212 213/213/213 760/760/760
f 760/760/760 213/213/213 749/749/749
f 760/760/760 749/749/749 759/759/759
f 759/759/759 749/749/749 748/748/748
f 213/213/213 214/214/214 749/749/749
f 749/749/749 214/214/214 738/738/738
f 749/749/749 738/738/738 748/748/748
f 748/748/748 738/738/738 737/737/737
f 214/214/214 215/215/215 738/738/738
f 738/738/738 215/215/215 727/727/727
f 738/738/738 727/727/727 737/737/737
f 737/737/737 727/727/727 726/726/726
f 215/215/215 216/216/216 727/727/727
f 727/727/727 216/216/216 716/716/716
f 727/727/727 716/716/716 726/726/726
f 726/726/726 716/716/716 715/715/715
f 216/216/216 217/217/217 716/716/716
f 716/716/716 217/217/217 705/705/705
f 716/716/716 705/705/705 715/715/715
f 715/715/715 705/705/705 704/704/704
f 217/217/217 218/218/218 705/705/705
f 705/705/705 218/218/218 694/694/694
f 705/705/705 694/694/694 704/704/704
f 704/704/704 694/694/694 693/693/693
f 218/218/218 219/219/219 694/694/694
f 694/694/694 219/219/219 683/683/683
f 694/694/694 683/683/683 693/693/693
f 693/693/693 683/683/683 682/682/682
f 219/219/219 220/220/220 683/683/683
f 683/683/683 220/220/220 672/672/672
f 683/683/683 672/672/672 682/682/682
f 682/682/682 672/672/672 671/671/671
f 220/220/220 221/221/221 672/672/672
f 672/672/672 221/221/221 661/661/661
f 672/672/672 661/661/661 671/671/671
f 671/671/671 661/661/661 660/660/660
f 221/221/221 222/222/222 661/661/661
f 661/661/661 222/222/222 639/639/639
f 661/661/661 639/639/639 660/660/660
f 660/660/660 639/639/639 638/638/638
f 222/222/222 223/223/223 639/639/639
f 639/639/639 223/223/223 640/640/640
f 639/639/639 640/640/640 638/638/638
f 638/638/638 640/640/640 641/641/641
f 223/223/223 224/224/224 640/640/640
f 640/640/640 224/224/224 928/928/928
f 640/640/640 928/928/928 641/641/641
f 641/641/641 928/928/928 927/927/927
f 224/224/224 225/225/225 928/928/928
f 928/928/928 225/225/225 926/926/926
f 928/928/928 926/926/926 927/927/927
f 225/225/225 226/226/226 926/926/926
f 258/258/258 260/260/260 595/595/595
f 595/595/595 260/260/260 596/596/596
f 595/595/595 596/596/596 586/586/586
f 586/586/586 596/596/596 587/587/587
f 586/586/586 587/587/587 575/575/575
f 575/575/575 587/587/587 576/576/576
f 575/575/575 576/576/576 564/564/564
f 260/260/260 262/262/262 596/596/596
f 596/596/596 262/262/262 597/597/597
f 596/596/596 597/597/597 587/587/587
f 587/587/587 597/597/597 588/588/588
f 587/587/587 588/588/588 576/576/576
f 259/259/259 257/257/257 604/604/604
f 604/604/604 257/257/257 603/603/603
f 604/604/604 603/603/603 612/612/612
f 612/612/612 603/603/603 611/611/611
f 612/612/612 611/611/611 621/621/621
f 621/621/621 611/611/611 620/620/620
f 621/621/621 620/620/620 649/649/649
f 262/262/262 264/264/264 597/597/597
f 597/597/597 264/264/264 598/598/598
f 597/597/597 598/598/598 588/588/588
f 261/261/261 259/259/259 605/605/605
f 605/605/605 259/259/259 604/604/604
f 605/605/605 604/604/604 613/613/613
f 613/613/613 604/604/604 612/612/612
f 613/613/613 612/612/612 622/622/622
f 622/622/622 612/612/612 621/621/621
f 622/622/622 621/621/621 648/648/648
f 648/648/648 621/621/621 649/649/649
f 648/648/648 649/649/649 631/631/631
f 598/598/598 264/264/264 266/266/266
f 265/265/265 263/263/263 607/607/607
f 265/265/265 607/607/607 608/608/608
f 608/608/608 607/607/607 616/616/616
f 608/608/608 616/616/616 617/617/617
f 617/617/617 616/616/616 626/626/626
f 617/617/617 626/626/626 627/627/627
f 627/627/627 626/626/626 643/643/643
f 263/263/263 261/261/261 606/606/606
f 606/606/606 261/261/261 605/605/605
f 606/606/606 605/605/605 614/614/614
f 614/614/614 605/605/605 613/613/613
f 614/614/614 613/613/613 623/623/623
f 623/623/623 613/613/613 622/622/622
f 623/623/623 622/622/622 647/647/647
f 647/647/647 622/622/622 648/648/648
f 647/647/647 648/648/648 632/632/632
f 632/632/632 648/648/648 631/631/631
f 632/632/632 631/631/631 653/653/653
f 600/600/600 599/599/599 268/268/268
f 601/601/601 600/600/600 269/269/269
f 269/269/269 600/600/600 268/268/268
f 270/270/270 267/267/267 609/609/609
f 602/602/602 601/601/601 271/271/271
f 271/271/271 601/601/601 269/269/269
f 272/272/272 270/270/270 610/610/610
f 610/610/610 270/270/270 609/609/609
f 610/610/610 609/609/609 618/618/618
f 923/923/923 276/276/276 924/924/924
f 277/277/277 278/278/278 292/292/292
f 292/292/292 278/278/278 291/291/291
f 292/292/292 291/291/291 913/913/913
f 913/913/913 291/291/291 914/914/914
f 913/913/913 914/914/914 904/904/904
f 904/904/904 914/914/914 905/905/905
f 904/904/904 905/905/905 893/893/893
f 278/278/278 279/279/279 291/291/291
f 291/291/291 279/279/279 290/290/290
f 291/291/291 290/290/290 914/914/914
f 914/914/914 290/290/290 915/915/915
f 914/914/914 915/915/915 905/905/905
f 278/278/278 277/277/277 294/294/294
f 294/294/294 277/277/277 293/293/293
f 294/294/294 293/293/293 303/303/303
f 303/303/303 293/293/293 302/302/302
f 303/303/303 302/302/302 331/331/331
f 331/331/331 302/302/302 332/332/332
f 331/331/331 332/332/332 312/312/312
f 279/279/279 280/280/280 290/290/290
f 290/290/290 280/280/280 289/289/289
f 290/290/290 289/289/289 915/915/915
f 279/279/279 278/278/278 295/295/295
f 295/295/295 278/278/278 294/294/294
f 295/295/295 294/294/294 304/304/304
f 304/304/304 294/294/294 303/303/303
f 304/304/304 303/303/303 330/330/330
f 330/330/330 303/303/303 331/331/331
f 330/330/330 331/331/331 313/313/313
f 313/313/313 331/331/331 312/312/312
f 313/313/313 312/312/312 335/335/335
f 289/289/289 280/280/280 281/281/281
f 281/281/281 280/280/280 297/297/297
f 281/281/281 297/297/297 298/298/298
f 298/298/298 297/297/297 307/307/307
f 298/298/298 307/307/307 308/308/308
f 308/308/308 307/307/307 326/326/326
f 308/308/308 326/326/326 325/325/325
f 325/325/325 326/326/326 318/318/318
f 325/325/325 318/318/318 319/319/319
f 319/319/319 318/318/318 341/341/341
f 319/319/319 341/341/341 342/342/342
f 342/342/342 341/341/341 353/353/353
f 342/342/342 353/353/353 354/354/354
f 354/354/354 353/353/353 365/365/365
f 280/280/280 279/279/279 296/296/296
f 296/296/296 279/279/279 295/295/295
f 296/296/296 295/295/295 305/305/305
f 305/305/305 295/295/295 304/304/304
f 305/305/305 304/304/304 329/329/329
f 329/329/329 304/304/304 330/330/330
f 329/329/329 330/330/330 314/314/314
f 314/314/314 330/330/330 313/313/313
f 314/314/314 313/313/313 336/336/336
f 336/336/336 313/313/313 335/335/335
f 336/336/336 335/335/335 347/347/347
f 283/283/283 284/284/284 286/286/286
f 286/286/286 284/284/284 285/285/285
f 286/286/286 285/285/285 919/919/919
f 919/919/919 285/285/285 920/920/920
f 284/284/284 283/283/283 300/300/300
f 283/283/283 286/286/286 287/287/287
f 287/287/287 286/286/286 918/918/918
f 287/287/287 918/918/918 917/917/917
f 918/918/918 286/286/286 919/919/919
f 280/280/280 296/296/296 297/297/297
f 297/297/297 296/296/296 306/306/306
f 297/297/297 306/306/306 307/307/307
f 307/307/307 306/306/306 327/327/327
f 307/307/307 327/327/327 326/326/326
f 326/326/326 327/327/327 317/317/317
f 326/326/326 317/317/317 318/318/318
f 318/318/318 317/317/317 340/340/340
f 318/318/318 340/340/340 341/341/341
f 341/341/341 340/340/340 352/352/352
f 341/341/341 352/352/352 353/353/353
f 353/353/353 352/352/352 364/364/364
f 353/353/353 364/364/364 365/365/365
f 365/365/365 364/364/364 376/376/376
f 306/306/306 296/296/296 305/305/305
f 306/306/306 305/305/305 328/328/328
f 328/328/328 305/305/305 329/329/329
f 328/328/328 329/329/329 315/315/315
f 315/315/315 329/329/329 314/314/314
f 315/315/315 314/314/314 337/337/337
f 337/337/337 314/314/314 336/336/336
f 337/337/337 336/336/336 348/348/348
f 348/348/348 336/336/336 347/347/347
f 348/348/348 347/347/347 359/359/359
f 315/315/315 316/316/316 328/328/328
f 328/328/328 316/316/316 327/327/327
f 328/328/328 327/327/327 306/306/306
f 327/327/327 316/316/316 317/317/317
f 317/317/317 316/316/316 339/339/339
f 317/317/317 339/339/339 340/340/340
f 340/340/340 339/339/339 351/351/351
f 340/340/340 351/351/351 352/352/352
f 352/352/352 351/351/351 363/363/363
f 352/352/352 363/363/363 364/364/364
f 364/364/364 363/363/363 375/375/375
f 364/364/364 375/375/375 376/376/376
f 376/376/376 375/375/375 387/387/387
f 316/316/316 315/315/315 338/338/338
f 338/338/338 315/315/315 337/337/337
f 338/338/338 337/337/337 349/349/349
f 349/349/349 337/337/337 348/348/348
f 349/349/349 348/348/348 360/360/360
f 360/360/360 348/348/348 359/359/359
f 360/360/360 359/359/359 371/371/371
f 324/324/324 325/325/325 319/319/319
f 316/316/316 338/338/338 339/339/339
f 339/339/339 338/338/338 350/350/350
f 339/339/339 350/350/350 351/351/351
f 351/351/351 350/350/350 362/362/362
f 351/351/351 362/362/362 363/363/363
f 363/363/363 362/362/362 374/374/374
f 363/363/363 374/374/374 375/375/375
f 375/375/375 374/374/374 386/386/386
f 375/375/375 386/386/386 387/387/387
f 387/387/387 386/386/386 398/398/398
f 350/350/350 338/338/338 349/349/349
f 350/350/350 349/349/349 361/361/361
f 361/361/361 349/349/349 360/360/360
f 361/361/361 360/360/360 372/372/372
f 372/372/372 360/360/360 371/371/371
f 372/372/372 371/371/371 383/383/383
f 350/350/350 361/361/361 362/362/362
f 362/362/362 361/361/361 373/373/373
f 362/362/362 373/373/373 374/374/374
f 374/374/374 373/373/373 385/385/385
f 374/374/374 385/385/385 386/386/386
f 386/386/386 385/385/385 397/397/397
f 386/386/386 397/397/397 398/398/398
f 398/398/398 397/397/397 409/409/409
f 373/373/373 361/361/361 372/372/372
f 373/373/373 372/372/372 384/384/384
f 384/384/384 372/372/372 383/383/383
f 384/384/384 383/383/383 395/395/395
f 373/373/373 384/384/384 385/385/385
f 385/385/385 384/384/384 396/396/396
f 385/385/385 396/396/396 397/397/397
f 397/397/397 396/396/396 408/408/408
f 397/397/397 408/408/408 409/409/409
f 409/409/409 408/408/408 420/420/420
f 396/396/396 384/384/384 395/395/395
f 408/408/408 396/396/396 407/407/407
f 407/407/407 396/396/396 395/395/395
f 420/420/420 408/408/408 419/419/419
f 419/419/419 408/408/408 407/407/407
f 431/431/431 420/420/420 419/419/419
f 443/443/443 454/454/454 455/455/455
f 455/455/455 454/454/454 466/466/466
f 455/455/455 466/466/466 467/467/467
f 467/467/467 466/466/466 478/478/478
f 467/467/467 478/478/478 479/479/479
f 479/479/479 478/478/478 490/490/490
f 479/479/479 490/490/490 491/491/491
f 491/491/491 490/490/490 502/502/502
f 491/491/491 502/502/502 503/503/503
f 503/503/503 502/502/502 514/514/514
f 503/503/503 514/514/514 515/515/515
f 515/515/515 514/514/514 526/526/526
f 515/515/515 526/526/526 527/527/527
f 527/527/527 526/526/526 538/538/538
f 527/527/527 538/538/538 539/539/539
f 539/539/539 538/538/538 550/550/550
f 454/454/454 465/465/465 466/466/466
f 466/466/466 465/465/465 477/477/477
f 466/466/466 477/477/477 478/478/478
f 478/478/478 477/477/477 489/489/489
f 478/478/478 489/489/489 490/490/490
f 490/490/490 489/489/489 501/501/501
f 490/490/490 501/501/501 502/502/502
f 502/502/502 501/501/501 513/513/513
f 502/502/502 513/513/513 514/514/514
f 514/514/514 513/513/513 525/525/525
f 514/514/514 525/525/525 526/526/526
f 526/526/526 525/525/525 537/537/537
f 526/526/526 537/537/537 538/538/538
f 538/538/538 537/537/537 549/549/549
f 538/538/538 549/549/549 550/550/550
f 550/550/550 549/549/549 561/561/561
f 465/465/465 476/476/476 477/477/477
f 477/477/477 476/476/476 488/488/488
f 477/477/477 488/488/488 489/489/489
f 489/489/489 488/488/488 500/500/500
f 489/489/489 500/500/500 501/501/501
f 501/501/501 500/500/500 512/512/512
f 501/501/501 512/512/512 513/513/513
f 513/513/513 512/512/512 524/524/524
f 513/513/513 524/524/524 525/525/525
f 525/525/525 524/524/524 536/536/536
f 525/525/525 536/536/536 537/537/537
f 537/537/537 536/536/536 548/548/548
f 537/537/537 548/548/548 549/549/549
f 549/549/549 548/548/548 560/560/560
f 549/549/549 560/560/560 561/561/561
f 561/561/561 560/560/560 572/572/572
f 476/476/476 487/487/487 488/488/488
f 488/488/488 487/487/487 499/499/499
f 488/488/488 499/499/499 500/500/500
f 500/500/500 499/499/499 511/511/511
f 500/500/500 511/511/511 512/512/512
f 512/512/512 511/511/511 523/523/523
f 512/512/512 523/523/523 524/524/524
f 524/524/524 523/523/523 535/535/535
f 524/524/524 535/535/535 536/536/536
f 536/536/536 535/535/535 547/547/547
f 536/536/536 547/547/547 548/548/548
f 548/548/548 547/547/547 559/559/559
f 548/548/548 559/559/559 560/560/560
f 560/560/560 559/559/559 571/571/571
f 560/560/560 571/571/571 572/572/572
f 487/487/487 498/498/498 499/499/499
f 499/499/499 498/498/498 510/510/510
f 499/499/499 510/510/510 511/511/511
f 511/511/511 510/510/510 522/522/522
f 511/511/511 522/522/522 523/523/523
f 523/523/523 522/522/522 534/534/534
f 523/523/523 534/534/534 535/535/535
f 535/535/535 534/534/534 546/546/546
f 535/535/535 546/546/546 547/547/547
f 547/547/547 546/546/546 558/558/558
f 547/547/547 558/558/558 559/559/559
f 559/559/559 558/558/558 570/570/570
f 559/559/559 570/570/570 571/571/571
f 571/571/571 570/570/570 582/582/582
f 498/498/498 509/509/509 510/510/510
f 510/510/510 509/509/509 521/521/521
f 510/510/510 521/521/521 522/522/522
f 522/522/522 521/521/521 533/533/533
f 522/522/522 533/533/533 534/534/534
f 534/534/534 533/533/533 545/545/545
f 534/534/534 545/545/545 546/546/546
f 546/546/546 545/545/545 557/557/557
f 546/546/546 557/557/557 558/558/558
f 558/558/558 557/557/557 569/569/569
f 558/558/558 569/569/569 570/570/570
f 570/570/570 569/569/569 581/581/581
f 570/570/570 581/581/581 582/582/582
f 509/509/509 520/520/520 521/521/521
f 521/521/521 520/520/520 532/532/532
f 521/521/521 532/532/532 533/533/533
f 533/533/533 532/532/532 544/544/544
f 533/533/533 544/544/544 545/545/545
f 545/545/545 544/544/544 556/556/556
f 545/545/545 556/556/556 557/557/557
f 557/557/557 556/556/556 568/568/568
f 557/557/557 568/568/568 569/569/569
f 569/569/569 568/568/568 580/580/580
f 569/569/569 580/580/580 581/581/581
f 520/520/520 531/531/531 532/532/532
f 532/532/532 531/531/531 543/543/543
f 532/532/532 543/543/543 544/544/544
f 544/544/544 543/543/543 555/555/555
f 544/544/544 555/555/555 556/556/556
f 556/556/556 555/555/555 567/567/567
f 556/556/556 567/567/567 568/568/568
f 568/568/568 567/567/567 579/579/579
f 568/568/568 579/579/579 580/580/580
f 531/531/531 542/542/542 543/543/543
f 543/543/543 542/542/542 554/554/554
f 543/543/543 554/554/554 555/555/555
f 555/555/555 554/554/554 566/566/566
f 555/555/555 566/566/566 567/567/567
f 567/567/567 566/566/566 578/578/578
f 567/567/567 578/578/578 579/579/579
f 563/563/563 551/551/551 562/562/562
f 542/542/542 553/553/553 554/554/554
f 554/554/554 553/553/553 565/565/565
f 554/554/554 565/565/565 566/566/566
f 566/566/566 565/565/565 577/577/577
f 566/566/566 577/577/577 578/578/578
f 574/574/574 563/563/563 562/562/562
f 574/574/574 562/562/562 573/573/573
f 585/585/585 574/574/574 573/573/573
f 922/922/922 585/585/585 584/584/584
f 584/584/584 585/585/585 573/573/573
f 263/263/263 606/606/606 607/607/607
f 607/607/607 606/606/606 615/615/615
f 607/607/607 615/615/615 616/616/616
f 616/616/616 615/615/615 625/625/625
f 616/616/616 625/625/625 626/626/626
f 626/626/626 625/625/625 644/644/644
f 626/626/626 644/644/644 643/643/643
f 643/643/643 644/644/644 636/636/636
f 643/643/643 636/636/636 637/637/637
f 637/637/637 636/636/636 658/658/658
f 637/637/637 658/658/658 659/659/659
f 659/659/659 658/658/658 669/669/669
f 659/659/659 669/669/669 670/670/670
f 670/670/670 669/669/669 680/680/680
f 670/670/670 680/680/680 681/681/681
f 681/681/681 680/680/680 691/691/691
f 681/681/681 691/691/691 692/692/692
f 692/692/692 691/691/691 702/702/702
f 692/692/692 702/702/702 703/703/703
f 703/703/703 702/702/702 713/713/713
f 703/703/703 713/713/713 714/714/714
f 714/714/714 713/713/713 724/724/724
f 714/714/714 724/724/724 725/725/725
f 725/725/725 724/724/724 735/735/735
f 725/725/725 735/735/735 736/736/736
f 736/736/736 735/735/735 746/746/746
f 736/736/736 746/746/746 747/747/747
f 747/747/747 746/746/746 757/757/757
f 747/747/747 757/757/757 758/758/758
f 758/758/758 757/757/757 768/768/768
f 758/758/758 768/768/768 769/769/769
f 769/769/769 768/768/768 779/779/779
f 769/769/769 779/779/779 780/780/780
f 780/780/780 779/779/779 790/790/790
f 780/780/780 790/790/790 791/791/791
f 791/791/791 790/790/790 801/801/801
f 791/791/791 801/801/801 802/802/802
f 802/802/802 801/801/801 812/812/812
f 802/802/802 812/812/812 813/813/813
f 813/813/813 812/812/812 823/823/823
f 813/813/813 823/823/823 824/824/824
f 824/824/824 823/823/823 834/834/834
f 824/824/824 834/834/834 835/835/835
f 835/835/835 834/834/834 845/845/845
f 835/835/835 845/845/845 846/846/846
f 846/846/846 845/845/845 856/856/856
f 846/846/846 856/856/856 857/857/857
f 857/857/857 856/856/856 867/867/867
f 857/857/857 867/867/867 868/868/868
f 868/868/868 867/867/867 878/878/878
f 868/868/868 878/878/878 879/879/879
f 879/879/879 878/878/878 889/889/889
f 879/879/879 889/889/889 890/890/890
f 615/615/615 606/606/606 614/614/614
f 615/615/615 614/614/614 624/624/624
f 624/624/624 614/614/614 623/623/623
f 624/624/624 623/623/623 646/646/646
f 646/646/646 623/623/623 647/647/647
f 646/646/646 647/647/647 633/633/633
f 633/633/633 647/647/647 632/632/632
f 633/633/633 632/632/632 654/654/654
f 654/654/654 632/632/632 653/653/653
f 654/654/654 653/653/653 664/664/664
f 615/615/615 624/624/624 625/625/625
f 625/625/625 624/624/624 645/645/645
f 625/625/625 645/645/645 644/644/644
f 644/644/644 645/645/645 635/635/635
f 644/644/644 635/635/635 636/636/636
f 636/636/636 635/635/635 657/657/657
f 636/636/636 657/657/657 658/658/658
f 658/658/658 657/657/657 668/668/668
f 658/658/658 668/668/668 669/669/669
f 669/669/669 668/668/668 679/679/679
f 669/669/669 679/679/679 680/680/680
f 680/680/680 679/679/679 690/690/690
f 680/680/680 690/690/690 691/691/691
f 691/691/691 690/690/690 701/701/701
f 691/691/691 701/701/701 702/702/702
f 702/702/702 701/701/701 712/712/712
f 702/702/702 712/712/712 713/713/713
f 713/713/713 712/712/712 723/723/723
f 713/713/713 723/723/723 724/724/724
f 724/724/724 723/723/723 734/734/734
f 724/724/724 734/734/734 735/735/735
f 735/735/735 734/734/734 745/745/745
f 735/735/735 745/745/745 746/746/746
f 746/746/746 745/745/745 756/756/756
f 746/746/746 756/756/756 757/757/757
f 757/757/757 756/756/756 767/767/767
f 757/757/757 767/767/767 768/768/768
f 768/768/768 767/767/767 778/778/778
f 768/768/768 778/778/778 779/779/779
f 779/779/779 778/778/778 789/789/789
f 779/779/779 789/789/789 790/790/790
f 790/790/790 789/789/789 800/800/800
f 790/790/790 800/800/800 801/801/801
f 801/801/801 800/800/800 811/811/811
f 801/801/801 811/811/811 812/812/812
f 812/812/812 811/811/811 822/822/822
f 812/812/812 822/822/822 823/823/823
f 823/823/823 822/822/822 833/833/833
f 823/823/823 833/833/833 834/834/834
f 834/834/834 833/833/833 844/844/844
f 834/834/834 844/844/844 845/845/845
f 845/845/845 844/844/844 855/855/855
f 845/845/845 855/855/855 856/856/856
f 856/856/856 855/855/855 866/866/866
f 856/856/856 866/866/866 867/867/867
f 867/867/867 866/866/866 877/877/877
f 867/867/867 877/877/877 878/878/878
f 878/878/878 877/877/877 888/888/888
f 878/878/878 888/888/888 889/889/889
f 889/889/889 888/888/888 899/899/899
f 645/645/645 624/624/624 646/646/646
f 645/645/645 646/646/646 634/634/634
f 634/634/634 646/646/646 633/633/633
f 634/634/634 633/633/633 655/655/655
f 655/655/655 633/633/633 654/654/654
f 655/655/655 654/654/654 665/665/665
f 665/665/665 654/654/654 664/664/664
f 665/665/665 664/664/664 675/675/675
f 645/645/645 634/634/634 635/635/635
f 635/635/635 634/634/634 656/656/656
f 635/635/635 656/656/656 657/657/657
f 657/657/657 656/656/656 667/667/667
f 657/657/657 667/667/667 668/668/668
f 668/668/668 667/667/667 678/678/678
f 668/668/668 678/678/678 679/679/679
f 679/679/679 678/678/678 689/689/689
f 679/679/679 689/689/689 690/690/690
f 690/690/690 689/689/689 700/700/700
f 690/690/690 700/700/700 701/701/701
f 701/701/701 700/700/700 711/711/711
f 701/701/701 711/711/711 712/712/712
f 712/712/712 711/711/711 722/722/722
f 712/712/712 722/722/722 723/723/723
f 723/723/723 722/722/722 733/733/733
f 723/723/723 733/733/733 734/734/734
f 734/734/734 733/733/733 744/744/744
f 734/734/734 744/744/744 745/745/745
f 745/745/745 744/744/744 755/755/755
f 745/745/745 755/755/755 756/756/756
f 756/756/756 755/755/755 766/766/766
f 756/756/756 766/766/766 767/767/767
f 767/767/767 766/766/766 777/777/777
f 767/767/767 777/777/777 778/778/778
f 778/778/778 777/777/777 788/788/788
f 778/778/778 788/788/788 789/789/789
f 789/789/789 788/788/788 799/799/799
f 789/789/789 799/799/799 800/800/800
f 800/800/800 799/799/799 810/810/810
f 800/800/800 810/810/810 811/811/811
f 811/811/811 810/810/810 821/821/821
f 811/811/811 821/821/821 822/822/822
f 822/822/822 821/821/821 832/832/832
f 822/822/822 832/832/832 833/833/833
f 833/833/833 832/832/832 843/843/843
f 833/833/833 843/843/843 844/844/844
f 844/844/844 843/843/843 854/854/854
f 844/844/844 854/854/854 855/855/855
f 855/855/855 854/854/854 865/865/865
f 855/855/855 865/865/865 866/866/866
f 866/866/866 865/865/865 876/876/876
f 866/866/866 876/876/876 877/877/877
f 877/877/877 876/876/876 887/887/887
f 877/877/877 887/887/887 888/888/888
f 888/888/888 887/887/887 898/898/898
f 888/888/888 898/898/898 899/899/899
f 899/899/899 898/898/898 910/910/910
f 656/656/656 634/634/634 655/655/655
f 642/642/642 643/643/643 637/637/637
f 656/656/656 655/655/655 666/666/666
f 666/666/666 655/655/655 665/665/665
f 666/666/666 665/665/665 676/676/676
f 676/676/676 665/665/665 675/675/675
f 676/676/676 675/675/675 686/686/686
f 656/656/656 666/666/666 667/667/667
f 667/667/667 666/666/666 677/677/677
f 667/667/667 677/677/677 678/678/678
f 678/678/678 677/677/677 688/688/688
f 678/678/678 688/688/688 689/689/689
f 689/689/689 688/688/688 699/699/699
f 689/689/689 699/699/699 700/700/700
f 700/700/700 699/699/699 710/710/710
f 700/700/700 710/710/710 711/711/711
f 711/711/711 710/710/710 721/721/721
f 711/711/711 721/721/721 722/722/722
f 722/722/722 721/721/721 732/732/732
f 722/722/722 732/732/732 733/733/733
f 733/733/733 732/732/732 743/743/743
f 733/733/733 743/743/743 744/744/744
f 744/744/744 743/743/743 754/754/754
f 744/744/744 754/754/754 755/755/755
f 755/755/755 754/754/754 765/765/765
f 755/755/755 765/765/765 766/766/766
f 766/766/766 765/765/765 776/776/776
f 766/766/766 776/776/776 777/777/777
f 777/777/777 776/776/776 787/787/787
f 777/777/777 787/787/787 788/788/788
f 788/788/788 787/787/787 798/798/798
f 788/788/788 798/798/798 799/799/799
f 799/799/799 798/798/798 809/809/809
f 799/799/799 809/809/809 810/810/810
f 810/810/810 809/809/809 820/820/820
f 810/810/810 820/820/820 821/821/821
f 821/821/821 820/820/820 831/831/831
f 821/821/821 831/831/831 832/832/832
f 832/832/832 831/831/831 842/842/842
f 832/832/832 842/842/842 843/843/843
f 843/843/843 842/842/842 853/853/853
f 843/843/843 853/853/853 854/854/854
f 854/854/854 853/853/853 864/864/864
f 854/854/854 864/864/864 865/865/865
f 865/865/865 864/864/864 875/875/875
f 865/865/865 875/875/875 876/876/876
f 876/876/876 875/875/875 886/886/886
f 876/876/876 886/886/886 887/887/887
f 887/887/887 886/886/886 897/897/897
f 887/887/887 897/897/897 898/898/898
f 898/898/898 897/897/897 909/909/909
f 898/898/898 909/909/909 910/910/910
f 677/677/677 666/666/666 676/676/676
f 677/677/677 676/676/676 687/687/687
f 687/687/687 676/676/676 686/686/686
f 687/687/687 686/686/686 697/697/697
f 677/677/677 687/687/687 688/688/688
f 688/688/688 687/687/687 698/698/698
f 688/688/688 698/698/698 699/699/699
f 699/699/699 698/698/698 709/709/709
f 699/699/699 709/709/709 710/710/710
f 710/710/710 709/709/709 720/720/720
f 710/710/710 720/720/720 721/721/721
f 721/721/721 720/720/720 731/731/731
f 721/721/721 731/731/731 732/732/732
f 732/732/732 731/731/731 742/742/742
f 732/732/732 742/742/742 743/743/743
f 743/743/743 742/742/742 753/753/753
f 743/743/743 753/753/753 754/754/754
f 754/754/754 753/753/753 764/764/764
f 754/754/754 764/764/764 765/765/765
f 765/765/765 764/764/764 775/775/775
f 765/765/765 775/775/775 776/776/776
f 776/776/776 775/775/775 786/786/786
f 776/776/776 786/786/786 787/787/787
f 787/787/787 786/786/786 797/797/797
f 787/787/787 797/797/797 798/798/798
f 798/798/798 797/797/797 808/808/808
f 798/798/798 808/808/808 809/809/809
f 809/809/809 808/808/808 819/819/819
f 809/809/809 819/819/819 820/820/820
f 820/820/820 819/819/819 830/830/830
f 820/820/820 830/830/830 831/831/831
f 831/831/831 830/830/830 841/841/841
f 831/831/831 841/841/841 842/842/842
f 842/842/842 841/841/841 852/852/852
f 842/842/842 852/852/852 853/853/853
f 853/853/853 852/852/852 863/863/863
f 853/853/853 863/863/863 864/864/864
f 864/864/864 863/863/863 874/874/874
f 864/864/864 874/874/874 875/875/875
f 875/875/875 874/874/874 885/885/885
f 875/875/875 885/885/885 886/886/886
f 886/886/886 885/885/885 896/896/896
f 886/886/886 896/896/896 897/897/897
f 897/897/897 896/896/896 908/908/908
f 897/897/897 908/908/908 909/909/909
f 698/698/698 687/687/687 697/697/697
f 709/709/709 698/698/698 708/708/708
f 708/708/708 698/698/698 697/697/697
f 720/720/720 709/709/709 719/719/719
f 719/719/719 709/709/709 708/708/708
f 731/731/731 720/720/720 730/730/730
f 730/730/730 720/720/720 719/719/719
f 742/742/742 731/731/731 741/741/741
f 741/741/741 731/731/731 730/730/730
f 753/753/753 742/742/742 752/752/752
f 752/752/752 742/742/742 741/741/741
f 764/764/764 753/753/753 763/763/763
f 763/763/763 753/753/753 752/752/752
f 775/775/775 764/764/764 774/774/774
f 774/774/774 764/764/764 763/763/763
f 786/786/786 775/775/775 785/785/785
f 785/785/785 775/775/775 774/774/774
f 797/797/797 786/786/786 796/796/796
f 796/796/796 786/786/786 785/785/785
f 808/808/808 797/797/797 807/807/807
f 807/807/807 797/797/797 796/796/796
f 819/819/819 808/808/808 818/818/818
f 818/818/818 808/808/808 807/807/807
f 830/830/830 819/819/819 829/829/829
f 829/829/829 819/819/819 818/818/818
f 841/841/841 830/830/830 840/840/840
f 840/840/840 830/830/830 829/829/829
f 852/852/852 841/841/841 851/851/851
f 851/851/851 841/841/841 840/840/840
f 863/863/863 852/852/852 862/862/862
f 862/862/862 852/852/852 851/851/851
f 874/874/874 863/863/863 873/873/873
f 873/873/873 863/863/863 862/862/862
f 885/885/885 874/874/874 884/884/884
f 884/884/884 874/874/874 873/873/873
f 896/896/896 885/885/885 895/895/895
f 895/895/895 885/885/885 884/884/884
f 908/908/908 896/896/896 907/907/907
f 907/907/907 896/896/896 895/895/895
f 924/924/924 922/922/922 921/921/921
f 921/921/921 922/922/922 584/584/584
f 923/923/923 924/924/924 921/921/921
f 936/936/936 934/934/934 933/933/933
f 938/938/938 936/936/936 935/935/935
f 935/935/935 936/936/936 933/933/933

