# WaveFront *.obj file (generated by Autodesk ATF)

mtllib asta.mtl

g Corpo20

v -80.084000 114.964212 81.000001
v -80.084000 114.926061 80.272043
v -80.084000 114.812027 79.552061
v -80.084000 114.623359 78.847942
v -80.084000 114.362124 78.167402
v -80.084000 114.031184 77.517896
v -80.084000 113.634166 76.906541
v -80.084000 113.175418 76.340035
v -80.084000 112.659968 75.824585
v -80.084000 112.093462 75.365837
v -80.084000 111.482107 74.968818
v -80.084000 110.832601 74.637879
v -80.084000 110.152061 74.376644
v -80.084000 109.447942 74.187976
v -80.084000 108.727960 74.073942
v -80.084000 108.000002 74.035791
v -80.084000 107.272043 74.073942
v -80.084000 106.552061 74.187976
v -80.084000 105.847942 74.376644
v -80.084000 105.167402 74.637879
v -80.084000 104.517897 74.968818
v -80.084000 103.906542 75.365837
v -80.084000 103.340036 75.824585
v -80.084000 102.824585 76.340035
v -80.084000 102.365837 76.906541
v -80.084000 101.968819 77.517896
v -80.084000 101.637879 78.167402
v -80.084000 101.376644 78.847942
v -80.084000 101.187976 79.552061
v -80.084000 101.073942 80.272043
v -80.084000 101.035792 81.000001
v -80.084000 101.073942 81.727959
v -80.084000 101.187976 82.447942
v -80.084000 101.376644 83.152060
v -80.084000 101.637879 83.832601
v -80.084000 101.968819 84.482106
v -80.084000 102.365837 85.093461
v -80.084000 102.824585 85.659967
v -80.084000 103.340036 86.175418
v -80.084000 103.906542 86.634165
v -80.084000 104.517897 87.031184
v -80.084000 105.167402 87.362124
v -80.084000 105.847942 87.623359
v -80.084000 106.552061 87.812027
v -80.084000 107.272043 87.926061
v -80.084000 108.000002 87.964211
v -80.084000 108.727960 87.926061
v -80.084000 109.447942 87.812027
v -80.084000 110.152061 87.623359
v -80.084000 110.832601 87.362124
v -80.084000 111.482107 87.031184
v -80.084000 112.093462 86.634165
v -80.084000 112.659968 86.175418
v -80.084000 113.175418 85.659967
v -80.084000 113.634166 85.093461
v -80.084000 114.031184 84.482106
v -80.084000 114.362124 83.832601
v -80.084000 114.623359 83.152060
v -80.084000 114.812027 82.447942
v -80.084000 114.926061 81.727959
v 115.000000 113.557503 82.500001
v 115.000000 113.518496 83.157305
v 115.000000 113.402021 83.805381
v 115.000000 113.209713 84.435133
v 115.000000 112.944272 85.037720
v 115.000000 112.609425 85.604683
v 115.000000 112.209871 86.128062
v 115.000000 111.751220 86.600512
v 115.000000 111.239910 87.015400
v 115.000000 110.683119 87.366901
v 115.000000 110.088663 87.650082
v 115.000000 109.464887 87.860967
v 115.000000 108.820546 87.996595
v 115.000000 108.164687 88.055064
v 115.000000 107.506517 88.035552
v 115.000000 106.855273 87.938332
v 115.000000 106.220099 87.764771
v 115.000000 105.609911 87.517303
v 115.000000 105.033275 87.199404
v 115.000000 104.498285 86.815535
v 115.000000 104.012451 86.371086
v 115.000000 103.582594 85.872295
v 115.000000 103.214747 85.326165
v 115.000000 102.914075 84.740361
v 115.000000 102.684798 84.123108
v 115.000000 102.530135 83.483070
v 115.000000 102.452257 82.829231
v 115.000000 102.452257 82.170771
v 115.000000 102.530135 81.516933
v 115.000000 102.684798 80.876895
v 115.000000 102.914075 80.259641
v 115.000000 103.214747 79.673838
v 115.000000 103.582594 79.127707
v 115.000000 104.012451 78.628916
v 115.000000 104.498285 78.184467
v 115.000000 105.033275 77.800598
v 115.000000 105.609911 77.482699
v 115.000000 106.220099 77.235232
v 115.000000 106.855273 77.061670
v 115.000000 107.506517 76.964451
v 115.000000 108.164687 76.944938
v 115.000000 108.820546 77.003407
v 115.000000 109.464887 77.139036
v 115.000000 110.088663 77.349921
v 115.000000 110.683119 77.633101
v 115.000000 111.239910 77.984603
v 115.000000 111.751220 78.399490
v 115.000000 112.209871 78.871940
v 115.000000 112.609425 79.395320
v 115.000000 112.944272 79.962283
v 115.000000 113.209713 80.564869
v 115.000000 113.402021 81.194621
v 115.000000 113.518496 81.842698
v 100.024288 113.634423 82.977350
v 100.028840 113.665457 82.385208
v 85.014975 113.773719 82.269773
v 70.001109 113.881981 82.154337
v 54.987244 113.990242 82.038902
v 39.973379 114.098504 81.923466
v 24.959513 114.206766 81.808031
v 9.945648 114.315027 81.692596
v -5.068218 114.423289 81.577160
v -20.082083 114.531551 81.461725
v -35.095949 114.639813 81.346289
v -50.109814 114.748074 81.230854
v -65.123679 114.856336 81.115418
v 99.996471 111.790939 86.595201
v 99.987415 106.249265 87.773049
v 100.007062 103.093557 85.217740
v 100.050619 103.093584 79.552618
v 100.070265 106.249290 76.997347
v 100.061209 111.790923 78.175189
v 100.033393 113.634419 81.793017
v 85.019615 113.742085 81.666241
v 70.005837 113.849751 81.539463
v 54.992059 113.957417 81.412685
v 39.978281 114.065083 81.285906
v 24.964502 114.172748 81.159126
v 9.950724 114.280414 81.032345
v -5.063054 114.388079 80.905562
v -20.076832 114.495745 80.778779
v -35.090610 114.603410 80.651996
v -50.104389 114.711075 80.525211
v -65.118167 114.818740 80.398425
v 100.037896 113.541650 81.207339
v 85.024204 113.647540 81.069372
v 70.010512 113.753431 80.931404
v 54.996820 113.859321 80.793434
v 39.983128 113.965212 80.655464
v 24.969436 114.071102 80.517493
v 9.955743 114.176991 80.379521
v -5.057949 114.282881 80.241548
v -20.071641 114.388770 80.103575
v -35.085333 114.494660 79.965600
v -50.099025 114.600549 79.827625
v -65.112717 114.706437 79.689648
v 100.042300 113.388165 80.634567
v 85.028692 113.491120 80.485655
v 70.015084 113.594075 80.336743
v 55.001476 113.697030 80.187830
v 39.987868 113.799985 80.038916
v 24.974260 113.902940 79.890002
v 9.960652 114.005894 79.741086
v -5.052956 114.108847 79.592170
v -20.066564 114.211801 79.443253
v -35.080172 114.314754 79.294334
v -50.093780 114.417707 79.145415
v -65.107388 114.520660 78.996496
v 100.046557 113.175646 80.080974
v 85.033030 113.274539 79.921486
v 70.019503 113.373431 79.761997
v 55.005976 113.472323 79.602507
v 39.992450 113.571214 79.443017
v 24.978923 113.670105 79.283526
v 9.965396 113.768996 79.124034
v -5.048130 113.867886 78.964541
v -20.061657 113.966776 78.805047
v -35.075184 114.065666 78.645552
v -50.088710 114.164556 78.486057
v -65.102237 114.263445 78.326561
v 100.050619 112.906422 79.552628
v 85.037170 113.000169 79.383046
v 70.023721 113.093915 79.213463
v 55.010272 113.187660 79.043879
v 39.996822 113.281405 78.874294
v 24.983373 113.375150 78.704709
v 9.969924 113.468894 78.535124
v -5.043525 113.562638 78.365537
v -20.056974 113.656382 78.195950
v -35.070423 113.750125 78.026362
v -50.083872 113.843867 77.856773
v -65.097321 113.937610 77.687184
v 100.054443 112.583443 79.055316
v 85.041066 112.671016 78.876233
v 70.027690 112.758589 78.697149
v 55.014314 112.846162 78.518065
v 40.000938 112.933734 78.338980
v 24.987562 113.021306 78.159894
v 9.974186 113.108877 77.980808
v -5.039190 113.196448 77.801721
v -20.052566 113.284018 77.622634
v -35.065942 113.371588 77.443546
v -50.079318 113.459157 77.264457
v -65.092694 113.546726 77.085368
v 100.057986 112.210247 78.594486
v 85.044677 112.290688 78.406600
v 70.031369 112.371129 78.218713
v 55.018061 112.451570 78.030825
v 40.004752 112.532010 77.842937
v 24.991444 112.612450 77.655048
v 9.978135 112.692889 77.467159
v -5.035173 112.773327 77.279270
v -20.048481 112.853765 77.091379
v -35.061790 112.934203 76.903489
v -50.075098 113.014640 76.715597
v -65.088406 113.095077 76.527706
v 85.047963 111.863352 77.979293
v 70.034716 111.935780 77.783396
v 55.021469 112.008207 77.587499
v 40.008222 112.080634 77.391601
v 24.994975 112.153061 77.195703
v 9.981729 112.225487 76.999805
v -5.031518 112.297913 76.803906
v -20.044765 112.370338 76.608007
v -35.058012 112.442763 76.412107
v -50.071258 112.515187 76.216207
v -65.084505 112.587611 76.020306
v -65.081033 112.029887 75.568727
v -50.067841 111.966270 75.771755
v -35.054649 111.902651 75.974783
v -20.041457 111.839032 76.177810
v -5.028265 111.775413 76.380837
v 9.984927 111.711793 76.583864
v 24.998119 111.648173 76.786890
v 40.011311 111.584552 76.989916
v 55.024503 111.520931 77.192942
v 70.037695 111.457310 77.395967
v 85.050887 111.393688 77.598992
v 100.064079 111.330065 77.802017
v 100.066562 110.832723 77.479059
v 85.053417 110.886843 77.269865
v 70.040273 110.940962 77.060671
v 55.027128 110.995081 76.851477
v 40.013983 111.049200 76.642283
v 25.000839 111.103318 76.433088
v 9.987694 111.157435 76.223893
v -5.025450 111.211553 76.014698
v -20.038595 111.265669 75.805503
v -35.051739 111.319786 75.596307
v -50.064884 111.373902 75.387111
v -65.078028 111.428017 75.177915
v 100.068631 110.304345 77.209854
v 85.055526 110.348370 76.995518
v 70.042421 110.392394 76.781182
v 55.029316 110.436417 76.566846
v 40.016211 110.480441 76.352509
v 25.003106 110.524464 76.138173
v 9.990001 110.568486 75.923836
v -5.023104 110.612509 75.709499
v -20.036209 110.656531 75.495162
v -35.049314 110.700552 75.280825
v -50.062419 110.744573 75.066488
v -65.075524 110.788594 74.852150
v 100.070265 109.750721 76.997350
v 85.057192 109.784168 76.778955
v 70.044118 109.817615 76.560560
v 55.031044 109.851061 76.342165
v 40.017970 109.884507 76.123770
v 25.004896 109.917953 75.905375
v 9.991822 109.951399 75.686980
v -5.021251 109.984844 75.468584
v -20.034325 110.018289 75.250189
v -35.047399 110.051734 75.031793
v -50.060473 110.085179 74.813397
v -65.073547 110.118623 74.595002
v 100.071445 109.177915 76.843877
v 85.058394 109.200419 76.622550
v 70.045343 109.222922 76.401224
v 55.032292 109.245425 76.179898
v 40.019240 109.267928 75.958571
v 25.006189 109.290431 75.737245
v 9.993138 109.312933 75.515918
v -5.019914 109.335436 75.294592
v -20.032965 109.357938 75.073265
v -35.046016 109.380440 74.851939
v -50.059067 109.402941 74.630612
v -65.072119 109.425443 74.409285
v 100.072159 108.592205 76.751114
v 85.059121 108.603518 76.528016
v 70.046083 108.614832 76.304918
v 55.033046 108.626145 76.081820
v 40.020008 108.637458 75.858722
v 25.006970 108.648771 75.635624
v 9.993933 108.660084 75.412526
v -5.019105 108.671397 75.189428
v -20.032143 108.682710 74.966330
v -35.045180 108.694023 74.743232
v -50.058218 108.705335 74.520134
v -65.071256 108.716648 74.297036
v 100.072397 108.000006 76.720080
v 85.059364 108.000005 76.496389
v 70.046331 108.000005 76.272698
v 55.033298 108.000005 76.049008
v 40.020265 108.000005 75.825317
v 25.007232 108.000004 75.601626
v 9.994199 108.000004 75.377936
v -5.018835 108.000004 75.154245
v -20.031868 108.000003 74.930554
v -35.044901 108.000003 74.706863
v -50.057934 108.000002 74.483173
v -65.070967 108.000002 74.259482
v 100.072159 107.407807 76.751113
v 85.059121 107.396493 76.528015
v 70.046083 107.385179 76.304917
v 55.033046 107.373865 76.081819
v 40.020008 107.362551 75.858721
v 25.006970 107.351237 75.635623
v 9.993933 107.339924 75.412525
v -5.019105 107.328610 75.189428
v -20.032143 107.317296 74.966330
v -35.045180 107.305983 74.743232
v -50.058218 107.294670 74.520134
v -65.071256 107.283356 74.297036
v 100.071445 106.822096 76.843874
v 85.058394 106.799592 76.622548
v 70.045343 106.777088 76.401222
v 55.032292 106.754584 76.179896
v 40.019240 106.732081 75.958570
v 25.006189 106.709578 75.737243
v 9.993138 106.687074 75.515917
v -5.019914 106.664571 75.294591
v -20.032965 106.642069 75.073264
v -35.046016 106.619566 74.851938
v -50.059067 106.597064 74.630612
v -65.072119 106.574561 74.409285
v 100.068631 105.695665 77.209849
v 85.055526 105.651640 76.995514
v 70.042421 105.607616 76.781178
v 55.029316 105.563592 76.566842
v 40.016211 105.519568 76.352506
v 25.003106 105.475544 76.138170
v 9.990001 105.431521 75.923834
v -5.023104 105.387498 75.709497
v -20.036209 105.343476 75.495161
v -35.049314 105.299453 75.280824
v -50.062419 105.255431 75.066487
v -65.075524 105.211410 74.852150
v -65.073547 105.881381 74.595001
v -50.060473 105.914826 74.813397
v -35.047399 105.948271 75.031792
v -20.034325 105.981717 75.250187
v -5.021251 106.015163 75.468583
v 9.991822 106.048609 75.686978
v 25.004896 106.082055 75.905373
v 40.017970 106.115501 76.123768
v 55.031044 106.148948 76.342163
v 70.044118 106.182395 76.560557
v 85.057192 106.215842 76.778952
v 100.066562 105.167287 77.479054
v 85.053417 105.113167 77.269860
v 70.040273 105.059047 77.060667
v 55.027128 105.004928 76.851473
v 40.013983 104.950809 76.642279
v 25.000839 104.896690 76.433084
v 9.987694 104.842572 76.223890
v -5.025450 104.788454 76.014695
v -20.038595 104.734337 75.805500
v -35.051739 104.680220 75.596305
v -50.064884 104.626103 75.387110
v -65.078028 104.571987 75.177914
v 100.064079 104.669944 77.802010
v 85.050887 104.606321 77.598986
v 70.037695 104.542699 77.395961
v 55.024503 104.479077 77.192937
v 40.011311 104.415455 76.989911
v 24.998119 104.351834 76.786886
v 9.984927 104.288214 76.583860
v -5.028265 104.224593 76.380834
v -20.041457 104.160973 76.177808
v -35.054649 104.097354 75.974781
v -50.067841 104.033735 75.771754
v -65.081033 103.970116 75.568726
v 100.061209 104.209086 78.175181
v 85.047963 104.136657 77.979286
v 70.034716 104.064228 77.783389
v 55.021469 103.991800 77.587493
v 40.008222 103.919373 77.391596
v 24.994975 103.846946 77.195698
v 9.981729 103.774519 76.999800
v -5.031518 103.702093 76.803902
v -20.044765 103.629667 76.608004
v -35.058012 103.557242 76.412105
v -50.071258 103.484817 76.216205
v -65.084505 103.412393 76.020305
v 100.057986 103.789761 78.594478
v 85.044677 103.709319 78.406592
v 70.031369 103.628878 78.218706
v 55.018060 103.548437 78.030819
v 40.004752 103.467997 77.842931
v 24.991444 103.387557 77.655043
v 9.978135 103.307117 77.467155
v -5.035173 103.226678 77.279266
v -20.048481 103.146240 77.091376
v -35.061790 103.065802 76.903486
v -50.075098 102.985364 76.715596
v -65.088406 102.904927 76.527705
v 100.054442 103.416564 79.055307
v 85.041066 103.328990 78.876224
v 70.027690 103.241417 78.697141
v 55.014314 103.153844 78.518057
v 40.000938 103.066272 78.338973
v 24.987562 102.978700 78.159888
v 9.974186 102.891128 77.980803
v -5.039190 102.803557 77.801717
v -20.052566 102.715987 77.622630
v -35.065942 102.628417 77.443543
v -50.079318 102.540847 77.264455
v -65.092694 102.453278 77.085367
v 85.037170 102.999837 79.383036
v 70.023721 102.906091 79.213454
v 55.010272 102.812345 79.043871
v 39.996822 102.718600 78.874287
v 24.983373 102.624855 78.704703
v 9.969924 102.531111 78.535118
v -5.043525 102.437366 78.365532
v -20.056974 102.343623 78.195946
v -35.070423 102.249879 78.026359
v -50.083872 102.156136 77.856771
v -65.097321 102.062394 77.687183
v 100.042300 102.611839 80.634556
v 85.028692 102.508884 80.485645
v 70.015084 102.405928 80.336734
v 55.001476 102.302973 80.187822
v 39.987868 102.200019 80.038909
v 24.974260 102.097064 79.889995
v 9.960652 101.994110 79.741080
v -5.052956 101.891156 79.592165
v -20.066564 101.788202 79.443248
v -35.080172 101.685249 79.294331
v -50.093780 101.582296 79.145413
v -65.107388 101.479343 78.996495
v -65.102237 101.736559 78.326560
v -50.088710 101.835448 78.486055
v -35.075184 101.934338 78.645549
v -20.061657 102.033228 78.805043
v -5.048130 102.132118 78.964536
v 9.965396 102.231008 79.124028
v 24.978923 102.329899 79.283519
v 39.992450 102.428790 79.443010
v 55.005976 102.527682 79.602499
v 70.019503 102.626574 79.761988
v 85.033030 102.725466 79.921477
v 100.046557 102.824359 80.080964
v 100.037896 102.458353 81.207328
v 85.024204 102.352462 81.069362
v 70.010512 102.246572 80.931394
v 54.996820 102.140681 80.793426
v 39.983128 102.034791 80.655456
v 24.969436 101.928901 80.517486
v 9.955743 101.823012 80.379515
v -5.057949 101.717122 80.241543
v -20.071641 101.611233 80.103571
v -35.085333 101.505344 79.965597
v -50.099025 101.399455 79.827622
v -65.112717 101.293566 79.689647
v 100.033393 102.365582 81.793006
v 85.019615 102.257916 81.666230
v 70.005837 102.150251 81.539454
v 54.992059 102.042585 81.412676
v 39.978281 101.934919 81.285898
v 24.964502 101.827254 81.159119
v 9.950724 101.719589 81.032338
v -5.063054 101.611923 80.905557
v -20.076832 101.504258 80.778775
v -35.090610 101.396593 80.651992
v -50.104389 101.288928 80.525208
v -65.118167 101.181263 80.398424
v 100.028840 102.334543 82.385172
v 85.014975 102.226282 82.269712
v 70.001110 102.118020 82.154251
v 54.987245 102.009759 82.038789
v 39.973380 101.901497 81.923326
v 24.959514 101.793236 81.807862
v 9.945649 101.684974 81.692397
v -5.068216 101.576713 81.576932
v -20.082081 101.468451 81.461465
v -35.095946 101.360190 81.345997
v -50.109812 101.251928 81.230529
v -65.123677 101.143667 81.115060
v 100.024288 102.365576 82.977339
v 85.010335 102.257905 82.873195
v 69.996383 102.150234 82.769050
v 54.982431 102.042563 82.664904
v 39.968479 101.934891 82.560757
v 24.954526 101.827220 82.456609
v 9.940574 101.719549 82.352460
v -5.073378 101.611877 82.248311
v -20.087330 101.504206 82.144160
v -35.101282 101.396534 82.040009
v -50.115235 101.288862 81.935856
v -65.129187 101.181190 81.831703
v 100.019785 102.458341 83.563019
v 85.005746 102.352440 83.470067
v 69.991708 102.246539 83.377114
v 54.977670 102.140638 83.284161
v 39.963631 102.034737 83.191207
v 24.949593 101.928835 83.098252
v 9.935555 101.822934 83.005296
v -5.078483 101.717032 82.912339
v -20.092522 101.611130 82.819381
v -35.106560 101.505228 82.726422
v -50.120598 101.399325 82.633463
v -65.134636 101.293423 82.540503
v 100.015381 102.611821 84.135794
v 85.001258 102.508851 84.053789
v 69.987136 102.405881 83.971783
v 54.973013 102.302911 83.889776
v 39.958891 102.199940 83.807768
v 24.944768 102.096969 83.725760
v 9.930646 101.993997 83.643751
v -5.083476 101.891026 83.561740
v -20.097599 101.788054 83.479729
v -35.111721 101.685082 83.397718
v -50.125844 101.582109 83.315705
v -65.139966 101.479137 83.233692
v 100.011124 102.824336 84.689390
v 84.996920 102.725425 84.617965
v 69.982717 102.626514 84.546539
v 54.968513 102.527602 84.475113
v 39.954309 102.428691 84.403686
v 24.940105 102.329778 84.332258
v 9.925902 102.230866 84.260830
v -5.088302 102.131953 84.189400
v -20.102506 102.033039 84.117970
v -35.116710 101.934126 84.046539
v -50.130914 101.835212 83.975108
v -65.145117 101.736298 83.903675
v 100.003238 103.416534 85.715057
v 84.988884 103.328937 85.663236
v 69.974529 103.241340 85.611415
v 54.960175 103.153742 85.559593
v 39.945820 103.066143 85.507770
v 24.931466 102.978545 85.455947
v 9.917111 102.890946 85.404123
v -5.097243 102.803346 85.352299
v -20.111598 102.715746 85.300474
v -35.125952 102.628145 85.248648
v -50.140307 102.540544 85.196822
v -65.154661 102.452943 85.144995
v -65.150034 102.062089 84.543112
v -50.135752 102.155861 84.604445
v -35.121471 102.249632 84.665778
v -20.107189 102.343403 84.727110
v -5.092908 102.437174 84.788441
v 9.921373 102.530944 84.849771
v 24.935655 102.624714 84.911101
v 39.949936 102.718483 84.972430
v 54.964218 102.812252 85.033759
v 69.978499 102.906021 85.095087
v 84.992781 102.999789 85.156414
v 99.999695 103.789729 86.175891
v 84.985273 103.709263 86.132879
v 69.970851 103.628796 86.089866
v 54.956428 103.548329 86.046853
v 39.942006 103.467862 86.003839
v 24.927584 103.387394 85.960825
v 9.913162 103.306926 85.917810
v -5.101261 103.226457 85.874795
v -20.115683 103.145988 85.831779
v -35.130105 103.065518 85.788763
v -50.144527 102.985048 85.745746
v -65.158949 102.904577 85.702729
v 99.996471 104.209053 86.595194
v 84.981987 104.136600 86.560197
v 69.967504 104.064146 86.525199
v 54.953020 103.991692 86.490201
v 39.938536 103.919238 86.455202
v 24.924052 103.846783 86.420204
v 9.909568 103.774327 86.385204
v -5.104916 103.701871 86.350205
v -20.119400 103.629415 86.315205
v -35.133883 103.556958 86.280204
v -50.148367 103.484501 86.245203
v -65.162851 103.412043 86.210202
v 99.993602 104.669912 86.968371
v 84.979063 104.606266 86.940507
v 69.964525 104.542619 86.912643
v 54.949986 104.478972 86.884779
v 39.935447 104.415325 86.856914
v 24.920909 104.351677 86.829049
v 9.906370 104.288029 86.801184
v -5.108169 104.224381 86.773318
v -20.122708 104.160731 86.745452
v -35.137246 104.097082 86.717586
v -50.151785 104.033432 86.689720
v -65.166324 103.969782 86.661853
v 99.991119 105.167256 87.291333
v 84.976533 105.113115 87.269643
v 69.961947 105.058973 87.247953
v 54.947360 105.004831 87.226263
v 39.932774 104.950689 87.204572
v 24.918188 104.896546 87.182881
v 9.903602 104.842403 87.161190
v -5.110984 104.788260 87.139499
v -20.125571 104.734116 87.117808
v -35.140157 104.679971 87.096116
v -50.154743 104.625827 87.074424
v -65.169329 104.571682 87.052732
v 99.989049 105.695637 87.560542
v 84.974423 105.651594 87.543999
v 69.959798 105.607551 87.527455
v 54.945172 105.563508 87.510912
v 39.930546 105.519464 87.494368
v 24.915920 105.475420 87.477823
v 9.901295 105.431375 87.461279
v -5.113331 105.387330 87.444735
v -20.127957 105.343285 87.428190
v -35.142583 105.299240 87.411646
v -50.157208 105.255194 87.395101
v -65.171834 105.211148 87.378556
v 84.972758 106.215804 87.760568
v 69.958101 106.182342 87.748087
v 54.943444 106.148880 87.735606
v 39.928787 106.115417 87.723125
v 24.914130 106.081955 87.710643
v 9.899473 106.048492 87.698162
v -5.115184 106.015029 87.685681
v -20.129841 105.981565 87.673199
v -35.144498 105.948102 87.660717
v -50.159155 105.914638 87.648235
v -65.173812 105.881174 87.635754
v 99.985522 107.407791 88.019289
v 84.970829 107.396472 88.011516
v 69.956136 107.385153 88.003742
v 54.941443 107.373835 87.995968
v 39.926749 107.362516 87.988195
v 24.912056 107.351197 87.980421
v 9.897363 107.339878 87.972647
v -5.117330 107.328559 87.964874
v -20.132023 107.317240 87.957100
v -35.146717 107.305921 87.949326
v -50.161410 107.294602 87.941553
v -65.176103 107.283282 87.933779
v -65.175240 106.574417 87.821507
v -50.160560 106.596933 87.831054
v -35.145881 106.619448 87.840601
v -20.131201 106.641962 87.850149
v -5.116522 106.664477 87.859696
v 9.898158 106.686992 87.869243
v 24.912838 106.709506 87.878790
v 39.927517 106.732020 87.888337
v 54.942197 106.754534 87.897884
v 69.956876 106.777048 87.907432
v 84.971556 106.799561 87.916979
v 99.986235 106.822075 87.926526
v 99.985283 107.999995 88.050324
v 84.970586 107.999995 88.043144
v 69.955888 107.999996 88.035964
v 54.941190 107.999996 88.028783
v 39.926492 107.999997 88.021603
v 24.911795 107.999997 88.014423
v 9.897097 107.999998 88.007242
v -5.117601 107.999998 88.000062
v -20.132299 107.999999 87.992881
v -35.146996 108.000000 87.985701
v -50.161694 108.000000 87.978521
v -65.176392 108.000001 87.971340
v 99.985522 108.592199 88.019290
v 84.970829 108.603518 88.011517
v 69.956136 108.614838 88.003743
v 54.941443 108.626157 87.995969
v 39.926749 108.637477 87.988196
v 24.912056 108.648797 87.980422
v 9.897363 108.660117 87.972648
v -5.117330 108.671438 87.964874
v -20.132023 108.682758 87.957101
v -35.146717 108.694078 87.949327
v -50.161410 108.705399 87.941553
v -65.176103 108.716720 87.933779
v 99.986235 109.177914 87.926528
v 84.971556 109.200429 87.916981
v 69.956876 109.222943 87.907434
v 54.942197 109.245458 87.897886
v 39.927517 109.267973 87.888339
v 24.912838 109.290489 87.878792
v 9.898158 109.313004 87.869244
v -5.116522 109.335520 87.859697
v -20.131201 109.358036 87.850149
v -35.145881 109.380552 87.840602
v -50.160560 109.403068 87.831054
v -65.175240 109.425584 87.821507
v 99.987415 109.750724 87.773053
v 84.972758 109.784187 87.760572
v 69.958101 109.817650 87.748090
v 54.943444 109.851113 87.735609
v 39.928787 109.884576 87.723127
v 24.914130 109.918040 87.710646
v 9.899473 109.951504 87.698164
v -5.115184 109.984968 87.685682
v -20.129841 110.018433 87.673200
v -35.144498 110.051897 87.660718
v -50.159155 110.085363 87.648236
v -65.173812 110.118828 87.635754
v 99.989049 110.304353 87.560547
v 84.974423 110.348397 87.544003
v 69.959798 110.392441 87.527459
v 54.945172 110.436485 87.510915
v 39.930546 110.480530 87.494371
v 24.915920 110.524575 87.477826
v 9.901295 110.568621 87.461282
v -5.113331 110.612667 87.444737
v -20.127957 110.656713 87.428192
v -35.142583 110.700760 87.411647
v -50.157208 110.744807 87.395102
v -65.171834 110.788854 87.378556
v 99.991119 110.832734 87.291339
v 84.976533 110.886876 87.269648
v 69.961947 110.941019 87.247958
v 54.947360 110.995162 87.226267
v 39.932774 111.049305 87.204576
v 24.918188 111.103449 87.182885
v 9.903602 111.157593 87.161193
v -5.110984 111.211738 87.139502
v -20.125570 111.265883 87.117810
v -35.140157 111.320028 87.096118
v -50.154743 111.374174 87.074425
v -65.169329 111.428320 87.052733
v 99.993602 111.330079 86.968377
v 84.979063 111.393726 86.940513
v 69.964525 111.457373 86.912649
v 54.949986 111.521021 86.884784
v 39.935447 111.584670 86.856919
v 24.920909 111.648318 86.829053
v 9.906370 111.711968 86.801187
v -5.108169 111.775617 86.773321
v -20.122708 111.839267 86.745455
v -35.137246 111.902918 86.717588
v -50.151785 111.966569 86.689721
v -65.166324 112.030220 86.661853
v -65.162851 112.587959 86.210203
v -50.148367 112.515500 86.245205
v -35.133883 112.443042 86.280206
v -20.119400 112.370584 86.315207
v -5.104916 112.298127 86.350208
v 9.909568 112.225670 86.385208
v 24.924052 112.153214 86.420208
v 39.938536 112.080758 86.455208
v 54.953020 112.008302 86.490207
v 69.967504 111.935847 86.525205
v 84.981987 111.863393 86.560204
v 99.999695 112.210264 86.175900
v 84.985273 112.290730 86.132887
v 69.970851 112.371198 86.089873
v 54.956428 112.451666 86.046860
v 39.942006 112.532134 86.003845
v 24.927584 112.612603 85.960830
v 9.913162 112.693072 85.917815
v -5.101260 112.773542 85.874799
v -20.115683 112.854012 85.831782
v -35.130105 112.934482 85.788765
v -50.144527 113.014954 85.745748
v -65.158949 113.095425 85.702730
v 100.003238 112.583459 85.715066
v 84.988884 112.671057 85.663245
v 69.974529 112.758655 85.611423
v 54.960175 112.846254 85.559600
v 39.945820 112.933853 85.507777
v 24.931466 113.021453 85.455953
v 9.917111 113.109053 85.404128
v -5.097243 113.196653 85.352303
v -20.111598 113.284254 85.300477
v -35.125952 113.371855 85.248651
v -50.140307 113.459457 85.196824
v -65.154661 113.547059 85.144996
v 100.007062 112.906438 85.217750
v 84.992781 113.000206 85.156423
v 69.978499 113.093975 85.095095
v 54.964218 113.187744 85.033767
v 39.949936 113.281514 84.972437
v 24.935655 113.375284 84.911107
v 9.921373 113.469054 84.849777
v -5.092908 113.562825 84.788445
v -20.107189 113.656597 84.727113
v -35.121471 113.750368 84.665781
v -50.135752 113.844141 84.604447
v -65.150034 113.937913 84.543113
v 100.011124 113.175659 84.689400
v 84.996921 113.274571 84.617974
v 69.982717 113.373483 84.546548
v 54.968513 113.472395 84.475121
v 39.954309 113.571307 84.403693
v 24.940105 113.670220 84.332265
v 9.925902 113.769134 84.260835
v -5.088302 113.868047 84.189405
v -20.102506 113.966961 84.117974
v -35.116710 114.065875 84.046542
v -50.130913 114.164790 83.975110
v -65.145117 114.263705 83.903676
v 100.015381 113.388175 84.135805
v 85.001258 113.491146 84.053799
v 69.987136 113.594117 83.971792
v 54.973013 113.697088 83.889784
v 39.958891 113.800059 83.807776
v 24.944768 113.903031 83.725767
v 9.930646 114.006003 83.643756
v -5.083476 114.108975 83.561745
v -20.097599 114.211947 83.479734
v -35.111721 114.314920 83.397721
v -50.125844 114.417893 83.315707
v -65.139966 114.520866 83.233693
v 100.019785 113.541657 83.563030
v 85.005746 113.647558 83.470077
v 69.991708 113.753460 83.377124
v 54.977670 113.859361 83.284170
v 39.963631 113.965263 83.191215
v 24.949593 114.071165 83.098259
v 9.935555 114.177067 83.005302
v -5.078483 114.282969 82.912344
v -20.092522 114.388871 82.819385
v -35.106560 114.494774 82.726426
v -50.120598 114.600677 82.633465
v -65.134636 114.706580 82.540504
v 85.010335 113.742094 82.873205
v 69.996383 113.849766 82.769059
v 54.982431 113.957437 82.664913
v 39.968479 114.065109 82.560765
v 24.954526 114.172781 82.456616
v 9.940574 114.280452 82.352467
v -5.073378 114.388124 82.248316
v -20.087330 114.495796 82.144164
v -35.101282 114.603468 82.040012
v -50.115234 114.711140 81.935859
v -65.129187 114.818813 81.831704
vt -0.000000 0.696421 0.000000
vt -0.072796 0.692606 0.000000
vt 0.072796 0.692606 0.000000
vt 0.144794 0.681203 0.000000
vt -0.144794 0.681203 0.000000
vt 0.215206 0.662336 0.000000
vt -0.215206 0.662336 0.000000
vt 0.283260 0.636212 0.000000
vt -0.283260 0.636212 0.000000
vt 0.348211 0.603118 0.000000
vt -0.348211 0.603118 0.000000
vt 0.409346 0.563416 0.000000
vt -0.409346 0.563416 0.000000
vt 0.465997 0.517542 0.000000
vt -0.465997 0.517542 0.000000
vt 0.517542 0.465997 0.000000
vt -0.517542 0.465997 0.000000
vt 0.563416 0.409346 0.000000
vt -0.563416 0.409346 0.000000
vt 0.603118 0.348211 0.000000
vt -0.603118 0.348211 0.000000
vt 0.636212 0.283260 0.000000
vt -0.636212 0.283260 0.000000
vt 0.662336 0.215206 0.000000
vt -0.662336 0.215206 0.000000
vt 0.681203 0.144794 0.000000
vt -0.681203 0.144794 0.000000
vt 0.692606 0.072796 0.000000
vt -0.692606 0.072796 0.000000
vt 0.696421 0.000000 0.000000
vt -0.696421 0.000000 0.000000
vt 0.692606 -0.072796 0.000000
vt -0.692606 -0.072796 0.000000
vt 0.681203 -0.144794 0.000000
vt -0.681203 -0.144794 0.000000
vt 0.662336 -0.215206 0.000000
vt -0.662336 -0.215206 0.000000
vt 0.636212 -0.283260 0.000000
vt -0.636212 -0.283260 0.000000
vt 0.603118 -0.348211 0.000000
vt -0.603118 -0.348211 0.000000
vt 0.563416 -0.409346 0.000000
vt -0.563416 -0.409346 0.000000
vt 0.517542 -0.465997 0.000000
vt -0.517542 -0.465997 0.000000
vt 0.465997 -0.517542 0.000000
vt -0.465997 -0.517542 0.000000
vt 0.409346 -0.563416 0.000000
vt -0.409346 -0.563416 0.000000
vt 0.348211 -0.603118 0.000000
vt -0.348211 -0.603118 0.000000
vt 0.283260 -0.636212 0.000000
vt -0.283260 -0.636212 0.000000
vt 0.215206 -0.662336 0.000000
vt -0.215206 -0.662336 0.000000
vt 0.144794 -0.681203 0.000000
vt -0.144794 -0.681203 0.000000
vt 0.072796 -0.692606 0.000000
vt -0.072796 -0.692606 0.000000
vt -0.000000 -0.696421 0.000000
vt -0.000000 0.555750 0.000000
vt -0.065730 0.551850 0.000000
vt 0.065730 0.551850 0.000000
vt 0.130538 0.540202 0.000000
vt -0.130538 0.540202 0.000000
vt 0.193513 0.520971 0.000000
vt -0.193513 0.520971 0.000000
vt 0.253772 0.494427 0.000000
vt -0.253772 0.494427 0.000000
vt 0.310468 0.460942 0.000000
vt -0.310468 0.460942 0.000000
vt 0.362806 0.420987 0.000000
vt -0.362806 0.420987 0.000000
vt 0.410051 0.375122 0.000000
vt -0.410051 0.375122 0.000000
vt 0.451540 0.323991 0.000000
vt -0.451540 0.323991 0.000000
vt 0.486690 0.268312 0.000000
vt -0.486690 0.268312 0.000000
vt 0.515008 0.208866 0.000000
vt -0.515008 0.208866 0.000000
vt 0.536097 0.146489 0.000000
vt -0.536097 0.146489 0.000000
vt 0.549659 0.082055 0.000000
vt -0.549659 0.082055 0.000000
vt 0.555506 0.016469 0.000000
vt -0.555506 0.016469 0.000000
vt 0.553555 -0.049348 0.000000
vt -0.553555 -0.049348 0.000000
vt 0.543833 -0.114473 0.000000
vt -0.543833 -0.114473 0.000000
vt 0.526477 -0.177990 0.000000
vt -0.526477 -0.177990 0.000000
vt 0.501730 -0.239009 0.000000
vt -0.501730 -0.239009 0.000000
vt 0.469940 -0.296673 0.000000
vt -0.469940 -0.296673 0.000000
vt 0.431553 -0.350172 0.000000
vt -0.431553 -0.350172 0.000000
vt 0.387108 -0.398755 0.000000
vt -0.387108 -0.398755 0.000000
vt 0.337229 -0.441741 0.000000
vt -0.337229 -0.441741 0.000000
vt 0.282616 -0.478525 0.000000
vt -0.282616 -0.478525 0.000000
vt 0.224036 -0.508592 0.000000
vt -0.224036 -0.508592 0.000000
vt 0.162311 -0.531520 0.000000
vt -0.162311 -0.531520 0.000000
vt 0.098307 -0.546986 0.000000
vt -0.098307 -0.546986 0.000000
vt 0.032923 -0.554774 0.000000
vt -0.032923 -0.554774 0.000000
vt -19.508978 1.892604 0.000000
vt -18.012285 1.901296 0.000000
vt -19.509484 1.966825 0.000000
vt -18.012285 1.966860 0.000000
vt -18.012285 2.032420 0.000000
vt -18.012285 -1.901301 0.000000
vt -18.012285 -1.966860 0.000000
vt -16.510815 -1.901304 0.000000
vt -16.510815 -1.835742 0.000000
vt -15.009345 -1.835744 0.000000
vt -15.009345 -1.770182 0.000000
vt -13.507875 -1.770185 0.000000
vt -13.507875 -1.704622 0.000000
vt -12.006405 -1.704625 0.000000
vt -12.006405 -1.639062 0.000000
vt -10.504935 -1.639065 0.000000
vt -10.504935 -1.573502 0.000000
vt -9.003465 -1.573504 0.000000
vt -9.003465 -1.507941 0.000000
vt -7.501995 -1.507943 0.000000
vt -7.501995 -1.442379 0.000000
vt -6.000525 -1.442381 0.000000
vt -6.000525 -1.376817 0.000000
vt -4.499055 -1.376819 0.000000
vt -4.499055 -1.311254 0.000000
vt -2.997585 -1.311256 0.000000
vt -2.997585 -1.245691 0.000000
vt -1.496115 -1.245692 0.000000
vt -1.496115 -1.180127 0.000000
vt -0.005092 -1.180128 0.000000
vt -0.005237 -1.114562 0.000000
vt -18.012285 1.835734 0.000000
vt -19.508480 1.818384 0.000000
vt -18.012285 1.770172 0.000000
vt -19.507996 1.744164 0.000000
vt -18.012285 1.704610 0.000000
vt -19.507533 1.669944 0.000000
vt -18.012285 1.639048 0.000000
vt -19.507097 1.595725 0.000000
vt -18.012285 1.573486 0.000000
vt -19.506694 1.521507 0.000000
vt -18.012285 1.507924 0.000000
vt -19.506331 1.447288 0.000000
vt -18.012285 1.442363 0.000000
vt -19.506012 1.373070 0.000000
vt -18.012285 1.376801 0.000000
vt -18.012285 1.311239 0.000000
vt -16.510815 1.376799 0.000000
vt -16.510815 1.311238 0.000000
vt -15.009345 1.376797 0.000000
vt -15.009345 1.311236 0.000000
vt -13.507875 1.376796 0.000000
vt -13.507875 1.311235 0.000000
vt -12.006405 1.376794 0.000000
vt -12.006405 1.311233 0.000000
vt -10.504935 1.376793 0.000000
vt -10.504935 1.311232 0.000000
vt -9.003465 1.376791 0.000000
vt -9.003465 1.311231 0.000000
vt -7.501995 1.376789 0.000000
vt -7.501995 1.311229 0.000000
vt -6.000525 1.376788 0.000000
vt -6.000525 1.311228 0.000000
vt -4.499055 1.376786 0.000000
vt -4.499055 1.311226 0.000000
vt -2.997585 1.376785 0.000000
vt -2.997585 1.311225 0.000000
vt -1.496115 1.376783 0.000000
vt -1.496115 1.311224 0.000000
vt 0.004332 1.376781 0.000000
vt 0.004637 1.311222 0.000000
vt -1.496115 1.245665 0.000000
vt 0.004892 1.245664 0.000000
vt -1.496115 1.180106 0.000000
vt 0.005092 1.180105 0.000000
vt -1.496115 1.114547 0.000000
vt 0.005237 1.114546 0.000000
vt -1.496115 1.048988 0.000000
vt 0.005325 1.048988 0.000000
vt -1.496115 0.983430 0.000000
vt 0.005354 0.983430 0.000000
vt 0.005325 0.917871 0.000000
vt -1.496115 0.917871 0.000000
vt 0.005237 0.852313 0.000000
vt -1.496115 0.852312 0.000000
vt 0.005092 0.786754 0.000000
vt -1.496115 0.786753 0.000000
vt 0.004892 0.721196 0.000000
vt -1.496115 0.721195 0.000000
vt 0.004637 0.655637 0.000000
vt -1.496115 0.655636 0.000000
vt 0.004332 0.590078 0.000000
vt -1.496115 0.590076 0.000000
vt 0.003979 0.524519 0.000000
vt -1.496115 0.524517 0.000000
vt 0.003583 0.458959 0.000000
vt -1.496115 0.458957 0.000000
vt 0.003147 0.393400 0.000000
vt -1.496115 0.393397 0.000000
vt 0.002677 0.327839 0.000000
vt -1.496115 0.327837 0.000000
vt 0.002178 0.262279 0.000000
vt -1.496115 0.262277 0.000000
vt 0.001655 0.196718 0.000000
vt -1.496115 0.196716 0.000000
vt 0.001113 0.131157 0.000000
vt -1.496115 0.131155 0.000000
vt 0.000560 0.065596 0.000000
vt -1.496115 0.065593 0.000000
vt -0.000000 0.000034 0.000000
vt -1.496115 0.000031 0.000000
vt -0.000560 -0.065528 0.000000
vt -1.496115 -0.065531 0.000000
vt -0.001113 -0.131091 0.000000
vt -1.496115 -0.131093 0.000000
vt -0.001655 -0.196654 0.000000
vt -1.496115 -0.196656 0.000000
vt -0.002178 -0.262217 0.000000
vt -1.496115 -0.262219 0.000000
vt -0.002677 -0.327781 0.000000
vt -1.496115 -0.327783 0.000000
vt -0.003147 -0.393345 0.000000
vt -1.496115 -0.393347 0.000000
vt -0.003583 -0.458909 0.000000
vt -1.496115 -0.458911 0.000000
vt -0.003979 -0.524474 0.000000
vt -1.496115 -0.524475 0.000000
vt -0.004332 -0.590038 0.000000
vt -1.496115 -0.590040 0.000000
vt -0.004637 -0.655603 0.000000
vt -1.496115 -0.655605 0.000000
vt -0.004892 -0.721169 0.000000
vt -1.496115 -0.721170 0.000000
vt -0.005092 -0.786734 0.000000
vt -1.496115 -0.786735 0.000000
vt -0.005237 -0.852300 0.000000
vt -1.496115 -0.852300 0.000000
vt -0.005325 -0.917865 0.000000
vt -1.496115 -0.917866 0.000000
vt -0.005354 -0.983431 0.000000
vt -1.496115 -0.983431 0.000000
vt -1.496115 -1.048996 0.000000
vt -2.997585 -1.048996 0.000000
vt -2.997585 -1.114561 0.000000
vt -4.499055 -1.114560 0.000000
vt -4.499055 -1.180125 0.000000
vt -6.000525 -1.180124 0.000000
vt -6.000525 -1.245689 0.000000
vt -7.501995 -1.245687 0.000000
vt -7.501995 -1.311251 0.000000
vt -9.003465 -1.311250 0.000000
vt -9.003465 -1.376814 0.000000
vt -10.504935 -1.376812 0.000000
vt -10.504935 -1.442375 0.000000
vt -12.006405 -1.442374 0.000000
vt -12.006405 -1.507937 0.000000
vt -13.507875 -1.507935 0.000000
vt -13.507875 -1.573497 0.000000
vt -15.009345 -1.573495 0.000000
vt -15.009345 -1.639058 0.000000
vt -16.510815 -1.639055 0.000000
vt -16.510815 -1.704617 0.000000
vt -18.012285 -1.704615 0.000000
vt -18.012285 -1.770177 0.000000
vt -19.510972 -1.744230 0.000000
vt -19.510487 -1.818453 0.000000
vt -19.505742 1.298853 0.000000
vt -18.012285 1.245677 0.000000
vt -16.510815 1.245676 0.000000
vt -15.009345 1.245675 0.000000
vt -13.507875 1.245674 0.000000
vt -12.006405 1.245673 0.000000
vt -10.504935 1.245671 0.000000
vt -9.003465 1.245670 0.000000
vt -7.501995 1.245669 0.000000
vt -6.000525 1.245668 0.000000
vt -4.499055 1.245667 0.000000
vt -2.997585 1.245666 0.000000
vt -19.505524 1.224635 0.000000
vt -18.012285 1.180115 0.000000
vt -16.510815 1.180115 0.000000
vt -15.009345 1.180114 0.000000
vt -13.507875 1.180113 0.000000
vt -12.006405 1.180112 0.000000
vt -10.504935 1.180111 0.000000
vt -9.003465 1.180110 0.000000
vt -7.501995 1.180109 0.000000
vt -6.000525 1.180108 0.000000
vt -4.499055 1.180108 0.000000
vt -2.997585 1.180107 0.000000
vt -19.505362 1.150418 0.000000
vt -18.012285 1.114554 0.000000
vt -16.510815 1.114553 0.000000
vt -15.009345 1.114552 0.000000
vt -13.507875 1.114552 0.000000
vt -12.006405 1.114551 0.000000
vt -10.504935 1.114551 0.000000
vt -9.003465 1.114550 0.000000
vt -7.501995 1.114549 0.000000
vt -6.000525 1.114549 0.000000
vt -4.499055 1.114548 0.000000
vt -2.997585 1.114548 0.000000
vt -19.505258 1.076201 0.000000
vt -18.012285 1.048992 0.000000
vt -16.510815 1.048992 0.000000
vt -15.009345 1.048991 0.000000
vt -13.507875 1.048991 0.000000
vt -12.006405 1.048991 0.000000
vt -10.504935 1.048990 0.000000
vt -9.003465 1.048990 0.000000
vt -7.501995 1.048990 0.000000
vt -6.000525 1.048989 0.000000
vt -4.499055 1.048989 0.000000
vt -2.997585 1.048989 0.000000
vt -19.505213 1.001984 0.000000
vt -18.012285 0.983430 0.000000
vt -16.510815 0.983430 0.000000
vt -15.009345 0.983430 0.000000
vt -13.507875 0.983430 0.000000
vt -12.006405 0.983430 0.000000
vt -10.504935 0.983430 0.000000
vt -9.003465 0.983430 0.000000
vt -7.501995 0.983430 0.000000
vt -6.000525 0.983430 0.000000
vt -4.499055 0.983430 0.000000
vt -2.997585 0.983430 0.000000
vt -19.505228 0.927767 0.000000
vt -18.012285 0.917868 0.000000
vt -16.510815 0.917869 0.000000
vt -16.510815 0.852307 0.000000
vt -15.009345 0.852308 0.000000
vt -15.009345 0.786747 0.000000
vt -13.507875 0.786747 0.000000
vt -13.507875 0.721186 0.000000
vt -12.006405 0.721187 0.000000
vt -12.006405 0.655627 0.000000
vt -10.504935 0.655628 0.000000
vt -10.504935 0.590067 0.000000
vt -9.003465 0.590069 0.000000
vt -9.003465 0.524508 0.000000
vt -7.501995 0.524510 0.000000
vt -7.501995 0.458950 0.000000
vt -6.000525 0.458952 0.000000
vt -6.000525 0.393391 0.000000
vt -4.499055 0.393393 0.000000
vt -4.499055 0.327833 0.000000
vt -2.997585 0.327835 0.000000
vt -2.997585 0.262274 0.000000
vt -19.505303 0.853550 0.000000
vt -18.012285 0.852307 0.000000
vt -16.510815 0.786746 0.000000
vt -15.009345 0.721185 0.000000
vt -13.507875 0.655625 0.000000
vt -12.006405 0.590066 0.000000
vt -10.504935 0.524507 0.000000
vt -9.003465 0.458948 0.000000
vt -7.501995 0.393389 0.000000
vt -6.000525 0.327830 0.000000
vt -4.499055 0.262272 0.000000
vt -2.997585 0.196713 0.000000
vt -18.012285 0.786745 0.000000
vt -19.505436 0.779333 0.000000
vt -18.012285 0.721183 0.000000
vt -19.505626 0.705115 0.000000
vt -18.012285 0.655621 0.000000
vt -19.505871 0.630898 0.000000
vt -18.012285 0.590060 0.000000
vt -19.506166 0.556680 0.000000
vt -18.012285 0.524498 0.000000
vt -19.506508 0.482462 0.000000
vt -18.012285 0.458936 0.000000
vt -19.506891 0.408243 0.000000
vt -18.012285 0.393374 0.000000
vt -19.507311 0.334024 0.000000
vt -18.012285 0.327812 0.000000
vt -19.507761 0.259805 0.000000
vt -18.012285 0.262250 0.000000
vt -18.012285 0.196689 0.000000
vt -16.510815 0.196691 0.000000
vt -16.510815 0.131129 0.000000
vt -15.009345 0.131132 0.000000
vt -15.009345 0.065570 0.000000
vt -13.507875 0.065572 0.000000
vt -13.507875 0.000010 0.000000
vt -12.006405 0.000013 0.000000
vt -12.006405 -0.065549 0.000000
vt -10.504935 -0.065546 0.000000
vt -10.504935 -0.131109 0.000000
vt -9.003465 -0.131106 0.000000
vt -9.003465 -0.196669 0.000000
vt -7.501995 -0.196666 0.000000
vt -7.501995 -0.262229 0.000000
vt -6.000525 -0.262227 0.000000
vt -6.000525 -0.327790 0.000000
vt -4.499055 -0.327787 0.000000
vt -4.499055 -0.393351 0.000000
vt -2.997585 -0.393349 0.000000
vt -2.997585 -0.458913 0.000000
vt -19.508236 0.185585 0.000000
vt -18.012285 0.131127 0.000000
vt -16.510815 0.065567 0.000000
vt -15.009345 0.000008 0.000000
vt -13.507875 -0.065552 0.000000
vt -12.006405 -0.131111 0.000000
vt -10.504935 -0.196671 0.000000
vt -9.003465 -0.262231 0.000000
vt -7.501995 -0.327792 0.000000
vt -6.000525 -0.393353 0.000000
vt -4.499055 -0.458915 0.000000
vt -2.997585 -0.524477 0.000000
vt -19.508728 0.111365 0.000000
vt -18.012285 0.065565 0.000000
vt -16.510815 0.000005 0.000000
vt -15.009345 -0.065554 0.000000
vt -13.507875 -0.131114 0.000000
vt -12.006405 -0.196674 0.000000
vt -10.504935 -0.262234 0.000000
vt -9.003465 -0.327794 0.000000
vt -7.501995 -0.393355 0.000000
vt -6.000525 -0.458917 0.000000
vt -4.499055 -0.524479 0.000000
vt -2.997585 -0.590041 0.000000
vt -19.509231 0.037145 0.000000
vt -18.012285 0.000003 0.000000
vt -16.510815 -0.065557 0.000000
vt -15.009345 -0.131116 0.000000
vt -13.507875 -0.196676 0.000000
vt -12.006405 -0.262236 0.000000
vt -10.504935 -0.327797 0.000000
vt -9.003465 -0.393357 0.000000
vt -7.501995 -0.458919 0.000000
vt -6.000525 -0.524481 0.000000
vt -4.499055 -0.590043 0.000000
vt -2.997585 -0.655606 0.000000
vt -19.509737 -0.037077 0.000000
vt -18.012285 -0.065559 0.000000
vt -16.510815 -0.131119 0.000000
vt -15.009345 -0.196679 0.000000
vt -13.507875 -0.262239 0.000000
vt -12.006405 -0.327799 0.000000
vt -10.504935 -0.393359 0.000000
vt -9.003465 -0.458921 0.000000
vt -7.501995 -0.524482 0.000000
vt -6.000525 -0.590044 0.000000
vt -4.499055 -0.655607 0.000000
vt -2.997585 -0.721171 0.000000
vt -19.510240 -0.111298 0.000000
vt -18.012285 -0.131121 0.000000
vt -16.510815 -0.196681 0.000000
vt -15.009345 -0.262241 0.000000
vt -13.507875 -0.327801 0.000000
vt -12.006405 -0.393362 0.000000
vt -10.504935 -0.458923 0.000000
vt -9.003465 -0.524484 0.000000
vt -7.501995 -0.590046 0.000000
vt -6.000525 -0.655609 0.000000
vt -4.499055 -0.721172 0.000000
vt -2.997585 -0.786736 0.000000
vt -19.510732 -0.185520 0.000000
vt -18.012285 -0.196684 0.000000
vt -16.510815 -0.262243 0.000000
vt -15.009345 -0.327803 0.000000
vt -13.507875 -0.393364 0.000000
vt -12.006405 -0.458924 0.000000
vt -10.504935 -0.524486 0.000000
vt -9.003465 -0.590048 0.000000
vt -7.501995 -0.655610 0.000000
vt -6.000525 -0.721173 0.000000
vt -4.499055 -0.786736 0.000000
vt -2.997585 -0.852301 0.000000
vt -19.511206 -0.259743 0.000000
vt -18.012285 -0.262246 0.000000
vt -16.510815 -0.327806 0.000000
vt -15.009345 -0.393366 0.000000
vt -13.507875 -0.458926 0.000000
vt -12.006405 -0.524487 0.000000
vt -10.504935 -0.590049 0.000000
vt -9.003465 -0.655611 0.000000
vt -7.501995 -0.721174 0.000000
vt -6.000525 -0.786737 0.000000
vt -4.499055 -0.852301 0.000000
vt -2.997585 -0.917866 0.000000
vt -18.012285 -0.327808 0.000000
vt -19.511657 -0.333966 0.000000
vt -18.012285 -0.393370 0.000000
vt -19.512077 -0.408189 0.000000
vt -18.012285 -0.458932 0.000000
vt -19.512460 -0.482413 0.000000
vt -18.012285 -0.524494 0.000000
vt -19.512802 -0.556637 0.000000
vt -18.012285 -0.590057 0.000000
vt -19.513097 -0.630862 0.000000
vt -18.012285 -0.655619 0.000000
vt -19.513341 -0.705087 0.000000
vt -18.012285 -0.721181 0.000000
vt -19.513532 -0.779312 0.000000
vt -18.012285 -0.786743 0.000000
vt -19.513665 -0.853537 0.000000
vt -18.012285 -0.852306 0.000000
vt -18.012285 -0.917868 0.000000
vt -16.510815 -0.917868 0.000000
vt -16.510815 -0.983430 0.000000
vt -15.009345 -0.983430 0.000000
vt -16.510815 -1.048993 0.000000
vt -15.009345 -1.048993 0.000000
vt -16.510815 -1.114555 0.000000
vt -15.009345 -1.114556 0.000000
vt -16.510815 -1.180118 0.000000
vt -15.009345 -1.180119 0.000000
vt -16.510815 -1.245681 0.000000
vt -15.009345 -1.245682 0.000000
vt -16.510815 -1.311243 0.000000
vt -15.009345 -1.311244 0.000000
vt -16.510815 -1.376806 0.000000
vt -15.009345 -1.376807 0.000000
vt -16.510815 -1.442368 0.000000
vt -15.009345 -1.442370 0.000000
vt -16.510815 -1.507930 0.000000
vt -15.009345 -1.507932 0.000000
vt -16.510815 -1.573493 0.000000
vt -19.513740 -0.927762 0.000000
vt -18.012285 -0.983430 0.000000
vt -18.012285 -1.048993 0.000000
vt -18.012285 -1.114555 0.000000
vt -18.012285 -1.180117 0.000000
vt -18.012285 -1.245679 0.000000
vt -18.012285 -1.311242 0.000000
vt -18.012285 -1.376804 0.000000
vt -18.012285 -1.442366 0.000000
vt -18.012285 -1.507928 0.000000
vt -18.012285 -1.573491 0.000000
vt -18.012285 -1.639053 0.000000
vt -19.513755 -1.001987 0.000000
vt -19.513710 -1.076212 0.000000
vt -19.513606 -1.150438 0.000000
vt -19.513443 -1.224663 0.000000
vt -19.513226 -1.298888 0.000000
vt -19.512956 -1.373112 0.000000
vt -19.512637 -1.447337 0.000000
vt -19.512273 -1.521561 0.000000
vt -19.511871 -1.595784 0.000000
vt -19.511435 -1.670007 0.000000
vt -18.012285 -1.835739 0.000000
vt -19.509989 -1.892674 0.000000
vt -19.509989 2.041047 0.000000
vt -0.000560 -1.901334 0.000000
vt -1.496115 -1.966860 0.000000
vt 0.000000 -1.966896 0.000000
vt 0.000000 1.966825 0.000000
vt -1.496115 1.966860 0.000000
vt -1.496115 1.901266 0.000000
vt 0.000560 1.901263 0.000000
vt -1.496115 1.835704 0.000000
vt 0.001113 1.835702 0.000000
vt -1.496115 1.770143 0.000000
vt 0.001655 1.770141 0.000000
vt -1.496115 1.704583 0.000000
vt 0.002178 1.704580 0.000000
vt -1.496115 1.639022 0.000000
vt 0.002677 1.639020 0.000000
vt -1.496115 1.573462 0.000000
vt 0.003147 1.573460 0.000000
vt -1.496115 1.507902 0.000000
vt 0.003583 1.507900 0.000000
vt -1.496115 1.442342 0.000000
vt 0.003979 1.442340 0.000000
vt -1.496115 -1.901331 0.000000
vt -0.001113 -1.835771 0.000000
vt -1.496115 -1.835768 0.000000
vt -0.001655 -1.770208 0.000000
vt -1.496115 -1.770206 0.000000
vt -0.002178 -1.704645 0.000000
vt -1.496115 -1.704642 0.000000
vt -0.002677 -1.639081 0.000000
vt -1.496115 -1.639079 0.000000
vt -0.003147 -1.573517 0.000000
vt -1.496115 -1.573515 0.000000
vt -0.003583 -1.507953 0.000000
vt -1.496115 -1.507951 0.000000
vt -0.003979 -1.442388 0.000000
vt -1.496115 -1.442386 0.000000
vt -0.004332 -1.376823 0.000000
vt -1.496115 -1.376822 0.000000
vt -0.004637 -1.311258 0.000000
vt -1.496115 -1.311257 0.000000
vt -0.004892 -1.245693 0.000000
vt -1.496115 -1.114562 0.000000
vt -0.005325 -1.048997 0.000000
vt -16.510815 -1.966860 0.000000
vt -15.009345 -1.901307 0.000000
vt -13.507875 -1.835747 0.000000
vt -12.006405 -1.770187 0.000000
vt -10.504935 -1.704627 0.000000
vt -9.003465 -1.639067 0.000000
vt -7.501995 -1.573506 0.000000
vt -6.000525 -1.507945 0.000000
vt -4.499055 -1.442383 0.000000
vt -2.997585 -1.376820 0.000000
vt -15.009345 -1.966860 0.000000
vt -13.507875 -1.901309 0.000000
vt -12.006405 -1.835750 0.000000
vt -10.504935 -1.770190 0.000000
vt -9.003465 -1.704630 0.000000
vt -7.501995 -1.639069 0.000000
vt -6.000525 -1.573508 0.000000
vt -4.499055 -1.507947 0.000000
vt -2.997585 -1.442385 0.000000
vt -16.510815 1.966860 0.000000
vt -16.510815 1.901293 0.000000
vt -15.009345 1.966860 0.000000
vt -15.009345 1.901290 0.000000
vt -13.507875 1.966860 0.000000
vt -13.507875 1.901288 0.000000
vt -12.006405 1.966860 0.000000
vt -12.006405 1.901285 0.000000
vt -10.504935 1.966860 0.000000
vt -10.504935 1.901282 0.000000
vt -9.003465 1.966860 0.000000
vt -9.003465 1.901280 0.000000
vt -7.501995 1.966860 0.000000
vt -7.501995 1.901277 0.000000
vt -6.000525 1.966860 0.000000
vt -6.000525 1.901274 0.000000
vt -4.499055 1.966860 0.000000
vt -4.499055 1.901271 0.000000
vt -2.997585 1.966860 0.000000
vt -2.997585 1.901269 0.000000
vt -13.507875 -1.966860 0.000000
vt -12.006405 -1.901312 0.000000
vt -10.504935 -1.835752 0.000000
vt -9.003465 -1.770193 0.000000
vt -7.501995 -1.704632 0.000000
vt -6.000525 -1.639072 0.000000
vt -4.499055 -1.573511 0.000000
vt -2.997585 -1.507949 0.000000
vt -12.006405 -1.966860 0.000000
vt -10.504935 -1.901315 0.000000
vt -9.003465 -1.835755 0.000000
vt -7.501995 -1.770195 0.000000
vt -6.000525 -1.704635 0.000000
vt -4.499055 -1.639074 0.000000
vt -2.997585 -1.573513 0.000000
vt -10.504935 -1.966860 0.000000
vt -9.003465 -1.901317 0.000000
vt -7.501995 -1.835758 0.000000
vt -6.000525 -1.770198 0.000000
vt -4.499055 -1.704637 0.000000
vt -2.997585 -1.639076 0.000000
vt -9.003465 -1.966860 0.000000
vt -7.501995 -1.901320 0.000000
vt -6.000525 -1.835760 0.000000
vt -4.499055 -1.770200 0.000000
vt -2.997585 -1.704640 0.000000
vt -7.501995 -1.966860 0.000000
vt -6.000525 -1.901323 0.000000
vt -4.499055 -1.835763 0.000000
vt -2.997585 -1.770203 0.000000
vt -6.000525 -1.966860 0.000000
vt -4.499055 -1.901326 0.000000
vt -2.997585 -1.835766 0.000000
vt -4.499055 -1.966860 0.000000
vt -2.997585 -1.901328 0.000000
vt -2.997585 -1.966860 0.000000
vt -16.510815 1.835731 0.000000
vt -15.009345 1.835728 0.000000
vt -13.507875 1.835726 0.000000
vt -12.006405 1.835723 0.000000
vt -10.504935 1.835720 0.000000
vt -9.003465 1.835718 0.000000
vt -7.501995 1.835715 0.000000
vt -6.000525 1.835712 0.000000
vt -4.499055 1.835710 0.000000
vt -2.997585 1.835707 0.000000
vt -16.510815 1.770169 0.000000
vt -15.009345 1.770167 0.000000
vt -13.507875 1.770164 0.000000
vt -12.006405 1.770161 0.000000
vt -10.504935 1.770159 0.000000
vt -9.003465 1.770156 0.000000
vt -7.501995 1.770154 0.000000
vt -6.000525 1.770151 0.000000
vt -4.499055 1.770149 0.000000
vt -2.997585 1.770146 0.000000
vt -16.510815 1.704607 0.000000
vt -15.009345 1.704605 0.000000
vt -13.507875 1.704602 0.000000
vt -12.006405 1.704600 0.000000
vt -10.504935 1.704597 0.000000
vt -9.003465 1.704595 0.000000
vt -7.501995 1.704593 0.000000
vt -6.000525 1.704590 0.000000
vt -4.499055 1.704588 0.000000
vt -2.997585 1.704585 0.000000
vt -16.510815 1.639046 0.000000
vt -15.009345 1.639043 0.000000
vt -13.507875 1.639041 0.000000
vt -12.006405 1.639039 0.000000
vt -10.504935 1.639036 0.000000
vt -9.003465 1.639034 0.000000
vt -7.501995 1.639032 0.000000
vt -6.000525 1.639029 0.000000
vt -4.499055 1.639027 0.000000
vt -2.997585 1.639024 0.000000
vt -16.510815 1.573484 0.000000
vt -15.009345 1.573482 0.000000
vt -13.507875 1.573480 0.000000
vt -12.006405 1.573477 0.000000
vt -10.504935 1.573475 0.000000
vt -9.003465 1.573473 0.000000
vt -7.501995 1.573471 0.000000
vt -6.000525 1.573468 0.000000
vt -4.499055 1.573466 0.000000
vt -2.997585 1.573464 0.000000
vt -16.510815 1.507922 0.000000
vt -15.009345 1.507920 0.000000
vt -13.507875 1.507918 0.000000
vt -12.006405 1.507916 0.000000
vt -10.504935 1.507914 0.000000
vt -9.003465 1.507912 0.000000
vt -7.501995 1.507910 0.000000
vt -6.000525 1.507908 0.000000
vt -4.499055 1.507906 0.000000
vt -2.997585 1.507904 0.000000
vt -16.510815 1.442361 0.000000
vt -15.009345 1.442359 0.000000
vt -13.507875 1.442357 0.000000
vt -12.006405 1.442355 0.000000
vt -10.504935 1.442353 0.000000
vt -9.003465 1.442352 0.000000
vt -7.501995 1.442350 0.000000
vt -6.000525 1.442348 0.000000
vt -4.499055 1.442346 0.000000
vt -2.997585 1.442344 0.000000
vt -15.009345 0.917869 0.000000
vt -13.507875 0.917869 0.000000
vt -12.006405 0.917869 0.000000
vt -10.504935 0.917870 0.000000
vt -9.003465 0.917870 0.000000
vt -7.501995 0.917870 0.000000
vt -6.000525 0.917870 0.000000
vt -4.499055 0.917871 0.000000
vt -2.997585 0.917871 0.000000
vt -13.507875 0.852308 0.000000
vt -12.006405 0.852309 0.000000
vt -10.504935 0.852309 0.000000
vt -9.003465 0.852310 0.000000
vt -7.501995 0.852310 0.000000
vt -6.000525 0.852311 0.000000
vt -4.499055 0.852311 0.000000
vt -2.997585 0.852312 0.000000
vt -12.006405 0.786748 0.000000
vt -10.504935 0.786749 0.000000
vt -9.003465 0.786750 0.000000
vt -7.501995 0.786750 0.000000
vt -6.000525 0.786751 0.000000
vt -4.499055 0.786752 0.000000
vt -2.997585 0.786753 0.000000
vt -16.510815 0.721184 0.000000
vt -15.009345 0.655624 0.000000
vt -13.507875 0.590064 0.000000
vt -12.006405 0.524505 0.000000
vt -10.504935 0.458946 0.000000
vt -9.003465 0.393387 0.000000
vt -7.501995 0.327828 0.000000
vt -6.000525 0.262270 0.000000
vt -4.499055 0.196711 0.000000
vt -2.997585 0.131152 0.000000
vt -16.510815 0.655623 0.000000
vt -16.510815 0.590061 0.000000
vt -16.510815 0.524500 0.000000
vt -16.510815 0.458938 0.000000
vt -16.510815 0.393376 0.000000
vt -16.510815 0.327815 0.000000
vt -16.510815 0.262253 0.000000
vt -10.504935 0.721188 0.000000
vt -9.003465 0.721189 0.000000
vt -9.003465 0.655629 0.000000
vt -7.501995 0.721190 0.000000
vt -7.501995 0.655630 0.000000
vt -7.501995 0.590070 0.000000
vt -6.000525 0.721191 0.000000
vt -6.000525 0.655632 0.000000
vt -6.000525 0.590072 0.000000
vt -6.000525 0.524512 0.000000
vt -4.499055 0.721193 0.000000
vt -4.499055 0.655633 0.000000
vt -4.499055 0.590073 0.000000
vt -4.499055 0.524513 0.000000
vt -4.499055 0.458953 0.000000
vt -2.997585 0.721194 0.000000
vt -2.997585 0.655634 0.000000
vt -2.997585 0.590075 0.000000
vt -2.997585 0.524515 0.000000
vt -2.997585 0.458955 0.000000
vt -2.997585 0.393395 0.000000
vt -15.009345 0.590063 0.000000
vt -13.507875 0.524503 0.000000
vt -12.006405 0.458944 0.000000
vt -10.504935 0.393385 0.000000
vt -9.003465 0.327826 0.000000
vt -7.501995 0.262267 0.000000
vt -6.000525 0.196708 0.000000
vt -4.499055 0.131150 0.000000
vt -2.997585 0.065591 0.000000
vt -15.009345 0.524501 0.000000
vt -15.009345 0.458940 0.000000
vt -15.009345 0.393378 0.000000
vt -15.009345 0.327817 0.000000
vt -15.009345 0.262255 0.000000
vt -15.009345 0.196694 0.000000
vt -13.507875 0.458942 0.000000
vt -12.006405 0.393383 0.000000
vt -10.504935 0.327824 0.000000
vt -9.003465 0.262265 0.000000
vt -7.501995 0.196706 0.000000
vt -6.000525 0.131147 0.000000
vt -4.499055 0.065588 0.000000
vt -2.997585 0.000029 0.000000
vt -13.507875 0.393381 0.000000
vt -13.507875 0.327819 0.000000
vt -13.507875 0.262258 0.000000
vt -13.507875 0.196696 0.000000
vt -13.507875 0.131134 0.000000
vt -12.006405 0.327821 0.000000
vt -10.504935 0.262262 0.000000
vt -9.003465 0.196703 0.000000
vt -7.501995 0.131145 0.000000
vt -6.000525 0.065585 0.000000
vt -4.499055 0.000026 0.000000
vt -2.997585 -0.065533 0.000000
vt -12.006405 0.262260 0.000000
vt -12.006405 0.196698 0.000000
vt -12.006405 0.131137 0.000000
vt -12.006405 0.065575 0.000000
vt -10.504935 0.196701 0.000000
vt -9.003465 0.131142 0.000000
vt -7.501995 0.065583 0.000000
vt -6.000525 0.000024 0.000000
vt -4.499055 -0.065536 0.000000
vt -2.997585 -0.131096 0.000000
vt -10.504935 0.131139 0.000000
vt -10.504935 0.065578 0.000000
vt -10.504935 0.000016 0.000000
vt -9.003465 0.065580 0.000000
vt -7.501995 0.000021 0.000000
vt -6.000525 -0.065539 0.000000
vt -4.499055 -0.131098 0.000000
vt -2.997585 -0.196659 0.000000
vt -9.003465 0.000018 0.000000
vt -9.003465 -0.065544 0.000000
vt -7.501995 -0.065541 0.000000
vt -6.000525 -0.131101 0.000000
vt -4.499055 -0.196661 0.000000
vt -2.997585 -0.262222 0.000000
vt -7.501995 -0.131104 0.000000
vt -6.000525 -0.196664 0.000000
vt -4.499055 -0.262224 0.000000
vt -2.997585 -0.327785 0.000000
vt -16.510815 -0.393368 0.000000
vt -15.009345 -0.458928 0.000000
vt -13.507875 -0.524489 0.000000
vt -12.006405 -0.590051 0.000000
vt -10.504935 -0.655612 0.000000
vt -9.003465 -0.721175 0.000000
vt -7.501995 -0.786738 0.000000
vt -6.000525 -0.852302 0.000000
vt -4.499055 -0.917866 0.000000
vt -2.997585 -0.983431 0.000000
vt -16.510815 -0.458930 0.000000
vt -16.510815 -0.524493 0.000000
vt -16.510815 -0.590055 0.000000
vt -16.510815 -0.655618 0.000000
vt -16.510815 -0.721180 0.000000
vt -16.510815 -0.786743 0.000000
vt -16.510815 -0.852305 0.000000
vt -15.009345 -0.524491 0.000000
vt -13.507875 -0.590052 0.000000
vt -12.006405 -0.655614 0.000000
vt -10.504935 -0.721176 0.000000
vt -9.003465 -0.786739 0.000000
vt -7.501995 -0.852302 0.000000
vt -6.000525 -0.917866 0.000000
vt -4.499055 -0.983431 0.000000
vt -4.499055 -1.048996 0.000000
vt -15.009345 -0.590054 0.000000
vt -15.009345 -0.655616 0.000000
vt -15.009345 -0.721179 0.000000
vt -15.009345 -0.786742 0.000000
vt -15.009345 -0.852305 0.000000
vt -15.009345 -0.917868 0.000000
vt -13.507875 -0.655615 0.000000
vt -12.006405 -0.721177 0.000000
vt -10.504935 -0.786740 0.000000
vt -9.003465 -0.852303 0.000000
vt -7.501995 -0.917866 0.000000
vt -6.000525 -0.983431 0.000000
vt -6.000525 -1.048995 0.000000
vt -6.000525 -1.114560 0.000000
vt -13.507875 -0.721178 0.000000
vt -13.507875 -0.786741 0.000000
vt -13.507875 -0.852304 0.000000
vt -13.507875 -0.917867 0.000000
vt -13.507875 -0.983430 0.000000
vt -12.006405 -0.786740 0.000000
vt -10.504935 -0.852303 0.000000
vt -9.003465 -0.917867 0.000000
vt -7.501995 -0.983431 0.000000
vt -7.501995 -1.048995 0.000000
vt -7.501995 -1.114559 0.000000
vt -7.501995 -1.180123 0.000000
vt -12.006405 -0.852304 0.000000
vt -12.006405 -0.917867 0.000000
vt -12.006405 -0.983431 0.000000
vt -13.507875 -1.048994 0.000000
vt -10.504935 -0.917867 0.000000
vt -9.003465 -0.983431 0.000000
vt -9.003465 -1.048995 0.000000
vt -9.003465 -1.114559 0.000000
vt -9.003465 -1.180122 0.000000
vt -9.003465 -1.245686 0.000000
vt -10.504935 -0.983431 0.000000
vt -12.006405 -1.048994 0.000000
vt -13.507875 -1.114557 0.000000
vt -10.504935 -1.048994 0.000000
vt -10.504935 -1.114558 0.000000
vt -10.504935 -1.180122 0.000000
vt -10.504935 -1.245685 0.000000
vt -10.504935 -1.311249 0.000000
vt -12.006405 -1.114557 0.000000
vt -13.507875 -1.180120 0.000000
vt -12.006405 -1.180121 0.000000
vt -12.006405 -1.245684 0.000000
vt -12.006405 -1.311247 0.000000
vt -12.006405 -1.376810 0.000000
vt -2.997585 -1.180126 0.000000
vt -4.499055 -1.245690 0.000000
vt -6.000525 -1.311253 0.000000
vt -7.501995 -1.376815 0.000000
vt -9.003465 -1.442377 0.000000
vt -10.504935 -1.507939 0.000000
vt -12.006405 -1.573499 0.000000
vt -13.507875 -1.639060 0.000000
vt -15.009345 -1.704620 0.000000
vt -16.510815 -1.770180 0.000000
vt -13.507875 -1.245683 0.000000
vt -13.507875 -1.311246 0.000000
vt -13.507875 -1.376809 0.000000
vt -13.507875 -1.442372 0.000000
vn -0.100000 0.000000 0.000000
vn -0.100000 0.000000 0.000000
vn -0.100000 0.000000 0.000000
vn -0.100000 0.000000 0.000000
vn -0.100000 0.000000 0.000000
vn -0.100000 0.000000 0.000000
vn -0.100000 0.000000 0.000000
vn -0.100000 0.000000 0.000000
vn -0.100000 0.000000 0.000000
vn -0.100000 0.000000 0.000000
vn -0.100000 0.000000 0.000000
vn -0.100000 0.000000 0.000000
vn -0.100000 0.000000 0.000000
vn -0.100000 0.000000 0.000000
vn -0.100000 0.000000 0.000000
vn -0.100000 0.000000 0.000000
vn -0.100000 0.000000 0.000000
vn -0.100000 0.000000 0.000000
vn -0.100000 0.000000 0.000000
vn -0.100000 0.000000 0.000000
vn -0.100000 0.000000 0.000000
vn -0.100000 0.000000 0.000000
vn -0.100000 0.000000 0.000000
vn -0.100000 0.000000 0.000000
vn -0.100000 0.000000 0.000000
vn -0.100000 0.000000 0.000000
vn -0.100000 0.000000 0.000000
vn -0.100000 0.000000 0.000000
vn -0.100000 0.000000 0.000000
vn -0.100000 0.000000 0.000000
vn -0.100000 0.000000 0.000000
vn -0.100000 0.000000 0.000000
vn -0.100000 0.000000 0.000000
vn -0.100000 0.000000 0.000000
vn -0.100000 0.000000 0.000000
vn -0.100000 0.000000 0.000000
vn -0.100000 0.000000 0.000000
vn -0.100000 0.000000 0.000000
vn -0.100000 0.000000 0.000000
vn -0.100000 0.000000 0.000000
vn -0.100000 0.000000 0.000000
vn -0.100000 0.000000 0.000000
vn -0.100000 0.000000 0.000000
vn -0.100000 0.000000 0.000000
vn -0.100000 0.000000 0.000000
vn -0.100000 0.000000 0.000000
vn -0.100000 0.000000 0.000000
vn -0.100000 0.000000 0.000000
vn -0.100000 0.000000 0.000000
vn -0.100000 0.000000 0.000000
vn -0.100000 0.000000 0.000000
vn -0.100000 0.000000 0.000000
vn -0.100000 0.000000 0.000000
vn -0.100000 0.000000 0.000000
vn -0.100000 0.000000 0.000000
vn -0.100000 0.000000 0.000000
vn -0.100000 0.000000 0.000000
vn -0.100000 0.000000 0.000000
vn -0.100000 0.000000 0.000000
vn -0.100000 0.000000 0.000000
vn 0.100000 0.000000 0.000000
vn 0.100000 0.000000 0.000000
vn 0.100000 0.000000 0.000000
vn 0.100000 0.000000 0.000000
vn 0.100000 0.000000 0.000000
vn 0.100000 0.000000 0.000000
vn 0.100000 0.000000 0.000000
vn 0.100000 0.000000 0.000000
vn 0.100000 0.000000 0.000000
vn 0.100000 0.000000 0.000000
vn 0.100000 0.000000 0.000000
vn 0.100000 0.000000 0.000000
vn 0.100000 0.000000 0.000000
vn 0.100000 0.000000 0.000000
vn 0.100000 0.000000 0.000000
vn 0.100000 0.000000 0.000000
vn 0.100000 0.000000 0.000000
vn 0.100000 0.000000 0.000000
vn 0.100000 0.000000 0.000000
vn 0.100000 0.000000 0.000000
vn 0.100000 0.000000 0.000000
vn 0.100000 0.000000 0.000000
vn 0.100000 0.000000 0.000000
vn 0.100000 0.000000 0.000000
vn 0.100000 0.000000 0.000000
vn 0.100000 0.000000 0.000000
vn 0.100000 0.000000 0.000000
vn 0.100000 0.000000 0.000000
vn 0.100000 0.000000 0.000000
vn 0.100000 0.000000 0.000000
vn 0.100000 0.000000 0.000000
vn 0.100000 0.000000 0.000000
vn 0.100000 0.000000 0.000000
vn 0.100000 0.000000 0.000000
vn 0.100000 0.000000 0.000000
vn 0.100000 0.000000 0.000000
vn 0.100000 0.000000 0.000000
vn 0.100000 0.000000 0.000000
vn 0.100000 0.000000 0.000000
vn 0.100000 0.000000 0.000000
vn 0.100000 0.000000 0.000000
vn 0.100000 0.000000 0.000000
vn 0.100000 0.000000 0.000000
vn 0.100000 0.000000 0.000000
vn 0.100000 0.000000 0.000000
vn 0.100000 0.000000 0.000000
vn 0.100000 0.000000 0.000000
vn 0.100000 0.000000 0.000000
vn 0.100000 0.000000 0.000000
vn 0.100000 0.000000 0.000000
vn 0.100000 0.000000 0.000000
vn 0.100000 0.000000 0.000000
vn 0.100000 0.000000 0.000000
vn 0.000812 0.099295 -0.011827
vn 0.000801 0.099450 -0.010447
vn 0.000721 0.099997 0.000000
vn 0.000721 0.099997 0.000006
vn 0.000641 0.099450 0.010458
vn 0.000641 0.099450 0.010457
vn 0.000561 0.097812 0.020795
vn 0.000561 0.097812 0.020795
vn 0.000483 0.095103 0.030905
vn 0.000483 0.095103 0.030905
vn 0.000408 0.091352 0.040677
vn 0.000408 0.091352 0.040676
vn 0.000337 0.086601 0.050002
vn 0.000337 0.086601 0.050002
vn 0.000269 0.080900 0.058780
vn 0.000269 0.080900 0.058780
vn 0.000207 0.074313 0.066914
vn 0.000207 0.074313 0.066914
vn 0.000150 0.066912 0.074315
vn 0.000150 0.066912 0.074315
vn 0.000099 0.058778 0.080902
vn 0.000099 0.058778 0.080902
vn 0.000055 0.049999 0.086603
vn 0.000055 0.050000 0.086603
vn 0.000019 0.040673 0.091355
vn 0.000019 0.040673 0.091355
vn -0.000010 0.030902 0.095106
vn -0.000010 0.030902 0.095106
vn -0.000031 0.020791 0.097815
vn 0.000881 0.097812 -0.020785
vn 0.000902 0.097198 -0.023488
vn 0.000959 0.095103 -0.030896
vn 0.000989 0.093737 -0.034818
vn 0.001034 0.091352 -0.040667
vn 0.001072 0.088961 -0.045660
vn 0.001105 0.086600 -0.049993
vn 0.001151 0.082935 -0.055861
vn 0.001173 0.080899 -0.058771
vn 0.001223 0.075745 -0.065277
vn 0.001235 0.074311 -0.066905
vn 0.001288 0.067493 -0.073777
vn 0.001292 0.066910 -0.074306
vn 0.001346 0.058293 -0.081241
vn 0.001343 0.058776 -0.080893
vn 0.001387 0.049997 -0.086593
vn 0.001343 0.058776 -0.080893
vn 0.001387 0.049997 -0.086593
vn 0.001343 0.058775 -0.080893
vn 0.001387 0.049997 -0.086593
vn 0.001343 0.058775 -0.080893
vn 0.001387 0.049997 -0.086593
vn 0.001343 0.058775 -0.080893
vn 0.001387 0.049997 -0.086593
vn 0.001343 0.058775 -0.080893
vn 0.001387 0.049997 -0.086593
vn 0.001343 0.058774 -0.080893
vn 0.001387 0.049996 -0.086594
vn 0.001343 0.058774 -0.080894
vn 0.001387 0.049996 -0.086594
vn 0.001343 0.058774 -0.080894
vn 0.001387 0.049996 -0.086594
vn 0.001343 0.058774 -0.080894
vn 0.001387 0.049996 -0.086594
vn 0.001343 0.058774 -0.080894
vn 0.001387 0.049996 -0.086594
vn 0.001343 0.058773 -0.080894
vn 0.001387 0.049995 -0.086594
vn 0.001343 0.058773 -0.080894
vn 0.001387 0.049995 -0.086594
vn 0.001423 0.040670 -0.091345
vn 0.001423 0.040670 -0.091345
vn 0.001452 0.030899 -0.095096
vn 0.001452 0.030898 -0.095096
vn 0.001473 0.020789 -0.097804
vn 0.001473 0.020789 -0.097804
vn 0.001486 0.010452 -0.099441
vn 0.001486 0.010452 -0.099441
vn 0.001490 0.000000 -0.099989
vn 0.001490 -0.000000 -0.099989
vn 0.001486 -0.010452 -0.099441
vn 0.001486 -0.010452 -0.099441
vn 0.001473 -0.020789 -0.097804
vn 0.001473 -0.020789 -0.097804
vn 0.001452 -0.030898 -0.095096
vn 0.001452 -0.030899 -0.095096
vn 0.001423 -0.040670 -0.091345
vn 0.001423 -0.040670 -0.091345
vn 0.001387 -0.049995 -0.086594
vn 0.001387 -0.049995 -0.086594
vn 0.001343 -0.058773 -0.080894
vn 0.001343 -0.058773 -0.080894
vn 0.001292 -0.066907 -0.074308
vn 0.001292 -0.066908 -0.074308
vn 0.001235 -0.074309 -0.066908
vn 0.001235 -0.074309 -0.066908
vn 0.001173 -0.080896 -0.058774
vn 0.001173 -0.080896 -0.058774
vn 0.001105 -0.086597 -0.049997
vn 0.001105 -0.086597 -0.049997
vn 0.001034 -0.091350 -0.040671
vn 0.001034 -0.091350 -0.040671
vn 0.000959 -0.095101 -0.030900
vn 0.000959 -0.095101 -0.030900
vn 0.000881 -0.097811 -0.020790
vn 0.000881 -0.097811 -0.020790
vn 0.000801 -0.099449 -0.010453
vn 0.000801 -0.099449 -0.010452
vn 0.000721 -0.099997 -0.000000
vn 0.000721 -0.099997 0.000000
vn 0.000641 -0.099450 0.010453
vn 0.000641 -0.099450 0.010453
vn 0.000561 -0.097813 0.020791
vn 0.000561 -0.097813 0.020791
vn 0.000483 -0.095105 0.030901
vn 0.000483 -0.095104 0.030902
vn 0.000408 -0.091354 0.040673
vn 0.000408 -0.091354 0.040674
vn 0.000337 -0.086602 0.050000
vn 0.000337 -0.086602 0.050000
vn 0.000269 -0.080901 0.058778
vn 0.000269 -0.080901 0.058779
vn 0.000207 -0.074314 0.066913
vn 0.000207 -0.074314 0.066913
vn 0.000150 -0.066913 0.074314
vn 0.000150 -0.066913 0.074315
vn 0.000099 -0.058778 0.080902
vn 0.000099 -0.058778 0.080902
vn 0.000055 -0.050000 0.086603
vn 0.000055 -0.050000 0.086603
vn 0.000019 -0.040674 0.091355
vn 0.000019 -0.040674 0.091355
vn -0.000010 -0.030902 0.095106
vn -0.000010 -0.030902 0.095106
vn -0.000031 -0.020791 0.097815
vn -0.000031 -0.020791 0.097815
vn -0.000044 -0.010453 0.099452
vn -0.000044 -0.010453 0.099452
vn -0.000048 0.000000 0.100000
vn -0.000048 -0.000000 0.100000
vn -0.000044 0.010453 0.099452
vn -0.000044 0.010453 0.099452
vn -0.000031 0.020791 0.097815
vn -0.000031 0.020791 0.097815
vn -0.000010 0.030901 0.095106
vn -0.000010 0.030901 0.095106
vn 0.000019 0.040673 0.091355
vn 0.000019 0.040673 0.091355
vn 0.000055 0.049999 0.086603
vn 0.000055 0.049999 0.086603
vn 0.000099 0.058777 0.080903
vn 0.000099 0.058777 0.080903
vn 0.000150 0.066911 0.074316
vn 0.000150 0.066911 0.074316
vn 0.000207 0.074313 0.066915
vn 0.000207 0.074312 0.066915
vn 0.000269 0.080900 0.058781
vn 0.000269 0.080899 0.058781
vn 0.000337 0.086600 0.050003
vn 0.000337 0.086600 0.050003
vn 0.000408 0.091352 0.040677
vn 0.000408 0.091352 0.040678
vn 0.000483 0.095103 0.030906
vn 0.000453 0.093741 0.034820
vn 0.000540 0.097201 0.023488
vn 0.001394 0.048275 -0.087565
vn 0.001423 0.040672 -0.091344
vn 0.001423 0.040671 -0.091344
vn 0.001423 0.040671 -0.091345
vn 0.001423 0.040671 -0.091345
vn 0.001423 0.040671 -0.091345
vn 0.001423 0.040671 -0.091345
vn 0.001423 0.040671 -0.091345
vn 0.001423 0.040670 -0.091345
vn 0.001423 0.040670 -0.091345
vn 0.001423 0.040670 -0.091345
vn 0.001423 0.040670 -0.091345
vn 0.001433 0.037579 -0.092659
vn 0.001452 0.030900 -0.095095
vn 0.001452 0.030900 -0.095095
vn 0.001452 0.030900 -0.095095
vn 0.001452 0.030900 -0.095095
vn 0.001452 0.030900 -0.095095
vn 0.001452 0.030899 -0.095095
vn 0.001452 0.030899 -0.095095
vn 0.001452 0.030899 -0.095095
vn 0.001452 0.030899 -0.095095
vn 0.001452 0.030899 -0.095095
vn 0.001452 0.030899 -0.095096
vn 0.001463 0.026356 -0.096453
vn 0.001473 0.020790 -0.097804
vn 0.001473 0.020790 -0.097804
vn 0.001473 0.020790 -0.097804
vn 0.001473 0.020790 -0.097804
vn 0.001473 0.020790 -0.097804
vn 0.001473 0.020790 -0.097804
vn 0.001473 0.020789 -0.097804
vn 0.001473 0.020789 -0.097804
vn 0.001473 0.020789 -0.097804
vn 0.001473 0.020789 -0.097804
vn 0.001473 0.020789 -0.097804
vn 0.001481 0.014763 -0.098893
vn 0.001486 0.010452 -0.099441
vn 0.001486 0.010452 -0.099441
vn 0.001486 0.010452 -0.099441
vn 0.001486 0.010452 -0.099441
vn 0.001486 0.010452 -0.099441
vn 0.001486 0.010452 -0.099441
vn 0.001486 0.010452 -0.099441
vn 0.001486 0.010452 -0.099441
vn 0.001486 0.010452 -0.099441
vn 0.001486 0.010452 -0.099441
vn 0.001486 0.010452 -0.099441
vn 0.001489 0.002963 -0.099945
vn 0.001490 0.000000 -0.099989
vn 0.001490 0.000000 -0.099989
vn 0.001490 0.000000 -0.099989
vn 0.001490 0.000000 -0.099989
vn 0.001490 0.000000 -0.099989
vn 0.001490 0.000000 -0.099989
vn 0.001490 0.000000 -0.099989
vn 0.001490 0.000000 -0.099989
vn 0.001490 0.000000 -0.099989
vn 0.001490 0.000000 -0.099989
vn 0.001490 0.000000 -0.099989
vn 0.001487 -0.008879 -0.099594
vn 0.001486 -0.010452 -0.099441
vn 0.001486 -0.010452 -0.099441
vn 0.001473 -0.020790 -0.097804
vn 0.001473 -0.020790 -0.097804
vn 0.001452 -0.030900 -0.095095
vn 0.001452 -0.030899 -0.095095
vn 0.001423 -0.040671 -0.091345
vn 0.001423 -0.040671 -0.091345
vn 0.001387 -0.049997 -0.086593
vn 0.001387 -0.049996 -0.086593
vn 0.001343 -0.058775 -0.080893
vn 0.001343 -0.058774 -0.080894
vn 0.001292 -0.066909 -0.074307
vn 0.001292 -0.066909 -0.074307
vn 0.001235 -0.074310 -0.066907
vn 0.001235 -0.074310 -0.066907
vn 0.001173 -0.080897 -0.058773
vn 0.001173 -0.080897 -0.058774
vn 0.001105 -0.086598 -0.049996
vn 0.001105 -0.086598 -0.049996
vn 0.001034 -0.091350 -0.040671
vn 0.001473 -0.020596 -0.097845
vn 0.001473 -0.020790 -0.097804
vn 0.001452 -0.030900 -0.095095
vn 0.001423 -0.040671 -0.091345
vn 0.001387 -0.049997 -0.086593
vn 0.001343 -0.058775 -0.080893
vn 0.001292 -0.066909 -0.074307
vn 0.001235 -0.074310 -0.066907
vn 0.001173 -0.080897 -0.058773
vn 0.001105 -0.086598 -0.049996
vn 0.001034 -0.091350 -0.040670
vn 0.000959 -0.095102 -0.030900
vn 0.001452 -0.030900 -0.095095
vn 0.001449 -0.032024 -0.094723
vn 0.001423 -0.040671 -0.091344
vn 0.001415 -0.043002 -0.090271
vn 0.001387 -0.049997 -0.086593
vn 0.001371 -0.053377 -0.084552
vn 0.001343 -0.058776 -0.080893
vn 0.001318 -0.063003 -0.077646
vn 0.001292 -0.066910 -0.074306
vn 0.001257 -0.071745 -0.069650
vn 0.001235 -0.074311 -0.066905
vn 0.001188 -0.079480 -0.060676
vn 0.001173 -0.080899 -0.058771
vn 0.001112 -0.086099 -0.050850
vn 0.001105 -0.086599 -0.049993
vn 0.001031 -0.091510 -0.040310
vn 0.001034 -0.091352 -0.040667
vn 0.000959 -0.095103 -0.030896
vn 0.000959 -0.095103 -0.030896
vn 0.000881 -0.097812 -0.020786
vn 0.000881 -0.097812 -0.020786
vn 0.000801 -0.099449 -0.010448
vn 0.000801 -0.099449 -0.010449
vn 0.000721 -0.099997 0.000004
vn 0.000721 -0.099997 0.000003
vn 0.000641 -0.099450 0.010456
vn 0.000641 -0.099450 0.010456
vn 0.000561 -0.097813 0.020794
vn 0.000561 -0.097813 0.020793
vn 0.000483 -0.095104 0.030904
vn 0.000483 -0.095104 0.030903
vn 0.000408 -0.091353 0.040675
vn 0.000408 -0.091353 0.040675
vn 0.000337 -0.086601 0.050001
vn 0.000337 -0.086602 0.050001
vn 0.000269 -0.080901 0.058779
vn 0.000269 -0.080901 0.058779
vn 0.000207 -0.074314 0.066913
vn 0.000946 -0.095636 -0.029204
vn 0.000881 -0.097812 -0.020786
vn 0.000801 -0.099449 -0.010448
vn 0.000721 -0.099997 0.000004
vn 0.000641 -0.099450 0.010456
vn 0.000561 -0.097813 0.020794
vn 0.000483 -0.095104 0.030904
vn 0.000408 -0.091353 0.040675
vn 0.000337 -0.086601 0.050001
vn 0.000269 -0.080901 0.058779
vn 0.000207 -0.074314 0.066914
vn 0.000150 -0.066913 0.074315
vn 0.000857 -0.098419 -0.017688
vn 0.000801 -0.099450 -0.010448
vn 0.000721 -0.099997 0.000005
vn 0.000641 -0.099450 0.010457
vn 0.000561 -0.097812 0.020794
vn 0.000483 -0.095104 0.030904
vn 0.000408 -0.091353 0.040676
vn 0.000337 -0.086601 0.050002
vn 0.000269 -0.080900 0.058780
vn 0.000207 -0.074313 0.066914
vn 0.000150 -0.066912 0.074315
vn 0.000099 -0.058778 0.080902
vn 0.000767 -0.099821 -0.005924
vn 0.000721 -0.099997 0.000005
vn 0.000641 -0.099450 0.010457
vn 0.000561 -0.097812 0.020795
vn 0.000483 -0.095103 0.030905
vn 0.000408 -0.091353 0.040676
vn 0.000337 -0.086601 0.050002
vn 0.000269 -0.080900 0.058780
vn 0.000207 -0.074313 0.066914
vn 0.000150 -0.066912 0.074315
vn 0.000099 -0.058778 0.080902
vn 0.000055 -0.050000 0.086603
vn 0.000676 -0.099822 0.005924
vn 0.000641 -0.099450 0.010458
vn 0.000561 -0.097812 0.020795
vn 0.000483 -0.095103 0.030905
vn 0.000408 -0.091352 0.040676
vn 0.000337 -0.086601 0.050002
vn 0.000269 -0.080900 0.058780
vn 0.000207 -0.074313 0.066914
vn 0.000150 -0.066912 0.074315
vn 0.000099 -0.058778 0.080902
vn 0.000055 -0.049999 0.086603
vn 0.000019 -0.040673 0.091355
vn 0.000585 -0.098421 0.017689
vn 0.000561 -0.097812 0.020796
vn 0.000483 -0.095103 0.030905
vn 0.000408 -0.091352 0.040677
vn 0.000337 -0.086600 0.050003
vn 0.000269 -0.080900 0.058780
vn 0.000207 -0.074313 0.066915
vn 0.000150 -0.066912 0.074316
vn 0.000099 -0.058778 0.080902
vn 0.000055 -0.049999 0.086603
vn 0.000019 -0.040673 0.091355
vn -0.000010 -0.030901 0.095106
vn 0.000497 -0.095639 0.029205
vn 0.000483 -0.095103 0.030906
vn 0.000408 -0.091352 0.040677
vn 0.000337 -0.086600 0.050003
vn 0.000269 -0.080900 0.058781
vn 0.000207 -0.074313 0.066915
vn 0.000150 -0.066912 0.074316
vn 0.000099 -0.058777 0.080903
vn 0.000055 -0.049999 0.086603
vn 0.000019 -0.040673 0.091355
vn -0.000010 -0.030901 0.095106
vn -0.000031 -0.020791 0.097815
vn 0.000411 -0.091514 0.040312
vn 0.000408 -0.091352 0.040678
vn 0.000337 -0.086600 0.050003
vn 0.000269 -0.080899 0.058781
vn 0.000207 -0.074312 0.066915
vn 0.000150 -0.066911 0.074316
vn 0.000099 -0.058777 0.080903
vn 0.000055 -0.049999 0.086603
vn 0.000019 -0.040673 0.091355
vn -0.000010 -0.030901 0.095106
vn -0.000031 -0.020791 0.097815
vn -0.000044 -0.010453 0.099452
vn 0.000337 -0.086600 0.050003
vn 0.000330 -0.086104 0.050853
vn 0.000269 -0.080899 0.058782
vn 0.000255 -0.079485 0.060680
vn 0.000207 -0.074312 0.066916
vn 0.000185 -0.071751 0.069655
vn 0.000150 -0.066911 0.074317
vn 0.000124 -0.063009 0.077652
vn 0.000099 -0.058776 0.080903
vn 0.000071 -0.053382 0.084560
vn 0.000055 -0.049998 0.086604
vn 0.000027 -0.043007 0.090280
vn 0.000019 -0.040672 0.091355
vn -0.000007 -0.032027 0.094733
vn -0.000010 -0.030900 0.095106
vn -0.000031 -0.020598 0.097856
vn -0.000031 -0.020790 0.097815
vn -0.000044 -0.010452 0.099452
vn -0.000044 -0.010452 0.099452
vn -0.000048 -0.000000 0.100000
vn -0.000048 -0.000000 0.100000
vn -0.000044 0.010452 0.099452
vn -0.000044 0.010452 0.099452
vn -0.000031 0.020790 0.097815
vn -0.000031 0.020790 0.097815
vn -0.000010 0.030900 0.095106
vn -0.000010 0.030900 0.095106
vn 0.000019 0.040672 0.091355
vn 0.000019 0.040672 0.091355
vn 0.000055 0.049998 0.086604
vn 0.000055 0.049998 0.086604
vn 0.000099 0.058776 0.080903
vn 0.000099 0.058776 0.080903
vn 0.000150 0.066911 0.074317
vn 0.000150 0.066911 0.074316
vn 0.000207 0.074312 0.066916
vn 0.000207 0.074312 0.066915
vn 0.000269 0.080899 0.058781
vn -0.000045 -0.008880 0.099605
vn -0.000048 -0.000000 0.100000
vn -0.000044 0.010452 0.099452
vn -0.000031 0.020790 0.097815
vn -0.000010 0.030900 0.095106
vn 0.000019 0.040672 0.091355
vn 0.000055 0.049998 0.086604
vn 0.000099 0.058776 0.080903
vn 0.000150 0.066910 0.074317
vn 0.000207 0.074312 0.066916
vn 0.000269 0.080899 0.058782
vn 0.000337 0.086600 0.050004
vn -0.000047 0.002963 0.099956
vn -0.000039 0.014765 0.098904
vn -0.000021 0.026359 0.096464
vn 0.000009 0.037583 0.092669
vn 0.000048 0.048279 0.087573
vn 0.000096 0.058298 0.081249
vn 0.000154 0.067498 0.073783
vn 0.000219 0.075751 0.065282
vn 0.000292 0.082940 0.055864
vn 0.000370 0.088965 0.045663
vn 0.000561 0.097812 0.020796
vn 0.000630 0.099296 0.011827
vn 0.000641 0.099450 0.010453
vn 0.000721 0.099997 0.000006
vn 0.000721 0.099997 0.000000
vn 0.000801 0.099449 -0.010452
vn 0.000801 0.099449 -0.010453
vn 0.000881 0.097811 -0.020790
vn 0.000881 0.097811 -0.020790
vn 0.000959 0.095101 -0.030900
vn 0.000959 0.095101 -0.030900
vn 0.001034 0.091350 -0.040671
vn 0.001034 0.091350 -0.040671
vn 0.001105 0.086597 -0.049997
vn 0.001105 0.086597 -0.049997
vn 0.001173 0.080896 -0.058774
vn 0.001173 0.080896 -0.058774
vn 0.001235 0.074309 -0.066908
vn 0.001235 0.074309 -0.066908
vn 0.001292 0.066908 -0.074308
vn 0.001292 0.066907 -0.074308
vn 0.000641 0.099450 0.010453
vn 0.000561 0.097813 0.020791
vn 0.000561 0.097813 0.020791
vn 0.000483 0.095105 0.030901
vn 0.000483 0.095104 0.030902
vn 0.000408 0.091354 0.040673
vn 0.000408 0.091354 0.040674
vn 0.000337 0.086602 0.050000
vn 0.000337 0.086602 0.050000
vn 0.000269 0.080901 0.058778
vn 0.000269 0.080901 0.058779
vn 0.000207 0.074314 0.066913
vn 0.000207 0.074314 0.066913
vn 0.000150 0.066913 0.074314
vn 0.000150 0.066913 0.074315
vn 0.000099 0.058778 0.080902
vn 0.000099 0.058778 0.080902
vn 0.000055 0.050000 0.086603
vn 0.000055 0.050000 0.086603
vn 0.000019 0.040674 0.091355
vn -0.000031 0.020791 0.097815
vn -0.000044 0.010453 0.099452
vn 0.000721 0.099997 0.000006
vn 0.000641 0.099450 0.010457
vn 0.000561 0.097812 0.020795
vn 0.000483 0.095104 0.030904
vn 0.000408 0.091353 0.040676
vn 0.000337 0.086601 0.050002
vn 0.000269 0.080900 0.058780
vn 0.000207 0.074313 0.066914
vn 0.000150 0.066912 0.074315
vn 0.000099 0.058778 0.080902
vn 0.000721 0.099997 0.000006
vn 0.000641 0.099450 0.010457
vn 0.000561 0.097813 0.020794
vn 0.000483 0.095104 0.030904
vn 0.000408 0.091353 0.040676
vn 0.000337 0.086601 0.050001
vn 0.000269 0.080901 0.058779
vn 0.000207 0.074314 0.066914
vn 0.000150 0.066913 0.074315
vn 0.000801 0.099449 -0.010448
vn 0.000801 0.099449 -0.010448
vn 0.000721 0.099997 0.000006
vn 0.000801 0.099449 -0.010449
vn 0.000721 0.099997 0.000006
vn 0.000801 0.099449 -0.010449
vn 0.000721 0.099997 0.000006
vn 0.000801 0.099449 -0.010450
vn 0.000721 0.099997 0.000006
vn 0.000801 0.099449 -0.010450
vn 0.000721 0.099997 0.000006
vn 0.000801 0.099449 -0.010450
vn 0.000721 0.099997 0.000006
vn 0.000801 0.099449 -0.010451
vn 0.000721 0.099997 0.000006
vn 0.000801 0.099449 -0.010451
vn 0.000721 0.099997 0.000006
vn 0.000801 0.099449 -0.010452
vn 0.000641 0.099450 0.010456
vn 0.000561 0.097813 0.020794
vn 0.000483 0.095104 0.030904
vn 0.000408 0.091353 0.040675
vn 0.000337 0.086601 0.050001
vn 0.000269 0.080901 0.058779
vn 0.000207 0.074314 0.066913
vn 0.000641 0.099450 0.010456
vn 0.000561 0.097813 0.020793
vn 0.000483 0.095104 0.030903
vn 0.000408 0.091353 0.040675
vn 0.000337 0.086601 0.050001
vn 0.000269 0.080901 0.058779
vn 0.000641 0.099450 0.010455
vn 0.000561 0.097813 0.020793
vn 0.000483 0.095104 0.030903
vn 0.000408 0.091353 0.040674
vn 0.000337 0.086602 0.050000
vn 0.000641 0.099450 0.010455
vn 0.000561 0.097813 0.020793
vn 0.000483 0.095104 0.030903
vn 0.000408 0.091353 0.040674
vn 0.000641 0.099450 0.010454
vn 0.000561 0.097813 0.020792
vn 0.000483 0.095104 0.030902
vn 0.000641 0.099450 0.010454
vn 0.000561 0.097813 0.020792
vn 0.000641 0.099450 0.010453
vn 0.000881 0.097812 -0.020786
vn 0.000881 0.097812 -0.020786
vn 0.000881 0.097812 -0.020787
vn 0.000881 0.097812 -0.020787
vn 0.000881 0.097812 -0.020787
vn 0.000881 0.097811 -0.020788
vn 0.000881 0.097811 -0.020788
vn 0.000881 0.097811 -0.020789
vn 0.000881 0.097811 -0.020789
vn 0.000881 0.097811 -0.020790
vn 0.000959 0.095103 -0.030896
vn 0.000959 0.095103 -0.030896
vn 0.000959 0.095102 -0.030897
vn 0.000959 0.095102 -0.030897
vn 0.000959 0.095102 -0.030898
vn 0.000959 0.095102 -0.030898
vn 0.000959 0.095102 -0.030898
vn 0.000959 0.095102 -0.030899
vn 0.000959 0.095102 -0.030899
vn 0.000959 0.095102 -0.030899
vn 0.001034 0.091351 -0.040667
vn 0.001034 0.091351 -0.040668
vn 0.001034 0.091351 -0.040668
vn 0.001034 0.091351 -0.040669
vn 0.001034 0.091351 -0.040669
vn 0.001034 0.091351 -0.040669
vn 0.001034 0.091350 -0.040670
vn 0.001034 0.091350 -0.040670
vn 0.001034 0.091350 -0.040670
vn 0.001034 0.091350 -0.040671
vn 0.001105 0.086599 -0.049993
vn 0.001105 0.086599 -0.049994
vn 0.001105 0.086599 -0.049994
vn 0.001105 0.086599 -0.049994
vn 0.001105 0.086599 -0.049995
vn 0.001105 0.086598 -0.049995
vn 0.001105 0.086598 -0.049995
vn 0.001105 0.086598 -0.049996
vn 0.001105 0.086598 -0.049996
vn 0.001105 0.086598 -0.049996
vn 0.001173 0.080898 -0.058771
vn 0.001173 0.080898 -0.058772
vn 0.001173 0.080898 -0.058772
vn 0.001173 0.080898 -0.058772
vn 0.001173 0.080898 -0.058772
vn 0.001173 0.080897 -0.058773
vn 0.001173 0.080897 -0.058773
vn 0.001173 0.080897 -0.058773
vn 0.001173 0.080897 -0.058774
vn 0.001173 0.080897 -0.058774
vn 0.001235 0.074311 -0.066905
vn 0.001235 0.074311 -0.066906
vn 0.001235 0.074311 -0.066906
vn 0.001235 0.074311 -0.066906
vn 0.001235 0.074310 -0.066906
vn 0.001235 0.074310 -0.066907
vn 0.001235 0.074310 -0.066907
vn 0.001235 0.074310 -0.066907
vn 0.001235 0.074309 -0.066907
vn 0.001235 0.074309 -0.066907
vn 0.001292 0.066910 -0.074306
vn 0.001292 0.066910 -0.074306
vn 0.001292 0.066909 -0.074307
vn 0.001292 0.066909 -0.074307
vn 0.001292 0.066909 -0.074307
vn 0.001292 0.066909 -0.074307
vn 0.001292 0.066909 -0.074307
vn 0.001292 0.066908 -0.074307
vn 0.001292 0.066908 -0.074308
vn 0.001292 0.066908 -0.074308
vn 0.001486 -0.010452 -0.099441
vn 0.001486 -0.010452 -0.099441
vn 0.001486 -0.010452 -0.099441
vn 0.001486 -0.010452 -0.099441
vn 0.001486 -0.010452 -0.099441
vn 0.001486 -0.010452 -0.099441
vn 0.001486 -0.010452 -0.099441
vn 0.001486 -0.010452 -0.099441
vn 0.001486 -0.010452 -0.099441
vn 0.001473 -0.020790 -0.097804
vn 0.001473 -0.020790 -0.097804
vn 0.001473 -0.020789 -0.097804
vn 0.001473 -0.020789 -0.097804
vn 0.001473 -0.020789 -0.097804
vn 0.001473 -0.020789 -0.097804
vn 0.001473 -0.020789 -0.097804
vn 0.001473 -0.020789 -0.097804
vn 0.001452 -0.030899 -0.095095
vn 0.001452 -0.030899 -0.095095
vn 0.001452 -0.030899 -0.095095
vn 0.001452 -0.030899 -0.095095
vn 0.001452 -0.030899 -0.095095
vn 0.001452 -0.030899 -0.095096
vn 0.001452 -0.030899 -0.095096
vn 0.001423 -0.040671 -0.091345
vn 0.001387 -0.049997 -0.086593
vn 0.001343 -0.058775 -0.080893
vn 0.001292 -0.066909 -0.074307
vn 0.001235 -0.074310 -0.066906
vn 0.001173 -0.080897 -0.058773
vn 0.001105 -0.086598 -0.049995
vn 0.001034 -0.091350 -0.040670
vn 0.000959 -0.095102 -0.030899
vn 0.000881 -0.097811 -0.020790
vn 0.001387 -0.049997 -0.086593
vn 0.001343 -0.058775 -0.080893
vn 0.001292 -0.066910 -0.074306
vn 0.001235 -0.074311 -0.066905
vn 0.001173 -0.080898 -0.058771
vn 0.001105 -0.086599 -0.049994
vn 0.001034 -0.091351 -0.040668
vn 0.001423 -0.040671 -0.091345
vn 0.001423 -0.040670 -0.091345
vn 0.001387 -0.049996 -0.086594
vn 0.001423 -0.040670 -0.091345
vn 0.001387 -0.049996 -0.086594
vn 0.001343 -0.058774 -0.080894
vn 0.001423 -0.040670 -0.091345
vn 0.001387 -0.049996 -0.086594
vn 0.001343 -0.058774 -0.080894
vn 0.001292 -0.066908 -0.074308
vn 0.001423 -0.040670 -0.091345
vn 0.001387 -0.049996 -0.086594
vn 0.001343 -0.058774 -0.080894
vn 0.001292 -0.066908 -0.074308
vn 0.001235 -0.074309 -0.066907
vn 0.001423 -0.040670 -0.091345
vn 0.001387 -0.049996 -0.086594
vn 0.001343 -0.058774 -0.080894
vn 0.001292 -0.066908 -0.074308
vn 0.001235 -0.074309 -0.066907
vn 0.001173 -0.080897 -0.058774
vn 0.001343 -0.058775 -0.080893
vn 0.001292 -0.066909 -0.074307
vn 0.001235 -0.074310 -0.066906
vn 0.001173 -0.080898 -0.058773
vn 0.001105 -0.086598 -0.049995
vn 0.001034 -0.091350 -0.040670
vn 0.000959 -0.095102 -0.030899
vn 0.000881 -0.097811 -0.020789
vn 0.000801 -0.099449 -0.010452
vn 0.001292 -0.066910 -0.074306
vn 0.001235 -0.074311 -0.066906
vn 0.001173 -0.080898 -0.058772
vn 0.001105 -0.086599 -0.049994
vn 0.001034 -0.091351 -0.040668
vn 0.000959 -0.095103 -0.030897
vn 0.001235 -0.074311 -0.066906
vn 0.001173 -0.080898 -0.058772
vn 0.001105 -0.086599 -0.049995
vn 0.001034 -0.091351 -0.040669
vn 0.000959 -0.095102 -0.030898
vn 0.000881 -0.097811 -0.020789
vn 0.000801 -0.099449 -0.010451
vn 0.000721 -0.099997 0.000001
vn 0.001173 -0.080898 -0.058772
vn 0.001105 -0.086599 -0.049994
vn 0.001034 -0.091351 -0.040668
vn 0.000959 -0.095102 -0.030897
vn 0.000881 -0.097812 -0.020787
vn 0.001105 -0.086599 -0.049994
vn 0.001034 -0.091351 -0.040669
vn 0.000959 -0.095102 -0.030898
vn 0.000881 -0.097811 -0.020788
vn 0.000801 -0.099449 -0.010451
vn 0.000721 -0.099997 0.000001
vn 0.000641 -0.099450 0.010453
vn 0.001034 -0.091351 -0.040669
vn 0.000959 -0.095102 -0.030897
vn 0.000881 -0.097812 -0.020787
vn 0.000801 -0.099449 -0.010449
vn 0.000959 -0.095102 -0.030898
vn 0.000881 -0.097811 -0.020788
vn 0.000801 -0.099449 -0.010450
vn 0.000721 -0.099997 0.000002
vn 0.000641 -0.099450 0.010454
vn 0.000561 -0.097813 0.020792
vn 0.000881 -0.097812 -0.020788
vn 0.000801 -0.099449 -0.010450
vn 0.000721 -0.099997 0.000003
vn 0.000801 -0.099449 -0.010450
vn 0.000721 -0.099997 0.000002
vn 0.000641 -0.099450 0.010454
vn 0.000561 -0.097813 0.020792
vn 0.000483 -0.095104 0.030902
vn 0.000721 -0.099997 0.000003
vn 0.000641 -0.099450 0.010455
vn 0.000641 -0.099450 0.010455
vn 0.000561 -0.097813 0.020792
vn 0.000483 -0.095104 0.030902
vn 0.000408 -0.091353 0.040674
vn 0.000561 -0.097813 0.020793
vn 0.000483 -0.095104 0.030903
vn 0.000408 -0.091353 0.040674
vn 0.000337 -0.086602 0.050000
vn 0.000269 -0.080899 0.058781
vn 0.000207 -0.074312 0.066915
vn 0.000150 -0.066911 0.074316
vn 0.000099 -0.058777 0.080903
vn 0.000055 -0.049999 0.086603
vn 0.000019 -0.040673 0.091355
vn -0.000010 -0.030901 0.095106
vn -0.000031 -0.020791 0.097815
vn -0.000044 -0.010453 0.099452
vn -0.000048 -0.000000 0.100000
vn 0.000207 -0.074312 0.066915
vn 0.000150 -0.066911 0.074316
vn 0.000099 -0.058776 0.080903
vn 0.000055 -0.049998 0.086604
vn 0.000019 -0.040672 0.091355
vn -0.000010 -0.030900 0.095106
vn -0.000031 -0.020790 0.097815
vn 0.000150 -0.066911 0.074316
vn 0.000099 -0.058777 0.080903
vn 0.000055 -0.049999 0.086603
vn 0.000019 -0.040673 0.091355
vn -0.000010 -0.030901 0.095106
vn -0.000031 -0.020791 0.097815
vn -0.000044 -0.010453 0.099452
vn -0.000048 -0.000000 0.100000
vn -0.000044 0.010453 0.099452
vn 0.000099 -0.058777 0.080903
vn 0.000055 -0.049998 0.086604
vn 0.000019 -0.040672 0.091355
vn -0.000010 -0.030901 0.095106
vn -0.000031 -0.020790 0.097815
vn -0.000044 -0.010452 0.099452
vn 0.000055 -0.049998 0.086603
vn 0.000019 -0.040672 0.091355
vn -0.000010 -0.030901 0.095106
vn -0.000031 -0.020791 0.097815
vn -0.000044 -0.010453 0.099452
vn -0.000048 -0.000000 0.100000
vn -0.000044 0.010453 0.099452
vn -0.000031 0.020791 0.097815
vn 0.000019 -0.040672 0.091355
vn -0.000010 -0.030901 0.095106
vn -0.000031 -0.020790 0.097815
vn -0.000044 -0.010453 0.099452
vn -0.000048 -0.000000 0.100000
vn -0.000010 -0.030901 0.095106
vn -0.000031 -0.020791 0.097815
vn -0.000044 -0.010453 0.099452
vn -0.000048 -0.000000 0.100000
vn -0.000044 0.010453 0.099452
vn -0.000031 0.020791 0.097815
vn -0.000010 0.030901 0.095106
vn -0.000031 -0.020791 0.097815
vn -0.000044 -0.010453 0.099452
vn -0.000048 -0.000000 0.100000
vn -0.000044 0.010452 0.099452
vn -0.000044 -0.010453 0.099452
vn -0.000048 -0.000000 0.100000
vn -0.000044 0.010453 0.099452
vn -0.000031 0.020791 0.097815
vn -0.000010 0.030901 0.095106
vn 0.000019 0.040673 0.091355
vn -0.000048 -0.000000 0.100000
vn -0.000044 0.010452 0.099452
vn -0.000031 0.020790 0.097815
vn -0.000044 0.010452 0.099452
vn -0.000031 0.020791 0.097815
vn -0.000010 0.030901 0.095106
vn 0.000019 0.040673 0.091355
vn 0.000055 0.049999 0.086603
vn -0.000031 0.020790 0.097815
vn -0.000010 0.030901 0.095106
vn -0.000010 0.030901 0.095106
vn 0.000019 0.040672 0.091355
vn 0.000055 0.049998 0.086603
vn 0.000099 0.058777 0.080903
vn -0.000010 0.030901 0.095106
vn 0.000019 0.040673 0.091355
vn 0.000055 0.049999 0.086603
vn 0.000099 0.058777 0.080902
vn 0.000150 0.066912 0.074316
vn 0.000207 0.074313 0.066915
vn 0.000269 0.080900 0.058781
vn 0.000337 0.086600 0.050003
vn 0.000408 0.091352 0.040677
vn 0.000483 0.095103 0.030906
vn 0.000019 0.040672 0.091355
vn 0.000055 0.049998 0.086604
vn 0.000099 0.058777 0.080903
vn 0.000150 0.066911 0.074316
usemtl Acciaio_-_Satinato
f 1/1/1 2/2/2 60/3/3
f 60/3/3 2/2/2 59/4/4
f 59/4/4 2/2/2 3/5/5
f 59/4/4 3/5/5 58/6/6
f 58/6/6 3/5/5 4/7/7
f 58/6/6 4/7/7 57/8/8
f 57/8/8 4/7/7 5/9/9
f 57/8/8 5/9/9 56/10/10
f 56/10/10 5/9/9 6/11/11
f 56/10/10 6/11/11 55/12/12
f 55/12/12 6/11/11 7/13/13
f 55/12/12 7/13/13 54/14/14
f 54/14/14 7/13/13 8/15/15
f 54/14/14 8/15/15 53/16/16
f 53/16/16 8/15/15 9/17/17
f 53/16/16 9/17/17 52/18/18
f 52/18/18 9/17/17 10/19/19
f 52/18/18 10/19/19 51/20/20
f 51/20/20 10/19/19 11/21/21
f 51/20/20 11/21/21 50/22/22
f 50/22/22 11/21/21 12/23/23
f 50/22/22 12/23/23 49/24/24
f 49/24/24 12/23/23 13/25/25
f 49/24/24 13/25/25 48/26/26
f 48/26/26 13/25/25 14/27/27
f 48/26/26 14/27/27 47/28/28
f 47/28/28 14/27/27 15/29/29
f 47/28/28 15/29/29 46/30/30
f 46/30/30 15/29/29 16/31/31
f 46/30/30 16/31/31 45/32/32
f 45/32/32 16/31/31 17/33/33
f 45/32/32 17/33/33 44/34/34
f 44/34/34 17/33/33 18/35/35
f 44/34/34 18/35/35 43/36/36
f 43/36/36 18/35/35 19/37/37
f 43/36/36 19/37/37 42/38/38
f 42/38/38 19/37/37 20/39/39
f 42/38/38 20/39/39 41/40/40
f 41/40/40 20/39/39 21/41/41
f 41/40/40 21/41/41 40/42/42
f 40/42/42 21/41/41 22/43/43
f 40/42/42 22/43/43 39/44/44
f 39/44/44 22/43/43 23/45/45
f 39/44/44 23/45/45 38/46/46
f 38/46/46 23/45/45 24/47/47
f 38/46/46 24/47/47 37/48/48
f 37/48/48 24/47/47 25/49/49
f 37/48/48 25/49/49 36/50/50
f 36/50/50 25/49/49 26/51/51
f 36/50/50 26/51/51 35/52/52
f 35/52/52 26/51/51 27/53/53
f 35/52/52 27/53/53 34/54/54
f 34/54/54 27/53/53 28/55/55
f 34/54/54 28/55/55 33/56/56
f 33/56/56 28/55/55 29/57/57
f 33/56/56 29/57/57 32/58/58
f 32/58/58 29/57/57 30/59/59
f 32/58/58 30/59/59 31/60/60
f 61/61/61 62/62/62 113/63/63
f 113/63/63 62/62/62 112/64/64
f 112/64/64 62/62/62 63/65/65
f 112/64/64 63/65/65 111/66/66
f 111/66/66 63/65/65 64/67/67
f 111/66/66 64/67/67 110/68/68
f 110/68/68 64/67/67 65/69/69
f 110/68/68 65/69/69 109/70/70
f 109/70/70 65/69/69 66/71/71
f 109/70/70 66/71/71 108/72/72
f 108/72/72 66/71/71 67/73/73
f 108/72/72 67/73/73 107/74/74
f 107/74/74 67/73/73 68/75/75
f 107/74/74 68/75/75 106/76/76
f 106/76/76 68/75/75 69/77/77
f 106/76/76 69/77/77 105/78/78
f 105/78/78 69/77/77 70/79/79
f 105/78/78 70/79/79 104/80/80
f 104/80/80 70/79/79 71/81/81
f 104/80/80 71/81/81 103/82/82
f 103/82/82 71/81/81 72/83/83
f 103/82/82 72/83/83 102/84/84
f 102/84/84 72/83/83 73/85/85
f 102/84/84 73/85/85 101/86/86
f 101/86/86 73/85/85 74/87/87
f 101/86/86 74/87/87 100/88/88
f 100/88/88 74/87/87 75/89/89
f 100/88/88 75/89/89 99/90/90
f 99/90/90 75/89/89 76/91/91
f 99/90/90 76/91/91 98/92/92
f 98/92/92 76/91/91 77/93/93
f 98/92/92 77/93/93 97/94/94
f 97/94/94 77/93/93 78/95/95
f 97/94/94 78/95/95 96/96/96
f 96/96/96 78/95/95 79/97/97
f 96/96/96 79/97/97 95/98/98
f 95/98/98 79/97/97 80/99/99
f 95/98/98 80/99/99 94/100/100
f 94/100/100 80/99/99 81/101/101
f 94/100/100 81/101/101 93/102/102
f 93/102/102 81/101/101 82/103/103
f 93/102/102 82/103/103 92/104/104
f 92/104/104 82/103/103 83/105/105
f 92/104/104 83/105/105 91/106/106
f 91/106/106 83/105/105 84/107/107
f 91/106/106 84/107/107 90/108/108
f 90/108/108 84/107/107 85/109/109
f 90/108/108 85/109/109 89/110/110
f 89/110/110 85/109/109 86/111/111
f 89/110/110 86/111/111 88/112/112
f 88/112/112 86/111/111 87/113/113
f 113/114/114 133/115/115 61/116/116
f 61/116/116 133/115/115 115/117/117
f 61/116/116 115/117/117 114/118/118
f 114/119/118 115/120/117 823/121/119
f 114/119/118 823/121/119 812/122/120
f 812/122/120 823/121/119 813/123/121
f 812/122/120 813/123/121 801/124/122
f 801/124/122 813/123/121 802/125/123
f 801/124/122 802/125/123 790/126/124
f 790/126/124 802/125/123 791/127/125
f 790/126/124 791/127/125 779/128/126
f 779/128/126 791/127/125 780/129/127
f 779/128/126 780/129/127 768/130/128
f 768/130/128 780/129/127 769/131/129
f 768/130/128 769/131/129 757/132/130
f 757/132/130 769/131/129 758/133/131
f 757/132/130 758/133/131 744/134/132
f 744/134/132 758/133/131 743/135/133
f 744/134/132 743/135/133 736/136/134
f 736/136/134 743/135/133 737/137/135
f 736/136/134 737/137/135 725/138/136
f 725/138/136 737/137/135 726/139/137
f 725/138/136 726/139/137 714/140/138
f 714/140/138 726/139/137 715/141/139
f 714/140/138 715/141/139 703/142/140
f 703/142/140 715/141/139 49/143/141
f 703/142/140 49/143/141 48/144/142
f 133/115/115 113/114/114 145/145/143
f 145/145/143 113/114/114 112/146/144
f 145/145/143 112/146/144 157/147/145
f 157/147/145 112/146/144 111/148/146
f 157/147/145 111/148/146 169/149/147
f 169/149/147 111/148/146 110/150/148
f 169/149/147 110/150/148 181/151/149
f 181/151/149 110/150/148 109/152/150
f 181/151/149 109/152/150 193/153/151
f 193/153/151 109/152/150 108/154/152
f 193/153/151 108/154/152 205/155/153
f 205/155/153 108/154/152 107/156/154
f 205/155/153 107/156/154 132/157/155
f 132/157/155 107/156/154 106/158/156
f 132/157/155 106/158/156 239/159/157
f 239/159/157 106/158/156 240/160/158
f 239/159/157 240/160/158 238/161/159
f 238/161/159 240/160/158 241/162/160
f 238/161/159 241/162/160 237/163/161
f 237/163/161 241/162/160 242/164/162
f 237/163/161 242/164/162 236/165/163
f 236/165/163 242/164/162 243/166/164
f 236/165/163 243/166/164 235/167/165
f 235/167/165 243/166/164 244/168/166
f 235/167/165 244/168/166 234/169/167
f 234/169/167 244/168/166 245/170/168
f 234/169/167 245/170/168 233/171/169
f 233/171/169 245/170/168 246/172/170
f 233/171/169 246/172/170 232/173/171
f 232/173/171 246/172/170 247/174/172
f 232/173/171 247/174/172 231/175/173
f 231/175/173 247/174/172 248/176/174
f 231/175/173 248/176/174 230/177/175
f 230/177/175 248/176/174 249/178/176
f 230/177/175 249/178/176 229/179/177
f 229/179/177 249/178/176 250/180/178
f 229/179/177 250/180/178 228/181/179
f 228/181/179 250/180/178 251/182/180
f 228/181/179 251/182/180 10/183/181
f 10/183/181 251/182/180 11/184/182
f 11/184/182 251/182/180 263/185/183
f 11/184/182 263/185/183 12/186/184
f 12/186/184 263/185/183 275/187/185
f 12/186/184 275/187/185 13/188/186
f 13/188/186 275/187/185 287/189/187
f 13/188/186 287/189/187 14/190/188
f 14/190/188 287/189/187 299/191/189
f 14/190/188 299/191/189 15/192/190
f 15/192/190 299/191/189 311/193/191
f 15/192/190 311/193/191 16/194/192
f 16/194/192 311/193/191 17/195/193
f 17/195/193 311/193/191 323/196/194
f 17/195/193 323/196/194 18/197/195
f 18/197/195 323/196/194 335/198/196
f 18/197/195 335/198/196 19/199/197
f 19/199/197 335/198/196 348/200/198
f 19/199/197 348/200/198 20/201/199
f 20/201/199 348/200/198 347/202/200
f 20/201/199 347/202/200 21/203/201
f 21/203/201 347/202/200 370/204/202
f 21/203/201 370/204/202 22/205/203
f 22/205/203 370/204/202 382/206/204
f 22/205/203 382/206/204 23/207/205
f 23/207/205 382/206/204 394/208/206
f 23/207/205 394/208/206 24/209/207
f 24/209/207 394/208/206 406/210/208
f 24/209/207 406/210/208 25/211/209
f 25/211/209 406/210/208 418/212/210
f 25/211/209 418/212/210 26/213/211
f 26/213/211 418/212/210 429/214/212
f 26/213/211 429/214/212 27/215/213
f 27/215/213 429/214/212 442/216/214
f 27/215/213 442/216/214 28/217/215
f 28/217/215 442/216/214 441/218/216
f 28/217/215 441/218/216 29/219/217
f 29/219/217 441/218/216 465/220/218
f 29/219/217 465/220/218 30/221/219
f 30/221/219 465/220/218 477/222/220
f 30/221/219 477/222/220 31/223/221
f 31/223/221 477/222/220 489/224/222
f 31/223/221 489/224/222 32/225/223
f 32/225/223 489/224/222 501/226/224
f 32/225/223 501/226/224 33/227/225
f 33/227/225 501/226/224 513/228/226
f 33/227/225 513/228/226 34/229/227
f 34/229/227 513/228/226 525/230/228
f 34/229/227 525/230/228 35/231/229
f 35/231/229 525/230/228 537/232/230
f 35/231/229 537/232/230 36/233/231
f 36/233/231 537/232/230 550/234/232
f 36/233/231 550/234/232 37/235/233
f 37/235/233 550/234/232 549/236/234
f 37/235/233 549/236/234 38/237/235
f 38/237/235 549/236/234 572/238/236
f 38/237/235 572/238/236 39/239/237
f 39/239/237 572/238/236 584/240/238
f 39/239/237 584/240/238 40/241/239
f 40/241/239 584/240/238 596/242/240
f 40/241/239 596/242/240 41/243/241
f 41/243/241 596/242/240 608/244/242
f 41/243/241 608/244/242 42/245/243
f 42/245/243 608/244/242 620/246/244
f 42/245/243 620/246/244 43/247/245
f 43/247/245 620/246/244 631/248/246
f 43/247/245 631/248/246 44/249/247
f 44/249/247 631/248/246 644/250/248
f 44/249/247 644/250/248 45/251/249
f 45/251/249 644/250/248 643/252/250
f 45/251/249 643/252/250 46/253/251
f 46/253/251 643/252/250 667/254/252
f 46/253/251 667/254/252 679/255/253
f 679/255/253 667/254/252 678/256/254
f 679/255/253 678/256/254 690/257/255
f 690/257/255 678/256/254 689/258/256
f 690/257/255 689/258/256 701/259/257
f 701/259/257 689/258/256 700/260/258
f 701/259/257 700/260/258 712/261/259
f 712/261/259 700/260/258 711/262/260
f 712/261/259 711/262/260 723/263/261
f 723/263/261 711/262/260 722/264/262
f 723/263/261 722/264/262 734/265/263
f 734/265/263 722/264/262 733/266/264
f 734/265/263 733/266/264 746/267/265
f 746/267/265 733/266/264 747/268/266
f 746/267/265 747/268/266 755/269/267
f 755/269/267 747/268/266 754/270/268
f 755/269/267 754/270/268 766/271/269
f 766/271/269 754/270/268 765/272/270
f 766/271/269 765/272/270 777/273/271
f 777/273/271 765/272/270 776/274/272
f 777/273/271 776/274/272 788/275/273
f 788/275/273 776/274/272 787/276/274
f 788/275/273 787/276/274 799/277/275
f 799/277/275 787/276/274 64/278/276
f 799/277/275 64/278/276 63/279/277
f 106/158/156 105/280/278 240/160/158
f 240/160/158 105/280/278 252/281/279
f 240/160/158 252/281/279 241/162/160
f 241/162/160 252/281/279 253/282/280
f 241/162/160 253/282/280 242/164/162
f 242/164/162 253/282/280 254/283/281
f 242/164/162 254/283/281 243/166/164
f 243/166/164 254/283/281 255/284/282
f 243/166/164 255/284/282 244/168/166
f 244/168/166 255/284/282 256/285/283
f 244/168/166 256/285/283 245/170/168
f 245/170/168 256/285/283 257/286/284
f 245/170/168 257/286/284 246/172/170
f 246/172/170 257/286/284 258/287/285
f 246/172/170 258/287/285 247/174/172
f 247/174/172 258/287/285 259/288/286
f 247/174/172 259/288/286 248/176/174
f 248/176/174 259/288/286 260/289/287
f 248/176/174 260/289/287 249/178/176
f 249/178/176 260/289/287 261/290/288
f 249/178/176 261/290/288 250/180/178
f 250/180/178 261/290/288 262/291/289
f 250/180/178 262/291/289 251/182/180
f 251/182/180 262/291/289 263/185/183
f 105/280/278 104/292/290 252/281/279
f 252/281/279 104/292/290 264/293/291
f 252/281/279 264/293/291 253/282/280
f 253/282/280 264/293/291 265/294/292
f 253/282/280 265/294/292 254/283/281
f 254/283/281 265/294/292 266/295/293
f 254/283/281 266/295/293 255/284/282
f 255/284/282 266/295/293 267/296/294
f 255/284/282 267/296/294 256/285/283
f 256/285/283 267/296/294 268/297/295
f 256/285/283 268/297/295 257/286/284
f 257/286/284 268/297/295 269/298/296
f 257/286/284 269/298/296 258/287/285
f 258/287/285 269/298/296 270/299/297
f 258/287/285 270/299/297 259/288/286
f 259/288/286 270/299/297 271/300/298
f 259/288/286 271/300/298 260/289/287
f 260/289/287 271/300/298 272/301/299
f 260/289/287 272/301/299 261/290/288
f 261/290/288 272/301/299 273/302/300
f 261/290/288 273/302/300 262/291/289
f 262/291/289 273/302/300 274/303/301
f 262/291/289 274/303/301 263/185/183
f 263/185/183 274/303/301 275/187/185
f 104/292/290 103/304/302 264/293/291
f 264/293/291 103/304/302 276/305/303
f 264/293/291 276/305/303 265/294/292
f 265/294/292 276/305/303 277/306/304
f 265/294/292 277/306/304 266/295/293
f 266/295/293 277/306/304 278/307/305
f 266/295/293 278/307/305 267/296/294
f 267/296/294 278/307/305 279/308/306
f 267/296/294 279/308/306 268/297/295
f 268/297/295 279/308/306 280/309/307
f 268/297/295 280/309/307 269/298/296
f 269/298/296 280/309/307 281/310/308
f 269/298/296 281/310/308 270/299/297
f 270/299/297 281/310/308 282/311/309
f 270/299/297 282/311/309 271/300/298
f 271/300/298 282/311/309 283/312/310
f 271/300/298 283/312/310 272/301/299
f 272/301/299 283/312/310 284/313/311
f 272/301/299 284/313/311 273/302/300
f 273/302/300 284/313/311 285/314/312
f 273/302/300 285/314/312 274/303/301
f 274/303/301 285/314/312 286/315/313
f 274/303/301 286/315/313 275/187/185
f 275/187/185 286/315/313 287/189/187
f 103/304/302 102/316/314 276/305/303
f 276/305/303 102/316/314 288/317/315
f 276/305/303 288/317/315 277/306/304
f 277/306/304 288/317/315 289/318/316
f 277/306/304 289/318/316 278/307/305
f 278/307/305 289/318/316 290/319/317
f 278/307/305 290/319/317 279/308/306
f 279/308/306 290/319/317 291/320/318
f 279/308/306 291/320/318 280/309/307
f 280/309/307 291/320/318 292/321/319
f 280/309/307 292/321/319 281/310/308
f 281/310/308 292/321/319 293/322/320
f 281/310/308 293/322/320 282/311/309
f 282/311/309 293/322/320 294/323/321
f 282/311/309 294/323/321 283/312/310
f 283/312/310 294/323/321 295/324/322
f 283/312/310 295/324/322 284/313/311
f 284/313/311 295/324/322 296/325/323
f 284/313/311 296/325/323 285/314/312
f 285/314/312 296/325/323 297/326/324
f 285/314/312 297/326/324 286/315/313
f 286/315/313 297/326/324 298/327/325
f 286/315/313 298/327/325 287/189/187
f 287/189/187 298/327/325 299/191/189
f 102/316/314 101/328/326 288/317/315
f 288/317/315 101/328/326 300/329/327
f 288/317/315 300/329/327 289/318/316
f 289/318/316 300/329/327 301/330/328
f 289/318/316 301/330/328 290/319/317
f 290/319/317 301/330/328 302/331/329
f 290/319/317 302/331/329 291/320/318
f 291/320/318 302/331/329 303/332/330
f 291/320/318 303/332/330 292/321/319
f 292/321/319 303/332/330 304/333/331
f 292/321/319 304/333/331 293/322/320
f 293/322/320 304/333/331 305/334/332
f 293/322/320 305/334/332 294/323/321
f 294/323/321 305/334/332 306/335/333
f 294/323/321 306/335/333 295/324/322
f 295/324/322 306/335/333 307/336/334
f 295/324/322 307/336/334 296/325/323
f 296/325/323 307/336/334 308/337/335
f 296/325/323 308/337/335 297/326/324
f 297/326/324 308/337/335 309/338/336
f 297/326/324 309/338/336 298/327/325
f 298/327/325 309/338/336 310/339/337
f 298/327/325 310/339/337 299/191/189
f 299/191/189 310/339/337 311/193/191
f 101/328/326 100/340/338 300/329/327
f 300/329/327 100/340/338 312/341/339
f 300/329/327 312/341/339 313/342/340
f 313/342/340 312/341/339 325/343/341
f 313/342/340 325/343/341 326/344/342
f 326/344/342 325/343/341 357/345/343
f 326/344/342 357/345/343 356/346/344
f 356/346/344 357/345/343 339/347/345
f 356/346/344 339/347/345 340/348/346
f 340/348/346 339/347/345 363/349/347
f 340/348/346 363/349/347 364/350/348
f 364/350/348 363/349/347 376/351/349
f 364/350/348 376/351/349 377/352/350
f 377/352/350 376/351/349 389/353/351
f 377/352/350 389/353/351 390/354/352
f 390/354/352 389/353/351 402/355/353
f 390/354/352 402/355/353 403/356/354
f 403/356/354 402/355/353 415/357/355
f 403/356/354 415/357/355 416/358/356
f 416/358/356 415/357/355 427/359/357
f 416/358/356 427/359/357 428/360/358
f 428/360/358 427/359/357 443/361/359
f 428/360/358 443/361/359 442/216/214
f 442/216/214 443/361/359 441/218/216
f 100/340/338 99/362/360 312/341/339
f 312/341/339 99/362/360 324/363/361
f 312/341/339 324/363/361 325/343/341
f 325/343/341 324/363/361 358/364/362
f 325/343/341 358/364/362 357/345/343
f 357/345/343 358/364/362 338/365/363
f 357/345/343 338/365/363 339/347/345
f 339/347/345 338/365/363 362/366/364
f 339/347/345 362/366/364 363/349/347
f 363/349/347 362/366/364 375/367/365
f 363/349/347 375/367/365 376/351/349
f 376/351/349 375/367/365 388/368/366
f 376/351/349 388/368/366 389/353/351
f 389/353/351 388/368/366 401/369/367
f 389/353/351 401/369/367 402/355/353
f 402/355/353 401/369/367 414/370/368
f 402/355/353 414/370/368 415/357/355
f 415/357/355 414/370/368 426/371/369
f 415/357/355 426/371/369 427/359/357
f 427/359/357 426/371/369 444/372/370
f 427/359/357 444/372/370 443/361/359
f 443/361/359 444/372/370 440/373/371
f 443/361/359 440/373/371 441/218/216
f 441/218/216 440/373/371 465/220/218
f 324/363/361 99/362/360 131/374/372
f 131/374/372 99/362/360 98/375/373
f 131/374/372 98/375/373 336/376/374
f 336/376/374 98/375/373 97/377/375
f 336/376/374 97/377/375 359/378/376
f 359/378/376 97/377/375 96/379/377
f 359/378/376 96/379/377 371/380/378
f 371/380/378 96/379/377 95/381/379
f 371/380/378 95/381/379 383/382/380
f 383/382/380 95/381/379 94/383/381
f 383/382/380 94/383/381 395/384/382
f 395/384/382 94/383/381 93/385/383
f 395/384/382 93/385/383 407/386/384
f 407/386/384 93/385/383 92/387/385
f 407/386/384 92/387/385 130/388/386
f 130/388/386 92/387/385 91/389/387
f 130/388/386 91/389/387 453/390/388
f 453/390/388 91/389/387 430/391/389
f 453/390/388 430/391/389 431/392/390
f 431/392/390 430/391/389 455/393/391
f 431/392/390 455/393/391 456/394/392
f 456/394/392 455/393/391 468/395/393
f 456/394/392 468/395/393 469/396/394
f 469/396/394 468/395/393 481/397/395
f 469/396/394 481/397/395 482/398/396
f 482/398/396 481/397/395 494/399/397
f 482/398/396 494/399/397 495/400/398
f 495/400/398 494/399/397 507/401/399
f 495/400/398 507/401/399 508/402/400
f 508/402/400 507/401/399 520/403/401
f 508/402/400 520/403/401 521/404/402
f 521/404/402 520/403/401 533/405/403
f 521/404/402 533/405/403 534/406/404
f 534/406/404 533/405/403 553/407/405
f 534/406/404 553/407/405 552/408/406
f 552/408/406 553/407/405 547/409/407
f 552/408/406 547/409/407 548/410/408
f 548/410/408 547/409/407 571/411/409
f 548/410/408 571/411/409 572/238/236
f 572/238/236 571/411/409 584/240/238
f 91/389/387 90/412/410 430/391/389
f 430/391/389 90/412/410 454/413/411
f 430/391/389 454/413/411 455/393/391
f 455/393/391 454/413/411 467/414/412
f 455/393/391 467/414/412 468/395/393
f 468/395/393 467/414/412 480/415/413
f 468/395/393 480/415/413 481/397/395
f 481/397/395 480/415/413 493/416/414
f 481/397/395 493/416/414 494/399/397
f 494/399/397 493/416/414 506/417/415
f 494/399/397 506/417/415 507/401/399
f 507/401/399 506/417/415 519/418/416
f 507/401/399 519/418/416 520/403/401
f 520/403/401 519/418/416 532/419/417
f 520/403/401 532/419/417 533/405/403
f 533/405/403 532/419/417 554/420/418
f 533/405/403 554/420/418 553/407/405
f 553/407/405 554/420/418 546/421/419
f 553/407/405 546/421/419 547/409/407
f 547/409/407 546/421/419 570/422/420
f 547/409/407 570/422/420 571/411/409
f 571/411/409 570/422/420 583/423/421
f 571/411/409 583/423/421 584/240/238
f 584/240/238 583/423/421 596/242/240
f 90/412/410 89/424/422 454/413/411
f 454/413/411 89/424/422 466/425/423
f 454/413/411 466/425/423 467/414/412
f 467/414/412 466/425/423 479/426/424
f 467/414/412 479/426/424 480/415/413
f 480/415/413 479/426/424 492/427/425
f 480/415/413 492/427/425 493/416/414
f 493/416/414 492/427/425 505/428/426
f 493/416/414 505/428/426 506/417/415
f 506/417/415 505/428/426 518/429/427
f 506/417/415 518/429/427 519/418/416
f 519/418/416 518/429/427 531/430/428
f 519/418/416 531/430/428 532/419/417
f 532/419/417 531/430/428 555/431/429
f 532/419/417 555/431/429 554/420/418
f 554/420/418 555/431/429 545/432/430
f 554/420/418 545/432/430 546/421/419
f 546/421/419 545/432/430 569/433/431
f 546/421/419 569/433/431 570/422/420
f 570/422/420 569/433/431 582/434/432
f 570/422/420 582/434/432 583/423/421
f 583/423/421 582/434/432 595/435/433
f 583/423/421 595/435/433 596/242/240
f 596/242/240 595/435/433 608/244/242
f 89/424/422 88/436/434 466/425/423
f 466/425/423 88/436/434 478/437/435
f 466/425/423 478/437/435 479/426/424
f 479/426/424 478/437/435 491/438/436
f 479/426/424 491/438/436 492/427/425
f 492/427/425 491/438/436 504/439/437
f 492/427/425 504/439/437 505/428/426
f 505/428/426 504/439/437 517/440/438
f 505/428/426 517/440/438 518/429/427
f 518/429/427 517/440/438 530/441/439
f 518/429/427 530/441/439 531/430/428
f 531/430/428 530/441/439 556/442/440
f 531/430/428 556/442/440 555/431/429
f 555/431/429 556/442/440 544/443/441
f 555/431/429 544/443/441 545/432/430
f 545/432/430 544/443/441 568/444/442
f 545/432/430 568/444/442 569/433/431
f 569/433/431 568/444/442 581/445/443
f 569/433/431 581/445/443 582/434/432
f 582/434/432 581/445/443 594/446/444
f 582/434/432 594/446/444 595/435/433
f 595/435/433 594/446/444 607/447/445
f 595/435/433 607/447/445 608/244/242
f 608/244/242 607/447/445 620/246/244
f 88/436/434 87/448/446 478/437/435
f 478/437/435 87/448/446 490/449/447
f 478/437/435 490/449/447 491/438/436
f 491/438/436 490/449/447 503/450/448
f 491/438/436 503/450/448 504/439/437
f 504/439/437 503/450/448 516/451/449
f 504/439/437 516/451/449 517/440/438
f 517/440/438 516/451/449 529/452/450
f 517/440/438 529/452/450 530/441/439
f 530/441/439 529/452/450 557/453/451
f 530/441/439 557/453/451 556/442/440
f 556/442/440 557/453/451 543/454/452
f 556/442/440 543/454/452 544/443/441
f 544/443/441 543/454/452 567/455/453
f 544/443/441 567/455/453 568/444/442
f 568/444/442 567/455/453 580/456/454
f 568/444/442 580/456/454 581/445/443
f 581/445/443 580/456/454 593/457/455
f 581/445/443 593/457/455 594/446/444
f 594/446/444 593/457/455 606/458/456
f 594/446/444 606/458/456 607/447/445
f 607/447/445 606/458/456 619/459/457
f 607/447/445 619/459/457 620/246/244
f 620/246/244 619/459/457 631/248/246
f 87/448/446 86/460/458 490/449/447
f 490/449/447 86/460/458 502/461/459
f 490/449/447 502/461/459 503/450/448
f 503/450/448 502/461/459 515/462/460
f 503/450/448 515/462/460 516/451/449
f 516/451/449 515/462/460 528/463/461
f 516/451/449 528/463/461 529/452/450
f 529/452/450 528/463/461 558/464/462
f 529/452/450 558/464/462 557/453/451
f 557/453/451 558/464/462 542/465/463
f 557/453/451 542/465/463 543/454/452
f 543/454/452 542/465/463 566/466/464
f 543/454/452 566/466/464 567/455/453
f 567/455/453 566/466/464 579/467/465
f 567/455/453 579/467/465 580/456/454
f 580/456/454 579/467/465 592/468/466
f 580/456/454 592/468/466 593/457/455
f 593/457/455 592/468/466 605/469/467
f 593/457/455 605/469/467 606/458/456
f 606/458/456 605/469/467 618/470/468
f 606/458/456 618/470/468 619/459/457
f 619/459/457 618/470/468 630/471/469
f 619/459/457 630/471/469 631/248/246
f 631/248/246 630/471/469 644/250/248
f 86/460/458 85/472/470 502/461/459
f 502/461/459 85/472/470 514/473/471
f 502/461/459 514/473/471 515/462/460
f 515/462/460 514/473/471 527/474/472
f 515/462/460 527/474/472 528/463/461
f 528/463/461 527/474/472 559/475/473
f 528/463/461 559/475/473 558/464/462
f 558/464/462 559/475/473 541/476/474
f 558/464/462 541/476/474 542/465/463
f 542/465/463 541/476/474 565/477/475
f 542/465/463 565/477/475 566/466/464
f 566/466/464 565/477/475 578/478/476
f 566/466/464 578/478/476 579/467/465
f 579/467/465 578/478/476 591/479/477
f 579/467/465 591/479/477 592/468/466
f 592/468/466 591/479/477 604/480/478
f 592/468/466 604/480/478 605/469/467
f 605/469/467 604/480/478 617/481/479
f 605/469/467 617/481/479 618/470/468
f 618/470/468 617/481/479 629/482/480
f 618/470/468 629/482/480 630/471/469
f 630/471/469 629/482/480 645/483/481
f 630/471/469 645/483/481 644/250/248
f 644/250/248 645/483/481 643/252/250
f 85/472/470 84/484/482 514/473/471
f 514/473/471 84/484/482 526/485/483
f 514/473/471 526/485/483 527/474/472
f 527/474/472 526/485/483 560/486/484
f 527/474/472 560/486/484 559/475/473
f 559/475/473 560/486/484 540/487/485
f 559/475/473 540/487/485 541/476/474
f 541/476/474 540/487/485 564/488/486
f 541/476/474 564/488/486 565/477/475
f 565/477/475 564/488/486 577/489/487
f 565/477/475 577/489/487 578/478/476
f 578/478/476 577/489/487 590/490/488
f 578/478/476 590/490/488 591/479/477
f 591/479/477 590/490/488 603/491/489
f 591/479/477 603/491/489 604/480/478
f 604/480/478 603/491/489 616/492/490
f 604/480/478 616/492/490 617/481/479
f 617/481/479 616/492/490 628/493/491
f 617/481/479 628/493/491 629/482/480
f 629/482/480 628/493/491 646/494/492
f 629/482/480 646/494/492 645/483/481
f 645/483/481 646/494/492 642/495/493
f 645/483/481 642/495/493 643/252/250
f 643/252/250 642/495/493 667/254/252
f 526/485/483 84/484/482 129/496/494
f 129/496/494 84/484/482 83/497/495
f 129/496/494 83/497/495 538/498/496
f 538/498/496 83/497/495 82/499/497
f 538/498/496 82/499/497 561/500/498
f 561/500/498 82/499/497 81/501/499
f 561/500/498 81/501/499 573/502/500
f 573/502/500 81/501/499 80/503/501
f 573/502/500 80/503/501 585/504/502
f 585/504/502 80/503/501 79/505/503
f 585/504/502 79/505/503 597/506/504
f 597/506/504 79/505/503 78/507/505
f 597/506/504 78/507/505 609/508/506
f 609/508/506 78/507/505 77/509/507
f 609/508/506 77/509/507 128/510/508
f 128/510/508 77/509/507 76/511/509
f 128/510/508 76/511/509 655/512/510
f 655/512/510 76/511/509 632/513/511
f 655/512/510 632/513/511 633/514/512
f 633/514/512 632/513/511 657/515/513
f 633/514/512 657/515/513 658/516/514
f 658/516/514 657/515/513 669/517/515
f 658/516/514 669/517/515 670/518/516
f 670/518/516 669/517/515 681/519/517
f 670/518/516 681/519/517 682/520/518
f 682/520/518 681/519/517 693/521/519
f 682/520/518 693/521/519 694/522/520
f 694/522/520 693/521/519 705/523/521
f 694/522/520 705/523/521 706/524/522
f 706/524/522 705/523/521 717/525/523
f 706/524/522 717/525/523 718/526/524
f 718/526/524 717/525/523 729/527/525
f 718/526/524 729/527/525 730/528/526
f 730/528/526 729/527/525 750/529/527
f 730/528/526 750/529/527 749/530/528
f 749/530/528 750/529/527 752/531/529
f 749/530/528 752/531/529 753/532/530
f 753/532/530 752/531/529 764/533/531
f 753/532/530 764/533/531 765/272/270
f 765/272/270 764/533/531 776/274/272
f 76/511/509 75/534/532 632/513/511
f 632/513/511 75/534/532 656/535/533
f 632/513/511 656/535/533 657/515/513
f 657/515/513 656/535/533 668/536/534
f 657/515/513 668/536/534 669/517/515
f 669/517/515 668/536/534 680/537/535
f 669/517/515 680/537/535 681/519/517
f 681/519/517 680/537/535 692/538/536
f 681/519/517 692/538/536 693/521/519
f 693/521/519 692/538/536 704/539/537
f 693/521/519 704/539/537 705/523/521
f 705/523/521 704/539/537 716/540/538
f 705/523/521 716/540/538 717/525/523
f 717/525/523 716/540/538 728/541/539
f 717/525/523 728/541/539 729/527/525
f 729/527/525 728/541/539 127/542/540
f 729/527/525 127/542/540 750/529/527
f 750/529/527 127/542/540 751/543/541
f 750/529/527 751/543/541 752/531/529
f 752/531/529 751/543/541 763/544/542
f 752/531/529 763/544/542 764/533/531
f 764/533/531 763/544/542 775/545/543
f 764/533/531 775/545/543 776/274/272
f 776/274/272 775/545/543 787/276/274
f 75/534/532 74/546/544 656/535/533
f 656/535/533 74/546/544 668/536/534
f 74/546/544 73/547/545 668/536/534
f 668/536/534 73/547/545 680/537/535
f 73/547/545 72/548/546 680/537/535
f 680/537/535 72/548/546 692/538/536
f 72/548/546 71/549/547 692/538/536
f 692/538/536 71/549/547 704/539/537
f 71/549/547 70/550/548 704/539/537
f 704/539/537 70/550/548 716/540/538
f 70/550/548 69/551/549 716/540/538
f 716/540/538 69/551/549 728/541/539
f 728/541/539 69/551/549 127/542/540
f 127/542/540 69/551/549 68/552/550
f 127/542/540 68/552/550 751/543/541
f 751/543/541 68/552/550 67/553/551
f 751/543/541 67/553/551 763/544/542
f 763/544/542 67/553/551 66/554/552
f 763/544/542 66/554/552 775/545/543
f 775/545/543 66/554/552 65/555/553
f 775/545/543 65/555/553 787/276/274
f 787/276/274 65/555/553 64/278/276
f 799/277/275 63/279/277 811/556/554
f 811/556/554 63/279/277 62/557/555
f 811/556/554 62/557/555 114/119/118
f 114/118/118 62/558/555 61/116/116
f 60/559/556 126/560/557 1/561/558
f 1/562/558 126/563/557 144/564/559
f 1/562/558 144/564/559 2/565/560
f 2/565/560 144/564/559 156/566/561
f 2/565/560 156/566/561 3/567/562
f 3/567/562 156/566/561 168/568/563
f 3/567/562 168/568/563 4/569/564
f 4/569/564 168/568/563 180/570/565
f 4/569/564 180/570/565 5/571/566
f 5/571/566 180/570/565 192/572/567
f 5/571/566 192/572/567 6/573/568
f 6/573/568 192/572/567 204/574/569
f 6/573/568 204/574/569 7/575/570
f 7/575/570 204/574/569 216/576/571
f 7/575/570 216/576/571 8/577/572
f 8/577/572 216/576/571 227/578/573
f 8/577/572 227/578/573 9/579/574
f 9/579/574 227/578/573 228/181/179
f 9/579/574 228/181/179 10/183/181
f 126/560/557 60/559/556 833/580/575
f 833/580/575 60/559/556 59/581/576
f 833/580/575 59/581/576 822/582/577
f 822/582/577 59/581/576 58/583/578
f 822/582/577 58/583/578 810/584/579
f 810/584/579 58/583/578 57/585/580
f 810/584/579 57/585/580 798/586/581
f 798/586/581 57/585/580 56/587/582
f 798/586/581 56/587/582 786/588/583
f 786/588/583 56/587/582 55/589/584
f 786/588/583 55/589/584 774/590/585
f 774/590/585 55/589/584 54/591/586
f 774/590/585 54/591/586 762/592/587
f 762/592/587 54/591/586 53/593/588
f 762/592/587 53/593/588 740/594/589
f 740/594/589 53/593/588 52/595/590
f 740/594/589 52/595/590 739/596/591
f 739/596/591 52/595/590 51/597/592
f 739/596/591 51/597/592 727/598/593
f 727/598/593 51/597/592 50/599/594
f 727/598/593 50/599/594 715/141/139
f 715/141/139 50/599/594 49/143/141
f 703/142/140 48/144/142 691/600/595
f 691/600/595 48/144/142 47/601/596
f 691/600/595 47/601/596 679/255/253
f 679/255/253 47/601/596 46/253/251
f 115/120/117 116/602/597 823/121/119
f 823/121/119 116/602/597 824/603/598
f 823/121/119 824/603/598 813/123/121
f 813/123/121 824/603/598 814/604/599
f 813/123/121 814/604/599 802/125/123
f 802/125/123 814/604/599 803/605/600
f 802/125/123 803/605/600 791/127/125
f 791/127/125 803/605/600 792/606/601
f 791/127/125 792/606/601 780/129/127
f 780/129/127 792/606/601 781/607/602
f 780/129/127 781/607/602 769/131/129
f 769/131/129 781/607/602 770/608/603
f 769/131/129 770/608/603 758/133/131
f 758/133/131 770/608/603 759/609/604
f 758/133/131 759/609/604 743/135/133
f 743/135/133 759/609/604 742/610/605
f 743/135/133 742/610/605 737/137/135
f 737/137/135 742/610/605 738/611/606
f 737/137/135 738/611/606 726/139/137
f 726/139/137 738/611/606 727/598/593
f 726/139/137 727/598/593 715/141/139
f 116/602/597 117/612/607 824/603/598
f 824/603/598 117/612/607 825/613/608
f 824/603/598 825/613/608 814/604/599
f 814/604/599 825/613/608 815/614/609
f 814/604/599 815/614/609 803/605/600
f 803/605/600 815/614/609 804/615/610
f 803/605/600 804/615/610 792/606/601
f 792/606/601 804/615/610 793/616/611
f 792/606/601 793/616/611 781/607/602
f 781/607/602 793/616/611 782/617/612
f 781/607/602 782/617/612 770/608/603
f 770/608/603 782/617/612 771/618/613
f 770/608/603 771/618/613 759/609/604
f 759/609/604 771/618/613 760/619/614
f 759/609/604 760/619/614 742/610/605
f 742/610/605 760/619/614 741/620/615
f 742/610/605 741/620/615 738/611/606
f 738/611/606 741/620/615 739/596/591
f 738/611/606 739/596/591 727/598/593
f 115/117/117 133/115/115 116/621/597
f 116/621/597 133/115/115 134/622/616
f 116/621/597 134/622/616 117/623/607
f 117/623/607 134/622/616 135/624/617
f 117/623/607 135/624/617 118/625/618
f 118/625/618 135/624/617 136/626/619
f 118/625/618 136/626/619 119/627/620
f 119/627/620 136/626/619 137/628/621
f 119/627/620 137/628/621 120/629/622
f 120/629/622 137/628/621 138/630/623
f 120/629/622 138/630/623 121/631/624
f 121/631/624 138/630/623 139/632/625
f 121/631/624 139/632/625 122/633/626
f 122/633/626 139/632/625 140/634/627
f 122/633/626 140/634/627 123/635/628
f 123/635/628 140/634/627 141/636/629
f 123/635/628 141/636/629 124/637/630
f 124/637/630 141/636/629 142/638/631
f 124/637/630 142/638/631 125/639/632
f 125/639/632 142/638/631 143/640/633
f 125/639/632 143/640/633 126/563/557
f 126/563/557 143/640/633 144/564/559
f 117/612/607 118/641/618 825/613/608
f 825/613/608 118/641/618 826/642/634
f 825/613/608 826/642/634 815/614/609
f 815/614/609 826/642/634 816/643/635
f 815/614/609 816/643/635 804/615/610
f 804/615/610 816/643/635 805/644/636
f 804/615/610 805/644/636 793/616/611
f 793/616/611 805/644/636 794/645/637
f 793/616/611 794/645/637 782/617/612
f 782/617/612 794/645/637 783/646/638
f 782/617/612 783/646/638 771/618/613
f 771/618/613 783/646/638 772/647/639
f 771/618/613 772/647/639 760/619/614
f 760/619/614 772/647/639 761/648/640
f 760/619/614 761/648/640 741/620/615
f 741/620/615 761/648/640 740/594/589
f 741/620/615 740/594/589 739/596/591
f 118/641/618 119/649/620 826/642/634
f 826/642/634 119/649/620 827/650/641
f 826/642/634 827/650/641 816/643/635
f 816/643/635 827/650/641 817/651/642
f 816/643/635 817/651/642 805/644/636
f 805/644/636 817/651/642 806/652/643
f 805/644/636 806/652/643 794/645/637
f 794/645/637 806/652/643 795/653/644
f 794/645/637 795/653/644 783/646/638
f 783/646/638 795/653/644 784/654/645
f 783/646/638 784/654/645 772/647/639
f 772/647/639 784/654/645 773/655/646
f 772/647/639 773/655/646 761/648/640
f 761/648/640 773/655/646 762/592/587
f 761/648/640 762/592/587 740/594/589
f 119/649/620 120/656/622 827/650/641
f 827/650/641 120/656/622 828/657/647
f 827/650/641 828/657/647 817/651/642
f 817/651/642 828/657/647 818/658/648
f 817/651/642 818/658/648 806/652/643
f 806/652/643 818/658/648 807/659/649
f 806/652/643 807/659/649 795/653/644
f 795/653/644 807/659/649 796/660/650
f 795/653/644 796/660/650 784/654/645
f 784/654/645 796/660/650 785/661/651
f 784/654/645 785/661/651 773/655/646
f 773/655/646 785/661/651 774/590/585
f 773/655/646 774/590/585 762/592/587
f 120/656/622 121/662/624 828/657/647
f 828/657/647 121/662/624 829/663/652
f 828/657/647 829/663/652 818/658/648
f 818/658/648 829/663/652 819/664/653
f 818/658/648 819/664/653 807/659/649
f 807/659/649 819/664/653 808/665/654
f 807/659/649 808/665/654 796/660/650
f 796/660/650 808/665/654 797/666/655
f 796/660/650 797/666/655 785/661/651
f 785/661/651 797/666/655 786/588/583
f 785/661/651 786/588/583 774/590/585
f 121/662/624 122/667/626 829/663/652
f 829/663/652 122/667/626 830/668/656
f 829/663/652 830/668/656 819/664/653
f 819/664/653 830/668/656 820/669/657
f 819/664/653 820/669/657 808/665/654
f 808/665/654 820/669/657 809/670/658
f 808/665/654 809/670/658 797/666/655
f 797/666/655 809/670/658 798/586/581
f 797/666/655 798/586/581 786/588/583
f 122/667/626 123/671/628 830/668/656
f 830/668/656 123/671/628 831/672/659
f 830/668/656 831/672/659 820/669/657
f 820/669/657 831/672/659 821/673/660
f 820/669/657 821/673/660 809/670/658
f 809/670/658 821/673/660 810/584/579
f 809/670/658 810/584/579 798/586/581
f 123/671/628 124/674/630 831/672/659
f 831/672/659 124/674/630 832/675/661
f 831/672/659 832/675/661 821/673/660
f 821/673/660 832/675/661 822/582/577
f 821/673/660 822/582/577 810/584/579
f 124/674/630 125/676/632 832/675/661
f 832/675/661 125/676/632 833/580/575
f 832/675/661 833/580/575 822/582/577
f 125/676/632 126/560/557 833/580/575
f 229/179/177 228/181/179 227/578/573
f 133/115/115 145/145/143 134/622/616
f 134/622/616 145/145/143 146/677/662
f 134/622/616 146/677/662 135/624/617
f 135/624/617 146/677/662 147/678/663
f 135/624/617 147/678/663 136/626/619
f 136/626/619 147/678/663 148/679/664
f 136/626/619 148/679/664 137/628/621
f 137/628/621 148/679/664 149/680/665
f 137/628/621 149/680/665 138/630/623
f 138/630/623 149/680/665 150/681/666
f 138/630/623 150/681/666 139/632/625
f 139/632/625 150/681/666 151/682/667
f 139/632/625 151/682/667 140/634/627
f 140/634/627 151/682/667 152/683/668
f 140/634/627 152/683/668 141/636/629
f 141/636/629 152/683/668 153/684/669
f 141/636/629 153/684/669 142/638/631
f 142/638/631 153/684/669 154/685/670
f 142/638/631 154/685/670 143/640/633
f 143/640/633 154/685/670 155/686/671
f 143/640/633 155/686/671 144/564/559
f 144/564/559 155/686/671 156/566/561
f 145/145/143 157/147/145 146/677/662
f 146/677/662 157/147/145 158/687/672
f 146/677/662 158/687/672 147/678/663
f 147/678/663 158/687/672 159/688/673
f 147/678/663 159/688/673 148/679/664
f 148/679/664 159/688/673 160/689/674
f 148/679/664 160/689/674 149/680/665
f 149/680/665 160/689/674 161/690/675
f 149/680/665 161/690/675 150/681/666
f 150/681/666 161/690/675 162/691/676
f 150/681/666 162/691/676 151/682/667
f 151/682/667 162/691/676 163/692/677
f 151/682/667 163/692/677 152/683/668
f 152/683/668 163/692/677 164/693/678
f 152/683/668 164/693/678 153/684/669
f 153/684/669 164/693/678 165/694/679
f 153/684/669 165/694/679 154/685/670
f 154/685/670 165/694/679 166/695/680
f 154/685/670 166/695/680 155/686/671
f 155/686/671 166/695/680 167/696/681
f 155/686/671 167/696/681 156/566/561
f 156/566/561 167/696/681 168/568/563
f 157/147/145 169/149/147 158/687/672
f 158/687/672 169/149/147 170/697/682
f 158/687/672 170/697/682 159/688/673
f 159/688/673 170/697/682 171/698/683
f 159/688/673 171/698/683 160/689/674
f 160/689/674 171/698/683 172/699/684
f 160/689/674 172/699/684 161/690/675
f 161/690/675 172/699/684 173/700/685
f 161/690/675 173/700/685 162/691/676
f 162/691/676 173/700/685 174/701/686
f 162/691/676 174/701/686 163/692/677
f 163/692/677 174/701/686 175/702/687
f 163/692/677 175/702/687 164/693/678
f 164/693/678 175/702/687 176/703/688
f 164/693/678 176/703/688 165/694/679
f 165/694/679 176/703/688 177/704/689
f 165/694/679 177/704/689 166/695/680
f 166/695/680 177/704/689 178/705/690
f 166/695/680 178/705/690 167/696/681
f 167/696/681 178/705/690 179/706/691
f 167/696/681 179/706/691 168/568/563
f 168/568/563 179/706/691 180/570/565
f 169/149/147 181/151/149 170/697/682
f 170/697/682 181/151/149 182/707/692
f 170/697/682 182/707/692 171/698/683
f 171/698/683 182/707/692 183/708/693
f 171/698/683 183/708/693 172/699/684
f 172/699/684 183/708/693 184/709/694
f 172/699/684 184/709/694 173/700/685
f 173/700/685 184/709/694 185/710/695
f 173/700/685 185/710/695 174/701/686
f 174/701/686 185/710/695 186/711/696
f 174/701/686 186/711/696 175/702/687
f 175/702/687 186/711/696 187/712/697
f 175/702/687 187/712/697 176/703/688
f 176/703/688 187/712/697 188/713/698
f 176/703/688 188/713/698 177/704/689
f 177/704/689 188/713/698 189/714/699
f 177/704/689 189/714/699 178/705/690
f 178/705/690 189/714/699 190/715/700
f 178/705/690 190/715/700 179/706/691
f 179/706/691 190/715/700 191/716/701
f 179/706/691 191/716/701 180/570/565
f 180/570/565 191/716/701 192/572/567
f 181/151/149 193/153/151 182/707/692
f 182/707/692 193/153/151 194/717/702
f 182/707/692 194/717/702 183/708/693
f 183/708/693 194/717/702 195/718/703
f 183/708/693 195/718/703 184/709/694
f 184/709/694 195/718/703 196/719/704
f 184/709/694 196/719/704 185/710/695
f 185/710/695 196/719/704 197/720/705
f 185/710/695 197/720/705 186/711/696
f 186/711/696 197/720/705 198/721/706
f 186/711/696 198/721/706 187/712/697
f 187/712/697 198/721/706 199/722/707
f 187/712/697 199/722/707 188/713/698
f 188/713/698 199/722/707 200/723/708
f 188/713/698 200/723/708 189/714/699
f 189/714/699 200/723/708 201/724/709
f 189/714/699 201/724/709 190/715/700
f 190/715/700 201/724/709 202/725/710
f 190/715/700 202/725/710 191/716/701
f 191/716/701 202/725/710 203/726/711
f 191/716/701 203/726/711 192/572/567
f 192/572/567 203/726/711 204/574/569
f 193/153/151 205/155/153 194/717/702
f 194/717/702 205/155/153 206/727/712
f 194/717/702 206/727/712 195/718/703
f 195/718/703 206/727/712 207/728/713
f 195/718/703 207/728/713 196/719/704
f 196/719/704 207/728/713 208/729/714
f 196/719/704 208/729/714 197/720/705
f 197/720/705 208/729/714 209/730/715
f 197/720/705 209/730/715 198/721/706
f 198/721/706 209/730/715 210/731/716
f 198/721/706 210/731/716 199/722/707
f 199/722/707 210/731/716 211/732/717
f 199/722/707 211/732/717 200/723/708
f 200/723/708 211/732/717 212/733/718
f 200/723/708 212/733/718 201/724/709
f 201/724/709 212/733/718 213/734/719
f 201/724/709 213/734/719 202/725/710
f 202/725/710 213/734/719 214/735/720
f 202/725/710 214/735/720 203/726/711
f 203/726/711 214/735/720 215/736/721
f 203/726/711 215/736/721 204/574/569
f 204/574/569 215/736/721 216/576/571
f 205/155/153 132/157/155 206/727/712
f 206/727/712 132/157/155 217/737/722
f 206/727/712 217/737/722 207/728/713
f 207/728/713 217/737/722 218/738/723
f 207/728/713 218/738/723 208/729/714
f 208/729/714 218/738/723 219/739/724
f 208/729/714 219/739/724 209/730/715
f 209/730/715 219/739/724 220/740/725
f 209/730/715 220/740/725 210/731/716
f 210/731/716 220/740/725 221/741/726
f 210/731/716 221/741/726 211/732/717
f 211/732/717 221/741/726 222/742/727
f 211/732/717 222/742/727 212/733/718
f 212/733/718 222/742/727 223/743/728
f 212/733/718 223/743/728 213/734/719
f 213/734/719 223/743/728 224/744/729
f 213/734/719 224/744/729 214/735/720
f 214/735/720 224/744/729 225/745/730
f 214/735/720 225/745/730 215/736/721
f 215/736/721 225/745/730 226/746/731
f 215/736/721 226/746/731 216/576/571
f 216/576/571 226/746/731 227/578/573
f 132/157/155 239/159/157 217/737/722
f 217/737/722 239/159/157 238/161/159
f 217/737/722 238/161/159 218/738/723
f 218/738/723 238/161/159 237/163/161
f 218/738/723 237/163/161 219/739/724
f 219/739/724 237/163/161 236/165/163
f 219/739/724 236/165/163 220/740/725
f 220/740/725 236/165/163 235/167/165
f 220/740/725 235/167/165 221/741/726
f 221/741/726 235/167/165 234/169/167
f 221/741/726 234/169/167 222/742/727
f 222/742/727 234/169/167 233/171/169
f 222/742/727 233/171/169 223/743/728
f 223/743/728 233/171/169 232/173/171
f 223/743/728 232/173/171 224/744/729
f 224/744/729 232/173/171 231/175/173
f 224/744/729 231/175/173 225/745/730
f 225/745/730 231/175/173 230/177/175
f 225/745/730 230/177/175 226/746/731
f 226/746/731 230/177/175 229/179/177
f 226/746/731 229/179/177 227/578/573
f 300/329/327 313/342/340 301/330/328
f 301/330/328 313/342/340 314/747/732
f 301/330/328 314/747/732 302/331/329
f 302/331/329 314/747/732 315/748/733
f 302/331/329 315/748/733 303/332/330
f 303/332/330 315/748/733 316/749/734
f 303/332/330 316/749/734 304/333/331
f 304/333/331 316/749/734 317/750/735
f 304/333/331 317/750/735 305/334/332
f 305/334/332 317/750/735 318/751/736
f 305/334/332 318/751/736 306/335/333
f 306/335/333 318/751/736 319/752/737
f 306/335/333 319/752/737 307/336/334
f 307/336/334 319/752/737 320/753/738
f 307/336/334 320/753/738 308/337/335
f 308/337/335 320/753/738 321/754/739
f 308/337/335 321/754/739 309/338/336
f 309/338/336 321/754/739 322/755/740
f 309/338/336 322/755/740 310/339/337
f 310/339/337 322/755/740 323/196/194
f 310/339/337 323/196/194 311/193/191
f 313/342/340 326/344/342 314/747/732
f 314/747/732 326/344/342 327/756/741
f 314/747/732 327/756/741 315/748/733
f 315/748/733 327/756/741 328/757/742
f 315/748/733 328/757/742 316/749/734
f 316/749/734 328/757/742 329/758/743
f 316/749/734 329/758/743 317/750/735
f 317/750/735 329/758/743 330/759/744
f 317/750/735 330/759/744 318/751/736
f 318/751/736 330/759/744 331/760/745
f 318/751/736 331/760/745 319/752/737
f 319/752/737 331/760/745 332/761/746
f 319/752/737 332/761/746 320/753/738
f 320/753/738 332/761/746 333/762/747
f 320/753/738 333/762/747 321/754/739
f 321/754/739 333/762/747 334/763/748
f 321/754/739 334/763/748 322/755/740
f 322/755/740 334/763/748 335/198/196
f 322/755/740 335/198/196 323/196/194
f 326/344/342 356/346/344 327/756/741
f 327/756/741 356/346/344 355/764/749
f 327/756/741 355/764/749 328/757/742
f 328/757/742 355/764/749 354/765/750
f 328/757/742 354/765/750 329/758/743
f 329/758/743 354/765/750 353/766/751
f 329/758/743 353/766/751 330/759/744
f 330/759/744 353/766/751 352/767/752
f 330/759/744 352/767/752 331/760/745
f 331/760/745 352/767/752 351/768/753
f 331/760/745 351/768/753 332/761/746
f 332/761/746 351/768/753 350/769/754
f 332/761/746 350/769/754 333/762/747
f 333/762/747 350/769/754 349/770/755
f 333/762/747 349/770/755 334/763/748
f 334/763/748 349/770/755 348/200/198
f 334/763/748 348/200/198 335/198/196
f 336/376/374 337/771/756 131/374/372
f 131/374/372 337/771/756 358/364/362
f 131/374/372 358/364/362 324/363/361
f 358/364/362 337/771/756 338/365/363
f 338/365/363 337/771/756 361/772/757
f 338/365/363 361/772/757 362/366/364
f 362/366/364 361/772/757 374/773/758
f 362/366/364 374/773/758 375/367/365
f 375/367/365 374/773/758 387/774/759
f 375/367/365 387/774/759 388/368/366
f 388/368/366 387/774/759 400/775/760
f 388/368/366 400/775/760 401/369/367
f 401/369/367 400/775/760 413/776/761
f 401/369/367 413/776/761 414/370/368
f 414/370/368 413/776/761 425/777/762
f 414/370/368 425/777/762 426/371/369
f 426/371/369 425/777/762 445/778/763
f 426/371/369 445/778/763 444/372/370
f 444/372/370 445/778/763 439/779/764
f 444/372/370 439/779/764 440/373/371
f 440/373/371 439/779/764 464/780/765
f 440/373/371 464/780/765 465/220/218
f 465/220/218 464/780/765 477/222/220
f 337/771/756 336/376/374 360/781/766
f 360/781/766 336/376/374 359/378/376
f 360/781/766 359/378/376 372/782/767
f 372/782/767 359/378/376 371/380/378
f 372/782/767 371/380/378 384/783/768
f 384/783/768 371/380/378 383/382/380
f 384/783/768 383/382/380 396/784/769
f 396/784/769 383/382/380 395/384/382
f 396/784/769 395/384/382 408/785/770
f 408/785/770 395/384/382 407/386/384
f 408/785/770 407/386/384 419/786/771
f 419/786/771 407/386/384 130/388/386
f 419/786/771 130/388/386 452/787/772
f 452/787/772 130/388/386 453/390/388
f 452/787/772 453/390/388 431/392/390
f 355/764/749 356/346/344 340/348/346
f 354/765/750 355/764/749 341/788/773
f 341/788/773 355/764/749 340/348/346
f 341/788/773 340/348/346 364/350/348
f 353/766/751 354/765/750 342/789/774
f 342/789/774 354/765/750 341/788/773
f 342/789/774 341/788/773 365/790/775
f 365/790/775 341/788/773 364/350/348
f 365/790/775 364/350/348 377/352/350
f 352/767/752 353/766/751 343/791/776
f 343/791/776 353/766/751 342/789/774
f 343/791/776 342/789/774 366/792/777
f 366/792/777 342/789/774 365/790/775
f 366/792/777 365/790/775 378/793/778
f 378/793/778 365/790/775 377/352/350
f 378/793/778 377/352/350 390/354/352
f 351/768/753 352/767/752 344/794/779
f 344/794/779 352/767/752 343/791/776
f 344/794/779 343/791/776 367/795/780
f 367/795/780 343/791/776 366/792/777
f 367/795/780 366/792/777 379/796/781
f 379/796/781 366/792/777 378/793/778
f 379/796/781 378/793/778 391/797/782
f 391/797/782 378/793/778 390/354/352
f 391/797/782 390/354/352 403/356/354
f 350/769/754 351/768/753 345/798/783
f 345/798/783 351/768/753 344/794/779
f 345/798/783 344/794/779 368/799/784
f 368/799/784 344/794/779 367/795/780
f 368/799/784 367/795/780 380/800/785
f 380/800/785 367/795/780 379/796/781
f 380/800/785 379/796/781 392/801/786
f 392/801/786 379/796/781 391/797/782
f 392/801/786 391/797/782 404/802/787
f 404/802/787 391/797/782 403/356/354
f 404/802/787 403/356/354 416/358/356
f 349/770/755 350/769/754 346/803/788
f 346/803/788 350/769/754 345/798/783
f 346/803/788 345/798/783 369/804/789
f 369/804/789 345/798/783 368/799/784
f 369/804/789 368/799/784 381/805/790
f 381/805/790 368/799/784 380/800/785
f 381/805/790 380/800/785 393/806/791
f 393/806/791 380/800/785 392/801/786
f 393/806/791 392/801/786 405/807/792
f 405/807/792 392/801/786 404/802/787
f 405/807/792 404/802/787 417/808/793
f 417/808/793 404/802/787 416/358/356
f 417/808/793 416/358/356 428/360/358
f 348/200/198 349/770/755 347/202/200
f 347/202/200 349/770/755 346/803/788
f 347/202/200 346/803/788 370/204/202
f 370/204/202 346/803/788 369/804/789
f 370/204/202 369/804/789 382/206/204
f 382/206/204 369/804/789 381/805/790
f 382/206/204 381/805/790 394/208/206
f 394/208/206 381/805/790 393/806/791
f 394/208/206 393/806/791 406/210/208
f 406/210/208 393/806/791 405/807/792
f 406/210/208 405/807/792 418/212/210
f 418/212/210 405/807/792 417/808/793
f 418/212/210 417/808/793 429/214/212
f 429/214/212 417/808/793 428/360/358
f 429/214/212 428/360/358 442/216/214
f 337/771/756 360/781/766 361/772/757
f 361/772/757 360/781/766 373/809/794
f 361/772/757 373/809/794 374/773/758
f 374/773/758 373/809/794 386/810/795
f 374/773/758 386/810/795 387/774/759
f 387/774/759 386/810/795 399/811/796
f 387/774/759 399/811/796 400/775/760
f 400/775/760 399/811/796 412/812/797
f 400/775/760 412/812/797 413/776/761
f 413/776/761 412/812/797 424/813/798
f 413/776/761 424/813/798 425/777/762
f 425/777/762 424/813/798 446/814/799
f 425/777/762 446/814/799 445/778/763
f 445/778/763 446/814/799 438/815/800
f 445/778/763 438/815/800 439/779/764
f 439/779/764 438/815/800 463/816/801
f 439/779/764 463/816/801 464/780/765
f 464/780/765 463/816/801 476/817/802
f 464/780/765 476/817/802 477/222/220
f 477/222/220 476/817/802 489/224/222
f 373/809/794 360/781/766 372/782/767
f 373/809/794 372/782/767 385/818/803
f 385/818/803 372/782/767 384/783/768
f 385/818/803 384/783/768 397/819/804
f 397/819/804 384/783/768 396/784/769
f 397/819/804 396/784/769 409/820/805
f 409/820/805 396/784/769 408/785/770
f 409/820/805 408/785/770 420/821/806
f 420/821/806 408/785/770 419/786/771
f 420/821/806 419/786/771 451/822/807
f 451/822/807 419/786/771 452/787/772
f 451/822/807 452/787/772 432/823/808
f 432/823/808 452/787/772 431/392/390
f 432/823/808 431/392/390 456/394/392
f 373/809/794 385/818/803 386/810/795
f 386/810/795 385/818/803 398/824/809
f 386/810/795 398/824/809 399/811/796
f 399/811/796 398/824/809 411/825/810
f 399/811/796 411/825/810 412/812/797
f 412/812/797 411/825/810 423/826/811
f 412/812/797 423/826/811 424/813/798
f 424/813/798 423/826/811 447/827/812
f 424/813/798 447/827/812 446/814/799
f 446/814/799 447/827/812 437/828/813
f 446/814/799 437/828/813 438/815/800
f 438/815/800 437/828/813 462/829/814
f 438/815/800 462/829/814 463/816/801
f 463/816/801 462/829/814 475/830/815
f 463/816/801 475/830/815 476/817/802
f 476/817/802 475/830/815 488/831/816
f 476/817/802 488/831/816 489/224/222
f 489/224/222 488/831/816 501/226/224
f 398/824/809 385/818/803 397/819/804
f 398/824/809 397/819/804 410/832/817
f 410/832/817 397/819/804 409/820/805
f 410/832/817 409/820/805 421/833/818
f 421/833/818 409/820/805 420/821/806
f 421/833/818 420/821/806 450/834/819
f 450/834/819 420/821/806 451/822/807
f 450/834/819 451/822/807 433/835/820
f 433/835/820 451/822/807 432/823/808
f 433/835/820 432/823/808 457/836/821
f 457/836/821 432/823/808 456/394/392
f 457/836/821 456/394/392 469/396/394
f 398/824/809 410/832/817 411/825/810
f 411/825/810 410/832/817 422/837/822
f 411/825/810 422/837/822 423/826/811
f 423/826/811 422/837/822 448/838/823
f 423/826/811 448/838/823 447/827/812
f 447/827/812 448/838/823 436/839/824
f 447/827/812 436/839/824 437/828/813
f 437/828/813 436/839/824 461/840/825
f 437/828/813 461/840/825 462/829/814
f 462/829/814 461/840/825 474/841/826
f 462/829/814 474/841/826 475/830/815
f 475/830/815 474/841/826 487/842/827
f 475/830/815 487/842/827 488/831/816
f 488/831/816 487/842/827 500/843/828
f 488/831/816 500/843/828 501/226/224
f 501/226/224 500/843/828 513/228/226
f 422/837/822 410/832/817 421/833/818
f 422/837/822 421/833/818 449/844/829
f 449/844/829 421/833/818 450/834/819
f 449/844/829 450/834/819 434/845/830
f 434/845/830 450/834/819 433/835/820
f 434/845/830 433/835/820 458/846/831
f 458/846/831 433/835/820 457/836/821
f 458/846/831 457/836/821 470/847/832
f 470/847/832 457/836/821 469/396/394
f 470/847/832 469/396/394 482/398/396
f 434/845/830 435/848/833 449/844/829
f 449/844/829 435/848/833 448/838/823
f 449/844/829 448/838/823 422/837/822
f 448/838/823 435/848/833 436/839/824
f 436/839/824 435/848/833 460/849/834
f 436/839/824 460/849/834 461/840/825
f 461/840/825 460/849/834 473/850/835
f 461/840/825 473/850/835 474/841/826
f 474/841/826 473/850/835 486/851/836
f 474/841/826 486/851/836 487/842/827
f 487/842/827 486/851/836 499/852/837
f 487/842/827 499/852/837 500/843/828
f 500/843/828 499/852/837 512/853/838
f 500/843/828 512/853/838 513/228/226
f 513/228/226 512/853/838 525/230/228
f 435/848/833 434/845/830 459/854/839
f 459/854/839 434/845/830 458/846/831
f 459/854/839 458/846/831 471/855/840
f 471/855/840 458/846/831 470/847/832
f 471/855/840 470/847/832 483/856/841
f 483/856/841 470/847/832 482/398/396
f 483/856/841 482/398/396 495/400/398
f 435/848/833 459/854/839 460/849/834
f 460/849/834 459/854/839 472/857/842
f 460/849/834 472/857/842 473/850/835
f 473/850/835 472/857/842 485/858/843
f 473/850/835 485/858/843 486/851/836
f 486/851/836 485/858/843 498/859/844
f 486/851/836 498/859/844 499/852/837
f 499/852/837 498/859/844 511/860/845
f 499/852/837 511/860/845 512/853/838
f 512/853/838 511/860/845 524/861/846
f 512/853/838 524/861/846 525/230/228
f 525/230/228 524/861/846 537/232/230
f 472/857/842 459/854/839 471/855/840
f 472/857/842 471/855/840 484/862/847
f 484/862/847 471/855/840 483/856/841
f 484/862/847 483/856/841 496/863/848
f 496/863/848 483/856/841 495/400/398
f 496/863/848 495/400/398 508/402/400
f 472/857/842 484/862/847 485/858/843
f 485/858/843 484/862/847 497/864/849
f 485/858/843 497/864/849 498/859/844
f 498/859/844 497/864/849 510/865/850
f 498/859/844 510/865/850 511/860/845
f 511/860/845 510/865/850 523/866/851
f 511/860/845 523/866/851 524/861/846
f 524/861/846 523/866/851 536/867/852
f 524/861/846 536/867/852 537/232/230
f 537/232/230 536/867/852 550/234/232
f 497/864/849 484/862/847 496/863/848
f 497/864/849 496/863/848 509/868/853
f 509/868/853 496/863/848 508/402/400
f 509/868/853 508/402/400 521/404/402
f 497/864/849 509/868/853 510/865/850
f 510/865/850 509/868/853 522/869/854
f 510/865/850 522/869/854 523/866/851
f 523/866/851 522/869/854 535/870/855
f 523/866/851 535/870/855 536/867/852
f 536/867/852 535/870/855 551/871/856
f 536/867/852 551/871/856 550/234/232
f 550/234/232 551/871/856 549/236/234
f 522/869/854 509/868/853 521/404/402
f 535/870/855 522/869/854 534/406/404
f 534/406/404 522/869/854 521/404/402
f 551/871/856 535/870/855 552/408/406
f 552/408/406 535/870/855 534/406/404
f 538/498/496 539/872/857 129/496/494
f 129/496/494 539/872/857 560/486/484
f 129/496/494 560/486/484 526/485/483
f 560/486/484 539/872/857 540/487/485
f 540/487/485 539/872/857 563/873/858
f 540/487/485 563/873/858 564/488/486
f 564/488/486 563/873/858 576/874/859
f 564/488/486 576/874/859 577/489/487
f 577/489/487 576/874/859 589/875/860
f 577/489/487 589/875/860 590/490/488
f 590/490/488 589/875/860 602/876/861
f 590/490/488 602/876/861 603/491/489
f 603/491/489 602/876/861 615/877/862
f 603/491/489 615/877/862 616/492/490
f 616/492/490 615/877/862 627/878/863
f 616/492/490 627/878/863 628/493/491
f 628/493/491 627/878/863 647/879/864
f 628/493/491 647/879/864 646/494/492
f 646/494/492 647/879/864 641/880/865
f 646/494/492 641/880/865 642/495/493
f 642/495/493 641/880/865 666/881/866
f 642/495/493 666/881/866 667/254/252
f 667/254/252 666/881/866 678/256/254
f 539/872/857 538/498/496 562/882/867
f 562/882/867 538/498/496 561/500/498
f 562/882/867 561/500/498 574/883/868
f 574/883/868 561/500/498 573/502/500
f 574/883/868 573/502/500 586/884/869
f 586/884/869 573/502/500 585/504/502
f 586/884/869 585/504/502 598/885/870
f 598/885/870 585/504/502 597/506/504
f 598/885/870 597/506/504 610/886/871
f 610/886/871 597/506/504 609/508/506
f 610/886/871 609/508/506 621/887/872
f 621/887/872 609/508/506 128/510/508
f 621/887/872 128/510/508 654/888/873
f 654/888/873 128/510/508 655/512/510
f 654/888/873 655/512/510 633/514/512
f 551/871/856 552/408/406 548/410/408
f 572/238/236 549/236/234 548/410/408
f 548/410/408 549/236/234 551/871/856
f 539/872/857 562/882/867 563/873/858
f 563/873/858 562/882/867 575/889/874
f 563/873/858 575/889/874 576/874/859
f 576/874/859 575/889/874 588/890/875
f 576/874/859 588/890/875 589/875/860
f 589/875/860 588/890/875 601/891/876
f 589/875/860 601/891/876 602/876/861
f 602/876/861 601/891/876 614/892/877
f 602/876/861 614/892/877 615/877/862
f 615/877/862 614/892/877 626/893/878
f 615/877/862 626/893/878 627/878/863
f 627/878/863 626/893/878 648/894/879
f 627/878/863 648/894/879 647/879/864
f 647/879/864 648/894/879 640/895/880
f 647/879/864 640/895/880 641/880/865
f 641/880/865 640/895/880 665/896/881
f 641/880/865 665/896/881 666/881/866
f 666/881/866 665/896/881 677/897/882
f 666/881/866 677/897/882 678/256/254
f 678/256/254 677/897/882 689/258/256
f 575/889/874 562/882/867 574/883/868
f 575/889/874 574/883/868 587/898/883
f 587/898/883 574/883/868 586/884/869
f 587/898/883 586/884/869 599/899/884
f 599/899/884 586/884/869 598/885/870
f 599/899/884 598/885/870 611/900/885
f 611/900/885 598/885/870 610/886/871
f 611/900/885 610/886/871 622/901/886
f 622/901/886 610/886/871 621/887/872
f 622/901/886 621/887/872 653/902/887
f 653/902/887 621/887/872 654/888/873
f 653/902/887 654/888/873 634/903/888
f 634/903/888 654/888/873 633/514/512
f 634/903/888 633/514/512 658/516/514
f 575/889/874 587/898/883 588/890/875
f 588/890/875 587/898/883 600/904/889
f 588/890/875 600/904/889 601/891/876
f 601/891/876 600/904/889 613/905/890
f 601/891/876 613/905/890 614/892/877
f 614/892/877 613/905/890 625/906/891
f 614/892/877 625/906/891 626/893/878
f 626/893/878 625/906/891 649/907/892
f 626/893/878 649/907/892 648/894/879
f 648/894/879 649/907/892 639/908/893
f 648/894/879 639/908/893 640/895/880
f 640/895/880 639/908/893 664/909/894
f 640/895/880 664/909/894 665/896/881
f 665/896/881 664/909/894 676/910/895
f 665/896/881 676/910/895 677/897/882
f 677/897/882 676/910/895 688/911/896
f 677/897/882 688/911/896 689/258/256
f 689/258/256 688/911/896 700/260/258
f 600/904/889 587/898/883 599/899/884
f 600/904/889 599/899/884 612/912/897
f 612/912/897 599/899/884 611/900/885
f 612/912/897 611/900/885 623/913/898
f 623/913/898 611/900/885 622/901/886
f 623/913/898 622/901/886 652/914/899
f 652/914/899 622/901/886 653/902/887
f 652/914/899 653/902/887 635/915/900
f 635/915/900 653/902/887 634/903/888
f 635/915/900 634/903/888 659/916/901
f 659/916/901 634/903/888 658/516/514
f 659/916/901 658/516/514 670/518/516
f 600/904/889 612/912/897 613/905/890
f 613/905/890 612/912/897 624/917/902
f 613/905/890 624/917/902 625/906/891
f 625/906/891 624/917/902 650/918/903
f 625/906/891 650/918/903 649/907/892
f 649/907/892 650/918/903 638/919/904
f 649/907/892 638/919/904 639/908/893
f 639/908/893 638/919/904 663/920/905
f 639/908/893 663/920/905 664/909/894
f 664/909/894 663/920/905 675/921/906
f 664/909/894 675/921/906 676/910/895
f 676/910/895 675/921/906 687/922/907
f 676/910/895 687/922/907 688/911/896
f 688/911/896 687/922/907 699/923/908
f 688/911/896 699/923/908 700/260/258
f 700/260/258 699/923/908 711/262/260
f 624/917/902 612/912/897 623/913/898
f 624/917/902 623/913/898 651/924/909
f 651/924/909 623/913/898 652/914/899
f 651/924/909 652/914/899 636/925/910
f 636/925/910 652/914/899 635/915/900
f 636/925/910 635/915/900 660/926/911
f 660/926/911 635/915/900 659/916/901
f 660/926/911 659/916/901 671/927/912
f 671/927/912 659/916/901 670/518/516
f 671/927/912 670/518/516 682/520/518
f 636/925/910 637/928/913 651/924/909
f 651/924/909 637/928/913 650/918/903
f 651/924/909 650/918/903 624/917/902
f 650/918/903 637/928/913 638/919/904
f 638/919/904 637/928/913 662/929/914
f 638/919/904 662/929/914 663/920/905
f 663/920/905 662/929/914 674/930/915
f 663/920/905 674/930/915 675/921/906
f 675/921/906 674/930/915 686/931/916
f 675/921/906 686/931/916 687/922/907
f 687/922/907 686/931/916 698/932/917
f 687/922/907 698/932/917 699/923/908
f 699/923/908 698/932/917 710/933/918
f 699/923/908 710/933/918 711/262/260
f 711/262/260 710/933/918 722/264/262
f 637/928/913 636/925/910 661/934/919
f 661/934/919 636/925/910 660/926/911
f 661/934/919 660/926/911 672/935/920
f 672/935/920 660/926/911 671/927/912
f 672/935/920 671/927/912 683/936/921
f 683/936/921 671/927/912 682/520/518
f 683/936/921 682/520/518 694/522/520
f 637/928/913 661/934/919 662/929/914
f 662/929/914 661/934/919 673/937/922
f 662/929/914 673/937/922 674/930/915
f 674/930/915 673/937/922 685/938/923
f 674/930/915 685/938/923 686/931/916
f 686/931/916 685/938/923 697/939/924
f 686/931/916 697/939/924 698/932/917
f 698/932/917 697/939/924 709/940/925
f 698/932/917 709/940/925 710/933/918
f 710/933/918 709/940/925 721/941/926
f 710/933/918 721/941/926 722/264/262
f 722/264/262 721/941/926 733/266/264
f 673/937/922 661/934/919 672/935/920
f 673/937/922 672/935/920 684/942/927
f 684/942/927 672/935/920 683/936/921
f 684/942/927 683/936/921 695/943/928
f 695/943/928 683/936/921 694/522/520
f 695/943/928 694/522/520 706/524/522
f 691/600/595 679/255/253 690/257/255
f 673/937/922 684/942/927 685/938/923
f 685/938/923 684/942/927 696/944/929
f 685/938/923 696/944/929 697/939/924
f 697/939/924 696/944/929 708/945/930
f 697/939/924 708/945/930 709/940/925
f 709/940/925 708/945/930 720/946/931
f 709/940/925 720/946/931 721/941/926
f 721/941/926 720/946/931 732/947/932
f 721/941/926 732/947/932 733/266/264
f 733/266/264 732/947/932 747/268/266
f 696/944/929 684/942/927 695/943/928
f 691/600/595 690/257/255 702/948/933
f 702/948/933 690/257/255 701/259/257
f 702/948/933 701/259/257 713/949/934
f 713/949/934 701/259/257 712/261/259
f 713/949/934 712/261/259 724/950/935
f 724/950/935 712/261/259 723/263/261
f 724/950/935 723/263/261 735/951/936
f 735/951/936 723/263/261 734/265/263
f 735/951/936 734/265/263 745/952/937
f 745/952/937 734/265/263 746/267/265
f 745/952/937 746/267/265 756/953/938
f 756/953/938 746/267/265 755/269/267
f 756/953/938 755/269/267 767/954/939
f 767/954/939 755/269/267 766/271/269
f 767/954/939 766/271/269 778/955/940
f 778/955/940 766/271/269 777/273/271
f 778/955/940 777/273/271 789/956/941
f 789/956/941 777/273/271 788/275/273
f 789/956/941 788/275/273 800/957/942
f 800/957/942 788/275/273 799/277/275
f 800/957/942 799/277/275 811/556/554
f 696/944/929 695/943/928 707/958/943
f 707/958/943 695/943/928 706/524/522
f 707/958/943 706/524/522 718/526/524
f 714/140/138 703/142/140 702/948/933
f 702/948/933 703/142/140 691/600/595
f 714/140/138 702/948/933 713/949/934
f 696/944/929 707/958/943 708/945/930
f 708/945/930 707/958/943 719/959/944
f 708/945/930 719/959/944 720/946/931
f 720/946/931 719/959/944 731/960/945
f 720/946/931 731/960/945 732/947/932
f 732/947/932 731/960/945 748/961/946
f 732/947/932 748/961/946 747/268/266
f 747/268/266 748/961/946 754/270/268
f 719/959/944 707/958/943 718/526/524
f 725/138/136 714/140/138 713/949/934
f 725/138/136 713/949/934 724/950/935
f 731/960/945 719/959/944 730/528/526
f 730/528/526 719/959/944 718/526/524
f 736/136/134 725/138/136 724/950/935
f 736/136/134 724/950/935 735/951/936
f 748/961/946 731/960/945 749/530/528
f 749/530/528 731/960/945 730/528/526
f 744/134/132 736/136/134 735/951/936
f 744/134/132 735/951/936 745/952/937
f 744/134/132 745/952/937 757/132/130
f 757/132/130 745/952/937 756/953/938
f 757/132/130 756/953/938 768/130/128
f 768/130/128 756/953/938 767/954/939
f 768/130/128 767/954/939 779/128/126
f 779/128/126 767/954/939 778/955/940
f 779/128/126 778/955/940 790/126/124
f 790/126/124 778/955/940 789/956/941
f 790/126/124 789/956/941 801/124/122
f 801/124/122 789/956/941 800/957/942
f 801/124/122 800/957/942 812/122/120
f 812/122/120 800/957/942 811/556/554
f 812/122/120 811/556/554 114/119/118
f 754/270/268 748/961/946 753/532/530
f 753/532/530 748/961/946 749/530/528
f 765/272/270 754/270/268 753/532/530
# 833 vertices
# 961 texture params
# 946 normals
# 1662 facets

# 1 groups
